match_id,uefa_verification_status,uefa_score_changed,uefa_kickoff_changed,uefa_team_identity_changed,fotmob_date_feed_status,fotmob_candidate_count,fotmob_source_match_id,fotmob_home_team_id,fotmob_away_team_id,fotmob_home_team_name,fotmob_away_team_name,home_similarity,away_similarity,pair_similarity,runner_up_similarity,identity_accepted,identity_resolution,fotmob_fetch_status,detail_identity_verified,detail_score_verified,detail_chronology_verified,xg_disposition
202526-0003,LIVE_REFRESH_VERIFIED,False,False,False,OK,6,4812254,1693,175682,KuPS,FC Milsami Orhei,1,1,1,0.2109090909,True,utc_time_competition_score_high_confidence_name,OK,True,True,True,NO_PUBLIC_XG
202526-0007,LIVE_REFRESH_VERIFIED,False,False,False,OK,1,4812256,480291,10237,Iberia 1999,Malmö FF,1,1,1,0,True,utc_time_competition_score_high_confidence_name,OK,True,True,True,NO_PUBLIC_XG
202526-0025,LIVE_REFRESH_VERIFIED,False,False,False,OK,6,4812265,866111,8627,FC Noah,Buducnost Podgorica,1,1,1,0.2852664577,True,utc_time_competition_score_high_confidence_name,OK,True,True,True,NO_PUBLIC_XG
202526-0591,LIVE_REFRESH_VERIFIED,False,False,False,OK,1,4813062,631395,1703,St Joseph's,Cliftonville,1,1,1,0,True,utc_time_competition_score_high_confidence_name,OK,True,True,True,NO_PUBLIC_XG
202526-0009,LIVE_REFRESH_VERIFIED,False,False,False,OK,1,4812257,1588,248871,FCI Levadia,RFS,0.6363636364,1,0.8181818182,0,True,unique_utc_time_competition_score_alias,OK,True,True,True,NO_PUBLIC_XG
202526-0023,LIVE_REFRESH_VERIFIED,False,False,False,OK,1,4812264,7872,8037,Olimpija Ljubljana,Kairat Almaty,1,1,1,0,True,utc_time_competition_score_high_confidence_name,OK,True,True,True,NO_PUBLIC_XG
202526-0587,LIVE_REFRESH_VERIFIED,False,False,False,OK,1,4813038,1580,2194,Floriana,Haverfordwest,1,0.7878787879,0.8939393939,0,True,utc_time_competition_score_high_confidence_name,OK,True,True,True,NO_PUBLIC_XG
202526-0005,LIVE_REFRESH_VERIFIED,False,False,False,OK,1,4812255,7852,2234,TNS,KF Shkendija,1,0.8571428571,0.9285714286,0,True,utc_time_competition_score_high_confidence_name,OK,True,True,True,NO_PUBLIC_XG
202526-0011,LIVE_REFRESH_VERIFIED,False,False,False,OK,6,4812258,784771,7951,Drita,FC Differdange 03,1,1,1,0.3277591973,True,utc_time_competition_score_high_confidence_name,OK,True,True,True,NO_PUBLIC_XG
202526-0013,LIVE_REFRESH_VERIFIED,False,False,False,OK,1,4812259,4666,545012,Vikingur,Lincoln Red Imps FC,1,1,1,0,True,utc_time_competition_score_high_confidence_name,OK,True,True,True,NO_PUBLIC_XG
202526-0015,LIVE_REFRESH_VERIFIED,False,False,False,OK,6,4812260,10039,8332,Egnatia,Breidablik,0.56,1,0.78,0.2929292929,True,separated_utc_time_competition_score_alias,OK,True,True,True,NO_PUBLIC_XG
202526-0021,LIVE_REFRESH_VERIFIED,False,False,False,OK,1,4812263,163539,10107,Virtus Acquaviva,Zrinjski Mostar,0.5454545455,1,0.7727272727,0,True,unique_utc_time_competition_score_alias,OK,True,True,True,NO_PUBLIC_XG
202526-0001,LIVE_REFRESH_VERIFIED,False,False,False,OK,1,4812253,4616,4528,Zalgiris Vilnius,Hamrun Spartans,1,1,1,0,True,utc_time_competition_score_high_confidence_name,OK,True,True,True,NO_PUBLIC_XG
202526-0019,LIVE_REFRESH_VERIFIED,False,False,False,OK,1,4812262,9723,10050,FCSB,Inter Club d'Escaldes,1,1,1,0,True,utc_time_competition_score_high_confidence_name,OK,True,True,True,NO_PUBLIC_XG
202526-0027,LIVE_REFRESH_VERIFIED,False,False,False,OK,6,4812266,210173,10058,Ludogorets Razgrad,Dinamo Minsk,1,1,1,0.3277591973,True,utc_time_competition_score_high_confidence_name,OK,True,True,True,NO_PUBLIC_XG
202526-0017,LIVE_REFRESH_VERIFIED,False,False,False,OK,6,4812261,5751,7971,Shelbourne,Linfield,1,0.6666666667,0.8333333333,0.2142857143,True,separated_utc_time_competition_score_alias,OK,True,True,True,NO_PUBLIC_XG
202526-0573,LIVE_REFRESH_VERIFIED,False,False,False,OK,2,4813046,10044,4548,Atletic Escaldes,F91 Dudelange,0.9411764706,1,0.9705882353,0.1954887218,True,utc_time_competition_score_high_confidence_name,OK,True,True,True,NO_PUBLIC_XG
202526-0557,LIVE_REFRESH_VERIFIED,False,False,False,OK,1,4813042,1080103,163540,Bruno's Magpies,Paide Linnameeskond,0.6923076923,1,0.8461538462,0,True,unique_utc_time_competition_score_alias,OK,True,True,True,NO_PUBLIC_XG
202526-0288,LIVE_REFRESH_VERIFIED,False,False,False,OK,1,4812366,951893,4622,Sabah FK,NK Celje,1,1,1,0,True,utc_time_competition_score_high_confidence_name,OK,True,True,True,NO_PUBLIC_XG
202526-0561,LIVE_REFRESH_VERIFIED,False,False,False,OK,1,4813020,2216,2127,Torpedo Kutaisi,Ordabasy Shymkent,1,1,1,0,True,utc_time_competition_score_high_confidence_name,OK,True,True,True,NO_PUBLIC_XG
202526-0577,LIVE_REFRESH_VERIFIED,False,False,False,OK,4,4813024,162162,8106,SJK,Klaksvik,0.375,0.8421052632,0.6085526316,0.2833333333,True,separated_utc_time_competition_score_alias,OK,True,True,True,NO_PUBLIC_XG
202526-0583,LIVE_REFRESH_VERIFIED,False,False,False,OK,4,4813060,439132,474592,FK Kauno Zalgiris,Penybont,1,1,1,0.3045977011,True,utc_time_competition_score_high_confidence_name,OK,True,True,True,NO_PUBLIC_XG
202526-0294,LIVE_REFRESH_VERIFIED,False,False,False,OK,2,4812369,7797,7998,AEK Larnaca,Partizan Beograd,1,0.9090909091,0.9545454545,0.4139130435,True,utc_time_competition_score_high_confidence_name,OK,True,True,True,NO_PUBLIC_XG
202526-0567,LIVE_REFRESH_VERIFIED,False,False,False,OK,4,4813056,7979,10061,Urartu FC,Neman Grodno,1,1,1,0.2594417077,True,utc_time_competition_score_high_confidence_name,OK,True,True,True,NO_PUBLIC_XG
202526-0597,LIVE_REFRESH_VERIFIED,False,False,False,OK,4,4813052,2110,2217,Racing FC Union Luxembourg,Dila Gori,1,1,1,0.2939244663,True,utc_time_competition_score_high_confidence_name,OK,True,True,True,NO_PUBLIC_XG
202526-0585,LIVE_REFRESH_VERIFIED,False,False,False,OK,2,4813026,112484,10028,Nomme JK Kalju,Partizani,0.4,0.72,0.56,0.2316017316,True,separated_utc_time_competition_score_alias,OK,True,True,True,NO_PUBLIC_XG
202526-0284,LIVE_REFRESH_VERIFIED,False,False,False,OK,1,4812364,9729,674506,FC Sheriff,FC Prishtina,0.6086956522,1,0.8043478261,0,True,unique_utc_time_competition_score_alias,OK,True,True,True,NO_PUBLIC_XG
202526-0296,LIVE_REFRESH_VERIFIED,False,False,False,OK,2,4812370,7986,9731,Paksi SE,CFR Cluj,0.7692307692,1,0.8846153846,0.1388235294,True,utc_time_competition_score_high_confidence_name,OK,True,True,True,ACCEPTED
202526-0292,LIVE_REFRESH_VERIFIED,False,False,False,OK,2,4812368,8632,9754,Levski Sofia,Hapoel Beer Sheva,1,1,1,0.28,True,utc_time_competition_score_high_confidence_name,OK,True,True,True,NO_PUBLIC_XG
202526-0282,LIVE_REFRESH_VERIFIED,False,False,False,OK,1,4812363,9728,162146,Shakhtar Donetsk,Ilves,1,0.5555555556,0.7777777778,0,True,unique_utc_time_competition_score_alias,OK,True,True,True,NO_PUBLIC_XG
202526-0559,LIVE_REFRESH_VERIFIED,False,False,False,OK,2,4813054,10034,197864,Vllaznia,BFC Daugavpils,0.6666666667,1,0.8333333333,0.325,True,separated_utc_time_competition_score_alias,OK,True,True,True,NO_PUBLIC_XG
202526-0563,LIVE_REFRESH_VERIFIED,False,False,False,OK,2,4813032,8100,6187,Decic Tuzi,FK Sileks,1,0.6,0.8,0.2279202279,True,separated_utc_time_competition_score_alias,OK,True,True,True,NO_PUBLIC_XG
202526-0565,LIVE_REFRESH_VERIFIED,False,False,False,OK,3,4813044,8001,561981,Birkirkara,CS Petrocub,1,0.5714285714,0.7857142857,0.2883295195,True,separated_utc_time_competition_score_alias,OK,True,True,True,NO_PUBLIC_XG
202526-0595,LIVE_REFRESH_VERIFIED,False,False,False,OK,4,4813040,10072,8138,Torpedo Zhodino,Rabotnicki,1,0.7407407407,0.8703703704,0.2579310345,True,utc_time_competition_score_high_confidence_name,OK,True,True,True,NO_PUBLIC_XG
202526-0286,LIVE_REFRESH_VERIFIED,False,False,False,OK,1,4812365,4662,8428,Spartak Trnava,Häcken,1,0.8,0.9,0,True,utc_time_competition_score_high_confidence_name,OK,True,True,True,NO_PUBLIC_XG
202526-0589,LIVE_REFRESH_VERIFIED,False,False,False,OK,2,4813050,1273410,6017,Malisheva,Vikingur Reykjavik,0.8571428571,1,0.9285714286,0.275,True,utc_time_competition_score_high_confidence_name,OK,True,True,True,NO_PUBLIC_XG
202526-0569,LIVE_REFRESH_VERIFIED,False,False,False,OK,2,4813022,10108,5772,Zeljeznicar,Koper,0.7096774194,1,0.8548387097,0.231092437,True,utc_time_competition_score_high_confidence_name,OK,True,True,True,NO_PUBLIC_XG
202526-0571,LIVE_REFRESH_VERIFIED,False,False,False,OK,4,4813034,2245,10065,Sutjeska,Dynamo Brest,0.6956521739,1,0.847826087,0.2694235589,True,separated_utc_time_competition_score_alias,OK,True,True,True,NO_PUBLIC_XG
202526-0575,LIVE_REFRESH_VERIFIED,False,False,False,OK,4,4813059,8041,163541,FK Vardar Skopje,La Fiorita Montegiardino,1,0.5882352941,0.7941176471,0.384057971,True,separated_utc_time_competition_score_alias,OK,True,True,True,NO_PUBLIC_XG
202526-0553,LIVE_REFRESH_VERIFIED,False,False,False,OK,1,4813018,8110,9861,NSI Runavik,HJK,1,0.4,0.7,0,True,unique_utc_time_competition_score_alias,OK,True,True,True,NO_PUBLIC_XG
202526-0555,LIVE_REFRESH_VERIFIED,False,False,False,OK,3,4813030,1854,736555,St. Patrick's Athletic,Hegelmann,1,1,1,0.2,True,utc_time_competition_score_high_confidence_name,OK,True,True,True,NO_PUBLIC_XG
202526-0290,LIVE_REFRESH_VERIFIED,False,False,False,OK,2,4812367,8673,8000,Legia Warszawa,Aktobe,0.9230769231,1,0.9615384615,0.3557312253,True,utc_time_competition_score_high_confidence_name,OK,True,True,True,NO_PUBLIC_XG
202526-0579,LIVE_REFRESH_VERIFIED,False,False,False,OK,1,4813036,2206,2106,Larne,Auda,1,1,1,0,True,utc_time_competition_score_high_confidence_name,OK,True,True,True,NO_PUBLIC_XG
202526-0593,LIVE_REFRESH_VERIFIED,False,False,False,OK,3,4813028,163543,6345,Tre Fiori,Pyunik,1,0.6,0.8,0.3072463768,True,separated_utc_time_competition_score_alias,OK,True,True,True,NO_PUBLIC_XG
202526-0599,LIVE_REFRESH_VERIFIED,False,False,False,OK,1,4813064,10116,10042,Borac Banja Luka,FC Santa Coloma,1,1,1,0,True,utc_time_competition_score_high_confidence_name,OK,True,True,True,NO_PUBLIC_XG
202526-0581,LIVE_REFRESH_VERIFIED,False,False,False,OK,4,4813048,8064,8155,Valur,Flora Tallinn,0.5,1,0.75,0.4218146718,True,separated_utc_time_competition_score_alias,OK,True,True,True,NO_PUBLIC_XG
202526-0024,LIVE_REFRESH_VERIFIED,False,False,False,OK,2,4812278,8037,7872,Kairat Almaty,Olimpija Ljubljana,1,1,1,0.3550420168,True,utc_time_competition_score_high_confidence_name,OK,True,True,True,NO_PUBLIC_XG
202526-0014,LIVE_REFRESH_VERIFIED,False,False,False,OK,2,4812273,545012,4666,Lincoln Red Imps FC,Vikingur,1,1,1,0.2385964912,True,utc_time_competition_score_high_confidence_name,OK,True,True,True,NO_PUBLIC_XG
202526-0002,LIVE_REFRESH_VERIFIED,False,False,False,OK,2,4812267,4528,4616,Hamrun Spartans,Zalgiris Vilnius,1,1,1,0.2605042017,True,utc_time_competition_score_high_confidence_name,OK,True,True,True,NO_PUBLIC_XG
202526-0004,LIVE_REFRESH_VERIFIED,False,False,False,OK,1,4812268,175682,1693,FC Milsami Orhei,KuPS,1,1,1,0,True,utc_time_competition_score_high_confidence_name,OK,True,True,True,NO_PUBLIC_XG
202526-0008,LIVE_REFRESH_VERIFIED,False,False,False,OK,1,4812270,10237,480291,Malmö FF,Iberia 1999,1,1,1,0,True,utc_time_competition_score_high_confidence_name,OK,True,True,True,NO_PUBLIC_XG
202526-0010,LIVE_REFRESH_VERIFIED,False,False,False,OK,2,4812271,248871,1588,RFS,FCI Levadia,1,0.6363636364,0.8181818182,0.2791762014,True,separated_utc_time_competition_score_alias,OK,True,True,True,NO_PUBLIC_XG
202526-0006,LIVE_REFRESH_VERIFIED,False,False,False,OK,3,4812269,2234,7852,KF Shkendija,TNS,0.8571428571,1,0.9285714286,0.2719298246,True,utc_time_competition_score_high_confidence_name,OK,True,True,True,NO_PUBLIC_XG
202526-0012,LIVE_REFRESH_VERIFIED,False,False,False,OK,1,4812272,7951,784771,FC Differdange 03,Drita,1,1,1,0,True,utc_time_competition_score_high_confidence_name,OK,True,True,True,NO_PUBLIC_XG
202526-0020,LIVE_REFRESH_VERIFIED,False,False,False,OK,3,4812276,10050,9723,Inter Club d'Escaldes,FCSB,1,1,1,0.2142857143,True,utc_time_competition_score_high_confidence_name,OK,True,True,True,NO_PUBLIC_XG
202526-0016,LIVE_REFRESH_VERIFIED,False,False,False,OK,1,4812274,8332,10039,Breidablik,Egnatia,1,0.56,0.78,0,True,unique_utc_time_competition_score_alias,OK,True,True,True,NO_PUBLIC_XG
202526-0022,LIVE_REFRESH_VERIFIED,False,False,False,OK,3,4812277,10107,163539,Zrinjski Mostar,Virtus Acquaviva,1,0.5454545455,0.7727272727,0.3333333333,True,separated_utc_time_competition_score_alias,OK,True,True,True,NO_PUBLIC_XG
202526-0026,LIVE_REFRESH_VERIFIED,False,False,False,OK,2,4812279,8627,866111,Buducnost Podgorica,FC Noah,1,1,1,0.219941349,True,utc_time_competition_score_high_confidence_name,OK,True,True,True,NO_PUBLIC_XG
202526-0580,LIVE_REFRESH_VERIFIED,False,False,False,OK,2,4813037,2106,2206,Auda,Larne,1,1,1,0.2380952381,True,utc_time_competition_score_high_confidence_name,OK,True,True,True,NO_PUBLIC_XG
202526-0018,LIVE_REFRESH_VERIFIED,False,False,False,OK,1,4812275,7971,5751,Linfield,Shelbourne,0.6666666667,1,0.8333333333,0,True,unique_utc_time_competition_score_alias,OK,True,True,True,NO_PUBLIC_XG
202526-0028,LIVE_REFRESH_VERIFIED,False,False,False,OK,2,4812280,10058,210173,Dinamo Minsk,Ludogorets Razgrad,1,1,1,0.1876832845,True,utc_time_competition_score_high_confidence_name,OK,True,True,True,NO_PUBLIC_XG
202526-0560,LIVE_REFRESH_VERIFIED,False,False,False,OK,1,4813055,197864,10034,BFC Daugavpils,Vllaznia,1,0.6666666667,0.8333333333,0,True,unique_utc_time_competition_score_alias,OK,True,True,True,NO_PUBLIC_XG
202526-0283,LIVE_REFRESH_VERIFIED,False,False,False,OK,1,4812371,162146,9728,Ilves,Shakhtar Donetsk,0.5555555556,1,0.7777777778,0,True,unique_utc_time_competition_score_alias,OK,True,True,True,NO_PUBLIC_XG
202526-0291,LIVE_REFRESH_VERIFIED,False,False,False,OK,1,4812375,8000,8673,Aktobe,Legia Warszawa,1,0.9230769231,0.9615384615,0,True,utc_time_competition_score_high_confidence_name,OK,True,True,True,NO_PUBLIC_XG
202526-0554,LIVE_REFRESH_VERIFIED,False,False,False,OK,2,4813019,9861,8110,HJK,NSI Runavik,0.4,1,0.7,0.2055555556,True,separated_utc_time_competition_score_alias,OK,True,True,True,NO_PUBLIC_XG
202526-0556,LIVE_REFRESH_VERIFIED,False,False,False,OK,3,4813031,736555,1854,Hegelmann,St. Patrick's Athletic,1,1,1,0.250965251,True,utc_time_competition_score_high_confidence_name,OK,True,True,True,NO_PUBLIC_XG
202526-0562,LIVE_REFRESH_VERIFIED,False,False,False,OK,2,4813021,2127,2216,Ordabasy Shymkent,Torpedo Kutaisi,1,1,1,0.2924137931,True,utc_time_competition_score_high_confidence_name,OK,True,True,True,NO_PUBLIC_XG
202526-0582,LIVE_REFRESH_VERIFIED,False,False,False,OK,1,4813049,8155,8064,Flora Tallinn,Valur,1,0.5,0.75,0,True,unique_utc_time_competition_score_alias,OK,True,True,True,NO_PUBLIC_XG
202526-0594,LIVE_REFRESH_VERIFIED,False,False,False,OK,2,4813029,6345,163543,Pyunik,Tre Fiori,0.6,1,0.8,0.1588235294,True,separated_utc_time_competition_score_alias,OK,True,True,True,NO_PUBLIC_XG
202526-0596,LIVE_REFRESH_VERIFIED,False,False,False,OK,2,4813041,8138,10072,Rabotnicki,Torpedo Zhodino,0.7407407407,1,0.8703703704,0.2228116711,True,utc_time_competition_score_high_confidence_name,OK,True,True,True,NO_PUBLIC_XG
202526-0598,LIVE_REFRESH_VERIFIED,False,False,False,OK,1,4813053,2217,2110,Dila Gori,Racing FC Union Luxembourg,1,1,1,0,True,utc_time_competition_score_high_confidence_name,OK,True,True,True,NO_PUBLIC_XG
202526-0600,LIVE_REFRESH_VERIFIED,False,False,False,OK,3,4813065,10042,10116,FC Santa Coloma,Borac Banja Luka,1,1,1,0.2083333333,True,utc_time_competition_score_high_confidence_name,OK,True,True,True,NO_PUBLIC_XG
202526-0558,LIVE_REFRESH_VERIFIED,False,False,False,OK,1,4813043,163540,1080103,Paide Linnameeskond,Bruno's Magpies,1,0.6923076923,0.8461538462,0,True,unique_utc_time_competition_score_alias,OK,True,True,True,NO_PUBLIC_XG
202526-0287,LIVE_REFRESH_VERIFIED,False,False,False,OK,1,4812373,8428,4662,Häcken,Spartak Trnava,0.8,1,0.9,0,True,utc_time_competition_score_high_confidence_name,OK,True,True,True,NO_PUBLIC_XG
202526-0564,LIVE_REFRESH_VERIFIED,False,False,False,OK,1,4813033,6187,8100,FK Sileks,Decic Tuzi,0.6,1,0.8,0,True,unique_utc_time_competition_score_alias,OK,True,True,True,NO_PUBLIC_XG
202526-0566,LIVE_REFRESH_VERIFIED,False,False,False,OK,1,4813045,561981,8001,CS Petrocub,Birkirkara,0.5714285714,1,0.7857142857,0,True,unique_utc_time_competition_score_alias,OK,True,True,True,NO_PUBLIC_XG
202526-0574,LIVE_REFRESH_VERIFIED,False,False,False,OK,3,4813047,4548,10044,F91 Dudelange,Atletic Escaldes,1,0.9411764706,0.9705882353,0.2179310345,True,utc_time_competition_score_high_confidence_name,OK,True,True,True,NO_PUBLIC_XG
202526-0584,LIVE_REFRESH_VERIFIED,False,False,False,OK,2,4813061,474592,439132,Penybont,FK Kauno Zalgiris,1,1,1,0.2924137931,True,utc_time_competition_score_high_confidence_name,OK,True,True,True,NO_PUBLIC_XG
202526-0588,LIVE_REFRESH_VERIFIED,False,False,False,OK,3,4813039,2194,1580,Haverfordwest,Floriana,0.7878787879,1,0.8939393939,0.1856060606,True,utc_time_competition_score_high_confidence_name,OK,True,True,True,NO_PUBLIC_XG
202526-0297,LIVE_REFRESH_VERIFIED,False,False,False,OK,1,4812378,9731,7986,CFR Cluj,Paksi SE,1,0.7692307692,0.8846153846,0,True,utc_time_competition_score_high_confidence_name,OK,True,True,True,ACCEPTED
202526-0570,LIVE_REFRESH_VERIFIED,False,False,False,OK,1,4813023,5772,10108,Koper,Zeljeznicar,1,0.7096774194,0.8548387097,0,True,utc_time_competition_score_high_confidence_name,OK,True,True,True,NO_PUBLIC_XG
202526-0285,LIVE_REFRESH_VERIFIED,False,False,False,OK,2,4812372,674506,9729,FC Prishtina,FC Sheriff,1,0.6086956522,0.8043478261,0.3511111111,True,separated_utc_time_competition_score_alias,OK,True,True,True,NO_PUBLIC_XG
202526-0289,LIVE_REFRESH_VERIFIED,False,False,False,OK,1,4812374,4622,951893,NK Celje,Sabah FK,1,1,1,0,True,utc_time_competition_score_high_confidence_name,OK,True,True,True,NO_PUBLIC_XG
202526-0293,LIVE_REFRESH_VERIFIED,False,False,False,OK,1,4812376,9754,8632,Hapoel Beer Sheva,Levski Sofia,1,1,1,0,True,utc_time_competition_score_high_confidence_name,OK,True,True,True,NO_PUBLIC_XG
202526-0568,LIVE_REFRESH_VERIFIED,False,False,False,OK,1,4813057,10061,7979,Neman Grodno,Urartu FC,1,1,1,0,True,utc_time_competition_score_high_confidence_name,OK,True,True,True,NO_PUBLIC_XG
202526-0586,LIVE_REFRESH_VERIFIED,False,False,False,OK,2,4813027,10028,112484,Partizani,Nomme JK Kalju,0.72,0.4,0.56,0.3076923077,True,separated_utc_time_competition_score_alias,OK,True,True,True,NO_PUBLIC_XG
202526-0572,LIVE_REFRESH_VERIFIED,False,False,False,OK,3,4813035,10065,2245,Dynamo Brest,Sutjeska,1,0.6956521739,0.847826087,0.2217741935,True,separated_utc_time_competition_score_alias,OK,True,True,True,NO_PUBLIC_XG
202526-0578,LIVE_REFRESH_VERIFIED,False,False,False,OK,1,4813025,8106,162162,Klaksvik,SJK,0.8421052632,0.375,0.6085526316,0,True,unique_utc_time_competition_score_alias,OK,True,True,True,NO_PUBLIC_XG
202526-0590,LIVE_REFRESH_VERIFIED,False,False,False,OK,1,4813051,6017,1273410,Vikingur Reykjavik,Malisheva,1,0.8571428571,0.9285714286,0,True,utc_time_competition_score_high_confidence_name,OK,True,True,True,NO_PUBLIC_XG
202526-0592,LIVE_REFRESH_VERIFIED,False,False,False,OK,3,4813063,1703,631395,Cliftonville,St Joseph's,1,1,1,0.1940740741,True,utc_time_competition_score_high_confidence_name,OK,True,True,True,NO_PUBLIC_XG
202526-0295,LIVE_REFRESH_VERIFIED,False,False,False,OK,2,4812377,7998,7797,Partizan Beograd,AEK Larnaca,0.9090909091,1,0.9545454545,0.3034188034,True,utc_time_competition_score_high_confidence_name,OK,True,True,True,NO_PUBLIC_XG
202526-0576,LIVE_REFRESH_VERIFIED,False,False,False,OK,2,4813058,163541,8041,La Fiorita Montegiardino,FK Vardar Skopje,0.5882352941,1,0.7941176471,0.3095238095,True,separated_utc_time_competition_score_alias,OK,True,True,True,NO_PUBLIC_XG
202526-0051,LIVE_REFRESH_VERIFIED,False,False,False,OK,3,4813899,1693,8037,KuPS,Kairat Almaty,1,1,1,0.1678321678,True,utc_time_competition_score_high_confidence_name,OK,True,True,True,NO_PUBLIC_XG
202526-0035,LIVE_REFRESH_VERIFIED,False,False,False,OK,2,4813891,545012,8687,Lincoln Red Imps FC,FK Crvena Zvezda,1,1,1,0.2571428571,True,utc_time_competition_score_high_confidence_name,OK,True,True,True,NO_PUBLIC_XG
202526-0037,LIVE_REFRESH_VERIFIED,False,False,False,OK,1,4813892,866111,8222,FC Noah,Ferencvaros,1,1,1,0,True,utc_time_competition_score_high_confidence_name,OK,True,True,True,ACCEPTED
202526-0029,LIVE_REFRESH_VERIFIED,False,False,False,OK,2,4813888,248871,10237,RFS,Malmö FF,1,1,1,0.25,True,utc_time_competition_score_high_confidence_name,OK,True,True,True,NO_PUBLIC_XG
202526-0031,LIVE_REFRESH_VERIFIED,False,False,False,OK,2,4813889,4528,8688,Hamrun Spartans,Dynamo Kyiv,1,1,1,0.1755555556,True,utc_time_competition_score_high_confidence_name,OK,True,True,True,NO_PUBLIC_XG
202526-0033,LIVE_REFRESH_VERIFIED,False,False,False,OK,1,4813890,2137,7855,Pafos FC,Maccabi Tel Aviv,1,1,1,0,True,utc_time_competition_score_high_confidence_name,OK,True,True,True,NO_PUBLIC_XG
202526-0041,LIVE_REFRESH_VERIFIED,False,False,False,OK,3,4813894,8391,784771,FC København,Drita,1,1,1,0.2435897436,True,utc_time_competition_score_high_confidence_name,OK,True,True,True,ACCEPTED
202526-0055,LIVE_REFRESH_VERIFIED,False,False,False,OK,2,4813901,6033,9777,Viktoria Plzen,Servette,1,0.6956521739,0.847826087,0.380952381,True,separated_utc_time_competition_score_alias,OK,True,True,True,ACCEPTED
202526-0045,LIVE_REFRESH_VERIFIED,False,False,False,OK,1,4813896,2234,9723,KF Shkendija,FCSB,0.8571428571,1,0.9285714286,0,True,utc_time_competition_score_high_confidence_name,OK,True,True,True,NO_PUBLIC_XG
202526-0047,LIVE_REFRESH_VERIFIED,False,False,False,OK,1,4813897,6019,10107,Slovan Bratislava,Zrinjski Mostar,1,1,1,0,True,utc_time_competition_score_high_confidence_name,OK,True,True,True,NO_PUBLIC_XG
202526-0039,LIVE_REFRESH_VERIFIED,False,False,False,OK,1,4813893,2182,8332,Lech Poznan,Breidablik,1,1,1,0,True,utc_time_competition_score_high_confidence_name,OK,True,True,True,NO_PUBLIC_XG
202526-0603,LIVE_REFRESH_VERIFIED,False,False,False,OK,2,4814707,952668,1580,Ballkani,Floriana,1,1,1,0.1955128205,True,utc_time_competition_score_high_confidence_name,OK,True,True,True,NO_PUBLIC_XG
202526-0043,LIVE_REFRESH_VERIFIED,False,False,False,OK,1,4813895,10162,210173,Rijeka,Ludogorets Razgrad,1,1,1,0,True,utc_time_competition_score_high_confidence_name,OK,True,True,True,NO_PUBLIC_XG
202526-0057,LIVE_REFRESH_VERIFIED,False,False,False,OK,3,4813902,8548,10200,Rangers,Panathinaikos,0.6363636364,1,0.8181818182,0.2064777328,True,separated_utc_time_competition_score_alias,OK,True,True,True,ACCEPTED
202526-0629,LIVE_REFRESH_VERIFIED,False,False,False,OK,6,4814747,577619,10154,Zira,Hajduk Split,1,1,1,0.2843137255,True,utc_time_competition_score_high_confidence_name,OK,True,True,True,NO_PUBLIC_XG
202526-0689,LIVE_REFRESH_VERIFIED,False,False,False,OK,6,4814633,1588,480291,FCI Levadia,Iberia 1999,0.6363636364,1,0.8181818182,0.3028571429,True,separated_utc_time_competition_score_alias,OK,True,True,True,NO_PUBLIC_XG
202526-0053,LIVE_REFRESH_VERIFIED,False,False,False,OK,2,4813900,8468,10013,Brann,Salzburg,0.5882352941,1,0.7941176471,0.1916666667,True,separated_utc_time_competition_score_alias,OK,True,True,True,ACCEPTED
202526-0641,LIVE_REFRESH_VERIFIED,False,False,False,OK,6,4814699,8415,2165,Silkeborg,KA Akureyri,0.8571428571,1,0.9285714286,0.3148148148,True,utc_time_competition_score_high_confidence_name,OK,True,True,True,NO_PUBLIC_XG
202526-0693,LIVE_REFRESH_VERIFIED,False,False,False,OK,3,4814637,7852,7951,TNS,FC Differdange 03,1,1,1,0.1333333333,True,utc_time_competition_score_high_confidence_name,OK,True,True,True,NO_PUBLIC_XG
202526-0695,LIVE_REFRESH_VERIFIED,False,False,False,OK,2,4814639,7872,10050,Olimpija Ljubljana,Inter Club d'Escaldes,1,1,1,0.2788461538,True,utc_time_competition_score_high_confidence_name,OK,True,True,True,NO_PUBLIC_XG
202526-0049,LIVE_REFRESH_VERIFIED,False,False,False,OK,2,4813898,5751,7981,Shelbourne,Qarabag FK,1,1,1,0.1755555556,True,utc_time_competition_score_high_confidence_name,OK,True,True,True,NO_PUBLIC_XG
202526-0697,LIVE_REFRESH_VERIFIED,False,False,False,OK,8,4814641,8627,175682,Buducnost Podgorica,FC Milsami Orhei,1,1,1,0.2877906977,True,utc_time_competition_score_high_confidence_name,OK,True,True,True,NO_PUBLIC_XG
202526-0659,LIVE_REFRESH_VERIFIED,False,False,False,OK,6,4814751,166865,8039,FC Astana,Zimbru,1,0.5714285714,0.7857142857,0.2776470588,True,separated_utc_time_competition_score_alias,OK,True,True,True,NO_PUBLIC_XG
202526-0661,LIVE_REFRESH_VERIFIED,False,False,False,OK,5,4814703,10044,10027,Atletic Escaldes,FC Dinamo City,0.9411764706,0.6666666667,0.8039215686,0.2572944297,True,separated_utc_time_competition_score_alias,OK,True,True,True,NO_PUBLIC_XG
202526-0657,LIVE_REFRESH_VERIFIED,False,False,False,OK,5,4814739,163540,8349,Paide Linnameeskond,AIK,1,1,1,0.3935483871,True,utc_time_competition_score_high_confidence_name,OK,True,True,True,NO_PUBLIC_XG
202526-0609,LIVE_REFRESH_VERIFIED,False,False,False,OK,1,4814745,631395,4131,St Joseph's,Shamrock Rovers,1,1,1,0,True,utc_time_competition_score_high_confidence_name,OK,True,True,True,NO_PUBLIC_XG
202526-0615,LIVE_REFRESH_VERIFIED,False,False,False,OK,6,4814721,439132,8064,FK Kauno Zalgiris,Valur,1,0.5,0.75,0.3612040134,True,separated_utc_time_competition_score_alias,OK,True,True,True,NO_PUBLIC_XG
202526-0619,LIVE_REFRESH_VERIFIED,False,False,False,OK,1,4814673,162146,10229,Ilves,AZ Alkmaar,0.5555555556,1,0.7777777778,0,True,unique_utc_time_competition_score_alias,OK,True,True,True,NO_PUBLIC_XG
202526-0633,LIVE_REFRESH_VERIFIED,False,False,False,OK,8,4814711,6345,5755,Pyunik,Györi ETO,0.6,1,0.8,0.3418803419,True,separated_utc_time_competition_score_alias,OK,True,True,True,NO_PUBLIC_XG
202526-0637,LIVE_REFRESH_VERIFIED,False,False,False,OK,5,4814671,8040,4662,Hibernians,Spartak Trnava,1,1,1,0.3048433048,True,utc_time_competition_score_high_confidence_name,OK,True,True,True,NO_PUBLIC_XG
202526-0639,LIVE_REFRESH_VERIFIED,False,False,False,OK,8,4814749,944173,9861,Arda Kardzhali,HJK,1,0.4,0.7,0.3611111111,True,separated_utc_time_competition_score_alias,OK,True,True,True,NO_PUBLIC_XG
202526-0649,LIVE_REFRESH_VERIFIED,False,False,False,OK,8,4814675,8000,10247,Aktobe,Sparta Prague,1,0.8,0.9,0.3757763975,True,utc_time_competition_score_high_confidence_name,OK,True,True,True,NO_PUBLIC_XG
202526-0651,LIVE_REFRESH_VERIFIED,False,False,False,OK,1,4814701,8422,169157,Rosenborg,Banga Gargzdai,0.8571428571,1,0.9285714286,0,True,utc_time_competition_score_high_confidence_name,OK,True,True,True,NO_PUBLIC_XG
202526-0673,LIVE_REFRESH_VERIFIED,False,False,False,OK,8,4814717,866109,89022,Ararat Armenia,Universitatea Cluj,1,1,1,0.3205128205,True,utc_time_competition_score_high_confidence_name,OK,True,True,True,NO_PUBLIC_XG
202526-0677,LIVE_REFRESH_VERIFIED,False,False,False,OK,1,4814743,2136,355346,Aris Limassol,Puskas FC Academy,1,0.8275862069,0.9137931034,0,True,utc_time_competition_score_high_confidence_name,OK,True,True,True,NO_PUBLIC_XG
202526-0681,LIVE_REFRESH_VERIFIED,False,False,False,OK,8,4814757,485832,8239,Araz PFK,Aris Thessaloniki FC,0.5217391304,1,0.7608695652,0.3385714286,True,separated_utc_time_competition_score_alias,OK,True,True,True,NO_PUBLIC_XG
202526-0691,LIVE_REFRESH_VERIFIED,False,False,False,OK,8,4814635,4616,7971,Zalgiris Vilnius,Linfield,1,0.6666666667,0.8333333333,0.2628571429,True,separated_utc_time_competition_score_alias,OK,True,True,True,NO_PUBLIC_XG
202526-0304,LIVE_REFRESH_VERIFIED,False,False,False,OK,1,4814308,6362,8673,Banik Ostrava,Legia Warszawa,1,0.9230769231,0.9615384615,0,True,utc_time_competition_score_high_confidence_name,OK,True,True,True,NO_PUBLIC_XG
202526-0308,LIVE_REFRESH_VERIFIED,False,False,False,OK,1,4814310,9729,9908,FC Sheriff,FC Utrecht,0.6086956522,1,0.8043478261,0,True,unique_utc_time_competition_score_alias,OK,True,True,True,ACCEPTED
202526-0613,LIVE_REFRESH_VERIFIED,False,False,False,OK,1,4814709,8478,5772,Viking,Koper,0.5454545455,1,0.7727272727,0,True,unique_utc_time_competition_score_alias,OK,True,True,True,NO_PUBLIC_XG
202526-0627,LIVE_REFRESH_VERIFIED,False,False,False,OK,5,4814669,6072,7998,FC Oleksandriya,Partizan Beograd,1,0.9090909091,0.9545454545,0.25,True,utc_time_competition_score_high_confidence_name,OK,True,True,True,NO_PUBLIC_XG
202526-0643,LIVE_REFRESH_VERIFIED,False,False,False,OK,8,4814713,624924,2217,Riga FC,Dila Gori,1,1,1,0.3307692308,True,utc_time_competition_score_high_confidence_name,OK,True,True,True,NO_PUBLIC_XG
202526-0645,LIVE_REFRESH_VERIFIED,False,False,False,OK,8,4814725,8248,9986,Hammarby,Sporting Charleroi,0.8421052632,0.6666666667,0.7543859649,0.2711111111,True,separated_utc_time_competition_score_alias,OK,True,True,True,NO_PUBLIC_XG
202526-0663,LIVE_REFRESH_VERIFIED,False,False,False,OK,5,4814665,561981,951893,CS Petrocub,Sabah FK,0.5714285714,1,0.7857142857,0.3194444444,True,separated_utc_time_competition_score_alias,OK,True,True,True,NO_PUBLIC_XG
202526-0665,LIVE_REFRESH_VERIFIED,False,False,False,OK,5,4814729,187854,1957,Novi Pazar,Jagiellonia Bialystok,1,1,1,0.3063973064,True,utc_time_competition_score_high_confidence_name,OK,True,True,True,NO_PUBLIC_XG
202526-0675,LIVE_REFRESH_VERIFIED,False,False,False,OK,5,4814731,1181312,10042,Polissya Zhytomyr,FC Santa Coloma,1,1,1,0.3048433048,True,utc_time_competition_score_high_confidence_name,OK,True,True,True,NO_PUBLIC_XG
202526-0683,LIVE_REFRESH_VERIFIED,False,False,False,OK,6,4814759,8044,2216,Omonia Nicosia,Torpedo Kutaisi,1,1,1,0.315270936,True,utc_time_competition_score_high_confidence_name,OK,True,True,True,NO_PUBLIC_XG
202526-0685,LIVE_REFRESH_VERIFIED,False,False,False,OK,3,4814761,10141,1933,Cherno More Varna,Başakşehir,1,0.6896551724,0.8448275862,0.2337662338,True,separated_utc_time_competition_score_alias,OK,True,True,True,NO_PUBLIC_XG
202526-0302,LIVE_REFRESH_VERIFIED,False,False,False,OK,2,4814307,8632,10264,Levski Sofia,Braga,1,0.5263157895,0.7631578947,0.202020202,True,separated_utc_time_competition_score_alias,OK,True,True,True,NO_PUBLIC_XG
202526-0310,LIVE_REFRESH_VERIFIED,False,False,False,OK,2,4814311,8113,10251,FC Midtjylland,Hibernian,1,1,1,0.2625,True,utc_time_competition_score_high_confidence_name,OK,True,True,True,ACCEPTED
202526-0631,LIVE_REFRESH_VERIFIED,False,False,False,OK,3,4814697,9824,4615,FC Vaduz,Dungannon Swifts,1,1,1,0.2062937063,True,utc_time_competition_score_high_confidence_name,OK,True,True,True,NO_PUBLIC_XG
202526-0300,LIVE_REFRESH_VERIFIED,False,False,False,OK,2,4814306,4622,7797,NK Celje,AEK Larnaca,1,1,1,0.2625,True,utc_time_competition_score_high_confidence_name,OK,True,True,True,NO_PUBLIC_XG
202526-0306,LIVE_REFRESH_VERIFIED,False,False,False,OK,1,4814309,8635,8428,Anderlecht,Häcken,1,0.8,0.9,0,True,utc_time_competition_score_high_confidence_name,OK,True,True,True,NO_PUBLIC_XG
202526-0312,LIVE_REFRESH_VERIFIED,False,False,False,OK,1,4814312,10188,9728,Beşiktaş,Shakhtar Donetsk,1,1,1,0,True,utc_time_competition_score_high_confidence_name,OK,True,True,True,ACCEPTED
202526-0605,LIVE_REFRESH_VERIFIED,False,False,False,OK,8,4814719,10165,1567,NK Varazdin,Santa Clara,1,0.88,0.94,0.4160714286,True,utc_time_competition_score_high_confidence_name,OK,True,True,True,NO_PUBLIC_XG
202526-0621,LIVE_REFRESH_VERIFIED,False,False,False,OK,1,4869580,969268,10061,FC Kosice,Neman Grodno,1,1,1,0,True,utc_time_competition_score_high_confidence_name,OK,True,True,True,NO_PUBLIC_XG
202526-0623,LIVE_REFRESH_VERIFIED,False,False,False,OK,6,4814663,8563,9754,AEK Athens,Hapoel Beer Sheva,1,1,1,0.311844078,True,utc_time_competition_score_high_confidence_name,OK,True,True,True,NO_PUBLIC_XG
202526-0625,LIVE_REFRESH_VERIFIED,False,False,False,OK,6,4814667,7986,8340,Paksi SE,Maribor,0.7692307692,1,0.8846153846,0.2875457875,True,utc_time_competition_score_high_confidence_name,OK,True,True,True,NO_PUBLIC_XG
202526-0655,LIVE_REFRESH_VERIFIED,False,False,False,OK,8,4814727,1675,8106,FK Radnicki 1923,Klaksvik,1,0.8421052632,0.9210526316,0.251596424,True,utc_time_competition_score_high_confidence_name,OK,True,True,True,NO_PUBLIC_XG
202526-0679,LIVE_REFRESH_VERIFIED,False,False,False,OK,6,4814755,10072,10185,Torpedo Zhodino,Maccabi Haifa,1,1,1,0.3662207358,True,utc_time_competition_score_high_confidence_name,OK,True,True,True,NO_PUBLIC_XG
202526-0298,LIVE_REFRESH_VERIFIED,False,False,False,OK,2,4814305,7896,9731,Lugano,CFR Cluj,1,1,1,0.188034188,True,utc_time_competition_score_high_confidence_name,OK,True,True,True,ACCEPTED
202526-0607,LIVE_REFRESH_VERIFIED,False,False,False,OK,8,4814733,8041,7730,FK Vardar Skopje,Lausanne,1,0.6956521739,0.847826087,0.3827838828,True,separated_utc_time_competition_score_alias,OK,True,True,True,NO_PUBLIC_XG
202526-0635,LIVE_REFRESH_VERIFIED,False,False,False,OK,8,4814723,10034,6017,Vllaznia,Vikingur Reykjavik,0.6666666667,1,0.8333333333,0.3527851459,True,separated_utc_time_competition_score_alias,OK,True,True,True,NO_PUBLIC_XG
202526-0671,LIVE_REFRESH_VERIFIED,False,False,False,OK,1,4814705,10011,1328532,Austria Wien,Spaeri,1,0.6,0.8,0,True,unique_utc_time_competition_score_alias,OK,True,True,True,NO_PUBLIC_XG
202526-0687,LIVE_REFRESH_VERIFIED,False,False,False,OK,5,4814763,2245,8173,Sutjeska,Beitar Jerusalem,0.6956521739,1,0.847826087,0.2933333333,True,separated_utc_time_competition_score_alias,OK,True,True,True,NO_PUBLIC_XG
202526-0601,LIVE_REFRESH_VERIFIED,False,False,False,OK,6,4814693,9938,271923,Dundee United,Una Strassen,1,1,1,0.1869565217,True,utc_time_competition_score_high_confidence_name,OK,True,True,True,NO_PUBLIC_XG
202526-0617,LIVE_REFRESH_VERIFIED,False,False,False,OK,6,4814735,6652,8595,HB Torshavn,Brøndby IF,1,1,1,0.3662207358,True,utc_time_competition_score_high_confidence_name,OK,True,True,True,NO_PUBLIC_XG
202526-0647,LIVE_REFRESH_VERIFIED,False,False,False,OK,6,4814737,1854,112484,St. Patrick's Athletic,Nomme JK Kalju,1,0.4,0.7,0.3686635945,True,separated_utc_time_competition_score_alias,OK,True,True,True,NO_PUBLIC_XG
202526-0699,LIVE_REFRESH_VERIFIED,False,False,False,OK,5,4814643,10058,10039,Dinamo Minsk,Egnatia,1,0.56,0.78,0.3308823529,True,separated_utc_time_competition_score_alias,OK,True,True,True,NO_PUBLIC_XG
202526-0611,LIVE_REFRESH_VERIFIED,False,False,False,OK,8,4814661,2206,674506,Larne,FC Prishtina,1,1,1,0.3760683761,True,utc_time_competition_score_high_confidence_name,OK,True,True,True,NO_PUBLIC_XG
202526-0653,LIVE_REFRESH_VERIFIED,False,False,False,OK,1,4814715,4024,6022,Raków Częstochowa,Zilina,1,0.75,0.875,0,True,utc_time_competition_score_high_confidence_name,OK,True,True,True,NO_PUBLIC_XG
202526-0667,LIVE_REFRESH_VERIFIED,False,False,False,OK,8,4814741,10105,480286,FK Sarajevo,Universitatea Craiova,1,1,1,0.40625,True,utc_time_competition_score_high_confidence_name,OK,True,True,True,NO_PUBLIC_XG
202526-0669,LIVE_REFRESH_VERIFIED,False,False,False,OK,5,4814753,8100,10015,Decic Tuzi,Rapid Wien,1,1,1,0.2994652406,True,utc_time_competition_score_high_confidence_name,OK,True,True,True,NO_PUBLIC_XG
202526-0052,LIVE_REFRESH_VERIFIED,False,False,False,OK,2,4813914,8037,1693,Kairat Almaty,KuPS,1,1,1,0.2412280702,True,utc_time_competition_score_high_confidence_name,OK,True,True,True,NO_PUBLIC_XG
202526-0690,LIVE_REFRESH_VERIFIED,False,False,False,OK,1,4814634,480291,1588,Iberia 1999,FCI Levadia,1,0.6363636364,0.8181818182,0,True,unique_utc_time_competition_score_alias,OK,True,True,True,NO_PUBLIC_XG
202526-0032,LIVE_REFRESH_VERIFIED,False,False,False,OK,2,4813904,8688,4528,Dynamo Kyiv,Hamrun Spartans,1,1,1,0.1469298246,True,utc_time_competition_score_high_confidence_name,OK,True,True,True,NO_PUBLIC_XG
202526-0042,LIVE_REFRESH_VERIFIED,False,False,False,OK,3,4813909,784771,8391,Drita,FC København,1,1,1,0.3333333333,True,utc_time_competition_score_high_confidence_name,OK,True,True,True,ACCEPTED
202526-0694,LIVE_REFRESH_VERIFIED,False,False,False,OK,1,4814638,7951,7852,FC Differdange 03,TNS,1,1,1,0,True,utc_time_competition_score_high_confidence_name,OK,True,True,True,NO_PUBLIC_XG
202526-0696,LIVE_REFRESH_VERIFIED,False,False,False,OK,1,4814640,10050,7872,Inter Club d'Escaldes,Olimpija Ljubljana,1,1,1,0,True,utc_time_competition_score_high_confidence_name,OK,True,True,True,NO_PUBLIC_XG
202526-0036,LIVE_REFRESH_VERIFIED,False,False,False,OK,1,4813906,8687,545012,FK Crvena Zvezda,Lincoln Red Imps FC,1,1,1,0,True,utc_time_competition_score_high_confidence_name,OK,True,True,True,NO_PUBLIC_XG
202526-0048,LIVE_REFRESH_VERIFIED,False,False,False,OK,1,4813912,10107,6019,Zrinjski Mostar,Slovan Bratislava,1,1,1,0,True,utc_time_competition_score_high_confidence_name,OK,True,True,True,NO_PUBLIC_XG
202526-0050,LIVE_REFRESH_VERIFIED,False,False,False,OK,2,4813913,7981,5751,Qarabag FK,Shelbourne,1,1,1,0.1435897436,True,utc_time_competition_score_high_confidence_name,OK,True,True,True,NO_PUBLIC_XG
202526-0030,LIVE_REFRESH_VERIFIED,False,False,False,OK,2,4813903,10237,248871,Malmö FF,RFS,1,1,1,0.1435897436,True,utc_time_competition_score_high_confidence_name,OK,True,True,True,NO_PUBLIC_XG
202526-0044,LIVE_REFRESH_VERIFIED,False,False,False,OK,1,4813910,210173,10162,Ludogorets Razgrad,Rijeka,1,1,1,0,True,utc_time_competition_score_high_confidence_name,OK,True,True,True,NO_PUBLIC_XG
202526-0046,LIVE_REFRESH_VERIFIED,False,False,False,OK,1,4813911,9723,2234,FCSB,KF Shkendija,1,0.8571428571,0.9285714286,0,True,utc_time_competition_score_high_confidence_name,OK,True,True,True,NO_PUBLIC_XG
202526-0034,LIVE_REFRESH_VERIFIED,False,False,False,OK,3,4813905,7855,2137,Maccabi Tel Aviv,Pafos FC,1,1,1,0.2403846154,True,utc_time_competition_score_high_confidence_name,OK,True,True,True,NO_PUBLIC_XG
202526-0038,LIVE_REFRESH_VERIFIED,False,False,False,OK,1,4813907,8222,866111,Ferencvaros,FC Noah,1,1,1,0,True,utc_time_competition_score_high_confidence_name,OK,True,True,True,ACCEPTED
202526-0058,LIVE_REFRESH_VERIFIED,False,False,False,OK,2,4813917,10200,8548,Panathinaikos,Rangers,1,0.6363636364,0.8181818182,0.1976190476,True,separated_utc_time_competition_score_alias,OK,True,True,True,ACCEPTED
202526-0040,LIVE_REFRESH_VERIFIED,False,False,False,OK,3,4813908,8332,2182,Breidablik,Lech Poznan,1,1,1,0.35,True,utc_time_competition_score_high_confidence_name,OK,True,True,True,NO_PUBLIC_XG
202526-0054,LIVE_REFRESH_VERIFIED,False,False,False,OK,2,4813915,10013,8468,Salzburg,Brann,1,0.5882352941,0.7941176471,0.3107769424,True,separated_utc_time_competition_score_alias,OK,True,True,True,ACCEPTED
202526-0056,LIVE_REFRESH_VERIFIED,False,False,False,OK,1,4813916,9777,6033,Servette,Viktoria Plzen,0.6956521739,1,0.847826087,0,True,unique_utc_time_competition_score_alias,OK,True,True,True,ACCEPTED
202526-0638,LIVE_REFRESH_VERIFIED,False,False,False,OK,1,4814672,4662,8040,Spartak Trnava,Hibernians,1,1,1,0,True,utc_time_competition_score_high_confidence_name,OK,True,True,True,NO_PUBLIC_XG
202526-0634,LIVE_REFRESH_VERIFIED,False,False,False,OK,2,4814712,5755,6345,Györi ETO,Pyunik,1,0.6,0.8,0.2033333333,True,separated_utc_time_competition_score_alias,OK,True,True,True,NO_PUBLIC_XG
202526-0640,LIVE_REFRESH_VERIFIED,False,False,False,OK,3,4814750,9861,944173,HJK,Arda Kardzhali,0.4,1,0.7,0.4686520376,True,separated_utc_time_competition_score_alias,OK,True,True,True,NO_PUBLIC_XG
202526-0644,LIVE_REFRESH_VERIFIED,False,False,False,OK,1,4814714,2217,624924,Dila Gori,Riga FC,1,1,1,0,True,utc_time_competition_score_high_confidence_name,OK,True,True,True,NO_PUBLIC_XG
202526-0652,LIVE_REFRESH_VERIFIED,False,False,False,OK,3,4814702,169157,8422,Banga Gargzdai,Rosenborg,1,0.8571428571,0.9285714286,0.2228571429,True,utc_time_competition_score_high_confidence_name,OK,True,True,True,NO_PUBLIC_XG
202526-0664,LIVE_REFRESH_VERIFIED,False,False,False,OK,1,4814666,951893,561981,Sabah FK,CS Petrocub,1,0.5714285714,0.7857142857,0,True,unique_utc_time_competition_score_alias,OK,True,True,True,NO_PUBLIC_XG
202526-0672,LIVE_REFRESH_VERIFIED,False,False,False,OK,1,4814706,1328532,10011,Spaeri,Austria Wien,0.6,1,0.8,0,True,unique_utc_time_competition_score_alias,OK,True,True,True,NO_PUBLIC_XG
202526-0676,LIVE_REFRESH_VERIFIED,False,False,False,OK,1,4814732,10042,1181312,FC Santa Coloma,Polissya Zhytomyr,1,1,1,0,True,utc_time_competition_score_high_confidence_name,OK,True,True,True,NO_PUBLIC_XG
202526-0301,LIVE_REFRESH_VERIFIED,False,False,False,OK,3,4814314,7797,4622,AEK Larnaca,NK Celje,1,1,1,0.24,True,utc_time_competition_score_high_confidence_name,OK,True,True,True,NO_PUBLIC_XG
202526-0620,LIVE_REFRESH_VERIFIED,False,False,False,OK,2,4814674,10229,162146,AZ Alkmaar,Ilves,1,0.5555555556,0.7777777778,0.188034188,True,separated_utc_time_competition_score_alias,OK,True,True,True,NO_PUBLIC_XG
202526-0648,LIVE_REFRESH_VERIFIED,False,False,False,OK,3,4814738,112484,1854,Nomme JK Kalju,St. Patrick's Athletic,0.4,1,0.7,0.210591133,True,separated_utc_time_competition_score_alias,OK,True,True,True,NO_PUBLIC_XG
202526-0307,LIVE_REFRESH_VERIFIED,False,False,False,OK,3,4814317,8428,8635,Häcken,Anderlecht,0.8,1,0.9,0.4,True,utc_time_competition_score_high_confidence_name,OK,True,True,True,NO_PUBLIC_XG
202526-0602,LIVE_REFRESH_VERIFIED,False,False,False,OK,1,4814694,271923,9938,Una Strassen,Dundee United,1,1,1,0,True,utc_time_competition_score_high_confidence_name,OK,True,True,True,NO_PUBLIC_XG
202526-0658,LIVE_REFRESH_VERIFIED,False,False,False,OK,1,4814740,8349,163540,AIK,Paide Linnameeskond,1,1,1,0,True,utc_time_competition_score_high_confidence_name,OK,True,True,True,NO_PUBLIC_XG
202526-0660,LIVE_REFRESH_VERIFIED,False,False,False,OK,3,4814752,8039,166865,Zimbru,FC Astana,0.5714285714,1,0.7857142857,0.2022988506,True,separated_utc_time_competition_score_alias,OK,True,True,True,NO_PUBLIC_XG
202526-0674,LIVE_REFRESH_VERIFIED,False,False,False,OK,3,4814718,89022,866109,Universitatea Cluj,Ararat Armenia,1,1,1,0.2810559006,True,utc_time_competition_score_high_confidence_name,OK,True,True,True,NO_PUBLIC_XG
202526-0684,LIVE_REFRESH_VERIFIED,False,False,False,OK,1,4814760,2216,8044,Torpedo Kutaisi,Omonia Nicosia,1,1,1,0,True,utc_time_competition_score_high_confidence_name,OK,True,True,True,NO_PUBLIC_XG
202526-0698,LIVE_REFRESH_VERIFIED,False,False,False,OK,2,4814642,175682,8627,FC Milsami Orhei,Buducnost Podgorica,1,1,1,0.1269565217,True,utc_time_competition_score_high_confidence_name,OK,True,True,True,NO_PUBLIC_XG
202526-0299,LIVE_REFRESH_VERIFIED,False,False,False,OK,2,4814313,9731,7896,CFR Cluj,Lugano,1,1,1,0.188034188,True,utc_time_competition_score_high_confidence_name,OK,True,True,True,ACCEPTED
202526-0618,LIVE_REFRESH_VERIFIED,False,False,False,OK,3,4814736,8595,6652,Brøndby IF,HB Torshavn,1,1,1,0.2046035806,True,utc_time_competition_score_high_confidence_name,OK,True,True,True,NO_PUBLIC_XG
202526-0668,LIVE_REFRESH_VERIFIED,False,False,False,OK,4,4814742,480286,10105,Universitatea Craiova,FK Sarajevo,1,1,1,0.3193277311,True,utc_time_competition_score_high_confidence_name,OK,True,True,True,NO_PUBLIC_XG
202526-0688,LIVE_REFRESH_VERIFIED,False,False,False,OK,1,4814764,8173,2245,Beitar Jerusalem,Sutjeska,1,0.6956521739,0.847826087,0,True,unique_utc_time_competition_score_alias,OK,True,True,True,NO_PUBLIC_XG
202526-0686,LIVE_REFRESH_VERIFIED,False,False,False,OK,4,4814762,1933,10141,Başakşehir,Cherno More Varna,0.6896551724,1,0.8448275862,0.295,True,separated_utc_time_competition_score_alias,OK,True,True,True,NO_PUBLIC_XG
202526-0309,LIVE_REFRESH_VERIFIED,False,False,False,OK,1,4814318,9908,9729,FC Utrecht,FC Sheriff,1,0.6086956522,0.8043478261,0,True,unique_utc_time_competition_score_alias,OK,True,True,True,ACCEPTED
202526-0313,LIVE_REFRESH_VERIFIED,False,False,False,OK,1,4814320,9728,10188,Shakhtar Donetsk,Beşiktaş,1,1,1,0,True,utc_time_competition_score_high_confidence_name,OK,True,True,True,ACCEPTED
202526-0606,LIVE_REFRESH_VERIFIED,False,False,False,OK,2,4814720,1567,10165,Santa Clara,NK Varazdin,0.88,1,0.94,0.1704545455,True,utc_time_competition_score_high_confidence_name,OK,True,True,True,NO_PUBLIC_XG
202526-0612,LIVE_REFRESH_VERIFIED,False,False,False,OK,5,4814662,674506,2206,FC Prishtina,Larne,1,1,1,0.4660633484,True,utc_time_competition_score_high_confidence_name,OK,True,True,True,NO_PUBLIC_XG
202526-0614,LIVE_REFRESH_VERIFIED,False,False,False,OK,1,4814710,5772,8478,Koper,Viking,1,0.5454545455,0.7727272727,0,True,unique_utc_time_competition_score_alias,OK,True,True,True,NO_PUBLIC_XG
202526-0622,LIVE_REFRESH_VERIFIED,False,False,False,OK,5,4869581,10061,969268,Neman Grodno,FC Kosice,1,1,1,0.4962406015,True,utc_time_competition_score_high_confidence_name,OK,True,True,True,NO_PUBLIC_XG
202526-0624,LIVE_REFRESH_VERIFIED,False,False,False,OK,3,4814664,9754,8563,Hapoel Beer Sheva,AEK Athens,1,1,1,0.3616071429,True,utc_time_competition_score_high_confidence_name,OK,True,True,True,NO_PUBLIC_XG
202526-0626,LIVE_REFRESH_VERIFIED,False,False,False,OK,5,4814668,8340,7986,Maribor,Paksi SE,1,0.7692307692,0.8846153846,0.4832535885,True,utc_time_competition_score_high_confidence_name,OK,True,True,True,NO_PUBLIC_XG
202526-0642,LIVE_REFRESH_VERIFIED,False,False,False,OK,1,4814700,2165,8415,KA Akureyri,Silkeborg,1,0.8571428571,0.9285714286,0,True,utc_time_competition_score_high_confidence_name,OK,True,True,True,NO_PUBLIC_XG
202526-0646,LIVE_REFRESH_VERIFIED,False,False,False,OK,3,4814726,9986,8248,Sporting Charleroi,Hammarby,0.6666666667,0.8421052632,0.7543859649,0.3028571429,True,separated_utc_time_competition_score_alias,OK,True,True,True,NO_PUBLIC_XG
202526-0650,LIVE_REFRESH_VERIFIED,False,False,False,OK,4,4814676,10247,8000,Sparta Prague,Aktobe,0.8,1,0.9,0.354978355,True,utc_time_competition_score_high_confidence_name,OK,True,True,True,NO_PUBLIC_XG
202526-0678,LIVE_REFRESH_VERIFIED,False,False,False,OK,3,4814744,355346,2136,Puskas FC Academy,Aris Limassol,0.8275862069,1,0.9137931034,0.3087774295,True,utc_time_competition_score_high_confidence_name,OK,True,True,True,NO_PUBLIC_XG
202526-0680,LIVE_REFRESH_VERIFIED,False,False,False,OK,1,4814756,10185,10072,Maccabi Haifa,Torpedo Zhodino,1,1,1,0,True,utc_time_competition_score_high_confidence_name,OK,True,True,True,NO_PUBLIC_XG
202526-0608,LIVE_REFRESH_VERIFIED,False,False,False,OK,2,4814734,7730,8041,Lausanne,FK Vardar Skopje,0.6956521739,1,0.847826087,0.2711111111,True,separated_utc_time_competition_score_alias,OK,True,True,True,NO_PUBLIC_XG
202526-0666,LIVE_REFRESH_VERIFIED,False,False,False,OK,2,4814730,1957,187854,Jagiellonia Bialystok,Novi Pazar,1,1,1,0.205,True,utc_time_competition_score_high_confidence_name,OK,True,True,True,NO_PUBLIC_XG
202526-0682,LIVE_REFRESH_VERIFIED,False,False,False,OK,3,4814758,8239,485832,Aris Thessaloniki FC,Araz PFK,1,0.5217391304,0.7608695652,0.3068965517,True,separated_utc_time_competition_score_alias,OK,True,True,True,NO_PUBLIC_XG
202526-0616,LIVE_REFRESH_VERIFIED,False,False,False,OK,3,4814722,8064,439132,Valur,FK Kauno Zalgiris,0.5,1,0.75,0.2586580087,True,separated_utc_time_competition_score_alias,OK,True,True,True,NO_PUBLIC_XG
202526-0654,LIVE_REFRESH_VERIFIED,False,False,False,OK,1,4814716,6022,4024,Zilina,Raków Częstochowa,0.75,1,0.875,0,True,utc_time_competition_score_high_confidence_name,OK,True,True,True,NO_PUBLIC_XG
202526-0670,LIVE_REFRESH_VERIFIED,False,False,False,OK,2,4814754,10015,8100,Rapid Wien,Decic Tuzi,1,1,1,0.1626984127,True,utc_time_competition_score_high_confidence_name,OK,True,True,True,NO_PUBLIC_XG
202526-0604,LIVE_REFRESH_VERIFIED,False,False,False,OK,5,4814708,1580,952668,Floriana,Ballkani,1,1,1,0.3891402715,True,utc_time_competition_score_high_confidence_name,OK,True,True,True,NO_PUBLIC_XG
202526-0632,LIVE_REFRESH_VERIFIED,False,False,False,OK,1,4814698,4615,9824,Dungannon Swifts,FC Vaduz,1,1,1,0,True,utc_time_competition_score_high_confidence_name,OK,True,True,True,NO_PUBLIC_XG
202526-0636,LIVE_REFRESH_VERIFIED,False,False,False,OK,2,4814724,6017,10034,Vikingur Reykjavik,Vllaznia,1,0.6666666667,0.8333333333,0.1840659341,True,separated_utc_time_competition_score_alias,OK,True,True,True,NO_PUBLIC_XG
202526-0656,LIVE_REFRESH_VERIFIED,False,False,False,OK,3,4814728,8106,1675,Klaksvik,FK Radnicki 1923,0.8421052632,1,0.9210526316,0.2311111111,True,utc_time_competition_score_high_confidence_name,OK,True,True,True,NO_PUBLIC_XG
202526-0662,LIVE_REFRESH_VERIFIED,False,False,False,OK,5,4814704,10027,10044,FC Dinamo City,Atletic Escaldes,0.6666666667,0.9411764706,0.8039215686,0.285,True,separated_utc_time_competition_score_alias,OK,True,True,True,NO_PUBLIC_XG
202526-0692,LIVE_REFRESH_VERIFIED,False,False,False,OK,2,4814636,7971,4616,Linfield,Zalgiris Vilnius,0.6666666667,1,0.8333333333,0.1990740741,True,separated_utc_time_competition_score_alias,OK,True,True,True,NO_PUBLIC_XG
202526-0303,LIVE_REFRESH_VERIFIED,False,False,False,OK,2,4814315,10264,8632,Braga,Levski Sofia,0.5263157895,1,0.7631578947,0.202020202,True,separated_utc_time_competition_score_alias,OK,True,True,True,NO_PUBLIC_XG
202526-0305,LIVE_REFRESH_VERIFIED,False,False,False,OK,3,4814316,8673,6362,Legia Warszawa,Banik Ostrava,0.9230769231,1,0.9615384615,0.1859903382,True,utc_time_competition_score_high_confidence_name,OK,True,True,True,NO_PUBLIC_XG
202526-0311,LIVE_REFRESH_VERIFIED,False,False,False,OK,1,4814319,10251,8113,Hibernian,FC Midtjylland,1,1,1,0,True,utc_time_competition_score_high_confidence_name,OK,True,True,True,ACCEPTED
202526-0610,LIVE_REFRESH_VERIFIED,False,False,False,OK,3,4814746,4131,631395,Shamrock Rovers,St Joseph's,1,1,1,0.2327731092,True,utc_time_competition_score_high_confidence_name,OK,True,True,True,NO_PUBLIC_XG
202526-0628,LIVE_REFRESH_VERIFIED,False,False,False,OK,4,4814670,7998,6072,Partizan Beograd,FC Oleksandriya,0.9090909091,1,0.9545454545,0.4111111111,True,utc_time_competition_score_high_confidence_name,OK,True,True,True,NO_PUBLIC_XG
202526-0630,LIVE_REFRESH_VERIFIED,False,False,False,OK,2,4814748,10154,577619,Hajduk Split,Zira,1,1,1,0.1669565217,True,utc_time_competition_score_high_confidence_name,OK,True,True,True,NO_PUBLIC_XG
202526-0700,LIVE_REFRESH_VERIFIED,False,False,False,OK,3,4814644,10039,10058,Egnatia,Dinamo Minsk,0.56,1,0.78,0.1969230769,True,separated_utc_time_competition_score_alias,OK,True,True,True,NO_PUBLIC_XG
202526-0059,LIVE_REFRESH_VERIFIED,False,False,False,OK,2,4885130,10237,8391,Malmö FF,FC København,1,1,1,0.1884615385,True,utc_time_competition_score_high_confidence_name,OK,True,True,True,ACCEPTED
202526-0334,LIVE_REFRESH_VERIFIED,False,False,False,OK,3,4885165,4528,7855,Hamrun Spartans,Maccabi Tel Aviv,1,1,1,0.1245421245,True,utc_time_competition_score_high_confidence_name,OK,True,True,True,NO_PUBLIC_XG
202526-0067,LIVE_REFRESH_VERIFIED,False,False,False,OK,3,4885134,8688,2137,Dynamo Kyiv,Pafos FC,1,1,1,0.1702898551,True,utc_time_competition_score_high_confidence_name,OK,True,True,True,NO_PUBLIC_XG
202526-0069,LIVE_REFRESH_VERIFIED,False,False,False,OK,3,4885135,2234,7981,KF Shkendija,Qarabag FK,0.8571428571,1,0.9285714286,0.2714932127,True,utc_time_competition_score_high_confidence_name,OK,True,True,True,NO_PUBLIC_XG
202526-0073,LIVE_REFRESH_VERIFIED,False,False,False,OK,1,4885137,8548,6033,Rangers,Viktoria Plzen,0.6363636364,1,0.8181818182,0,True,unique_utc_time_competition_score_alias,OK,True,True,True,NO_PUBLIC_XG
202526-0703,LIVE_REFRESH_VERIFIED,False,False,False,OK,1,4885210,8106,10061,Klaksvik,Neman Grodno,0.8421052632,1,0.9210526316,0,True,utc_time_competition_score_high_confidence_name,OK,True,True,True,NO_PUBLIC_XG
202526-0061,LIVE_REFRESH_VERIFIED,False,False,False,OK,1,4885131,8037,6019,Kairat Almaty,Slovan Bratislava,1,1,1,0,True,utc_time_competition_score_high_confidence_name,OK,True,True,True,NO_PUBLIC_XG
202526-0071,LIVE_REFRESH_VERIFIED,False,False,False,OK,3,4885136,10013,8342,Salzburg,Club Brugge,1,1,1,0.2538461538,True,utc_time_competition_score_high_confidence_name,OK,True,True,True,ACCEPTED
202526-0332,LIVE_REFRESH_VERIFIED,False,False,False,OK,4,4885163,248871,1693,RFS,KuPS,1,1,1,0.1825396825,True,utc_time_competition_score_high_confidence_name,OK,True,True,True,NO_PUBLIC_XG
202526-0065,LIVE_REFRESH_VERIFIED,False,False,False,OK,2,4885133,210173,8222,Ludogorets Razgrad,Ferencvaros,1,1,1,0.2653846154,True,utc_time_competition_score_high_confidence_name,OK,True,True,True,ACCEPTED
202526-0063,LIVE_REFRESH_VERIFIED,False,False,False,OK,1,4885132,2182,8687,Lech Poznan,FK Crvena Zvezda,1,1,1,0,True,utc_time_competition_score_high_confidence_name,OK,True,True,True,ACCEPTED
202526-0330,LIVE_REFRESH_VERIFIED,False,False,False,OK,4,4885161,10162,5751,Rijeka,Shelbourne,1,1,1,0.2761904762,True,utc_time_competition_score_high_confidence_name,OK,True,True,True,NO_PUBLIC_XG
202526-0075,LIVE_REFRESH_VERIFIED,False,False,False,OK,1,4885138,9831,9772,Nice,Benfica,0.6666666667,1,0.8333333333,0,True,unique_utc_time_competition_score_alias,OK,True,True,True,ACCEPTED
202526-0077,LIVE_REFRESH_VERIFIED,False,False,False,OK,1,4885139,10235,8695,Feyenoord,Fenerbahçe,1,1,1,0,True,utc_time_competition_score_high_confidence_name,OK,True,True,True,ACCEPTED
202526-0316,LIVE_REFRESH_VERIFIED,False,False,False,OK,2,4885173,8417,8113,Fredrikstad,FC Midtjylland,1,1,1,0.2134502924,True,utc_time_competition_score_high_confidence_name,OK,True,True,True,ACCEPTED
202526-0328,LIVE_REFRESH_VERIFIED,False,False,False,OK,2,4885159,545012,866111,Lincoln Red Imps FC,FC Noah,1,1,1,0.2004608295,True,utc_time_competition_score_high_confidence_name,OK,True,True,True,NO_PUBLIC_XG
202526-0717,LIVE_REFRESH_VERIFIED,False,False,False,OK,1,4885219,485832,8044,Araz PFK,Omonia Nicosia,0.5217391304,1,0.7608695652,0,True,unique_utc_time_competition_score_alias,OK,True,True,True,NO_PUBLIC_XG
202526-0735,LIVE_REFRESH_VERIFIED,False,False,False,OK,2,4885217,2136,8563,Aris Limassol,AEK Athens,1,1,1,0.347826087,True,utc_time_competition_score_high_confidence_name,OK,True,True,True,NO_PUBLIC_XG
202526-0747,LIVE_REFRESH_VERIFIED,False,False,False,OK,2,4885229,8422,8248,Rosenborg,Hammarby,0.8571428571,0.8421052632,0.8496240602,0.1777777778,True,utc_time_competition_score_high_confidence_name,OK,True,True,True,NO_PUBLIC_XG
202526-0751,LIVE_REFRESH_VERIFIED,False,False,False,OK,3,4885231,439132,944173,FK Kauno Zalgiris,Arda Kardzhali,1,1,1,0.2867383513,True,utc_time_competition_score_high_confidence_name,OK,True,True,True,NO_PUBLIC_XG
202526-0755,LIVE_REFRESH_VERIFIED,False,False,False,OK,1,4885203,175682,163539,FC Milsami Orhei,Virtus Acquaviva,1,0.5454545455,0.7727272727,0,True,unique_utc_time_competition_score_alias,OK,True,True,True,NO_PUBLIC_XG
202526-0314,LIVE_REFRESH_VERIFIED,False,False,False,OK,1,4885171,7797,8673,AEK Larnaca,Legia Warszawa,1,0.9230769231,0.9615384615,0,True,utc_time_competition_score_high_confidence_name,OK,True,True,True,ACCEPTED
202526-0318,LIVE_REFRESH_VERIFIED,False,False,False,OK,3,4885175,9731,10264,CFR Cluj,Braga,1,0.5263157895,0.7631578947,0.3095238095,True,separated_utc_time_competition_score_alias,OK,True,True,True,NO_PUBLIC_XG
202526-0745,LIVE_REFRESH_VERIFIED,False,False,False,OK,1,4885228,6362,10011,Banik Ostrava,Austria Wien,1,1,1,0,True,utc_time_competition_score_high_confidence_name,OK,True,True,True,NO_PUBLIC_XG
202526-0324,LIVE_REFRESH_VERIFIED,False,False,False,OK,1,4885181,8428,8468,Häcken,Brann,0.8,0.5882352941,0.6941176471,0,True,unique_utc_time_competition_score_alias,OK,True,True,True,NO_PUBLIC_XG
202526-0707,LIVE_REFRESH_VERIFIED,False,False,False,OK,1,4885218,8478,1933,Viking,Başakşehir,0.5454545455,0.6896551724,0.6175548589,0,True,unique_utc_time_competition_score_alias,OK,True,True,True,NO_PUBLIC_XG
202526-0709,LIVE_REFRESH_VERIFIED,False,False,False,OK,3,4885222,8349,5755,AIK,Györi ETO,1,1,1,0.2,True,utc_time_competition_score_high_confidence_name,OK,True,True,True,NO_PUBLIC_XG
202526-0713,LIVE_REFRESH_VERIFIED,False,False,False,OK,6,4885211,624924,8173,Riga FC,Beitar Jerusalem,1,1,1,0.2533333333,True,utc_time_competition_score_high_confidence_name,OK,True,True,True,NO_PUBLIC_XG
202526-0741,LIVE_REFRESH_VERIFIED,False,False,False,OK,3,4885226,8415,1957,Silkeborg,Jagiellonia Bialystok,0.8571428571,1,0.9285714286,0.2160243408,True,utc_time_competition_score_high_confidence_name,OK,True,True,True,NO_PUBLIC_XG
202526-0320,LIVE_REFRESH_VERIFIED,False,False,False,OK,2,4885177,8619,1954,PAOK Thessaloniki FC,Wolfsberger AC,1,1,1,0.3074074074,True,utc_time_competition_score_high_confidence_name,OK,True,True,True,ACCEPTED
202526-0326,LIVE_REFRESH_VERIFIED,False,False,False,OK,2,4885183,10200,9728,Panathinaikos,Shakhtar Donetsk,1,1,1,0.3444444444,True,utc_time_competition_score_high_confidence_name,OK,True,True,True,NO_PUBLIC_XG
202526-0336,LIVE_REFRESH_VERIFIED,False,False,False,OK,2,4885167,10107,8332,Zrinjski Mostar,Breidablik,1,1,1,0.168202765,True,utc_time_competition_score_high_confidence_name,OK,True,True,True,NO_PUBLIC_XG
202526-0705,LIVE_REFRESH_VERIFIED,False,False,False,OK,6,4885214,8635,9729,Anderlecht,FC Sheriff,1,0.6086956522,0.8043478261,0.3612903226,True,separated_utc_time_competition_score_alias,OK,True,True,True,NO_PUBLIC_XG
202526-0711,LIVE_REFRESH_VERIFIED,False,False,False,OK,1,4885207,10247,866109,Sparta Prague,Ararat Armenia,0.8,1,0.9,0,True,utc_time_competition_score_high_confidence_name,OK,True,True,True,NO_PUBLIC_XG
202526-0721,LIVE_REFRESH_VERIFIED,False,False,False,OK,6,4885208,10229,9824,AZ Alkmaar,FC Vaduz,1,1,1,0.234295416,True,utc_time_competition_score_high_confidence_name,OK,True,True,True,NO_PUBLIC_XG
202526-0729,LIVE_REFRESH_VERIFIED,False,False,False,OK,6,4885224,1181312,7986,Polissya Zhytomyr,Paksi SE,1,0.7692307692,0.8846153846,0.2894736842,True,utc_time_competition_score_high_confidence_name,OK,True,True,True,NO_PUBLIC_XG
202526-0739,LIVE_REFRESH_VERIFIED,False,False,False,OK,2,4885225,8632,951893,Levski Sofia,Sabah FK,1,1,1,0.25,True,utc_time_competition_score_high_confidence_name,OK,True,True,True,NO_PUBLIC_XG
202526-0753,LIVE_REFRESH_VERIFIED,False,False,False,OK,2,4885202,7872,10039,Olimpija Ljubljana,Egnatia,1,0.56,0.78,0.1894586895,True,separated_utc_time_competition_score_alias,OK,True,True,True,NO_PUBLIC_XG
202526-0757,LIVE_REFRESH_VERIFIED,False,False,False,OK,1,4885204,7951,1588,FC Differdange 03,FCI Levadia,1,0.6363636364,0.8181818182,0,True,unique_utc_time_competition_score_alias,OK,True,True,True,NO_PUBLIC_XG
202526-0759,LIVE_REFRESH_VERIFIED,False,False,False,OK,3,4885205,4666,7971,Vikingur,Linfield,1,0.6666666667,0.8333333333,0.1981481481,True,separated_utc_time_competition_score_alias,OK,True,True,True,NO_PUBLIC_XG
202526-0715,LIVE_REFRESH_VERIFIED,False,False,False,OK,1,4885215,7730,166865,Lausanne,FC Astana,0.6956521739,1,0.847826087,0,True,unique_utc_time_competition_score_alias,OK,True,True,True,NO_PUBLIC_XG
202526-0322,LIVE_REFRESH_VERIFIED,False,False,False,OK,2,4885179,9777,9908,Servette,FC Utrecht,0.6956521739,1,0.847826087,0.1324786325,True,separated_utc_time_competition_score_alias,OK,True,True,True,ACCEPTED
202526-0338,LIVE_REFRESH_VERIFIED,False,False,False,OK,1,4885169,9723,784771,FCSB,Drita,1,1,1,0,True,utc_time_competition_score_high_confidence_name,OK,True,True,True,NO_PUBLIC_XG
202526-0719,LIVE_REFRESH_VERIFIED,False,False,False,OK,6,4885223,480286,4662,Universitatea Craiova,Spartak Trnava,1,1,1,0.3133971292,True,utc_time_competition_score_high_confidence_name,OK,True,True,True,NO_PUBLIC_XG
202526-0727,LIVE_REFRESH_VERIFIED,False,False,False,OK,2,4885220,952668,4131,Ballkani,Shamrock Rovers,1,1,1,0.15,True,utc_time_competition_score_high_confidence_name,OK,True,True,True,NO_PUBLIC_XG
202526-0731,LIVE_REFRESH_VERIFIED,False,False,False,OK,1,4885209,7896,4622,Lugano,NK Celje,1,1,1,0,True,utc_time_competition_score_high_confidence_name,OK,True,True,True,NO_PUBLIC_XG
202526-0723,LIVE_REFRESH_VERIFIED,False,False,False,OK,6,4885212,6017,8595,Vikingur Reykjavik,Brøndby IF,1,1,1,0.2836134454,True,utc_time_competition_score_high_confidence_name,OK,True,True,True,NO_PUBLIC_XG
202526-0749,LIVE_REFRESH_VERIFIED,False,False,False,OK,1,4885230,1854,10188,St. Patrick's Athletic,Beşiktaş,1,1,1,0,True,utc_time_competition_score_high_confidence_name,OK,True,True,True,NO_PUBLIC_XG
202526-0701,LIVE_REFRESH_VERIFIED,False,False,False,OK,2,4885206,10015,9938,Rapid Wien,Dundee United,1,1,1,0.1304347826,True,utc_time_competition_score_high_confidence_name,OK,True,True,True,NO_PUBLIC_XG
202526-0725,LIVE_REFRESH_VERIFIED,False,False,False,OK,1,4885216,2206,1567,Larne,Santa Clara,1,0.88,0.94,0,True,utc_time_competition_score_high_confidence_name,OK,True,True,True,NO_PUBLIC_XG
202526-0733,LIVE_REFRESH_VERIFIED,False,False,False,OK,3,4885213,10154,10027,Hajduk Split,FC Dinamo City,1,0.6666666667,0.8333333333,0.2509803922,True,separated_utc_time_competition_score_alias,OK,True,True,True,NO_PUBLIC_XG
202526-0737,LIVE_REFRESH_VERIFIED,False,False,False,OK,3,4885221,4024,10185,Raków Częstochowa,Maccabi Haifa,1,1,1,0.2867383513,True,utc_time_competition_score_high_confidence_name,OK,True,True,True,NO_PUBLIC_XG
202526-0743,LIVE_REFRESH_VERIFIED,False,False,False,OK,1,4885227,7998,10251,Partizan Beograd,Hibernian,0.9090909091,1,0.9545454545,0,True,utc_time_competition_score_high_confidence_name,OK,True,True,True,NO_PUBLIC_XG
202526-0070,LIVE_REFRESH_VERIFIED,False,False,False,OK,1,4885145,7981,2234,Qarabag FK,KF Shkendija,1,0.8571428571,0.9285714286,0,True,utc_time_competition_score_high_confidence_name,OK,True,True,True,NO_PUBLIC_XG
202526-0060,LIVE_REFRESH_VERIFIED,False,False,False,OK,1,4885140,8391,10237,FC København,Malmö FF,1,1,1,0,True,utc_time_competition_score_high_confidence_name,OK,True,True,True,ACCEPTED
202526-0068,LIVE_REFRESH_VERIFIED,False,False,False,OK,2,4885144,2137,8688,Pafos FC,Dynamo Kyiv,1,1,1,0.2166666667,True,utc_time_competition_score_high_confidence_name,OK,True,True,True,NO_PUBLIC_XG
202526-0074,LIVE_REFRESH_VERIFIED,False,False,False,OK,1,4885147,6033,8548,Viktoria Plzen,Rangers,1,0.6363636364,0.8181818182,0,True,unique_utc_time_competition_score_alias,OK,True,True,True,ACCEPTED
202526-0078,LIVE_REFRESH_VERIFIED,False,False,False,OK,1,4885149,8695,10235,Fenerbahçe,Feyenoord,1,1,1,0,True,utc_time_competition_score_high_confidence_name,OK,True,True,True,ACCEPTED
202526-0072,LIVE_REFRESH_VERIFIED,False,False,False,OK,2,4885146,8342,10013,Club Brugge,Salzburg,1,1,1,0.2,True,utc_time_competition_score_high_confidence_name,OK,True,True,True,ACCEPTED
202526-0062,LIVE_REFRESH_VERIFIED,False,False,False,OK,1,4885141,6019,8037,Slovan Bratislava,Kairat Almaty,1,1,1,0,True,utc_time_competition_score_high_confidence_name,OK,True,True,True,ACCEPTED
202526-0066,LIVE_REFRESH_VERIFIED,False,False,False,OK,2,4885143,8222,210173,Ferencvaros,Ludogorets Razgrad,1,1,1,0.2053571429,True,utc_time_competition_score_high_confidence_name,OK,True,True,True,ACCEPTED
202526-0331,LIVE_REFRESH_VERIFIED,False,False,False,OK,1,4885162,5751,10162,Shelbourne,Rijeka,1,1,1,0,True,utc_time_competition_score_high_confidence_name,OK,True,True,True,NO_PUBLIC_XG
202526-0064,LIVE_REFRESH_VERIFIED,False,False,False,OK,1,4885142,8687,2182,FK Crvena Zvezda,Lech Poznan,1,1,1,0,True,utc_time_competition_score_high_confidence_name,OK,True,True,True,NO_PUBLIC_XG
202526-0076,LIVE_REFRESH_VERIFIED,False,False,False,OK,2,4885148,9772,9831,Benfica,Nice,1,0.6666666667,0.8333333333,0.2412280702,True,separated_utc_time_competition_score_alias,OK,True,True,True,ACCEPTED
202526-0708,LIVE_REFRESH_VERIFIED,False,False,False,OK,3,4885248,1933,8478,Başakşehir,Viking,0.6896551724,0.5454545455,0.6175548589,0.404894327,True,separated_utc_time_competition_score_alias,OK,True,True,True,NO_PUBLIC_XG
202526-0716,LIVE_REFRESH_VERIFIED,False,False,False,OK,3,4885245,166865,7730,FC Astana,Lausanne,1,0.6956521739,0.847826087,0.367003367,True,separated_utc_time_competition_score_alias,OK,True,True,True,NO_PUBLIC_XG
202526-0333,LIVE_REFRESH_VERIFIED,False,False,False,OK,1,4885164,1693,248871,KuPS,RFS,1,1,1,0,True,utc_time_competition_score_high_confidence_name,OK,True,True,True,NO_PUBLIC_XG
202526-0317,LIVE_REFRESH_VERIFIED,False,False,False,OK,2,4885174,8113,8417,FC Midtjylland,Fredrikstad,1,1,1,0.1677631579,True,utc_time_competition_score_high_confidence_name,OK,True,True,True,ACCEPTED
202526-0712,LIVE_REFRESH_VERIFIED,False,False,False,OK,1,4885237,866109,10247,Ararat Armenia,Sparta Prague,1,0.8,0.9,0,True,utc_time_competition_score_high_confidence_name,OK,True,True,True,NO_PUBLIC_XG
202526-0740,LIVE_REFRESH_VERIFIED,False,False,False,OK,3,4885255,951893,8632,Sabah FK,Levski Sofia,1,1,1,0.3727272727,True,utc_time_competition_score_high_confidence_name,OK,True,True,True,NO_PUBLIC_XG
202526-0758,LIVE_REFRESH_VERIFIED,False,False,False,OK,1,4885234,1588,7951,FCI Levadia,FC Differdange 03,0.6363636364,1,0.8181818182,0,True,unique_utc_time_competition_score_alias,OK,True,True,True,NO_PUBLIC_XG
202526-0321,LIVE_REFRESH_VERIFIED,False,False,False,OK,2,4885178,1954,8619,Wolfsberger AC,PAOK Thessaloniki FC,1,1,1,0.2989130435,True,utc_time_competition_score_high_confidence_name,OK,True,True,True,ACCEPTED
202526-0325,LIVE_REFRESH_VERIFIED,False,False,False,OK,2,4885182,8468,8428,Brann,Häcken,0.5882352941,0.8,0.6941176471,0.4096989967,True,separated_utc_time_competition_score_alias,OK,True,True,True,NO_PUBLIC_XG
202526-0329,LIVE_REFRESH_VERIFIED,False,False,False,OK,2,4885160,866111,545012,FC Noah,Lincoln Red Imps FC,1,1,1,0.1879310345,True,utc_time_competition_score_high_confidence_name,OK,True,True,True,NO_PUBLIC_XG
202526-0706,LIVE_REFRESH_VERIFIED,False,False,False,OK,3,4885244,9729,8635,FC Sheriff,Anderlecht,0.6086956522,1,0.8043478261,0.3090062112,True,separated_utc_time_competition_score_alias,OK,True,True,True,NO_PUBLIC_XG
202526-0710,LIVE_REFRESH_VERIFIED,False,False,False,OK,4,4885252,5755,8349,Györi ETO,AIK,1,1,1,0.3977272727,True,utc_time_competition_score_high_confidence_name,OK,True,True,True,NO_PUBLIC_XG
202526-0718,LIVE_REFRESH_VERIFIED,False,False,False,OK,1,4885249,8044,485832,Omonia Nicosia,Araz PFK,1,0.5217391304,0.7608695652,0,True,unique_utc_time_competition_score_alias,OK,True,True,True,NO_PUBLIC_XG
202526-0730,LIVE_REFRESH_VERIFIED,False,False,False,OK,1,4885254,7986,1181312,Paksi SE,Polissya Zhytomyr,0.7692307692,1,0.8846153846,0,True,utc_time_competition_score_high_confidence_name,OK,True,True,True,NO_PUBLIC_XG
202526-0748,LIVE_REFRESH_VERIFIED,False,False,False,OK,2,4885259,8248,8422,Hammarby,Rosenborg,0.8421052632,0.8571428571,0.8496240602,0.1079545455,True,utc_time_competition_score_high_confidence_name,OK,True,True,True,NO_PUBLIC_XG
202526-0337,LIVE_REFRESH_VERIFIED,False,False,False,OK,1,4885168,8332,10107,Breidablik,Zrinjski Mostar,1,1,1,0,True,utc_time_competition_score_high_confidence_name,OK,True,True,True,NO_PUBLIC_XG
202526-0714,LIVE_REFRESH_VERIFIED,False,False,False,OK,3,4885241,8173,624924,Beitar Jerusalem,Riga FC,1,1,1,0.3303167421,True,utc_time_competition_score_high_confidence_name,OK,True,True,True,NO_PUBLIC_XG
202526-0722,LIVE_REFRESH_VERIFIED,False,False,False,OK,2,4885238,9824,10229,FC Vaduz,AZ Alkmaar,1,1,1,0.1295546559,True,utc_time_competition_score_high_confidence_name,OK,True,True,True,NO_PUBLIC_XG
202526-0724,LIVE_REFRESH_VERIFIED,False,False,False,OK,2,4885242,8595,6017,Brøndby IF,Vikingur Reykjavik,1,1,1,0.1184615385,True,utc_time_competition_score_high_confidence_name,OK,True,True,True,NO_PUBLIC_XG
202526-0752,LIVE_REFRESH_VERIFIED,False,False,False,OK,4,4885261,944173,439132,Arda Kardzhali,FK Kauno Zalgiris,1,1,1,0.2517482517,True,utc_time_competition_score_high_confidence_name,OK,True,True,True,NO_PUBLIC_XG
202526-0323,LIVE_REFRESH_VERIFIED,False,False,False,OK,2,4885180,9908,9777,FC Utrecht,Servette,1,0.6956521739,0.847826087,0.163003663,True,separated_utc_time_competition_score_alias,OK,True,True,True,ACCEPTED
202526-0327,LIVE_REFRESH_VERIFIED,False,False,False,OK,2,4885184,9728,10200,Shakhtar Donetsk,Panathinaikos,1,1,1,0.1879310345,True,utc_time_competition_score_high_confidence_name,OK,True,True,True,ACCEPTED
202526-0335,LIVE_REFRESH_VERIFIED,False,False,False,OK,1,4885166,7855,4528,Maccabi Tel Aviv,Hamrun Spartans,1,1,1,0,True,utc_time_competition_score_high_confidence_name,OK,True,True,True,NO_PUBLIC_XG
202526-0339,LIVE_REFRESH_VERIFIED,False,False,False,OK,1,4885170,784771,9723,Drita,FCSB,1,1,1,0,True,utc_time_competition_score_high_confidence_name,OK,True,True,True,ACCEPTED
202526-0704,LIVE_REFRESH_VERIFIED,False,False,False,OK,4,4885240,10061,8106,Neman Grodno,Klaksvik,1,0.8421052632,0.9210526316,0.3392857143,True,utc_time_competition_score_high_confidence_name,OK,True,True,True,NO_PUBLIC_XG
202526-0732,LIVE_REFRESH_VERIFIED,False,False,False,OK,2,4885239,4622,7896,NK Celje,Lugano,1,1,1,0.25,True,utc_time_competition_score_high_confidence_name,OK,True,True,True,NO_PUBLIC_XG
202526-0736,LIVE_REFRESH_VERIFIED,False,False,False,OK,3,4885247,8563,2136,AEK Athens,Aris Limassol,1,1,1,0.3303167421,True,utc_time_competition_score_high_confidence_name,OK,True,True,True,NO_PUBLIC_XG
202526-0738,LIVE_REFRESH_VERIFIED,False,False,False,OK,3,4885251,10185,4024,Maccabi Haifa,Raków Częstochowa,1,1,1,0.2378947368,True,utc_time_competition_score_high_confidence_name,OK,True,True,True,NO_PUBLIC_XG
202526-0750,LIVE_REFRESH_VERIFIED,False,False,False,OK,1,4885260,10188,1854,Beşiktaş,St. Patrick's Athletic,1,1,1,0,True,utc_time_competition_score_high_confidence_name,OK,True,True,True,NO_PUBLIC_XG
202526-0742,LIVE_REFRESH_VERIFIED,False,False,False,OK,2,4885256,1957,8415,Jagiellonia Bialystok,Silkeborg,1,0.8571428571,0.9285714286,0.2085561497,True,utc_time_competition_score_high_confidence_name,OK,True,True,True,NO_PUBLIC_XG
202526-0319,LIVE_REFRESH_VERIFIED,False,False,False,OK,2,4885176,10264,9731,Braga,CFR Cluj,0.5263157895,1,0.7631578947,0.1852631579,True,separated_utc_time_competition_score_alias,OK,True,True,True,ACCEPTED
202526-0720,LIVE_REFRESH_VERIFIED,False,False,False,OK,1,4885253,4662,480286,Spartak Trnava,Universitatea Craiova,1,1,1,0,True,utc_time_competition_score_high_confidence_name,OK,True,True,True,NO_PUBLIC_XG
202526-0702,LIVE_REFRESH_VERIFIED,False,False,False,OK,2,4885236,9938,10015,Dundee United,Rapid Wien,1,1,1,0.1702786378,True,utc_time_competition_score_high_confidence_name,OK,True,True,True,NO_PUBLIC_XG
202526-0734,LIVE_REFRESH_VERIFIED,False,False,False,OK,3,4885243,10027,10154,FC Dinamo City,Hajduk Split,0.6666666667,1,0.8333333333,0.2034782609,True,separated_utc_time_competition_score_alias,OK,True,True,True,NO_PUBLIC_XG
202526-0760,LIVE_REFRESH_VERIFIED,False,False,False,OK,4,4885235,7971,4666,Linfield,Vikingur,0.6666666667,1,0.8333333333,0.2946428571,True,separated_utc_time_competition_score_alias,OK,True,True,True,NO_PUBLIC_XG
202526-0315,LIVE_REFRESH_VERIFIED,False,False,False,OK,2,4885172,8673,7797,Legia Warszawa,AEK Larnaca,0.9230769231,1,0.9615384615,0.1578947368,True,utc_time_competition_score_high_confidence_name,OK,True,True,True,ACCEPTED
202526-0726,LIVE_REFRESH_VERIFIED,False,False,False,OK,1,4885246,1567,2206,Santa Clara,Larne,0.88,1,0.94,0,True,utc_time_competition_score_high_confidence_name,OK,True,True,True,NO_PUBLIC_XG
202526-0728,LIVE_REFRESH_VERIFIED,False,False,False,OK,2,4885250,4131,952668,Shamrock Rovers,Ballkani,1,1,1,0.1569230769,True,utc_time_competition_score_high_confidence_name,OK,True,True,True,NO_PUBLIC_XG
202526-0744,LIVE_REFRESH_VERIFIED,False,False,False,OK,1,4885257,10251,7998,Hibernian,Partizan Beograd,1,0.9090909091,0.9545454545,0,True,utc_time_competition_score_high_confidence_name,OK,True,True,True,NO_PUBLIC_XG
202526-0746,LIVE_REFRESH_VERIFIED,False,False,False,OK,3,4885258,10011,6362,Austria Wien,Banik Ostrava,1,1,1,0.2883295195,True,utc_time_competition_score_high_confidence_name,OK,True,True,True,NO_PUBLIC_XG
202526-0754,LIVE_REFRESH_VERIFIED,False,False,False,OK,2,4885232,10039,7872,Egnatia,Olimpija Ljubljana,0.56,1,0.78,0.2536231884,True,separated_utc_time_competition_score_alias,OK,True,True,True,NO_PUBLIC_XG
202526-0756,LIVE_REFRESH_VERIFIED,False,False,False,OK,1,4885233,163539,175682,Virtus Acquaviva,FC Milsami Orhei,0.5454545455,1,0.7727272727,0,True,unique_utc_time_competition_score_alias,OK,True,True,True,NO_PUBLIC_XG
202526-0079,LIVE_REFRESH_VERIFIED,False,False,False,OK,2,4912068,8222,7981,Ferencvaros,Qarabag FK,1,1,1,0.3205128205,True,utc_time_competition_score_high_confidence_name,OK,True,True,True,ACCEPTED
202526-0081,LIVE_REFRESH_VERIFIED,False,False,False,OK,1,4912070,8687,2137,FK Crvena Zvezda,Pafos FC,1,1,1,0,True,utc_time_competition_score_high_confidence_name,OK,True,True,True,ACCEPTED
202526-0091,LIVE_REFRESH_VERIFIED,False,False,False,OK,2,4912080,8548,8342,Rangers,Club Brugge,0.6363636364,1,0.8181818182,0.2692307692,True,separated_utc_time_competition_score_alias,OK,True,True,True,ACCEPTED
202526-0083,LIVE_REFRESH_VERIFIED,False,False,False,OK,1,4912072,8402,10014,Bodø/Glimt,Sturm Graz,1,1,1,0,True,utc_time_competition_score_high_confidence_name,OK,True,True,True,ACCEPTED
202526-0085,LIVE_REFRESH_VERIFIED,False,False,False,OK,2,4912074,9925,8037,Celtic,Kairat Almaty,1,1,1,0.175,True,utc_time_competition_score_high_confidence_name,OK,True,True,True,ACCEPTED
202526-0087,LIVE_REFRESH_VERIFIED,False,False,False,OK,1,4912076,9931,8391,Basel,FC København,1,1,1,0,True,utc_time_competition_score_high_confidence_name,OK,True,True,True,ACCEPTED
202526-0089,LIVE_REFRESH_VERIFIED,False,False,False,OK,2,4912078,8695,9772,Fenerbahçe,Benfica,1,1,1,0.225,True,utc_time_competition_score_high_confidence_name,OK,True,True,True,ACCEPTED
202526-0791,LIVE_REFRESH_VERIFIED,False,False,False,OK,5,4912653,8422,9905,Rosenborg,Mainz 05,0.8571428571,0.8,0.8285714286,0.2943143813,True,utc_time_competition_score_high_confidence_name,OK,True,True,True,NO_PUBLIC_XG
202526-0354,LIVE_REFRESH_VERIFIED,False,False,False,OK,1,4912257,8113,1693,FC Midtjylland,KuPS,1,1,1,0,True,utc_time_competition_score_high_confidence_name,OK,True,True,True,ACCEPTED
202526-0346,LIVE_REFRESH_VERIFIED,False,False,False,OK,1,4912253,10237,6461,Malmö FF,Sigma Olomouc,1,1,1,0,True,utc_time_competition_score_high_confidence_name,OK,True,True,True,NO_PUBLIC_XG
202526-0360,LIVE_REFRESH_VERIFIED,False,False,False,OK,3,4912260,8468,7797,Brann,AEK Larnaca,0.5882352941,1,0.7941176471,0.2152380952,True,separated_utc_time_competition_score_alias,OK,True,True,True,NO_PUBLIC_XG
202526-0787,LIVE_REFRESH_VERIFIED,False,False,False,OK,5,4912649,5755,10015,Györi ETO,Rapid Wien,1,1,1,0.3205128205,True,utc_time_competition_score_high_confidence_name,OK,True,True,True,NO_PUBLIC_XG
202526-0795,LIVE_REFRESH_VERIFIED,False,False,False,OK,1,4912655,8428,9731,Häcken,CFR Cluj,0.8,1,0.9,0,True,utc_time_competition_score_high_confidence_name,OK,True,True,True,NO_PUBLIC_XG
202526-0797,LIVE_REFRESH_VERIFIED,False,False,False,OK,5,4912656,1954,8044,Wolfsberger AC,Omonia Nicosia,1,1,1,0.3863636364,True,utc_time_competition_score_high_confidence_name,OK,True,True,True,NO_PUBLIC_XG
202526-0799,LIVE_REFRESH_VERIFIED,False,False,False,OK,4,4912633,4528,248871,Hamrun Spartans,RFS,1,1,1,0.315270936,True,utc_time_competition_score_high_confidence_name,OK,True,True,True,NO_PUBLIC_XG
202526-0773,LIVE_REFRESH_VERIFIED,False,False,False,OK,3,4912642,1933,480286,Başakşehir,Universitatea Craiova,0.6896551724,1,0.8448275862,0.3111111111,True,separated_utc_time_competition_score_alias,OK,True,True,True,NO_PUBLIC_XG
202526-0340,LIVE_REFRESH_VERIFIED,False,False,False,OK,1,4912250,7855,8688,Maccabi Tel Aviv,Dynamo Kyiv,1,1,1,0,True,utc_time_competition_score_high_confidence_name,OK,True,True,True,NO_PUBLIC_XG
202526-0342,LIVE_REFRESH_VERIFIED,False,False,False,OK,3,4912251,2234,210173,KF Shkendija,Ludogorets Razgrad,0.8571428571,1,0.9285714286,0.2093596059,True,utc_time_competition_score_high_confidence_name,OK,True,True,True,NO_PUBLIC_XG
202526-0348,LIVE_REFRESH_VERIFIED,False,False,False,OK,3,4912254,10200,9750,Panathinaikos,Samsunspor,1,1,1,0.2619047619,True,utc_time_competition_score_high_confidence_name,OK,True,True,True,ACCEPTED
202526-0358,LIVE_REFRESH_VERIFIED,False,False,False,OK,1,4912259,10107,9908,Zrinjski Mostar,FC Utrecht,1,1,1,0,True,utc_time_competition_score_high_confidence_name,OK,True,True,True,ACCEPTED
202526-0761,LIVE_REFRESH_VERIFIED,False,False,False,OK,1,4912638,9848,8595,Strasbourg,Brøndby IF,0.8695652174,1,0.9347826087,0,True,utc_time_competition_score_high_confidence_name,OK,True,True,True,NO_PUBLIC_XG
202526-0763,LIVE_REFRESH_VERIFIED,False,False,False,OK,3,4912641,8635,8563,Anderlecht,AEK Athens,1,1,1,0.2820512821,True,utc_time_competition_score_high_confidence_name,OK,True,True,True,NO_PUBLIC_XG
202526-0765,LIVE_REFRESH_VERIFIED,False,False,False,OK,4,4912644,4622,6362,NK Celje,Banik Ostrava,1,1,1,0.3135964912,True,utc_time_competition_score_high_confidence_name,OK,True,True,True,NO_PUBLIC_XG
202526-0767,LIVE_REFRESH_VERIFIED,False,False,False,OK,1,4912647,8632,10229,Levski Sofia,AZ Alkmaar,1,1,1,0,True,utc_time_competition_score_high_confidence_name,OK,True,True,True,NO_PUBLIC_XG
202526-0769,LIVE_REFRESH_VERIFIED,False,False,False,OK,1,4912650,10061,8370,Neman Grodno,Rayo Vallecano,1,1,1,0,True,utc_time_competition_score_high_confidence_name,OK,True,True,True,NO_PUBLIC_XG
202526-0777,LIVE_REFRESH_VERIFIED,False,False,False,OK,1,4912648,1181312,8535,Polissya Zhytomyr,Fiorentina,1,1,1,0,True,utc_time_competition_score_high_confidence_name,OK,True,True,True,NO_PUBLIC_XG
202526-0781,LIVE_REFRESH_VERIFIED,False,False,False,OK,3,4912640,9728,9777,Shakhtar Donetsk,Servette,1,0.6956521739,0.847826087,0.2753846154,True,separated_utc_time_competition_score_alias,OK,True,True,True,NO_PUBLIC_XG
202526-0793,LIVE_REFRESH_VERIFIED,False,False,False,OK,1,4912654,10247,624924,Sparta Prague,Riga FC,0.8,1,0.9,0,True,utc_time_competition_score_high_confidence_name,OK,True,True,True,NO_PUBLIC_XG
202526-0803,LIVE_REFRESH_VERIFIED,False,False,False,OK,5,4912635,8332,163539,Breidablik,Virtus Acquaviva,1,0.5454545455,0.7727272727,0.3,True,separated_utc_time_competition_score_alias,OK,True,True,True,NO_PUBLIC_XG
202526-0805,LIVE_REFRESH_VERIFIED,False,False,False,OK,5,4912636,784771,7951,Drita,FC Differdange 03,1,1,1,0.2777777778,True,utc_time_competition_score_high_confidence_name,OK,True,True,True,NO_PUBLIC_XG
202526-0807,LIVE_REFRESH_VERIFIED,False,False,False,OK,1,4912637,7872,866111,Olimpija Ljubljana,FC Noah,1,1,1,0,True,utc_time_competition_score_high_confidence_name,OK,True,True,True,NO_PUBLIC_XG
202526-0344,LIVE_REFRESH_VERIFIED,False,False,False,OK,1,4912252,6019,10192,Slovan Bratislava,Young Boys,1,1,1,0,True,utc_time_competition_score_high_confidence_name,OK,True,True,True,ACCEPTED
202526-0771,LIVE_REFRESH_VERIFIED,False,False,False,OK,1,4912639,1957,10027,Jagiellonia Bialystok,FC Dinamo City,1,0.6666666667,0.8333333333,0,True,unique_utc_time_competition_score_alias,OK,True,True,True,NO_PUBLIC_XG
202526-0779,LIVE_REFRESH_VERIFIED,False,False,False,OK,3,4912651,7730,10188,Lausanne,Beşiktaş,0.6956521739,1,0.847826087,0.3185483871,True,separated_utc_time_competition_score_alias,OK,True,True,True,NO_PUBLIC_XG
202526-0352,LIVE_REFRESH_VERIFIED,False,False,False,OK,1,4912256,2182,9987,Lech Poznan,Genk,1,1,1,0,True,utc_time_competition_score_high_confidence_name,OK,True,True,True,ACCEPTED
202526-0350,LIVE_REFRESH_VERIFIED,False,False,False,OK,1,4912255,8485,9723,Aberdeen,FCSB,1,1,1,0,True,utc_time_competition_score_high_confidence_name,OK,True,True,True,ACCEPTED
202526-0362,LIVE_REFRESH_VERIFIED,False,False,False,OK,1,4912261,10162,8619,Rijeka,PAOK Thessaloniki FC,1,1,1,0,True,utc_time_competition_score_high_confidence_name,OK,True,True,True,ACCEPTED
202526-0801,LIVE_REFRESH_VERIFIED,False,False,False,OK,1,4912634,5751,7971,Shelbourne,Linfield,1,0.6666666667,0.8333333333,0,True,unique_utc_time_competition_score_alias,OK,True,True,True,NO_PUBLIC_XG
202526-0356,LIVE_REFRESH_VERIFIED,False,False,False,OK,1,4912258,545012,10264,Lincoln Red Imps FC,Braga,1,0.5263157895,0.7631578947,0,True,unique_utc_time_competition_score_alias,OK,True,True,True,NO_PUBLIC_XG
202526-0775,LIVE_REFRESH_VERIFIED,False,False,False,OK,4,4912645,4024,944173,Raków Częstochowa,Arda Kardzhali,1,1,1,0.2390572391,True,utc_time_competition_score_high_confidence_name,OK,True,True,True,NO_PUBLIC_XG
202526-0783,LIVE_REFRESH_VERIFIED,False,False,False,OK,4,4912643,9826,8417,Crystal Palace,Fredrikstad,1,1,1,0.3135964912,True,utc_time_competition_score_high_confidence_name,OK,True,True,True,NO_PUBLIC_XG
202526-0785,LIVE_REFRESH_VERIFIED,False,False,False,OK,3,4912646,10251,8673,Hibernian,Legia Warszawa,1,0.9230769231,0.9615384615,0.3397129187,True,utc_time_competition_score_high_confidence_name,OK,True,True,True,NO_PUBLIC_XG
202526-0789,LIVE_REFRESH_VERIFIED,False,False,False,OK,3,4912652,1567,4131,Santa Clara,Shamrock Rovers,0.88,1,0.94,0.2361111111,True,utc_time_competition_score_high_confidence_name,OK,True,True,True,NO_PUBLIC_XG
202526-0086,LIVE_REFRESH_VERIFIED,False,False,False,OK,1,4912075,8037,9925,Kairat Almaty,Celtic,1,1,1,0,True,utc_time_competition_score_high_confidence_name,OK,True,True,True,ACCEPTED
202526-0082,LIVE_REFRESH_VERIFIED,False,False,False,OK,1,4912071,2137,8687,Pafos FC,FK Crvena Zvezda,1,1,1,0,True,utc_time_competition_score_high_confidence_name,OK,True,True,True,ACCEPTED
202526-0084,LIVE_REFRESH_VERIFIED,False,False,False,OK,1,4912073,10014,8402,Sturm Graz,Bodø/Glimt,1,1,1,0,True,utc_time_competition_score_high_confidence_name,OK,True,True,True,ACCEPTED
202526-0361,LIVE_REFRESH_VERIFIED,False,False,False,OK,1,4912272,7797,8468,AEK Larnaca,Brann,1,0.5882352941,0.7941176471,0,True,unique_utc_time_competition_score_alias,OK,True,True,True,ACCEPTED
202526-0080,LIVE_REFRESH_VERIFIED,False,False,False,OK,1,4912069,7981,8222,Qarabag FK,Ferencvaros,1,1,1,0,True,utc_time_competition_score_high_confidence_name,OK,True,True,True,ACCEPTED
202526-0794,LIVE_REFRESH_VERIFIED,False,False,False,OK,3,4912678,624924,10247,Riga FC,Sparta Prague,1,0.8,0.9,0.2415458937,True,utc_time_competition_score_high_confidence_name,OK,True,True,True,NO_PUBLIC_XG
202526-0088,LIVE_REFRESH_VERIFIED,False,False,False,OK,1,4912077,8391,9931,FC København,Basel,1,1,1,0,True,utc_time_competition_score_high_confidence_name,OK,True,True,True,ACCEPTED
202526-0090,LIVE_REFRESH_VERIFIED,False,False,False,OK,1,4912079,9772,8695,Benfica,Fenerbahçe,1,1,1,0,True,utc_time_competition_score_high_confidence_name,OK,True,True,True,ACCEPTED
202526-0092,LIVE_REFRESH_VERIFIED,False,False,False,OK,1,4912081,8342,8548,Club Brugge,Rangers,1,0.6363636364,0.8181818182,0,True,unique_utc_time_competition_score_alias,OK,True,True,True,ACCEPTED
202526-0355,LIVE_REFRESH_VERIFIED,False,False,False,OK,2,4912269,1693,8113,KuPS,FC Midtjylland,1,1,1,0.1640866873,True,utc_time_competition_score_high_confidence_name,OK,True,True,True,ACCEPTED
202526-0784,LIVE_REFRESH_VERIFIED,False,False,False,OK,2,4912667,8417,9826,Fredrikstad,Crystal Palace,1,1,1,0.3938461538,True,utc_time_competition_score_high_confidence_name,OK,True,True,True,NO_PUBLIC_XG
202526-0798,LIVE_REFRESH_VERIFIED,False,False,False,OK,3,4912680,8044,1954,Omonia Nicosia,Wolfsberger AC,1,1,1,0.1944444444,True,utc_time_competition_score_high_confidence_name,OK,True,True,True,NO_PUBLIC_XG
202526-0808,LIVE_REFRESH_VERIFIED,False,False,False,OK,2,4912661,866111,7872,FC Noah,Olimpija Ljubljana,1,1,1,0.2857142857,True,utc_time_competition_score_high_confidence_name,OK,True,True,True,NO_PUBLIC_XG
202526-0347,LIVE_REFRESH_VERIFIED,False,False,False,OK,2,4912265,6461,10237,Sigma Olomouc,Malmö FF,1,1,1,0.1640866873,True,utc_time_competition_score_high_confidence_name,OK,True,True,True,ACCEPTED
202526-0349,LIVE_REFRESH_VERIFIED,False,False,False,OK,2,4912266,9750,10200,Samsunspor,Panathinaikos,1,1,1,0.2962184874,True,utc_time_competition_score_high_confidence_name,OK,True,True,True,ACCEPTED
202526-0780,LIVE_REFRESH_VERIFIED,False,False,False,OK,2,4912675,10188,7730,Beşiktaş,Lausanne,1,0.6956521739,0.847826087,0.1409090909,True,separated_utc_time_competition_score_alias,OK,True,True,True,NO_PUBLIC_XG
202526-0788,LIVE_REFRESH_VERIFIED,False,False,False,OK,2,4912673,10015,5755,Rapid Wien,Györi ETO,1,1,1,0.2714285714,True,utc_time_competition_score_high_confidence_name,OK,True,True,True,NO_PUBLIC_XG
202526-0800,LIVE_REFRESH_VERIFIED,False,False,False,OK,1,4912657,248871,4528,RFS,Hamrun Spartans,1,1,1,0,True,utc_time_competition_score_high_confidence_name,OK,True,True,True,NO_PUBLIC_XG
202526-0343,LIVE_REFRESH_VERIFIED,False,False,False,OK,1,4912263,210173,2234,Ludogorets Razgrad,KF Shkendija,1,0.8571428571,0.9285714286,0,True,utc_time_competition_score_high_confidence_name,OK,True,True,True,ACCEPTED
202526-0363,LIVE_REFRESH_VERIFIED,False,False,False,OK,1,4912273,8619,10162,PAOK Thessaloniki FC,Rijeka,1,1,1,0,True,utc_time_competition_score_high_confidence_name,OK,True,True,True,ACCEPTED
202526-0768,LIVE_REFRESH_VERIFIED,False,False,False,OK,2,4912671,10229,8632,AZ Alkmaar,Levski Sofia,1,1,1,0.2619047619,True,utc_time_competition_score_high_confidence_name,OK,True,True,True,NO_PUBLIC_XG
202526-0774,LIVE_REFRESH_VERIFIED,False,False,False,OK,1,4912666,480286,1933,Universitatea Craiova,Başakşehir,1,0.6896551724,0.8448275862,0,True,unique_utc_time_competition_score_alias,OK,True,True,True,NO_PUBLIC_XG
202526-0796,LIVE_REFRESH_VERIFIED,False,False,False,OK,3,4912679,9731,8428,CFR Cluj,Häcken,1,0.8,0.9,0.2196969697,True,utc_time_competition_score_high_confidence_name,OK,True,True,True,NO_PUBLIC_XG
202526-0341,LIVE_REFRESH_VERIFIED,False,False,False,OK,1,4912262,8688,7855,Dynamo Kyiv,Maccabi Tel Aviv,1,1,1,0,True,utc_time_competition_score_high_confidence_name,OK,True,True,True,NO_PUBLIC_XG
202526-0345,LIVE_REFRESH_VERIFIED,False,False,False,OK,1,4912264,10192,6019,Young Boys,Slovan Bratislava,1,1,1,0,True,utc_time_competition_score_high_confidence_name,OK,True,True,True,ACCEPTED
202526-0353,LIVE_REFRESH_VERIFIED,False,False,False,OK,1,4912268,9987,2182,Genk,Lech Poznan,1,1,1,0,True,utc_time_competition_score_high_confidence_name,OK,True,True,True,ACCEPTED
202526-0359,LIVE_REFRESH_VERIFIED,False,False,False,OK,2,4912271,9908,10107,FC Utrecht,Zrinjski Mostar,1,1,1,0.2962184874,True,utc_time_competition_score_high_confidence_name,OK,True,True,True,ACCEPTED
202526-0762,LIVE_REFRESH_VERIFIED,False,False,False,OK,1,4912662,8595,9848,Brøndby IF,Strasbourg,1,0.8695652174,0.9347826087,0,True,utc_time_competition_score_high_confidence_name,OK,True,True,True,NO_PUBLIC_XG
202526-0764,LIVE_REFRESH_VERIFIED,False,False,False,OK,2,4912665,8563,8635,AEK Athens,Anderlecht,1,1,1,0.2714285714,True,utc_time_competition_score_high_confidence_name,OK,True,True,True,NO_PUBLIC_XG
202526-0766,LIVE_REFRESH_VERIFIED,False,False,False,OK,2,4912668,6362,4622,Banik Ostrava,NK Celje,1,1,1,0.2952380952,True,utc_time_competition_score_high_confidence_name,OK,True,True,True,NO_PUBLIC_XG
202526-0770,LIVE_REFRESH_VERIFIED,False,False,False,OK,1,4912674,8370,10061,Rayo Vallecano,Neman Grodno,1,1,1,0,True,utc_time_competition_score_high_confidence_name,OK,True,True,True,NO_PUBLIC_XG
202526-0776,LIVE_REFRESH_VERIFIED,False,False,False,OK,2,4912669,944173,4024,Arda Kardzhali,Raków Częstochowa,1,1,1,0.196969697,True,utc_time_competition_score_high_confidence_name,OK,True,True,True,NO_PUBLIC_XG
202526-0778,LIVE_REFRESH_VERIFIED,False,False,False,OK,2,4912672,8535,1181312,Fiorentina,Polissya Zhytomyr,1,1,1,0.2857142857,True,utc_time_competition_score_high_confidence_name,OK,True,True,True,NO_PUBLIC_XG
202526-0806,LIVE_REFRESH_VERIFIED,False,False,False,OK,2,4912660,7951,784771,FC Differdange 03,Drita,1,1,1,0.1678321678,True,utc_time_competition_score_high_confidence_name,OK,True,True,True,NO_PUBLIC_XG
202526-0351,LIVE_REFRESH_VERIFIED,False,False,False,OK,1,4912267,9723,8485,FCSB,Aberdeen,1,1,1,0,True,utc_time_competition_score_high_confidence_name,OK,True,True,True,ACCEPTED
202526-0772,LIVE_REFRESH_VERIFIED,False,False,False,OK,1,4912663,10027,1957,FC Dinamo City,Jagiellonia Bialystok,0.6666666667,1,0.8333333333,0,True,unique_utc_time_competition_score_alias,OK,True,True,True,NO_PUBLIC_XG
202526-0802,LIVE_REFRESH_VERIFIED,False,False,False,OK,2,4912658,7971,5751,Linfield,Shelbourne,0.6666666667,1,0.8333333333,0.3379310345,True,separated_utc_time_competition_score_alias,OK,True,True,True,NO_PUBLIC_XG
202526-0357,LIVE_REFRESH_VERIFIED,False,False,False,OK,1,4912270,10264,545012,Braga,Lincoln Red Imps FC,0.5263157895,1,0.7631578947,0,True,unique_utc_time_competition_score_alias,OK,True,True,True,NO_PUBLIC_XG
202526-0782,LIVE_REFRESH_VERIFIED,False,False,False,OK,2,4912664,9777,9728,Servette,Shakhtar Donetsk,0.6956521739,1,0.847826087,0.1901776385,True,separated_utc_time_competition_score_alias,OK,True,True,True,NO_PUBLIC_XG
202526-0786,LIVE_REFRESH_VERIFIED,False,False,False,OK,1,4912670,8673,10251,Legia Warszawa,Hibernian,0.9230769231,1,0.9615384615,0,True,utc_time_competition_score_high_confidence_name,OK,True,True,True,NO_PUBLIC_XG
202526-0790,LIVE_REFRESH_VERIFIED,False,False,False,OK,2,4912676,4131,1567,Shamrock Rovers,Santa Clara,1,0.88,0.94,0.3269230769,True,utc_time_competition_score_high_confidence_name,OK,True,True,True,NO_PUBLIC_XG
202526-0792,LIVE_REFRESH_VERIFIED,False,False,False,OK,2,4912677,9905,8422,Mainz 05,Rosenborg,0.8,0.8571428571,0.8285714286,0.178030303,True,utc_time_competition_score_high_confidence_name,OK,True,True,True,NO_PUBLIC_XG
202526-0804,LIVE_REFRESH_VERIFIED,False,False,False,OK,1,4912659,163539,8332,Virtus Acquaviva,Breidablik,0.5454545455,1,0.7727272727,0,True,unique_utc_time_competition_score_alias,OK,True,True,True,NO_PUBLIC_XG
202526-0093,LIVE_REFRESH_VERIFIED,False,False,False,OK,5,4947178,8315,9825,Athletic Club,Arsenal,0.6956521739,1,0.847826087,0.303030303,True,separated_utc_time_competition_score_alias,OK,True,True,True,ACCEPTED
202526-0094,LIVE_REFRESH_VERIFIED,False,False,False,OK,1,4947237,8640,7978,PSV Eindhoven,Union St.Gilloise,1,0.9189189189,0.9594594595,0,True,utc_time_competition_score_high_confidence_name,OK,True,True,True,ACCEPTED
202526-0095,LIVE_REFRESH_VERIFIED,False,False,False,OK,1,4947134,9885,9789,Juventus,Borussia Dortmund,1,1,1,0,True,utc_time_competition_score_high_confidence_name,OK,True,True,True,ACCEPTED
202526-0096,LIVE_REFRESH_VERIFIED,False,False,False,OK,6,4947120,8633,8592,Real Madrid,Marseille,1,0.6428571429,0.8214285714,0.3890977444,True,separated_utc_time_competition_score_alias,OK,True,True,True,ACCEPTED
202526-0097,LIVE_REFRESH_VERIFIED,False,False,False,OK,1,4947188,9772,7981,Benfica,Qarabag FK,1,1,1,0,True,utc_time_competition_score_high_confidence_name,OK,True,True,True,ACCEPTED
202526-0098,LIVE_REFRESH_VERIFIED,False,False,False,OK,2,4947209,8586,10205,Tottenham Hotspur,Villarreal,1,1,1,0.265795207,True,utc_time_competition_score_high_confidence_name,OK,True,True,True,ACCEPTED
202526-0099,LIVE_REFRESH_VERIFIED,False,False,False,OK,3,4947230,8638,2137,Olympiacos,Pafos FC,0.6428571429,1,0.8214285714,0.2866666667,True,separated_utc_time_competition_score_alias,OK,True,True,True,ACCEPTED
202526-0100,LIVE_REFRESH_VERIFIED,False,False,False,OK,3,4947222,7787,8402,Slavia Prague,Bodø/Glimt,0.8,1,0.9,0.2152380952,True,utc_time_competition_score_high_confidence_name,OK,True,True,True,ACCEPTED
202526-0101,LIVE_REFRESH_VERIFIED,False,False,False,OK,5,4947129,8593,8636,Ajax,Inter,1,0.5263157895,0.7631578947,0.2738095238,True,separated_utc_time_competition_score_alias,OK,True,True,True,ACCEPTED
202526-0102,LIVE_REFRESH_VERIFIED,False,False,False,OK,3,4947101,9823,8455,Bayern München,Chelsea,1,1,1,0.3128342246,True,utc_time_competition_score_high_confidence_name,OK,True,True,True,ACCEPTED
202526-0103,LIVE_REFRESH_VERIFIED,False,False,False,OK,1,4947139,8650,9906,Liverpool,Atletico Madrid,1,1,1,0,True,utc_time_competition_score_high_confidence_name,OK,True,True,True,ACCEPTED
202526-0104,LIVE_REFRESH_VERIFIED,False,False,False,OK,2,4947154,9847,8524,Paris Saint-Germain,Atalanta,1,1,1,0.2287581699,True,utc_time_competition_score_high_confidence_name,OK,True,True,True,ACCEPTED
202526-0105,LIVE_REFRESH_VERIFIED,False,False,False,OK,2,4947192,8342,9829,Club Brugge,Monaco,1,0.8,0.9,0.2994652406,True,utc_time_competition_score_high_confidence_name,OK,True,True,True,ACCEPTED
202526-0106,LIVE_REFRESH_VERIFIED,False,False,False,OK,3,4947172,8391,8178,FC København,Bayer Leverkusen,1,1,1,0.3272727273,True,utc_time_competition_score_high_confidence_name,OK,True,True,True,ACCEPTED
202526-0107,LIVE_REFRESH_VERIFIED,False,False,False,OK,1,4947197,9810,8637,Eintracht Frankfurt,Galatasaray,1,1,1,0,True,utc_time_competition_score_high_confidence_name,OK,True,True,True,ACCEPTED
202526-0108,LIVE_REFRESH_VERIFIED,False,False,False,OK,1,4947162,8456,9875,Manchester City,Napoli,1,1,1,0,True,utc_time_competition_score_high_confidence_name,OK,True,True,True,ACCEPTED
202526-0109,LIVE_REFRESH_VERIFIED,False,False,False,OK,1,4947153,10261,8634,Newcastle United,Barcelona,1,1,1,0,True,utc_time_competition_score_high_confidence_name,OK,True,True,True,ACCEPTED
202526-0110,LIVE_REFRESH_VERIFIED,False,False,False,OK,2,4947226,9768,8037,Sporting CP,Kairat Almaty,0.7586206897,1,0.8793103448,0.1359649123,True,utc_time_competition_score_high_confidence_name,OK,True,True,True,ACCEPTED
202526-0364,LIVE_REFRESH_VERIFIED,False,False,False,OK,1,4947854,8113,10014,FC Midtjylland,Sturm Graz,1,1,1,0,True,utc_time_competition_score_high_confidence_name,OK,True,True,True,ACCEPTED
202526-0365,LIVE_REFRESH_VERIFIED,False,False,False,OK,1,4947825,8619,7855,PAOK Thessaloniki FC,Maccabi Tel Aviv,1,1,1,0,True,utc_time_competition_score_high_confidence_name,OK,True,True,True,ACCEPTED
202526-0366,LIVE_REFRESH_VERIFIED,False,False,False,OK,2,4947817,8687,9925,FK Crvena Zvezda,Celtic,1,1,1,0.2166666667,True,utc_time_competition_score_high_confidence_name,OK,True,True,True,ACCEPTED
202526-0367,LIVE_REFRESH_VERIFIED,False,False,False,OK,1,4947793,10156,8695,Dinamo Zagreb,Fenerbahçe,1,1,1,0,True,utc_time_competition_score_high_confidence_name,OK,True,True,True,ACCEPTED
202526-0368,LIVE_REFRESH_VERIFIED,False,False,False,OK,2,4947899,10237,210173,Malmö FF,Ludogorets Razgrad,1,1,1,0.09090909091,True,utc_time_competition_score_high_confidence_name,OK,True,True,True,ACCEPTED
202526-0369,LIVE_REFRESH_VERIFIED,False,False,False,OK,2,4947876,9831,8686,Nice,Roma,0.6666666667,0.7272727273,0.696969697,0.285,True,separated_utc_time_competition_score_alias,OK,True,True,True,ACCEPTED
202526-0370,LIVE_REFRESH_VERIFIED,False,False,False,OK,1,4947798,8603,10203,Real Betis,Nottingham Forest,1,1,1,0,True,utc_time_competition_score_high_confidence_name,OK,True,True,True,ACCEPTED
202526-0371,LIVE_REFRESH_VERIFIED,False,False,False,OK,2,4947812,10264,10235,Braga,Feyenoord,0.5263157895,1,0.7631578947,0.2225,True,separated_utc_time_competition_score_alias,OK,True,True,True,ACCEPTED
202526-0372,LIVE_REFRESH_VERIFIED,False,False,False,OK,3,4947858,8358,9931,Freiburg,Basel,1,1,1,0.2769230769,True,utc_time_competition_score_high_confidence_name,OK,True,True,True,ACCEPTED
202526-0373,LIVE_REFRESH_VERIFIED,False,False,False,OK,4,4947903,6433,9723,Go Ahead Eagles,FCSB,1,1,1,0.1363636364,True,utc_time_competition_score_high_confidence_name,OK,True,True,True,ACCEPTED
202526-0374,LIVE_REFRESH_VERIFIED,False,False,False,OK,3,4947787,8639,8468,Lille,Brann,0.7142857143,0.5882352941,0.6512605042,0.2352941176,True,separated_utc_time_competition_score_alias,OK,True,True,True,ACCEPTED
202526-0375,LIVE_REFRESH_VERIFIED,False,False,False,OK,2,4947807,10252,9857,Aston Villa,Bologna,1,1,1,0.25,True,utc_time_competition_score_high_confidence_name,OK,True,True,True,ACCEPTED
202526-0376,LIVE_REFRESH_VERIFIED,False,False,False,OK,1,4947847,10192,10200,Young Boys,Panathinaikos,1,1,1,0,True,utc_time_competition_score_high_confidence_name,OK,True,True,True,ACCEPTED
202526-0377,LIVE_REFRESH_VERIFIED,False,False,False,OK,4,4947800,10013,9773,Salzburg,FC Porto,1,1,1,0.2444444444,True,utc_time_competition_score_high_confidence_name,OK,True,True,True,ACCEPTED
202526-0378,LIVE_REFRESH_VERIFIED,False,False,False,OK,4,4947906,9908,9748,FC Utrecht,Lyon,1,0.4444444444,0.7222222222,0.253968254,True,separated_utc_time_competition_score_alias,OK,True,True,True,ACCEPTED
202526-0379,LIVE_REFRESH_VERIFIED,False,False,False,OK,2,4947833,8222,6033,Ferencvaros,Viktoria Plzen,1,1,1,0.2583333333,True,utc_time_competition_score_high_confidence_name,OK,True,True,True,ACCEPTED
202526-0380,LIVE_REFRESH_VERIFIED,False,False,False,OK,4,4947791,8548,9987,Rangers,Genk,0.6363636364,1,0.8181818182,0.2159090909,True,separated_utc_time_competition_score_alias,OK,True,True,True,ACCEPTED
202526-0381,LIVE_REFRESH_VERIFIED,False,False,False,OK,3,4947892,10269,9910,VfB Stuttgart,Celta Vigo,1,0.8695652174,0.9347826087,0.3015873016,True,utc_time_competition_score_high_confidence_name,OK,True,True,True,ACCEPTED
202526-0111,LIVE_REFRESH_VERIFIED,False,False,False,OK,2,4947179,8524,8342,Atalanta,Club Brugge,1,1,1,0.2605042017,True,utc_time_competition_score_high_confidence_name,OK,True,True,True,ACCEPTED
202526-0112,LIVE_REFRESH_VERIFIED,False,False,False,OK,1,4947123,8037,8633,Kairat Almaty,Real Madrid,1,1,1,0,True,utc_time_competition_score_high_confidence_name,OK,True,True,True,ACCEPTED
202526-0113,LIVE_REFRESH_VERIFIED,False,False,False,OK,1,4947194,9906,9810,Atletico Madrid,Eintracht Frankfurt,1,1,1,0,True,utc_time_competition_score_high_confidence_name,OK,True,True,True,ACCEPTED
202526-0114,LIVE_REFRESH_VERIFIED,False,False,False,OK,4,4947110,8455,9772,Chelsea,Benfica,1,1,1,0.3095238095,True,utc_time_competition_score_high_confidence_name,OK,True,True,True,ACCEPTED
202526-0115,LIVE_REFRESH_VERIFIED,False,False,False,OK,2,4947128,8636,7787,Inter,Slavia Prague,0.5263157895,0.8,0.6631578947,0.2732793522,True,separated_utc_time_competition_score_alias,OK,True,True,True,ACCEPTED
202526-0116,LIVE_REFRESH_VERIFIED,False,False,False,OK,4,4947219,8402,8586,Bodø/Glimt,Tottenham Hotspur,1,1,1,0.2126315789,True,utc_time_competition_score_high_confidence_name,OK,True,True,True,ACCEPTED
202526-0117,LIVE_REFRESH_VERIFIED,False,False,False,OK,4,4947144,8637,8650,Galatasaray,Liverpool,1,1,1,0.1339285714,True,utc_time_competition_score_high_confidence_name,OK,True,True,True,ACCEPTED
202526-0118,LIVE_REFRESH_VERIFIED,False,False,False,OK,1,4947214,8592,8593,Marseille,Ajax,0.6428571429,1,0.8214285714,0,True,unique_utc_time_competition_score_alias,OK,True,True,True,ACCEPTED
202526-0119,LIVE_REFRESH_VERIFIED,False,False,False,OK,1,4947108,2137,9823,Pafos FC,Bayern München,1,1,1,0,True,utc_time_competition_score_high_confidence_name,OK,True,True,True,ACCEPTED
202526-0120,LIVE_REFRESH_VERIFIED,False,False,False,OK,5,4947246,7981,8391,Qarabag FK,FC København,1,1,1,0.275,True,utc_time_competition_score_high_confidence_name,OK,True,True,True,ACCEPTED
202526-0121,LIVE_REFRESH_VERIFIED,False,False,False,OK,1,4947250,7978,10261,Union St.Gilloise,Newcastle United,0.9189189189,1,0.9594594595,0,True,utc_time_competition_score_high_confidence_name,OK,True,True,True,ACCEPTED
202526-0122,LIVE_REFRESH_VERIFIED,False,False,False,OK,5,4947175,9825,8638,Arsenal,Olympiacos,1,0.6428571429,0.8214285714,0.2513227513,True,separated_utc_time_competition_score_alias,OK,True,True,True,ACCEPTED
202526-0123,LIVE_REFRESH_VERIFIED,False,False,False,OK,3,4947165,9829,8456,Monaco,Manchester City,0.8,1,0.9,0.2048611111,True,utc_time_competition_score_high_confidence_name,OK,True,True,True,ACCEPTED
202526-0124,LIVE_REFRESH_VERIFIED,False,False,False,OK,4,4947169,8178,8640,Bayer Leverkusen,PSV Eindhoven,1,1,1,0.2991071429,True,utc_time_competition_score_high_confidence_name,OK,True,True,True,ACCEPTED
202526-0125,LIVE_REFRESH_VERIFIED,False,False,False,OK,1,4947137,9789,8315,Borussia Dortmund,Athletic Club,1,0.6956521739,0.847826087,0,True,unique_utc_time_competition_score_alias,OK,True,True,True,ACCEPTED
202526-0126,LIVE_REFRESH_VERIFIED,False,False,False,OK,2,4947145,8634,9847,Barcelona,Paris Saint-Germain,1,1,1,0.2435897436,True,utc_time_competition_score_high_confidence_name,OK,True,True,True,ACCEPTED
202526-0127,LIVE_REFRESH_VERIFIED,False,False,False,OK,3,4947225,9875,9768,Napoli,Sporting CP,1,0.7586206897,0.8793103448,0.2422969188,True,utc_time_competition_score_high_confidence_name,OK,True,True,True,ACCEPTED
202526-0128,LIVE_REFRESH_VERIFIED,False,False,False,OK,3,4947199,10205,9885,Villarreal,Juventus,1,1,1,0.2126315789,True,utc_time_competition_score_high_confidence_name,OK,True,True,True,ACCEPTED
202526-0382,LIVE_REFRESH_VERIFIED,False,False,False,OK,2,4947772,8686,8639,Roma,Lille,0.7272727273,0.7142857143,0.7207792208,0.15,True,separated_utc_time_competition_score_alias,OK,True,True,True,ACCEPTED
202526-0383,LIVE_REFRESH_VERIFIED,False,False,False,OK,1,4947883,9857,8358,Bologna,Freiburg,1,1,1,0,True,utc_time_competition_score_high_confidence_name,OK,True,True,True,ACCEPTED
202526-0384,LIVE_REFRESH_VERIFIED,False,False,False,OK,4,4947837,9925,10264,Celtic,Braga,1,0.5263157895,0.7631578947,0.3083333333,True,separated_utc_time_competition_score_alias,OK,True,True,True,ACCEPTED
202526-0385,LIVE_REFRESH_VERIFIED,False,False,False,OK,1,4947831,6033,10237,Viktoria Plzen,Malmö FF,1,1,1,0,True,utc_time_competition_score_high_confidence_name,OK,True,True,True,ACCEPTED
202526-0386,LIVE_REFRESH_VERIFIED,False,False,False,OK,3,4947810,8695,9831,Fenerbahçe,Nice,1,0.6666666667,0.8333333333,0.2333333333,True,separated_utc_time_competition_score_alias,OK,True,True,True,ACCEPTED
202526-0387,LIVE_REFRESH_VERIFIED,False,False,False,OK,4,4947874,9723,10192,FCSB,Young Boys,1,1,1,0.2197802198,True,utc_time_competition_score_high_confidence_name,OK,True,True,True,ACCEPTED
202526-0388,LIVE_REFRESH_VERIFIED,False,False,False,OK,1,4947896,10200,6433,Panathinaikos,Go Ahead Eagles,1,1,1,0,True,utc_time_competition_score_high_confidence_name,OK,True,True,True,ACCEPTED
202526-0389,LIVE_REFRESH_VERIFIED,False,False,False,OK,4,4947860,210173,8603,Ludogorets Razgrad,Real Betis,1,1,1,0.2433862434,True,utc_time_competition_score_high_confidence_name,OK,True,True,True,ACCEPTED
202526-0390,LIVE_REFRESH_VERIFIED,False,False,False,OK,1,4947916,8468,9908,Brann,FC Utrecht,0.5882352941,1,0.7941176471,0,True,unique_utc_time_competition_score_alias,OK,True,True,True,ACCEPTED
202526-0809,LIVE_REFRESH_VERIFIED,False,False,False,OK,1,4947960,8688,9826,Dynamo Kyiv,Crystal Palace,1,1,1,0,True,utc_time_competition_score_high_confidence_name,OK,True,True,True,ACCEPTED
202526-0810,LIVE_REFRESH_VERIFIED,False,False,False,OK,1,4948059,7730,8332,Lausanne,Breidablik,0.6956521739,1,0.847826087,0,True,unique_utc_time_competition_score_alias,OK,True,True,True,ACCEPTED
202526-0811,LIVE_REFRESH_VERIFIED,False,False,False,OK,2,4948067,866111,10162,FC Noah,Rijeka,1,1,1,0.1752380952,True,utc_time_competition_score_high_confidence_name,OK,True,True,True,ACCEPTED
202526-0812,LIVE_REFRESH_VERIFIED,False,False,False,OK,1,4948015,10107,545012,Zrinjski Mostar,Lincoln Red Imps FC,1,1,1,0,True,utc_time_competition_score_high_confidence_name,OK,True,True,True,ACCEPTED
202526-0813,LIVE_REFRESH_VERIFIED,False,False,False,OK,2,4948007,1957,4528,Jagiellonia Bialystok,Hamrun Spartans,1,1,1,0.08761904762,True,utc_time_competition_score_high_confidence_name,OK,True,True,True,ACCEPTED
202526-0814,LIVE_REFRESH_VERIFIED,False,False,False,OK,2,4947966,2182,10015,Lech Poznan,Rapid Wien,1,1,1,0.245,True,utc_time_competition_score_high_confidence_name,OK,True,True,True,ACCEPTED
202526-0815,LIVE_REFRESH_VERIFIED,False,False,False,OK,1,4948021,1693,784771,KuPS,Drita,1,1,1,0,True,utc_time_competition_score_high_confidence_name,OK,True,True,True,ACCEPTED
202526-0816,LIVE_REFRESH_VERIFIED,False,False,False,OK,2,4947997,8044,9905,Omonia Nicosia,Mainz 05,1,0.8,0.9,0.3149350649,True,utc_time_competition_score_high_confidence_name,OK,True,True,True,ACCEPTED
202526-0817,LIVE_REFRESH_VERIFIED,False,False,False,OK,3,4947971,8370,2234,Rayo Vallecano,KF Shkendija,1,0.8571428571,0.9285714286,0.2946236559,True,utc_time_competition_score_high_confidence_name,OK,True,True,True,ACCEPTED
202526-0391,LIVE_REFRESH_VERIFIED,False,False,False,OK,2,4947851,9931,10269,Basel,VfB Stuttgart,1,1,1,0.253968254,True,utc_time_competition_score_high_confidence_name,OK,True,True,True,ACCEPTED
202526-0392,LIVE_REFRESH_VERIFIED,False,False,False,OK,3,4947777,9773,8687,FC Porto,FK Crvena Zvezda,1,1,1,0.1843137255,True,utc_time_competition_score_high_confidence_name,OK,True,True,True,ACCEPTED
202526-0393,LIVE_REFRESH_VERIFIED,False,False,False,OK,4,4947780,10235,10252,Feyenoord,Aston Villa,1,1,1,0.2433862434,True,utc_time_competition_score_high_confidence_name,OK,True,True,True,ACCEPTED
202526-0394,LIVE_REFRESH_VERIFIED,False,False,False,OK,2,4947910,9987,8222,Genk,Ferencvaros,1,1,1,0.0625,True,utc_time_competition_score_high_confidence_name,OK,True,True,True,ACCEPTED
202526-0395,LIVE_REFRESH_VERIFIED,False,False,False,OK,1,4947840,7855,10156,Maccabi Tel Aviv,Dinamo Zagreb,1,1,1,0,True,utc_time_competition_score_high_confidence_name,OK,True,True,True,ACCEPTED
202526-0396,LIVE_REFRESH_VERIFIED,False,False,False,OK,1,4947866,10203,8113,Nottingham Forest,FC Midtjylland,1,1,1,0,True,utc_time_competition_score_high_confidence_name,OK,True,True,True,ACCEPTED
202526-0397,LIVE_REFRESH_VERIFIED,False,False,False,OK,2,4947820,9748,10013,Lyon,Salzburg,0.4444444444,1,0.7222222222,0.1954887218,True,separated_utc_time_competition_score_alias,OK,True,True,True,ACCEPTED
202526-0398,LIVE_REFRESH_VERIFIED,False,False,False,OK,1,4947886,9910,8619,Celta Vigo,PAOK Thessaloniki FC,0.8695652174,1,0.9347826087,0,True,utc_time_competition_score_high_confidence_name,OK,True,True,True,ACCEPTED
202526-0399,LIVE_REFRESH_VERIFIED,False,False,False,OK,3,4947868,10014,8548,Sturm Graz,Rangers,1,0.6363636364,0.8181818182,0.2052631579,True,separated_utc_time_competition_score_alias,OK,True,True,True,ACCEPTED
202526-0818,LIVE_REFRESH_VERIFIED,False,False,False,OK,1,4948026,8485,9728,Aberdeen,Shakhtar Donetsk,1,1,1,0,True,utc_time_competition_score_high_confidence_name,OK,True,True,True,ACCEPTED
202526-0819,LIVE_REFRESH_VERIFIED,False,False,False,OK,2,4947957,10247,4131,Sparta Prague,Shamrock Rovers,0.8,1,0.9,0.2504347826,True,utc_time_competition_score_high_confidence_name,OK,True,True,True,ACCEPTED
202526-0820,LIVE_REFRESH_VERIFIED,False,False,False,OK,3,4947941,8535,6461,Fiorentina,Sigma Olomouc,1,1,1,0.2952069717,True,utc_time_competition_score_high_confidence_name,OK,True,True,True,ACCEPTED
202526-0821,LIVE_REFRESH_VERIFIED,False,False,False,OK,1,4948048,7797,10229,AEK Larnaca,AZ Alkmaar,1,1,1,0,True,utc_time_competition_score_high_confidence_name,OK,True,True,True,ACCEPTED
202526-0822,LIVE_REFRESH_VERIFIED,False,False,False,OK,2,4947956,8673,9750,Legia Warszawa,Samsunspor,0.9230769231,1,0.9615384615,0.264957265,True,utc_time_competition_score_high_confidence_name,OK,True,True,True,ACCEPTED
202526-0823,LIVE_REFRESH_VERIFIED,False,False,False,OK,1,4948009,4622,8563,NK Celje,AEK Athens,1,1,1,0,True,utc_time_competition_score_high_confidence_name,OK,True,True,True,ACCEPTED
202526-0824,LIVE_REFRESH_VERIFIED,False,False,False,OK,3,4948047,4024,480286,Raków Częstochowa,Universitatea Craiova,1,1,1,0.284457478,True,utc_time_competition_score_high_confidence_name,OK,True,True,True,ACCEPTED
202526-0825,LIVE_REFRESH_VERIFIED,False,False,False,OK,1,4948071,5751,8428,Shelbourne,Häcken,1,0.8,0.9,0,True,utc_time_competition_score_high_confidence_name,OK,True,True,True,ACCEPTED
202526-0826,LIVE_REFRESH_VERIFIED,False,False,False,OK,1,4947949,6019,9848,Slovan Bratislava,Strasbourg,1,0.8695652174,0.9347826087,0,True,utc_time_competition_score_high_confidence_name,OK,True,True,True,ACCEPTED
202526-0129,LIVE_REFRESH_VERIFIED,False,False,False,OK,1,4947148,8634,8638,Barcelona,Olympiacos,1,0.6428571429,0.8214285714,0,True,unique_utc_time_competition_score_alias,OK,True,True,True,ACCEPTED
202526-0130,LIVE_REFRESH_VERIFIED,False,False,False,OK,5,4947251,8037,2137,Kairat Almaty,Pafos FC,1,1,1,0.3968253968,True,utc_time_competition_score_high_confidence_name,OK,True,True,True,ACCEPTED
202526-0131,LIVE_REFRESH_VERIFIED,False,False,False,OK,3,4947173,9825,9906,Arsenal,Atletico Madrid,1,1,1,0.3428571429,True,utc_time_competition_score_high_confidence_name,OK,True,True,True,ACCEPTED
202526-0132,LIVE_REFRESH_VERIFIED,False,False,False,OK,1,4947155,8178,9847,Bayer Leverkusen,Paris Saint-Germain,1,1,1,0,True,utc_time_competition_score_high_confidence_name,OK,True,True,True,ACCEPTED
202526-0133,LIVE_REFRESH_VERIFIED,False,False,False,OK,1,4947138,8391,9789,FC København,Borussia Dortmund,1,1,1,0,True,utc_time_competition_score_high_confidence_name,OK,True,True,True,ACCEPTED
202526-0134,LIVE_REFRESH_VERIFIED,False,False,False,OK,1,4947189,10261,9772,Newcastle United,Benfica,1,1,1,0,True,utc_time_competition_score_high_confidence_name,OK,True,True,True,ACCEPTED
202526-0135,LIVE_REFRESH_VERIFIED,False,False,False,OK,1,4947236,8640,9875,PSV Eindhoven,Napoli,1,1,1,0,True,utc_time_competition_score_high_confidence_name,OK,True,True,True,ACCEPTED
202526-0136,LIVE_REFRESH_VERIFIED,False,False,False,OK,1,4947131,7978,8636,Union St.Gilloise,Inter,0.9189189189,0.5263157895,0.7226173542,0,True,unique_utc_time_competition_score_alias,OK,True,True,True,ACCEPTED
202526-0137,LIVE_REFRESH_VERIFIED,False,False,False,OK,3,4947161,10205,8456,Villarreal,Manchester City,1,1,1,0.2938530735,True,utc_time_competition_score_high_confidence_name,OK,True,True,True,ACCEPTED
202526-0138,LIVE_REFRESH_VERIFIED,False,False,False,OK,4,4947244,8315,7981,Athletic Club,Qarabag FK,0.6956521739,1,0.847826087,0.3602484472,True,separated_utc_time_competition_score_alias,OK,True,True,True,ACCEPTED
202526-0139,LIVE_REFRESH_VERIFIED,False,False,False,OK,4,4947224,8637,8402,Galatasaray,Bodø/Glimt,1,1,1,0.3903743316,True,utc_time_competition_score_high_confidence_name,OK,True,True,True,ACCEPTED
202526-0140,LIVE_REFRESH_VERIFIED,False,False,False,OK,5,4947221,9829,8586,Monaco,Tottenham Hotspur,0.8,1,0.9,0.3191850594,True,utc_time_competition_score_high_confidence_name,OK,True,True,True,ACCEPTED
202526-0141,LIVE_REFRESH_VERIFIED,False,False,False,OK,5,4947181,8524,7787,Atalanta,Slavia Prague,1,0.8,0.9,0.3445378151,True,utc_time_competition_score_high_confidence_name,OK,True,True,True,ACCEPTED
202526-0142,LIVE_REFRESH_VERIFIED,False,False,False,OK,2,4947112,8455,8593,Chelsea,Ajax,1,1,1,0.2320261438,True,utc_time_competition_score_high_confidence_name,OK,True,True,True,ACCEPTED
202526-0143,LIVE_REFRESH_VERIFIED,False,False,False,OK,1,4947140,9810,8650,Eintracht Frankfurt,Liverpool,1,1,1,0,True,utc_time_competition_score_high_confidence_name,OK,True,True,True,ACCEPTED
202526-0144,LIVE_REFRESH_VERIFIED,False,False,False,OK,2,4947103,9823,8342,Bayern München,Club Brugge,1,1,1,0.2380952381,True,utc_time_competition_score_high_confidence_name,OK,True,True,True,ACCEPTED
202526-0145,LIVE_REFRESH_VERIFIED,False,False,False,OK,4,4947118,8633,9885,Real Madrid,Juventus,1,1,1,0.2319688109,True,utc_time_competition_score_high_confidence_name,OK,True,True,True,ACCEPTED
202526-0146,LIVE_REFRESH_VERIFIED,False,False,False,OK,3,4947215,9768,8592,Sporting CP,Marseille,0.7586206897,0.6428571429,0.7007389163,0.3351648352,True,separated_utc_time_competition_score_alias,OK,True,True,True,ACCEPTED
202526-0400,LIVE_REFRESH_VERIFIED,False,False,False,OK,1,4947801,10013,8222,Salzburg,Ferencvaros,1,1,1,0,True,utc_time_competition_score_high_confidence_name,OK,True,True,True,ACCEPTED
202526-0401,LIVE_REFRESH_VERIFIED,False,False,False,OK,1,4947811,8695,10269,Fenerbahçe,VfB Stuttgart,1,1,1,0,True,utc_time_competition_score_high_confidence_name,OK,True,True,True,ACCEPTED
202526-0403,LIVE_REFRESH_VERIFIED,False,False,False,OK,2,4947875,9723,9857,FCSB,Bologna,1,1,1,0.1428571429,True,utc_time_competition_score_high_confidence_name,OK,True,True,True,ACCEPTED
202526-0404,LIVE_REFRESH_VERIFIED,False,False,False,OK,3,4947901,6433,10252,Go Ahead Eagles,Aston Villa,1,1,1,0.2857142857,True,utc_time_competition_score_high_confidence_name,OK,True,True,True,ACCEPTED
202526-0405,LIVE_REFRESH_VERIFIED,False,False,False,OK,1,4947909,9987,8603,Genk,Real Betis,1,1,1,0,True,utc_time_competition_score_high_confidence_name,OK,True,True,True,ACCEPTED
202526-0406,LIVE_REFRESH_VERIFIED,False,False,False,OK,4,4947822,9748,9931,Lyon,Basel,0.4444444444,1,0.7222222222,0.1742424242,True,separated_utc_time_competition_score_alias,OK,True,True,True,ACCEPTED
202526-0407,LIVE_REFRESH_VERIFIED,False,False,False,OK,4,4947813,10264,8687,Braga,FK Crvena Zvezda,0.5263157895,1,0.7631578947,0.2813620072,True,separated_utc_time_competition_score_alias,OK,True,True,True,ACCEPTED
202526-0408,LIVE_REFRESH_VERIFIED,False,False,False,OK,1,4947913,8468,8548,Brann,Rangers,0.5882352941,0.6363636364,0.6122994652,0,True,unique_utc_time_competition_score_alias,OK,True,True,True,ACCEPTED
202526-0827,LIVE_REFRESH_VERIFIED,False,False,False,OK,1,4948024,8563,8485,AEK Athens,Aberdeen,1,1,1,0,True,utc_time_competition_score_high_confidence_name,OK,True,True,True,ACCEPTED
202526-0828,LIVE_REFRESH_VERIFIED,False,False,False,OK,1,4948054,8428,8370,Häcken,Rayo Vallecano,0.8,1,0.9,0,True,utc_time_competition_score_high_confidence_name,OK,True,True,True,ACCEPTED
202526-0829,LIVE_REFRESH_VERIFIED,False,False,False,OK,1,4948037,8332,1693,Breidablik,KuPS,1,1,1,0,True,utc_time_competition_score_high_confidence_name,OK,True,True,True,ACCEPTED
202526-0830,LIVE_REFRESH_VERIFIED,False,False,False,OK,1,4947945,9728,8673,Shakhtar Donetsk,Legia Warszawa,1,0.9230769231,0.9615384615,0,True,utc_time_competition_score_high_confidence_name,OK,True,True,True,ACCEPTED
202526-0831,LIVE_REFRESH_VERIFIED,False,False,False,OK,4,4948030,784771,8044,Drita,Omonia Nicosia,1,1,1,0.3333333333,True,utc_time_competition_score_high_confidence_name,OK,True,True,True,ACCEPTED
202526-0832,LIVE_REFRESH_VERIFIED,False,False,False,OK,4,4948011,10162,10247,Rijeka,Sparta Prague,1,0.8,0.9,0.2693965517,True,utc_time_competition_score_high_confidence_name,OK,True,True,True,ACCEPTED
202526-0833,LIVE_REFRESH_VERIFIED,False,False,False,OK,4,4948053,2234,5751,KF Shkendija,Shelbourne,0.8571428571,1,0.9285714286,0.2869565217,True,utc_time_competition_score_high_confidence_name,OK,True,True,True,ACCEPTED
202526-0834,LIVE_REFRESH_VERIFIED,False,False,False,OK,4,4948003,9848,1957,Strasbourg,Jagiellonia Bialystok,0.8695652174,1,0.9347826087,0.3666666667,True,utc_time_competition_score_high_confidence_name,OK,True,True,True,ACCEPTED
202526-0835,LIVE_REFRESH_VERIFIED,False,False,False,OK,1,4947951,10015,8535,Rapid Wien,Fiorentina,1,1,1,0,True,utc_time_competition_score_high_confidence_name,OK,True,True,True,ACCEPTED
202526-0837,LIVE_REFRESH_VERIFIED,False,False,False,OK,4,4947942,10229,6019,AZ Alkmaar,Slovan Bratislava,1,1,1,0.2916666667,True,utc_time_competition_score_high_confidence_name,OK,True,True,True,ACCEPTED
202526-0402,LIVE_REFRESH_VERIFIED,False,False,False,OK,1,4947783,10235,10200,Feyenoord,Panathinaikos,1,1,1,0,True,utc_time_competition_score_high_confidence_name,OK,True,True,True,ACCEPTED
202526-0409,LIVE_REFRESH_VERIFIED,False,False,False,OK,2,4947773,8686,6033,Roma,Viktoria Plzen,0.7272727273,1,0.8636363636,0.1861471861,True,utc_time_competition_score_high_confidence_name,OK,True,True,True,ACCEPTED
202526-0410,LIVE_REFRESH_VERIFIED,False,False,False,OK,1,4947846,10192,210173,Young Boys,Ludogorets Razgrad,1,1,1,0,True,utc_time_competition_score_high_confidence_name,OK,True,True,True,ACCEPTED
202526-0411,LIVE_REFRESH_VERIFIED,False,False,False,OK,3,4947838,9925,10014,Celtic,Sturm Graz,1,1,1,0.3125,True,utc_time_competition_score_high_confidence_name,OK,True,True,True,ACCEPTED
202526-0412,LIVE_REFRESH_VERIFIED,False,False,False,OK,1,4947785,8639,8619,Lille,PAOK Thessaloniki,0.7142857143,1,0.8571428571,0,True,utc_time_competition_score_high_confidence_name,OK,True,True,True,ACCEPTED
202526-0413,LIVE_REFRESH_VERIFIED,False,False,False,OK,1,4947842,7855,8113,Maccabi Tel Aviv,FC Midtjylland,1,1,1,0,True,utc_time_competition_score_high_confidence_name,OK,True,True,True,ACCEPTED
202526-0414,LIVE_REFRESH_VERIFIED,False,False,False,OK,1,4947897,10237,10156,Malmö FF,Dinamo Zagreb,1,1,1,0,True,utc_time_competition_score_high_confidence_name,OK,True,True,True,ACCEPTED
202526-0415,LIVE_REFRESH_VERIFIED,False,False,False,OK,4,4947864,10203,9773,Nottingham Forest,FC Porto,1,1,1,0.2866666667,True,utc_time_competition_score_high_confidence_name,OK,True,True,True,ACCEPTED
202526-0416,LIVE_REFRESH_VERIFIED,False,False,False,OK,3,4947887,9910,9831,Celta Vigo,Nice,0.8695652174,0.6666666667,0.768115942,0.3187134503,True,separated_utc_time_competition_score_alias,OK,True,True,True,ACCEPTED
202526-0417,LIVE_REFRESH_VERIFIED,False,False,False,OK,4,4947859,8358,9908,Freiburg,FC Utrecht,1,1,1,0.2538461538,True,utc_time_competition_score_high_confidence_name,OK,True,True,True,ACCEPTED
202526-0836,LIVE_REFRESH_VERIFIED,False,False,False,OK,4,4948000,9905,10107,Mainz 05,Zrinjski Mostar,0.8,1,0.9,0.2613636364,True,utc_time_competition_score_high_confidence_name,OK,True,True,True,ACCEPTED
202526-0838,LIVE_REFRESH_VERIFIED,False,False,False,OK,2,4947965,9826,7797,Crystal Palace,AEK Larnaca,1,1,1,0.2958257713,True,utc_time_competition_score_high_confidence_name,OK,True,True,True,ACCEPTED
202526-0839,LIVE_REFRESH_VERIFIED,False,False,False,OK,2,4948065,4528,7730,Hamrun Spartans,Lausanne,1,0.6956521739,0.847826087,0.2877984085,True,separated_utc_time_competition_score_alias,OK,True,True,True,ACCEPTED
202526-0840,LIVE_REFRESH_VERIFIED,False,False,False,OK,1,4948017,545012,2182,Lincoln Red Imps FC,Lech Poznan,1,1,1,0,True,utc_time_competition_score_high_confidence_name,OK,True,True,True,ACCEPTED
202526-0841,LIVE_REFRESH_VERIFIED,False,False,False,OK,1,4948042,9750,8688,Samsunspor,Dynamo Kyiv,1,1,1,0,True,utc_time_competition_score_high_confidence_name,OK,True,True,True,ACCEPTED
202526-0842,LIVE_REFRESH_VERIFIED,False,False,False,OK,1,4947973,4131,4622,Shamrock Rovers,NK Celje,1,1,1,0,True,utc_time_competition_score_high_confidence_name,OK,True,True,True,ACCEPTED
202526-0843,LIVE_REFRESH_VERIFIED,False,False,False,OK,4,4948041,6461,4024,Sigma Olomouc,Raków Częstochowa,1,1,1,0.3318077803,True,utc_time_competition_score_high_confidence_name,OK,True,True,True,ACCEPTED
202526-0844,LIVE_REFRESH_VERIFIED,False,False,False,OK,4,4948062,480286,866111,Universitatea Craiova,FC Noah,1,1,1,0.3205128205,True,utc_time_competition_score_high_confidence_name,OK,True,True,True,ACCEPTED
202526-0147,LIVE_REFRESH_VERIFIED,False,False,False,OK,2,4947176,7787,9825,Slavia Prague,Arsenal,0.8,1,0.9,0.2916666667,True,utc_time_competition_score_high_confidence_name,OK,True,True,True,ACCEPTED
202526-0148,LIVE_REFRESH_VERIFIED,False,False,False,OK,4,4947196,9875,9810,Napoli,Eintracht Frankfurt,1,1,1,0.3207070707,True,utc_time_competition_score_high_confidence_name,OK,True,True,True,ACCEPTED
202526-0149,LIVE_REFRESH_VERIFIED,False,False,False,OK,2,4947206,9906,7978,Atletico Madrid,Union St.Gilloise,1,0.9189189189,0.9594594595,0.2601010101,True,utc_time_competition_score_high_confidence_name,OK,True,True,True,ACCEPTED
202526-0150,LIVE_REFRESH_VERIFIED,False,False,False,OK,4,4947223,8402,9829,Bodø/Glimt,Monaco,1,0.8,0.9,0.2676470588,True,utc_time_competition_score_high_confidence_name,OK,True,True,True,ACCEPTED
202526-0151,LIVE_REFRESH_VERIFIED,False,False,False,OK,4,4947200,9885,9768,Juventus,Sporting CP,1,0.7586206897,0.8793103448,0.265795207,True,utc_time_competition_score_high_confidence_name,OK,True,True,True,ACCEPTED
202526-0152,LIVE_REFRESH_VERIFIED,False,False,False,OK,5,4947117,8650,8633,Liverpool,Real Madrid,1,1,1,0.3333333333,True,utc_time_competition_score_high_confidence_name,OK,True,True,True,ACCEPTED
202526-0153,LIVE_REFRESH_VERIFIED,False,False,False,OK,4,4947228,8638,8640,Olympiacos,PSV Eindhoven,0.6428571429,1,0.8214285714,0.2403846154,True,separated_utc_time_competition_score_alias,OK,True,True,True,ACCEPTED
202526-0154,LIVE_REFRESH_VERIFIED,False,False,False,OK,5,4947102,9847,9823,Paris Saint-Germain,Bayern München,1,1,1,0.2967032967,True,utc_time_competition_score_high_confidence_name,OK,True,True,True,ACCEPTED
202526-0155,LIVE_REFRESH_VERIFIED,False,False,False,OK,2,4947220,8586,8391,Tottenham Hotspur,FC København,1,1,1,0.2433333333,True,utc_time_competition_score_high_confidence_name,OK,True,True,True,ACCEPTED
202526-0156,LIVE_REFRESH_VERIFIED,False,False,False,OK,4,4947211,2137,10205,Pafos FC,Villarreal,1,1,1,0.3333333333,True,utc_time_competition_score_high_confidence_name,OK,True,True,True,ACCEPTED
202526-0157,LIVE_REFRESH_VERIFIED,False,False,False,OK,3,4947115,7981,8455,Qarabag FK,Chelsea,1,1,1,0.3246753247,True,utc_time_competition_score_high_confidence_name,OK,True,True,True,ACCEPTED
202526-0158,LIVE_REFRESH_VERIFIED,False,False,False,OK,2,4947232,8593,8637,Ajax,Galatasaray,1,1,1,0.2287581699,True,utc_time_competition_score_high_confidence_name,OK,True,True,True,ACCEPTED
202526-0159,LIVE_REFRESH_VERIFIED,False,False,False,OK,1,4947147,8342,8634,Club Brugge,Barcelona,1,1,1,0,True,utc_time_competition_score_high_confidence_name,OK,True,True,True,ACCEPTED
202526-0160,LIVE_REFRESH_VERIFIED,False,False,False,OK,4,4947130,8636,8037,Inter,Kairat Almaty,0.5263157895,1,0.7631578947,0.2764705882,True,separated_utc_time_competition_score_alias,OK,True,True,True,ACCEPTED
202526-0161,LIVE_REFRESH_VERIFIED,False,False,False,OK,1,4947132,8456,9789,Manchester City,Borussia Dortmund,1,1,1,0,True,utc_time_competition_score_high_confidence_name,OK,True,True,True,ACCEPTED
202526-0162,LIVE_REFRESH_VERIFIED,False,False,False,OK,2,4947245,10261,8315,Newcastle United,Athletic Club,1,0.6956521739,0.847826087,0.3380952381,True,separated_utc_time_competition_score_alias,OK,True,True,True,ACCEPTED
202526-0163,LIVE_REFRESH_VERIFIED,False,False,False,OK,4,4947182,8592,8524,Marseille,Atalanta,0.6428571429,1,0.8214285714,0.2846003899,True,separated_utc_time_competition_score_alias,OK,True,True,True,ACCEPTED
202526-0164,LIVE_REFRESH_VERIFIED,False,False,False,OK,4,4947168,9772,8178,Benfica,Bayer Leverkusen,1,1,1,0.2814814815,True,utc_time_competition_score_high_confidence_name,OK,True,True,True,ACCEPTED
202526-0418,LIVE_REFRESH_VERIFIED,False,False,False,OK,4,4947803,10013,6433,Salzburg,Go Ahead Eagles,1,1,1,0.2261904762,True,utc_time_competition_score_high_confidence_name,OK,True,True,True,ACCEPTED
202526-0419,LIVE_REFRESH_VERIFIED,False,False,False,OK,3,4947850,9931,9723,Basel,FCSB,1,1,1,0.1704545455,True,utc_time_competition_score_high_confidence_name,OK,True,True,True,ACCEPTED
202526-0420,LIVE_REFRESH_VERIFIED,False,False,False,OK,3,4947853,8113,9925,FC Midtjylland,Celtic,1,1,1,0.1625,True,utc_time_competition_score_high_confidence_name,OK,True,True,True,ACCEPTED
202526-0421,LIVE_REFRESH_VERIFIED,False,False,False,OK,1,4947905,9908,9773,FC Utrecht,FC Porto,1,1,1,0,True,utc_time_competition_score_high_confidence_name,OK,True,True,True,ACCEPTED
202526-0422,LIVE_REFRESH_VERIFIED,False,False,False,OK,1,4947816,8687,8639,FK Crvena Zvezda,Lille,1,0.7142857143,0.8571428571,0,True,utc_time_competition_score_high_confidence_name,OK,True,True,True,ACCEPTED
202526-0423,LIVE_REFRESH_VERIFIED,False,False,False,OK,1,4947795,10156,9910,Dinamo Zagreb,Celta Vigo,1,0.8695652174,0.9347826087,0,True,utc_time_competition_score_high_confidence_name,OK,True,True,True,ACCEPTED
202526-0424,LIVE_REFRESH_VERIFIED,False,False,False,OK,1,4947900,10237,10200,Malmö FF,Panathinaikos,1,1,1,0,True,utc_time_competition_score_high_confidence_name,OK,True,True,True,ACCEPTED
202526-0425,LIVE_REFRESH_VERIFIED,False,False,False,OK,1,4947878,9831,8358,Nice,Freiburg,0.6666666667,1,0.8333333333,0,True,unique_utc_time_competition_score_alias,OK,True,True,True,ACCEPTED
202526-0426,LIVE_REFRESH_VERIFIED,False,False,False,OK,3,4947870,10014,10203,Sturm Graz,Nottingham Forest,1,1,1,0.2777777778,True,utc_time_competition_score_high_confidence_name,OK,True,True,True,ACCEPTED
202526-0845,LIVE_REFRESH_VERIFIED,False,False,False,OK,2,4947999,9905,8535,Mainz 05,Fiorentina,0.8,1,0.9,0.125,True,utc_time_competition_score_high_confidence_name,OK,True,True,True,ACCEPTED
202526-0846,LIVE_REFRESH_VERIFIED,False,False,False,OK,2,4947959,10247,4024,Sparta Prague,Raków Częstochowa,0.8,1,0.9,0.2539130435,True,utc_time_competition_score_high_confidence_name,OK,True,True,True,ACCEPTED
202526-0847,LIVE_REFRESH_VERIFIED,False,False,False,OK,4,4948023,8563,4131,AEK Athens,Shamrock Rovers,1,1,1,0.3106060606,True,utc_time_competition_score_high_confidence_name,OK,True,True,True,ACCEPTED
202526-0848,LIVE_REFRESH_VERIFIED,False,False,False,OK,2,4948049,7797,8485,AEK Larnaca,Aberdeen,1,1,1,0.2466666667,True,utc_time_competition_score_high_confidence_name,OK,True,True,True,ACCEPTED
202526-0849,LIVE_REFRESH_VERIFIED,False,False,False,OK,1,4947947,9728,8332,Shakhtar Donetsk,Breidablik,1,1,1,0,True,utc_time_competition_score_high_confidence_name,OK,True,True,True,ACCEPTED
202526-0850,LIVE_REFRESH_VERIFIED,False,False,False,OK,2,4948068,866111,6461,FC Noah,Sigma Olomouc,1,1,1,0.2739130435,True,utc_time_competition_score_high_confidence_name,OK,True,True,True,ACCEPTED
202526-0851,LIVE_REFRESH_VERIFIED,False,False,False,OK,2,4948020,1693,6019,KuPS,Slovan Bratislava,1,1,1,0.1666666667,True,utc_time_competition_score_high_confidence_name,OK,True,True,True,ACCEPTED
202526-0852,LIVE_REFRESH_VERIFIED,False,False,False,OK,2,4948008,4622,8673,NK Celje,Legia Warszawa,1,0.9230769231,0.9615384615,0.1363636364,True,utc_time_competition_score_high_confidence_name,OK,True,True,True,ACCEPTED
202526-0853,LIVE_REFRESH_VERIFIED,False,False,False,OK,1,4948044,9750,4528,Samsunspor,Hamrun Spartans,1,1,1,0,True,utc_time_competition_score_high_confidence_name,OK,True,True,True,ACCEPTED
202526-0427,LIVE_REFRESH_VERIFIED,False,False,False,OK,4,4947805,10252,7855,Aston Villa,Maccabi Tel Aviv,1,1,1,0.1697792869,True,utc_time_competition_score_high_confidence_name,OK,True,True,True,ACCEPTED
202526-0428,LIVE_REFRESH_VERIFIED,False,False,False,OK,3,4947884,9857,8468,Bologna,Brann,1,0.5882352941,0.7941176471,0.3246753247,True,separated_utc_time_competition_score_alias,OK,True,True,True,ACCEPTED
202526-0429,LIVE_REFRESH_VERIFIED,False,False,False,OK,3,4947829,6033,8695,Viktoria Plzen,Fenerbahçe,1,1,1,0.2407407407,True,utc_time_competition_score_high_confidence_name,OK,True,True,True,ACCEPTED
202526-0430,LIVE_REFRESH_VERIFIED,False,False,False,OK,3,4947834,8222,210173,Ferencvaros,Ludogorets Razgrad,1,1,1,0.1287878788,True,utc_time_competition_score_high_confidence_name,OK,True,True,True,ACCEPTED
202526-0431,LIVE_REFRESH_VERIFIED,False,False,False,OK,1,4947826,8619,10192,PAOK Thessaloniki,Young Boys,1,1,1,0,True,utc_time_competition_score_high_confidence_name,OK,True,True,True,ACCEPTED
202526-0432,LIVE_REFRESH_VERIFIED,False,False,False,OK,1,4947788,8548,8686,Rangers,Roma,0.6363636364,0.7272727273,0.6818181818,0,True,unique_utc_time_competition_score_alias,OK,True,True,True,ACCEPTED
202526-0433,LIVE_REFRESH_VERIFIED,False,False,False,OK,4,4947797,8603,9748,Real Betis,Lyon,1,0.4444444444,0.7222222222,0.2701149425,True,separated_utc_time_competition_score_alias,OK,True,True,True,ACCEPTED
202526-0434,LIVE_REFRESH_VERIFIED,False,False,False,OK,1,4947815,10264,9987,Braga,Genk,0.5263157895,1,0.7631578947,0,True,unique_utc_time_competition_score_alias,OK,True,True,True,ACCEPTED
202526-0435,LIVE_REFRESH_VERIFIED,False,False,False,OK,4,4947889,10269,10235,VfB Stuttgart,Feyenoord,1,1,1,0.2408026756,True,utc_time_competition_score_high_confidence_name,OK,True,True,True,ACCEPTED
202526-0854,LIVE_REFRESH_VERIFIED,False,False,False,OK,2,4948055,8428,9848,Häcken,Strasbourg,0.8,0.8695652174,0.8347826087,0.1923076923,True,utc_time_competition_score_high_confidence_name,OK,True,True,True,ACCEPTED
202526-0855,LIVE_REFRESH_VERIFIED,False,False,False,OK,2,4947963,9826,10229,Crystal Palace,AZ Alkmaar,1,1,1,0.2777777778,True,utc_time_competition_score_high_confidence_name,OK,True,True,True,ACCEPTED
202526-0856,LIVE_REFRESH_VERIFIED,False,False,False,OK,4,4948058,7730,8044,Lausanne,Omonia Nicosia,0.6956521739,1,0.847826087,0.2740740741,True,separated_utc_time_competition_score_alias,OK,True,True,True,ACCEPTED
202526-0857,LIVE_REFRESH_VERIFIED,False,False,False,OK,1,4947961,8688,10107,Dynamo Kyiv,Zrinjski Mostar,1,1,1,0,True,utc_time_competition_score_high_confidence_name,OK,True,True,True,ACCEPTED
202526-0858,LIVE_REFRESH_VERIFIED,False,False,False,OK,4,4948052,2234,1957,KF Shkendija,Jagiellonia Bialystok,0.8571428571,1,0.9285714286,0.3176470588,True,utc_time_competition_score_high_confidence_name,OK,True,True,True,ACCEPTED
202526-0859,LIVE_REFRESH_VERIFIED,False,False,False,OK,4,4948018,545012,10162,Lincoln Red Imps FC,Rijeka,1,1,1,0.2666666667,True,utc_time_competition_score_high_confidence_name,OK,True,True,True,ACCEPTED
202526-0860,LIVE_REFRESH_VERIFIED,False,False,False,OK,1,4947969,8370,2182,Rayo Vallecano,Lech Poznan,1,1,1,0,True,utc_time_competition_score_high_confidence_name,OK,True,True,True,ACCEPTED
202526-0861,LIVE_REFRESH_VERIFIED,False,False,False,OK,2,4948070,5751,784771,Shelbourne,Drita,1,1,1,0.2538461538,True,utc_time_competition_score_high_confidence_name,OK,True,True,True,ACCEPTED
202526-0862,LIVE_REFRESH_VERIFIED,False,False,False,OK,2,4947953,10015,480286,Rapid Wien,Universitatea Craiova,1,1,1,0.2538461538,True,utc_time_competition_score_high_confidence_name,OK,True,True,True,ACCEPTED
202526-0165,LIVE_REFRESH_VERIFIED,False,False,False,OK,3,4947187,8593,9772,Ajax,Benfica,1,1,1,0.2111111111,True,utc_time_competition_score_high_confidence_name,OK,True,True,True,ACCEPTED
202526-0166,LIVE_REFRESH_VERIFIED,False,False,False,OK,3,4947249,8637,7978,Galatasaray,Union St.Gilloise,1,0.9189189189,0.9594594595,0.25,True,utc_time_competition_score_high_confidence_name,OK,True,True,True,ACCEPTED
202526-0167,LIVE_REFRESH_VERIFIED,False,False,False,OK,2,4947133,9789,10205,Borussia Dortmund,Villarreal,1,1,1,0.1852631579,True,utc_time_competition_score_high_confidence_name,OK,True,True,True,ACCEPTED
202526-0168,LIVE_REFRESH_VERIFIED,False,False,False,OK,2,4947109,8455,8634,Chelsea,Barcelona,1,1,1,0.2555555556,True,utc_time_competition_score_high_confidence_name,OK,True,True,True,ACCEPTED
202526-0169,LIVE_REFRESH_VERIFIED,False,False,False,OK,1,4947201,8402,9885,Bodø/Glimt,Juventus,1,1,1,0,True,utc_time_competition_score_high_confidence_name,OK,True,True,True,ACCEPTED
202526-0170,LIVE_REFRESH_VERIFIED,False,False,False,OK,3,4947160,8456,8178,Manchester City,Bayer Leverkusen,1,1,1,0.2401433692,True,utc_time_competition_score_high_confidence_name,OK,True,True,True,ACCEPTED
202526-0171,LIVE_REFRESH_VERIFIED,False,False,False,OK,4,4947216,8592,10261,Marseille,Newcastle United,0.6428571429,1,0.8214285714,0.3193277311,True,separated_utc_time_competition_score_alias,OK,True,True,True,ACCEPTED
202526-0172,LIVE_REFRESH_VERIFIED,False,False,False,OK,3,4947234,7787,8315,Slavia Prague,Athletic Club,0.8,0.6956521739,0.747826087,0.3254310345,True,separated_utc_time_competition_score_alias,OK,True,True,True,ACCEPTED
202526-0173,LIVE_REFRESH_VERIFIED,False,False,False,OK,4,4947239,9875,7981,Napoli,Qarabag FK,1,1,1,0.350678733,True,utc_time_competition_score_high_confidence_name,OK,True,True,True,ACCEPTED
202526-0174,LIVE_REFRESH_VERIFIED,False,False,False,OK,2,4947252,8391,8037,FC København,Kairat Almaty,1,1,1,0.113960114,True,utc_time_competition_score_high_confidence_name,OK,True,True,True,ACCEPTED
202526-0175,LIVE_REFRESH_VERIFIED,False,False,False,OK,1,4947248,2137,9829,Pafos FC,Monaco,1,0.8,0.9,0,True,utc_time_competition_score_high_confidence_name,OK,True,True,True,ACCEPTED
202526-0176,LIVE_REFRESH_VERIFIED,False,False,False,OK,2,4947104,9825,9823,Arsenal,Bayern München,1,1,1,0.2285714286,True,utc_time_competition_score_high_confidence_name,OK,True,True,True,ACCEPTED
202526-0177,LIVE_REFRESH_VERIFIED,False,False,False,OK,5,4947127,9906,8636,Atletico Madrid,Inter,1,0.5263157895,0.7631578947,0.2835249042,True,separated_utc_time_competition_score_alias,OK,True,True,True,ACCEPTED
202526-0178,LIVE_REFRESH_VERIFIED,False,False,False,OK,1,4947180,9810,8524,Eintracht Frankfurt,Atalanta,1,1,1,0,True,utc_time_competition_score_high_confidence_name,OK,True,True,True,ACCEPTED
202526-0179,LIVE_REFRESH_VERIFIED,False,False,False,OK,1,4947141,8650,8640,Liverpool,PSV Eindhoven,1,1,1,0,True,utc_time_competition_score_high_confidence_name,OK,True,True,True,ACCEPTED
202526-0180,LIVE_REFRESH_VERIFIED,False,False,False,OK,1,4947121,8638,8633,Olympiacos,Real Madrid,0.6428571429,1,0.8214285714,0,True,unique_utc_time_competition_score_alias,OK,True,True,True,ACCEPTED
202526-0181,LIVE_REFRESH_VERIFIED,False,False,False,OK,2,4947156,9847,8586,Paris Saint-Germain,Tottenham Hotspur,1,1,1,0.2240896359,True,utc_time_competition_score_high_confidence_name,OK,True,True,True,ACCEPTED
202526-0182,LIVE_REFRESH_VERIFIED,False,False,False,OK,2,4947191,9768,8342,Sporting CP,Club Brugge,0.7586206897,1,0.8793103448,0.24,True,utc_time_competition_score_high_confidence_name,OK,True,True,True,ACCEPTED
202526-0436,LIVE_REFRESH_VERIFIED,False,False,False,OK,5,4947774,8686,8113,Roma,FC Midtjylland,0.7272727273,1,0.8636363636,0.3174603175,True,utc_time_competition_score_high_confidence_name,OK,True,True,True,ACCEPTED
202526-0437,LIVE_REFRESH_VERIFIED,False,False,False,OK,5,4947806,10252,10192,Aston Villa,Young Boys,1,1,1,0.2,True,utc_time_competition_score_high_confidence_name,OK,True,True,True,ACCEPTED
202526-0438,LIVE_REFRESH_VERIFIED,False,False,False,OK,2,4947778,9773,9831,FC Porto,Nice,1,0.6666666667,0.8333333333,0.2613636364,True,separated_utc_time_competition_score_alias,OK,True,True,True,ACCEPTED
202526-0439,LIVE_REFRESH_VERIFIED,False,False,False,OK,1,4947830,6033,8358,Viktoria Plzen,Freiburg,1,1,1,0,True,utc_time_competition_score_high_confidence_name,OK,True,True,True,ACCEPTED
202526-0440,LIVE_REFRESH_VERIFIED,False,False,False,OK,3,4947809,8695,8222,Fenerbahçe,Ferencvaros,1,1,1,0.3014705882,True,utc_time_competition_score_high_confidence_name,OK,True,True,True,ACCEPTED
202526-0441,LIVE_REFRESH_VERIFIED,False,False,False,OK,1,4947781,10235,9925,Feyenoord,Celtic,1,1,1,0,True,utc_time_competition_score_high_confidence_name,OK,True,True,True,ACCEPTED
202526-0442,LIVE_REFRESH_VERIFIED,False,False,False,OK,1,4947784,8639,10156,Lille,Dinamo Zagreb,0.7142857143,1,0.8571428571,0,True,utc_time_competition_score_high_confidence_name,OK,True,True,True,ACCEPTED
202526-0443,LIVE_REFRESH_VERIFIED,False,False,False,OK,3,4947827,8619,8468,PAOK Thessaloniki,Brann,1,0.5882352941,0.7941176471,0.3602941176,True,separated_utc_time_competition_score_alias,OK,True,True,True,ACCEPTED
202526-0444,LIVE_REFRESH_VERIFIED,False,False,False,OK,1,4947863,210173,9910,Ludogorets Razgrad,Celta Vigo,1,0.8695652174,0.9347826087,0,True,utc_time_competition_score_high_confidence_name,OK,True,True,True,ACCEPTED
202526-0863,LIVE_REFRESH_VERIFIED,False,False,False,OK,3,4947944,10229,5751,AZ Alkmaar,Shelbourne,1,1,1,0.2142857143,True,utc_time_competition_score_high_confidence_name,OK,True,True,True,ACCEPTED
202526-0864,LIVE_REFRESH_VERIFIED,False,False,False,OK,1,4948064,4528,545012,Hamrun Spartans,Lincoln Red Imps FC,1,1,1,0,True,utc_time_competition_score_high_confidence_name,OK,True,True,True,ACCEPTED
202526-0865,LIVE_REFRESH_VERIFIED,False,False,False,OK,4,4948016,10107,8428,Zrinjski Mostar,Häcken,1,0.8,0.9,0.3339130435,True,utc_time_competition_score_high_confidence_name,OK,True,True,True,ACCEPTED
202526-0866,LIVE_REFRESH_VERIFIED,False,False,False,OK,3,4947968,2182,7730,Lech Poznan,Lausanne,1,0.6956521739,0.847826087,0.2552380952,True,separated_utc_time_competition_score_alias,OK,True,True,True,ACCEPTED
202526-0867,LIVE_REFRESH_VERIFIED,False,False,False,OK,3,4947996,8044,8688,Omonia Nicosia,Dynamo Kyiv,1,1,1,0.2126315789,True,utc_time_competition_score_high_confidence_name,OK,True,True,True,ACCEPTED
202526-0868,LIVE_REFRESH_VERIFIED,False,False,False,OK,1,4948045,4024,10015,Raków Częstochowa,Rapid Wien,1,1,1,0,True,utc_time_competition_score_high_confidence_name,OK,True,True,True,ACCEPTED
202526-0869,LIVE_REFRESH_VERIFIED,False,False,False,OK,4,4948040,6461,4622,Sigma Olomouc,NK Celje,1,1,1,0.3603896104,True,utc_time_competition_score_high_confidence_name,OK,True,True,True,ACCEPTED
202526-0870,LIVE_REFRESH_VERIFIED,False,False,False,OK,3,4948061,480286,9905,Universitatea Craiova,Mainz 05,1,0.8,0.9,0.2788461538,True,utc_time_competition_score_high_confidence_name,OK,True,True,True,ACCEPTED
202526-0871,LIVE_REFRESH_VERIFIED,False,False,False,OK,4,4947948,6019,8370,Slovan Bratislava,Rayo Vallecano,1,1,1,0.3624338624,True,utc_time_competition_score_high_confidence_name,OK,True,True,True,ACCEPTED
202526-0445,LIVE_REFRESH_VERIFIED,False,False,False,OK,1,4947880,9857,10013,Bologna,Salzburg,1,1,1,0,True,utc_time_competition_score_high_confidence_name,OK,True,True,True,ACCEPTED
202526-0446,LIVE_REFRESH_VERIFIED,False,False,False,OK,1,4947818,8687,9723,FK Crvena Zvezda,FCSB,1,1,1,0,True,utc_time_competition_score_high_confidence_name,OK,True,True,True,ACCEPTED
202526-0447,LIVE_REFRESH_VERIFIED,False,False,False,OK,1,4947904,6433,10269,Go Ahead Eagles,VfB Stuttgart,1,1,1,0,True,utc_time_competition_score_high_confidence_name,OK,True,True,True,ACCEPTED
202526-0448,LIVE_REFRESH_VERIFIED,False,False,False,OK,5,4947911,9987,9931,Genk,Basel,1,1,1,0.2,True,utc_time_competition_score_high_confidence_name,OK,True,True,True,ACCEPTED
202526-0449,LIVE_REFRESH_VERIFIED,False,False,False,OK,1,4947841,7855,9748,Maccabi Tel Aviv,Lyon,1,0.4444444444,0.7222222222,0,True,unique_utc_time_competition_score_alias,OK,True,True,True,ACCEPTED
202526-0450,LIVE_REFRESH_VERIFIED,False,False,False,OK,2,4947867,10203,10237,Nottingham Forest,Malmö FF,1,1,1,0.1363636364,True,utc_time_competition_score_high_confidence_name,OK,True,True,True,ACCEPTED
202526-0451,LIVE_REFRESH_VERIFIED,False,False,False,OK,5,4947895,10200,10014,Panathinaikos,Sturm Graz,1,1,1,0.2915601023,True,utc_time_competition_score_high_confidence_name,OK,True,True,True,ACCEPTED
202526-0452,LIVE_REFRESH_VERIFIED,False,False,False,OK,3,4947789,8548,10264,Rangers,Braga,0.6363636364,0.5263157895,0.5813397129,0.2516447368,True,separated_utc_time_competition_score_alias,OK,True,True,True,ACCEPTED
202526-0453,LIVE_REFRESH_VERIFIED,False,False,False,OK,5,4947799,8603,9908,Real Betis,FC Utrecht,1,1,1,0.2915601023,True,utc_time_competition_score_high_confidence_name,OK,True,True,True,ACCEPTED
202526-0872,LIVE_REFRESH_VERIFIED,False,False,False,OK,1,4948028,8485,866111,Aberdeen,FC Noah,1,1,1,0,True,utc_time_competition_score_high_confidence_name,OK,True,True,True,ACCEPTED
202526-0873,LIVE_REFRESH_VERIFIED,False,False,False,OK,2,4947940,8535,8563,Fiorentina,AEK Athens,1,1,1,0.2119565217,True,utc_time_competition_score_high_confidence_name,OK,True,True,True,ACCEPTED
202526-0874,LIVE_REFRESH_VERIFIED,False,False,False,OK,1,4948038,8332,9750,Breidablik,Samsunspor,1,1,1,0,True,utc_time_competition_score_high_confidence_name,OK,True,True,True,ACCEPTED
202526-0875,LIVE_REFRESH_VERIFIED,False,False,False,OK,3,4948031,784771,2234,Drita,KF Shkendija,1,0.8571428571,0.9285714286,0.2126696833,True,utc_time_competition_score_high_confidence_name,OK,True,True,True,ACCEPTED
202526-0876,LIVE_REFRESH_VERIFIED,False,False,False,OK,1,4948013,10162,7797,Rijeka,AEK Larnaca,1,1,1,0,True,utc_time_competition_score_high_confidence_name,OK,True,True,True,ACCEPTED
202526-0877,LIVE_REFRESH_VERIFIED,False,False,False,OK,3,4948006,1957,1693,Jagiellonia Bialystok,KuPS,1,1,1,0.1634615385,True,utc_time_competition_score_high_confidence_name,OK,True,True,True,ACCEPTED
202526-0878,LIVE_REFRESH_VERIFIED,False,False,False,OK,2,4947954,8673,10247,Legia Warszawa,Sparta Prague,0.9230769231,0.8,0.8615384615,0.1818181818,True,utc_time_competition_score_high_confidence_name,OK,True,True,True,ACCEPTED
202526-0879,LIVE_REFRESH_VERIFIED,False,False,False,OK,4,4948002,9848,9826,Strasbourg,Crystal Palace,0.8695652174,1,0.9347826087,0.3285714286,True,utc_time_competition_score_high_confidence_name,OK,True,True,True,ACCEPTED
202526-0880,LIVE_REFRESH_VERIFIED,False,False,False,OK,1,4947972,4131,9728,Shamrock Rovers,Shakhtar Donetsk,1,1,1,0,True,utc_time_competition_score_high_confidence_name,OK,True,True,True,ACCEPTED
202526-0183,LIVE_REFRESH_VERIFIED,False,False,False,OK,3,4947231,8037,8638,Kairat Almaty,Olympiacos,1,0.6428571429,0.8214285714,0.2095238095,True,separated_utc_time_competition_score_alias,OK,True,True,True,ACCEPTED
202526-0184,LIVE_REFRESH_VERIFIED,False,False,False,OK,2,4947105,9823,9768,Bayern München,Sporting CP,1,0.7586206897,0.8793103448,0.2582417582,True,utc_time_competition_score_high_confidence_name,OK,True,True,True,ACCEPTED
202526-0185,LIVE_REFRESH_VERIFIED,False,False,False,OK,3,4947247,9829,8637,Monaco,Galatasaray,0.8,1,0.9,0.253968254,True,utc_time_competition_score_high_confidence_name,OK,True,True,True,ACCEPTED
202526-0186,LIVE_REFRESH_VERIFIED,False,False,False,OK,2,4947111,8524,8455,Atalanta,Chelsea,1,1,1,0.2330316742,True,utc_time_competition_score_high_confidence_name,OK,True,True,True,ACCEPTED
202526-0187,LIVE_REFRESH_VERIFIED,False,False,False,OK,2,4947146,8634,9810,Barcelona,Eintracht Frankfurt,1,1,1,0.350678733,True,utc_time_competition_score_high_confidence_name,OK,True,True,True,ACCEPTED
202526-0188,LIVE_REFRESH_VERIFIED,False,False,False,OK,3,4947124,8636,8650,Inter,Liverpool,0.5263157895,1,0.7631578947,0.253411306,True,separated_utc_time_competition_score_alias,OK,True,True,True,ACCEPTED
202526-0189,LIVE_REFRESH_VERIFIED,False,False,False,OK,3,4947205,8640,9906,PSV Eindhoven,Atletico Madrid,1,1,1,0.225,True,utc_time_competition_score_high_confidence_name,OK,True,True,True,ACCEPTED
202526-0190,LIVE_REFRESH_VERIFIED,False,False,False,OK,3,4947217,7978,8592,Union St.Gilloise,Marseille,0.9189189189,0.6428571429,0.7808880309,0.3279857398,True,separated_utc_time_competition_score_alias,OK,True,True,True,ACCEPTED
202526-0191,LIVE_REFRESH_VERIFIED,False,False,False,OK,1,4947218,8586,7787,Tottenham Hotspur,Slavia Prague,1,0.8,0.9,0,True,utc_time_competition_score_high_confidence_name,OK,True,True,True,ACCEPTED
202526-0192,LIVE_REFRESH_VERIFIED,False,False,False,OK,1,4947233,7981,8593,Qarabag FK,Ajax,1,1,1,0,True,utc_time_competition_score_high_confidence_name,OK,True,True,True,ACCEPTED
202526-0193,LIVE_REFRESH_VERIFIED,False,False,False,OK,3,4947210,10205,8391,Villarreal,FC København,1,1,1,0.2137681159,True,utc_time_competition_score_high_confidence_name,OK,True,True,True,ACCEPTED
202526-0194,LIVE_REFRESH_VERIFIED,False,False,False,OK,2,4947159,8315,9847,Athletic Club,Paris Saint-Germain,0.6956521739,1,0.847826087,0.2159090909,True,separated_utc_time_competition_score_alias,OK,True,True,True,ACCEPTED
202526-0195,LIVE_REFRESH_VERIFIED,False,False,False,OK,4,4947171,8178,10261,Bayer Leverkusen,Newcastle United,1,1,1,0.2304347826,True,utc_time_competition_score_high_confidence_name,OK,True,True,True,ACCEPTED
202526-0196,LIVE_REFRESH_VERIFIED,False,False,False,OK,4,4947135,9789,8402,Borussia Dortmund,Bodø/Glimt,1,1,1,0.3205645161,True,utc_time_competition_score_high_confidence_name,OK,True,True,True,ACCEPTED
202526-0197,LIVE_REFRESH_VERIFIED,False,False,False,OK,1,4947174,8342,9825,Club Brugge,Arsenal,1,1,1,0,True,utc_time_competition_score_high_confidence_name,OK,True,True,True,ACCEPTED
202526-0198,LIVE_REFRESH_VERIFIED,False,False,False,OK,3,4947202,9885,2137,Juventus,Pafos FC,1,1,1,0.3151515152,True,utc_time_competition_score_high_confidence_name,OK,True,True,True,ACCEPTED
202526-0199,LIVE_REFRESH_VERIFIED,False,False,False,OK,2,4947116,8633,8456,Real Madrid,Manchester City,1,1,1,0.2916666667,True,utc_time_competition_score_high_confidence_name,OK,True,True,True,ACCEPTED
202526-0200,LIVE_REFRESH_VERIFIED,False,False,False,OK,3,4947186,9772,9875,Benfica,Napoli,1,1,1,0.3151515152,True,utc_time_competition_score_high_confidence_name,OK,True,True,True,ACCEPTED
202526-0454,LIVE_REFRESH_VERIFIED,False,False,False,OK,3,4947844,10192,8639,Young Boys,Lille,1,0.7142857143,0.8571428571,0.1721611722,True,utc_time_competition_score_high_confidence_name,OK,True,True,True,ACCEPTED
202526-0455,LIVE_REFRESH_VERIFIED,False,False,False,OK,3,4947855,8113,9987,FC Midtjylland,Genk,1,1,1,0.2063492063,True,utc_time_competition_score_high_confidence_name,OK,True,True,True,ACCEPTED
202526-0456,LIVE_REFRESH_VERIFIED,False,False,False,OK,3,4947907,9908,10203,FC Utrecht,Nottingham Forest,1,1,1,0.1904761905,True,utc_time_competition_score_high_confidence_name,OK,True,True,True,ACCEPTED
202526-0457,LIVE_REFRESH_VERIFIED,False,False,False,OK,3,4947832,8222,8548,Ferencvaros,Rangers,1,0.6363636364,0.8181818182,0.2554347826,True,separated_utc_time_competition_score_alias,OK,True,True,True,ACCEPTED
202526-0458,LIVE_REFRESH_VERIFIED,False,False,False,OK,1,4947792,10156,8603,Dinamo Zagreb,Real Betis,1,1,1,0,True,utc_time_competition_score_high_confidence_name,OK,True,True,True,ACCEPTED
202526-0459,LIVE_REFRESH_VERIFIED,False,False,False,OK,2,4947877,9831,10264,Nice,Braga,0.6666666667,0.5263157895,0.5964912281,0.2037037037,True,separated_utc_time_competition_score_alias,OK,True,True,True,ACCEPTED
202526-0460,LIVE_REFRESH_VERIFIED,False,False,False,OK,1,4947861,210173,8619,Ludogorets Razgrad,PAOK Thessaloniki,1,1,1,0,True,utc_time_competition_score_high_confidence_name,OK,True,True,True,ACCEPTED
202526-0461,LIVE_REFRESH_VERIFIED,False,False,False,OK,2,4947869,10014,8687,Sturm Graz,FK Crvena Zvezda,1,1,1,0.1666666667,True,utc_time_competition_score_high_confidence_name,OK,True,True,True,ACCEPTED
202526-0462,LIVE_REFRESH_VERIFIED,False,False,False,OK,1,4947890,10269,7855,VfB Stuttgart,Maccabi Tel Aviv,1,1,1,0,True,utc_time_competition_score_high_confidence_name,OK,True,True,True,ACCEPTED
202526-0881,LIVE_REFRESH_VERIFIED,False,False,False,OK,3,4947939,8535,8688,Fiorentina,Dynamo Kyiv,1,1,1,0.3173076923,True,utc_time_competition_score_high_confidence_name,OK,True,True,True,ACCEPTED
202526-0882,LIVE_REFRESH_VERIFIED,False,False,False,OK,2,4948056,8428,7797,Häcken,AEK Larnaca,0.8,1,0.9,0.2552631579,True,utc_time_competition_score_high_confidence_name,OK,True,True,True,ACCEPTED
202526-0883,LIVE_REFRESH_VERIFIED,False,False,False,OK,1,4948036,8332,4131,Breidablik,Shamrock Rovers,1,1,1,0,True,utc_time_competition_score_high_confidence_name,OK,True,True,True,ACCEPTED
202526-0884,LIVE_REFRESH_VERIFIED,False,False,False,OK,2,4948029,784771,10229,Drita,AZ Alkmaar,1,1,1,0.2333333333,True,utc_time_competition_score_high_confidence_name,OK,True,True,True,ACCEPTED
202526-0885,LIVE_REFRESH_VERIFIED,False,False,False,OK,3,4948066,866111,8673,FC Noah,Legia Warszawa,1,0.9230769231,0.9615384615,0.22,True,utc_time_competition_score_high_confidence_name,OK,True,True,True,ACCEPTED
202526-0886,LIVE_REFRESH_VERIFIED,False,False,False,OK,3,4948005,1957,8370,Jagiellonia Bialystok,Rayo Vallecano,1,1,1,0.2728494624,True,utc_time_competition_score_high_confidence_name,OK,True,True,True,ACCEPTED
202526-0887,LIVE_REFRESH_VERIFIED,False,False,False,OK,1,4948051,2234,6019,KF Shkendija,Slovan Bratislava,0.8571428571,1,0.9285714286,0,True,utc_time_competition_score_high_confidence_name,OK,True,True,True,ACCEPTED
202526-0888,LIVE_REFRESH_VERIFIED,False,False,False,OK,3,4948043,9750,8563,Samsunspor,AEK Athens,1,1,1,0.2311827957,True,utc_time_competition_score_high_confidence_name,OK,True,True,True,ACCEPTED
202526-0889,LIVE_REFRESH_VERIFIED,False,False,False,OK,3,4948060,480286,10247,Universitatea Craiova,Sparta Prague,1,0.8,0.9,0.2582417582,True,utc_time_competition_score_high_confidence_name,OK,True,True,True,ACCEPTED
202526-0463,LIVE_REFRESH_VERIFIED,False,False,False,OK,1,4947836,9925,8686,Celtic,Roma,1,0.7272727273,0.8636363636,0,True,utc_time_competition_score_high_confidence_name,OK,True,True,True,ACCEPTED
202526-0464,LIVE_REFRESH_VERIFIED,False,False,False,OK,3,4947779,9773,10237,FC Porto,Malmö FF,1,1,1,0.1980676329,True,utc_time_competition_score_high_confidence_name,OK,True,True,True,ACCEPTED
202526-0465,LIVE_REFRESH_VERIFIED,False,False,False,OK,3,4947848,9931,10252,Basel,Aston Villa,1,1,1,0.1904761905,True,utc_time_competition_score_high_confidence_name,OK,True,True,True,ACCEPTED
202526-0466,LIVE_REFRESH_VERIFIED,False,False,False,OK,1,4947872,9723,10235,FCSB,Feyenoord,1,1,1,0,True,utc_time_competition_score_high_confidence_name,OK,True,True,True,ACCEPTED
202526-0467,LIVE_REFRESH_VERIFIED,False,False,False,OK,3,4947823,9748,6433,Lyon,Go Ahead Eagles,0.4444444444,1,0.7222222222,0.1922196796,True,separated_utc_time_competition_score_alias,OK,True,True,True,ACCEPTED
202526-0468,LIVE_REFRESH_VERIFIED,False,False,False,OK,1,4947894,10200,6033,Panathinaikos,Viktoria Plzen,1,1,1,0,True,utc_time_competition_score_high_confidence_name,OK,True,True,True,ACCEPTED
202526-0469,LIVE_REFRESH_VERIFIED,False,False,False,OK,3,4947888,9910,9857,Celta Vigo,Bologna,0.8695652174,1,0.9347826087,0.2777777778,True,utc_time_competition_score_high_confidence_name,OK,True,True,True,ACCEPTED
202526-0470,LIVE_REFRESH_VERIFIED,False,False,False,OK,3,4947856,8358,10013,Freiburg,Salzburg,1,1,1,0.1359649123,True,utc_time_competition_score_high_confidence_name,OK,True,True,True,ACCEPTED
202526-0471,LIVE_REFRESH_VERIFIED,False,False,False,OK,1,4947914,8468,8695,Brann,Fenerbahçe,0.5882352941,1,0.7941176471,0,True,unique_utc_time_competition_score_alias,OK,True,True,True,ACCEPTED
202526-0890,LIVE_REFRESH_VERIFIED,False,False,False,OK,2,4948027,8485,9848,Aberdeen,Strasbourg,1,0.8695652174,0.9347826087,0.3333333333,True,utc_time_competition_score_high_confidence_name,OK,True,True,True,ACCEPTED
202526-0891,LIVE_REFRESH_VERIFIED,False,False,False,OK,1,4948063,4528,9728,Hamrun Spartans,Shakhtar Donetsk,1,1,1,0,True,utc_time_competition_score_high_confidence_name,OK,True,True,True,ACCEPTED
202526-0892,LIVE_REFRESH_VERIFIED,False,False,False,OK,1,4948012,10162,4622,Rijeka,NK Celje,1,1,1,0,True,utc_time_competition_score_high_confidence_name,OK,True,True,True,ACCEPTED
202526-0893,LIVE_REFRESH_VERIFIED,False,False,False,OK,2,4947967,2182,9905,Lech Poznan,Mainz 05,1,0.8,0.9,0.2480818414,True,utc_time_competition_score_high_confidence_name,OK,True,True,True,ACCEPTED
202526-0894,LIVE_REFRESH_VERIFIED,False,False,False,OK,1,4948022,1693,7730,KuPS,Lausanne,1,0.6956521739,0.847826087,0,True,unique_utc_time_competition_score_alias,OK,True,True,True,ACCEPTED
202526-0895,LIVE_REFRESH_VERIFIED,False,False,False,OK,3,4948019,545012,6461,Lincoln Red Imps FC,Sigma Olomouc,1,1,1,0.2111111111,True,utc_time_competition_score_high_confidence_name,OK,True,True,True,ACCEPTED
202526-0896,LIVE_REFRESH_VERIFIED,False,False,False,OK,1,4948046,4024,10107,Raków Częstochowa,Zrinjski Mostar,1,1,1,0,True,utc_time_competition_score_high_confidence_name,OK,True,True,True,ACCEPTED
202526-0897,LIVE_REFRESH_VERIFIED,False,False,False,OK,2,4948069,5751,9826,Shelbourne,Crystal Palace,1,1,1,0.2333333333,True,utc_time_competition_score_high_confidence_name,OK,True,True,True,ACCEPTED
202526-0898,LIVE_REFRESH_VERIFIED,False,False,False,OK,2,4947952,10015,8044,Rapid Wien,Omonia Nicosia,1,1,1,0.2638888889,True,utc_time_competition_score_high_confidence_name,OK,True,True,True,ACCEPTED
202526-0899,LIVE_REFRESH_VERIFIED,False,False,False,OK,2,4948001,9905,9750,Mainz 05,Samsunspor,0.8,1,0.9,0.1149068323,True,utc_time_competition_score_high_confidence_name,OK,True,True,True,ACCEPTED
202526-0900,LIVE_REFRESH_VERIFIED,False,False,False,OK,2,4947958,10247,8485,Sparta Prague,Aberdeen,0.8,1,0.9,0.1923076923,True,utc_time_competition_score_high_confidence_name,OK,True,True,True,ACCEPTED
202526-0901,LIVE_REFRESH_VERIFIED,False,False,False,OK,1,4948025,8563,480286,AEK Athens,Universitatea Craiova,1,1,1,0,True,utc_time_competition_score_high_confidence_name,OK,True,True,True,ACCEPTED
202526-0902,LIVE_REFRESH_VERIFIED,False,False,False,OK,3,4948050,7797,2234,AEK Larnaca,KF Shkendija,1,0.8571428571,0.9285714286,0.4452380952,True,utc_time_competition_score_high_confidence_name,OK,True,True,True,ACCEPTED
202526-0903,LIVE_REFRESH_VERIFIED,False,False,False,OK,3,4947943,10229,1957,AZ Alkmaar,Jagiellonia Bialystok,1,1,1,0.2279202279,True,utc_time_competition_score_high_confidence_name,OK,True,True,True,ACCEPTED
202526-0904,LIVE_REFRESH_VERIFIED,False,False,False,OK,1,4947964,9826,1693,Crystal Palace,KuPS,1,1,1,0,True,utc_time_competition_score_high_confidence_name,OK,True,True,True,ACCEPTED
202526-0905,LIVE_REFRESH_VERIFIED,False,False,False,OK,3,4947946,9728,10162,Shakhtar Donetsk,Rijeka,1,1,1,0.264957265,True,utc_time_competition_score_high_confidence_name,OK,True,True,True,ACCEPTED
202526-0906,LIVE_REFRESH_VERIFIED,False,False,False,OK,2,4947962,8688,866111,Dynamo Kyiv,FC Noah,1,1,1,0.2481203008,True,utc_time_competition_score_high_confidence_name,OK,True,True,True,ACCEPTED
202526-0907,LIVE_REFRESH_VERIFIED,False,False,False,OK,3,4948057,7730,8535,Lausanne,Fiorentina,0.6956521739,1,0.847826087,0.3426573427,True,separated_utc_time_competition_score_alias,OK,True,True,True,ACCEPTED
202526-0908,LIVE_REFRESH_VERIFIED,False,False,False,OK,1,4948014,10107,10015,Zrinjski Mostar,Rapid Wien,1,1,1,0,True,utc_time_competition_score_high_confidence_name,OK,True,True,True,ACCEPTED
202526-0909,LIVE_REFRESH_VERIFIED,False,False,False,OK,1,4947955,8673,545012,Legia Warszawa,Lincoln Red Imps FC,0.9230769231,1,0.9615384615,0,True,utc_time_competition_score_high_confidence_name,OK,True,True,True,ACCEPTED
202526-0910,LIVE_REFRESH_VERIFIED,False,False,False,OK,3,4948010,4622,5751,NK Celje,Shelbourne,1,1,1,0.1956989247,True,utc_time_competition_score_high_confidence_name,OK,True,True,True,ACCEPTED
202526-0911,LIVE_REFRESH_VERIFIED,False,False,False,OK,1,4947998,8044,4024,Omonia Nicosia,Raków Częstochowa,1,1,1,0,True,utc_time_competition_score_high_confidence_name,OK,True,True,True,ACCEPTED
202526-0912,LIVE_REFRESH_VERIFIED,False,False,False,OK,2,4948004,9848,8332,Strasbourg,Breidablik,0.8695652174,1,0.9347826087,0.2228571429,True,utc_time_competition_score_high_confidence_name,OK,True,True,True,ACCEPTED
202526-0913,LIVE_REFRESH_VERIFIED,False,False,False,OK,2,4947970,8370,784771,Rayo Vallecano,Drita,1,1,1,0.188034188,True,utc_time_competition_score_high_confidence_name,OK,True,True,True,ACCEPTED
202526-0914,LIVE_REFRESH_VERIFIED,False,False,False,OK,2,4947974,4131,4528,Shamrock Rovers,Hamrun Spartans,1,1,1,0.16,True,utc_time_competition_score_high_confidence_name,OK,True,True,True,ACCEPTED
202526-0915,LIVE_REFRESH_VERIFIED,False,False,False,OK,1,4948039,6461,2182,Sigma Olomouc,Lech Poznan,1,1,1,0,True,utc_time_competition_score_high_confidence_name,OK,True,True,True,ACCEPTED
202526-0916,LIVE_REFRESH_VERIFIED,False,False,False,OK,3,4947950,6019,8428,Slovan Bratislava,Häcken,1,0.8,0.9,0.4642857143,True,utc_time_competition_score_high_confidence_name,OK,True,True,True,ACCEPTED
202526-0201,LIVE_REFRESH_VERIFIED,False,False,False,OK,1,4947193,8037,8342,Kairat Almaty,Club Brugge,1,1,1,0,True,utc_time_competition_score_high_confidence_name,OK,True,True,True,ACCEPTED
202526-0202,LIVE_REFRESH_VERIFIED,False,False,False,OK,1,4947163,8402,8456,Bodø/Glimt,Manchester City,1,1,1,0,True,utc_time_competition_score_high_confidence_name,OK,True,True,True,ACCEPTED
202526-0203,LIVE_REFRESH_VERIFIED,False,False,False,OK,2,4947240,8391,9875,FC København,Napoli,1,1,1,0.1928571429,True,utc_time_competition_score_high_confidence_name,OK,True,True,True,ACCEPTED
202526-0204,LIVE_REFRESH_VERIFIED,False,False,False,OK,1,4947126,8636,9825,Inter,Arsenal,0.5263157895,1,0.7631578947,0,True,unique_utc_time_competition_score_alias,OK,True,True,True,ACCEPTED
202526-0205,LIVE_REFRESH_VERIFIED,False,False,False,OK,4,4947170,8638,8178,Olympiacos,Bayer Leverkusen,0.6428571429,1,0.8214285714,0.2658008658,True,separated_utc_time_competition_score_alias,OK,True,True,True,ACCEPTED
202526-0206,LIVE_REFRESH_VERIFIED,False,False,False,OK,1,4947122,8633,9829,Real Madrid,Monaco,1,0.8,0.9,0,True,utc_time_competition_score_high_confidence_name,OK,True,True,True,ACCEPTED
202526-0207,LIVE_REFRESH_VERIFIED,False,False,False,OK,1,4947157,9768,9847,Sporting CP,Paris Saint-Germain,0.7586206897,1,0.8793103448,0,True,utc_time_competition_score_high_confidence_name,OK,True,True,True,ACCEPTED
202526-0208,LIVE_REFRESH_VERIFIED,False,False,False,OK,4,4947136,8586,9789,Tottenham Hotspur,Borussia Dortmund,1,1,1,0.2996632997,True,utc_time_competition_score_high_confidence_name,OK,True,True,True,ACCEPTED
202526-0209,LIVE_REFRESH_VERIFIED,False,False,False,OK,1,4947208,10205,8593,Villarreal,Ajax,1,1,1,0,True,utc_time_competition_score_high_confidence_name,OK,True,True,True,ACCEPTED
202526-0210,LIVE_REFRESH_VERIFIED,False,False,False,OK,2,4947207,8637,9906,Galatasaray,Atletico Madrid,1,1,1,0.1928571429,True,utc_time_competition_score_high_confidence_name,OK,True,True,True,ACCEPTED
202526-0211,LIVE_REFRESH_VERIFIED,False,False,False,OK,1,4947198,7981,9810,Qarabag FK,Eintracht Frankfurt,1,1,1,0,True,utc_time_competition_score_high_confidence_name,OK,True,True,True,ACCEPTED
202526-0212,LIVE_REFRESH_VERIFIED,False,False,False,OK,1,4947183,8524,8315,Atalanta,Athletic Club,1,0.6956521739,0.847826087,0,True,unique_utc_time_competition_score_alias,OK,True,True,True,ACCEPTED
202526-0213,LIVE_REFRESH_VERIFIED,False,False,False,OK,1,4947114,8455,2137,Chelsea,Pafos FC,1,1,1,0,True,utc_time_competition_score_high_confidence_name,OK,True,True,True,ACCEPTED
202526-0214,LIVE_REFRESH_VERIFIED,False,False,False,OK,4,4947107,9823,7978,Bayern München,Union St.Gilloise,1,0.9189189189,0.9594594595,0.2474747475,True,utc_time_competition_score_high_confidence_name,OK,True,True,True,ACCEPTED
202526-0215,LIVE_REFRESH_VERIFIED,False,False,False,OK,4,4947185,9885,9772,Juventus,Benfica,1,1,1,0.2433333333,True,utc_time_competition_score_high_confidence_name,OK,True,True,True,ACCEPTED
202526-0216,LIVE_REFRESH_VERIFIED,False,False,False,OK,1,4947238,10261,8640,Newcastle United,PSV Eindhoven,1,1,1,0,True,utc_time_competition_score_high_confidence_name,OK,True,True,True,ACCEPTED
202526-0217,LIVE_REFRESH_VERIFIED,False,False,False,OK,1,4947142,8592,8650,Marseille,Liverpool,0.6428571429,1,0.8214285714,0,True,unique_utc_time_competition_score_alias,OK,True,True,True,ACCEPTED
202526-0218,LIVE_REFRESH_VERIFIED,False,False,False,OK,1,4947151,7787,8634,Slavia Prague,Barcelona,0.8,1,0.9,0,True,utc_time_competition_score_high_confidence_name,OK,True,True,True,ACCEPTED
202526-0472,LIVE_REFRESH_VERIFIED,False,False,False,OK,1,4947882,9857,9925,Bologna,Celtic,1,1,1,0,True,utc_time_competition_score_high_confidence_name,OK,True,True,True,ACCEPTED
202526-0473,LIVE_REFRESH_VERIFIED,False,False,False,OK,3,4947845,10192,9748,Young Boys,Lyon,1,0.4444444444,0.7222222222,0.1851851852,True,separated_utc_time_competition_score_alias,OK,True,True,True,ACCEPTED
202526-0474,LIVE_REFRESH_VERIFIED,False,False,False,OK,2,4947828,6033,9773,Viktoria Plzen,FC Porto,1,1,1,0.2311111111,True,utc_time_competition_score_high_confidence_name,OK,True,True,True,ACCEPTED
202526-0475,LIVE_REFRESH_VERIFIED,False,False,False,OK,3,4947808,8695,10252,Fenerbahçe,Aston Villa,1,1,1,0.2333333333,True,utc_time_competition_score_high_confidence_name,OK,True,True,True,ACCEPTED
202526-0476,LIVE_REFRESH_VERIFIED,False,False,False,OK,1,4947782,10235,10014,Feyenoord,Sturm Graz,1,1,1,0,True,utc_time_competition_score_high_confidence_name,OK,True,True,True,ACCEPTED
202526-0477,LIVE_REFRESH_VERIFIED,False,False,False,OK,3,4947898,10237,8687,Malmö FF,FK Crvena Zvezda,1,1,1,0.1699346405,True,utc_time_competition_score_high_confidence_name,OK,True,True,True,ACCEPTED
202526-0478,LIVE_REFRESH_VERIFIED,False,False,False,OK,2,4947824,8619,8603,PAOK Thessaloniki,Real Betis,1,1,1,0.1345755694,True,utc_time_competition_score_high_confidence_name,OK,True,True,True,ACCEPTED
202526-0479,LIVE_REFRESH_VERIFIED,False,False,False,OK,3,4947857,8358,7855,Freiburg,Maccabi Tel Aviv,1,1,1,0.2588235294,True,utc_time_competition_score_high_confidence_name,OK,True,True,True,ACCEPTED
202526-0480,LIVE_REFRESH_VERIFIED,False,False,False,OK,1,4947915,8468,8113,Brann,FC Midtjylland,0.5882352941,1,0.7941176471,0,True,unique_utc_time_competition_score_alias,OK,True,True,True,ACCEPTED
202526-0481,LIVE_REFRESH_VERIFIED,False,False,False,OK,2,4947775,8686,10269,Roma,VfB Stuttgart,0.7272727273,1,0.8636363636,0.2119565217,True,utc_time_competition_score_high_confidence_name,OK,True,True,True,ACCEPTED
202526-0482,LIVE_REFRESH_VERIFIED,False,False,False,OK,1,4947908,9908,9987,FC Utrecht,Genk,1,1,1,0,True,utc_time_competition_score_high_confidence_name,OK,True,True,True,ACCEPTED
202526-0483,LIVE_REFRESH_VERIFIED,False,False,False,OK,2,4947802,10013,9931,Salzburg,Basel,1,1,1,0.1,True,utc_time_competition_score_high_confidence_name,OK,True,True,True,ACCEPTED
202526-0484,LIVE_REFRESH_VERIFIED,False,False,False,OK,2,4947835,8222,10200,Ferencvaros,Panathinaikos,1,1,1,0.2866666667,True,utc_time_competition_score_high_confidence_name,OK,True,True,True,ACCEPTED
202526-0485,LIVE_REFRESH_VERIFIED,False,False,False,OK,1,4947794,10156,9723,Dinamo Zagreb,FCSB,1,1,1,0,True,utc_time_competition_score_high_confidence_name,OK,True,True,True,ACCEPTED
202526-0486,LIVE_REFRESH_VERIFIED,False,False,False,OK,2,4947879,9831,6433,Nice,Go Ahead Eagles,0.6666666667,1,0.8333333333,0.2125,True,separated_utc_time_competition_score_alias,OK,True,True,True,ACCEPTED
202526-0487,LIVE_REFRESH_VERIFIED,False,False,False,OK,3,4947790,8548,210173,Rangers,Ludogorets Razgrad,0.6363636364,1,0.8181818182,0.3214285714,True,separated_utc_time_competition_score_alias,OK,True,True,True,ACCEPTED
202526-0488,LIVE_REFRESH_VERIFIED,False,False,False,OK,1,4947885,9910,8639,Celta Vigo,Lille,0.8695652174,0.7142857143,0.7919254658,0,True,unique_utc_time_competition_score_alias,OK,True,True,True,ACCEPTED
202526-0489,LIVE_REFRESH_VERIFIED,False,False,False,OK,3,4947814,10264,10203,Braga,Nottingham Forest,0.5263157895,1,0.7631578947,0.3619047619,True,separated_utc_time_competition_score_alias,OK,True,True,True,ACCEPTED
202526-0219,LIVE_REFRESH_VERIFIED,False,False,False,OK,3,4947229,8593,8638,Ajax,Olympiacos,1,0.6428571429,0.8214285714,0.216374269,True,separated_utc_time_competition_score_alias,OK,True,True,True,ACCEPTED
202526-0220,LIVE_REFRESH_VERIFIED,False,False,False,OK,1,4947177,9825,8037,Arsenal,Kairat Almaty,1,1,1,0,True,utc_time_competition_score_high_confidence_name,OK,True,True,True,ACCEPTED
202526-0221,LIVE_REFRESH_VERIFIED,False,False,False,OK,1,4947203,9829,9885,Monaco,Juventus,0.8,1,0.9,0,True,utc_time_competition_score_high_confidence_name,OK,True,True,True,ACCEPTED
202526-0222,LIVE_REFRESH_VERIFIED,False,False,False,OK,2,4947227,8315,9768,Athletic Club,Sporting CP,0.6956521739,0.7586206897,0.7271364318,0.1828571429,True,separated_utc_time_competition_score_alias,OK,True,True,True,ACCEPTED
202526-0223,LIVE_REFRESH_VERIFIED,False,False,False,OK,3,4947204,9906,8402,Atletico Madrid,Bodø/Glimt,1,1,1,0.2631578947,True,utc_time_competition_score_high_confidence_name,OK,True,True,True,ACCEPTED
202526-0224,LIVE_REFRESH_VERIFIED,False,False,False,OK,2,4947167,8178,10205,Bayer Leverkusen,Villarreal,1,1,1,0.3014354067,True,utc_time_competition_score_high_confidence_name,OK,True,True,True,ACCEPTED
202526-0225,LIVE_REFRESH_VERIFIED,False,False,False,OK,2,4947125,9789,8636,Borussia Dortmund,Inter,1,0.5263157895,0.7631578947,0.2078853047,True,separated_utc_time_competition_score_alias,OK,True,True,True,ACCEPTED
202526-0226,LIVE_REFRESH_VERIFIED,False,False,False,OK,2,4947190,8342,8592,Club Brugge,Marseille,1,0.6428571429,0.8214285714,0.3197492163,True,separated_utc_time_competition_score_alias,OK,True,True,True,ACCEPTED
202526-0227,LIVE_REFRESH_VERIFIED,False,False,False,OK,2,4947195,9810,8586,Eintracht Frankfurt,Tottenham Hotspur,1,1,1,0.2752525253,True,utc_time_competition_score_high_confidence_name,OK,True,True,True,ACCEPTED
202526-0228,LIVE_REFRESH_VERIFIED,False,False,False,OK,2,4947152,8634,8391,Barcelona,FC København,1,1,1,0.2337662338,True,utc_time_competition_score_high_confidence_name,OK,True,True,True,ACCEPTED
202526-0229,LIVE_REFRESH_VERIFIED,False,False,False,OK,1,4947143,8650,7981,Liverpool,Qarabag FK,1,1,1,0,True,utc_time_competition_score_high_confidence_name,OK,True,True,True,ACCEPTED
202526-0230,LIVE_REFRESH_VERIFIED,False,False,False,OK,1,4947164,8456,8637,Manchester City,Galatasaray,1,1,1,0,True,utc_time_competition_score_high_confidence_name,OK,True,True,True,ACCEPTED
202526-0231,LIVE_REFRESH_VERIFIED,False,False,False,OK,2,4947235,2137,7787,Pafos FC,Slavia Prague,1,0.8,0.9,0.2380952381,True,utc_time_competition_score_high_confidence_name,OK,True,True,True,ACCEPTED
202526-0232,LIVE_REFRESH_VERIFIED,False,False,False,OK,1,4947158,9847,10261,Paris Saint-Germain,Newcastle United,1,1,1,0,True,utc_time_competition_score_high_confidence_name,OK,True,True,True,ACCEPTED
202526-0233,LIVE_REFRESH_VERIFIED,False,False,False,OK,3,4947106,8640,9823,PSV Eindhoven,Bayern München,1,1,1,0.2375776398,True,utc_time_competition_score_high_confidence_name,OK,True,True,True,ACCEPTED
202526-0234,LIVE_REFRESH_VERIFIED,False,False,False,OK,1,4947184,7978,8524,Union St.Gilloise,Atalanta,0.9189189189,1,0.9594594595,0,True,utc_time_competition_score_high_confidence_name,OK,True,True,True,ACCEPTED
202526-0235,LIVE_REFRESH_VERIFIED,False,False,False,OK,1,4947119,9772,8633,Benfica,Real Madrid,1,1,1,0,True,utc_time_competition_score_high_confidence_name,OK,True,True,True,ACCEPTED
202526-0236,LIVE_REFRESH_VERIFIED,False,False,False,OK,2,4947113,9875,8455,Napoli,Chelsea,1,1,1,0.2698412698,True,utc_time_competition_score_high_confidence_name,OK,True,True,True,ACCEPTED
202526-0490,LIVE_REFRESH_VERIFIED,False,False,False,OK,2,4947804,10252,10013,Aston Villa,Salzburg,1,1,1,0.1805555556,True,utc_time_competition_score_high_confidence_name,OK,True,True,True,ACCEPTED
202526-0491,LIVE_REFRESH_VERIFIED,False,False,False,OK,2,4947839,9925,9908,Celtic,FC Utrecht,1,1,1,0.1833333333,True,utc_time_competition_score_high_confidence_name,OK,True,True,True,ACCEPTED
202526-0492,LIVE_REFRESH_VERIFIED,False,False,False,OK,1,4947776,9773,8548,FC Porto,Rangers,1,0.6363636364,0.8181818182,0,True,unique_utc_time_competition_score_alias,OK,True,True,True,ACCEPTED
202526-0493,LIVE_REFRESH_VERIFIED,False,False,False,OK,1,4947849,9931,6033,Basel,Viktoria Plzen,1,1,1,0,True,utc_time_competition_score_high_confidence_name,OK,True,True,True,ACCEPTED
202526-0494,LIVE_REFRESH_VERIFIED,False,False,False,OK,1,4947852,8113,10156,FC Midtjylland,Dinamo Zagreb,1,1,1,0,True,utc_time_competition_score_high_confidence_name,OK,True,True,True,ACCEPTED
202526-0495,LIVE_REFRESH_VERIFIED,False,False,False,OK,3,4947819,8687,9910,FK Crvena Zvezda,Celta Vigo,1,0.8695652174,0.9347826087,0.1742081448,True,utc_time_competition_score_high_confidence_name,OK,True,True,True,ACCEPTED
202526-0496,LIVE_REFRESH_VERIFIED,False,False,False,OK,3,4947873,9723,8695,FCSB,Fenerbahçe,1,1,1,0.2016806723,True,utc_time_competition_score_high_confidence_name,OK,True,True,True,ACCEPTED
202526-0497,LIVE_REFRESH_VERIFIED,False,False,False,OK,1,4947902,6433,10264,Go Ahead Eagles,Braga,1,0.5263157895,0.7631578947,0,True,unique_utc_time_competition_score_alias,OK,True,True,True,ACCEPTED
202526-0498,LIVE_REFRESH_VERIFIED,False,False,False,OK,2,4947912,9987,10237,Genk,Malmö FF,1,1,1,0.1302521008,True,utc_time_competition_score_high_confidence_name,OK,True,True,True,ACCEPTED
202526-0499,LIVE_REFRESH_VERIFIED,False,False,False,OK,3,4947786,8639,8358,Lille,Freiburg,0.7142857143,1,0.8571428571,0.1944444444,True,utc_time_competition_score_high_confidence_name,OK,True,True,True,ACCEPTED
202526-0500,LIVE_REFRESH_VERIFIED,False,False,False,OK,1,4947843,7855,9857,Maccabi Tel Aviv,Bologna,1,1,1,0,True,utc_time_competition_score_high_confidence_name,OK,True,True,True,ACCEPTED
202526-0501,LIVE_REFRESH_VERIFIED,False,False,False,OK,1,4947865,10203,8222,Nottingham Forest,Ferencvaros,1,1,1,0,True,utc_time_competition_score_high_confidence_name,OK,True,True,True,ACCEPTED
202526-0502,LIVE_REFRESH_VERIFIED,False,False,False,OK,2,4947821,9748,8619,Lyon,PAOK Thessaloniki,0.4444444444,1,0.7222222222,0.1833333333,True,separated_utc_time_competition_score_alias,OK,True,True,True,ACCEPTED
202526-0503,LIVE_REFRESH_VERIFIED,False,False,False,OK,3,4947893,10200,8686,Panathinaikos,Roma,1,0.7272727273,0.8636363636,0.2918552036,True,utc_time_competition_score_high_confidence_name,OK,True,True,True,ACCEPTED
202526-0504,LIVE_REFRESH_VERIFIED,False,False,False,OK,3,4947862,210173,9831,Ludogorets Razgrad,Nice,1,0.6666666667,0.8333333333,0.2554945055,True,separated_utc_time_competition_score_alias,OK,True,True,True,ACCEPTED
202526-0505,LIVE_REFRESH_VERIFIED,False,False,False,OK,2,4947796,8603,10235,Real Betis,Feyenoord,1,1,1,0.1302521008,True,utc_time_competition_score_high_confidence_name,OK,True,True,True,ACCEPTED
202526-0506,LIVE_REFRESH_VERIFIED,False,False,False,OK,3,4947871,10014,8468,Sturm Graz,Brann,1,0.5882352941,0.7941176471,0.3035714286,True,separated_utc_time_competition_score_alias,OK,True,True,True,ACCEPTED
202526-0507,LIVE_REFRESH_VERIFIED,False,False,False,OK,2,4947891,10269,10192,VfB Stuttgart,Young Boys,1,1,1,0.2361111111,True,utc_time_competition_score_high_confidence_name,OK,True,True,True,ACCEPTED
202526-0239,LIVE_REFRESH_VERIFIED,False,False,False,OK,1,5161867,8637,9885,Galatasaray,Juventus,1,1,1,0,True,utc_time_competition_score_high_confidence_name,OK,True,True,True,ACCEPTED
202526-0237,LIVE_REFRESH_VERIFIED,False,False,False,OK,1,5161863,9829,9847,Monaco,Paris Saint-Germain,0.8,1,0.9,0,True,utc_time_competition_score_high_confidence_name,OK,True,True,True,ACCEPTED
202526-0241,LIVE_REFRESH_VERIFIED,False,False,False,OK,1,5161859,9772,8633,Benfica,Real Madrid,1,1,1,0,True,utc_time_competition_score_high_confidence_name,OK,True,True,True,ACCEPTED
202526-0243,LIVE_REFRESH_VERIFIED,False,False,False,OK,2,5161871,9789,8524,Borussia Dortmund,Atalanta,1,1,1,0.3830645161,True,utc_time_competition_score_high_confidence_name,OK,True,True,True,ACCEPTED
202526-0245,LIVE_REFRESH_VERIFIED,False,False,False,OK,1,5161865,7981,10261,Qarabag FK,Newcastle United,1,1,1,0,True,utc_time_competition_score_high_confidence_name,OK,True,True,True,ACCEPTED
202526-0247,LIVE_REFRESH_VERIFIED,False,False,False,OK,1,5161869,8342,9906,Club Brugge,Atletico Madrid,1,1,1,0,True,utc_time_competition_score_high_confidence_name,OK,True,True,True,ACCEPTED
202526-0249,LIVE_REFRESH_VERIFIED,False,False,False,OK,2,5161861,8402,8636,Bodø/Glimt,Inter,1,0.5263157895,0.7631578947,0.1488095238,True,separated_utc_time_competition_score_alias,OK,True,True,True,ACCEPTED
202526-0251,LIVE_REFRESH_VERIFIED,False,False,False,OK,2,5161873,8638,8178,Olympiacos,Bayer Leverkusen,0.6428571429,1,0.8214285714,0.2298136646,True,separated_utc_time_competition_score_alias,OK,True,True,True,ACCEPTED
202526-0512,LIVE_REFRESH_VERIFIED,False,False,False,OK,1,5161881,10156,9987,Dinamo Zagreb,Genk,1,1,1,0,True,utc_time_competition_score_high_confidence_name,OK,True,True,True,ACCEPTED
202526-0514,LIVE_REFRESH_VERIFIED,False,False,False,OK,1,5161885,8619,9910,PAOK Thessaloniki,Celta Vigo,1,0.8695652174,0.9347826087,0,True,utc_time_competition_score_high_confidence_name,OK,True,True,True,ACCEPTED
202526-0518,LIVE_REFRESH_VERIFIED,False,False,False,OK,1,5161886,8695,10203,Fenerbahçe,Nottingham Forest,1,1,1,0,True,utc_time_competition_score_high_confidence_name,OK,True,True,True,ACCEPTED
202526-0520,LIVE_REFRESH_VERIFIED,False,False,False,OK,2,5161883,8468,9857,Brann,Bologna,0.5882352941,1,0.7941176471,0.1588235294,True,separated_utc_time_competition_score_alias,OK,True,True,True,ACCEPTED
202526-0917,LIVE_REFRESH_VERIFIED,False,False,False,OK,1,5141718,1693,2182,KuPS,Lech Poznan,1,1,1,0,True,utc_time_competition_score_high_confidence_name,OK,True,True,True,ACCEPTED
202526-0919,LIVE_REFRESH_VERIFIED,False,False,False,OK,1,5141720,866111,10229,FC Noah,AZ Alkmaar,1,1,1,0,True,utc_time_competition_score_high_confidence_name,OK,True,True,True,ACCEPTED
202526-0921,LIVE_REFRESH_VERIFIED,False,False,False,OK,2,5141716,10107,9826,Zrinjski Mostar,Crystal Palace,1,1,1,0.2792207792,True,utc_time_competition_score_high_confidence_name,OK,True,True,True,ACCEPTED
202526-0929,LIVE_REFRESH_VERIFIED,False,False,False,OK,2,5141717,6461,7730,Sigma Olomouc,Lausanne,1,0.6956521739,0.847826087,0.2820197044,True,separated_utc_time_competition_score_alias,OK,True,True,True,ACCEPTED
202526-0508,LIVE_REFRESH_VERIFIED,False,False,False,OK,1,5161880,210173,8222,Ludogorets Razgrad,Ferencvaros,1,1,1,0,True,utc_time_competition_score_high_confidence_name,OK,True,True,True,ACCEPTED
202526-0510,LIVE_REFRESH_VERIFIED,False,False,False,OK,1,5161884,10200,6033,Panathinaikos,Viktoria Plzen,1,1,1,0,True,utc_time_competition_score_high_confidence_name,OK,True,True,True,ACCEPTED
202526-0516,LIVE_REFRESH_VERIFIED,False,False,False,OK,1,5161882,9925,10269,Celtic,VfB Stuttgart,1,1,1,0,True,utc_time_competition_score_high_confidence_name,OK,True,True,True,ACCEPTED
202526-0522,LIVE_REFRESH_VERIFIED,False,False,False,OK,2,5161887,8639,8687,Lille,FK Crvena Zvezda,0.7142857143,1,0.8571428571,0.1,True,utc_time_competition_score_high_confidence_name,OK,True,True,True,ACCEPTED
202526-0923,LIVE_REFRESH_VERIFIED,False,False,False,OK,1,5141722,1957,8535,Jagiellonia Bialystok,Fiorentina,1,1,1,0,True,utc_time_competition_score_high_confidence_name,OK,True,True,True,ACCEPTED
202526-0925,LIVE_REFRESH_VERIFIED,False,False,False,OK,2,5141719,2234,9750,KF Shkendija,Samsunspor,0.8571428571,1,0.9285714286,0.1929347826,True,utc_time_competition_score_high_confidence_name,OK,True,True,True,ACCEPTED
202526-0927,LIVE_REFRESH_VERIFIED,False,False,False,OK,1,5141721,784771,4622,Drita,NK Celje,1,1,1,0,True,utc_time_competition_score_high_confidence_name,OK,True,True,True,ACCEPTED
202526-0931,LIVE_REFRESH_VERIFIED,False,False,False,OK,2,5141723,8044,10162,Omonia Nicosia,Rijeka,1,1,1,0.1778846154,True,utc_time_competition_score_high_confidence_name,OK,True,True,True,ACCEPTED
202526-0248,LIVE_REFRESH_VERIFIED,False,False,False,OK,2,5161870,9906,8342,Atletico Madrid,Club Brugge,1,1,1,0.347826087,True,utc_time_competition_score_high_confidence_name,OK,True,True,True,ACCEPTED
202526-0246,LIVE_REFRESH_VERIFIED,False,False,False,OK,2,5161866,10261,7981,Newcastle United,Qarabag FK,1,1,1,0.25,True,utc_time_competition_score_high_confidence_name,OK,True,True,True,ACCEPTED
202526-0250,LIVE_REFRESH_VERIFIED,False,False,False,OK,1,5161862,8636,8402,Inter,Bodø/Glimt,0.5263157895,1,0.7631578947,0,True,unique_utc_time_competition_score_alias,OK,True,True,True,ACCEPTED
202526-0252,LIVE_REFRESH_VERIFIED,False,False,False,OK,1,5161874,8178,8638,Bayer Leverkusen,Olympiacos,1,0.6428571429,0.8214285714,0,True,unique_utc_time_competition_score_alias,OK,True,True,True,ACCEPTED
202526-0244,LIVE_REFRESH_VERIFIED,False,False,False,OK,2,5161872,8524,9789,Atalanta,Borussia Dortmund,1,1,1,0.2608695652,True,utc_time_competition_score_high_confidence_name,OK,True,True,True,ACCEPTED
202526-0238,LIVE_REFRESH_VERIFIED,False,False,False,OK,1,5161864,9847,9829,Paris Saint-Germain,Monaco,1,0.8,0.9,0,True,utc_time_competition_score_high_confidence_name,OK,True,True,True,ACCEPTED
202526-0240,LIVE_REFRESH_VERIFIED,False,False,False,OK,2,5161868,9885,8637,Juventus,Galatasaray,1,1,1,0.25,True,utc_time_competition_score_high_confidence_name,OK,True,True,True,ACCEPTED
202526-0242,LIVE_REFRESH_VERIFIED,False,False,False,OK,1,5161860,8633,9772,Real Madrid,Benfica,1,1,1,0,True,utc_time_competition_score_high_confidence_name,OK,True,True,True,ACCEPTED
202526-0509,LIVE_REFRESH_VERIFIED,False,False,False,OK,1,5161888,8222,210173,Ferencvaros,Ludogorets Razgrad,1,1,1,0,True,utc_time_competition_score_high_confidence_name,OK,True,True,True,ACCEPTED
202526-0511,LIVE_REFRESH_VERIFIED,False,False,False,OK,1,5161892,6033,10200,Viktoria Plzen,Panathinaikos,1,1,1,0,True,utc_time_competition_score_high_confidence_name,OK,True,True,True,ACCEPTED
202526-0517,LIVE_REFRESH_VERIFIED,False,False,False,OK,1,5161890,10269,9925,VfB Stuttgart,Celtic,1,1,1,0,True,utc_time_competition_score_high_confidence_name,OK,True,True,True,ACCEPTED
202526-0523,LIVE_REFRESH_VERIFIED,False,False,False,OK,1,5161895,8687,8639,FK Crvena Zvezda,Lille,1,0.7142857143,0.8571428571,0,True,utc_time_competition_score_high_confidence_name,OK,True,True,True,ACCEPTED
202526-0924,LIVE_REFRESH_VERIFIED,False,False,False,OK,1,5141730,8535,1957,Fiorentina,Jagiellonia Bialystok,1,1,1,0,True,utc_time_competition_score_high_confidence_name,OK,True,True,True,ACCEPTED
202526-0926,LIVE_REFRESH_VERIFIED,False,False,False,OK,2,5141727,9750,2234,Samsunspor,KF Shkendija,1,0.8571428571,0.9285714286,0.2269230769,True,utc_time_competition_score_high_confidence_name,OK,True,True,True,ACCEPTED
202526-0928,LIVE_REFRESH_VERIFIED,False,False,False,OK,1,5141729,4622,784771,NK Celje,Drita,1,1,1,0,True,utc_time_competition_score_high_confidence_name,OK,True,True,True,ACCEPTED
202526-0932,LIVE_REFRESH_VERIFIED,False,False,False,OK,1,5141731,10162,8044,Rijeka,Omonia Nicosia,1,1,1,0,True,utc_time_competition_score_high_confidence_name,OK,True,True,True,ACCEPTED
202526-0513,LIVE_REFRESH_VERIFIED,False,False,False,OK,1,5161889,9987,10156,Genk,Dinamo Zagreb,1,1,1,0,True,utc_time_competition_score_high_confidence_name,OK,True,True,True,ACCEPTED
202526-0515,LIVE_REFRESH_VERIFIED,False,False,False,OK,2,5161893,9910,8619,Celta Vigo,PAOK Thessaloniki,0.8695652174,1,0.9347826087,0.1909090909,True,utc_time_competition_score_high_confidence_name,OK,True,True,True,ACCEPTED
202526-0519,LIVE_REFRESH_VERIFIED,False,False,False,OK,1,5161894,10203,8695,Nottingham Forest,Fenerbahçe,1,1,1,0,True,utc_time_competition_score_high_confidence_name,OK,True,True,True,ACCEPTED
202526-0521,LIVE_REFRESH_VERIFIED,False,False,False,OK,2,5161891,9857,8468,Bologna,Brann,1,0.5882352941,0.7941176471,0.1277890467,True,separated_utc_time_competition_score_alias,OK,True,True,True,ACCEPTED
202526-0918,LIVE_REFRESH_VERIFIED,False,False,False,OK,1,5141726,2182,1693,Lech Poznan,KuPS,1,1,1,0,True,utc_time_competition_score_high_confidence_name,OK,True,True,True,ACCEPTED
202526-0920,LIVE_REFRESH_VERIFIED,False,False,False,OK,2,5141728,10229,866111,AZ Alkmaar,FC Noah,1,1,1,0.275,True,utc_time_competition_score_high_confidence_name,OK,True,True,True,ACCEPTED
202526-0922,LIVE_REFRESH_VERIFIED,False,False,False,OK,1,5141724,9826,10107,Crystal Palace,Zrinjski Mostar,1,1,1,0,True,utc_time_competition_score_high_confidence_name,OK,True,True,True,ACCEPTED
202526-0930,LIVE_REFRESH_VERIFIED,False,False,False,OK,1,5141725,7730,6461,Lausanne,Sigma Olomouc,0.6956521739,1,0.847826087,0,True,unique_utc_time_competition_score_alias,OK,True,True,True,ACCEPTED
202526-0255,LIVE_REFRESH_VERIFIED,False,False,False,OK,3,5205737,8637,8650,Galatasaray,Liverpool,1,1,1,0.2074074074,True,utc_time_competition_score_high_confidence_name,OK,True,True,True,ACCEPTED
202526-0259,LIVE_REFRESH_VERIFIED,False,False,False,OK,1,5205739,8524,9823,Atalanta,Bayern München,1,1,1,0,True,utc_time_competition_score_high_confidence_name,OK,True,True,True,ACCEPTED
202526-0261,LIVE_REFRESH_VERIFIED,False,False,False,OK,2,5205733,10261,8634,Newcastle United,Barcelona,1,1,1,0.46875,True,utc_time_competition_score_high_confidence_name,OK,True,True,True,ACCEPTED
202526-0263,LIVE_REFRESH_VERIFIED,False,False,False,OK,2,5205741,9906,8586,Atletico Madrid,Tottenham Hotspur,1,1,1,0.2598039216,True,utc_time_competition_score_high_confidence_name,OK,True,True,True,ACCEPTED
202526-0267,LIVE_REFRESH_VERIFIED,False,False,False,OK,2,5205743,8178,9825,Bayer Leverkusen,Arsenal,1,1,1,0.4375,True,utc_time_competition_score_high_confidence_name,OK,True,True,True,ACCEPTED
202526-0253,LIVE_REFRESH_VERIFIED,False,False,False,OK,2,5205729,9847,8455,Paris Saint-Germain,Chelsea,1,1,1,0.1715686275,True,utc_time_competition_score_high_confidence_name,OK,True,True,True,ACCEPTED
202526-0257,LIVE_REFRESH_VERIFIED,False,False,False,OK,2,5205731,8633,8456,Real Madrid,Manchester City,1,1,1,0.2153846154,True,utc_time_competition_score_high_confidence_name,OK,True,True,True,ACCEPTED
202526-0265,LIVE_REFRESH_VERIFIED,False,False,False,OK,2,5205735,8402,9768,Bodø/Glimt,Sporting CP,1,0.7586206897,0.8793103448,0.2515151515,True,utc_time_competition_score_high_confidence_name,OK,True,True,True,ACCEPTED
202526-0526,LIVE_REFRESH_VERIFIED,False,False,False,OK,2,5206094,10200,8603,Panathinaikos,Real Betis,1,1,1,0.2843137255,True,utc_time_competition_score_high_confidence_name,OK,True,True,True,ACCEPTED
202526-0532,LIVE_REFRESH_VERIFIED,False,False,False,OK,1,5206092,10269,9773,VfB Stuttgart,FC Porto,1,1,1,0,True,utc_time_competition_score_high_confidence_name,OK,True,True,True,ACCEPTED
202526-0536,LIVE_REFRESH_VERIFIED,False,False,False,OK,2,5206093,9857,8686,Bologna,Roma,1,0.7272727273,0.8636363636,0.1497326203,True,utc_time_competition_score_high_confidence_name,OK,True,True,True,ACCEPTED
202526-0538,LIVE_REFRESH_VERIFIED,False,False,False,OK,2,5206097,8639,10252,Lille,Aston Villa,0.7142857143,1,0.8571428571,0.2972027972,True,utc_time_competition_score_high_confidence_name,OK,True,True,True,ACCEPTED
202526-0933,LIVE_REFRESH_VERIFIED,False,False,False,OK,2,5206216,2182,9728,Lech Poznan,Shakhtar Donetsk,1,1,1,0.1952380952,True,utc_time_competition_score_high_confidence_name,OK,True,True,True,ACCEPTED
202526-0935,LIVE_REFRESH_VERIFIED,False,False,False,OK,2,5206220,10229,10247,AZ Alkmaar,Sparta Prague,1,0.8,0.9,0.1879310345,True,utc_time_competition_score_high_confidence_name,OK,True,True,True,ACCEPTED
202526-0941,LIVE_REFRESH_VERIFIED,False,False,False,OK,2,5206218,9750,8370,Samsunspor,Rayo Vallecano,1,1,1,0.1952380952,True,utc_time_competition_score_high_confidence_name,OK,True,True,True,ACCEPTED
202526-0947,LIVE_REFRESH_VERIFIED,False,False,False,OK,1,5206223,10162,9848,Rijeka,Strasbourg,1,0.8695652174,0.9347826087,0,True,utc_time_competition_score_high_confidence_name,OK,True,True,True,ACCEPTED
202526-0524,LIVE_REFRESH_VERIFIED,False,False,False,OK,1,5206090,8222,10264,Ferencvaros,Braga,1,0.5263157895,0.7631578947,0,True,unique_utc_time_competition_score_alias,OK,True,True,True,ACCEPTED
202526-0528,LIVE_REFRESH_VERIFIED,False,False,False,OK,2,5206091,9987,8358,Genk,Freiburg,1,1,1,0.2843137255,True,utc_time_competition_score_high_confidence_name,OK,True,True,True,ACCEPTED
202526-0530,LIVE_REFRESH_VERIFIED,False,False,False,OK,2,5206095,9910,9748,Celta Vigo,Lyon,0.8695652174,0.4444444444,0.6570048309,0.2111111111,True,separated_utc_time_competition_score_alias,OK,True,True,True,ACCEPTED
202526-0534,LIVE_REFRESH_VERIFIED,False,False,False,OK,2,5206096,10203,8113,Nottingham Forest,FC Midtjylland,1,1,1,0.2727272727,True,utc_time_competition_score_high_confidence_name,OK,True,True,True,ACCEPTED
202526-0937,LIVE_REFRESH_VERIFIED,False,False,False,OK,2,5206217,9826,7797,Crystal Palace,AEK Larnaca,1,1,1,0.1423001949,True,utc_time_competition_score_high_confidence_name,OK,True,True,True,ACCEPTED
202526-0939,LIVE_REFRESH_VERIFIED,False,False,False,OK,2,5206221,8535,4024,Fiorentina,Raków Częstochowa,1,1,1,0.15,True,utc_time_competition_score_high_confidence_name,OK,True,True,True,ACCEPTED
202526-0943,LIVE_REFRESH_VERIFIED,False,False,False,OK,1,5206222,4622,8563,NK Celje,AEK Athens,1,1,1,0,True,utc_time_competition_score_high_confidence_name,OK,True,True,True,ACCEPTED
202526-0945,LIVE_REFRESH_VERIFIED,False,False,False,OK,2,5206219,6461,9905,Sigma Olomouc,Mainz 05,1,0.8,0.9,0.3156199678,True,utc_time_competition_score_high_confidence_name,OK,True,True,True,ACCEPTED
202526-0266,LIVE_REFRESH_VERIFIED,False,False,False,OK,1,5205736,9768,8402,Sporting CP,Bodø/Glimt,0.7586206897,1,0.8793103448,0,True,utc_time_competition_score_high_confidence_name,OK,True,True,True,ACCEPTED
202526-0254,LIVE_REFRESH_VERIFIED,False,False,False,OK,1,5205730,8455,9847,Chelsea,Paris Saint-Germain,1,1,1,0,True,utc_time_competition_score_high_confidence_name,OK,True,True,True,ACCEPTED
202526-0258,LIVE_REFRESH_VERIFIED,False,False,False,OK,1,5205732,8456,8633,Manchester City,Real Madrid,1,1,1,0,True,utc_time_competition_score_high_confidence_name,OK,True,True,True,ACCEPTED
202526-0268,LIVE_REFRESH_VERIFIED,False,False,False,OK,1,5205744,9825,8178,Arsenal,Bayer Leverkusen,1,1,1,0,True,utc_time_competition_score_high_confidence_name,OK,True,True,True,ACCEPTED
202526-0525,LIVE_REFRESH_VERIFIED,False,False,False,OK,2,5206098,10264,8222,Braga,Ferencvaros,0.5263157895,1,0.7631578947,0.2916666667,True,separated_utc_time_competition_score_alias,OK,True,True,True,ACCEPTED
202526-0262,LIVE_REFRESH_VERIFIED,False,False,False,OK,1,5205734,8634,10261,Barcelona,Newcastle United,1,1,1,0,True,utc_time_competition_score_high_confidence_name,OK,True,True,True,ACCEPTED
202526-0256,LIVE_REFRESH_VERIFIED,False,False,False,OK,1,5205738,8650,8637,Liverpool,Galatasaray,1,1,1,0,True,utc_time_competition_score_high_confidence_name,OK,True,True,True,ACCEPTED
202526-0260,LIVE_REFRESH_VERIFIED,False,False,False,OK,1,5205740,9823,8524,Bayern München,Atalanta,1,1,1,0,True,utc_time_competition_score_high_confidence_name,OK,True,True,True,ACCEPTED
202526-0264,LIVE_REFRESH_VERIFIED,False,False,False,OK,1,5205742,8586,9906,Tottenham Hotspur,Atletico Madrid,1,1,1,0,True,utc_time_competition_score_high_confidence_name,OK,True,True,True,ACCEPTED
202526-0529,LIVE_REFRESH_VERIFIED,False,False,False,OK,1,5206099,8358,9987,Freiburg,Genk,1,1,1,0,True,utc_time_competition_score_high_confidence_name,OK,True,True,True,ACCEPTED
202526-0531,LIVE_REFRESH_VERIFIED,False,False,False,OK,1,5206103,9748,9910,Lyon,Celta Vigo,0.4444444444,0.8695652174,0.6570048309,0,True,unique_utc_time_competition_score_alias,OK,True,True,True,ACCEPTED
202526-0535,LIVE_REFRESH_VERIFIED,False,False,False,OK,1,5206104,8113,10203,FC Midtjylland,Nottingham Forest,1,1,1,0,True,utc_time_competition_score_high_confidence_name,OK,True,True,True,ACCEPTED
202526-0938,LIVE_REFRESH_VERIFIED,False,False,False,OK,3,5206225,7797,9826,AEK Larnaca,Crystal Palace,1,1,1,0.3451851852,True,utc_time_competition_score_high_confidence_name,OK,True,True,True,ACCEPTED
202526-0940,LIVE_REFRESH_VERIFIED,False,False,False,OK,3,5206229,4024,8535,Raków Częstochowa,Fiorentina,1,1,1,0.2943722944,True,utc_time_competition_score_high_confidence_name,OK,True,True,True,ACCEPTED
202526-0944,LIVE_REFRESH_VERIFIED,False,False,False,OK,1,5206230,8563,4622,AEK Athens,NK Celje,1,1,1,0,True,utc_time_competition_score_high_confidence_name,OK,True,True,True,ACCEPTED
202526-0946,LIVE_REFRESH_VERIFIED,False,False,False,OK,1,5206227,9905,6461,Mainz 05,Sigma Olomouc,0.8,1,0.9,0,True,utc_time_competition_score_high_confidence_name,OK,True,True,True,ACCEPTED
202526-0527,LIVE_REFRESH_VERIFIED,False,False,False,OK,2,5206102,8603,10200,Real Betis,Panathinaikos,1,1,1,0.2583333333,True,utc_time_competition_score_high_confidence_name,OK,True,True,True,ACCEPTED
202526-0533,LIVE_REFRESH_VERIFIED,False,False,False,OK,2,5206100,9773,10269,FC Porto,VfB Stuttgart,1,1,1,0.125,True,utc_time_competition_score_high_confidence_name,OK,True,True,True,ACCEPTED
202526-0537,LIVE_REFRESH_VERIFIED,False,False,False,OK,1,5206101,8686,9857,Roma,Bologna,0.7272727273,1,0.8636363636,0,True,utc_time_competition_score_high_confidence_name,OK,True,True,True,ACCEPTED
202526-0539,LIVE_REFRESH_VERIFIED,False,False,False,OK,2,5206105,10252,8639,Aston Villa,Lille,1,0.7142857143,0.8571428571,0.2159090909,True,utc_time_competition_score_high_confidence_name,OK,True,True,True,ACCEPTED
202526-0934,LIVE_REFRESH_VERIFIED,False,False,False,OK,3,5206224,9728,2182,Shakhtar Donetsk,Lech Poznan,1,1,1,0.3451851852,True,utc_time_competition_score_high_confidence_name,OK,True,True,True,ACCEPTED
202526-0936,LIVE_REFRESH_VERIFIED,False,False,False,OK,1,5206228,10247,10229,Sparta Prague,AZ Alkmaar,0.8,1,0.9,0,True,utc_time_competition_score_high_confidence_name,OK,True,True,True,ACCEPTED
202526-0942,LIVE_REFRESH_VERIFIED,False,False,False,OK,1,5206226,8370,9750,Rayo Vallecano,Samsunspor,1,1,1,0,True,utc_time_competition_score_high_confidence_name,OK,True,True,True,ACCEPTED
202526-0948,LIVE_REFRESH_VERIFIED,False,False,False,OK,1,5206231,9848,10162,Strasbourg,Rijeka,0.8695652174,1,0.9347826087,0,True,utc_time_competition_score_high_confidence_name,OK,True,True,True,ACCEPTED
202526-0271,LIVE_REFRESH_VERIFIED,False,False,False,OK,1,5205791,8633,9823,Real Madrid,Bayern München,1,1,1,0,True,utc_time_competition_score_high_confidence_name,OK,True,True,True,ACCEPTED
202526-0275,LIVE_REFRESH_VERIFIED,False,False,False,OK,2,5205795,9768,9825,Sporting CP,Arsenal,0.7586206897,1,0.8793103448,0.1297208539,True,utc_time_competition_score_high_confidence_name,OK,True,True,True,ACCEPTED
202526-0540,LIVE_REFRESH_VERIFIED,False,False,False,OK,2,5206165,10264,8603,Braga,Real Betis,0.5263157895,1,0.7631578947,0.3216374269,True,separated_utc_time_competition_score_alias,OK,True,True,True,ACCEPTED
202526-0269,LIVE_REFRESH_VERIFIED,False,False,False,OK,1,5205789,9847,8650,Paris Saint-Germain,Liverpool,1,1,1,0,True,utc_time_competition_score_high_confidence_name,OK,True,True,True,ACCEPTED
202526-0273,LIVE_REFRESH_VERIFIED,False,False,False,OK,1,5205793,8634,9906,Barcelona,Atletico Madrid,1,1,1,0,True,utc_time_competition_score_high_confidence_name,OK,True,True,True,ACCEPTED
202526-0953,LIVE_REFRESH_VERIFIED,False,False,False,OK,3,5206261,8370,8563,Rayo Vallecano,AEK Athens,1,1,1,0.3142857143,True,utc_time_competition_score_high_confidence_name,OK,True,True,True,ACCEPTED
202526-0542,LIVE_REFRESH_VERIFIED,False,False,False,OK,1,5206166,8358,9910,Freiburg,Celta Vigo,1,0.8695652174,0.9347826087,0,True,utc_time_competition_score_high_confidence_name,OK,True,True,True,ACCEPTED
202526-0544,LIVE_REFRESH_VERIFIED,False,False,False,OK,2,5206167,9773,10203,FC Porto,Nottingham Forest,1,1,1,0.2111111111,True,utc_time_competition_score_high_confidence_name,OK,True,True,True,ACCEPTED
202526-0546,LIVE_REFRESH_VERIFIED,False,False,False,OK,1,5206168,9857,10252,Bologna,Aston Villa,1,1,1,0,True,utc_time_competition_score_high_confidence_name,OK,True,True,True,ACCEPTED
202526-0949,LIVE_REFRESH_VERIFIED,False,False,False,OK,3,5206259,9728,10229,Shakhtar Donetsk,AZ Alkmaar,1,1,1,0.25,True,utc_time_competition_score_high_confidence_name,OK,True,True,True,ACCEPTED
202526-0951,LIVE_REFRESH_VERIFIED,False,False,False,OK,3,5206260,9826,8535,Crystal Palace,Fiorentina,1,1,1,0.2785714286,True,utc_time_competition_score_high_confidence_name,OK,True,True,True,ACCEPTED
202526-0955,LIVE_REFRESH_VERIFIED,False,False,False,OK,1,5206262,9905,9848,Mainz 05,Strasbourg,0.8,0.8695652174,0.8347826087,0,True,utc_time_competition_score_high_confidence_name,OK,True,True,True,ACCEPTED
202526-0270,LIVE_REFRESH_VERIFIED,False,False,False,OK,1,5205790,8650,9847,Liverpool,Paris Saint-Germain,1,1,1,0,True,utc_time_competition_score_high_confidence_name,OK,True,True,True,ACCEPTED
202526-0274,LIVE_REFRESH_VERIFIED,False,False,False,OK,1,5205794,9906,8634,Atletico Madrid,Barcelona,1,1,1,0,True,utc_time_competition_score_high_confidence_name,OK,True,True,True,ACCEPTED
202526-0272,LIVE_REFRESH_VERIFIED,False,False,False,OK,1,5205792,9823,8633,Bayern München,Real Madrid,1,1,1,0,True,utc_time_competition_score_high_confidence_name,OK,True,True,True,ACCEPTED
202526-0276,LIVE_REFRESH_VERIFIED,False,False,False,OK,1,5205796,9825,9768,Arsenal,Sporting CP,1,0.7586206897,0.8793103448,0,True,utc_time_competition_score_high_confidence_name,OK,True,True,True,ACCEPTED
202526-0543,LIVE_REFRESH_VERIFIED,False,False,False,OK,1,5206170,9910,8358,Celta Vigo,Freiburg,0.8695652174,1,0.9347826087,0,True,utc_time_competition_score_high_confidence_name,OK,True,True,True,ACCEPTED
202526-0950,LIVE_REFRESH_VERIFIED,False,False,False,OK,1,5206263,10229,9728,AZ Alkmaar,Shakhtar Donetsk,1,1,1,0,True,utc_time_competition_score_high_confidence_name,OK,True,True,True,ACCEPTED
202526-0541,LIVE_REFRESH_VERIFIED,False,False,False,OK,1,5206169,8603,10264,Real Betis,Braga,1,0.5263157895,0.7631578947,0,True,unique_utc_time_competition_score_alias,OK,True,True,True,ACCEPTED
202526-0545,LIVE_REFRESH_VERIFIED,False,False,False,OK,1,5206171,10203,9773,Nottingham Forest,FC Porto,1,1,1,0,True,utc_time_competition_score_high_confidence_name,OK,True,True,True,ACCEPTED
202526-0547,LIVE_REFRESH_VERIFIED,False,False,False,OK,1,5206172,10252,9857,Aston Villa,Bologna,1,1,1,0,True,utc_time_competition_score_high_confidence_name,OK,True,True,True,ACCEPTED
202526-0952,LIVE_REFRESH_VERIFIED,False,False,False,OK,1,5206264,8535,9826,Fiorentina,Crystal Palace,1,1,1,0,True,utc_time_competition_score_high_confidence_name,OK,True,True,True,ACCEPTED
202526-0954,LIVE_REFRESH_VERIFIED,False,False,False,OK,1,5206265,8563,8370,AEK Athens,Rayo Vallecano,1,1,1,0,True,utc_time_competition_score_high_confidence_name,OK,True,True,True,ACCEPTED
202526-0956,LIVE_REFRESH_VERIFIED,False,False,False,OK,1,5206266,9848,9905,Strasbourg,Mainz 05,0.8695652174,0.8,0.8347826087,0,True,utc_time_competition_score_high_confidence_name,OK,True,True,True,ACCEPTED
202526-0277,LIVE_REFRESH_VERIFIED,False,False,False,OK,1,5205811,9847,9823,Paris Saint-Germain,Bayern München,1,1,1,0,True,utc_time_competition_score_high_confidence_name,OK,True,True,True,ACCEPTED
202526-0279,LIVE_REFRESH_VERIFIED,False,False,False,OK,1,5205813,9906,9825,Atletico Madrid,Arsenal,1,1,1,0,True,utc_time_competition_score_high_confidence_name,OK,True,True,True,ACCEPTED
202526-0548,LIVE_REFRESH_VERIFIED,False,False,False,OK,1,5206173,10264,8358,Braga,Freiburg,0.5263157895,1,0.7631578947,0,True,unique_utc_time_competition_score_alias,OK,True,True,True,ACCEPTED
202526-0550,LIVE_REFRESH_VERIFIED,False,False,False,OK,1,5206174,10203,10252,Nottingham Forest,Aston Villa,1,1,1,0,True,utc_time_competition_score_high_confidence_name,OK,True,True,True,ACCEPTED
202526-0957,LIVE_REFRESH_VERIFIED,False,False,False,OK,1,5206267,9728,9826,Shakhtar Donetsk,Crystal Palace,1,1,1,0,True,utc_time_competition_score_high_confidence_name,OK,True,True,True,ACCEPTED
202526-0959,LIVE_REFRESH_VERIFIED,False,False,False,OK,1,5206268,8370,9848,Rayo Vallecano,Strasbourg,1,0.8695652174,0.9347826087,0,True,utc_time_competition_score_high_confidence_name,OK,True,True,True,ACCEPTED
202526-0280,LIVE_REFRESH_VERIFIED,False,False,False,OK,1,5205814,9825,9906,Arsenal,Atletico Madrid,1,1,1,0,True,utc_time_competition_score_high_confidence_name,OK,True,True,True,ACCEPTED
202526-0278,LIVE_REFRESH_VERIFIED,False,False,False,OK,1,5205812,9823,9847,Bayern München,Paris Saint-Germain,1,1,1,0,True,utc_time_competition_score_high_confidence_name,OK,True,True,True,ACCEPTED
202526-0549,LIVE_REFRESH_VERIFIED,False,False,False,OK,1,5206175,8358,10264,Freiburg,Braga,1,0.5263157895,0.7631578947,0,True,unique_utc_time_competition_score_alias,OK,True,True,True,ACCEPTED
202526-0551,LIVE_REFRESH_VERIFIED,False,False,False,OK,1,5206176,10252,10203,Aston Villa,Nottingham Forest,1,1,1,0,True,utc_time_competition_score_high_confidence_name,OK,True,True,True,ACCEPTED
202526-0958,LIVE_REFRESH_VERIFIED,False,False,False,OK,2,5206269,9826,9728,Crystal Palace,Shakhtar Donetsk,1,1,1,0.2985714286,True,utc_time_competition_score_high_confidence_name,OK,True,True,True,ACCEPTED
202526-0960,LIVE_REFRESH_VERIFIED,False,False,False,OK,1,5206270,9848,8370,Strasbourg,Rayo Vallecano,0.8695652174,1,0.9347826087,0,True,utc_time_competition_score_high_confidence_name,OK,True,True,True,ACCEPTED
202526-0552,LIVE_REFRESH_VERIFIED,False,False,False,OK,1,5206177,8358,10252,Freiburg,Aston Villa,1,1,1,0,True,utc_time_competition_score_high_confidence_name,OK,True,True,True,ACCEPTED
202526-0961,LIVE_REFRESH_VERIFIED,False,False,False,OK,1,5206271,9826,8370,Crystal Palace,Rayo Vallecano,1,1,1,0,True,utc_time_competition_score_high_confidence_name,OK,True,True,True,ACCEPTED
202526-0281,LIVE_REFRESH_VERIFIED,False,False,False,OK,1,5205834,9847,9825,Paris Saint-Germain,Arsenal,1,1,1,0,True,utc_time_competition_score_high_confidence_name,OK,True,True,True,ACCEPTED
