fold,match_id,season,competition,stage,home_team_id,away_team_id,actual_home_score,expected_home_score,home_probability,draw_probability,away_probability,brier_1x2,log_loss_1x2,goal_difference,goal_multiplier,competition_k_multiplier,power_delta,home_live_rating,away_live_rating,reserve_added_after_match,tie_id,kickoff_utc,round,clubelo_home_elo,clubelo_away_elo,is_neutral,static_expected_home_score,static_brier_1x2,static_log_loss_1x2,clubelo_expected_home_score,clubelo_home_probability,clubelo_draw_probability,clubelo_away_probability,clubelo_brier_1x2,clubelo_log_loss_1x2,clubelo_expected_score_mse,ao_expected_score_mse
1,202021-0284,2020/21,UEL,QUALIFYING,169,224,1.0,0.649686019706696,0.5313370900444254,0.23669785932454127,0.23196505063103334,0.3294785844911052,0.6323586379779819,1,1.0,1.0,36.42599319746179,1263.4996121268591,1175.2358557710625,0.0,202021-UEL-3rd-qualifying-round-005,2020-09-24 17:00:00+00:00,3rd Qualifying Round,1471.64,1484.76,False,0.6123371040027054,0.39198637732230657,0.7155987228383459,0.5386064323308664,0.3994410880365643,0.27833068858860416,0.3222282233748316,0.5419700068882126,0.9176889888886154,0.2128840242864514,0.12271988478893736
1,202021-0297,2020/21,UEL,QUALIFYING,225,177,0.5,0.7900279189074845,0.7037683396553038,0.17251915850436136,0.12371250184033485,1.1953192020551082,1.7572469848844499,0,1.0,1.0,-30.15738907237658,1559.8248488172246,1157.800027874023,0.0,202021-UEL-3rd-qualifying-round-018,2020-09-24 17:00:00+00:00,3rd Qualifying Round,1540.77,1523.21,False,0.804840369680145,1.2358169761625901,1.8118280448856885,0.5820858689971421,0.445859199334991,0.27245333932430216,0.2816874613407068,0.8074623949685705,1.3002879113781063,0.006738089889015974,0.0841161937458064
1,202021-0313,2020/21,UEL,QUALIFYING,216,180,0.0,0.49689010192178273,0.3668951310841323,0.2599899416753008,0.37311492724056683,0.5951917014341688,0.9858687908698328,1,1.0,1.0,-51.667122897392744,1136.9415456266402,1328.139153658202,0.0,202021-UEL-3rd-qualifying-round-034,2020-09-24 17:00:00+00:00,3rd Qualifying Round,1453.27,1603.77,False,0.5445671460248942,0.6929019234229891,1.1194304082590325,0.3461311307078642,0.21938948291271881,0.2534832955902908,0.5271272214969903,0.33599419100518135,0.6403133525595976,0.11980675964510458,0.24689977338783964
1,202021-0300,2020/21,UEL,QUALIFYING,53,174,1.0,0.8516497919888265,0.7859517316158346,0.13139612074598364,0.08265214763818167,0.06991297925455657,0.24085989859658263,3,1.0,1.0,15.425600951845135,1648.2064847942677,1058.7919594092436,0.0,202021-UEL-3rd-qualifying-round-021,2020-09-24 18:00:00+00:00,3rd Qualifying Round,1565.89,1362.0,False,0.8462623495996464,0.07473229586402207,0.250246144324021,0.8028089478198764,0.7141571727925536,0.17730355005464568,0.10853927715280072,0.12492344541277876,0.3366522109060379,0.03888431105990421,0.022007784216958443
1,202021-0316,2020/21,UEL,QUALIFYING,169,158,0.0,0.4997026404563236,0.3697026864361267,0.25999990804039386,0.37029740552347945,0.6008053860295636,0.99344879750494,2,1.0,1.0,-51.95957342831648,1299.925605324321,1486.13347737796,0.0,202021-UEL-qualifying-play-off-round-002,2020-10-01 17:00:00+00:00,Qualifying Play-off Round,1471.64,1654.51,False,0.4846779356277057,0.5710350500864475,0.953358992680228,0.30524896615668184,0.18648862665918492,0.23752067899499382,0.5759906943458213,0.2709779721048105,0.5516637740663656,0.0931769313397231,0.24970272887902184
1,202021-0062,2020/21,UCL,LEAGUE,57,214,0.5,0.5860263317277908,0.4426372715199023,0.28677812041577705,0.2705846080643206,0.7778292337775574,1.249046461814717,0,1.0,1.0,-8.945102823745335,1931.588524642448,1963.1181090700543,0.0,,2020-10-20 19:00:00+00:00,Group Stage,1823.93,1877.55,False,0.5902357394133764,0.7821285567592027,1.25364104621697,0.48040927877023915,0.3406242047308884,0.2795701480787015,0.37980564719041005,0.7792963500256205,1.2745020408506826,0.00038379635830220263,0.007400529750539913
1,202021-0060,2020/21,UCL,LEAGUE,54,118,0.0,0.4446985507711577,0.2974425411826419,0.2945120191770317,0.40804543964032647,0.5256195962755342,0.8963767391118722,4,1.0,1.0,-46.240193930453124,1354.0813230744568,1638.273801207801,0.0,,2020-10-21 19:00:00+00:00,Group Stage,1598.27,1844.54,False,0.372821309171701,0.3884475829921085,0.7102981916735763,0.23372685093220974,0.1334316292843172,0.20059044329578507,0.6659779274198978,0.16961127060577408,0.406498751003122,0.054628240846687395,0.19775680105796795
1,202021-0061,2020/21,UCL,LEAGUE,156,59,0.0,0.5240214903979631,0.3745405194140924,0.2989619419677414,0.3264975386181662,0.6832644089154898,1.1193328689826854,1,1.0,1.0,-54.48827143175493,1841.6158925786644,1984.6473760544636,0.0,,2020-10-21 19:00:00+00:00,Group Stage,1761.45,1970.78,False,0.5379804258362809,0.7115224644449161,1.160543137310032,0.273936363631101,0.1625550335365657,0.22276266018907068,0.6146823062743637,0.22451706680062863,0.4866497198101724,0.07504113131943081,0.27459852239890253
1,202021-0338,2020/21,UEL,LEAGUE,14,56,0.0,0.26091278597893675,0.16063738785128068,0.20055079625531214,0.6388118158934072,0.1964818965925405,0.4481453657969948,1,1.0,1.0,-27.129968833222776,1261.8978428441994,1909.3840651340606,0.0,,2020-10-22 16:55:00+00:00,Group Stage,1616.6,1811.67,False,0.29885118557508467,0.24985822296151378,0.5239303601138247,0.2905622994582834,0.17512622368687636,0.23087215154281404,0.5940016247703096,0.2488058252699824,0.5208732243196815,0.08442644986648515,0.06807548188729046
1,202021-0345,2020/21,UEL,LEAGUE,158,211,0.0,0.6364464548097264,0.5161276250254005,0.24063765956865157,0.24323471540594782,0.8969879044837555,1.4137283948092412,1,1.0,1.0,-66.17833011984678,1538.0930508062763,1475.414021144592,0.0,,2020-10-22 16:55:00+00:00,Group Stage,1666.56,1734.34,False,0.6469884684641962,0.9218190261089162,1.4513815184320684,0.46010634567660347,0.32099758772355724,0.2782175159060924,0.4007848963703503,0.5395031778991914,0.9143304136282415,0.21169784933187813,0.4050640898398691
1,202021-0347,2020/21,UEL,LEAGUE,122,155,0.0,0.8311221359274577,0.7581359077560618,0.1459724563427918,0.09589163590114645,1.4134899466733613,2.3445365177769997,1,1.0,1.0,-86.42089945769763,1859.6565340421369,1338.5434416486992,0.0,,2020-10-22 16:55:00+00:00,Group Stage,1766.67,1606.44,False,0.8128069959386619,1.3588692532474373,2.2249383911474516,0.7599885128047608,0.6578411678074022,0.20429468999471703,0.13786414219788073,1.21776955973044,1.9814865555674799,0.577582539595192,0.6907640048286194
1,202021-0352,2020/21,UEL,LEAGUE,215,228,1.0,0.7817623196124432,0.6930451220842032,0.17743439505648,0.12952048285931675,0.14247981710547128,0.36666017067926165,2,1.0,1.0,22.69256926192658,1575.0998583345504,1194.8641402572891,0.0,,2020-10-22 19:00:00+00:00,Group Stage,1779.69,1438.37,False,0.7596044815683405,0.16967857098116926,0.4084952723263645,0.8998045116399008,0.8493169542553678,0.10097511476906607,0.04970793097556614,0.03537223247937663,0.16332283577283147,0.01003913588771877,0.04762768514094137
1,202021-0076,2020/21,UCL,LEAGUE,59,54,1.0,0.8877035143645208,0.8499347825512634,0.07553746362651474,0.07452775382222185,0.033779863988849336,0.16259565885167482,2,1.0,1.0,11.676699338210854,2039.1356474862187,1307.8411291440036,0.0,,2020-10-27 20:00:00+00:00,Group Stage,1970.78,1598.27,False,0.8840274381826126,0.036209850036619105,0.1688506844114669,0.9148696855858408,0.8712551249559737,0.08722912125973427,0.04151575378429206,0.025907720258125336,0.13782043462229526,0.0072471704322536,0.012610500686079391
1,202021-0077,2020/21,UCL,LEAGUE,118,156,0.5,0.5466860564078241,0.3986434037085055,0.29608530539863714,0.3052712908928573,0.7476030216394238,1.2171076722636511,0,1.0,1.0,-4.854462193326925,1684.5139951382541,1787.1276211469094,0.0,,2020-10-27 20:00:00+00:00,Group Stage,1844.54,1761.45,False,0.5092872794647746,0.7354985536029686,1.2044904149817357,0.6700835571240418,0.5462834703102634,0.2476001736275568,0.20611635606217982,0.9070150808958583,1.39594003692979,0.02892841640396718,0.002179587862914532
1,202021-0078,2020/21,UCL,LEAGUE,186,57,0.0,0.4204352394234767,0.2760965134612383,0.28867745192447675,0.4352260346142849,0.4785335879725653,0.8318897630461206,4,1.0,1.0,-43.717270884794075,1594.5990560472658,1922.6434218187026,0.0,,2020-10-28 17:55:00+00:00,Group Stage,1594.44,1823.93,False,0.40857688589569796,0.4557775255925171,0.8009946680154308,0.2514691457829448,0.14605899366174593,0.21082030424239778,0.6431207020958564,0.19314126358289357,0.4414228552603028,0.06323673128080395,0.17676579054907618
1,202021-0081,2020/21,UCL,LEAGUE,27,121,0.5,0.5922646317147383,0.449860522398736,0.28480821863200473,0.26533125896925935,0.7842744507354023,1.2559392423044913,0,1.0,1.0,-9.59376740943506,1592.0576944960183,1612.1565184081155,0.0,,2020-10-28 20:00:00+00:00,Group Stage,1682.44,1727.03,False,0.589482982483461,0.7813445781686965,1.2528022463968913,0.4933948432819187,0.3534192750152701,0.2799511365332972,0.3666295884514328,0.7777928048600765,1.2731402034230264,4.362809527041476e-05,0.008512762265456294
1,202021-0087,2020/21,UCL,LEAGUE,12,87,0.0,0.43695881675721865,0.2905213358024577,0.2928749619095219,0.41660370228802035,0.5105296300539931,0.8756198632815989,4,1.0,1.0,-45.43540875372149,1760.8773890132043,2058.9960953244063,0.0,,2020-11-03 20:00:00+00:00,Group Stage,1785.53,2037.99,False,0.503132382799818,0.6412684947158311,1.0587866207868228,0.22740576209145458,0.12901802847438135,0.19677546723414646,0.6742065042914722,0.16150763802261542,0.39421882880736564,0.05171338063239524,0.1909330075418686
1,202021-0092,2020/21,UCL,LEAGUE,118,59,0.0,0.3969515775113997,0.2564064405908343,0.2810902738411308,0.462503285568035,0.43365872284970025,0.7711016181240035,5,1.0,1.0,-41.27541655644382,1679.6595329449272,2050.8123468244294,0.0,,2020-11-03 20:00:00+00:00,Group Stage,1821.33,1992.73,False,0.4413402914281806,0.5190645207795032,0.887348884292007,0.3194285482003874,0.1976879357551985,0.24348122489037785,0.5588308393544237,0.29299385512199255,0.5819084645852545,0.10203459740540723,0.15757055488878877
1,202021-0093,2020/21,UCL,LEAGUE,54,156,0.0,0.33197544507785626,0.20665300899703448,0.25064487216164355,0.5427021188413219,0.3146496701806715,0.6111946936614684,1,1.0,1.0,-34.519134217840076,1296.1644298057927,1791.9820833402364,0.0,,2020-11-03 20:00:00+00:00,Group Stage,1576.65,1770.08,False,0.2873946312963401,0.23940724938061195,0.5085150649527269,0.29251218619723124,0.1766208542081566,0.23178266397814926,0.5915964818136941,0.2517115631289789,0.5249304950636248,0.08556337907388367,0.11020769613464075
1,202021-0094,2020/21,UCL,LEAGUE,214,186,1.0,0.8021558363374498,0.7262886055166488,0.15173446164160212,0.12197693284174914,0.11281964646516814,0.3198078148909188,1,1.0,1.0,20.572031278042953,1986.050619546505,1550.8817851624717,0.0,,2020-11-04 20:00:00+00:00,Group Stage,1845.13,1562.48,False,0.7824820285544911,0.13722938077793123,0.3592220427982473,0.8649845817039961,0.799584278837715,0.1308006057325621,0.06961511542972289,0.06212152404529758,0.22366333783267564,0.018229163177644916,0.03914231309533395
1,202021-0110,2020/21,UCL,LEAGUE,186,214,0.0,0.3417991777532102,0.21375041184678797,0.2560975318128445,0.5301520563403676,0.33203227452648754,0.6345914148281371,1,1.0,1.0,-35.54061563090421,1530.3097538844288,2006.622650824548,0.0,,2020-11-24 17:55:00+00:00,Group Stage,1552.8,1854.38,False,0.39412532485294444,0.42831229319045816,0.7638932355239815,0.18156570469067862,0.09834992893099931,0.16643155151935862,0.735218519549642,0.10748140225135686,0.3075875184461087,0.03296610511982272,0.1168266779127706
1,202021-0103,2020/21,UCL,LEAGUE,87,12,1.0,0.785110940256605,0.7019538569654193,0.1663141665823714,0.1317319764522093,0.1338452190037839,0.3538876079351818,2,1.0,1.0,22.34437638448849,2104.4315040781275,1715.4419802594828,0.0,,2020-11-25 20:00:00+00:00,Group Stage,2066.39,1773.49,False,0.6979712223215349,0.2633842687590804,0.5415878252550445,0.8717282241173109,0.8091100727763403,0.12523630268194114,0.06565362454171855,0.05643349424036183,0.2118203108868686,0.016453648488098827,0.046177307997400385
1,202021-0108,2020/21,UCL,LEAGUE,59,118,0.0,0.8087043885435969,0.735687477512637,0.14603382206192003,0.11827870042544304,1.3399943918783648,2.1347115713304308,2,1.0,1.0,-84.08987997333897,2092.087763380873,1638.3841163884833,0.0,,2020-11-25 20:00:00+00:00,Group Stage,2009.2,1802.25,False,0.7476106882246025,1.175886919912786,1.870586506349243,0.8055826193609898,0.717875832224083,0.17541357427381357,0.10671059350210337,1.344081596292299,2.237634842546402,0.6489633566165135,0.654002788049673
1,202021-0109,2020/21,UCL,LEAGUE,156,54,1.0,0.8445168838867649,0.7874191851478064,0.114195397477917,0.09838541737427656,0.06791088200027266,0.23899453558288175,2,1.0,1.0,16.167287771726762,1826.5012175580764,1261.6452955879527,0.0,,2020-11-25 20:00:00+00:00,Group Stage,1779.63,1581.41,False,0.8529911971179951,0.06025955997354276,0.2235121168623085,0.7975908418259677,0.707184614943633,0.18081245376466928,0.11200293129169762,0.13097864978004187,0.34646352278274106,0.040969467312720415,0.02417499939628174
1,202021-0124,2020/21,UCL,LEAGUE,118,54,0.5,0.816697436516166,0.7471908689114489,0.13901313520943412,0.11379599587911694,1.3125421046046541,1.9731868524064935,0,1.0,1.0,-32.93051181837733,1722.4739963618224,1245.478007816226,0.0,,2020-12-01 20:00:00+00:00,Group Stage,1802.25,1581.41,False,0.7974314484553776,1.24590335870629,1.8590857571116992,0.8178004344982851,0.7343588195519725,0.16688322989262536,0.09875795055540222,1.243119561285814,1.790460933335085,0.1009971161672988,0.10029726629591099
1,202021-0125,2020/21,UCL,LEAGUE,59,156,1.0,0.688135839435701,0.568835764963005,0.23860014894539194,0.19256408609160303,0.27991355590409456,0.5641635245461318,1,1.0,1.0,32.42794301767815,2007.9978834075341,1842.668505329803,0.0,,2020-12-01 20:00:00+00:00,Group Stage,2009.2,1779.63,False,0.6677376185280977,0.3151537259238943,0.6118741383870314,0.8251691785987635,0.7443807756366965,0.16157680592413412,0.09404241843916945,0.10029222854263006,0.295202579860932,0.03056581611183106,0.09725925464447487
1,202021-0126,2020/21,UCL,LEAGUE,214,57,0.0,0.6225068620467205,0.48580921067686395,0.273395302739713,0.24079548658342304,0.8871470739307183,1.4238073091474541,4,1.0,1.0,-64.72887751525614,2042.1632664554522,2005.994046835102,0.0,,2020-12-02 20:00:00+00:00,Group Stage,1865.42,1877.78,False,0.6189857015161281,0.879625607476977,1.412334471806562,0.5396934543024744,0.40057577367857344,0.2782353612478019,0.32118886507362465,0.6986604236069163,1.1357259641554367,0.29126902461693704,0.3875147932952547
1,202021-0448,2020/21,UEL,LEAGUE,228,215,0.0,0.3671549224897194,0.2463317860914499,0.24164627279653902,0.512021941112011,0.3571948559515528,0.6693878011264277,1,1.0,1.0,-38.177130977837734,1237.854301167486,1665.0052743642746,0.0,,2020-12-03 17:55:00+00:00,Group Stage,1435.84,1809.38,False,0.42547753422215145,0.45900722442488157,0.8042791262842686,0.12786038653940615,0.06541360600710225,0.12489356106460779,0.80969283292829,0.05609415928511107,0.21110032184426122,0.016348278446006354,0.13480273710843188
1,202021-0434,2020/21,UEL,LEAGUE,56,14,1.0,0.8825344967301508,0.8286274701482175,0.10781405316386664,0.06355847668791585,0.0450320940063095,0.18798459740439716,3,1.0,1.0,12.214178890210105,1988.5535108299034,1279.8084488767863,0.0,,2020-12-03 20:00:00+00:00,Group Stage,1807.75,1587.05,False,0.8459208904179627,0.07504237781622065,0.25084272213422737,0.8176803216051514,0.7341959621768367,0.16696871885662934,0.09883531896653397,0.10829875987493828,0.30897930755746716,0.033240465130001035,0.013798144458438947
1,202021-0441,2020/21,UEL,LEAGUE,211,158,0.0,0.6461015573523131,0.5272013031839141,0.23780050833679792,0.23499818847928794,0.9197180674740278,1.4481774734664643,1,1.0,1.0,-67.18227720538016,1586.4279981065883,1505.1331098940016,0.0,,2020-12-03 20:00:00+00:00,Group Stage,1725.26,1660.15,False,0.5607872099096409,0.7273892884203947,1.1675308385984502,0.6468135101361374,0.5188838659208939,0.25585928843048705,0.22525684564861906,0.934931397003495,1.4905139916186756,0.41836771689463115,0.41744722241308435
1,202021-0443,2020/21,UEL,LEAGUE,155,122,0.5,0.3504236247320548,0.23205763259196932,0.23673198428017095,0.5312103831278597,0.9186132798079221,1.4408266457768812,0,1.0,1.0,15.553099032614625,1394.2565504977354,1853.6673202071238,0.0,,2020-12-03 20:00:00+00:00,Group Stage,1639.84,1784.55,False,0.350198174145618,0.9189090094966234,1.4411232056179846,0.35371268338948914,0.2256966716301073,0.2560320235187637,0.518271304851129,0.8730324830465859,1.3624527504557395,0.02139997900110385,0.02237309203829717
1,202021-0145,2020/21,UCL,LEAGUE,121,27,0.5,0.6754288340872068,0.5522558269110674,0.2463460143522787,0.20139815873665387,0.9135420467824371,1.4010181689244285,0,1.0,1.0,-18.241263199798684,1697.1341098151652,1557.784151323511,0.0,,2020-12-08 17:55:00+00:00,Group Stage,1734.9,1651.67,False,0.6197192593534713,0.8180285995101975,1.2925325909123444,0.6702616953432949,0.5464955604879518,0.2475322697106863,0.2059721698013619,0.9072896174924729,1.396214322803034,0.028989044901172982,0.030775275829196723
1,202021-0142,2020/21,UCL,LEAGUE,57,186,0.5,0.8388623781587229,0.7792257958440729,0.11927316462929988,0.10150103952662717,1.393175060475903,2.126338915421688,0,1.0,1.0,-35.23524431240434,2070.722924350358,1524.68985071847,0.0,,2020-12-08 20:00:00+00:00,Group Stage,1877.78,1540.49,False,0.7720700331704416,1.1636097194920085,1.7306265778011138,0.8976935310308725,0.8462632120202024,0.10286063802134007,0.0508761499584575,1.5236088414648226,2.274380235841654,0.1581601446238035,0.11482771133138532
1,202021-0140,2020/21,UCL,LEAGUE,54,59,0.5,0.21425557968438994,0.1313657178557727,0.16577972365723448,0.7028545584869929,1.207184951675108,1.7970953377447785,0,1.0,1.0,29.711986663833493,1278.4085196346032,2040.4258264252123,0.0,,2020-12-09 17:55:00+00:00,Group Stage,1577.59,1986.29,False,0.23488156891916637,1.1421946232568843,1.6991290114205748,0.1069379016919928,0.053456677042717164,0.10696244929855127,0.8395808736587316,1.5052697266968509,2.235277447249517,0.15449781312629352,0.08164987374150405
1,202021-0141,2020/21,UCL,LEAGUE,156,118,0.0,0.6661418623143243,0.5402857576012005,0.2517122094262476,0.20800203297255193,0.982528516016557,1.5702074254220837,1,1.0,1.0,-69.26608788176277,1810.240562312125,1689.5434845434452,0.0,,2020-12-09 17:55:00+00:00,Group Stage,1794.47,1804.53,False,0.6927552016986698,1.0431313826903177,1.6638472961144832,0.542980784405745,0.4040152991894996,0.27793097043249093,0.3180537303780095,0.7055247009560754,1.1455349470218168,0.29482813223387816,0.44374498072759616
1,202021-0156,2020/21,UCL,ROUND_OF_16,90,59,0.0,0.5291621105110992,0.37992684505604996,0.29847053091009845,0.3216026240338516,0.6936520651337554,1.1344385824013727,2,1.0,1.0,-55.02279818148685,1876.8281716458364,2010.713839761379,0.0,202021-UCL-round-2-004,2021-02-16 20:00:00+00:00,Round 2,1876.66,1912.95,False,0.5073312646742194,0.6496829720942952,1.0708499376520655,0.5053389162630146,0.36535487851805815,0.2799680754899129,0.35467704599202887,0.6283080255200446,1.0365476331617502,0.25536742028987813,0.28001253920056074
1,202021-0486,2020/21,UEL,KNOCKOUT_PLAYOFF,175,56,0.5,0.44648761640618834,0.3179766755090918,0.2570218817941931,0.425001442696715,0.8337518765947454,1.3585940545433244,0,1.0,1.0,5.5642704271640175,1732.1582976855855,2013.1387976056465,0.0,202021-UEL-round-2-004,2021-02-18 20:00:00+00:00,Round 2,1712.16,1805.93,False,0.5327351717459844,0.8260191363380059,1.3513692266454997,0.42323068493729016,0.2865310604690008,0.2733992489365787,0.44006969059442047,0.8037100326392872,1.296822101819036,0.0058935277351976085,0.0028635751978912435
1,202021-0494,2020/21,UEL,KNOCKOUT_PLAYOFF,12,215,0.0,0.588458575199059,0.4625275333527077,0.2518620836927025,0.28561038295458974,0.7877187532536579,1.2531266942945132,2,1.0,1.0,-61.18850306585581,1694.0389309801903,1721.1180187390964,0.0,202021-UEL-round-2-008,2021-02-18 20:00:00+00:00,Round 2,1744.01,1776.37,False,0.6884781140856184,1.0226345538093142,1.6094660845869184,0.5109930719895059,0.37106074666329514,0.2798646506524216,0.34907460268428325,0.6397141732697478,1.0524696183503774,0.2611139196212724,0.34628349472530656
1,202021-0504,2020/21,UEL,KNOCKOUT_PLAYOFF,211,122,1.0,0.4417137872134379,0.3134803741659581,0.2564668260949596,0.4300527997390823,0.7220298401059584,1.1600185232102116,2,1.0,1.0,58.05115106217966,1515.741987238505,1805.2989005690756,0.0,202021-UEL-round-2-013,2021-02-18 20:00:00+00:00,Round 2,1690.04,1764.01,False,0.3675046837828593,0.887760015449019,1.3998527080312777,0.45126842714317456,0.31259829621131063,0.2773402618637279,0.4100614419249614,0.7175891093758127,1.1628363113892988,0.30110633904992545,0.3116834953875625
1,202021-0152,2020/21,UCL,ROUND_OF_16,121,87,0.0,0.3499726259334334,0.21976697608242707,0.2604112997020127,0.5198217242155602,0.3466827453242231,0.6542693642360625,3,1.0,1.0,-36.39049883443307,1678.8928466153666,2139.182625806478,0.0,202021-UCL-round-2-002,2021-02-23 20:00:00+00:00,Round 2,1772.28,2053.09,False,0.40108743414641324,0.44150485141752405,0.7816917183671074,0.20001289159322158,0.1104085601109673,0.17920866296450857,0.7103827769245241,0.12818393092925387,0.34195133179215403,0.04000515680348181,0.12248083890274292
1,202021-0164,2020/21,UCL,ROUND_OF_16,118,212,0.0,0.49923603849233955,0.34923656376549966,0.2999989494536798,0.35076448678082056,0.6334722987690167,1.0476402585550617,1,1.0,1.0,-51.91105569587607,1758.809572425208,1945.8452341077982,0.0,202021-UCL-round-2-008,2021-02-24 20:00:00+00:00,Round 2,1823.61,1904.89,False,0.440909339346722,0.5182241634656174,0.8861927601465813,0.4408712757187053,0.30282915109838,0.27608424924065067,0.42108659966096934,0.503068732525838,0.8649167665457902,0.1943674817538387,0.24923662212952474
1,202021-0487,2020/21,UEL,KNOCKOUT_PLAYOFF,56,175,1.0,0.7363503149918873,0.6353982801182048,0.2019040697473651,0.16269765013443016,0.20017019288057739,0.4535032639206006,1,1.0,1.0,27.414554293772863,2007.5745271784824,1737.7225681127495,0.0,202021-UEL-round-2-004,2021-02-25 17:55:00+00:00,Round 2,1805.93,1712.16,False,0.6723993302152143,0.2933674716499218,0.5836570578924692,0.6835299833764579,0.5623926060634291,0.24227475462605758,0.19533263931051334,0.28835212793708465,0.5755550856854966,0.10015327142170503,0.06951115640487705
1,202021-0495,2020/21,UEL,KNOCKOUT_PLAYOFF,215,12,1.0,0.6804040330385975,0.567327752909625,0.22615256025794497,0.20651968683243,0.2810006349628229,0.5668180947998069,1,1.0,1.0,33.23190387299194,1782.3065218049524,1632.8504279143344,0.0,202021-UEL-round-2-008,2021-02-25 17:55:00+00:00,Round 2,1776.37,1744.01,False,0.5142889408838044,0.5730649077162878,0.9560843197706529,0.6026544421912813,0.468555685512179,0.2681975133582045,0.26324680112961646,0.42366184387793004,0.758100325215987,0.15788349231032184,0.10214158209799386
1,202021-0505,2020/21,UEL,KNOCKOUT_PLAYOFF,122,211,1.0,0.6920537650602063,0.5812337823705828,0.22163996537924704,0.19712625225017016,0.26334817860716,0.5426022237677416,1,1.0,1.0,32.020553246859116,1747.2477495068958,1573.7931383006849,0.0,202021-UEL-round-2-013,2021-02-25 17:55:00+00:00,Round 2,1764.01,1690.04,False,0.8010901876667436,0.12032415220891186,0.33096411228773914,0.6583756801646152,0.5324220795624737,0.251907201204283,0.21567071923324327,0.3286002088338413,0.6303187215659002,0.11670717590298926,0.0948308836135946
1,202021-0157,2020/21,UCL,ROUND_OF_16,59,90,1.0,0.7248486452133815,0.6179653765854995,0.21376653725576394,0.16826808615873648,0.21996073475730304,0.48132284803645936,2,1.0,1.0,28.610509261829016,2065.736637942866,1821.8053734643495,0.0,202021-UCL-round-2-004,2021-03-10 20:00:00+00:00,Round 2,1916.54,1857.11,False,0.6944184615326977,0.26931809495663306,0.5497104378028734,0.639308727908209,0.510176604044195,0.2582642477280282,0.23155914822777687,0.3602470200081752,0.6729983307660942,0.1300981937631944,0.07570826804091157
1,202021-0165,2020/21,UCL,ROUND_OF_16,212,118,1.0,0.7454415652837157,0.6462481390751285,0.1983868524171746,0.15536500850769697,0.1886360081884002,0.43657173273791344,2,1.0,1.0,26.469237121419933,1997.7562898036742,1706.898516729332,0.0,202021-UCL-round-2-008,2021-03-16 20:00:00+00:00,Round 2,1909.72,1831.12,False,0.7479403822741862,0.18496089556329415,0.4312259649131743,0.6643447176848734,0.5394698619741889,0.24974971142136881,0.21078042660444224,0.3188913146246803,0.6171683587281386,0.11266446854604736,0.06479999668520475
1,202021-0153,2020/21,UCL,ROUND_OF_16,87,121,1.0,0.8348726067652739,0.7734483018200513,0.122848609890445,0.10370308828950364,0.0771717834210139,0.2568964478929895,1,1.0,1.0,17.170109219297135,2175.573124640911,1642.5023477809334,0.0,202021-UCL-round-2-002,2021-03-17 20:00:00+00:00,Round 2,2021.33,1752.9,False,0.7774939277667416,0.1437511451314518,0.36940063296342085,0.8551360806719723,0.7857641967172001,0.13874376790954443,0.07549203537325545,0.07084585994676092,0.2410985357397761,0.020985555123077308,0.02726705599649588
1,202021-0172,2020/21,UCL,QUARTERFINAL,212,59,1.0,0.5647712989933555,0.41853120281596856,0.29248019235477396,0.2889886048292575,0.5071650387396907,0.8710038331319244,2,1.0,1.0,45.25550961150493,2024.225526925094,2094.347147204695,0.0,202021-UCL-quarter-finals-004,2021-04-06 19:00:00+00:00,Quarter Finals,1921.3,1908.83,False,0.6051189996864115,0.4297405695869109,0.7658183348333333,0.5749415267827769,0.4380866169472357,0.2737098196710823,0.28820356338168196,0.4737250093840782,0.8253386325694534,0.1806747056537568,0.18942402217993112
1,202021-0173,2020/21,UCL,QUARTERFINAL,59,212,0.5,0.5921064101016003,0.44967649653624536,0.2848598271307098,0.26546367633304485,0.7841053818408857,1.2557580543328992,0,1.0,1.0,-9.57731537004162,2049.09163759319,2069.481036536599,0.0,202021-UCL-quarter-finals-004,2021-04-14 19:00:00+00:00,Quarter Finals,1908.83,1921.3,False,0.6042833025557466,0.7979694490304072,1.270684584592743,0.5395361452970286,0.4004114850965994,0.27824932040085854,0.3213391945025421,0.7845122788226295,1.2792377312342866,0.0015631067849477603,0.00848359078180417
1,202021-0176,2020/21,UCL,SEMIFINAL,212,57,0.5,0.5911658134634558,0.44858338109887663,0.28516486472915825,0.2662517541719651,0.7831063170154312,1.254687793230453,0,1.0,1.0,-9.479511203864979,2079.0583519066404,2101.174441252729,0.0,202021-UCL-semi-finals-002,2021-04-27 19:00:00+00:00,Semi Finals,1949.16,1885.6,False,0.6290322018974284,0.8314754630898438,1.3073505315197071,0.6447725385862777,0.5165096278263582,0.25652582151983894,0.22696455065380283,0.8710489569575561,1.3605259507447365,0.020959087928715266,0.008311205544453611
1,202021-0538,2020/21,UEL,SEMIFINAL,215,56,1.0,0.5956720717733287,0.4704317073383772,0.250480728869903,0.2790875637917198,0.42107304039094123,0.7541044796132647,1,1.0,1.0,42.04241677936273,1982.5271319090548,1996.359529503434,0.0,202021-UEL-semi-finals-002,2021-04-29 19:00:00+00:00,Semi Finals,1801.75,1832.67,False,0.4470344512151318,0.7106788651503224,1.1441540510360302,0.5130641962397376,0.37315977324483623,0.2798088459898028,0.34703138076536094,0.5916524394085233,0.9857486045515931,0.23710647698365273,0.16348107354407226
1,202021-0177,2020/21,UCL,SEMIFINAL,57,212,1.0,0.6251026293935822,0.48896542555324807,0.2722744076806682,0.23876016676608372,0.3922961065919997,0.715463496397024,2,1.0,1.0,38.98219836965129,2110.653952456594,2069.5788407027753,0.0,202021-UCL-semi-finals-002,2021-05-05 19:00:00+00:00,Semi Finals,1896.95,1940.32,False,0.5798403564980071,0.47800266092121435,0.8311671156852518,0.49515033223737503,0.3551635030327234,0.2799736584093032,0.36486283855797336,0.6273242481846995,1.0351770236142497,0.2548731870400328,0.14054803848760578
1,202021-0539,2020/21,UEL,SEMIFINAL,56,215,0.5,0.5646987977672121,0.4368754836721238,0.25564662819017653,0.3074778881376996,0.839464782052025,1.36395914670729,0,1.0,1.0,-6.727444806454022,1954.3171127240712,2024.5695486884176,0.0,202021-UEL-semi-finals-002,2021-05-06 19:00:00+00:00,Semi Finals,1835.24,1809.46,False,0.7432339106765823,1.0819991658064922,1.6171135182485783,0.5935498992150785,0.45845078605524325,0.2701982263196705,0.27135098762508625,0.816419110586735,1.3085994178015272,0.008751583643151345,0.004185934432522609
2,202122-0058,2021/22,UCL,QUALIFYING,193,54,0.5,0.7274811880209319,0.6227138660417378,0.20953464395838806,0.1677514899998741,1.0407486004598177,1.5628661883347157,0,1.0,1.0,-23.653718302830114,1486.9537736575344,1239.6041001279445,0.0,202122-UCL-2nd-qualifying-round-012,2021-07-20 18:45:00+00:00,2nd Qualifying Round,1557.86,1580.35,False,0.6938612845894723,0.9681831183864799,1.4765979468870123,0.5108060758562278,0.36087613862147416,0.29985987446950735,0.3392639869090185,0.7355278356176022,1.2044399985458039,0.00011677127541055018,0.05174769090341456
2,202122-0060,2021/22,UCL,QUALIFYING,156,226,1.0,0.700205913547021,0.587677014432427,0.2250577982291879,0.18726518733838504,0.25572950736000727,0.5315777771843245,4,1.0,1.0,31.172884806459496,1505.5447083322413,1312.0632835403803,0.0,202122-UCL-2nd-qualifying-round-013,2021-07-21 19:00:00+00:00,2nd Qualifying Round,1653.51,1572.52,False,0.6697155523866242,0.3047727771530069,0.5986032496969804,0.6545069775475728,0.5188304212141045,0.27135311266693657,0.2098164661189589,0.3491796247576795,0.6561781906064923,0.11936542856331336,0.08987649427217625
2,202122-0059,2021/22,UCL,QUALIFYING,54,193,1.0,0.4681125295359398,0.32882393484169975,0.2785771893884801,0.3925988757698201,0.6822164381446907,1.1122328239187884,1,1.0,1.0,55.30618379751071,1263.2578184307747,1463.3000553547042,0.0,202122-UCL-2nd-qualifying-round-012,2021-07-28 17:45:00+00:00,2nd Qualifying Round,1580.35,1557.86,False,0.44912391741256863,0.7215085824808164,1.168176442867132,0.574969662261002,0.42834193241671925,0.29325545968856553,0.27840260789471527,0.49029972295278124,0.8478334948413837,0.1806507879985267,0.28290428123665645
2,202122-0061,2021/22,UCL,QUALIFYING,226,156,0.0,0.4338699773186182,0.29692448010393235,0.2738909944293717,0.42918452546669594,0.48901072968118175,0.8458683232402092,1,1.0,1.0,-45.11422818226868,1280.8903987339208,1536.7175931387007,0.0,202122-UCL-2nd-qualifying-round-013,2021-07-28 18:00:00+00:00,2nd Qualifying Round,1572.52,1653.51,False,0.4767976420739649,0.5716399061827241,0.958209418625743,0.42714183413222623,0.28032682153239585,0.2936300251996608,0.4260431532679434,0.4942281804798147,0.8532146390920978,0.18245014646584226,0.18824315721845827
2,202122-0074,2021/22,UCL,QUALIFYING,156,54,1.0,0.7352374358416317,0.6328354773959638,0.20480391689133584,0.1623606057127004,0.20311539732047795,0.4575447999473151,3,1.0,1.0,27.5302725654869,1581.8318213209695,1318.5640022282855,0.0,202122-UCL-3rd-qualifying-round-007,2021-08-03 18:00:00+00:00,3rd Qualifying Round,1673.9,1581.42,False,0.7019618366757573,0.2529926494957221,0.5277921936756353,0.669306813918511,0.5365056922620534,0.2656022433129152,0.1978920644250314,0.32453279412073216,0.6226781069731618,0.10935798332072631,0.07009921537971409
2,202122-0223,2021/22,UEL,QUALIFYING,226,196,0.5,0.660409314083652,0.5527602651451501,0.2152980978770038,0.2319416369778461,0.9750979088827479,1.535731709406983,0,1.0,1.0,-16.679518695566905,1235.776170551652,1116.144727878236,0.0,202122-UEL-3rd-qualifying-round-003,2021-08-05 18:00:00+00:00,3rd Qualifying Round,1552.44,1330.1,False,0.6708287797393274,0.989816813546484,1.5512405781343874,0.8103960730583105,0.7182035063603226,0.18438513339597593,0.09741136024370152,1.19053286027829,1.690728592606608,0.09634572217002003,0.025731148044787714
2,202122-0075,2021/22,UCL,QUALIFYING,54,156,0.0,0.3962555201158579,0.2637485731634308,0.2650138939048542,0.47123753293171494,0.41938542038849824,0.7523929958871803,1,1.0,1.0,-41.20303982191036,1291.0337296627986,1609.3620938864565,0.0,202122-UCL-3rd-qualifying-round-007,2021-08-10 18:00:00+00:00,3rd Qualifying Round,1581.42,1673.9,False,0.43963714716865326,0.49992340672824676,0.8605988185521943,0.41104095496796933,0.2657891819837759,0.29050354596838696,0.4437072720478372,0.4644977986522704,0.8125902311714336,0.1689546666609802,0.15701843722228906
2,202122-0224,2021/22,UEL,QUALIFYING,196,226,0.0,0.5385344851961699,0.4192472403398501,0.2385744897126395,0.3421782699475104,0.6654154642034769,1.0724234205703886,2,1.0,1.0,-55.99734694553163,1132.8242465738028,1219.0966518560851,0.0,202122-UEL-3rd-qualifying-round-003,2021-08-12 18:00:00+00:00,3rd Qualifying Round,1330.1,1552.44,False,0.4755412375166415,0.5382659345813833,0.904495783094949,0.2483936291004843,0.13637708862681908,0.22403308094733043,0.6395898304258505,0.19868502199354757,0.4469281980457869,0.06169939497770896,0.2900193917455037
2,202122-0239,2021/22,UEL,QUALIFYING,193,153,1.0,0.6427966958137492,0.532584326054705,0.22042473951808855,0.24699093442720652,0.3280689997305762,0.6300140351478078,2,1.0,1.0,37.1423518910243,1469.0099972680111,1380.6649956396518,0.0,202122-UEL-qualifying-play-off-round-003,2021-08-18 18:45:00+00:00,Qualifying Play-off Round,1550.17,1657.17,False,0.6287105508554016,0.3510404042132127,0.6603655661162133,0.39096739659576046,0.2481002617588242,0.28573426967387255,0.46616546856730323,0.8643075333177834,1.3939223332312334,0.3709207120093457,0.12759420052157522
2,202122-0092,2021/22,UCL,QUALIFYING,174,156,1.0,0.6510207185929766,0.5267994121208527,0.24844261294424783,0.22475797493489946,0.33615867559257284,0.6409354250573455,1,1.0,1.0,36.287209890807546,1753.427550219574,1650.5651337083668,0.0,202122-UCL-qualifying-play-off-round-006,2021-08-18 19:00:00+00:00,Qualifying Play-off Round,1754.94,1702.04,False,0.6730869557601045,0.29921470129001904,0.5910704182038305,0.6170890205253129,0.4753149237618592,0.2835481935269074,0.2411368827112334,0.4138410034830872,0.7437776972397846,0.14662081820226425,0.12178653885136242
2,202122-0235,2021/22,UEL,QUALIFYING,55,226,0.5,0.48757428188378726,0.367648393149725,0.23985177746812456,0.39249982938215044,0.8670467772689616,1.4277341403126198,0,1.0,1.0,1.2920384256311521,1106.5054212779914,1275.0939988016169,0.0,202122-UEL-qualifying-play-off-round-001,2021-08-19 17:00:00+00:00,Qualifying Play-off Round,1440.75,1560.96,False,0.47057510930629703,0.8700278006951365,1.4305856635045646,0.3730181527528629,0.23269278647104005,0.28065073256364564,0.48665648096531433,0.8084438319024202,1.270644327358085,0.016124389530295265,0.0001543984707035774
2,202122-0644,2021/22,UECL,QUALIFYING,14,196,0.5,0.7995873600700656,0.7162587049532162,0.16665731023369884,0.11708398481308499,1.2211952305079028,1.791815609401692,0,1.0,1.0,-31.15138919326291,1486.1970824666528,1076.8268996282711,0.0,202122-UECL-qualifying-play-off-round-007,2021-08-19 17:00:00+00:00,Qualifying Play-off Round,1574.53,1316.85,False,0.7188885602550905,1.0315684426644618,1.5598323183559657,0.8397029038302346,0.7589417415526508,0.16152232455516766,0.07953593389218157,1.2853633440704417,1.8231119133329252,0.11539806287069362,0.08975258631375113
2,202122-0652,2021/22,UECL,QUALIFYING,155,218,1.0,0.6608572444855656,0.5443122720993799,0.2330899447723714,0.22259778312824868,0.3115320007668275,0.6082321672237113,5,1.0,1.0,35.26439822639693,1382.299865065942,1261.862856427311,0.0,202122-UECL-qualifying-play-off-round-011,2021-08-19 18:00:00+00:00,Qualifying Play-off Round,1606.24,1453.42,False,0.6495473868588468,0.3297035213323236,0.6326601950661022,0.7412348305678942,0.6261513766553666,0.23016690782505525,0.1436817155195782,0.21338403400907408,0.4681631213713558,0.06695941291122642,0.11501780861792342
2,202122-0656,2021/22,UECL,QUALIFYING,227,53,0.0,0.358137608992529,0.23860257674335444,0.23907006449834914,0.5223273587582964,0.34225683755863845,0.6494607636015772,1,1.0,1.0,-37.239501826317635,1183.1746121047654,1566.9684324216053,0.0,202122-UECL-qualifying-play-off-round-013,2021-08-19 18:00:00+00:00,Qualifying Play-off Round,1501.91,1553.93,False,0.34936927935990675,0.32794721351353273,0.6303051227521855,0.46835303505926085,0.31895395329323706,0.2987981635320475,0.38224788317471536,0.5726296446936288,0.9616859719915289,0.21935456544922122,0.1282625469748856
2,202122-0241,2021/22,UEL,QUALIFYING,225,69,1.0,0.642700804675485,0.5324752941098998,0.22045102113117032,0.24707368475892988,0.3282234090357555,0.6302187785126332,1,1.0,1.0,37.152322746161694,1165.8972981204072,1077.720673853476,0.0,202122-UEL-qualifying-play-off-round-004,2021-08-19 18:45:00+00:00,Qualifying Play-off Round,1529.93,1277.17,False,0.6883412697056069,0.25788324706770815,0.5355145048393033,0.8358539617545317,0.7535326919302604,0.1646425396485426,0.08182476842119694,0.09454859253624837,0.28298287508800585,0.026943921871682725,0.12766271497954595
2,202122-0093,2021/22,UCL,QUALIFYING,156,174,0.5,0.4833317065405152,0.3435261619210831,0.2796110892388643,0.37686274884005266,0.7789959381351262,1.2743556083257561,0,1.0,1.0,1.7331855944205807,1614.2779238175592,1789.7147601103816,0.0,202122-UCL-qualifying-play-off-round-006,2021-08-24 19:00:00+00:00,Qualifying Play-off Round,1702.04,1754.94,False,0.4729869232153518,0.7812668031763218,1.2766195424968567,0.46709189157314857,0.31774165773328866,0.29870046767971986,0.38355787458699153,0.7398974382494324,1.2083139880441247,0.0010829436002334103,0.00027783200685150324
2,202122-0242,2021/22,UEL,QUALIFYING,69,225,0.0,0.49135935903009154,0.37139519615474953,0.23992832575068399,0.38867647809456646,0.5692164416592144,0.9450079572473657,3,1.0,1.0,-51.09203079635533,1040.5683511073144,1203.0496208665688,0.0,202122-UEL-qualifying-play-off-round-004,2021-08-26 16:00:00+00:00,Qualifying Play-off Round,1277.17,1529.93,False,0.4555295012718276,0.5000527250488817,0.8546789295946239,0.21715732852465439,0.11515731460904056,0.20400002783122764,0.6808426575597317,0.15673862769664187,0.3844240456956973,0.047157305331964675,0.2414340197064624
2,202122-0653,2021/22,UECL,QUALIFYING,218,155,1.0,0.4737211810804498,0.3440802807688292,0.25928180062324124,0.3966379186079296,0.6547793686883587,1.0668802745082993,2,1.0,1.0,54.722990677909266,1226.5984582009141,1417.5642632923389,0.0,202122-UECL-qualifying-play-off-round-011,2021-08-26 17:00:00+00:00,Qualifying Play-off Round,1453.42,1606.24,False,0.49924310019889107,0.6029144806630712,0.9962992369302344,0.33026013305147645,0.19754710651049795,0.265426053081957,0.537026840407545,1.002779463242451,1.6217782091036923,0.44855148938022593,0.27696939524335673
2,202122-0657,2021/22,UECL,QUALIFYING,53,227,1.0,0.8183195822756614,0.7410098076349402,0.1546195492814424,0.10437064308361743,0.10187635589897495,0.2997414180989578,5,1.0,1.0,18.891309032536697,1604.2079342479228,1145.9351102784478,0.0,202122-UECL-qualifying-play-off-round-013,2021-08-26 17:00:00+00:00,Qualifying Play-off Round,1553.93,1501.91,False,0.7748382828688849,0.15077765532430895,0.37962625703875147,0.6158913406524694,0.47394982235540545,0.28388303659412795,0.2421671410504666,0.415963292070369,0.74665382290032,0.14753946218575728,0.03300777418449018
2,202122-0236,2021/22,UEL,QUALIFYING,226,55,1.0,0.6857084357270715,0.5822624948151656,0.206891881823812,0.21084562336102247,0.2617647508931459,0.5408339109113732,1,1.0,1.0,32.68034684953208,1273.8019603759858,1107.7974597036225,0.0,202122-UEL-qualifying-play-off-round-001,2021-08-26 18:00:00+00:00,Qualifying Play-off Round,1560.96,1440.75,False,0.6752129560664207,0.27745656066118535,0.5622088266623535,0.7036371508081408,0.5785180043216953,0.250238292972891,0.17124370270541367,0.26959068166721295,0.5472856104097159,0.08783093838111666,0.09877918737312433
2,202122-0645,2021/22,UECL,QUALIFYING,196,14,0.0,0.37933559500643416,0.2569067422953088,0.24485770542225072,0.49823555228244054,0.37772393113474534,0.6966823172340061,2,1.0,1.0,-39.4436893203363,1107.978288821534,1455.0456932733898,0.0,202122-UECL-qualifying-play-off-round-007,2021-08-26 18:00:00+00:00,Qualifying Play-off Round,1316.85,1574.53,False,0.41947413528624644,0.44812516107658334,0.7898833035361627,0.2123812013922919,0.11201594537981673,0.20073051202495037,0.687253542595233,0.15065065709636458,0.3750519972098232,0.045105774704833256,0.14389549363888543
2,202122-0240,2021/22,UEL,QUALIFYING,153,193,1.0,0.49126735075166744,0.37130395514985676,0.23992679120362137,0.38876925364652193,0.6039651145283532,0.9907342656881643,1,1.0,1.0,52.898522649113616,1343.5226437486276,1506.1523491590353,0.0,202122-UEL-qualifying-play-off-round-003,2021-08-26 18:15:00+00:00,Qualifying Play-off Round,1657.17,1550.17,False,0.521819548063984,0.5433843273092698,0.9111836140567073,0.6875382482123418,0.5586406049378742,0.2577952865489353,0.18356410851319058,0.2949523073106957,0.5822489375688978,0.09763234633021214,0.258808908411227
2,202122-0106,2021/22,UCL,LEAGUE,214,13,0.5,0.7052954628193521,0.5941477794829968,0.22229536667271052,0.18355685384429266,0.9915291991565245,1.5037483009070631,0,1.0,1.0,-21.346824713836373,1961.6050032862722,1758.2996446800082,0.0,,2021-09-14 16:45:00+00:00,Group Stage,1850.69,1769.12,False,0.6892016693804991,0.959062596324799,1.4661382042519202,0.6552615707210938,0.5197252639267625,0.2710726135886625,0.20920212248457493,0.8452150126762575,1.3053685471721417,0.024106155342781214,0.04214622705421197
2,202122-0105,2021/22,UCL,LEAGUE,215,116,0.5,0.5792764822277513,0.44366190244427284,0.2712291595669569,0.28510893798877024,0.8092299280670399,1.3047912081686868,0,1.0,1.0,-8.243246815125655,1760.7755552087801,1780.3749423917598,0.0,,2021-09-14 19:00:00+00:00,Group Stage,1819.03,1834.96,False,0.5662342757563322,0.7996672889315619,1.2950953096302142,0.5202372959240157,0.3704830248118054,0.2995085422244206,0.330008432963774,0.736851519917467,1.2056123402159356,0.0004095481463161819,0.006284760634406967
2,202122-0263,2021/22,UEL,LEAGUE,226,119,1.0,0.3686124305374069,0.256898523373865,0.22342781432708375,0.5196736622990512,0.8721805080662284,1.3590741227463254,1,1.0,1.0,65.65230223170161,1306.4823072255178,1672.0182278020857,0.0,,2021-09-16 16:45:00+00:00,Group Stage,1565.63,1742.57,False,0.3924694720691878,0.8167792924489349,1.2800635814553105,0.30030316501445997,0.17423046055640518,0.2521454089161096,0.5736241305274852,1.0745172826337723,1.7473763701690503,0.489575660888782,0.3986502628718808
2,202122-0677,2021/22,UECL,LEAGUE,69,14,0.0,0.29232891817267703,0.18475510285088897,0.21514763064357612,0.6000972665055349,0.24034514725733241,0.5106635260619753,2,1.0,1.0,-30.396649245524948,989.4763203109591,1494.489382593726,0.0,,2021-09-16 16:45:00+00:00,Group Stage,1269.29,1547.21,False,0.3301584542714491,0.2973592121434645,0.5890727121816274,0.1935443468066236,0.099893387231131,0.1873019191509852,0.7128046936178838,0.12754184173806848,0.33854781808587603,0.03745941418080259,0.0854561964000077
2,202122-0683,2021/22,UECL,LEAGUE,55,153,0.5,0.3944912645283889,0.2702799530240145,0.24842262300874887,0.4812974239672367,0.8695670169292107,1.3926238581554335,0,1.0,1.0,10.970902381183567,1075.1171128540905,1396.4211663977412,0.0,,2021-09-16 19:00:00+00:00,Group Stage,1421.16,1633.06,False,0.4354566886180245,0.8393779227517577,1.3638773996885925,0.25978225932910376,0.14440499708892174,0.23075452448036404,0.6248404784307142,1.0030170282772062,1.4664007980758504,0.05770456293302996,0.011132093260818408
2,202122-0114,2021/22,UCL,LEAGUE,154,224,1.0,0.8266974139787345,0.7568914461385923,0.13961193568028463,0.10349661818112316,0.08930481151991011,0.2785354359085828,2,1.0,1.0,18.020173828711503,1938.1227623441787,1456.7079378182873,0.0,,2021-09-28 16:45:00+00:00,Group Stage,1821.75,1567.26,False,0.758220261361872,0.17106451776905462,0.4106476402904627,0.8372157478299825,0.7554444241807031,0.16354264729855875,0.08101292852073809,0.09311672173723486,0.28044906161549943,0.026498712754551835,0.030033786321658117
2,202122-0111,2021/22,UCL,LEAGUE,87,27,0.0,0.7137289062340293,0.6049382731072501,0.2175812662535583,0.17748046063919154,1.0898303143248003,1.7288947570319773,1,1.0,1.0,-74.21423564524963,1837.5599603061285,1617.7554920621442,0.0,,2021-09-28 19:00:00+00:00,Group Stage,1802.54,1614.98,False,0.7026070366295041,1.0624176746758645,1.6846368293782283,0.7777108926906011,0.6739848966420074,0.20745199209718732,0.11856311126080522,1.2742229587568605,2.132309875700361,0.6048342326096117,0.5094089515940238
2,202122-0125,2021/22,UCL,LEAGUE,118,56,1.0,0.5909962336361886,0.4567682549104913,0.2684559574513946,0.2747757876381141,0.44267106343628404,0.78357911755937,1,1.0,1.0,42.52861504080036,1988.435219942369,1988.5676045517728,0.0,,2021-09-29 19:00:00+00:00,Group Stage,1833.09,1942.39,False,0.5714266173926257,0.4790421303981968,0.8324352393180341,0.3878194178035087,0.24537010761667494,0.28489862037366753,0.46973127200965753,0.8712809662730986,1.4049875649778658,0.37476506521843506,0.16728408089978322
2,202122-0273,2021/22,UEL,LEAGUE,16,156,0.0,0.30478811919125887,0.20307980482752425,0.20341662872746927,0.5935035664450065,0.2478590824645637,0.5217120557760693,3,1.0,1.0,-31.69216925636976,1110.4677556353233,1591.4904377979174,0.0,,2021-09-30 16:45:00+00:00,Group Stage,1572.43,1712.11,False,0.337062780643307,0.29624663696334225,0.5875617589950403,0.34720022401503603,0.21120888693966913,0.2719826741507338,0.516808438909597,0.3520578536694588,0.6600829974876272,0.1205479955560912,0.09289579760014502
2,202122-0698,2021/22,UECL,LEAGUE,180,55,0.5,0.6552902778975328,0.5378301145104691,0.23492032677412733,0.22724955871540353,0.9262505003940982,1.448508857327052,0,1.0,1.0,-16.147236263855167,1196.5494237688886,1086.088015235274,0.0,,2021-09-30 16:45:00+00:00,Group Stage,1521.66,1421.16,False,0.6906080864537851,0.9800864453359743,1.5041085487304557,0.6794441215367653,0.5487642371892261,0.2613597686950783,0.18987599411569558,0.882784472461485,1.3418573966947709,0.03220019275410138,0.024115070409492966
2,202122-0134,2021/22,UCL,LEAGUE,174,84,0.0,0.4547512455452858,0.3161829901585008,0.27713651077356993,0.40668049906792925,0.5288043590556012,0.8997274163999456,4,1.0,1.0,-47.285483048380875,1838.2849368394352,2060.0065508787916,0.0,,2021-10-20 19:00:00+00:00,Group Stage,1775.91,2005.76,False,0.4368656841812208,0.49467168710840953,0.8535063450288247,0.24041071909562045,0.13084267595189217,0.21913608628745657,0.6500212377606513,0.18762556418222198,0.4307502431482956,0.057797313856073326,0.20679869532498882
2,202122-0716,2021/22,UECL,LEAGUE,155,88,1.0,0.6455966992764341,0.5266198666733342,0.23795366520619993,0.2354264681204659,0.33613631930511295,0.6412763063244182,2,1.0,1.0,36.851204769235906,1414.4608477252364,1321.190326990744,0.0,,2021-10-21 16:45:00+00:00,Group Stage,1651.35,1699.59,False,0.5811134252656814,0.44706495664386997,0.7884810054637832,0.47377461910986146,0.3241872814715612,0.2991746752766005,0.37663804325183825,0.6880845324762319,1.1264339009511426,0.2769131514929713,0.12560169956375825
2,202122-0714,2021/22,UECL,LEAGUE,180,153,0.0,0.4465029399787616,0.31799114640283793,0.25702358715184737,0.42498526644531465,0.4978214373479602,0.855700777846136,1,1.0,1.0,-46.42781609999007,1180.4021875050335,1415.5579691978342,0.0,,2021-10-21 19:00:00+00:00,Group Stage,1512.21,1627.26,False,0.5588091812240201,0.7231492568909451,1.1615864370509819,0.3799908281162002,0.23863214891794146,0.2827173583965175,0.47865049268554105,0.40867971601292863,0.7367846082671227,0.14439302945243562,0.1993648754096776
2,202122-0150,2021/22,UCL,LEAGUE,84,174,1.0,0.760034737184196,0.6656437995765729,0.18878187521524614,0.14557432520818092,0.16862454933119292,0.4070005869878663,3,1.0,1.0,24.951824713467442,2107.2920339271723,1790.9994537910543,0.0,,2021-11-02 20:00:00+00:00,Group Stage,2022.18,1768.31,False,0.7043116831023454,0.24934578139977726,0.5227386631550768,0.8367287582128297,0.7547605121773623,0.16393649207093483,0.08130299575170293,0.09362775693823479,0.281354782466529,0.026657498394724637,0.057583327358257885
2,202122-0730,2021/22,UECL,LEAGUE,153,180,1.0,0.7652954631529242,0.671893938193077,0.18680304991969446,0.1413030118872286,0.1625155084221505,0.3976547809852896,2,1.0,1.0,24.40480923840658,1461.9857852978241,1133.9743714050435,0.0,,2021-11-04 17:45:00+00:00,Group Stage,1643.19,1490.41,False,0.5933163479090361,0.4252423279144246,0.7596193521427218,0.7411906632071811,0.626094424818173,0.23019247677801616,0.14371309840381086,0.2134474101700738,0.46825408088931275,0.06698227281113878,0.05508621961660037
2,202122-0732,2021/22,UECL,LEAGUE,88,155,0.0,0.48857547781494864,0.3586433480626702,0.259864259504557,0.3814923924327728,0.5787061450959885,0.9636643696549523,1,1.0,1.0,-50.802560081768284,1284.3391222215082,1451.3120524944723,0.0,,2021-11-04 20:00:00+00:00,Group Stage,1690.24,1674.61,False,0.5711823910613655,0.7498300050181109,1.1991431061398727,0.5652918830297157,0.4178497010234553,0.2948843640125207,0.287265934964024,0.7695450082471668,1.247346889591651,0.31955491301928174,0.23870599752210536
2,202122-0189,2021/22,UCL,LEAGUE,56,118,1.0,0.5333001594961684,0.39407595907251247,0.2784484008473118,0.3274756400801757,0.5519177501542416,0.931211598741572,4,1.0,1.0,48.52790973747507,1990.512683806427,2085.2708712828453,0.0,,2021-11-23 20:00:00+00:00,Group Stage,1948.96,1827.06,False,0.5808706701613963,0.4613979145914969,0.80870698488572,0.7056618102841616,0.5810398784097768,0.2492438637487698,0.16971625784145344,0.26645369527501667,0.5429358869473317,0.08663496992519686,0.21780874112630189
2,202122-0178,2021/22,UCL,LEAGUE,224,154,0.0,0.2011452177884781,0.12057492094837582,0.16114059368020456,0.7182844853714196,0.11986823367576173,0.33088956922775414,1,1.0,1.0,-20.915278141998616,1353.2946946403858,2057.912683031259,0.0,,2021-11-24 17:45:00+00:00,Group Stage,1524.54,1885.3,False,0.3707678610920538,0.3738702872359205,0.6915015383849091,0.1296555636327308,0.06194856456164499,0.13541399814217164,0.8026374372961834,0.06112655670111429,0.21985217721326442,0.016810565180921107,0.04045939863917429
2,202122-0175,2021/22,UCL,LEAGUE,27,87,0.0,0.5204067536173346,0.3806981978107678,0.27941711161313354,0.33988469057609866,0.6587572618144059,1.079148864259141,5,1.0,1.0,-54.11240753596765,1626.7153815348925,1742.3293658015455,0.0,,2021-11-24 20:00:00+00:00,Group Stage,1625.56,1796.97,False,0.4388770618257205,0.49848171906447175,0.858651163079127,0.3070342234653338,0.17937569801350986,0.2553170509036479,0.5653072510828422,0.28632022348112507,0.5703858884189923,0.09427001437896054,0.27082318921053317
2,202122-0337,2021/22,UEL,LEAGUE,156,16,1.0,0.8300320597135262,0.7623142167241275,0.13543568597879754,0.102250097297075,0.0852924390052738,0.27139645038596777,2,1.0,1.0,17.67343407613364,1556.4758137781475,1065.6039929743044,0.0,,2021-11-25 20:00:00+00:00,Group Stage,1724.93,1545.85,False,0.7842206018398835,0.13270645406638604,0.35240457483671556,0.7691577002680121,0.6626252208361512,0.21306495886372193,0.12430982030012692,0.17467134973450513,0.4115457263995178,0.05328816734555294,0.028889100725226314
2,202122-0762,2021/22,UECL,LEAGUE,55,180,1.0,0.5887442068810171,0.4628394846935864,0.2518094443748616,0.2853510709315521,0.433374649162412,0.7703749703321813,1,1.0,1.0,42.76278300405348,1105.6838466838362,1109.5695621666368,0.0,,2021-11-25 20:00:00+00:00,Group Stage,1444.45,1487.78,False,0.4529047697122421,0.6982351534275401,1.1268324296275516,0.4808259951502271,0.3310465806274146,0.29955882904562503,0.3693945903269603,0.6736865327122831,1.1054961865351443,0.26954164731175195,0.16913132737392364
2,202122-0170,2021/22,UCL,LEAGUE,13,214,1.0,0.5074333028505521,0.36747197957582944,0.2799226465494454,0.35260537387472524,0.6027789343583004,1.0011082092882884,1,1.0,1.0,51.21757100484456,1687.5587571412666,1824.1137175063461,0.0,,2021-12-08 20:00:00+00:00,Group Stage,1745.55,1824.47,False,0.45453419059758254,0.7102499966040816,1.1520773402502045,0.430060049369668,0.282995007386172,0.2941300839669921,0.42287490864683597,0.7794318540906553,1.2623260232394922,0.32483154732450525,0.2426219511407159
2,202122-0741,2021/22,UECL,LEAGUE,14,69,1.0,0.8650204154862997,0.804305165421631,0.1214305001293375,0.07426433444903155,0.05855702601347386,0.21777652283533117,3,1.0,1.0,14.035310332678284,1608.5975590167905,1008.1461047197502,0.0,,2021-12-09 17:45:00+00:00,Group Stage,1524.2,1265.35,False,0.789429691916392,0.13351078055849963,0.3524128166794786,0.8406073833452532,0.7602154170988333,0.16078393249283968,0.07900065040832696,0.08958922190988719,0.2741534423131981,0.025406006244047066,0.01821948823549116
2,202122-0747,2021/22,UECL,LEAGUE,153,55,1.0,0.7641075564057177,0.6703790131080294,0.1874570865953767,0.14216390029659395,0.16400072886200312,0.39991203533406555,1,1.0,1.0,24.528328953653837,1473.7961406880816,1148.4466296878898,0.0,,2021-12-09 17:45:00+00:00,Group Stage,1644.34,1457.73,False,0.7055034676356737,0.2434916539667083,0.5150613505626366,0.7767640569415605,0.6727230628704113,0.2080819881422984,0.11919494898729033,0.16461574323025913,0.39642153050316176,0.04983428627319085,0.055645244944881656
2,202122-0169,2021/22,UCL,LEAGUE,116,215,0.0,0.608693437999444,0.4769139811357106,0.2635589137274668,0.25952710513682264,0.8452103544349693,1.3488941304365538,1,1.0,1.0,-63.29254405817154,1791.1310070080149,1761.5321795481393,0.0,,2021-12-09 18:00:00+00:00,Group Stage,1827.39,1761.74,False,0.5860159028082801,0.7959205348065181,1.2760278272930905,0.6342760974249074,0.49509413962870535,0.27836391559240414,0.2265419447788905,0.9208420397850439,1.4848251645422132,0.4023061677645707,0.370507701463583
2,202122-0327,2021/22,UEL,LEAGUE,119,226,0.5,0.6957452886055822,0.5941370732509978,0.20321643070916864,0.20264649603983353,1.028928520460321,1.593483706757571,0,1.0,1.0,-20.353788179427735,1660.0447072031836,1475.0950617827314,0.0,,2021-12-09 20:00:00+00:00,Group Stage,1706.06,1568.29,False,0.7409604238613244,1.1142701243077522,1.691404484058305,0.72427391967771,0.6044531943062724,0.23964145074287527,0.15590535495085234,0.967815267237807,1.428611427941993,0.05029879104760394,0.038316218011282654
2,202122-0194,2021/22,UCL,ROUND_OF_16,13,84,0.5,0.3223379883320825,0.20407228614718387,0.23653140436979722,0.5593963094830189,0.9374540255501135,1.4416742918327305,0,1.0,1.0,18.473471207299802,1738.7763281461112,2186.917342573283,0.0,202122-UCL-round-of-16-003,2022-02-16 20:00:00+00:00,Round of 16,1772.7,1996.04,False,0.44624503228254575,0.7921291488022921,1.287497805295417,0.24732048796035927,0.13562864944311384,0.22338367703449086,0.6409876735223954,1.032393241253884,1.4988644611109843,0.06384693580459094,0.03156379038989126
2,202122-0784,2021/22,UECL,KNOCKOUT_PLAYOFF,193,166,0.0,0.6696089593266105,0.5545679028502155,0.23008211295278996,0.21534998419699455,0.9761589848721631,1.5354907408649106,2,1.0,1.0,-69.6266000488157,1469.5461988796299,1333.263339067214,0.0,202122-UECL-knockout-round-play-offs-007,2022-02-17 20:00:00+00:00,Knockout round play-offs,1616.02,1603.73,False,0.736290201360127,1.1454123005803818,1.815583074369907,0.5605614075258215,0.41276201797472667,0.2955987791021896,0.29163920292308365,0.759526140524718,1.2322378471326663,0.31422909160733015,0.44837615841046624
2,202122-0200,2021/22,UCL,ROUND_OF_16,215,118,0.5,0.4530770142294834,0.31461655037312153,0.27692092771272375,0.4084625219141548,0.7886685503569822,1.2840232730669758,0,1.0,1.0,4.879098342151164,1824.824723606311,2049.2696751321128,0.0,202122-UCL-round-of-16-006,2022-02-22 20:00:00+00:00,Round of 16,1809.0,1832.99,False,0.476024327661883,0.780488431320971,1.275843149535342,0.5086482226797125,0.35869309773302327,0.2999102498933785,0.3413966523735982,0.7353380708175632,1.2042720161073885,7.479175551789447e-05,0.0022017665936201053
2,202122-0202,2021/22,UCL,ROUND_OF_16,174,154,0.5,0.414701321082638,0.27977576139364047,0.26985111937799505,0.4503731192283644,0.8142278110604446,1.3098848817771356,0,1.0,1.0,8.869440766808287,1812.760087337658,2100.23235133814,0.0,202122-UCL-round-of-16-007,2022-02-23 20:00:00+00:00,Round of 16,1757.57,1907.21,False,0.4791548608627004,0.7797832968557444,1.275140165206548,0.3343216146338999,0.2007912110604107,0.26706080714697844,0.5321479817926109,0.8606984453850941,1.3202789043876735,0.027449327377517964,0.007275864625047214
2,202122-0785,2021/22,UECL,KNOCKOUT_PLAYOFF,166,193,1.0,0.5928550176301919,0.4673384858657256,0.2510330635289326,0.2816284506053418,0.4260604718149044,0.7607014747262075,2,1.0,1.0,42.335336847722175,1402.8899391160298,1399.9195988308143,0.0,202122-UECL-knockout-round-play-offs-007,2022-02-24 17:45:00+00:00,Knockout round play-offs,1603.73,1616.02,False,0.3982523327139243,0.8173763734092517,1.2959576983401802,0.5254646876404926,0.3758537578304693,0.29922185962004655,0.32492438254948414,0.5846681072639889,0.9785551531900184,0.22518376267613527,0.16576703666891135
2,202122-0195,2021/22,UCL,ROUND_OF_16,84,13,1.0,0.8003112630400937,0.7202875591959316,0.16004740768832432,0.11966503311574414,0.11817394239891432,0.32810475893397595,6,1.0,1.0,20.763831828867264,2168.443871365983,1757.249799353411,0.0,202122-UCL-round-of-16-003,2022-03-08 20:00:00+00:00,Round of 16,1995.64,1771.51,False,0.6963288755940094,0.2618075520227704,0.5399646196354407,0.8119742756345608,0.7203710448291861,0.1832064616107493,0.09642249356006453,0.12105425741019267,0.32798885967357555,0.03535367302314811,0.03987559166864265
2,202122-0796,2021/22,UECL,ROUND_OF_16,156,53,0.5,0.5210576926260937,0.39128827436383595,0.25953883652451554,0.34917288911164857,0.8233109547606724,1.348848928519983,0,1.0,1.0,-2.189599649177895,1552.840817452722,1667.4031597784515,0.0,202122-UECL-round-of-16-005,2022-03-10 20:00:00+00:00,Round of 16,1747.29,1601.85,False,0.5654922109181942,0.8399112809823323,1.364379452060801,0.7330032836851881,0.6155776018100362,0.23485136375030372,0.14957103443966008,0.9867597137483155,1.4488024596266798,0.05429053020808023,0.0004434264187350407
2,202122-0800,2021/22,UECL,ROUND_OF_16,166,153,1.0,0.5589049639759687,0.43070925726209397,0.2563914134277494,0.3128993293101566,0.4877344969293017,0.8423219936260197,1,1.0,1.0,45.86549691277807,1445.225275963752,1498.3244696417353,0.0,202122-UECL-round-of-16-007,2022-03-10 20:00:00+00:00,Round of 16,1633.38,1700.53,False,0.451880712350144,0.7003998994012529,1.1298405920715229,0.4467396770469364,0.2984416742475752,0.2965960055987224,0.40496232015370237,0.7441477557139324,1.2091807613973231,0.30609698495412824,0.1945648308050415
2,202122-0203,2021/22,UCL,ROUND_OF_16,154,174,0.0,0.738347188982684,0.6369127192608949,0.2028689394435784,0.16021834129552676,1.1520468528437062,1.8312177609167948,1,1.0,1.0,-76.77406896730227,2091.3629105713317,1821.6295281044663,0.0,202122-UCL-round-of-16-007,2022-03-15 20:00:00+00:00,Round of 16,1895.91,1752.68,False,0.667622518399664,0.9787294994796386,1.5522964490912876,0.7305061419586706,0.612385990847073,0.23624030222319503,0.1513737069297319,1.1509926674704425,1.8880036193106375,0.5336392234393413,0.5451565714786313
2,202122-0201,2021/22,UCL,ROUND_OF_16,118,215,0.0,0.7111285045695085,0.6016020585175526,0.2190528921039118,0.17934504937853563,1.083383754331163,1.7184436785153703,3,1.0,1.0,-73.94384331530837,2044.3905767899616,1829.703821948462,0.0,202122-UCL-round-of-16-006,2022-03-16 20:00:00+00:00,Round of 16,1836.96,1818.8,False,0.6704009358433575,0.9852440012403989,1.5624566470433194,0.5688672965136307,0.42171291923108845,0.2943087545650844,0.2839783262038271,0.7771464666059306,1.2588573599168664,0.32361000104272697,0.5057037500112654
2,202122-0797,2021/22,UECL,ROUND_OF_16,53,156,0.0,0.6600254701727514,0.5433417087468366,0.23336752285182946,0.22329076840133388,0.9529578436365218,1.4992804626774323,4,1.0,1.0,-68.63009939407695,1669.5927594276293,1550.6512178035441,0.0,202122-UECL-round-of-16-005,2022-03-17 17:45:00+00:00,Round of 16,1619.85,1751.17,False,0.5867485312964581,0.783935025292252,1.2476996085215017,0.35818630655197753,0.22025298074159935,0.27586665162075635,0.5038803676376443,0.37074847461736604,0.685416404884813,0.1282974302013472,0.43563362127676153
2,202122-0801,2021/22,UECL,ROUND_OF_16,153,166,0.5,0.5677312249163328,0.44011673470723955,0.2552289804181865,0.304654284874574,0.8412008450707349,1.365594174326517,0,1.0,1.0,-7.042759572405369,1452.4589727289572,1491.09077287653,0.0,202122-UECL-round-of-16-007,2022-03-17 17:45:00+00:00,Round of 16,1686.93,1639.74,False,0.6914906328888573,0.9815793970393268,1.5056880335815808,0.6092930019487389,0.4664599781137192,0.2856660476700395,0.24787397421624133,0.7892994137269476,1.2529318159041511,0.01194496027496705,0.004587518828666856
2,202122-0212,2021/22,UCL,QUARTERFINAL,174,58,0.0,0.4406915509514287,0.3031494496517401,0.27508420259937716,0.4217663477488828,0.501925063939554,0.8633037966027514,2,1.0,1.0,-45.82354213695783,1898.4035970717687,2143.052898679582,0.0,202122-UCL-quarter-finals-004,2022-04-05 19:00:00+00:00,Quarter Finals,1773.85,2033.88,False,0.44169515743690946,0.5038321435609011,0.8658818730335847,0.21012715615853755,0.11054291551657967,0.19916848128391576,0.6902886031995045,0.14780896941596117,0.3706455033329371,0.044153421755274425,0.1942090430799757
2,202122-0206,2021/22,UCL,QUARTERFINAL,56,212,0.0,0.5883263204500727,0.4537659267657027,0.26912078736873996,0.2771132858655573,0.8008947159595992,1.2833288821580808,2,1.0,1.0,-61.17475108660887,2069.5022733705678,2074.083771206295,0.0,202122-UCL-quarter-finals-001,2022-04-06 19:00:00+00:00,Quarter Finals,1960.77,1944.33,False,0.5742050914821313,0.7706540295160019,1.2391209454398657,0.5664373385583804,0.4190856905312129,0.29470329605433493,0.2862110134144521,0.771977566084136,1.2510259310682037,0.32085125851310126,0.34612785933432166
2,202122-0210,2021/22,UCL,QUARTERFINAL,215,84,1.0,0.41585293495205095,0.2807917712748482,0.2701223273544054,0.44908590137074633,0.7919046948113065,1.2701419118366197,1,1.0,1.0,60.74018798775465,1903.6476652637705,2189.20770319485,0.0,202122-UCL-quarter-finals-003,2022-04-06 19:00:00+00:00,Quarter Finals,1831.94,1993.0,False,0.46467143426531216,0.6892910633417478,1.1222559184011542,0.31985418134906207,0.18932569093551205,0.26105698082710005,0.549617328237388,1.0274227901145503,1.664286514521,0.46259833462835453,0.34122779360413275
2,202122-0381,2021/22,UEL,QUARTERFINAL,87,116,0.5,0.5716278634310673,0.45409052782452314,0.23507467121308834,0.3108348009623885,0.8879272395690466,1.447852065466839,0,1.0,1.0,-7.447935888554237,1861.5642400246732,1893.7870420726772,0.0,202122-UEL-quarter-finals-001,2022-04-07 16:45:00+00:00,Quarter Finals,1810.31,1794.35,False,0.6219647429328035,0.929015963304841,1.4884616808051854,0.5657586349820858,0.4183531538269101,0.29481096231035137,0.2868358838627385,0.7545857644658933,1.2214209337736839,0.004324198074707197,0.00513055081969963
2,202122-0211,2021/22,UCL,QUARTERFINAL,84,215,0.5,0.6846786883075537,0.5681311263668842,0.23309512388133913,0.1987737497517767,0.950427069351865,1.4563086517291957,0,1.0,1.0,-19.203072165075405,2128.4675152070954,1964.387853251525,0.0,202122-UCL-quarter-finals-003,2022-04-12 19:00:00+00:00,Quarter Finals,1993.0,1831.94,False,0.6803917761834665,0.9424398780656607,1.4472800232897567,0.7502282081996176,0.6377967019068922,0.2248630125854506,0.13734028550765714,1.0264843362447371,1.4922638951453138,0.06261415617879115,0.034106217914998585
2,202122-0207,2021/22,UCL,QUARTERFINAL,212,56,0.0,0.6644576267285447,0.5431267451612619,0.24266176313456553,0.21421149170417253,0.9713349723668241,1.5407914729949967,1,1.0,1.0,-69.09095940433471,2135.2585222929038,2008.3275222839588,0.0,202122-UCL-quarter-finals-001,2022-04-12 19:00:00+00:00,Quarter Finals,1944.33,1960.77,False,0.5781037333078346,0.7789647754200785,1.25122760733342,0.5195045062648322,0.36973276172361313,0.29954348908243816,0.33072374919394865,0.6743593168364554,1.1064718466532462,0.2698849320294671,0.44150393771773006
2,202122-0213,2021/22,UCL,QUARTERFINAL,58,174,0.5,0.7689661319992098,0.6776218005015555,0.18268866299530873,0.1396895365031358,1.1466822927198268,1.6999718700943498,0,1.0,1.0,-27.96736369569918,2188.87644081654,1852.5800549348107,0.0,202122-UCL-quarter-finals-004,2022-04-13 19:00:00+00:00,Quarter Finals,2033.88,1773.85,False,0.700212057575856,0.9809805251387393,1.4914126785079844,0.8415153999865683,0.7614950610433597,0.1600406778864171,0.07846426107022313,1.291563031064236,1.8323272592708995,0.11663276842798576,0.07234278016261636
2,202122-0382,2021/22,UEL,QUARTERFINAL,116,87,0.0,0.6189928278391875,0.5057892885162274,0.22640707864592013,0.2678036328378524,0.8431944897241779,1.3175012803284554,2,1.0,1.0,-64.3634847723457,1901.2349779612314,1854.116304136119,0.0,202122-UEL-quarter-finals-001,2022-04-14 16:45:00+00:00,Quarter Finals,1794.35,1810.31,False,0.5289991054724696,0.6454998214666666,1.0458171561750254,0.5201941930294499,0.3704388762887163,0.29951063348146717,0.3300504902298165,0.6757639262758259,1.1085096355286104,0.2706019984615606,0.38315212091635403
2,202122-0216,2021/22,UCL,SEMIFINAL,58,215,1.0,0.6917239011058768,0.5769630341025463,0.22952173400666084,0.19351523189079278,0.26908864587089504,0.5499770802064932,2,1.0,1.0,32.05485282618631,2160.9090771208407,1983.5909254166004,0.0,202122-UCL-semi-finals-002,2022-04-27 19:00:00+00:00,Semi Finals,2044.28,1829.09,False,0.6761130185950471,0.2942535354319027,0.5843352323101569,0.8039909367806451,0.7094372305675096,0.18910741242627097,0.10145535700621937,0.13048152588009773,0.34328325624991646,0.03841955286412905,0.09503415314937924
2,202122-0217,2021/22,UCL,SEMIFINAL,215,58,0.0,0.442661795041919,0.3049593682854938,0.2754048535128504,0.4196357782016559,0.5056706795871195,0.8683681386935854,1,1.0,1.0,-46.028410060805605,1951.536072590414,2192.963929947027,0.0,202122-UCL-semi-finals-002,2022-05-03 19:00:00+00:00,Semi Finals,1822.89,2055.51,False,0.46955198956796335,0.5574709245292918,0.9388005212348661,0.23751093934981762,0.12885124352642668,0.21731939164678185,0.6538293648267914,0.18366446960025654,0.4249088716186648,0.056411446310832745,0.1959494647897339
2,202122-0218,2021/22,UCL,FINAL,58,212,0.0,0.6021436338829937,0.4694084553430408,0.26547035707990585,0.26512118757705333,0.8308656773838325,1.327568245919479,1,1.0,1.0,-62.61148896584903,2238.9923400078324,2071.9043762238243,0.0,202122-UCL-final-001,2022-05-28 19:00:00+00:00,Final,2044.17,1983.23,True,0.49966171820646044,0.6169235307070543,1.020711794795549,0.5868112818606169,0.44133300105558704,0.29095656161005984,0.2677104373343532,0.8156785421537236,1.3178493402941258,0.3443474805189004,0.36257695582581684
3,202223-0076,2022/23,UCL,QUALIFYING,176,53,1.0,0.8198436817736868,0.7430396717743715,0.15360801999863066,0.10335230822699784,0.10030573370557083,0.2970058416462205,3,1.0,1.0,18.732831663460967,1796.3285998070214,1333.9088542891723,0.0,202223-UCL-3rd-qualifying-round-010,2022-08-02 19:00:00+00:00,3rd Qualifying Round,1764.03,1577.11,False,0.7803637610035558,0.1441408224825298,0.3692714376727606,0.7669426146968082,0.6596976304215094,0.21448996855059763,0.12581240102789293,0.1776404096019753,0.41597368466288626,0.05431574484436038,0.032456298996860616
3,202223-0578,2022/23,UECL,QUALIFYING,190,155,1.0,0.3477873949723409,0.22679096374951913,0.24199286244564355,0.5312161738048373,0.9386033825258847,1.483726550296523,1,1.0,1.0,67.81770997019629,1207.6702767458974,1609.7381525300518,0.0,202223-UECL-3rd-qualifying-round-012,2022-08-04 19:00:00+00:00,3rd Qualifying Round,1302.82,1639.08,False,0.41401649955054753,0.7942255917327238,1.272320835030812,0.13936922134717702,0.06740195645422187,0.14393452978591031,0.7886635137598679,1.5124463976261655,2.6970812339744556,0.7406853371645644,0.42538128215696525
3,202223-0077,2022/23,UCL,QUALIFYING,53,176,0.0,0.29496673301904913,0.1868268261148677,0.21627981380836286,0.5968933600767695,0.2441761839673321,0.5160168078821887,2,1.0,1.0,-30.670931835016994,1315.1760226257113,1815.0614314704824,0.0,202223-UCL-3rd-qualifying-round-010,2022-08-09 17:45:00+00:00,3rd Qualifying Round,1577.11,1764.03,False,0.3774797840583521,0.374570472108201,0.6924953097436414,0.276704288509667,0.15662087337165143,0.24016683027603114,0.6032122963523174,0.239650686106536,0.5054860772967008,0.07656526327964103,0.087005373587931
3,202223-0579,2022/23,UECL,QUALIFYING,155,190,1.0,0.7367624872994593,0.6411023612975804,0.1913202520037577,0.1675773866986619,0.19349313442570676,0.44456614479873385,7,1.0,1.0,27.371696210691997,1541.9204425598555,1275.4879867160937,0.0,202223-UECL-3rd-qualifying-round-012,2022-08-11 19:00:00+00:00,3rd Qualifying Round,1639.08,1302.82,False,0.7530441291263348,0.17038123420515675,0.41064374147449473,0.8860281680802176,0.8254388160110387,0.12117870413835756,0.05338247985060366,0.04800557444727969,0.19184013585996185,0.012989578471151139,0.06929398809276735
3,202223-0084,2022/23,UCL,QUALIFYING,52,225,1.0,0.8287372051770645,0.7549326432122307,0.1476091239296675,0.09745823285810175,0.09134456998205172,0.28112674800137977,1,1.0,1.0,17.80807432799389,1613.9624498794144,1126.780140145582,0.0,202223-UCL-qualifying-play-off-round-004,2022-08-16 19:00:00+00:00,Qualifying Play-off Round,1574.47,1574.73,False,0.8006996244988543,0.12075681819073024,0.3316783192104409,0.5283776149844818,0.37886078840380627,0.299033653161351,0.32210555843484273,0.5789870366799863,0.9705864542943415,0.2224276740477257,0.0293309448905629
3,202223-0237,2022/23,UEL,QUALIFYING,70,54,1.0,0.5460260135200646,0.42704284260192826,0.2379663418362728,0.334990815561799,0.49712673057137585,0.8508709368242666,1,1.0,1.0,47.20466288412876,1103.6477536636482,1177.750577922133,0.0,202223-UEL-qualifying-play-off-round-005,2022-08-18 16:00:00+00:00,Qualifying Play-off Round,1287.2,1464.45,False,0.5451600212815193,0.4987549099453558,0.852989820418631,0.2879822971408628,0.16495320093626203,0.24605819240920157,0.5889886066545365,1.1047553694471306,1.8020934760016687,0.5069692091848026,0.20609238040048453
3,202223-0233,2022/23,UEL,QUALIFYING,12,221,0.0,0.5104144229346342,0.3904664838330637,0.239895878203141,0.36963763796379523,0.6073708148476757,0.9952321100817423,2,1.0,1.0,-53.073395135805704,1081.3202715321677,1213.0657384820645,0.0,202223-UEL-qualifying-play-off-round-003,2022-08-18 19:00:00+00:00,Qualifying Play-off Round,1503.56,1565.94,False,0.5380823597368699,0.6644657353386652,1.0711515070863,0.43931097622941334,0.2915208707931495,0.2955802108725277,0.41289891833432274,0.5170397592604523,0.8845524657730522,0.19299413383564018,0.2605228831396957
3,202223-0652,2022/23,UECL,QUALIFYING,155,178,1.0,0.7283319133433693,0.629756190916276,0.1971514448541867,0.17309236422953733,0.2059101369274893,0.4624225330454151,4,1.0,1.0,28.24831560600735,1569.2921387705476,1320.2105918548477,0.0,202223-UECL-qualifying-play-off-round-017,2022-08-18 19:00:00+00:00,Qualifying Play-off Round,1657.13,1518.76,False,0.7249017663875122,0.21104623408417597,0.46974450535396484,0.7133378901779219,0.5906457234092621,0.2453843335373195,0.16396994305341833,0.25467053713362203,0.5265388940958959,0.08217516520764515,0.07380354930767459
3,202223-0085,2022/23,UCL,QUALIFYING,225,52,0.5,0.2832879168581309,0.17770926288756883,0.21115730794112408,0.6111334291713071,1.0273374431814186,1.5551518880134447,0,1.0,1.0,22.53393615557166,1108.9720658175881,1631.7705242074082,0.0,202223-UCL-qualifying-play-off-round-004,2022-08-24 19:00:00+00:00,Qualifying Play-off Round,1574.73,1574.47,False,0.34906664485796357,0.920400220123318,1.4426197174462174,0.529123480705159,0.37963238698218926,0.29898218744593946,0.3213854255718712,0.7388353145338874,1.2073712811254373,0.0008481771283837698,0.046964126979688395
3,202223-0238,2022/23,UEL,QUALIFYING,54,70,0.5,0.5788490055997338,0.46183324512808593,0.23403152094329582,0.30413523392861824,0.8924958977307947,1.4522994678104446,0,1.0,1.0,-8.198797373709699,1130.5459150380043,1150.852416547777,0.0,202223-UEL-qualifying-play-off-round-005,2022-08-25 16:30:00+00:00,Qualifying Play-off Round,1464.45,1287.2,False,0.6425374858526055,0.9520742008864508,1.5118768925730472,0.756845533173444,0.6464273099201345,0.2208364465066191,0.1327362435732464,1.0425830204609507,1.510332912500773,0.06596962791115075,0.00621716568406686
3,202223-0234,2022/23,UEL,QUALIFYING,221,12,1.0,0.7228062697216256,0.6266347339587133,0.19234307152582483,0.18102219451546192,0.20916651395726313,0.4673914695734376,3,1.0,1.0,28.822877479926035,1266.1391336178701,1028.246876396362,0.0,202223-UEL-qualifying-play-off-round-003,2022-08-25 17:00:00+00:00,Qualifying Play-off Round,1565.94,1503.56,False,0.649058506793942,0.318044912863735,0.6166985720861048,0.616381471401117,0.4745082595324104,0.28374642373741316,0.24174531673017643,0.4150944004444015,0.7454762542714061,0.14716317548437202,0.07683636410564015
3,202223-0653,2022/23,UECL,QUALIFYING,178,155,0.0,0.40384506280185595,0.2715392555661033,0.2646116144715053,0.4638491299623914,0.4312106292686947,0.7681959305720331,1,1.0,1.0,-41.992207956223886,1291.9622762488405,1597.5404543765549,0.0,202223-UECL-qualifying-play-off-round-017,2022-08-25 19:00:00+00:00,Qualifying Play-off Round,1518.76,1657.13,False,0.44982456727924164,0.518767139814174,0.8860407562142619,0.33595058333769495,0.20209791000204053,0.26770534667130885,0.5301967433266506,0.33322481784448355,0.6345071274949058,0.11286279444493752,0.16309083474943498
3,202223-0100,2022/23,UCL,LEAGUE,189,209,0.0,0.2962304465265357,0.1878219026063787,0.21681708784031398,0.5953610095533073,0.24601942926795312,0.518587318682986,3,1.0,1.0,-30.802334011968952,1486.9839427463048,1984.422279439297,0.0,,2022-09-06 19:00:00+00:00,Group Stage,1647.3,1993.74,False,0.3442657841075617,0.3197180283429295,0.6192540781234658,0.1324877212714048,0.06352688628117559,0.1379216699804584,0.798551443738366,0.06363957315067664,0.2249558879315864,0.017552996287689446,0.08775247744931072
3,202223-0091,2022/23,UCL,LEAGUE,121,58,1.0,0.4651762924873478,0.3358068916019097,0.2587388017708762,0.40545430662721405,0.672491447547901,1.0912190116132865,3,1.0,1.0,55.61149662193353,1767.1787092749312,1971.977689251469,0.0,,2022-09-07 19:00:00+00:00,Group Stage,1804.87,2013.16,False,0.4901226783211728,0.6212706398916927,1.0211696682526292,0.2527716401683851,0.13944475731140338,0.22665376571396345,0.6339014769746332,1.193758337741771,1.9700867610875545,0.5583502217366454,0.2860363981175789
3,202223-0666,2022/23,UECL,LEAGUE,26,54,1.0,0.6519808423365147,0.5309279969808809,0.24210569071126742,0.22696631230785164,0.3301574164137736,0.6331288658406234,1,1.0,1.0,36.18737527695183,1226.914559709829,1122.3471176642945,0.0,,2022-09-08 16:45:00+00:00,Group Stage,1549.46,1442.71,False,0.5621203992293613,0.4957149745123133,0.8548443983330667,0.6747244358007763,0.5430416128803162,0.2633656458409204,0.19359274127876344,0.3156505804440542,0.61056932684582,0.10580419266512327,0.12111733410080187
3,202223-0250,2022/23,UEL,LEAGUE,159,168,0.5,0.6987047607839283,0.5976568801238634,0.20209576132012974,0.20024735855600684,1.0339439250713514,1.5990136279734533,0,1.0,1.0,-20.661517015559983,1578.9203582213,1388.318166251972,0.0,,2022-09-08 16:45:00+00:00,Group Stage,1771.67,1600.46,False,0.6865747302687253,1.0138877889324338,1.5770565186965289,0.7503899751814632,0.6380070589842874,0.22476583239435147,0.13722710862136106,1.0268723012775818,1.492696163642753,0.06269513967137377,0.03948358195819816
3,202223-0259,2022/23,UEL,LEAGUE,120,158,1.0,0.588635683198875,0.4724066996802181,0.23245796703731392,0.295135333282468,0.419496261933194,0.7499150125405759,2,1.0,1.0,42.7740674035632,1684.4325585345796,1688.4989867693243,0.0,,2022-09-08 19:00:00+00:00,Group Stage,1738.1,1736.24,False,0.5927534300801413,0.4122553247949144,0.7404841735439941,0.5314176222063642,0.38200986239742535,0.2988155196178778,0.3191746179846969,0.5730749617042287,0.9623088529145282,0.2195694447787376,0.1692206011372563
3,202223-0260,2022/23,UEL,LEAGUE,15,53,1.0,0.4419736484116861,0.3235898360014384,0.2367676248204954,0.4396425391780662,0.7068751803786373,1.128278503433728,1,1.0,1.0,58.0241304384759,1041.9524210268708,1284.5050907906943,0.0,,2022-09-08 19:00:00+00:00,Group Stage,1540.13,1544.14,False,0.4519286205372491,0.6855745913545869,1.0994991853992535,0.5229952265987938,0.3733124948665918,0.2993654634644041,0.32732204166900414,0.5894966287679583,0.9853394222405804,0.22753355384753604,0.31139340906696455
3,202223-0107,2022/23,UCL,LEAGUE,58,156,1.0,0.5573586774748184,0.4290694867732817,0.2565783814030734,0.31435213182364496,0.4906113795188152,0.8461363993399711,1,1.0,1.0,46.02628130832252,1916.3661926295354,1971.9934094482828,0.0,,2022-09-13 19:00:00+00:00,Group Stage,2013.16,1886.71,False,0.6105578330309249,0.39505746801700564,0.7196681511473708,0.699103819539115,0.5728892181121538,0.25242920285392256,0.17468157903392367,0.27665777651209905,0.5570629175873365,0.09053851141594944,0.19593134040684185
3,202223-0114,2022/23,UCL,LEAGUE,57,13,0.5,0.6735890853816652,0.5592583340747596,0.22866150261381124,0.2120801633114292,0.9527109574522614,1.4755125235008937,0,1.0,1.0,-18.049964314789904,1909.2928927588578,1765.7338009226025,0.0,,2022-09-14 19:00:00+00:00,Group Stage,1873.87,1747.41,False,0.6808486728880122,0.9640601361387803,1.4872844064772976,0.6991159285611493,0.5729042203652106,0.2524234163918775,0.1746723632429119,0.9176004285523257,1.3766473776902073,0.03964715300676873,0.030133170563643043
3,202223-0116,2022/23,UCL,LEAGUE,209,89,1.0,0.6963194952584445,0.5863609942520803,0.21991700201272837,0.19372200373519133,0.2569889295815714,0.5338196479275259,2,1.0,1.0,31.576998413411893,2015.224613451266,1829.180679666266,0.0,,2022-09-14 19:00:00+00:00,Group Stage,1993.74,1800.84,False,0.636383591409109,0.35130638728340313,0.661540296309666,0.7730389319612323,0.6677690869811506,0.21053968996016345,0.12169122305868597,0.16951309438337891,0.40381284337789325,0.05151132640529814,0.09222184896008591
3,202223-0118,2022/23,UCL,LEAGUE,52,211,0.5,0.4264539466813112,0.299266638099864,0.2543746171628944,0.4463587447372416,0.8447538612139811,1.3689472277971448,0,1.0,1.0,7.647391165044884,1581.462978607275,1849.4889716603307,0.0,,2022-09-14 19:00:00+00:00,Group Stage,1568.34,1799.17,False,0.44540617106816544,0.8342567310174155,1.3590672289103032,0.22905850492032337,0.12310408117392964,0.21190884749278746,0.6649870713332829,1.0784500845022407,1.5515990614280948,0.07340929375601044,0.005409021958755415
3,202223-0120,2022/23,UCL,LEAGUE,119,176,0.0,0.5809474898321355,0.4543547878093998,0.2531854040454714,0.2924598081451288,0.7711542451170212,1.2294280298024187,1,1.0,1.0,-60.40749300096478,1914.6468565480616,1931.4802334507126,0.0,,2022-09-14 19:00:00+00:00,Group Stage,1789.29,1793.28,False,0.6713242684883755,0.980339963302637,1.542065407242919,0.5230239479582882,0.3733420092660398,0.2993638773844968,0.32729411334946334,0.6815361968997684,1.1168960831257033,0.2735540501378742,0.3374999859422592
3,202223-0692,2022/23,UECL,LEAGUE,182,224,0.0,0.7507349118312049,0.6600698159103656,0.18133019184167845,0.1585999922479559,1.1765267733944236,1.8413700186593485,1,1.0,1.0,-78.0621566075228,1325.3257162331502,1029.3279103470763,0.0,,2022-09-15 16:45:00+00:00,Group Stage,1479.96,1414.79,False,0.7179210282923258,1.0933283206076199,1.7147368189750747,0.6201719035807128,0.47883667542684016,0.2826704563077454,0.23849286826541446,0.8890802602856934,1.4334158715519207,0.384613189990925,0.563602907842207
3,202223-0276,2022/23,UEL,LEAGUE,53,120,1.0,0.2945335327203256,0.1947974379249926,0.19947218959066607,0.6057303724843414,1.0550496045422697,1.635795040195962,4,1.0,1.0,73.35509909325195,1226.4809603522185,1727.2066259381427,0.0,,2022-09-15 16:45:00+00:00,Group Stage,1544.14,1738.1,False,0.43315449876406814,0.7259667418934158,1.1542329551830819,0.26866738214448255,0.15077625019481466,0.23578226389933576,0.6134414859058497,1.1530847098330528,1.8919583278882866,0.5348473979394044,0.497682936456064
3,202223-0275,2022/23,UEL,LEAGUE,158,15,1.0,0.8483807560328992,0.7866379485964453,0.12348561487290775,0.08987643653064692,0.0688498359031206,0.23998717631841984,6,1.0,1.0,15.765518534903531,1645.7249193657613,1099.9765514653466,0.0,,2022-09-15 16:45:00+00:00,Group Stage,1736.24,1540.13,False,0.8350116255796303,0.08068000892306967,0.2628159927211499,0.776264569311519,0.6720578366656464,0.20841346529174512,0.11952869804260845,0.16526934466309035,0.39741087569575756,0.05005754294536009,0.02298839514115523
3,202223-0123,2022/23,UCL,LEAGUE,156,121,0.0,0.6193473258270665,0.49675409360174394,0.24518646445064515,0.2580594419476109,0.8573568235429883,1.3545653254516268,5,1.0,1.0,-64.40034582277876,1925.9671281399603,1878.2422863301617,0.0,,2022-10-04 19:00:00+00:00,Group Stage,1878.95,1842.03,False,0.6772471315501479,0.9948435602898196,1.5649930220499522,0.5811893889049707,0.4351444190274283,0.29208993975508485,0.2727656412174868,0.8035370109106603,1.2991423095612737,0.33778110577573334,0.38359111000913854
3,202223-0133,2022/23,UCL,LEAGUE,89,189,1.0,0.7580958800569298,0.6627348913741576,0.19072197736554444,0.14654313126029794,0.1715975154661974,0.41138023094323173,2,1.0,1.0,25.153428989921142,1797.6036812528541,1485.5856411042164,0.0,,2022-10-05 16:45:00+00:00,Group Stage,1752.14,1633.85,False,0.7748551409817607,0.15075722688865145,0.37959457166798954,0.6891313104795902,0.5605937020418265,0.2570752168755274,0.1823310810826461,0.2924101849456731,0.5787588746316675,0.09663934212413695,0.05851760324543127
3,202223-0292,2022/23,UEL,LEAGUE,15,120,0.5,0.26030455844338835,0.16788243270083747,0.18484425148510172,0.6472733158140609,1.1116261509113643,1.6882416923513737,0,1.0,1.0,24.92376843280276,1084.211032930443,1653.8515268448907,0.0,,2022-10-06 16:45:00+00:00,Group Stage,1542.49,1717.15,False,0.300348733743109,1.0355646524978768,1.6008062872915334,0.29104905130364384,0.1672453506803082,0.24760740124667127,0.5851472480730204,0.9364629319103956,1.3959108466690522,0.04366049896110727,0.05745390470301903
3,202223-0701,2022/23,UECL,LEAGUE,212,12,1.0,0.9415592152507979,0.9271027026647697,0.028913025172056368,0.04398427216317393,0.0080845951811051,0.07569092919194835,5,1.0,1.0,6.076730440350785,1947.8825814874263,975.7238626727777,0.0,,2022-10-06 19:00:00+00:00,Group Stage,1856.27,1473.62,False,0.886447031552709,0.03346466243198074,0.16172041570686327,0.9103437791361272,0.8613729893815584,0.09794157950913752,0.04068543110930405,0.030465305374300162,0.14922766350390967,0.008038237939591544,0.003415325322102574
3,202223-0291,2022/23,UEL,LEAGUE,53,158,0.5,0.3708557772105367,0.25886132774488607,0.22398889893130122,0.5171497733238126,0.9366463040325703,1.4961587866975576,0,1.0,1.0,13.428543664976875,1299.8360594454705,1661.4904379006648,0.0,,2022-10-06 19:00:00+00:00,Group Stage,1556.25,1733.94,False,0.4310920996943338,0.8863208417588255,1.4462922381779653,0.28746322040119926,0.1645663500105368,0.24579374078132493,0.5896399092081382,0.9435843875313993,1.40326254685578,0.0451718826822292,0.016678230279894533
3,202223-0281,2022/23,UEL,LEAGUE,56,168,1.0,0.7531572701555349,0.663919799803184,0.17847494070470163,0.1576052594921143,0.16964262324345533,0.40959392022954866,3,1.0,1.0,25.666950518586688,1749.37186529453,1448.1377112511761,0.0,,2022-10-06 19:00:00+00:00,Group Stage,1871.76,1573.41,False,0.7371577277333523,0.19006944797256634,0.43981629309542253,0.8620675918061832,0.7907233564279805,0.1426884707564053,0.06658817281561415,0.06859069799049371,0.23480711141654262,0.0190253492301457,0.060931333277067574
3,202223-0149,2022/23,UCL,LEAGUE,189,89,0.0,0.37046784735622235,0.24919270821185843,0.24255027828872783,0.5082570134994137,0.36273880809641557,0.6767680272586818,2,1.0,1.0,-38.5216121731069,1460.4322121142952,1822.7571102427753,0.0,,2022-10-11 19:00:00+00:00,Group Stage,1633.85,1752.14,False,0.38499413124793225,0.3873955638967313,0.7095132354688052,0.36220588783692254,0.223598218245009,0.27721533918382707,0.49918644257116396,0.377658726785673,0.6947756206066824,0.1311931051837333,0.13724642592475325
3,202223-0139,2022/23,UCL,LEAGUE,121,156,1.0,0.638646578913159,0.5186424733122069,0.24000821120190427,0.24134931548588884,0.3475585020288344,0.656540509284783,2,1.0,1.0,37.57388513974877,1942.6426321529405,1861.5667823171816,0.0,,2022-10-12 16:45:00+00:00,Group Stage,1842.03,1878.95,False,0.5065943766181175,0.5882629457543325,0.9765265516266661,0.47566939422892607,0.32602458125523853,0.29928962594737507,0.3746857927973864,0.6842065885961023,1.1207824978346332,0.2749225841482614,0.13057629493116382
3,202223-0717,2022/23,UECL,LEAGUE,12,212,0.0,0.11176493706164432,0.07673266871986271,0.07006453668356322,0.853202794596574,0.03234636126381022,0.15875801696065972,1,1.0,1.0,-11.621428393219107,969.647132232427,1953.959311927777,0.0,,2022-10-13 16:45:00+00:00,Group Stage,1473.62,1856.27,False,0.2162892126766028,0.130219252087742,0.34878149633101097,0.11030973438238911,0.051424836252663586,0.11776979625945105,0.8308053674878854,0.04514106236551539,0.1853597263752848,0.012168237499513238,0.012491401156393318
3,202223-0307,2022/23,UEL,LEAGUE,158,53,0.5,0.7683049428119288,0.6828589631338389,0.17089195935618007,0.14624907750998112,1.1751052992649762,1.7667237387902424,0,1.0,1.0,-27.898612591852377,1648.061894235688,1313.2646031104473,0.0,,2022-10-13 16:45:00+00:00,Group Stage,1733.94,1556.25,False,0.7397992019099631,1.111842460864246,1.688500118587005,0.7573113500380289,0.6470368285530647,0.2205490429699284,0.13241412847700695,1.0437339533394279,1.5116351917290711,0.06620913085839301,0.07198754233731242
3,202223-0297,2022/23,UEL,LEAGUE,168,56,0.0,0.3761289327512412,0.26349407257588753,0.22526972035070736,0.5112362070734051,0.35906561846550433,0.6709235508185861,1,1.0,1.0,-39.110257416201556,1422.4707607325895,1775.0388158131166,0.0,,2022-10-13 16:45:00+00:00,Group Stage,1573.41,1871.76,False,0.4344496202838834,0.46094848400064237,0.8038265522629292,0.16765881248680736,0.08392921143741482,0.1674592020987851,0.7486115864638001,0.09828283136031549,0.2895350061218322,0.02810947740448643,0.14147297405258774
3,202223-0308,2022/23,UEL,LEAGUE,120,15,0.5,0.8399133568999413,0.775373080195455,0.1290805534089726,0.09554636639557242,1.3688332040736058,2.047318624474342,0,1.0,1.0,-35.34452611853222,1628.927758412088,1109.1348013632457,0.0,,2022-10-13 19:00:00+00:00,Group Stage,1717.15,1542.49,False,0.8338504992514079,1.3504403746196334,2.0173904337139548,0.7540912844468081,0.6428287129459053,0.22252514300180554,0.13464614405228917,1.0358254915602019,1.5027151815048103,0.06456238083182872,0.11554109019898687
3,202223-0265,2022/23,UEL,LEAGUE,56,159,1.0,0.6962366050613644,0.5947208315410492,0.20303154704063048,0.20224762141832034,0.2463771138498586,0.5196631742282115,1,1.0,1.0,31.585617417861695,1814.1490732293182,1628.263178531227,0.0,,2022-10-20 17:00:00+00:00,Group Stage,1907.52,1736.29,False,0.6526839445984257,0.3122946521404628,0.6090378782490868,0.7504115388287814,0.6380351020959404,0.224752873465682,0.13721202443837757,0.20035958109625507,0.4493619781916804,0.062294399949816885,0.0922722001046455
3,202223-0178,2022/23,UCL,LEAGUE,13,57,0.0,0.5051704888466036,0.3751843905031583,0.25997219668689064,0.36484341280995103,0.611772760178344,1.0082870234491812,1,1.0,1.0,-52.52812569706218,1821.6476927378258,1961.8527030544258,0.0,,2022-10-25 16:45:00+00:00,Group Stage,1749.99,1900.36,False,0.5024633965494374,0.6063340071804779,1.000923778485075,0.32071888868705684,0.1900039188112192,0.2614299397516753,0.5485661414371055,0.3082396312191684,0.6004474205074002,0.10286060556066075,0.2551972228015165
3,202223-0182,2022/23,UCL,LEAGUE,211,52,1.0,0.7064296177874425,0.5985884750793747,0.21568228541613563,0.18572923950448966,0.24214541098834522,0.5131809368738828,3,1.0,1.0,30.52573790088982,1799.5016871259973,1593.9937948503116,0.0,,2022-10-25 16:45:00+00:00,Group Stage,1748.01,1587.79,False,0.7284510001150952,0.21096036767991752,0.46906051087217776,0.7383537632221194,0.6224412730874072,0.2318249802694246,0.14573374664316827,0.21753173865543213,0.47410599551544774,0.06845875322002674,0.08618356931242709
3,202223-0180,2022/23,UCL,LEAGUE,89,209,1.0,0.4659807678176767,0.33658256805997966,0.2587963995153942,0.4046210324246262,0.6708164452843934,1.0889117868612637,1,1.0,1.0,55.52784648360462,1861.2787224158822,2064.774066809846,0.0,,2022-10-25 19:00:00+00:00,Group Stage,1770.51,1988.95,False,0.5517703813247923,0.5010570805036061,0.8599953005210975,0.2418960427357996,0.1318666343890637,0.22005881669347177,0.6480745489174645,1.2220820442460776,2.0259642126762616,0.5747216100196406,0.2851765403405981
3,202223-0184,2022/23,UCL,LEAGUE,176,119,1.0,0.7074555583835428,0.5998352189097411,0.21524067894760338,0.18492410214265553,0.24065732545210738,0.5111002966355612,1,1.0,1.0,30.419059585787295,1997.9525731018398,1790.4480125539615,0.0,,2022-10-25 19:00:00+00:00,Group Stage,1814.61,1729.74,False,0.5133337700408991,0.5749438672674329,0.9586080611912586,0.6464978366313318,0.509374806313928,0.27424606063480755,0.21637913305126447,0.36274391167322306,0.6745711752296776,0.12496377950632861,0.08558225032068474
3,202223-0171,2022/23,UCL,LEAGUE,156,58,0.0,0.46545143584422094,0.33607210955253847,0.25875865258336495,0.40516923786409653,0.5337241386890317,0.9034504278901079,3,1.0,1.0,-48.39809938962488,1823.992897177433,2028.3459803615124,0.0,,2022-10-26 19:00:00+00:00,Group Stage,1825.57,1988.67,False,0.5788052425303102,0.7664558213398838,1.222734047922989,0.3049682580816696,0.17779068629508854,0.25435514357316213,0.5678541701317493,0.2830560854679216,0.5658906359508351,0.09300563843736784,0.2166450391294469
3,202223-0340,2022/23,UEL,LEAGUE,120,53,1.0,0.729967119113203,0.6353518595323515,0.18923051916170294,0.17541762130594551,0.19954779759335764,0.4535763240516609,1,1.0,1.0,28.078285297201116,1593.5832322935557,1341.1632157022996,0.0,,2022-10-27 16:45:00+00:00,Group Stage,1729.23,1586.85,False,0.7381781096861607,0.18873923144861804,0.4378726978993074,0.718034808448393,0.5965583150654694,0.2429529867658471,0.1604886981686835,0.2475479691611377,0.5165782801681312,0.07950436924673446,0.0729177567600231
3,202223-0329,2022/23,UEL,LEAGUE,159,56,1.0,0.4379987472139557,0.31984394178053444,0.23630961086684257,0.443846447352623,0.7154541645482243,1.1399220840797064,2,1.0,1.0,58.43744458559581,1596.6775611133653,1845.7346906471798,0.0,,2022-10-27 16:45:00+00:00,Group Stage,1736.29,1907.52,False,0.5341145511716081,0.519695954874822,0.8802645957113349,0.29513990065685686,0.17032049683858635,0.249638807636541,0.5800406955248726,1.087134820709342,1.770073341312239,0.49682775964602555,0.31584540813308326
3,202223-0756,2022/23,UECL,LEAGUE,224,182,1.0,0.4264018785481723,0.2909271569553357,0.27094944318567316,0.4381233998589912,0.7681500110100709,1.2346823628869745,3,1.0,1.0,59.643298427849,1119.232358432448,1387.3441853360334,0.0,,2022-10-27 19:00:00+00:00,Group Stage,1435.63,1486.1,False,0.45843511027978595,0.7017638233572496,1.1397974183291852,0.4562622202551944,0.3074100162813975,0.2977044079475938,0.39488557577100863,0.7242434180107624,1.1795728645392667,0.29565077312181065,0.32901480493306573
3,202223-0339,2022/23,UEL,LEAGUE,15,158,1.0,0.3076009942413622,0.20536933540148014,0.20446331767976417,0.5901673469187557,1.0215406387660244,1.5829452847385992,1,1.0,1.0,71.99633155541392,1144.479327481778,1620.1632816438357,0.0,,2022-10-27 19:00:00+00:00,Group Stage,1571.15,1710.38,False,0.2985855872369201,1.0445989932016801,1.619194782474652,0.33484707276541675,0.20121236638990767,0.2672694127510182,0.5315182208590742,0.9920062417058808,1.6033943794748209,0.4424284166087349,0.47941638317555013
3,202223-0155,2022/23,UCL,LEAGUE,58,121,1.0,0.6346852494289162,0.5141181099640555,0.24113427892972145,0.24474761110622303,0.3541283446820614,0.6653022540014264,2,1.0,1.0,37.985788086714,2076.744079751137,2002.5729598065125,0.0,,2022-11-01 20:00:00+00:00,Group Stage,1988.67,1880.22,False,0.691478983393501,0.2642093687896343,0.5437890501777215,0.6768684965766002,0.5456379756253603,0.26246104190247976,0.19190098247215992,0.31215663478413613,0.6057995714561747,0.10441396850466664,0.13345486698481315
3,202223-0164,2022/23,UCL,LEAGUE,209,189,1.0,0.8572647376430667,0.7936365458799146,0.127256383526304,0.07910707059378135,0.06503799096249586,0.23112967331583673,4,1.0,1.0,14.841753364505845,2009.2462203262412,1434.9521004726696,0.0,,2022-11-02 17:45:00+00:00,Group Stage,1972.03,1621.08,False,0.8040607124072591,0.11705413457800537,0.32554147484248763,0.8942927640920068,0.8375728343811957,0.11343985942162212,0.04898730619718219,0.04165094200501236,0.17724705263896762,0.011174019723308138,0.020373355120102594
3,202223-0324,2022/23,UEL,LEAGUE,53,15,1.0,0.6474890300770698,0.5379304767937457,0.21911710656664818,0.2429524166396061,0.3205464274172198,0.6200259524610954,2,1.0,1.0,36.65443834611574,1313.0849304050985,1216.475659037192,0.0,,2022-11-03 17:45:00+00:00,Group Stage,1569.51,1594.94,False,0.7232038162008496,0.20862786355479573,0.466621532407906,0.49218623802490186,0.342222870950624,0.2999267341485558,0.35785039490082027,0.650683702488131,1.0722930847175929,0.2578748168513017,0.12426398391600499
3,202223-0323,2022/23,UEL,LEAGUE,158,120,1.0,0.5463999353199791,0.42743335323887427,0.23793316416220966,0.33463348259891607,0.4964243232677997,0.8499569016152465,1,1.0,1.0,47.16578212656189,1548.1669500884218,1621.6615175907568,0.0,,2022-11-03 17:45:00+00:00,Group Stage,1703.34,1731.89,False,0.5968046550827414,0.4051770394985466,0.7312586791274458,0.48769804415110685,0.33778884702173173,0.29981839425875023,0.36239275871951804,0.6597431922370457,1.0853342916670181,0.2624532939666013,0.20575301867771914
3,202223-0730,2022/23,UECL,LEAGUE,54,26,0.0,0.5681200710102714,0.4319998161384879,0.272240509743567,0.2957596741179451,0.7566931728875874,1.2182080662006445,2,1.0,1.0,-59.07368533974896,1148.491886397602,1186.4847642891175,0.0,,2022-11-03 20:00:00+00:00,Group Stage,1467.77,1512.57,False,0.626622962933072,0.8817064591493053,1.3998791446816738,0.46437042288617886,0.31513210294536476,0.29847663988162826,0.38639125717300693,0.5649122361355181,0.9509048032636078,0.2156398896514886,0.3227604150847158
3,202223-0314,2022/23,UEL,LEAGUE,168,159,0.0,0.3934394685191985,0.27888993901654446,0.22909905900530797,0.4920110019781476,0.388318799033015,0.7092542009956465,1,1.0,1.0,-40.91022399932248,1332.0347334030657,1655.115005698961,0.0,,2022-11-03 20:00:00+00:00,Group Stage,1570.39,1735.47,False,0.4958436571724869,0.5781099245205702,0.956684081513648,0.30255773586166274,0.1759478044625065,0.2532198627983125,0.5708323327391811,0.2792628154328656,0.5606597503810709,0.09154118352973567,0.15479461538866937
3,202223-0188,2022/23,UCL,ROUND_OF_16,27,176,0.0,0.40441696905126956,0.27916774927004945,0.2504984395624402,0.47033381116751033,0.42123037204805724,0.7543125998500175,2,1.0,1.0,-42.05167533212845,1744.9853534991664,2049.6059580419865,0.0,202223-UCL-round-of-16-002,2023-02-15 20:00:00+00:00,Round of 16,1638.76,1839.06,False,0.4953480840122701,0.5921218947995338,0.9817278727685974,0.26155728041987464,0.14567023873233442,0.2317740833750804,0.6225556778925851,0.21740326046781996,0.47392221224528,0.06841221094064094,0.16355308485661552
3,202223-0353,2022/23,UEL,KNOCKOUT_PLAYOFF,156,91,0.5,0.80237492780626,0.7262616143498636,0.1522266269127927,0.12151175873734368,1.2609407321051735,1.8823849019913659,0,1.0,1.0,-31.441243235945038,1824.8287143125006,1408.4077881151113,0.0,202223-UEL-knockout-round-play-offs-005,2023-02-16 17:45:00+00:00,Knockout round play-offs,1792.39,1787.06,False,0.8641069935296645,1.4460224045689047,2.1827680972617856,0.5363883523078302,0.38718281961803747,0.29841106537958545,0.31440611500237703,0.7409887741400699,1.2092833289688005,0.0013241121836787728,0.09143059696584092
3,202223-0357,2022/23,UEL,KNOCKOUT_PLAYOFF,211,159,1.0,0.652441581221452,0.5435960303503944,0.2176911017421153,0.23871286790749033,0.31267783259423304,0.6095488992513219,3,1.0,1.0,36.13946719325366,1801.4116479763832,1696.0252296982835,0.0,202223-UEL-knockout-round-play-offs-007,2023-02-16 20:00:00+00:00,Knockout round play-offs,1720.88,1728.48,False,0.7388479452010294,0.18786801725400606,0.43659802364936856,0.5178374614404906,0.36802836645887516,0.2996181899632308,0.332353443577894,0.5996180168155648,0.9995952610152475,0.2324807135901504,0.12079685446384454
3,202223-0764,2022/23,UECL,KNOCKOUT_PLAYOFF,120,182,1.0,0.7126104883079628,0.6088092081785411,0.20760256025884335,0.1835882315626155,0.2298336974002152,0.4962503474200349,1,1.0,1.0,29.883044887763823,1574.495735464195,1356.8957506854165,0.0,202223-UECL-knockout-round-play-offs-003,2023-02-16 20:00:00+00:00,Knockout round play-offs,1717.81,1459.46,False,0.7494635583728608,0.1753625064835994,0.4180399757449624,0.8323411875131926,0.7486115864638001,0.1674592020987851,0.08392921143741482,0.09828283136031549,0.2895350061218322,0.02810947740448643,0.08259273143058758
3,202223-0190,2022/23,UCL,ROUND_OF_16,58,209,0.0,0.6441036345856519,0.5249018804860653,0.2384035081991731,0.23669461131476155,0.9149933332554037,1.4409845286074394,3,1.0,1.0,-66.97453122548372,2114.729867837851,2024.087973690747,0.0,202223-UCL-round-of-16-003,2023-02-21 20:00:00+00:00,Round of 16,1940.34,1931.71,False,0.5885667862636653,0.7879584351324364,1.2534707531937874,0.5411088758023009,0.39212283960413835,0.29797207239632517,0.3099050879995365,0.7187786648363013,1.1714891961252882,0.29279881547202996,0.41486949208644697
3,202223-0358,2022/23,UEL,KNOCKOUT_PLAYOFF,159,211,1.0,0.4819516032529501,0.36210796067301676,0.23968728515986665,0.39820475416711665,0.6229232747453385,1.0158128777158952,2,1.0,1.0,53.86718326246806,1659.8857625050298,1837.551115169637,0.0,202223-UEL-knockout-round-play-offs-007,2023-02-23 17:45:00+00:00,Knockout round play-offs,1728.48,1720.88,False,0.4323030342582523,0.7278210379871637,1.1567622481594484,0.5396362519410582,0.39057887142181924,0.29811476103847795,0.31130636753970276,0.5571781771772968,0.9401253546246877,0.2119347805268768,0.26837414137218885
3,202223-0765,2022/23,UECL,KNOCKOUT_PLAYOFF,182,120,0.5,0.4207979099801881,0.2860340119851037,0.2695277959901688,0.44443819202472745,0.8129304033734835,1.3110837548414693,0,1.0,1.0,8.235511439968557,1327.0127057976526,1604.3787803519588,0.0,202223-UECL-knockout-round-play-offs-003,2023-02-23 17:45:00+00:00,Knockout round play-offs,1459.46,1717.81,False,0.41867258389162776,0.8148530181202851,1.313184977886036,0.20228837327504837,0.10546770088737853,0.19364134477533967,0.7008909543372819,1.1525858466580179,1.641747569216003,0.08863221268721695,0.006272971063506384
3,202223-0354,2022/23,UEL,KNOCKOUT_PLAYOFF,91,156,1.0,0.37556435258346693,0.26299678315049335,0.22513513886594713,0.5118680779835596,0.8558685016572936,1.3356134782461218,2,1.0,1.0,64.92943452043572,1439.8490313510563,1793.3874710765556,0.0,202223-UEL-knockout-round-play-offs-005,2023-02-23 20:00:00+00:00,Knockout round play-offs,1787.06,1792.39,False,0.25307093933494407,1.16520036127533,1.8180719833661245,0.5210992896968878,0.3713663977123157,0.29946578396914414,0.32916781831854014,0.593211414310032,0.9905661088138108,0.2293458903288254,0.3899198777645049
3,202223-0780,2022/23,UECL,ROUND_OF_16,120,155,0.0,0.5452863277158053,0.40700550507880684,0.27656164527399696,0.3164328496471962,0.7094038738425674,1.1506442253198734,1,1.0,1.0,-56.69941019029468,1596.1432689119902,1671.4490883384697,0.0,202223-UECL-round-of-16-003,2023-03-07 17:45:00+00:00,Round of 16,1747.27,1646.24,False,0.6542982004265948,0.9433125186657094,1.4906931295492798,0.6674567538109822,0.5342818124491294,0.2663498827237057,0.19936830482716492,0.997410426456186,1.6126013868110645,0.44549851820789416,0.29733717919378866
3,202223-0189,2022/23,UCL,ROUND_OF_16,176,27,1.0,0.7912557458152207,0.7053672987398185,0.17177689415080433,0.1228558071093771,0.13140927935646446,0.34903662071831276,4,1.0,1.0,21.705433441673424,2091.657633374115,1702.933678167038,0.0,202223-UCL-round-of-16-002,2023-03-07 20:00:00+00:00,Round of 16,1840.46,1635.7,False,0.6870011748269228,0.2709532906965084,0.5530630582503498,0.7847934949659657,0.6834578958309234,0.20267119827008453,0.113870905898992,0.15424110153027554,0.38059022554813393,0.046313839808963815,0.04357416365515974
3,202223-0788,2022/23,UECL,ROUND_OF_16,26,212,0.5,0.2541544992520533,0.16171916041738793,0.18487067766933074,0.6534101619132814,1.1175337386609014,1.6880987379711734,0,1.0,1.0,25.563257653529813,1258.0346320267204,1840.6540912154678,0.0,202223-UECL-round-of-16-007,2023-03-09 17:45:00+00:00,Round of 16,1526.24,1736.2,False,0.2275647250269711,1.1940751451280165,1.8013155875410272,0.25096021844779415,0.1381727061251364,0.22557502464531548,0.6362522692295481,1.0236426892707966,1.4891024718460517,0.06202081279557041,0.060440010238008664
3,202223-0363,2022/23,UEL,ROUND_OF_16,211,221,1.0,0.7332044937852029,0.639308975027577,0.18779103751525178,0.1728999874571712,0.19525789492940174,0.447367412472434,2,1.0,1.0,27.74165988567409,1783.683931907169,1524.616596947383,0.0,202223-UEL-round-of-16-002,2023-03-09 20:00:00+00:00,Round of 16,1721.93,1657.05,False,0.8648889005125324,0.05538716849334813,0.21220611229679484,0.6197785891312383,0.47838673537980025,0.282783707502876,0.2388295571173237,0.40908658040967166,0.7373358037790293,0.1445683212830317,0.07117984213640983
3,202223-0365,2022/23,UEL,ROUND_OF_16,119,90,1.0,0.7337630549992756,0.639992734622921,0.1875406407527094,0.17246662462436968,0.19452145966754267,0.44629845484454167,1,1.0,1.0,27.683580139706933,1725.9896745578862,1465.770274675548,0.0,202223-UEL-round-of-16-003,2023-03-09 20:00:00+00:00,Round of 16,1797.31,1773.52,False,0.855484178623012,0.062899109268992,0.22797859730360281,0.5626872868275706,0.4150451043854519,0.2952843648842375,0.2896705307303106,0.5132741024220941,0.8793680793911053,0.19124240910223148,0.07088211088331874
3,202223-0778,2022/23,UECL,ROUND_OF_16,117,224,1.0,0.7848141589107613,0.7070841343275814,0.15546004916635983,0.13745581650605876,0.12886163274077667,0.3466056182879588,1,1.0,1.0,22.375236001554825,1581.2861083815108,1208.1121467112353,0.0,202223-UECL-round-of-16-002,2023-03-09 20:00:00+00:00,Round of 16,1680.39,1466.78,False,0.7045481176028635,0.24246952592606058,0.5138646640529586,0.7932728223158524,0.6948781913013157,0.19678926202907338,0.10833254666961092,0.14356127246142725,0.36401871309258343,0.04273612599325314,0.046304946205283075
3,202223-0191,2022/23,UCL,ROUND_OF_16,209,58,1.0,0.6167608973955947,0.49385011311911947,0.24582156855295043,0.2603283183279301,0.3843867848788091,0.7055232225724039,1,1.0,1.0,39.84957989053532,2091.062504916231,2047.7553366123673,0.0,202223-UCL-round-of-16-003,2023-03-15 20:00:00+00:00,Round of 16,1951.17,1929.21,False,0.6009643049609249,0.41175835772725555,0.7417806969444829,0.5600934129035717,0.41226014386821125,0.29566653807072096,0.2920733180610678,0.5181636633437425,0.8861007117366975,0.19351780537082744,0.1468722097650299
3,202223-0364,2022/23,UEL,ROUND_OF_16,221,211,1.0,0.39849917471852564,0.2834443351342794,0.23010967916849245,0.4864459856972282,0.8030321822991293,1.2607395238259669,1,1.0,1.0,62.54464909343911,1496.8749370617088,1811.425591792843,0.0,202223-UEL-round-of-16-002,2023-03-16 17:45:00+00:00,Round of 16,1651.5,1720.08,False,0.25181128585446844,1.1686416141283746,1.8240048977830585,0.430539840405599,0.28343466866812683,0.2942103434749444,0.4223549878569288,0.7784093360420283,1.260773627986074,0.32428487336528067,0.3618032428142948
3,202223-0366,2022/23,UEL,ROUND_OF_16,90,119,0.0,0.39788350178097126,0.2828888358010594,0.2299893319598238,0.48712183223911687,0.3959652012019653,0.7192410183177377,2,1.0,1.0,-41.3723189611824,1438.0866945358412,1753.6732546975932,0.0,202223-UEL-round-of-16-003,2023-03-16 17:45:00+00:00,Round of 16,1765.18,1801.94,False,0.2668330526580483,0.1953074374572243,0.4474392919222747,0.47589911263758405,0.3262476243005776,0.29930297667401295,0.3744493990254095,0.5873333385873669,0.9822986012408876,0.22647996540923993,0.15831128098948816
3,202223-0779,2022/23,UECL,ROUND_OF_16,224,117,0.0,0.33892106001761724,0.22014037110284707,0.23756137782954032,0.5422982510676126,0.31438808220133496,0.6119391501677748,3,1.0,1.0,-35.241346109972085,1185.7369107096804,1603.6613443830656,0.0,202223-UECL-round-of-16-002,2023-03-16 17:45:00+00:00,Round of 16,1441.02,1703.72,False,0.47464120787437936,0.5672633867177225,0.9521805812934797,0.19827773339063035,0.10289952909136768,0.19075640859852533,0.7063440623101069,0.13321013024916312,0.3476528198180644,0.03931405955852589,0.11486748492346531
3,202223-0781,2022/23,UECL,ROUND_OF_16,155,120,1.0,0.6977130957682891,0.5892299340956305,0.21696632334531712,0.19380374255905233,0.2533663231389602,0.5289387910412165,1,1.0,1.0,31.432090457842786,1728.1484985287643,1539.4438587216955,0.0,202223-UECL-round-of-16-003,2023-03-16 20:00:00+00:00,Round of 16,1665.74,1755.95,False,0.5323402137423154,0.5535415583582206,0.933391516981667,0.40031296708066905,0.2562754698000249,0.2880749945612882,0.4556495356386868,0.8437298786404109,1.3615023591272488,0.3596245374515907,0.09137737246999156
3,202223-0789,2022/23,UECL,ROUND_OF_16,212,26,0.0,0.843776687409402,0.7901750484039807,0.10720327801084283,0.10262167358517654,1.4411570106555727,2.2767061250339995,1,1.0,1.0,-87.73673220240366,1815.090833561938,1283.59788968025,0.0,202223-UECL-round-of-16-007,2023-03-16 20:00:00+00:00,Round of 16,1741.02,1526.77,False,0.8797052449793339,1.556682103351607,2.5042290533683005,0.7938763349254218,0.695694315062941,0.1963640397249616,0.10794164521209744,1.3183175244549004,2.226164519994721,0.6302396351546204,0.7119590982155838
3,202223-0202,2022/23,UCL,QUARTERFINAL,209,57,1.0,0.653440969349326,0.5356839175082537,0.23551410368214476,0.22880197880960157,0.3234066630008755,0.624210997997707,2,1.0,1.0,36.0355498299869,2130.912084806766,2023.747479069774,0.0,202223-UCL-quarter-finals-001,2023-04-12 19:00:00+00:00,Quarter Finals,1937.62,1859.51,False,0.6025566103900609,0.40896988776619064,0.738090370711135,0.637554711038141,0.49890749015541286,0.27729444176545626,0.22379806807913089,0.37807148613231495,0.6953345908876704,0.13136658749064548,0.12010316172553477
3,202223-0796,2022/23,UECL,QUARTERFINAL,26,155,1.0,0.3556033153238726,0.23274723062835467,0.24571216939103588,0.5215405999806094,0.9210558797234423,1.4578022613775754,2,1.0,1.0,67.00500286293659,1371.3346218826537,1759.5805889866072,0.0,202223-UECL-quarter-finals-003,2023-04-13 19:00:00+00:00,Quarter Finals,1580.72,1678.14,False,0.36743978540250855,0.894769124460712,1.4190740184937667,0.39039186205642135,0.2476002283984965,0.2855832673158497,0.46681650428565385,0.8655808675502685,1.3959398157226204,0.37162208184703727,0.41524708722158427
3,202223-0203,2022/23,UCL,QUARTERFINAL,57,209,0.0,0.4809792598309201,0.3511673898803415,0.25962373990115717,0.38920887021850126,0.5637888262553952,0.9436391380294272,2,1.0,1.0,-50.012697843381474,1987.7119292397872,2166.947634636753,0.0,202223-UCL-quarter-finals-001,2023-04-18 19:00:00+00:00,Quarter Finals,1827.19,1934.81,False,0.5869568527321062,0.7843955724721708,1.2483597419923504,0.37651160911236775,0.23566123872277772,0.28170074077918006,0.4826380204980423,0.40255494462607694,0.7284883462627277,0.1417609917963844,0.23134104838749975
3,202223-0797,2022/23,UECL,QUARTERFINAL,155,26,1.0,0.7308539729560974,0.633142423297937,0.19542309931632088,0.17143447738574213,0.20216444936662917,0.45705988483494286,2,1.0,1.0,27.98606935988292,1692.5755861236705,1438.3396247455903,0.0,202223-UECL-quarter-finals-003,2023-04-20 16:45:00+00:00,Quarter Finals,1645.95,1596.43,False,0.7876376817895563,0.125416300934646,0.3410534620912305,0.5987331380180766,0.4545820775438145,0.28830212094852414,0.25711580150766133,0.44670735846476617,0.7883767930135144,0.16101509452481996,0.07243958387351712
3,202223-0385,2022/23,UEL,SEMIFINAL,119,211,0.5,0.5849483026434986,0.46841208542206414,0.23307243444286901,0.2985154801350669,0.8966992644611042,1.4564059962916083,0,1.0,1.0,-8.83300829626397,1826.2957993464963,1836.4940215875918,0.0,202223-UEL-semi-finals-001,2023-05-11 19:00:00+00:00,Semi Finals,1822.48,1778.19,False,0.619654375220172,0.9266551258489103,1.4860903109710597,0.5914790313660331,0.44650007927383367,0.2899579041843988,0.2635420165417675,0.7729764931046524,1.2380195245228889,0.008368413179667664,0.007216214122011434
3,202223-0386,2022/23,UEL,SEMIFINAL,211,119,1.0,0.6076682713257495,0.4932326505178816,0.22887124161573577,0.2778961078663826,0.3864214385071441,0.7067743085087063,1,1.0,1.0,40.795040117643396,1845.3270298838556,1817.4627910502325,0.0,202223-UEL-semi-finals-001,2023-05-18 19:00:00+00:00,Semi Finals,1776.45,1833.46,False,0.5694106138143803,0.45391644020969596,0.7946857341103888,0.44693887570247265,0.2986281654495032,0.2966214205059388,0.404750414044558,0.7437296150729317,1.2085560733102905,0.30587660720924503,0.1539241853245257
4,202324-0466,2023/24,UECL,QUALIFYING,180,222,0.5,0.7023002627735122,0.5983333987997265,0.2079337279475714,0.1937328732527021,1.022904261621012,1.5705358656862412,0,1.0,1.0,-21.03538085880252,1426.5146134926192,1229.0023775221712,0.0,202324-UECL-2nd-qualifying-round-008,2023-07-27 17:30:00+00:00,2nd Qualifying Round,1437.83,1530.23,False,0.6882568631421587,0.9957499971758699,1.538166787429601,0.4392826181531124,0.3111996503914496,0.2561659355233256,0.43263441408522474,0.8373068741305155,1.3619298588461615,0.003686600458340753,0.04092539631823209
4,202324-0467,2023/24,UECL,QUALIFYING,222,180,1.0,0.4957235586093926,0.36573544566882343,0.2599762258811384,0.3742883284500381,0.6099709157182504,1.005845032986935,1,1.0,1.0,52.43516176075834,1250.0377583809736,1405.4792326338168,0.0,202324-UECL-2nd-qualifying-round-008,2023-08-03 18:00:00+00:00,2nd Qualifying Round,1531.58,1445.4,False,0.49388675912163527,0.6136633345152581,1.0108458085655667,0.6865232924984309,0.5746145805935476,0.2238174238097666,0.20156799559668578,0.2716766510933096,0.5540557575525796,0.0982676461460243,0.25429472934157465
4,202324-0076,2023/24,UCL,QUALIFYING,157,16,1.0,0.8063621169961517,0.7251681452959409,0.16238794340042173,0.11244391130363746,0.11454602571115194,0.32135172647167687,3,1.0,1.0,20.134658066353808,1657.0939487150936,1230.4564427662715,0.0,202324-UCL-3rd-qualifying-round-010,2023-08-08 18:30:00+00:00,3rd Qualifying Round,1745.08,1590.35,False,0.779978097570596,0.1446002034651574,0.36999219790592575,0.7646817021909907,0.6711110319978453,0.18714134038629088,0.14174762761586382,0.16328222448982552,0.3988206832735081,0.05537470128372957,0.03749562973421205
4,202324-0077,2023/24,UCL,QUALIFYING,16,157,0.0,0.31225666355993065,0.20058539495630817,0.22334253720724498,0.5760720678364468,0.2698312812644139,0.5515225083412123,2,1.0,1.0,-32.46875586630295,1210.3217846999178,1677.2286067814473,0.0,202324-UCL-3rd-qualifying-round-010,2023-08-15 18:30:00+00:00,3rd Qualifying Round,1590.35,1745.08,False,0.3780083513784893,0.3754676970543305,0.6936867880521336,0.353686365282736,0.234818358728908,0.237736013107656,0.527445628163436,0.3349657078663113,0.6397094935161496,0.12509404498691296,0.09750422393757972
4,202324-0640,2023/24,UECL,QUALIFYING,191,55,0.0,0.4136166067721047,0.2884487319361318,0.25033574967194583,0.4612155183919223,0.43615937614106254,0.7738898432957156,5,1.0,1.0,-43.008262736255695,1082.8914546082044,1372.1662753035698,0.0,202324-UECL-qualifying-play-off-round-010,2023-08-23 16:45:00+00:00,Qualifying Play-off Round,1332.84,1816.94,False,0.42002410540638685,0.44787872634969084,0.789393785389879,0.07593670035906074,0.039448135052288474,0.07297713061354452,0.887574734334167,0.019521257311723057,0.11926255347736571,0.0057663824614217745,0.1710786973976699
4,202324-0646,2023/24,UECL,QUALIFYING,15,117,1.0,0.5160365230052236,0.38620366205091194,0.2596657219086234,0.3541306160404647,0.5695807248312367,0.951390426767242,1,1.0,1.0,50.322999687513885,1278.1752907231682,1400.8469966367811,0.0,202324-UECL-qualifying-play-off-round-013,2023-08-24 17:00:00+00:00,Qualifying Play-off Round,1461.47,1749.24,False,0.5164714643885508,0.5687248059110582,0.9502411000870419,0.20282767527099688,0.11874959837511372,0.16815615379176632,0.7130942478331199,1.3133821687147467,2.1307382181774113,0.6354837153138432,0.23422064706487344
4,202324-0652,2023/24,UECL,QUALIFYING,207,26,0.0,0.3767995465873064,0.2565894332358313,0.24042022670295032,0.5029903400612185,0.3706586247286464,0.6871843137164746,1,1.0,1.0,-39.17998850432479,1337.431984882616,1688.8481586742978,0.0,202324-UECL-qualifying-play-off-round-016,2023-08-24 18:30:00+00:00,Qualifying Play-off Round,1684.61,1635.65,False,0.4020251915769966,0.4151935529280624,0.7461599294437904,0.6386846148405568,0.5186859944851631,0.23999724071078748,0.24131676480404943,0.9022340877912485,1.4216448317481998,0.4079180372340304,0.14197789830839969
4,202324-0647,2023/24,UECL,QUALIFYING,117,15,1.0,0.6042106813522296,0.4812308405400092,0.2459596816244407,0.2728094778355501,0.4040426169885271,0.7314082060375724,2,1.0,1.0,41.154563733428304,1350.5239969492673,1328.498290410682,0.0,202324-UECL-qualifying-play-off-round-013,2023-08-31 18:00:00+00:00,Qualifying Play-off Round,1749.24,1461.47,False,0.668546551584289,0.29472487637441824,0.5856540822731198,0.8748303995437496,0.8178892703232556,0.11388225844098793,0.0682284712357564,0.05078861093818466,0.20102831789522987,0.01566742887837735,0.15664918475566636
4,202324-0653,2023/24,UECL,QUALIFYING,26,207,0.5,0.8075746839417044,0.735824259861886,0.14350084815963668,0.12067489197847726,1.2895905680585713,1.9414143332798122,0,1.0,1.0,-31.98191900760444,1728.0281471786225,1298.2519963782913,0.0,202324-UECL-qualifying-play-off-round-016,2023-08-31 18:30:00+00:00,Qualifying Play-off Round,1635.65,1684.61,False,0.7621607087792985,1.1609580467822238,1.7489030990507144,0.5014966758402736,0.3714978406603304,0.2599976703598863,0.3685044889797833,0.8214096518863349,1.3470826081610352,2.240038570858614e-06,0.09460218620183936
4,202324-0641,2023/24,UECL,QUALIFYING,55,191,1.0,0.785699702511195,0.706382471442898,0.15863446213659402,0.13498306642050795,0.12959657387363033,0.34759844392593964,3,1.0,1.0,22.283156304540032,1415.1745380398256,1039.8831918719486,0.0,202324-UECL-qualifying-play-off-round-010,2023-08-31 19:00:00+00:00,Qualifying Play-off Round,1816.94,1332.84,False,0.7484199087178566,0.1765013331864403,0.419752738738429,0.9558296832743328,0.9338756473544017,0.043908071839862284,0.02221628080573604,0.006793911918333272,0.06841198949470899,0.0019510168796457539,0.04592461750379031
4,202324-0098,2023/24,UCL,LEAGUE,156,188,1.0,0.7727109283653582,0.6813839785993038,0.18265389953210867,0.13596212186858753,0.1533643146905032,0.38362928650703276,2,1.0,1.0,23.63374185149277,1813.413308956574,1468.569187869492,0.0,,2023-09-19 19:00:00+00:00,Group Stage,1749.11,1632.8,False,0.7496015111287118,0.18255749446677727,0.4277138051051375,0.7225923841086166,0.6183570162294587,0.2084707357583158,0.17317224801222553,0.21910004221050292,0.4806892921624651,0.07695498535454132,0.05166032208453735
4,202324-0091,2023/24,UCL,LEAGUE,225,51,0.5,0.5772014780394671,0.4503007135094358,0.25380152906006254,0.2958977574305016,0.8471383734726075,1.3712026990546609,0,1.0,1.0,-8.027485832980833,1607.6965367407952,1630.726492446708,0.0,,2023-09-20 16:45:00+00:00,Group Stage,1694.17,1632.45,False,0.51154130718263,0.8219739685787454,1.3476065970446787,0.6554565969877898,0.5380233088322424,0.23486657631109495,0.22711011485666271,0.9264772411629064,1.4487376864532533,0.024166753547024095,0.005960068211478319
4,202324-0094,2023/24,UCL,LEAGUE,209,90,1.0,0.8499055717487123,0.7835712045019247,0.13266873449357502,0.0837600610045002,0.07145816445235198,0.24389334128741802,1,1.0,1.0,15.606966692795812,1967.0467214995774,1416.498866535662,0.0,,2023-09-20 16:45:00+00:00,Group Stage,1919.12,1742.42,False,0.8207793662224293,0.09934651305757222,0.2953284917393772,0.7866736110323407,0.699408125848748,0.17453097036718537,0.12606090378406665,0.13670788588592916,0.3575208361064446,0.04550814822998108,0.022528337392080957
4,202324-0093,2023/24,UCL,LEAGUE,54,157,1.0,0.5924650414011391,0.46691092901942255,0.2511082247634331,0.28198084621714437,0.42675249577611485,0.7616167696556776,4,1.0,1.0,42.37588696066587,1760.195137387819,1757.8761190563655,0.0,,2023-09-20 19:00:00+00:00,Group Stage,1928.77,1776.03,False,0.6449361662238223,0.337216106431928,0.6427211319237376,0.762614137064132,0.6684765532568201,0.1882751676146238,0.14324827912855614,0.16587540395408548,0.40275395671743325,0.05635204792180673,0.16608474248017527
4,202324-0097,2023/24,UCL,LEAGUE,174,13,0.0,0.7065520592625273,0.5987372109190344,0.21562969668698578,0.18563309239397982,1.068175874036218,1.683983174986981,2,1.0,1.0,-73.46798001838519,1928.6211345393463,1722.8751635414542,0.0,,2023-09-20 19:00:00+00:00,Group Stage,1804.49,1733.64,False,0.6918963764918302,1.0311693968228248,1.623272076988647,0.6672267289433078,0.5517684139573087,0.23091662997199833,0.217314956070693,0.9703667506292099,1.5264075672557533,0.44519150781638633,0.49921581244811786
4,202324-0257,2023/24,UEL,LEAGUE,14,57,0.0,0.2901169448720343,0.18302341122355564,0.21418706729695738,0.602789521479487,0.23714983309967308,0.5061871954607001,2,1.0,1.0,-30.166646079979802,1453.7022972229547,1963.036182316759,0.0,,2023-09-21 16:45:00+00:00,Group Stage,1515.66,1961.35,False,0.3380379734672417,0.30977656621834615,0.6058645729164881,0.09298045082986726,0.04912620580132948,0.08770849005707557,0.863165304141595,0.028829897315188906,0.14714906030664862,0.008645364236525364,0.084167841701883
4,202324-0259,2023/24,UEL,LEAGUE,98,212,1.0,0.17882179877521331,0.10246262598504788,0.15271834558033087,0.7448190284346212,1.3836516159487426,2.2782571714314823,2,1.0,1.0,85.38691931927373,1140.6953379773008,1903.8572447625183,0.0,,2023-09-21 16:45:00+00:00,Group Stage,1543.24,1743.33,False,0.2110981576934476,1.2897281150965016,2.0834529331451415,0.29650691819273944,0.18803982405131597,0.2169341882828469,0.5950259876658371,1.0603956953702607,1.6711015085248158,0.494902516150677,0.6743336381667763
4,202324-0673,2023/24,UECL,LEAGUE,26,223,0.5,0.740818882037145,0.6473509586438704,0.18693584678654906,0.1657131945695805,1.1075974437522997,1.676989786300489,0,1.0,1.0,-25.040584882056073,1696.0462281710181,1421.1384330301994,0.0,,2023-09-21 19:00:00+00:00,Group Stage,1655.36,1662.3,False,0.8233393585392742,1.338937551908097,2.0240950548368195,0.5616529748748202,0.4336295413164961,0.2560468671166482,0.3103235915668556,0.8378015745122613,1.3623947765842908,0.003801089310915216,0.057993733945620345
4,202324-0106,2023/24,UCL,LEAGUE,51,85,0.0,0.35849451070149974,0.23890688852233588,0.2391752443583277,0.5219178671193364,0.3428438246770141,0.6502450461624205,1,1.0,1.0,-37.276612818040675,1638.753978279689,2021.9219324916698,0.0,,2023-10-03 19:00:00+00:00,Group Stage,1625.55,1948.58,False,0.40309220469288487,0.4188916583485503,0.7512188105331377,0.17197602668982365,0.09792788476424519,0.14809628385115692,0.7539758313845979,0.09205027144782153,0.2823949653544982,0.029575753756018935,0.12851831420310772
4,202324-0108,2023/24,UCL,LEAGUE,157,211,0.5,0.5008681916539935,0.3708685836075025,0.259999216092982,0.36913220029951543,0.8214032477879978,1.3470766629981468,0,1.0,1.0,-0.09027542450913265,1715.5002320956996,1862.644278354226,0.0,,2023-10-03 19:00:00+00:00,Group Stage,1771.8,1727.12,False,0.4714780402325475,0.8249062919131611,1.3503329625222118,0.6329798624514932,0.5121753572366545,0.24160901042967722,0.24621563233366822,0.8981026272274162,1.4204345187920888,0.017683643817618045,7.537567480640459e-07
4,202324-0110,2023/24,UCL,LEAGUE,120,209,0.0,0.5729260658431665,0.4456915356044347,0.25446906047746365,0.29983940391810165,0.7536203079554814,1.2045082679339836,1,1.0,1.0,-59.573417422789156,1952.5693110229001,1982.6536881923732,0.0,,2023-10-03 19:00:00+00:00,Group Stage,1904.03,1917.37,False,0.5612403124332908,0.7283618912709624,1.1688956542138698,0.5525630532582271,0.42399974803349727,0.25712661044945967,0.3188736415170431,0.7098229963539509,1.142960362765871,0.3053259278260543,0.3282442769225284
4,202324-0115,2023/24,UCL,LEAGUE,188,119,0.0,0.4731980727732651,0.34357161129086,0.2592529229648101,0.3971754657443298,0.5486509492513613,0.9233771167341244,1,1.0,1.0,-49.20360233827772,1444.9354460179993,1636.7473034865202,0.0,,2023-10-04 19:00:00+00:00,Group Stage,1636.63,1758.74,False,0.5114000420228444,0.6243546090347986,1.025359398468512,0.3976902222810453,0.2731332134018343,0.249114017758422,0.47775276883974377,0.4094017165615094,0.7386619002956212,0.15815751289794722,0.22391641607633228
4,202324-0689,2023/24,UECL,LEAGUE,166,26,0.0,0.501683329833141,0.3716851716700941,0.25999631632609377,0.3683185120038121,0.6047694536196435,0.9988071934116775,1,1.0,1.0,-52.16552746333909,1525.1762598212697,1671.0056432889621,0.0,,2023-10-05 16:45:00+00:00,Group Stage,1567.31,1649.32,False,0.43347600563875816,0.4727748969160603,0.8223584596169954,0.45406380749402037,0.3251610770606325,0.2578054608667757,0.41703346207259173,0.5120433660310295,0.8745888156243782,0.20617394127596678,0.25168616343246814
4,202324-0273,2023/24,UEL,LEAGUE,79,14,1.0,0.5103392175679601,0.38039480526631725,0.25988882460328566,0.3597163701303971,0.580848665434431,0.9665456043812295,1,1.0,1.0,50.9154111263262,1291.6688407975976,1423.535651142975,0.0,,2023-10-05 19:00:00+00:00,Group Stage,1584.01,1510.94,False,0.5032902720801561,0.5948323258482946,0.9853838721115709,0.6700581048190296,0.5550963795066425,0.22992345062477434,0.2149801698685832,0.29702049811202547,0.5886135235435687,0.10886165419561045,0.23976768185195754
4,202324-0695,2023/24,UECL,LEAGUE,187,70,0.5,0.5392096576002704,0.41020819646119144,0.25800292227815796,0.33178888126065065,0.828914289519891,1.3547843674651388,0,1.0,1.0,-4.077058871091693,1018.5907724329785,1103.767638644483,0.0,,2023-10-05 19:00:00+00:00,Group Stage,1340.06,1294.35,False,0.5525478654285129,0.8348998472098766,1.3609568514698551,0.6343562132838608,0.5137430411488095,0.2412263442701026,0.24503061458108788,0.899709375040526,1.4220195984096848,0.0180515920479783,0.0015373972491304422
4,202324-0123,2023/24,UCL,LEAGUE,225,85,0.0,0.36032870519097937,0.2404729018996661,0.23971160658262652,0.5198154915177073,0.34586603306485136,0.6542813543760048,2,1.0,1.0,-37.467334170185026,1679.2427361747718,2059.1985453097104,0.0,,2023-10-24 16:45:00+00:00,Group Stage,1721.78,1944.26,False,0.325153457018978,0.2895663951370542,0.5784914724782056,0.2703446462127239,0.16777026860476657,0.20514875521591472,0.6270809761793187,0.2093014731217247,0.46667959807682674,0.07308622773588286,0.12983677578460773
4,202324-0125,2023/24,UCL,LEAGUE,211,54,0.0,0.664654656889974,0.5487524580284627,0.23180439772302272,0.21944314424851458,0.9641315440566584,1.5166621039441646,1,1.0,1.0,-69.11144679485767,1862.734553778735,1735.4471835349805,0.0,,2023-10-24 19:00:00+00:00,Group Stage,1741.37,1932.4,False,0.661200944027405,0.9557892809995202,1.5036750840467525,0.30749983212636195,0.19676911573467895,0.221461432783366,0.581769451481955,0.26268004283117363,0.5416810412058023,0.09455614675774078,0.44176581292552913
4,202324-0126,2023/24,UCL,LEAGUE,90,120,0.0,0.277473445250742,0.1732228403864008,0.2085012097286825,0.6182759498849167,0.21919215732611913,0.48082040033583495,1,1.0,1.0,-28.85196251864519,1358.5778282352833,1892.995893600111,0.0,,2023-10-24 19:00:00+00:00,Group Stage,1683.17,1878.82,False,0.35056844703458473,0.329891507498818,0.6329122002784068,0.30186580066468294,0.19227952435673146,0.21917255261590296,0.5885479230273656,0.2543008349521163,0.5300969230953562,0.0911229616109301,0.07699151281931653
4,202324-0131,2023/24,UCL,LEAGUE,156,119,1.0,0.6545854250714283,0.5370116849665756,0.2351474802097053,0.22784083482371909,0.32156396331963244,0.6217354249957181,2,1.0,1.0,35.916548195187204,1795.1547756348862,1685.950905824798,0.0,,2023-10-25 16:45:00+00:00,Group Stage,1765.73,1774.98,False,0.6809914905074842,0.28010060094776545,0.5655887755057217,0.5583765245211518,0.4301485902010395,0.2564558686402246,0.31339554115873586,0.48871700702805176,0.8436245713790849,0.19503129409401682,0.1193112285730859
4,202324-0288,2023/24,UEL,LEAGUE,16,116,0.5,0.29507269431553174,0.18691019863538139,0.21632499136030067,0.5967648100043179,1.0052101799798403,1.5309734124278507,0,1.0,1.0,21.30854337182528,1221.073701909703,1720.75369229007,0.0,,2023-10-26 16:45:00+00:00,Group Stage,1601.42,1777.16,False,0.39287364418089427,0.8710617004305626,1.3940648668753386,0.3265528707151723,0.21219650217688912,0.22871273707656636,0.5590907607465445,0.9524938762361783,1.4752884861217703,0.030083906657147733,0.0419952006150955
4,202324-0706,2023/24,UECL,LEAGUE,153,55,0.0,0.7238644953107881,0.6255782490069105,0.1965724926077552,0.17784925838533427,1.105920732418123,1.7268189504848444,3,1.0,1.0,-75.2681441945264,1645.5577569724414,1405.5334096468923,0.0,,2023-10-26 16:45:00+00:00,Group Stage,1660.11,1836.85,False,0.7608066185896005,1.203493625007797,1.8852830248013135,0.32528819811400217,0.21116078924749326,0.22825481773301778,0.560584393019489,0.2897752163920083,0.5787754804187029,0.10581241183225433,0.523979807571542
4,202324-0289,2023/24,UEL,LEAGUE,57,79,1.0,0.8826978337437789,0.828855802358913,0.10768406276973176,0.06346013487135527,0.04491338247869758,0.18770908064241557,4,1.0,1.0,12.197194946428224,2007.7896406734044,1342.5842519239238,0.0,,2023-10-26 19:00:00+00:00,Group Stage,1954.83,1598.05,False,0.8593837754045027,0.06323792057229252,0.2274713296807439,0.9122653441482109,0.8706459554207452,0.0832387774549315,0.04611526712432333,0.02578778078315115,0.13851986533845365,0.007697369837431868,0.013759798208402146
4,202324-0704,2023/24,UECL,LEAGUE,166,223,1.0,0.6550740537728874,0.5405125595049391,0.22912298853589658,0.2303644519591643,0.3166938325747688,0.6152374053459455,2,1.0,1.0,35.86574010085841,1473.0107323579307,1362.9352218819358,0.0,,2023-10-26 19:00:00+00:00,Group Stage,1569.39,1638.53,False,0.70841337891911,0.23297059904435663,0.5008673474988896,0.47248315656655004,0.34287688843627134,0.2592125362605574,0.39791057530317125,0.657334748643928,1.070383822087269,0.27827402010599095,0.11897390838066897
4,202324-0147,2023/24,UCL,LEAGUE,119,156,1.0,0.47986411874932994,0.35007495468047534,0.25957832813770926,0.39034671718181535,0.6421540325869746,1.04960799119692,1,1.0,1.0,54.084241960111264,1650.0343576296107,1831.0713238300734,0.0,,2023-11-07 20:00:00+00:00,Group Stage,1777.66,1766.7,False,0.5022990667463216,0.5968081502022408,0.9880504221700624,0.5868391962583233,0.46076054018185486,0.25215731215293674,0.28708214766520834,0.4367786646052271,0.7748768065531,0.17070184974846833,0.2705413349644111
4,202324-0142,2023/24,UCL,LEAGUE,120,90,0.5,0.8625900979380215,0.8009553190818277,0.12326955771238778,0.07577512320578456,1.4159275608961563,2.0933817953833858,0,1.0,1.0,-37.70247601851086,1921.8478561187562,1329.725865716638,0.0,,2023-11-08 17:45:00+00:00,Group Stage,1882.03,1658.03,False,0.799643838970215,1.2213509153818538,1.7920268296183817,0.8288176477542757,0.7550405914010963,0.14755411270635888,0.09740529589254487,1.3062380770950746,1.913560304675245,0.10812104547465493,0.13147157912270405
4,202324-0139,2023/24,UCL,LEAGUE,85,225,1.0,0.8170690709338154,0.7393461247200885,0.1554458924274538,0.10520798285245768,0.10317258782688621,0.30198909864511514,1,1.0,1.0,19.021338435283603,2096.6658794798955,1641.7754020045868,0.0,,2023-11-08 20:00:00+00:00,Group Stage,1963.99,1716.59,False,0.8172336441925807,0.10300160964537876,0.3016931299728412,0.847091888940641,0.7797377342121998,0.13470830945688245,0.08555395633091775,0.07398127381057931,0.24879765402872153,0.023380890427741257,0.03346372480901745
4,202324-0141,2023/24,UCL,LEAGUE,54,211,1.0,0.5976145371609378,0.47256940805081277,0.2500902582202501,0.2773403337289371,0.4176458272934197,0.749570647490769,2,1.0,1.0,41.840437312439626,1804.5586303298383,1793.6231069838773,0.0,,2023-11-08 20:00:00+00:00,Group Stage,1938.42,1740.95,False,0.5246993166597977,0.5527272053490003,0.928827626587682,0.8060510085003882,0.7247579627985227,0.1625860914037311,0.11265594579774621,0.11488377828434657,0.32191752428174575,0.03761621130371647,0.1619140607042063
4,202324-0305,2023/24,UEL,LEAGUE,79,57,1.0,0.20719704096976013,0.12177849883452958,0.1708370842704611,0.7073844168950093,1.3008510277372571,2.1055514677414595,1,1.0,1.0,82.43643364842067,1330.3870569774956,2019.9868356198326,0.0,,2023-11-09 17:45:00+00:00,Group Stage,1593.56,1963.41,False,0.260638447278064,1.1535598421168112,1.8298894479937617,0.1369088883467776,0.07546316913479548,0.12289143842396429,0.8016453924412402,1.512505992486457,2.584110567782185,0.7449262670147951,0.6285365318471042
4,202324-0720,2023/24,UECL,LEAGUE,223,166,0.0,0.4793874654885809,0.34966357657094027,0.25944777783528133,0.39088864559377845,0.5605944082706289,0.9393325534360535,1,1.0,1.0,-49.847181497624284,1327.0694817810775,1508.876472458789,0.0,,2023-11-09 17:45:00+00:00,Group Stage,1619.48,1593.31,False,0.4699955167877596,0.5422811628349951,0.9148183303253451,0.6078943463525359,0.48394776513945326,0.24789316242616538,0.2681590724343814,0.8312476026212215,1.3161749206950673,0.3695355363273769,0.22981234206756534
4,202324-0304,2023/24,UEL,LEAGUE,116,16,1.0,0.8178730196908702,0.7404155131475143,0.15491501308671196,0.10466947376577379,0.10233846583252848,0.30054374611505036,1,1.0,1.0,18.93774305056311,1699.4451489182447,1242.3822452815282,0.0,,2023-11-09 20:00:00+00:00,Group Stage,1784.16,1593.34,False,0.7690184730683621,0.15789503161759547,0.3905991146809332,0.7999963190333431,0.7167951705787919,0.1664022969091024,0.11680253251210568,0.12153753142536212,0.3329651548178968,0.04000147240021227,0.033170236956522145
4,202324-0722,2023/24,UECL,LEAGUE,55,153,1.0,0.5365518947766316,0.40741974053057095,0.2582643084921213,0.3343159509773078,0.5296189720316311,0.8979113214527512,1,1.0,1.0,48.18979109571568,1480.8015538414188,1570.289612777915,0.0,,2023-11-09 20:00:00+00:00,Group Stage,1860.01,1638.68,False,0.4038187737190881,0.8031424839874026,1.2736668581172044,0.82662596965249,0.7521019221592333,0.1490480949865135,0.09884998285425323,0.09344011072654172,0.284883429430092,0.03005855439893931,0.21478414623513037
4,202324-0179,2023/24,UCL,LEAGUE,119,188,1.0,0.7556131453011287,0.6595889469275114,0.19204839674723467,0.148362656325254,0.17477374953898936,0.4161384456725258,2,1.0,1.0,25.411586198634872,1704.118599589722,1397.5402585467025,0.0,,2023-11-28 17:45:00+00:00,Group Stage,1773.96,1634.32,False,0.6730297382409586,0.29238660810154715,0.5823249029466417,0.7486933522669432,0.6508545116670635,0.1956776811997593,0.15346780713317712,0.18374469476922536,0.42946914613231457,0.0631550311948267,0.05972493474960725
4,202324-0172,2023/24,UCL,LEAGUE,211,157,0.0,0.5985355282394736,0.47358433840869835,0.24990237966155063,0.27651328192975105,0.8101663561705701,1.2854964232611348,1,1.0,1.0,-62.2363145822388,1751.7826696714376,1739.3023361017645,0.0,,2023-11-29 17:45:00+00:00,Group Stage,1736.58,1788.55,False,0.7071827020428731,1.0697835707549297,1.6866530978452574,0.49716497248643216,0.36716915192455357,0.25999164112375717,0.3728392069516892,0.5957394999162064,0.9866080328387307,0.24717300986743485,0.3582447785649058
4,202324-0170,2023/24,UCL,LEAGUE,85,51,0.5,0.8264565027142997,0.7518749037598145,0.14916319790897037,0.0989618983312151,1.299032592017638,1.9027142844472602,0,1.0,1.0,-33.94526914735737,2115.687217915179,1634.9500150699707,0.0,,2023-11-29 20:00:00+00:00,Group Stage,1989.7,1643.87,False,0.7613555521726393,1.1232898231037813,1.6662146007509278,0.9070874929292337,0.8632620109169263,0.08765096402461471,0.049087025058458904,1.5800115989666401,2.4343926691059,0.16572022689940893,0.10657384816445158
4,202324-0174,2023/24,UCL,LEAGUE,209,120,1.0,0.7150609077044257,0.6091115285962044,0.21189875821644247,0.17898971318735313,0.22973219823695717,0.4957538940553057,2,1.0,1.0,29.628247861987827,2106.582062536811,1884.1453801002453,0.0,,2023-11-29 20:00:00+00:00,Group Stage,1956.72,1862.81,False,0.6274589554074401,0.3662232715627077,0.6814028879960188,0.6960191676685856,0.5859993949971979,0.22003954534277553,0.1939610596600266,0.25743479512178197,0.5344365218336473,0.09240434642489946,0.08119028631822583
4,202324-0737,2023/24,UECL,LEAGUE,223,26,0.0,0.3033787768628725,0.1980018052604749,0.21075394320479524,0.5912442515347298,0.2507032013661803,0.5255260617860836,5,1.0,1.0,-31.545624450981993,1277.2223002834533,1760.9302487125995,0.0,,2023-11-30 17:45:00+00:00,Group Stage,1591.08,1630.33,False,0.31613104580375184,0.2703937339269587,0.552586960036628,0.5154655586183793,0.3855899340401361,0.25975124915648634,0.3546588168033775,0.6326155514010482,1.0365990310667808,0.2657047421217578,0.09203868225081259
4,202324-0759,2023/24,UECL,LEAGUE,70,187,0.5,0.6180721771813595,0.4970697852161714,0.24200478393037628,0.2609254308534523,0.8897171994253461,1.4187977847135012,0,1.0,1.0,-12.277261441912016,1072.5355013696724,1026.990068284055,0.0,,2023-11-30 17:45:00+00:00,Group Stage,1294.52,1329.77,False,0.635655724483535,0.9116589848351714,1.4426484745611072,0.5212142128198685,0.39144823508916315,0.25953195546141067,0.34901980944942623,0.8233394731253368,1.348875441524419,0.00045004282556667134,0.01394103902434636
4,202324-0321,2023/24,UEL,LEAGUE,57,14,1.0,0.8518604606543685,0.7862394682157587,0.13124198487721941,0.0825185469070218,0.06972733412684026,0.24049386601330972,4,1.0,1.0,15.403695416212427,1937.550401971412,1380.790272205339,0.0,,2023-11-30 20:00:00+00:00,Group Stage,1942.72,1532.39,False,0.8083893434096475,0.11235516527908362,0.3176693408477955,0.9340031310419441,0.9019496642741338,0.06410693353562066,0.03394340219024557,0.014875721815544326,0.10319656505077761,0.004355586712266803,0.021945323117535907
4,202324-0323,2023/24,UEL,LEAGUE,212,98,1.0,0.8897990797929497,0.8388096075488135,0.10197894448827242,0.05921144796291409,0.03988804330737455,0.17577152609911242,1,1.0,1.0,11.458800378035534,1884.1265214192117,1190.511389149228,0.0,,2023-11-30 20:00:00+00:00,Group Stage,1718.73,1568.68,False,0.8895199567376749,0.0400805255206393,0.1762392463789583,0.7597994595188526,0.6648972542853224,0.18980441046706054,0.1452983352476171,0.16943117064399316,0.40812275509748597,0.05769629964743531,0.012144242814480668
4,202324-0157,2023/24,UCL,LEAGUE,157,54,0.5,0.5507111407201912,0.4220483830126256,0.2573255154151312,0.32062610157224314,0.8324913246663868,1.3574133985981158,0,1.0,1.0,-5.272994430204079,1801.5386506840032,1868.0138694113432,0.0,,2023-12-12 17:45:00+00:00,Group Stage,1804.85,1947.97,False,0.5425653748898855,0.8292120576248924,1.3543472813764588,0.3691088376718244,0.2480177357871472,0.24218220376935437,0.5098000604434985,0.8956967111770502,1.4180649279807678,0.017132496375620816,0.0025716197931430367
4,202324-0155,2023/24,UCL,LEAGUE,51,225,1.0,0.6167880011013358,0.4938805084459835,0.2458149853107046,0.2603045062433119,0.3843403827047725,0.7054616767901631,1,1.0,1.0,39.84676162047905,1668.895284217328,1625.5418812113426,0.0,,2023-12-12 20:00:00+00:00,Group Stage,1653.62,1678.74,False,0.6729053129471139,0.2925801105874244,0.5825877519739376,0.5357441198759758,0.406408493770944,0.25867125221006354,0.3349202540189924,0.5314332695393481,0.9003964829093383,0.21553352222973232,0.1468514360999098
4,202324-0158,2023/24,UCL,LEAGUE,90,209,0.0,0.186676516983041,0.10772575158817786,0.15790153078972627,0.7343727176220959,0.10709558412444749,0.30873858957329103,1,1.0,1.0,-19.410808361278775,1394.2561895764304,2136.210310398799,0.0,,2023-12-12 20:00:00+00:00,Group Stage,1654.97,1966.4,False,0.3199267752875521,0.2815079184596938,0.5675107346312573,0.18169405118118248,0.10437976324897526,0.15462857586441445,0.7409916608866104,0.10189045118004574,0.29976590761359884,0.03301272823463016,0.034848121992919597
4,202324-0161,2023/24,UCL,LEAGUE,13,174,0.0,0.5629759239404621,0.43503822677846266,0.255875394323999,0.30908637889753837,0.7320921080039269,1.1741344977916266,2,1.0,1.0,-58.53879185358341,1676.6479626640812,1723.082474113379,0.0,,2023-12-12 20:00:00+00:00,Group Stage,1700.14,1769.4,False,0.48963356853373335,0.580794907700507,0.9664732955226877,0.4723109890030916,0.3427096632946848,0.2592026514168136,0.3980876852885016,0.5469343624184163,0.9210829831682097,0.22307767033307851,0.316941890936617
4,202324-0162,2023/24,UCL,LEAGUE,188,156,1.0,0.37739128961849117,0.2552083954664279,0.2443657883041266,0.5004258162294455,0.8648551702260967,1.3656748304568957,1,1.0,1.0,64.7394678055639,1372.1286723480675,1722.5291105721042,0.0,,2023-12-13 20:00:00+00:00,Group Stage,1617.18,1752.65,False,0.4184937466615875,0.7723816266839205,1.2311787297000272,0.379421385438075,0.2569817706287051,0.2448792296187398,0.49813899975255505,0.8601843893511978,1.3587501280084853,0.38511781685159824,0.3876416062429255
4,202324-0337,2023/24,UEL,LEAGUE,14,79,0.0,0.5690712159702619,0.4415520490655794,0.255038333809365,0.3034096171250556,0.7452509252601307,1.192671514728754,1,1.0,1.0,-59.172586330835315,1365.3865767891266,1401.816022590895,0.0,,2023-12-14 17:45:00+00:00,Group Stage,1530.87,1603.97,False,0.6801295198414042,1.0019396478726894,1.5762800847713796,0.4668053261101379,0.3373783070249582,0.2588540381703595,0.40376765480468235,0.5363225445852373,0.9069156783308505,0.21790721248479222,0.3238420488458725
4,202324-0753,2023/24,UECL,LEAGUE,26,166,1.0,0.711613401203503,0.6100371143615967,0.2031525736838126,0.1868103119545907,0.22824011302235883,0.4942354804499212,2,1.0,1.0,29.98672298834639,1792.4758731635814,1576.836907079471,0.0,,2023-12-14 20:00:00+00:00,Group Stage,1661.11,1612.13,False,0.737924977546184,0.19073483284574116,0.44065725800243793,0.6387111824004102,0.5187163943043286,0.23998957619216335,0.2412940295035081,0.34745171446636053,0.6563979915996224,0.13052960972250963,0.08316683036541171
4,202324-0200,2023/24,UCL,ROUND_OF_16,88,209,0.0,0.46211565021740975,0.3328619666758036,0.25850736708321237,0.4086306662409841,0.5273408366061608,0.8949435474300873,1,1.0,1.0,-48.05124110995051,1945.859688737888,2155.6211187600775,0.0,202324-UCL-round-of-16-008,2024-02-13 20:00:00+00:00,Round of 16,1808.41,1972.29,False,0.567161887561477,0.7411191283405817,1.1868414331900032,0.34174085483877903,0.22476475249290245,0.23395220469175318,0.5412830428153443,0.3156740748520769,0.6138129524473892,0.11678681186593944,0.21355087417585938
4,202324-0196,2023/24,UCL,ROUND_OF_16,119,85,1.0,0.33411430902757755,0.21842370151166451,0.23138121503182604,0.5501950834565095,0.9671134068880471,1.5213185175945685,1,1.0,1.0,69.23945093296135,1699.3589264232526,2125.9637681383274,0.0,202324-UCL-round-of-16-006,2024-02-14 20:00:00+00:00,Round of 16,1771.85,1952.44,False,0.4169694703951252,0.7757338379821939,1.23596450439432,0.32044305087234787,0.20720821382196358,0.22646967410076854,0.5663221120772678,1.0005280641463274,1.5740311273846386,0.4617976471076823,0.4434037534418205
4,202324-0353,2023/24,UEL,KNOCKOUT_PLAYOFF,174,79,1.0,0.761992413716726,0.6676852266361863,0.18861437416107926,0.14370039920273436,0.16665829546704367,0.4039384341138987,1,1.0,1.0,24.74826357669219,1781.6212659669625,1460.9886089217302,0.0,202324-UEL-knockout-round-play-offs-005,2024-02-15 20:00:00+00:00,Knockout round play-offs,1793.83,1595.49,False,0.8505666359976456,0.07087082650407821,0.24274304970533434,0.8068327423969787,0.725788834936541,0.16208781492087532,0.11212335014258368,0.1140358684384799,0.32049616743454845,0.037313589409872006,0.056647611128390125
4,202324-0772,2023/24,UECL,KNOCKOUT_PLAYOFF,154,166,0.5,0.6106587043934767,0.4885688379667987,0.24417973285335606,0.2672514291798453,0.8813871120605221,1.4098507147982304,0,1.0,1.0,-11.506401229268224,1579.778810629445,1546.8501840911247,0.0,202324-UECL-knockout-round-play-offs-006,2024-02-15 20:00:00+00:00,Knockout round play-offs,1660.88,1603.89,False,0.7920215578418401,1.2432518153196408,1.8685650917710488,0.6492818388983806,0.5308700739593193,0.23682352987812266,0.23230639616255802,0.9182276216712971,1.440440014869395,0.022285067424882073,0.012245348858042859
4,202324-0354,2023/24,UEL,KNOCKOUT_PLAYOFF,79,174,0.5,0.3659650710954749,0.24530705942202424,0.24131602334690125,0.5133769172310745,0.8993327889781217,1.4216479043001125,0,1.0,1.0,13.937084110690373,1436.2403453450381,1806.3695295436546,0.0,202324-UEL-knockout-round-play-offs-005,2024-02-22 17:45:00+00:00,Knockout round play-offs,1597.64,1790.87,False,0.2745768755990122,1.0445435924104123,1.5743034617647302,0.3048096610966286,0.19462128066525936,0.2203767608627385,0.5850019584720021,0.9879171293067393,1.5124166479943189,0.03809926840121298,0.017965362166441103
4,202324-0773,2023/24,UECL,KNOCKOUT_PLAYOFF,166,154,0.0,0.5851183365240299,0.45981048674257197,0.2506156995629159,0.2895738136945122,0.7789392787744103,1.2393450448845003,1,1.0,1.0,-60.841181753835556,1558.356585320393,1568.2724094001767,0.0,202324-UECL-knockout-round-play-offs-006,2024-02-22 17:45:00+00:00,Knockout round play-offs,1603.89,1651.27,False,0.361323170396297,0.34411885776509,0.6519005223745616,0.5037704116204249,0.37377780394239435,0.25998521535606106,0.36623698070154453,0.6089577235540309,1.0044746668552647,0.25378462762421233,0.3423634677366479
4,202324-0197,2023/24,UCL,ROUND_OF_16,85,119,1.0,0.7470635865297133,0.6488046027399543,0.1965179675795179,0.15467742968052778,0.18588262589080035,0.43262368197065654,3,1.0,1.0,26.300577752406525,2056.724317205366,1768.5983773562139,0.0,202324-UCL-round-of-16-006,2024-03-05 20:00:00+00:00,Round of 16,1925.15,1770.18,False,0.75077593661166,0.1810266062835126,0.42544642175488245,0.7649302125441266,0.6714279816538382,0.18700446178057684,0.14156755656558495,0.16297161303786378,0.3983485187275867,0.05525780497454948,0.06397682925921185
4,202324-0201,2023/24,UCL,ROUND_OF_16,209,88,0.5,0.7552857950253873,0.6591746303390942,0.1922223293725862,0.1486030402883196,1.109098822029864,1.649102611397048,0,1.0,1.0,-26.544868763780617,2203.672359870028,1897.8084476279375,0.0,202324-UCL-round-of-16-008,2024-03-06 20:00:00+00:00,Round of 16,1968.6,1806.18,False,0.6218122350256688,0.8856921332651985,1.4082608655686615,0.7725537807034908,0.6811822736588894,0.1827430140892028,0.13607471225190781,1.1504345982815345,1.6996744076809738,0.07428556337576654,0.06517083714174406
4,202324-0780,2023/24,UECL,ROUND_OF_16,154,55,0.5,0.6472263803273776,0.5311593878943683,0.23213398486601838,0.23670662723961325,0.9277785399252133,1.4604405530426685,0,1.0,1.0,-15.308744240814661,1629.1135911540123,1532.968213520915,0.0,202324-UECL-round-of-16-002,2024-03-07 17:45:00+00:00,Round of 16,1643.8,1843.88,False,0.8013440934231016,1.2707448404651023,1.9112630814792568,0.2965189257715682,0.1880492905075296,0.21693927052807718,0.5950114389643932,1.0025852541999631,1.5281378239272208,0.041404547569156576,0.021675607064301626
4,202324-0781,2023/24,UECL,ROUND_OF_16,55,154,1.0,0.5512924114378304,0.4230002483973436,0.2565843260809734,0.3204154255216829,0.5014302746521956,0.8603825127082688,4,1.0,1.0,46.657057634212535,1548.2769577617296,1613.8048469131977,0.0,202324-UECL-round-of-16-002,2024-03-14 20:00:00+00:00,Round of 16,1843.88,1643.8,False,0.3481484563056915,0.9294314639351002,1.4568894801038534,0.8083890150234554,0.7278429830087666,0.16109206402937754,0.11106495296185584,0.11235551876723082,0.317669936728571,0.0367147695636816,0.2013385000332773
4,202324-0202,2023/24,UCL,QUARTERFINAL,54,85,0.5,0.46680323500289983,0.3373762881101616,0.25885389378547635,0.40376981810436197,0.8261503765479704,1.3514914931146584,0,1.0,1.0,3.451832367494076,1880.8620452212538,2083.0248949577726,0.0,202324-UCL-quarter-finals-001,2024-04-09 19:00:00+00:00,Quarter Finals,1960.57,1922.68,False,0.48234483520538873,0.822743231463741,1.3483212452682758,0.6238531807582397,0.501829778157885,0.24404680520070948,0.2541234166414056,0.8878770698587476,1.4103952474918482,0.015339610383933196,0.001102025206272695
4,202324-0379,2023/24,UEL,QUARTERFINAL,57,116,0.0,0.6689000177907954,0.5537341701158556,0.23033169534987974,0.2159341345342647,0.9744335024251777,1.5327818505111424,3,1.0,1.0,-69.55288360866858,1927.9403100153886,1792.948804809638,0.0,202324-UEL-quarter-finals-002,2024-04-11 19:00:00+00:00,Quarter Finals,1970.48,1824.79,False,0.7462757635092369,1.172022546826922,1.8626338765970776,0.7551891159820633,0.6590522881382309,0.1922736556876648,0.1486740561741043,1.1960749398027886,1.905998911658466,0.5703106008977702,0.44742723380052646
4,202324-0203,2023/24,UCL,QUARTERFINAL,85,54,1.0,0.7011306498258536,0.5921664897415261,0.21792832016865504,0.18990519008981888,0.24988490604433083,0.5239674509651295,1,1.0,1.0,31.076729816087713,2079.5730625902784,1884.3138775887478,0.0,202324-UCL-quarter-finals-001,2024-04-17 19:00:00+00:00,Quarter Finals,1915.84,1940.7,False,0.6980814264790275,0.2543788607658643,0.5302050692617596,0.5361163577485146,0.4067946412229644,0.25864343305110055,0.3345619257259351,0.5307207052876968,0.8994467878960594,0.21518803354850408,0.08932288847351653
4,202324-0380,2023/24,UEL,QUARTERFINAL,116,57,0.0,0.5935396524567574,0.4680894790792575,0.25090034675499984,0.28101017416574264,0.7990051140796455,1.2693644033083233,1,1.0,1.0,-61.716838490750185,1862.5016884183065,1858.3874264067201,0.0,202324-UEL-quarter-finals-002,2024-04-18 19:00:00+00:00,Quarter Finals,1841.48,1922.76,False,0.4227928602037216,0.454129737245841,0.7978260844284311,0.4551056942872362,0.3261537536036604,0.25790388136715164,0.4159423650291879,0.5140140039816974,0.877208573922116,0.2071211929726673,0.3522893190384884
4,202324-0212,2023/24,UCL,SEMIFINAL,85,209,0.5,0.5468046911603359,0.4179438442999354,0.257721693720801,0.3243344619792636,0.8308469841883034,1.3558749827916445,0,1.0,1.0,-4.866797951906587,2110.649792406366,2183.4858495594012,0.0,202324-UCL-semi-finals-002,2024-04-30 19:00:00+00:00,Semi Finals,1915.84,1978.81,False,0.601245515744129,0.8657384950973543,1.3889405818220877,0.4813433352921658,0.3515243322839364,0.25963800601645864,0.3888376616996049,0.8228999654789688,1.3484669026473965,0.0003480711380205471,0.0021906791146144274
4,202324-0804,2023/24,UECL,SEMIFINAL,117,26,1.0,0.42050186444451554,0.2945967702071684,0.2518101884746943,0.4535930413181373,0.7667487347540569,1.2221477383294943,1,1.0,1.0,60.256787713731306,1588.2036622902576,1866.059534700183,0.0,202324-UECL-semi-finals-002,2024-05-02 19:00:00+00:00,Semi Finals,1761.8,1742.17,False,0.4338972843535801,0.7379717380890667,1.1817832514625939,0.5988852585406219,0.4739699716060777,0.24983057386908852,0.27619945452483385,0.4154090450916846,0.7466113103358528,0.16089303581602374,0.33581808911228267
4,202324-0805,2023/24,UECL,SEMIFINAL,26,117,0.5,0.6810600754039073,0.5720074242282015,0.21810530235141165,0.20988727342038682,0.9826044791270032,1.5227772945092695,0,1.0,1.0,-18.826805226193574,1805.8027469864517,1648.4604500039889,0.0,202324-UECL-semi-finals-002,2024-05-08 16:45:00+00:00,Semi Finals,1742.17,1761.8,False,0.7375931199946391,1.0999305877049672,1.6669831178950378,0.543594965792249,0.4145832367343112,0.25802345811587557,0.32739330514981324,0.8295948251443405,1.3547047752640085,0.0019005210424273581,0.03278275090526861
4,202324-0213,2023/24,UCL,SEMIFINAL,209,85,1.0,0.6395011386142961,0.5196206338051323,0.23976100961832753,0.2406183565765401,0.3461468707205775,0.6546562840327879,1,1.0,1.0,37.4850271791433,2188.3526475113076,2105.7829944544596,0.0,202324-UCL-semi-finals-002,2024-05-08 19:00:00+00:00,Semi Finals,1986.39,1937.83,False,0.58828275693996,0.4341983603638802,0.771464338918976,0.6381530856589664,0.5180779486990552,0.24015027391982252,0.2417717773811223,0.34837460993190317,0.6576295679296444,0.1309331894181273,0.12995942906038893
5,202425-0621,2024/25,UECL,QUALIFYING,71,12,1.0,0.5297990012281572,0.4003759320429414,0.25884613837043147,0.3407779295866271,0.5426799435160039,0.9153513431306005,1,1.0,1.0,48.891963627494064,944.8968059381903,1050.1359351450787,0.0,202425-UECL-2nd-qualifying-round-012,2024-07-25 16:00:00+00:00,2nd Qualifying Round,1209.11,1445.67,False,0.541468502137317,0.5201675428109226,0.885312298851006,0.25465724410608254,0.14836536211307105,0.21258376398602294,0.639050873900906,1.1788594325927773,1.9080773844345331,0.5555358237635397,0.22108897924603857
5,202425-0298,2024/25,UEL,QUALIFYING,192,27,0.5,0.49295228592757373,0.36297811446986994,0.2599483429154075,0.3770735426147226,0.8216140232777704,1.347272348800899,0,1.0,1.0,0.7328282606503846,1135.9770928281193,1294.7519274099814,0.0,202425-UEL-2nd-qualifying-round-004,2024-07-25 18:30:00+00:00,2nd Qualifying Round,1352.35,1577.49,False,0.5138984921297647,0.8222323831761886,1.3478466189656584,0.26733483056278484,0.15764935596156374,0.2193709492024422,0.622979694835994,1.02233873456214,1.5169911501065427,0.05413308106924804,4.9670273646675276e-05
5,202425-0622,2024/25,UECL,QUALIFYING,12,71,1.0,0.6058481207001988,0.48308934461977354,0.2455175521608505,0.271393103219376,0.40112971053971413,0.7275536639271313,1,1.0,1.0,40.98430117496448,1001.2439715175847,993.7887695656843,0.0,202425-UECL-2nd-qualifying-round-012,2024-07-31 18:30:00+00:00,2nd Qualifying Round,1445.67,1209.11,False,0.6459473697415203,0.3318680797996477,0.6355538582306306,0.8388331912867896,0.76312563293664,0.15141511670029906,0.0854592503630609,0.08633928680964889,0.2703326047165094,0.025974740230800562,0.15535570395556508
5,202425-0299,2024/25,UEL,QUALIFYING,27,192,1.0,0.6990652635719794,0.5896712927356899,0.21878794167257912,0.19154076559173105,0.2529256763099903,0.5281900282939488,1,1.0,1.0,31.29149071592609,1294.019099149331,1136.7099210887698,0.0,202425-UEL-2nd-qualifying-round-004,2024-08-01 18:00:00+00:00,2nd Qualifying Round,1577.49,1352.35,False,0.6708252863103473,0.2958216810639271,0.5869877921046978,0.8297467015294986,0.7506371183444658,0.15821916637006567,0.09114371528546858,0.09552232819042904,0.2868329419392023,0.02898618564008564,0.09056171558900222
5,202425-0731,2024/25,UECL,QUALIFYING,71,215,0.5,0.42641348624258535,0.2999236382643201,0.2529796959565304,0.4470966657791494,0.8478889519937368,1.3744460466113155,0,1.0,1.0,7.651598281371102,952.8044683907199,1208.9423173513399,0.0,202425-UECL-3rd-qualifying-round-018,2024-08-08 16:00:00+00:00,3rd Qualifying Round,1217.44,1450.82,False,0.4341192493773032,0.8426268195889116,1.3689656033113229,0.2581473417143682,0.15090325837347107,0.21448816668179424,0.6346085749447347,1.042528677064046,1.5395007091204618,0.05849270831982658,0.005414975006970176
5,202425-0316,2024/25,UEL,QUALIFYING,227,15,0.0,0.5840818680337408,0.45775814351040345,0.25264744904667485,0.28959440744292175,0.7780493573962568,1.2392739299729196,1,1.0,1.0,-60.73340873791126,1269.6506856694266,1294.9781482584806,0.0,202425-UEL-3rd-qualifying-round-004,2024-08-08 17:00:00+00:00,3rd Qualifying Round,1528.35,1470.03,False,0.5970025077186675,0.8067346577519395,1.280528396719773,0.6510232473642,0.5237957392610799,0.2544550162062403,0.22174924453267983,0.9447835701260338,1.5062080646407325,0.4238312686086284,0.34115162856578424
5,202425-0314,2024/25,UEL,QUALIFYING,99,157,0.0,0.23531766355392456,0.14174716795173237,0.18714099120438438,0.6711118408438832,0.1632814314443953,0.3988194780399299,1,1.0,1.0,-24.468562758132382,1174.0648195510585,1750.2716281707185,0.0,202425-UEL-3rd-qualifying-round-003,2024-08-08 18:00:00+00:00,3rd Qualifying Round,1571.12,1618.13,False,0.2795801196010293,0.22214766324434804,0.4850213679628442,0.5043028496675778,0.36431321779612436,0.2799792637429068,0.3557075184609688,0.6262253105547093,1.0336464631665783,0.2543213641828395,0.05537440278047803
5,202425-0317,2024/25,UEL,QUALIFYING,15,227,1.0,0.6929345058975586,0.5822908421518448,0.22128732749142754,0.19642183035672767,0.26203055729920044,0.5407852272903059,2,1.0,1.0,31.928972945886663,1355.711556996392,1208.9172769315153,0.0,202425-UEL-3rd-qualifying-round-004,2024-08-15 16:00:00+00:00,3rd Qualifying Round,1470.03,1528.35,False,0.5925549150770377,0.42659297805425817,0.7614057870948374,0.48802884572825944,0.3481090985076342,0.27983949444125045,0.37205140705111533,0.6416941395863787,1.055239346880258,0.2621144628063384,0.0942892176683765
5,202425-0732,2024/25,UECL,QUALIFYING,215,71,1.0,0.7451716972797618,0.6529892236689776,0.18436494722156851,0.1626458291094539,0.1808605783805723,0.4261946526458947,2,1.0,1.0,26.49729826265103,1201.2907190699686,960.456066672091,0.0,202425-UECL-3rd-qualifying-round-018,2024-08-15 17:00:00+00:00,3rd Qualifying Round,1450.82,1217.44,False,0.7374181910173653,0.19143296081591707,0.4416733810216198,0.8363430502812504,0.759693972865848,0.15329815483080475,0.08700787230334718,0.08881768079428472,0.27483959407577857,0.02678359719124532,0.06493746386727733
5,202425-0315,2024/25,UEL,QUALIFYING,157,99,0.0,0.8939821900281314,0.844697612379,0.09856915529826285,0.05673323232273718,1.6129821297393077,2.8693951319578486,1,1.0,1.0,-92.95714988408973,1774.7401909288508,1149.5962567929262,0.0,202425-UEL-3rd-qualifying-round-003,2024-08-15 18:15:00+00:00,3rd Qualifying Round,1618.13,1571.12,False,0.8473639115662283,1.4631913521028428,2.4606414568690234,0.6360902248205809,0.506461732423942,0.25925698479327786,0.2342812827827802,0.910042824470747,1.451232822349644,0.4046107741122971,0.7992041560874941
5,202425-0781,2024/25,UECL,QUALIFYING,52,192,1.0,0.8434804954924265,0.7849580147281514,0.11704496152855035,0.09799702374329829,0.06954599511142234,0.2421250470528084,2,1.0,1.0,16.275052459195102,1646.588401732593,1183.913934554269,0.0,202425-UECL-qualifying-play-off-round-013,2024-08-22 17:00:00+00:00,Qualifying Play-off Round,1648.63,1315.86,False,0.8185830924984638,0.09340069582207311,0.2866310728710235,0.9005545278343773,0.850403128504805,0.10030279865914457,0.04929407283605043,0.03486978099677261,0.1620447730985071,0.009889401934243643,0.02449835529129631
5,202425-0782,2024/25,UECL,QUALIFYING,192,52,0.5,0.2778084320615792,0.17906331307914763,0.1974902379648631,0.6234464489559892,1.0647710629684057,1.6220661238885752,0,1.0,1.0,23.10369838931886,1167.6388820950738,1662.8634541917882,0.0,202425-UECL-qualifying-play-off-round-013,2024-08-29 18:00:00+00:00,Qualifying Play-off Round,1315.86,1648.63,False,0.323168430959702,0.9751238988274367,1.5140987725752275,0.1641381404094644,0.08730792609692747,0.15366042862507384,0.7590316452779987,1.3000423825678662,1.8730101201083384,0.11280318872761265,0.049369092862933874
5,202425-0092,2024/25,UCL,LEAGUE,122,161,1.0,0.5588554731271305,0.43065673581998,0.2563974746143009,0.31294578956571906,0.48782648466266243,0.8424439428151005,2,1.0,1.0,45.87064302005477,1709.980241180825,1772.696789226017,0.0,,2024-09-17 16:45:00+00:00,League Stage,1829.4,1799.48,False,0.563195625140234,0.4797823213964042,0.8317833693149307,0.6130275797990866,0.4801817107244204,0.26569173814933245,0.25412655112624716,0.40538345757352473,0.7335906827082669,0.14974765399615228,0.1946084935898879
5,202425-0106,2024/25,UCL,LEAGUE,118,55,0.5,0.57658262065758,0.4496323675067071,0.2539005063017459,0.296467126191547,0.8467264773187523,1.370812796174454,0,1.0,1.0,-7.963136432012185,1806.640265286536,1843.1416939890764,0.0,,2024-09-19 19:00:00+00:00,League Stage,1866.29,1950.36,False,0.5764758755430867,0.8466557685907451,1.3707458754413215,0.451125886602676,0.3124635468204857,0.2773246795643806,0.4102117736151337,0.7881667860708367,1.2825663308096973,0.0023886789603744856,0.005864897786782805
5,202425-0360,2024/25,UEL,LEAGUE,156,216,1.0,0.8161780520712304,0.7381617035892404,0.15603269696398003,0.10580559944677959,0.1041003208634344,0.30359236782835,1,1.0,1.0,19.113987455457327,1683.1771098520783,1290.7892670844244,0.0,,2024-09-25 16:45:00+00:00,League Stage,1604.73,1514.12,False,0.8514550437025783,0.07008478395282429,0.2411983368011552,0.6919850913992248,0.5726257255781833,0.23871873164208307,0.18865554277973365,0.2752263170958951,0.557522959667222,0.09487318392034388,0.03379050854032728
5,202425-0371,2024/25,UEL,LEAGUE,157,223,1.0,0.8695363067549577,0.8105459894002067,0.11798063470950201,0.07147337589029125,0.0549206957599584,0.21004719740481398,4,1.0,1.0,13.56574350438645,1734.6919688516684,1194.9023014818288,0.0,,2024-09-26 19:00:00+00:00,League Stage,1611.02,1519.02,False,0.8290067694939559,0.09107844515433577,0.2806476643261531,0.6936879164219654,0.5746963214439794,0.23798318995597192,0.18732048860004868,0.27260818314426405,0.5539135143172206,0.09382709254591687,0.017020775255136483
5,202425-0122,2024/25,UCL,LEAGUE,58,119,1.0,0.892603052739454,0.84275437439003,0.099697356698848,0.05754826891112205,0.037977552960875,0.17107973426734144,2,1.0,1.0,11.167240505404374,2021.1634452359324,1401.269851285259,0.0,,2024-10-02 19:00:00+00:00,League Stage,1925.49,1765.55,False,0.8288384298188639,0.09124459871316261,0.2809468311440404,0.7700355208178165,0.6708702630196921,0.1983305155962487,0.1307992213840592,0.1647698134960766,0.3991795094086122,0.05288366168553293,0.01153410428088451
5,202425-0124,2024/25,UCL,LEAGUE,91,122,0.0,0.6790254495757881,0.5656915076056109,0.22666788394035442,0.20764060845403465,0.9992186167581993,1.5719465376958925,1,1.0,1.0,-70.60573599272901,1879.2112407703223,1755.8508842008798,0.0,,2024-10-02 19:00:00+00:00,League Stage,1850.53,1843.42,False,0.6946221371802364,1.0380010741613603,1.6343747341019863,0.5814555876752386,0.445171194822809,0.2725687857048593,0.2822600194723317,0.7876218152884465,1.2649265780090622,0.3380906004387571,0.4610755611716012
5,202425-0120,2024/25,UCL,LEAGUE,56,88,1.0,0.2871131488173053,0.18067997074867637,0.2128663561372579,0.6064536731140657,1.084383453541086,1.7110279300914941,1,1.0,1.0,74.1266779304644,1510.7833518893547,1989.347272389982,0.0,,2024-10-02 19:00:00+00:00,League Stage,1794.3,1925.75,False,0.3319135114998238,0.9724552815927914,1.5296793682374417,0.3848851809388161,0.25230597701660995,0.2651584078444122,0.4825356151389778,0.8621959531332215,1.3771127334983713,0.378366240628673,0.5082076625891775
5,202425-0125,2024/25,UCL,LEAGUE,16,28,0.0,0.25886373776008,0.1591000201829405,0.19952743515427895,0.6413725446627805,0.19373766552310645,0.44414479796700773,1,1.0,1.0,-26.916906778380273,1261.8676421639861,1792.11883114753,0.0,,2024-10-02 19:00:00+00:00,League Stage,1574.7,1677.87,False,0.3208558359004531,0.28293436195136606,0.5694574770043004,0.4240740215973859,0.2873022839473667,0.2735434753000385,0.4391542407525948,0.4719166009063945,0.8229045819365126,0.1798387757937801,0.06701043472711946
5,202425-0821,2024/25,UECL,LEAGUE,14,215,0.5,0.6237737050262494,0.5036541809846001,0.2402390480832986,0.2561067709321013,0.8964949161979086,1.4261208176721443,0,1.0,1.0,-12.870111930834016,1331.3671220913336,1296.4405347125892,0.0,,2024-10-03 19:00:00+00:00,League Stage,1451.98,1438.03,False,0.6632375926973542,0.9522925953731459,1.4879552129189748,0.5910060261326405,0.4556440003364152,0.2707240515924506,0.27363194807113417,0.8143293069735057,1.3066552366876059,0.008282096792454851,0.015319930055924996
5,202425-0130,2024/25,UCL,LEAGUE,56,119,1.0,0.7203474766882265,0.6155950421393181,0.20950486909781674,0.1749000887628651,0.22224950285282402,0.4851659307546555,2,1.0,1.0,29.078545204729867,1584.910029819819,1390.1026107798546,0.0,,2024-10-22 19:00:00+00:00,League Stage,1809.55,1757.48,False,0.6184916358407916,0.38142762091901866,0.7015976351321713,0.6428055946689247,0.514225919875422,0.25715934958700537,0.22861473053757259,0.35437208301965845,0.6650925772616717,0.1275878431998205,0.07820553379464201
5,202425-0396,2024/25,UEL,LEAGUE,225,216,1.0,0.65291905184723,0.535078854784515,0.23568039412542996,0.22924075109005504,0.32424824140392866,0.6253411508266931,1,1.0,1.0,36.089819326639784,1435.2931461606581,1354.5354687532017,0.0,,2024-10-23 14:30:00+00:00,League Stage,1698.32,1510.94,False,0.793471314716903,0.128877553663604,0.3449489214661822,0.7968090883082971,0.7061426438536424,0.1813328889093092,0.11252446723704829,0.13189551808850467,0.34793801677878733,0.041286546594105404,0.12046518457062583
5,202425-0136,2024/25,UCL,LEAGUE,118,189,0.5,0.7877064891107195,0.7007495015264561,0.1739139751685268,0.1253365233050171,1.1891772283856312,1.74919449760458,0,1.0,1.0,-29.91600451240399,1853.370859806679,1526.1232612160375,0.0,,2024-10-23 16:45:00+00:00,League Stage,1867.0,1661.92,False,0.7379505876428369,1.0705675516187325,1.6038798941035428,0.8128077599958013,0.7276030290354122,0.17040946192077824,0.10198750904380953,1.2280280807330408,1.76955113842443,0.09784869471359085,0.08277502387641655
5,202425-0143,2024/25,UCL,LEAGUE,91,58,0.0,0.4483898255025661,0.31977490276062703,0.25722984548387823,0.4229952517554948,0.5013576613399332,0.8603943251631766,1,1.0,1.0,-46.62401631785447,1808.6055047775933,2032.3306857413368,0.0,,2024-10-23 19:00:00+00:00,League Stage,1844.11,1943.17,False,0.5719046383943214,0.7513990717278407,1.201363193466094,0.4298625264792577,0.2926173149867065,0.27449042298510246,0.4328922620281911,0.48258107180807175,0.8372663994267104,0.18478179167113054,0.2010534356142217
5,202425-0144,2024/25,UCL,LEAGUE,177,159,0.0,0.7291106177508366,0.626406288837245,0.20540865782718323,0.16818505333557177,1.1264936608995604,1.7826903978438018,2,1.0,1.0,-75.81364118027119,1977.19189687376,1766.4435160617782,0.0,,2024-10-23 19:00:00+00:00,League Stage,1792.18,1745.96,False,0.6533788321952285,0.9370221458327738,1.4746701497575645,0.6350368975110027,0.505248477177065,0.25957684066787534,0.23517468215505966,0.9076139267174728,1.4474267126502414,0.4032718612003997,0.5316022929170066
5,202425-0831,2024/25,UECL,LEAGUE,99,57,0.0,0.27922173560932645,0.1800913098519405,0.19826085151477194,0.6216478386332875,0.2148906031384129,0.47538152241174325,3,1.0,1.0,-29.033751474528895,1246.0165616200436,1738.688885468552,0.0,,2024-10-24 16:45:00+00:00,League Stage,1549.18,1848.47,False,0.26214938820630596,0.1908372144343885,0.4408063250811963,0.19231637991925735,0.10533113755621216,0.17397048472609036,0.7206983777176975,0.1193697743042425,0.3275345680356856,0.03698558998524813,0.0779647776366846
5,202425-0149,2024/25,UCL,LEAGUE,189,91,1.0,0.46053886562271973,0.33134859980841747,0.2583805316286046,0.410270868562978,0.6821773796942645,1.1045842861745978,2,1.0,1.0,56.093700841369014,1556.0392657284415,1761.9814884597388,0.0,,2024-11-05 20:00:00+00:00,League Stage,1677.88,1843.91,False,0.3761100110044032,0.86780875812986,1.3700614298551133,0.3389622127067135,0.21348478731105147,0.25095485079132407,0.5355603618976243,0.9684094181627521,1.5441897026645366,0.4369709562296042,0.29101831550362206
5,202425-0154,2024/25,UCL,LEAGUE,28,56,1.0,0.7004103693928142,0.5912958137960996,0.2182291111934292,0.1904750750104712,0.2509438109931112,0.5254388558420074,1,1.0,1.0,31.15162528595218,1773.6209378301492,1613.988575024549,0.0,,2024-11-06 17:45:00+00:00,League Stage,1688.0,1830.11,False,0.7736475043210255,0.15222338873796543,0.3818658123406156,0.3704637629970823,0.23986035954733287,0.2612068068994988,0.4989328335531683,0.8949752413555356,1.4276983601913888,0.39631587369979376,0.08975394676735003
5,202425-0159,2024/25,UCL,LEAGUE,159,13,0.0,0.7994923427748464,0.7161340877328447,0.1667165100840033,0.11714940218315198,1.3200676044131092,2.1443052170447503,2,1.0,1.0,-83.13200236815099,1842.2571572420493,1488.8935474543441,0.0,,2024-11-06 20:00:00+00:00,League Stage,1765.64,1577.07,False,0.6582321501708631,0.9486458145711989,1.4926006360006219,0.7979159093611301,0.7076180872293928,0.18059564426347466,0.11178626850713257,1.3222617769136076,2.1911665477441504,0.6366697984115992,0.6391880061556124
5,202425-0157,2024/25,UCL,LEAGUE,88,177,1.0,0.5796745501099058,0.452975527756218,0.2533980447073755,0.2936264275364065,0.4496628212429019,0.7919171775715822,1,1.0,1.0,43.70585486082383,1869.4771605757567,1901.3782556934889,0.0,,2024-11-06 20:15:00+00:00,League Stage,1908.25,1775.64,False,0.6275783779261371,0.3660222410812727,0.6811355616935396,0.741002897195336,0.6335290392110016,0.21494771596866888,0.15152324482032958,0.2034627794226407,0.4564494409487207,0.06707949926120971,0.17667348382531012
5,202425-0425,2024/25,UEL,LEAGUE,156,224,1.0,0.5702446844838504,0.44281052864693293,0.2548683116738349,0.30232115967923223,0.4668160468719772,0.814613300998236,2,1.0,1.0,44.68638158961747,1600.6534531206175,1646.5573544602862,0.0,,2024-11-07 20:00:00+00:00,League Stage,1588.35,1688.94,False,0.6097903869890163,0.39638466709382036,0.7214264357483607,0.4277053518525813,0.29063220089700637,0.27414630191114986,0.4352214971918438,0.7677766208736946,1.235696725667446,0.3275211642981778,0.18468963121438534
5,202425-0856,2024/25,UECL,LEAGUE,14,27,0.5,0.6024314660292321,0.4792152389132114,0.24643245423204146,0.2743523068547471,0.8727804795179117,1.4006673423921832,0,1.0,1.0,-10.650924869349748,1275.6206431666892,1273.3496993034985,0.0,,2024-11-07 20:00:00+00:00,League Stage,1429.6,1511.93,False,0.6464573770419073,0.9266657271186386,1.4592047446936869,0.4536072162502554,0.3148124988653237,0.2775894347698634,0.40759806636481294,0.7871201179022893,1.281612110260128,0.002152290384050566,0.010492205232897739
5,202425-0851,2024/25,UECL,LEAGUE,215,99,1.0,0.6228377786947954,0.5025705630706323,0.24053443124832624,0.2568950056810415,0.37128790128368594,0.6880192248862774,1,1.0,1.0,39.21769977921023,1250.4629108445915,1216.9828101455148,0.0,,2024-11-07 20:00:00+00:00,League Stage,1427.98,1544.16,False,0.6799891352513774,0.27648675742310835,0.560902503376479,0.4058947256545585,0.2708539751439517,0.27008150102121353,0.4590645238348348,0.8153381798009524,1.3061754404345103,0.3529610770050724,0.14225134117987615
5,202425-0179,2024/25,UCL,LEAGUE,58,212,1.0,0.7356786297917481,0.6345617263928164,0.2022338067978635,0.1632044668093201,0.20107934241546885,0.4548207130404122,2,1.0,1.0,27.484396783389233,2117.4303855950407,1894.5208886353346,0.0,,2024-11-27 20:00:00+00:00,League Stage,1971.55,1939.57,False,0.5941355775202398,0.4237908055057736,0.7576994380331912,0.6158368671284012,0.48335104780863003,0.2649716386395424,0.25167731355182754,0.40047757924042965,0.7270120822687001,0.14758131265772165,0.06986578674876773
5,202425-0177,2024/25,UCL,LEAGUE,189,28,0.5,0.46965857716387016,0.340137290172525,0.25904257398269037,0.40082013584478465,0.8253680646347369,1.3507628524796877,0,1.0,1.0,3.154931073275533,1612.1329665698104,1804.7725631161013,0.0,,2024-11-27 20:00:00+00:00,League Stage,1700.22,1696.82,False,0.4130859856637001,0.8540414529221261,1.3777557499318926,0.5762493100032833,0.43950512607783027,0.273488367850906,0.2870065060712637,0.8033566420238644,1.2964961887342246,0.005813957275976795,0.0009206019397208213
5,202425-0175,2024/25,UCL,LEAGUE,56,122,0.5,0.4833758530872582,0.353519561462758,0.2597125832490005,0.3867678552882415,0.8225909136209548,1.3481797084683742,0,1.0,1.0,1.728595192947006,1582.8369497385968,1755.520378366548,0.0,,2024-11-27 20:00:00+00:00,League Stage,1796.74,1857.91,False,0.4555401425281495,0.8299234532960863,1.3550117874980092,0.4839306139441236,0.3440752200383228,0.2797107878116017,0.37621399215007556,0.7787412741289009,1.2739991102952517,0.0002582251682127942,0.000276362260576422
5,202425-0433,2024/25,UEL,LEAGUE,156,225,0.5,0.6743601179168278,0.5601688722912123,0.22838249125123108,0.21144863645755663,0.9538932711514249,1.4767334624082433,0,1.0,1.0,-18.130137038291664,1645.339834710235,1529.717749700763,0.0,,2024-11-28 17:45:00+00:00,League Stage,1587.61,1720.98,False,0.6865082419760136,0.9732461399337785,1.4968985443505578,0.38227189043225024,0.250033438790392,0.2644769032837164,0.4854896579258916,0.8392111542694594,1.3300013536753523,0.013859907782396094,0.0304014507199701
5,202425-0861,2024/25,UECL,LEAGUE,85,57,0.0,0.41107838689744747,0.28619748911268555,0.24976179556952383,0.4640407153177906,0.431542312137584,0.7677829820758376,2,1.0,1.0,-42.744336130156455,1498.837100342331,1777.8399639002964,0.0,,2024-11-28 17:45:00+00:00,League Stage,1637.09,1854.22,False,0.3557893498344182,0.3347814963830874,0.6394454514410751,0.2764624143324419,0.16444508356784718,0.22403466152918944,0.6115202549029634,0.22815022742679328,0.4918072010952762,0.07643146653852277,0.1689854401742075
5,202425-0869,2024/25,UECL,LEAGUE,99,70,1.0,0.680073570982944,0.5707973012138379,0.21855253953821224,0.21065015924794991,0.27635365877511353,0.5607211214673011,1,1.0,1.0,33.266265643484736,1177.7651103663045,1052.658157362344,0.0,,2024-11-28 17:45:00+00:00,League Stage,1532.79,1234.42,False,0.5595860269241874,0.4857669903898904,0.839584962145708,0.8813606745352318,0.8228048144211333,0.11711172022819696,0.060083465350669704,0.04872331161568161,0.1950362699550995,0.014075289546735193,0.10235291998360539
5,202425-0188,2024/25,UCL,LEAGUE,91,56,0.0,0.6655279967079678,0.5497757459089274,0.2315045015980809,0.21871975249299175,0.9662465301945053,1.51996403762294,1,1.0,1.0,-69.20225753053735,1685.6925339753332,1584.5655449315439,0.0,,2024-12-10 20:00:00+00:00,League Stage,1766.22,1798.8,False,0.799615451376546,1.320422976850071,2.145028963874384,0.5250484089992418,0.38539976576354196,0.27929728647139956,0.3353029477650584,0.6683621249307007,1.0927208341228354,0.27567583179263505,0.4429275144021208
5,202425-0183,2024/25,UCL,LEAGUE,118,212,0.0,0.6205418098588996,0.4980975803794103,0.24488845895897854,0.2570139606616111,0.8600998115628724,1.3586248739217741,1,1.0,1.0,-64.52454945056888,1896.9741082059456,1867.0364918519454,0.0,,2024-12-10 20:00:00+00:00,League Stage,1909.47,1935.72,False,0.5121659784602838,0.6259079479776333,1.0274709623902216,0.5341258594109128,0.3947780210080115,0.27869567680580265,0.32652630218618584,0.6870877877882591,1.1192447755127661,0.28529043369144624,0.38507213778295873
5,202425-0197,2024/25,UCL,LEAGUE,177,119,0.5,0.8926670877594628,0.8428445575004015,0.09964506051812244,0.05751038198147598,1.5243334091931182,2.3061408018597356,0,1.0,1.0,-40.82991108609982,1902.546728593321,1282.4106725205127,0.0,,2024-12-11 20:00:00+00:00,League Stage,1800.35,1750.21,False,0.8066488544621563,1.2409173829111255,1.8188934530966756,0.6402506446284966,0.5112659808869735,0.25796932748304613,0.23076469162998037,0.8652547650713619,1.354914586852615,0.019670243318708834,0.15418744180949764
5,202425-0878,2024/25,UECL,LEAGUE,120,14,1.0,0.8011375754139125,0.7271185894113003,0.1480379720052246,0.1248434385834752,0.11196538955764414,0.31866569314035903,7,1.0,1.0,20.677911053217656,1565.8199511799758,1208.7205245298067,0.0,,2024-12-12 17:45:00+00:00,League Stage,1800.94,1438.73,False,0.7038790108646222,0.23973378574640503,0.5103081057316078,0.9147350897627534,0.8710579987838442,0.08735418195781856,0.0415878192583373,0.025986339493810937,0.13804671561654908,0.007270104917765717,0.03954626391225734
5,202425-0459,2024/25,UEL,LEAGUE,157,123,0.0,0.5597610155418762,0.4316181326107463,0.2562857658622598,0.3120961015269939,0.7251883797163527,1.1644441208856482,2,1.0,1.0,-58.204502507325216,1766.750955067337,1828.1343331863886,0.0,,2024-12-12 20:00:00+00:00,League Stage,1692.59,1833.08,False,0.5870092014873532,0.7845113198503748,1.248525669664037,0.37264126702587,0.24172460527014444,0.26183332351145117,0.49644207121840433,0.38055806173287,0.700288476587057,0.13886151389064577,0.31333239452047257
5,202425-0461,2024/25,UEL,LEAGUE,169,223,1.0,0.8172218442335305,0.7395492874321701,0.15534511360272082,0.10510559896510908,0.10301386493114695,0.3017143493806437,1,1.0,1.0,19.00545291689374,1621.5560325380618,1226.6380027954656,0.0,,2024-12-12 20:00:00+00:00,League Stage,1574.36,1479.03,False,0.7595028470703569,0.16980758687034067,0.4086894826583212,0.697745855052792,0.5796437720395055,0.23620416602657301,0.18415206193392153,0.266403748347999,0.5453415502700266,0.09135756813776784,0.03340785422539179
5,202425-0911,2024/25,UECL,LEAGUE,15,52,1.0,0.48055200934593406,0.35079780865721344,0.25950840137744124,0.38969378996534526,0.6406693455673058,1.0475452652048358,3,1.0,1.0,54.01271441738653,1399.9093325502567,1576.6969753602737,0.0,,2024-12-19 20:00:00+00:00,League Stage,1473.16,1604.98,False,0.35172344974614894,0.9210798826708425,1.444543941306691,0.38438105601534683,0.2518669905318976,0.2650281309668985,0.48310487850120387,0.8633332336912702,1.3788541461638821,0.3789866841927795,0.2698262149945465
5,202425-0200,2024/25,UCL,LEAGUE,118,16,1.0,0.8839509544250592,0.8306084888350944,0.10668493117992955,0.062706579984976,0.04400727376900883,0.1855967277135886,5,1.0,1.0,12.066894221993248,1832.4495587553768,1244.20689643521,0.0,,2025-01-21 17:45:00+00:00,League Stage,1911.76,1584.33,False,0.8075180055524054,0.11329471202996666,0.3192511548684666,0.8977675214913706,0.8463701621372679,0.10279471870820546,0.050835119154526646,0.036753090615483354,0.16679847117285243,0.010451479662017368,0.013467380978854682
5,202425-0203,2024/25,UCL,LEAGUE,28,122,0.5,0.6239614038558134,0.5019519472716836,0.24401891316825977,0.2540291395600567,0.887993964762757,1.4105095437082402,0,1.0,1.0,-12.889629040265808,1844.4491963346202,1809.2323463401613,0.0,,2025-01-21 20:00:00+00:00,League Stage,1752.62,1859.48,False,0.6608194944520634,0.9339233130314977,1.4562766913353609,0.4188946836943789,0.2825784042008784,0.272632558987001,0.4447890368121206,0.8067512360347676,1.2996303281615447,0.006578072333034851,0.015366429645904081
5,202425-0216,2024/25,UCL,LEAGUE,212,13,1.0,0.8279070999680308,0.7538190943969417,0.14817601114217807,0.09800489446088016,0.09216612789983702,0.28260286761698855,4,1.0,1.0,17.894389486390143,1931.5610413025142,1510.0696675794763,0.0,,2025-01-22 20:00:00+00:00,League Stage,1952.22,1556.88,False,0.7421740477526488,0.19235340584684796,0.44212211971900645,0.9284807572582627,0.8912943824890067,0.07437274953851203,0.03433286797248125,0.018526962975580437,0.11508051046938084,0.005115002082351538,0.029615966241413345
5,202425-0214,2024/25,UCL,LEAGUE,159,88,1.0,0.4777539539003649,0.34801129491523974,0.25948531797025026,0.39250338711450994,0.6464808106965872,1.0555203430813807,3,1.0,1.0,54.30365898243384,1807.9790604086852,1988.8352172005207,0.0,,2025-01-22 20:00:00+00:00,League Stage,1734.55,1906.89,False,0.49888148418072414,0.6036385189221871,0.9972781040122303,0.3308715855120251,0.2068900610408662,0.24796304894231783,0.5451468900168159,0.9876941806115378,1.5755677328863325,0.4477328350751911,0.2727409326667022
5,202425-0230,2024/25,UCL,LEAGUE,161,58,1.0,0.3356331955397024,0.21968174767211704,0.2319028957351707,0.5484153565927122,0.9634349313131108,1.5155753814582644,1,1.0,1.0,69.0815156153013,1784.967817565993,2181.292010782459,0.0,,2025-01-29 20:00:00+00:00,League Stage,1810.27,1997.82,False,0.49529887471179945,0.6108285245371249,1.0070079661341869,0.3117819943592458,0.19162056424178026,0.24032286023493107,0.5680565755232887,1.0339206623035215,1.6522380901766442,0.47364402328813715,0.4413832508687873
5,202425-0231,2024/25,UCL,LEAGUE,16,91,1.0,0.31095139349350126,0.19953586881696675,0.22283104935306902,0.5776330818299642,1.0240564790907802,1.6117612652443898,1,1.0,1.0,71.64795373656403,1232.1400022132168,1669.4186863248037,0.0,,2025-01-29 20:00:00+00:00,League Stage,1584.33,1757.58,False,0.2880832819779909,1.08189293469785,1.706853387159593,0.32971286032896563,0.20595157789387736,0.24752256487017657,0.546525857235946,0.9904708293966196,1.5801141965907837,0.4492848496083767,0.47478798212854767
5,202425-0227,2024/25,UCL,LEAGUE,122,177,0.0,0.6085604966807164,0.48468889502928963,0.24774320330285363,0.26756790166785677,0.8327567984146992,1.3183819068468132,2,1.0,1.0,-63.27872068872572,1822.121975380427,1810.53998321215,0.0,,2025-01-29 20:00:00+00:00,League Stage,1859.48,1778.76,False,0.5001522815732369,0.6017045907143633,0.9946638972780368,0.6797198852562483,0.557807458063899,0.24382485438469867,0.19836768755140238,1.013214084249114,1.6176329625596382,0.4620191224127673,0.3703458781202803
5,202425-0217,2024/25,UCL,LEAGUE,56,189,1.0,0.5647962078066251,0.43697945305060715,0.2556335095120359,0.30738703743735696,0.4768274182571487,0.827869103182767,2,1.0,1.0,45.25291956853275,1604.6322322992658,1658.5916880735035,0.0,,2025-01-29 20:00:00+00:00,League Stage,1802.28,1685.93,False,0.5679500464831965,0.4710234321999814,0.8201831540123812,0.7226385376667602,0.6103965720012205,0.2244839313310794,0.16511949666770007,0.2294483147140515,0.493646415015175,0.07692938078763319,0.18940234073949425
5,202425-0486,2024/25,UEL,LEAGUE,157,225,1.0,0.677632931667439,0.5640407300420789,0.2271844032507202,0.2087748667072009,0.2852601831112389,0.5726288137048912,1,1.0,1.0,33.520045726796305,1626.3287153697136,1505.2842165024458,0.0,,2025-01-30 20:00:00+00:00,League Stage,1679.45,1719.1,False,0.704151749521963,0.24546142286221,0.5178094931835187,0.5148904428592888,0.37501460902087436,0.2797516676768288,0.34523372330229685,0.5880540582104643,0.9807902963815474,0.235331282429257,0.10392052674533006
5,202425-0490,2024/25,UEL,LEAGUE,53,224,0.5,0.5457952123649679,0.4168857571322552,0.2578189104654254,0.32529533240231945,0.8304435574451975,1.3554978379266724,0,1.0,1.0,-4.761831351081032,1507.838128840571,1589.7229581091638,0.0,,2025-01-30 20:00:00+00:00,League Stage,1559.76,1679.44,False,0.4800825072015136,0.8231095843776187,1.3486617343860927,0.4010456020628602,0.2665291068706772,0.269032990384366,0.4644379027449568,0.8210530994618372,1.312921266065996,0.009791972871101813,0.0020972014755525053
5,202425-0241,2024/25,UCL,KNOCKOUT_PLAYOFF,122,161,1.0,0.5366804463643334,0.4073800830399865,0.2586007266486938,0.33401919031131966,0.5296415212971554,0.8980086643570292,1,1.0,1.0,48.176424174831645,1758.8432546917013,1854.0493331812943,0.0,202425-UCL-knockout-round-play-offs-004,2025-02-11 20:00:00+00:00,Knockout round play-offs,1835.3,1814.54,False,0.563195625140234,0.4797823213964042,0.8317833693149307,0.600446843422115,0.4660970017000564,0.2686996834441171,0.2652033148558265,0.42758472968715694,0.7633615083637664,0.15964272493135193,0.2146650087811533
5,202425-0237,2024/25,UCL,KNOCKOUT_PLAYOFF,28,118,1.0,0.5484963548100543,0.4197193409535829,0.25755402771294283,0.32272663133347423,0.5072121990263557,0.8681690268985989,1,1.0,1.0,46.9477943602142,1791.3918958786126,1869.3207837483212,0.0,202425-UCL-knockout-round-play-offs-002,2025-02-12 17:45:00+00:00,Knockout round play-offs,1733.48,1901.91,False,0.6147140271899624,0.3878966777812498,0.7101776444241242,0.33587353591144914,0.21095853379140694,0.24983000424008442,0.5392114619685087,0.9757504671334234,1.556093687134718,0.4410639603027613,0.20385554161980834
5,202425-0245,2024/25,UCL,KNOCKOUT_PLAYOFF,189,88,0.0,0.3756132179997757,0.2536586951986888,0.2439090456021738,0.5024322591991374,0.371408012862139,0.6882944557001683,1,1.0,1.0,-39.05663288767722,1613.3387685049709,1946.3021805661983,0.0,202425-UCL-knockout-round-play-offs-006,2025-02-12 20:00:00+00:00,Knockout round play-offs,1684.51,1888.25,False,0.3568020732476473,0.3400634479586211,0.6465291589469584,0.2921430221232116,0.17633755514437172,0.23161093395767973,0.5920515108979486,0.2511605278436896,0.5241616362314854,0.08534754537528329,0.14108528953614702
5,202425-0516,2024/25,UEL,KNOCKOUT_PLAYOFF,224,26,1.0,0.6738761857632299,0.5595973083105259,0.22855775490540797,0.21184493678406607,0.2910714554157795,0.5805378462264572,3,1.0,1.0,33.91067587132191,1594.4847894602449,1479.6620803993626,0.0,202425-UEL-knockout-round-play-offs-007,2025-02-13 17:45:00+00:00,Knockout round play-offs,1686.0,1623.22,False,0.7490262542543873,0.1833091617754385,0.4288254893880394,0.6568332875319339,0.5306074283756554,0.25245171831255686,0.21694085331178764,0.3311245902107245,0.6337328374223774,0.11776339254614034,0.1063567422123393
5,202425-0927,2024/25,UECL,KNOCKOUT_PLAYOFF,52,85,0.0,0.6938796949248042,0.5878350513131001,0.21208928722340825,0.2000756614634917,1.0304108606902787,1.6090596766568128,1,1.0,1.0,-72.15029507536586,1522.684260942887,1374.276620883146,0.0,202425-UECL-knockout-round-play-offs-008,2025-02-13 20:00:00+00:00,Knockout round play-offs,1587.84,1544.79,False,0.7652517958861832,1.2156023824804651,1.9055378314740914,0.6307973228626435,0.5003777690767428,0.2608391075718013,0.2387831233514559,0.8978660851196366,1.432199572693722,0.39790526253067804,0.4814690310289393
5,202425-0510,2024/25,UEL,KNOCKOUT_PLAYOFF,156,225,1.0,0.6929282687856648,0.5822833535719144,0.22128983042750092,0.1964268160005847,0.26203987979788596,0.5407980879220423,3,1.0,1.0,31.92962148693325,1618.5478138051028,1471.7641707756495,0.0,202425-UEL-knockout-round-play-offs-004,2025-02-13 20:00:00+00:00,Knockout round play-offs,1613.51,1701.53,False,0.6865082419760136,0.2716994440878037,0.5540870311229756,0.4455021854214927,0.3071653920260394,0.2766735867909067,0.416161021183054,0.7297580631862995,1.1803689402200388,0.3074678263723407,0.0942930481109689
5,202425-0238,2024/25,UCL,KNOCKOUT_PLAYOFF,118,28,0.0,0.590334531630991,0.46457790198558613,0.25151325929080987,0.28390883872360406,0.7918780978705923,1.2591020827592245,2,1.0,1.0,-61.38356686596758,1822.372989388107,1838.3396902388267,0.0,202425-UCL-knockout-round-play-offs-002,2025-02-18 20:00:00+00:00,Knockout round play-offs,1898.03,1719.32,False,0.5745297973987564,0.7571130695868593,1.209459020240302,0.7886089094371518,0.695254166896793,0.1867094850807177,0.11803634802248937,1.296098671815968,2.136762667860339,0.6219040120436539,0.34849485923598156
5,202425-0246,2024/25,UCL,KNOCKOUT_PLAYOFF,88,189,0.5,0.8237794313972515,0.7482926538991338,0.1509735549962354,0.10073379110463078,1.2909350968654507,1.8906505899799577,0,1.0,1.0,-33.666904631324435,1985.3588134538757,1574.2821356172935,0.0,202425-UCL-knockout-round-play-offs-006,2025-02-18 20:00:00+00:00,Knockout round play-offs,1904.63,1685.7,False,0.7952390642275554,1.2093081948413207,1.7758039339676455,0.8246370498066348,0.7436550097066418,0.1619640801999859,0.09438091009337228,1.2642347325268946,1.820380695495435,0.10538921410715546,0.1048331201959275
5,202425-0242,2024/25,UCL,KNOCKOUT_PLAYOFF,161,122,1.0,0.6001735459285092,0.47539161036653266,0.2495638711239532,0.27504451850951417,0.4131455754063235,0.7436163717369361,2,1.0,1.0,41.57434905675038,1805.8729090064626,1807.019678866533,0.0,202425-UCL-knockout-round-play-offs-004,2025-02-19 20:00:00+00:00,Knockout round play-offs,1807.65,1845.16,False,0.6256000756163659,0.36935737397006596,0.6855694190670983,0.5179668158130368,0.3781475874364942,0.2796384567530853,0.3422139558104205,0.5820084810577164,0.9724707166118765,0.23235599065742277,0.1598611933753819
5,202425-0928,2024/25,UECL,KNOCKOUT_PLAYOFF,85,52,0.0,0.5982143806401874,0.4744537857452221,0.2475211897899306,0.27802502446484734,0.8076209995019803,1.2800441532821005,2,1.0,1.0,-62.20292133810624,1446.426915958512,1450.5339658675211,0.0,202425-UECL-knockout-round-play-offs-008,2025-02-20 17:45:00+00:00,Knockout round play-offs,1554.88,1572.77,False,0.39791431103958297,0.40783228537361754,0.7364222147340009,0.5460788856064707,0.4072679132777618,0.27762194465741774,0.31511014206482046,0.7120152148434593,1.1548330439237524,0.2982021493052049,0.357860445204723
5,202425-0511,2024/25,UEL,KNOCKOUT_PLAYOFF,225,156,0.5,0.4573222819900026,0.3282694035495638,0.2581057568808775,0.41362483956955864,0.829253377189025,1.3543858676598344,0,1.0,1.0,4.437671213160755,1439.8345492887163,1650.477435292036,0.0,202425-UEL-knockout-round-play-offs-004,2025-02-20 17:45:00+00:00,Knockout round play-offs,1687.33,1648.5,False,0.49592089123480865,0.8214716951252765,1.3471402066948654,0.6251220922248615,0.4938891934839884,0.2624657974817461,0.24364500903426548,0.8472461257518085,1.3376345007472636,0.015655537962726743,0.0018213876145408584
5,202425-0517,2024/25,UEL,KNOCKOUT_PLAYOFF,26,224,0.5,0.47652478251481234,0.34681134714952033,0.25942687073058407,0.39376178211989565,0.8237750113657965,1.3492804244516154,0,1.0,1.0,2.4409762685132743,1445.7514045280407,1628.3954653315668,0.0,202425-UEL-knockout-round-play-offs-007,2025-02-20 20:00:00+00:00,Knockout round play-offs,1605.39,1698.83,False,0.41923919807454985,0.8495723346429925,1.3735092378831573,0.4378085487159449,0.29997450361912237,0.27566809019364497,0.4243574061872326,0.7947206265712163,1.2885577086967992,0.0038677766128170014,0.0005510858359768604
5,202425-0253,2024/25,UCL,ROUND_OF_16,28,56,0.0,0.7498543767233805,0.6523165256986516,0.1950757020494579,0.15260777225189054,1.1816449668775522,1.879884229240769,2,1.0,1.0,-77.97059769850956,1899.7232571047944,1649.8851518677984,0.0,202425-UCL-round-of-16-002,2025-03-04 17:45:00+00:00,Round of 16,1734.02,1783.92,False,0.7736475043210255,1.2468134060220675,2.0003225851708963,0.500143911564338,0.3601439231622395,0.2799999768041971,0.35985610003356344,0.6178878450652792,1.0220510495711572,0.25014393227487636,0.5622815862912095
5,202425-0257,2024/25,UCL,ROUND_OF_16,161,55,0.0,0.4840987495664482,0.35423023144443044,0.2597370362440355,0.3860327323115341,0.5698981906588505,0.9518331143779712,6,1.0,1.0,-50.33706546294025,1847.447258063213,2019.0802773102055,0.0,202425-UCL-round-of-16-004,2025-03-04 20:00:00+00:00,Round of 16,1818.07,1979.18,False,0.5592622867664011,0.7241196724110154,1.1629461493975835,0.34533683572035,0.21873242457594663,0.25320882228880676,0.5280587531352466,0.33468712173801474,0.6385477265891044,0.11925753010534401,0.23435159933179875
5,202425-0935,2024/25,UECL,ROUND_OF_16,99,120,1.0,0.37710516840455843,0.25684692482493576,0.24051648715924537,0.5026365880158189,0.8627682133497622,1.3592749947901892,1,1.0,1.0,64.7692189715997,1258.7624461275082,1589.4192145904094,0.0,202425-UECL-round-of-16-004,2025-03-06 17:45:00+00:00,Round of 16,1535.33,1749.13,False,0.31815598455693606,1.0009439982710033,1.5640734163694114,0.2803131944171434,0.16734007824357533,0.2259462323471362,0.6067136894092885,1.112475746127912,1.7877271405423345,0.5179490981300564,0.38799797122831353
5,202425-0943,2024/25,UECL,ROUND_OF_16,52,57,0.0,0.372340979983076,0.2528461525816933,0.2389896548027655,0.5081641926155412,0.36294969340363237,0.6769506698158658,1,1.0,1.0,-38.71638235118141,1512.7368872056275,1850.7722437593993,0.0,202425-UECL-round-of-16-008,2025-03-06 17:45:00+00:00,Round of 16,1607.76,1835.33,False,0.5508833302139423,0.7057398829617361,1.136945479330054,0.2646039364675025,0.15563426823439605,0.21793933646621294,0.6264263952993909,0.21127681795719605,0.4677239971036235,0.0700152431940981,0.13863780537475742
5,202425-0254,2024/25,UCL,ROUND_OF_16,56,28,1.0,0.537577402756083,0.4083116745789873,0.2585314563541914,0.3331568690668213,0.5279270877705485,0.8957244879255659,3,1.0,1.0,48.083157764519,1727.855749566308,1821.7526594062847,0.0,202425-UCL-round-of-16-002,2025-03-12 20:00:00+00:00,Round of 16,1783.92,1734.02,False,0.38663135037212315,0.8436842896079613,1.3344056699824463,0.6399323706907476,0.510897768976342,0.2580692034288113,0.23103302759484676,0.3591969659903422,0.6715857695049058,0.1296486976763852,0.21383465844180988
5,202425-0258,2024/25,UCL,ROUND_OF_16,55,161,0.5,0.7612881014232937,0.6667892668348963,0.188997669176795,0.14421306398830877,1.1231301147917858,1.6660205963964494,0,1.0,1.0,-27.16899450331337,2069.4173427731457,1797.1101926002727,0.0,202425-UCL-round-of-16-004,2025-03-12 20:00:00+00:00,Round of 16,1979.18,1818.07,False,0.629333768659367,0.8939282090873956,1.4163260833472164,0.7712260013618867,0.6724215858981513,0.1976088309274709,0.12996958317437787,1.1128744699378865,1.621465803738483,0.07356354381475816,0.06827147194538943
5,202425-0936,2024/25,UECL,ROUND_OF_16,120,99,1.0,0.7238374182401708,0.6255437208918041,0.1965873946967334,0.17786888441146254,0.21050144875898258,0.4691340540090088,2,1.0,1.0,28.715657639910944,1524.6499956188097,1323.5316650991078,0.0,202425-UECL-round-of-16-004,2025-03-13 20:00:00+00:00,Round of 16,1749.13,1535.33,False,0.8219752207514436,0.08996447573483081,0.28048346024472726,0.8203255790997982,0.737786326010146,0.16507850617930442,0.0971351678105496,0.10544216485523168,0.3041010274554641,0.032282897525822876,0.07626577156425436
5,202425-0944,2024/25,UECL,ROUND_OF_16,57,52,1.0,0.8255293122044408,0.7602783296139521,0.13050196518097734,0.10921970520507052,0.0864261861738565,0.27407068956884684,1,1.0,1.0,18.141634203340974,1889.4886261105808,1474.020504854446,0.0,202425-UECL-round-of-16-008,2025-03-13 20:00:00+00:00,Round of 16,1835.33,1607.76,False,0.6372129821318853,0.3466024908172287,0.6552093147363193,0.8317136699432439,0.7533326868864845,0.1567619661135188,0.08990534699999668,0.09350204879760694,0.28324833349956946,0.028320288883971447,0.030440020899855487
5,202425-0269,2024/25,UCL,QUARTERFINAL,55,212,1.0,0.5900136090436723,0.4642268829464672,0.25157345219441024,0.2841996648591226,0.4311114843123094,0.7673818743962835,3,1.0,1.0,42.63078931512618,2042.2483482698324,2058.6965349121483,0.0,202425-UCL-quarter-finals-002,2025-04-08 19:00:00+00:00,Quarter Finals,1998.97,1964.24,False,0.5309889015318033,0.5405653120395043,0.9125769769534613,0.6195750888626373,0.4875820819134816,0.2639860138983115,0.2484319041882069,0.39397914932861977,0.7182966295615444,0.14472311301387028,0.1680888407693948
5,202425-0536,2024/25,UEL,QUARTERFINAL,169,123,1.0,0.42921560631675604,0.30182103011909034,0.25478915239533134,0.44338981748557826,0.7489659164121939,1.1979210527729385,2,1.0,1.0,59.350724239196495,1618.0460490697155,1870.0299756992645,0.0,202425-UEL-quarter-finals-001,2025-04-10 16:45:00+00:00,Quarter Finals,1639.52,1772.71,False,0.4807511799310209,0.6403383335633669,1.0471290432152567,0.3825165999566705,0.2502459155566854,0.26454136879997014,0.4852127156433445,0.8675447023679839,1.38531118237181,0.3812857493290706,0.32579482407234844
5,202425-0949,2024/25,UECL,QUARTERFINAL,215,15,0.0,0.5635876005418432,0.4362104644097245,0.2547542722642374,0.3090352633260381,0.7326115758243463,1.1742998877994346,1,1.0,1.0,-58.6023945899124,1412.273592623155,1468.0167656663114,0.0,202425-UECL-quarter-finals-003,2025-04-10 19:00:00+00:00,Quarter Finals,1480.54,1460.63,False,0.6247809266096555,0.8670439160344522,1.3654738096481198,0.5992723883973254,0.46479119237226674,0.26896239205011746,0.26624641557761586,0.8267659434968514,1.3233330246684072,0.3591273954954349,0.31763098348451224
5,202425-0270,2024/25,UCL,QUARTERFINAL,212,55,0.0,0.5547093500563579,0.42626576880782424,0.25688716249706733,0.3168470686951084,0.7143914474635861,1.1493360546516231,1,1.0,1.0,-57.67922534751197,2016.0657455970222,2084.8791375849587,0.0,202425-UCL-quarter-finals-002,2025-04-16 19:00:00+00:00,Quarter Finals,1940.91,2000.47,False,0.6555247186909813,0.9421532536470184,1.4825717683507018,0.48624552517655717,0.34635146910005166,0.279788112153011,0.3738604187469373,0.5902915030616707,0.9838727631350862,0.2364347107542259,0.307702463039947
5,202425-0537,2024/25,UEL,QUARTERFINAL,123,169,1.0,0.684955396904302,0.5727438163031965,0.224423161202211,0.20283302249459254,0.2740548368054422,0.5573167542093089,2,1.0,1.0,32.7586485690714,1810.679251460068,1677.396773308912,0.0,202425-UEL-quarter-finals-001,2025-04-17 19:00:00+00:00,Quarter Finals,1772.65,1655.78,False,0.6994250954096033,0.2523949447081778,0.5274536274078366,0.7232381031462587,0.6111458435362089,0.22418451922009963,0.1646696372436915,0.22858234308708267,0.4924196518354018,0.07659714755008094,0.0992531019397259
5,202425-0950,2024/25,UECL,QUARTERFINAL,15,215,0.0,0.7080530707390275,0.6055515062111153,0.20500312905582424,0.18944536473306042,1.0657177263499509,1.6636546087840671,3,1.0,1.0,-73.62405667221023,1526.6191602562237,1353.6711980332427,0.0,202425-UECL-quarter-finals-003,2025-04-17 19:00:00+00:00,Quarter Finals,1477.96,1465.98,False,0.5640554103272396,0.733607545797777,1.175689547635038,0.5882620867123409,0.4526245964447983,0.27127498053508525,0.27610042302011645,0.8024897379227817,1.286990627920739,0.34605228266315774,0.5013391509829662
5,202425-0955,2024/25,UECL,SEMIFINAL,215,57,0.0,0.32158131066356826,0.2119324566543,0.21929770801853654,0.5687698353271634,0.2789663058494718,0.5642794340245989,3,1.0,1.0,-33.43834186935499,1427.2952547054529,1846.734409432557,0.0,202425-UECL-semi-finals-002,2025-05-01 19:00:00+00:00,Semi Finals,1465.98,1849.31,False,0.3396466708572252,0.30802288566304953,0.6035876235739297,0.12799524940471935,0.06549226870537525,0.1250059613986882,0.8095017698959365,0.056205303318168136,0.21133631946049217,0.016382783870176307,0.1034145393680984
5,202425-0956,2024/25,UECL,SEMIFINAL,57,215,1.0,0.8518904168825973,0.7965901844268385,0.1106004649115175,0.092809350661644,0.062221591480387396,0.22741493014475506,1,1.0,1.0,15.400580538054356,1880.172751301912,1393.8569128360978,0.0,202425-UECL-semi-finals-002,2025-05-08 19:00:00+00:00,Semi Finals,1865.62,1495.58,False,0.8072746037685342,0.10526666412930089,0.3073166729503722,0.9181854741390693,0.8761177649763834,0.08413541832537166,0.03974681669824491,0.02400538620887575,0.13225476217676035,0.006693616641848905,0.021936448611210833
