match_id,fold,test_season,season,competition,round,phase,actual_home_score,home_team_name,away_team_name,clubelo_home_elo,clubelo_away_elo,clubelo_expected_home_score,clubelo_brier_loss,clubelo_log_loss,ao_expected_home_score,static_start_only_expected_home_score,static_start_only_brier_loss,static_start_only_log_loss,static_start_only_home_power,static_start_only_away_power,dynamic_season_reset_expected_home_score,dynamic_season_reset_brier_loss,dynamic_season_reset_log_loss,dynamic_season_reset_home_power,dynamic_season_reset_away_power,dynamic_carry_050_expected_home_score,dynamic_carry_050_brier_loss,dynamic_carry_050_log_loss,dynamic_carry_050_home_power,dynamic_carry_050_away_power,dynamic_carry_085_current_expected_home_score,dynamic_carry_085_current_brier_loss,dynamic_carry_085_current_log_loss,dynamic_carry_085_current_home_power,dynamic_carry_085_current_away_power,dynamic_carry_100_expected_home_score,dynamic_carry_100_brier_loss,dynamic_carry_100_log_loss,dynamic_carry_100_home_power,dynamic_carry_100_away_power
202021-0284,1,2020/21,2020/21,UEL,3rd Qualifying Round,QUALIFYING,1.0,Rosenborg BK,Alanyaspor,1471.64,1484.76,0.5528761388609146,0.1999197471999241,0.592621282907159,0.6347371686439106,0.6119814799280148,0.1505583719188536,0.4910532584832325,686.351821780128,681.8275112420316,0.6536649004820624,0.11994800115809975,0.42516044342277914,703.8957092715399,681.8275112420316,0.6447166845808325,0.12622623421523563,0.4389443073962263,700.0561829585625,681.8275112420316,0.6347371686439106,0.133416935970267,0.4545442734202447,695.8249122720746,681.8275112420316,0.6294360032233468,0.13731767570708744,0.46293109353573625,693.597391946723,681.8275112420316
202021-0297,1,2020/21,2020/21,UEL,3rd Qualifying Round,QUALIFYING,0.5,Besiktas,Rio Ave,1540.77,1523.21,0.5960194631667066,0.0092197373068225,0.7119352672333628,0.7311587785544769,0.8631676384932724,0.13189073364878018,1.068072548474884,802.3196284924936,662.340704838876,0.8190062404975461,0.10176498147637823,0.954478150850328,784.1033537746205,676.5880415545445,0.7794540497262643,0.07809456590840941,0.8804053775790945,759.8218026646566,676.4562308569487,0.7311587785544769,0.053434380902797673,0.8133794819961075,734.1149425392882,676.3488788176571,0.7038461393811323,0.04155324854059201,0.7840358295222094,720.89244214673,676.3013669021457
202021-0313,1,2020/21,2020/21,UEL,3rd Qualifying Round,QUALIFYING,0.0,Djurgårdens IF,CFR Cluj,1453.27,1603.77,0.3592721757544251,0.1290764962713185,0.4451505233956624,0.4090592972453998,0.5133743192564918,0.26355319167206637,0.7202600741446956,675.9321833434619,710.7033823073335,0.46929121012932506,0.22023423990464633,0.6335418264991765,670.738115388457,722.7562340653811,0.43205754296011506,0.18667372042873168,0.5657351734213621,670.7017442696789,737.4233617628161,0.40905929724539986,0.1673295086629004,0.5260396003583677,670.2103927919909,746.15586098033,0.40008801114627446,0.16007041666298144,0.510972319769114,669.8972569598028,749.4819577279803
202021-0300,1,2020/21,2020/21,UEL,3rd Qualifying Round,QUALIFYING,1.0,FC København,Piast Gliwice,1565.89,1362.0,0.8117632604851017,0.0354330701031996,0.2085465324564734,0.796537522958346,0.9054192370510911,0.008945520719997706,0.09935719718689584,801.4415139484479,620.7059604283336,0.8821240261555584,0.013894745209775478,0.12542261363731294,807.5483095735624,650.8748291894227,0.840173965319352,0.025544361361739713,0.17414630701669048,786.8367442532535,664.6743628397139,0.796537522958346,0.04139697956392557,0.22748104093834373,768.1438458754477,674.781415743627,0.7732610097504626,0.0514105696993798,0.25713862923773606,759.1084710219214,679.228492621289
202021-0316,1,2020/21,2020/21,UEL,Qualifying Play-off Round,QUALIFYING,0.0,Rosenborg BK,PSV Eindhoven,1471.64,1654.51,0.3175917780786378,0.1008645375031507,0.3821272343406708,0.433569870723975,0.4272134311311004,0.18251131573880744,0.5572421118143515,686.351821780128,755.0051055279398,0.4728364556809434,0.22357431382091675,0.6402444478072118,713.5930920580421,764.2208356554531,0.4518098643939655,0.20413215356369346,0.6011330894270547,710.0041157902992,768.8986050239315,0.433569870723975,0.1879828327996044,0.5684015436741315,706.0522715500451,772.1719030539002,0.4248060033921199,0.18046014051798576,0.5530479096814354,703.9731838564693,773.5885161306578
202021-0062,1,2020/21,2020/21,UCL,Group Stage,MAIN_STAGE,0.5,Chelsea,Sevilla,1823.93,1877.55,0.4947905897363696,2.713795529481797e-05,0.6932014594166226,0.5684292181889549,0.5799239768683359,0.006387842078450285,0.7060889175129292,885.4981579157183,893.9884444103841,0.5799239768683359,0.006387842078450285,0.7060889175129292,885.4981579157183,893.9884444103841,0.554070911794791,0.0029236635023200635,0.699028967727616,877.0269466062426,895.8095482709363,0.5684292181889549,0.004682557901951591,0.7026011125380841,877.9792253085542,891.0637445658252,0.5826317158541306,0.006828000464997787,0.7069931345047196,880.1274971570225,887.5306945911475
202021-0060,1,2020/21,2020/21,UCL,Group Stage,MAIN_STAGE,0.0,FC Midtjylland,Atalanta,1598.27,1844.54,0.2441941472145274,0.0596307815338302,0.2799707442683742,0.3922118191513372,0.27768451485837325,0.07710868979213012,0.3252932754985898,673.0999348886588,806.5143691892366,0.4141368128563925,0.17150929976285065,0.5346689857014755,732.617585272398,806.5143691892366,0.4064895289736359,0.16523373716520837,0.5217004222466588,723.019094263239,800.004374350402,0.39221181915133724,0.15383011108200126,0.4979288444788046,717.1085060100814,799.9106100784841,0.38395073042269073,0.14741816339211772,0.48442833556704584,714.7649378595863,800.9664263539679
202021-0061,1,2020/21,2020/21,UCL,Group Stage,MAIN_STAGE,0.0,Ajax,Liverpool,1761.45,1970.78,0.285533406760674,0.0815293263763565,0.3362190381435967,0.5143032242094306,0.5037978674273771,0.25381229122437304,0.7007719099250809,861.2703275535827,899.785845423946,0.5037978674273771,0.25381229122437304,0.7007719099250809,861.2703275535827,899.785845423946,0.5082529790955291,0.2583210907594804,0.7097908798818615,853.8578960271925,890.6318020739948,0.5143032242094306,0.2645078064322159,0.7221707679259542,853.6127826742386,888.0206267208036,0.5176652386224105,0.26797729927799724,0.7291168803232367,854.7906369511263,887.8830377842124
202021-0338,1,2020/21,2020/21,UEL,Group Stage,MAIN_STAGE,0.0,Rapid Wien,Arsenal,1616.6,1811.67,0.3025698830889151,0.0915485341524397,0.3603529611145311,0.2261370318496676,0.1920942155507034,0.0369001876480401,0.213309830664083,699.1534942488831,879.5189410592998,0.20165758784063373,0.04066578273370291,0.22521768564521844,705.0646484327651,879.5189410592998,0.218439482271462,0.04771580741502437,0.2464626942063695,704.7610740627683,869.3281555728122,0.22613703184966766,0.05113795717377761,0.2563604647999224,704.5549482577976,864.7707331276049,0.22819297839596167,0.05207203538921983,0.2590207322210671,704.4683060727945,863.5397569747606
202021-0345,1,2020/21,2020/21,UEL,Group Stage,MAIN_STAGE,0.0,PSV Eindhoven,Granada CF,1666.56,1734.34,0.4744348365886418,0.2250884141688912,0.6432810936670853,0.6559367693934488,0.6615950247708836,0.4377079768015861,1.0835119491444445,755.0051055279398,729.4951200013544,0.6416868652929288,0.4117620330894654,1.0263479969365699,777.4602564145196,760.5216616045096,0.6503047814072492,0.4228963087211302,1.050693307889465,781.5492812269624,760.9281493050009,0.6559367693934488,0.43025304544231446,1.066929828596944,784.3118594341715,761.2615238590522,0.6582791507359941,0.43333144029370163,1.073761105439002,785.4830842256372,761.4168940176119
202021-0347,1,2020/21,2020/21,UEL,Group Stage,MAIN_STAGE,0.0,Napoli,AZ Alkmaar,1766.67,1606.44,0.7703310016959749,0.5934098521739241,1.471116144420959,0.854903013074625,0.8717231217737137,0.7599012010349089,2.053564240076262,866.1283114868666,718.8765202761552,0.861887081264192,0.7428493408501079,1.979683676701604,866.1283114868666,727.2046962158851,0.8613939994306653,0.741999622255157,1.9761198990124549,868.5020907284995,729.9826335207324,0.854903013074625,0.7308591617640725,1.9303528848115639,866.8530473159153,733.5448952246945,0.8504648721645557,0.723290498785874,1.900223944953282,865.2960879591593,735.4406283600725
202021-0352,1,2020/21,2020/21,UEL,Group Stage,MAIN_STAGE,1.0,Villarreal,Sivasspor,1779.69,1438.37,0.9048762050642912,0.0090485363629707,0.0999571346230225,0.8111005086213215,0.8111005086213215,0.035683017843123416,0.20936330083006183,789.5028898523276,687.1130156884827,0.8111005086213215,0.035683017843123416,0.20936330083006183,789.5028898523276,687.1130156884827,0.8111005086213215,0.035683017843123416,0.20936330083006183,789.5028898523276,687.1130156884827,0.8111005086213215,0.035683017843123416,0.20936330083006183,789.5028898523276,687.1130156884827,0.8111005086213215,0.035683017843123416,0.20936330083006183,789.5028898523276,687.1130156884827
202021-0076,1,2020/21,2020/21,UCL,Group Stage,MAIN_STAGE,1.0,Liverpool,FC Midtjylland,1970.78,1598.27,0.9192472468633398,0.0065210071391503,0.0842001537866495,0.9182024176167964,0.9387270726502934,0.00375437162600242,0.06323049947736552,899.785845423946,673.0999348886588,0.9155317109897253,0.0071348918483232935,0.08825027757588724,913.8921857119125,721.021754512419,0.9158122896570683,0.007087570572785371,0.08794385926295506,904.8628854886696,711.6373874519772,0.9182024176167964,0.006690844483736974,0.08533741417462412,902.4211169986677,706.126575073844,0.9197785302777294,0.006435484204401182,0.08362236587766689,902.3776644656399,704.014317407751
202021-0077,1,2020/21,2020/21,UCL,Group Stage,MAIN_STAGE,0.5,Atalanta,Ajax,1844.54,1761.45,0.6826826265979967,0.0333729420607431,0.7647890154916908,0.5298475437837339,0.4623195213551338,0.0014198184709062161,0.6959949117003811,806.5143691892366,861.2703275535827,0.5279758471080628,0.0007826480214137045,0.694714931880128,818.1101999492156,847.1639872656161,0.5300489852826626,0.0009029415165176762,0.6949563326803359,811.3860811616638,839.6268126125177,0.5298475437837339,0.0008908758699219115,0.6949321145011579,810.8925410147215,839.2122923963746,0.5291866796558541,0.0008518622693334468,0.6948538143866297,811.7170468058032,840.2960102696989
202021-0078,1,2020/21,2020/21,UCL,Group Stage,MAIN_STAGE,0.0,FK Krasnodar,Chelsea,1594.44,1823.93,0.262458865403732,0.0688846560290143,0.3044334165998167,0.3567233052400046,0.3232437921566093,0.10448654916778524,0.39044417750668703,773.2951955095485,885.4981579157183,0.37427902267039564,0.14008478681110653,0.46885073036176134,793.0436102172215,883.2602865634049,0.37507256035939895,0.14067942553455498,0.4701197325605029,785.6272433030192,875.5129610759885,0.3567233052400046,0.1272515165013535,0.44118032886016406,778.4482819791903,876.0632071992635,0.3443259176108713,0.11856033753856851,0.422091439123121,774.877190803446,877.8138091131068
202021-0081,1,2020/21,2020/21,UCL,Group Stage,MAIN_STAGE,0.5,Club Brugge,Lazio,1682.44,1727.03,0.5077849866647838,6.060601737086124e-05,0.6932684072894193,0.709529471884295,0.5788286879818267,0.006213962048936195,0.7057321660141276,774.145004139644,783.074469316233,0.5859784542142744,0.007392294589076082,0.7081547605919105,794.6224934619422,800.67928477485,0.6525787964069101,0.023280289112981314,0.7420203891194901,795.9206322640637,774.3208886973217,0.709529471884295,0.04390259958811159,0.7897032022010528,796.4751563015548,749.204774125981,0.7352581361927893,0.05534639064490502,0.81826683115117,796.5775676075948,736.7636937829454
202021-0087,1,2020/21,2020/21,UCL,Group Stage,MAIN_STAGE,0.0,FC Salzburg,Bayern München,1785.53,2037.99,0.2376777784704842,0.0564907263786646,0.2713859497771832,0.2145701075763197,0.45349089348497107,0.20565399047379737,0.60420430816489,841.4334019711839,899.6648892997794,0.395890294257548,0.15672912508732795,0.5039994655164939,837.0225415492453,918.3192572410198,0.27756845237978955,0.0770442457565115,0.32513260726228055,824.0260496828104,957.4970344206394,0.21457010757631978,0.046040331065313446,0.24152407743557955,818.1539135551938,984.9500101264033,0.19226073801265017,0.03696419138116891,0.21351596809866835,816.5251019035204,996.7857342469792
202021-0092,1,2020/21,2020/21,UCL,Group Stage,MAIN_STAGE,0.0,Atalanta,Liverpool,1821.33,1992.73,0.3320706680243792,0.1102709285621574,0.4035729014973538,0.3637048561707678,0.3669869102615366,0.13467939230330914,0.4572641781600389,806.5143691892366,899.785845423946,0.3536400555825102,0.12506128891240093,0.4363987408712093,817.3268762301899,916.2572978042002,0.3589325891530818,0.12883260355613502,0.44462066246313386,810.5447095737493,907.2201413782717,0.36370485617076787,0.13228122240219894,0.45209276066119486,810.056809788777,904.7114493053974,0.365911650033904,0.13389133563053426,0.4555669809948481,810.8998197754393,904.6238656178634
202021-0093,1,2020/21,2020/21,UCL,Group Stage,MAIN_STAGE,0.0,FC Midtjylland,Ajax,1576.65,1770.08,0.3045657562012788,0.0927602998504568,0.3632188173094261,0.2719792823530316,0.18000213052366756,0.03240076699305945,0.19845353692680814,673.0999348886588,861.2703275535827,0.28622798849398906,0.08192646139731513,0.337191679249593,718.6566424201312,847.9473109846418,0.2822775302438254,0.07968060408055376,0.33167231702982225,709.2801315623751,840.4681842004322,0.27197928235303165,0.07397273002927011,0.31742577288410573,703.8362427671143,840.0480236223191,0.26567668608840794,0.07058410153091846,0.3088058651830315,701.7681162555275,841.1132373000628
202021-0094,1,2020/21,2020/21,UCL,Group Stage,MAIN_STAGE,1.0,Sevilla,FK Krasnodar,1845.13,1562.48,0.8715672187929129,0.0164949792885875,0.1374622869988216,0.8470256642546352,0.8381447435153364,0.026197124051716234,0.17656446845665688,893.9884444103841,773.2951955095485,0.8323155791268544,0.02811806500356223,0.18354360824252314,899.1177419839235,782.5637975824504,0.8437646593069721,0.024409481681466505,0.16988166295287516,899.9246734069135,775.125211612956,0.8470256642546352,0.02340114739673559,0.16602428460655577,895.6975779207074,768.4600294324702,0.8473200519772094,0.02331116652824204,0.16567679032281396,892.6957982800387,765.2360651103415
202021-0110,1,2020/21,2020/21,UCL,Group Stage,MAIN_STAGE,0.0,FK Krasnodar,Sevilla,1552.8,1854.38,0.1902770638522019,0.0362053610282149,0.211063143968034,0.2728061456818905,0.30453568457959657,0.09274198318236353,0.36317557674168277,773.2951955095485,893.9884444103841,0.293275414705536,0.08601046887070411,0.34711424302039756,777.8686337980024,903.8129057683715,0.2774091218637102,0.07695582089319482,0.3249120840179557,770.7506220735512,904.2992629463183,0.2728061456818905,0.07442319312180885,0.3185621873122943,764.1767480315999,899.9808593215777,0.27238873667134483,0.07419562386541123,0.31798835234713463,760.9610265657034,896.9708368246769
202021-0103,1,2020/21,2020/21,UCL,Group Stage,MAIN_STAGE,1.0,Bayern München,FC Salzburg,2066.39,1773.49,0.8780284388072647,0.0148770617397931,0.1300762954305034,0.903720013254276,0.7320939912984669,0.07177362949838595,0.311846369850632,899.6648892997794,841.4334019711839,0.8127829579444237,0.03505022083603943,0.20729116947366766,929.4041854802311,825.937613310034,0.8737271524599671,0.015944832025868386,0.13498713460579806,965.2689510872734,816.2541330161763,0.9037200132542761,0.009269835847756772,0.10123568641452399,990.9579731385403,812.1459505430568,0.9140615103689664,0.0073854240000632634,0.08985741179571463,1002.1690349113335,811.1418012391662
202021-0108,1,2020/21,2020/21,UCL,Group Stage,MAIN_STAGE,0.0,Liverpool,Atalanta,2009.2,1802.25,0.8144400934711119,0.6633126658532335,1.6843775028231869,0.8301162777805887,0.7963866314128845,0.6342316666931614,1.5915323354244477,899.785845423946,806.5143691892366,0.8354066428510329,0.6979042589196333,1.8042773490932449,926.1592193605105,807.4249546738796,0.8326320081871478,0.6932760610577625,1.7875603470178347,917.270253874558,800.494597077463,0.8301162777805887,0.6890930346362996,1.7726410629023048,914.8951852781789,799.8730738159954,0.8289484260872205,0.6871554931124801,1.7657901661230462,914.8693918188127,800.65429357449
202021-0109,1,2020/21,2020/21,UCL,Group Stage,MAIN_STAGE,1.0,Ajax,FC Midtjylland,1779.63,1581.41,0.8067250596777127,0.0373552025565837,0.2147723630891793,0.8764429426672252,0.9117369516680994,0.0077903657008394165,0.09240376070028004,861.2703275535827,673.0999348886588,0.8694955224232976,0.01703141866756801,0.13984209480048623,855.9616946624735,710.6422587422995,0.8714296561916117,0.016530333307007164,0.13762013306677628,848.3719550472593,701.376360715548,0.8764429426672252,0.015266346416734593,0.13188367352555963,847.663443528204,696.2208228612294,0.8794913624287412,0.014522331729281019,0.12841153585475037,848.5521845105383,694.329169045052
202021-0124,1,2020/21,2020/21,UCL,Group Stage,MAIN_STAGE,0.5,Atalanta,FC Midtjylland,1802.25,1581.41,0.8262213519490692,0.1064203704674784,0.9704327440267916,0.8511139781148104,0.8550378787190098,0.12605189532529432,1.0439461558324987,806.5143691892366,673.0999348886588,0.8424498895737302,0.11727192686906003,1.0097264033288598,830.8163406737085,706.9881333701519,0.8454201055324189,0.11931504930602739,1.0174829044342502,823.8082933067031,697.7763910889131,0.8511139781148104,0.12328102562760754,1.0328917223004905,823.1163295938519,692.7612252559118,0.8543967571197733,0.12559706145701155,1.0421147386139218,823.8648495049322,690.9549271930567
202021-0125,1,2020/21,2020/21,UCL,Group Stage,MAIN_STAGE,1.0,Liverpool,Ajax,2009.2,1779.63,0.8333189402926751,0.0277825756651568,0.1823388285919012,0.6951079574632576,0.6907237691443585,0.09565178697227204,0.3700152903558899,899.785845423946,861.2703275535827,0.7007671681141298,0.08954028767843748,0.35557958960962327,902.7678333606816,859.6158200346212,0.6982560550619922,0.0910494083067515,0.3591694024264703,893.9565576453178,851.9719246738943,0.6951079574632576,0.09295915760222674,0.36368811100098863,891.6519295003225,851.1230411335216,0.6933777643906829,0.09401719537005558,0.36618031375233456,891.6588358883705,851.9264263625336
202021-0126,1,2020/21,2020/21,UCL,Group Stage,MAIN_STAGE,0.0,Sevilla,Chelsea,1865.42,1877.78,0.5539573831783834,0.3068687823778422,0.807340778115313,0.633127739043133,0.6215742771506233,0.38635458201531986,0.9717354661830522,893.9884444103841,885.4981579157183,0.624940131815993,0.39055016835419065,0.9806696172635049,912.0246173801265,902.1336083247069,0.643757928997827,0.4144242711475713,1.0321448044829695,912.0667183585022,894.2468068942295,0.633127739043133,0.40085073394586956,1.0027415543033067,907.6194314006706,894.2997266932584,0.6224587614683078,0.3874549097286597,0.9740754751158814,904.5977214514745,895.7398291366546
202021-0448,1,2020/21,2020/21,UEL,Group Stage,MAIN_STAGE,0.0,Sivasspor,Villarreal,1435.84,1809.38,0.1344182109295915,0.0180682554295121,0.1443534096158436,0.3265955521581539,0.3455902240728125,0.11943260297469674,0.42402155504114236,687.1130156884827,789.5028898523276,0.32869510461270757,0.10804047179635877,0.3985318556652534,700.6143461745539,810.3928262724933,0.32806068707830094,0.10762381440628689,0.3975872506892478,698.280183269516,808.3397519540766,0.3265955521581539,0.10666465468948942,0.3954091672252296,696.1646285935853,806.8744144037856,0.3256980656387333,0.10607922996081263,0.3940772945503772,695.1377980712325,806.2466239864258
202021-0434,1,2020/21,2020/21,UEL,Group Stage,MAIN_STAGE,1.0,Arsenal,Rapid Wien,1807.75,1587.05,0.8261056100162754,0.0302392588678117,0.1910326564716283,0.9021994463825034,0.9050943895473077,0.009007074895398178,0.09971604287852379,879.5189410592998,699.1534942488831,0.9097361143058732,0.008147569060602388,0.09460070580407277,896.1430698064278,710.3777524842991,0.9041105084577029,0.009194794588240265,0.10080368219199308,887.2731115711168,708.0217487791194,0.9021994463825034,0.009564948287888831,0.10291966763859574,883.638236384116,706.5219566935414,0.9019804777429186,0.009607826743506484,0.10316240245426675,882.7982113717949,705.9241861761676
202021-0441,1,2020/21,2020/21,UEL,Group Stage,MAIN_STAGE,0.0,Granada CF,PSV Eindhoven,1725.26,1660.15,0.6598501314063312,0.4354021959169525,1.0783689685099165,0.6413111106974335,0.5370038755789607,0.28837316238682387,0.7700365955118451,729.4951200013544,755.0051055279398,0.6515227152794464,0.42448184852510257,1.0541822310477598,788.9460967209473,767.8012019627594,0.6451769247904164,0.4162532642820187,1.036135993430472,789.6562646124893,771.2311962290181,0.6413111106974335,0.41127994070397583,1.0252998698258724,790.0031003389008,773.2241613650178,0.6397809061339654,0.4093196078535979,1.0210428385779315,790.1156556576718,773.9861329714454
202021-0443,1,2020/21,2020/21,UEL,Group Stage,MAIN_STAGE,0.5,AZ Alkmaar,Napoli,1639.84,1784.55,0.3669800188565293,0.0176943153834092,0.7298505842455091,0.3188908176990294,0.25019287399711765,0.06240360020181994,0.8367312167177086,718.8765202761552,866.1283114868666,0.3098851677797638,0.03614364943012855,0.7712253741873925,741.945093940151,860.1822225717519,0.3101273289228653,0.03605163122196578,0.7710102802311543,744.6131819625942,862.7396849790297,0.3188908176990294,0.03280053591372621,0.7634695791499154,747.5539783409288,861.7082905851572,0.3248295762255783,0.030684677365310487,0.7586223776719581,749.0503037723493,860.5458186669495
202021-0145,1,2020/21,2020/21,UCL,Group Stage,MAIN_STAGE,0.5,Lazio,Club Brugge,1734.9,1651.67,0.6828571816717356,0.0334367488889301,0.7649363106349925,0.5927393316616965,0.6226308760086918,0.015038331750659148,0.7241664459875391,783.074469316233,774.145004139644,0.6861859955540535,0.034665224940454015,0.7677806842835447,823.6355499111569,787.1874057769468,0.6401375108703995,0.01963852195295134,0.7340527800577789,801.2775174634194,784.9967605947182,0.5927393316616965,0.008600583637058134,0.7106511940196754,778.4468637283604,781.7738265153829,0.5681741891706183,0.004647720069071256,0.7025301119619841,766.8118554708477,779.9979521407221
202021-0142,1,2020/21,2020/21,UCL,Group Stage,MAIN_STAGE,0.5,Chelsea,FK Krasnodar,1877.78,1540.49,0.9028605425295884,0.1622966167272342,1.2168974012757292,0.8721882642076628,0.8260088727835528,0.10628178513360274,0.9699503688634322,885.4981579157183,773.2951955095485,0.8660004481743684,0.13395632806383853,1.076894338259564,919.6319320155546,777.2886085525344,0.8654013369450104,0.13351813704120105,1.0750098504266452,912.2720289061687,770.4322453827052,0.8721882642076628,0.13852410401391302,1.0969734454745486,912.0273033864662,764.368414599524,0.8767347885894143,0.14192910093351072,1.1124838972020448,913.1686744577672,761.4624386547655
202021-0140,1,2020/21,2020/21,UCL,Group Stage,MAIN_STAGE,0.5,FC Midtjylland,Liverpool,1577.59,1986.29,0.1125611306108998,0.1501088775135042,1.1518372306376548,0.1662006466885743,0.12892584082184425,0.13769603160977528,1.0932730402301338,673.0999348886588,899.785845423946,0.17053774909243466,0.10854537477307952,0.9778881415494023,716.5767302782164,911.146352653486,0.16997737323756712,0.10891493417517607,0.9791961333981705,707.4481540438209,902.405388103582,0.1662006466885743,0.11142200827112603,0.9881609973348694,702.5924166431265,900.1889066913512,0.16370602000861106,0.1130936409784487,0.9942290488228034,700.8780363924104,900.2442584854314
202021-0141,1,2020/21,2020/21,UCL,Group Stage,MAIN_STAGE,0.0,Ajax,Atalanta,1794.47,1804.53,0.55722641960408,0.3105012827047823,0.8146967447968705,0.670225620895578,0.7250607226583626,0.5257130515418671,1.2912050153643826,861.2703275535827,806.5143691892366,0.6718264822141018,0.45135082220417483,1.1142127928385608,851.2373007418167,821.227743765644,0.670419295848744,0.4494620322463258,1.109934025890955,843.5230942156301,814.1365303517954,0.670225620895578,0.4492023829048631,1.1093465580343949,842.5860639424928,813.2851382066372,0.6704480117030645,0.44950053639659243,1.1100211581320578,843.3410037654727,813.9417403055785
202021-0156,1,2020/21,2020/21,UCL,Round 2,KNOCKOUT,0.0,RB Leipzig,Liverpool,1876.66,1912.95,0.5197200414879525,0.270108921524239,0.7333860982024679,0.5236256703040012,0.4595106593325495,0.21115004604023435,0.6152803633416504,843.9252482154363,899.785845423946,0.521990788139874,0.2724743829028868,0.7381252750024736,870.5223884904959,901.9214096280742,0.5381501761061888,0.28960561204312196,0.7725154972496181,868.1053630379301,893.1647545542339,0.5236256703040012,0.27418384260131456,0.7415513268822567,860.0838549908174,890.8425247986313,0.5107292631380822,0.2608443802255684,0.7148392886028053,855.0223647095055,890.8280270456725
202021-0486,1,2020/21,2020/21,UEL,Round 2,KNOCKOUT,0.5,Benfica,Arsenal,1712.16,1805.93,0.4373410432675594,0.0039261448587978,0.7010617819783992,0.3978316580207476,0.49618338679383983,1.4566536365436202e-05,0.6931763144814451,838.0271314353557,879.5189410592998,0.41078515881260463,0.007959287888092177,0.7093246675537282,825.6315632828588,900.8798231388416,0.41400173301162563,0.007395701925003721,0.7081617829571925,818.1285244666183,892.079713294926,0.39783165802074766,0.010438370102789456,0.7144722839485858,807.855630839178,888.3598112684722,0.3864297671823288,0.012898197782260042,0.7196328424263069,802.2692902900291,887.4478746993607
202021-0494,1,2020/21,2020/21,UEL,Round 2,KNOCKOUT,0.0,FC Salzburg,Villarreal,1744.01,1776.37,0.5253642098076307,0.2760075529467962,0.7452075265461183,0.5764498065109902,0.7192592750311431,0.5173339047183255,1.2703237225295838,841.4334019711839,789.5028898523276,0.5951295830722596,0.35417922064776153,0.904188221276255,821.2745854760817,823.633099307099,0.5818533447092296,0.3385533147493175,0.8719230580129222,813.5452565605875,821.2611522857446,0.5764498065109902,0.33229437942655804,0.8590832512778375,809.5587542372074,819.4410162510424,0.5753136482081088,0.3309857938145236,0.8564043782944485,808.2968631861752,818.6336793244457
202021-0504,1,2020/21,2020/21,UEL,Round 2,KNOCKOUT,1.0,Granada CF,Napoli,1690.04,1764.01,0.4655590236418143,0.2856271572106907,0.7645163940799601,0.4078410660166745,0.27112620052991826,0.531257015553953,1.3051708818876193,729.4951200013544,866.1283114868666,0.40879623568560136,0.34952189093951497,0.8945384483405143,769.336507696677,845.3883257819685,0.4050496382986075,0.3539659328886177,0.9037456556856491,770.3305243513213,847.8993332961234,0.4078410660166745,0.3506522030962685,0.8968777245467568,770.7309342431994,847.169084086861,0.4104331757922746,0.34758904020638304,0.8905421506922939,770.830350420598,846.2207307174826
202021-0152,1,2020/21,2020/21,UCL,Round 2,KNOCKOUT,0.0,Lazio,Bayern München,1772.28,2053.09,0.2093828972313823,0.0438411976530076,0.2349414957091911,0.1443696370431363,0.3135005598869711,0.09828260104944436,0.3761498693417725,783.074469316233,899.6648892997794,0.3100871902655662,0.09615406556679344,0.3711900520789902,818.4223420356434,936.5671781628403,0.20932229207374783,0.04381582195900739,0.23486484313655978,797.3536671590482,967.2200700898035,0.14436963704313632,0.02084259209996692,0.15591681507668415,775.8501624418329,989.7324851060039,0.11987065185894055,0.014368973177087328,0.12768639578741434,764.9029781740704,999.7155462423136
202021-0164,1,2020/21,2020/21,UCL,Round 2,KNOCKOUT,0.0,Atalanta,Real Madrid,1823.61,1904.89,0.4551056942872359,0.207121192972667,0.6071634375986069,0.521272545544383,0.36640054161775065,0.13424935689778103,0.45633829330828174,806.5143691892366,900.0325745200964,0.4868237357510525,0.23699734969061056,0.6671358977994329,840.0388852676389,885.1902189161952,0.4987655635665938,0.24876708739990191,0.6906813503528181,832.9082706355603,873.3907696540524,0.521272545544383,0.2717250667383208,0.7366238321170733,832.0514555917133,863.7317391376819,0.5344046972471794,0.2855883804398495,0.764438471205102,832.7142846332642,859.2454073997374
202021-0487,1,2020/21,2020/21,UEL,Round 2,KNOCKOUT,1.0,Arsenal,Benfica,1805.93,1712.16,0.6958486302356758,0.0925080557295146,0.3626231275946427,0.7639851427875496,0.6971923744080363,0.09169245811664288,0.36069390284870134,879.5189410592998,838.0271314353557,0.7555230949846908,0.0597689570858645,0.280344928597336,898.3818075855945,828.1295788361059,0.753405634599037,0.06080878104750367,0.2831515048577684,889.6717618192515,820.5364759422928,0.7639851427875496,0.05570301282501336,0.2692069366178594,885.4990976930532,810.7163444145971,0.7713510627112471,0.05228033652327606,0.2596116747961597,884.2679081804658,805.4492568089239
202021-0495,1,2020/21,2020/21,UEL,Round 2,KNOCKOUT,1.0,Villarreal,FC Salzburg,1776.37,1744.01,0.6163542481078224,0.1471840629449143,0.4839334026455437,0.6986414806333241,0.4695145058586562,0.2814148594943857,0.7560560844135396,789.5028898523276,841.4334019711839,0.6845035371680868,0.09953801805944881,0.3790614667460402,840.2967276331223,804.6109571500584,0.6946106157923669,0.09326267598671732,0.36440385547140686,837.5530459376031,797.2533629087291,0.6986414806333241,0.09081695719487518,0.35861757157092966,835.58161083335,793.4181596548997,0.6994831152975685,0.09031039799125454,0.3574136234130106,834.7424614742727,792.1880810363482
202021-0505,1,2020/21,2020/21,UEL,Round 2,KNOCKOUT,1.0,Napoli,Granada CF,1764.01,1690.04,0.6712024701792333,0.1081078156162379,0.3986844435927165,0.7010358474699528,0.8590731515997146,0.019860376600037012,0.15190120160191878,866.1283114868666,729.4951200013544,0.7003214695122058,0.08980722163532383,0.35621580719784524,828.8346203811653,785.8902130974802,0.7031214396137453,0.08813687961701508,0.3522256572626236,831.2407231684844,786.9891344789603,0.7010358474699528,0.0893795644980093,0.3551962556374086,830.5886339353278,787.3113843947325,0.6990963131865234,0.09054302873794279,0.3579667591349143,829.7128596396664,787.3382214984143
202021-0157,1,2020/21,2020/21,UCL,Round 2,KNOCKOUT,1.0,Liverpool,RB Leipzig,1916.54,1857.11,0.6524735255233292,0.1207746504621841,0.4269847145190386,0.7357913241540293,0.7273085166237913,0.07436064510591713,0.31840452197161156,899.785845423946,843.9252482154363,0.7368816881249098,0.0692312460439972,0.30532793139593584,916.5371516959907,855.9066464225795,0.7259571220720666,0.07509949894302419,0.3202643264082766,908.2329594852072,853.0371581069569,0.7357913241540293,0.06980622439228125,0.3068087274192638,905.5040435671433,845.4223362223054,0.7443050845227042,0.06537988980094146,0.29530426835826135,905.1284464135388,840.7219453416392
202021-0165,1,2020/21,2020/21,UCL,Round 2,KNOCKOUT,1.0,Real Madrid,Atalanta,1909.72,1831.12,0.6770573236279047,0.1042919722223718,0.38999933664422,0.7373596779973416,0.796795758910541,0.041291963596742975,0.22715689537834743,900.0325745200964,806.5143691892366,0.7595852402284878,0.0577992567159939,0.2749827312116108,898.8212835172247,826.4078206666094,0.7520305061501712,0.06148886988014028,0.2849783891660457,887.356205433917,818.9428348556957,0.7373596779973416,0.0689799387416601,0.3046794759934961,878.3273704129246,817.4558243164706,0.7285189215499795,0.07370197595638615,0.3167416803829019,874.2087389226584,817.7509531103432
202021-0153,1,2020/21,2020/21,UCL,Round 2,KNOCKOUT,1.0,Bayern München,Lazio,2021.33,1752.9,0.8621223414006463,0.0190102487408399,0.1483580910102415,0.9358898407192078,0.8323676700754387,0.028100598035936983,0.18348102462653948,899.6648892997794,783.074469316233,0.8576754597992609,0.020256274743351812,0.15352950303171378,945.2496194902761,809.7399007082075,0.9061640476333191,0.008805185956561998,0.09853492130204848,973.0810942678684,791.4926429809833,0.9358898407192078,0.004110112523008549,0.06625750097004558,993.7748349432117,771.8078126046252,0.9469016288473596,0.0028194370190635517,0.054560067804744455,1003.071924494364,761.54659992202
202021-0172,1,2020/21,2020/21,UCL,Quarter Finals,KNOCKOUT,1.0,Real Madrid,Liverpool,1921.3,1908.83,0.5889451093537047,0.1689661231242377,0.5294222926211527,0.5326486853874082,0.6015370035241626,0.15877275956050318,0.5082672267161913,900.0325745200964,899.785845423946,0.5551605231087539,0.1978821602008775,0.5884979762282911,905.552896790827,923.9044644284933,0.5469192029782242,0.20528220862988764,0.603454196833651,894.2993512617122,915.9061600671893,0.5326486853874082,0.2184172512701178,0.6298931989887887,885.681299428999,912.9018864908305,0.5243428700777026,0.22624970524591728,0.6456094764337204,881.810209119259,912.287904046903
202021-0173,1,2020/21,2020/21,UCL,Quarter Finals,KNOCKOUT,0.5,Liverpool,Real Madrid,1908.83,1921.3,0.5538009186423464,0.0028945388467603,0.6989700326237093,0.6035030483087506,0.6003259713037119,0.010065300518033225,0.713694239076962,899.785845423946,900.0325745200964,0.5847299324271273,0.007179161449105565,0.707715698743741,911.4489590755384,918.008402143782,0.5916549811810196,0.00840063557529305,0.7102372218086879,903.2198977505795,906.9856135783219,0.6035030483087506,0.010712881009203553,0.7150455566931079,899.8160496816779,898.7671362381516,0.6103194194083206,0.012170374298588938,0.7181003600285323,898.9695044090787,895.1286087570833
202021-0176,1,2020/21,2020/21,UCL,Semi Finals,KNOCKOUT,0.5,Real Madrid,Chelsea,1949.16,1885.6,0.6578446437805129,0.024914931570197,0.7456384331612184,0.5651608956765491,0.6360103694589645,0.01849882060036402,0.731585155434983,900.0325745200964,885.4981579157183,0.5883571708982639,0.0078069896491450115,0.7090101536384348,920.3808402517415,925.4787284976236,0.5800343194995934,0.006405492297762994,0.706125144889453,909.5519530513905,917.9979779636631,0.5651608956765491,0.004245942325370121,0.701712004349493,901.6652215907966,916.0504313418421,0.5564040811239158,0.0031814203674332764,0.699550853821391,898.2175525005163,916.0769304074727
202021-0538,1,2020/21,2020/21,UEL,Semi Finals,KNOCKOUT,1.0,Villarreal,Arsenal,1801.75,1832.67,0.5274307571947144,0.2233216892455609,0.6397376882296325,0.6141099830407062,0.3747599801539023,0.39092508241714863,0.9814695108559706,789.5028898523276,879.5189410592998,0.601675201703931,0.1586626449376041,0.508037511326378,892.702111501037,892.3990388498792,0.6112058907741214,0.15116085936874446,0.4923214031296075,888.916128718402,884.7108613069032,0.6141099830407062,0.14891110518884407,0.4875812414025838,885.8560248749728,880.4549367395784,0.6143201910815882,0.14874891500734264,0.48723900291420746,884.4621910522786,878.9744166215928
202021-0177,1,2020/21,2020/21,UCL,Semi Finals,KNOCKOUT,1.0,Chelsea,Real Madrid,1896.95,1940.32,0.5095401789934227,0.2405508360218038,0.6742465697751863,0.644260738149583,0.5647856067345363,0.18941156810542573,0.5713090769547772,885.4981579157183,900.0325745200964,0.6253115674527726,0.14039142148469816,0.46950524553509543,927.952729282775,917.9068394665901,0.6321960125822319,0.1352797731604097,0.45855578642988715,920.2389389096517,907.3109921054019,0.644260738149583,0.12655042242187958,0.4396517619136223,917.8749364207855,899.8407165118532,0.6512278360301323,0.12164202236022426,0.4288957194608622,917.6562446789424,896.6382382290466
202021-0539,1,2020/21,2020/21,UEL,Semi Finals,KNOCKOUT,0.5,Arsenal,Villarreal,1835.24,1809.46,0.6073590965197677,0.0115259756055408,0.7167474434886656,0.5331827555322801,0.790931061183896,0.08464088236158784,0.8998178498133288,879.5189410592998,789.5028898523276,0.5443758824038917,0.001969218939124023,0.6971012116690517,881.2459444975892,903.855205853327,0.5358135117942258,0.0012826076270351476,0.6957189987368886,873.8246262485786,899.8023637767266,0.5331827555322801,0.0011010952647150668,0.695354235019492,869.6500162647183,896.660945349833,0.5329919311306733,0.0010884675197310924,0.6953288684461085,868.1753819718773,895.2612257019941
202122-0058,2,2021/22,2021/22,UCL,2nd Qualifying Round,QUALIFYING,0.5,Celtic,FC Midtjylland,1557.86,1580.35,0.5108060758562278,0.0001167712754105,0.6933807776698793,0.6292382934663027,0.7485659020884392,0.06178500768103955,0.835085196686322,765.7669121705007,699.1605920824529,0.7485659020884392,0.06178500768103955,0.835085196686322,765.7669121705007,699.1605920824529,0.6841750137457292,0.03392043568823954,0.7660542929141023,743.461852665383,707.924689837811,0.6292382934663027,0.01670253649808217,0.7277204861365513,721.7091287906717,710.0220675678374,0.6007857353759691,0.010157764455274877,0.7138869618438062,710.2348191806548,710.2942678321693
202122-0060,2,2021/22,2021/22,UCL,2nd Qualifying Round,QUALIFYING,1.0,PSV Eindhoven,Galatasaray,1653.51,1572.52,0.6545069775475728,0.1193654285633133,0.423873032806545,0.7474780974414474,0.7196107794723163,0.07861811498812203,0.3290447972065096,770.7730790597059,718.6724009917535,0.7196107794723163,0.07861811498812203,0.3290447972065096,770.7730790597059,718.6724009917535,0.7283264636736179,0.07380651034008208,0.31700589219210734,781.2210093507127,724.8582896186751,0.7474780974414474,0.06376731127179111,0.2910502752282563,789.5673574585616,723.5249882355366,0.7597151688375726,0.05773680008675623,0.27481169379382797,793.2756475992911,720.7926480271541
202122-0059,2,2021/22,2021/22,UCL,2nd Qualifying Round,QUALIFYING,1.0,FC Midtjylland,Celtic,1580.35,1557.86,0.574969662261002,0.1806507879985267,0.5534380008619261,0.5899627386091266,0.43234709951322364,0.32222981543104995,0.8385265422527085,699.1605920824529,765.7669121705007,0.46758768934952555,0.28346286853217734,0.7601683770414744,706.1204373409292,758.8070669120244,0.537733084959167,0.21369070074136867,0.6203929665421016,713.0815902226914,738.3049522805027,0.5899627386091266,0.1681305557289274,0.5276958989765119,713.6407397848939,718.0904565736153,0.6148430033070968,0.148345912101497,0.4863883229403465,713.1162684226965,707.4128185901276
202122-0061,2,2021/22,2021/22,UCL,2nd Qualifying Round,QUALIFYING,0.0,Galatasaray,PSV Eindhoven,1572.52,1653.51,0.4271418341322262,0.1824501464658422,0.557117121934336,0.3986178676844449,0.4690807901089209,0.2200367876492095,0.6331454164135215,718.6724009917535,770.7730790597059,0.429345374740952,0.18433745081144853,0.5609711117686428,710.8215028169784,778.623977234481,0.41990968486029495,0.17632414343947223,0.5445714718060002,717.2514306015364,788.8278683678515,0.39861786768444496,0.15889620443729366,0.5085247190194543,716.4543749638972,796.637970730201,0.3845864302339112,0.14790672232006305,0.48546076601866406,714.0646727546061,800.0036228718391
202122-0074,2,2021/22,2021/22,UCL,3rd Qualifying Round,QUALIFYING,1.0,PSV Eindhoven,FC Midtjylland,1673.9,1581.42,0.669306813918511,0.1093579833207263,0.40151270826322,0.7782411697676949,0.7580851655072529,0.058522787147653216,0.27695954410071194,770.7730790597059,699.1605920824529,0.7543216240797702,0.060357864394801744,0.28193644478883934,790.6456477272277,721.0279820391426,0.7635743672322777,0.0558970798296179,0.26974475601210085,800.5853395439398,726.0250638438347,0.7782411697676949,0.04917697878600033,0.2507188159918048,807.7992710253654,725.1217831038383,0.7855597016466699,0.04598464155786523,0.24135881953218535,810.7720429183886,723.9006643300978
202122-0223,2,2021/22,2021/22,UEL,3rd Qualifying Round,QUALIFYING,0.5,Galatasaray,St. Johnstone,1552.44,1330.1,0.8103960730583105,0.09634572217002,0.9365250747002812,0.6926052986997644,0.7209638903455237,0.04882504083662861,0.8017901529702673,718.6724009917535,665.9154523230513,0.678279812239097,0.03178369145200766,0.761134233546483,698.7998323242317,665.9154523230513,0.6930428109925512,0.037265526875905834,0.7738552479911729,705.4939594254481,665.9154523230513,0.6926052986997644,0.03709680108722546,0.7734588408857803,705.2930746687327,665.9154523230513,0.688237604451737,0.03543339572972859,0.7695675396968116,703.2962527080566,665.9154523230513
202122-0075,2,2021/22,2021/22,UCL,3rd Qualifying Round,QUALIFYING,0.0,FC Midtjylland,PSV Eindhoven,1581.42,1673.9,0.4110409549679693,0.1689546666609802,0.5293986308006646,0.3626602585804977,0.4198198246142938,0.1762486851391764,0.5444165764657934,699.1605920824529,770.7730790597059,0.39081351397074887,0.15273520270216473,0.49563084135023455,714.1489875133761,797.5246422529941,0.3800885135203801,0.14446727811013216,0.47817857487726145,719.4051461263384,807.205257261436,0.3626602585804977,0.13152246315367347,0.45045241956093873,718.9125358573338,814.00851827187,0.3537579285184467,0.12514467198966242,0.4365811217352546,717.8963359762046,816.7763712722818
202122-0224,2,2021/22,2021/22,UEL,3rd Qualifying Round,QUALIFYING,0.0,St. Johnstone,Galatasaray,1330.1,1552.44,0.2483936291004843,0.0616993949777089,0.2855425350291565,0.52915413973651,0.4674085432039919,0.21847074626007795,0.6300006462942156,665.9154523230513,718.6724009917535,0.543636006774006,0.2955401078611871,0.7844645571257289,670.907287065746,693.807997581537,0.528704384510947,0.27952832620109935,0.7522697481106775,671.3206510308428,700.0887607176567,0.52915413973651,0.280004103600286,0.7532244991142214,671.3084006866447,699.9001263051393,0.5336194011569714,0.2847496652911247,0.7627532424889593,671.1861052477,698.025599783408
202122-0239,2,2021/22,2021/22,UEL,Qualifying Play-off Round,QUALIFYING,1.0,Celtic,AZ Alkmaar,1550.17,1657.17,0.3909673965957604,0.3709207120093457,0.93913110713904,0.5682829927153374,0.6686868898986863,0.10976837692500521,0.40243935547002757,765.7669121705007,737.1454700258455,0.654158266000644,0.11960650497568133,0.4244059598585947,759.426692569452,737.1454700258455,0.6153371645586296,0.14796549696979477,0.4855849263468709,741.7718221679547,735.8644157473464,0.5682829927153374,0.18637957437882538,0.5651357577231448,724.1091948034391,737.251957060819,0.5415139041556895,0.21020950008255831,0.6133865357595899,714.8231011672059,738.5593265922611
202122-0092,2,2021/22,2021/22,UCL,Qualifying Play-off Round,QUALIFYING,1.0,Benfica,PSV Eindhoven,1754.94,1702.04,0.6170890205253129,0.1466208182022642,0.4827419858644206,0.5914721494344286,0.7237034737273342,0.07633977043034189,0.32337353716671197,824.8647563529942,770.7730790597059,0.6670658434514801,0.11084515259667434,0.40486652211928864,836.3747495597441,808.467420644175,0.6333256127455937,0.1344501062683943,0.4567705929717126,831.2506929797145,817.8477356400067,0.5914721494344286,0.16689500468772583,0.525140681313922,820.3233474535679,824.163005512124,0.5667548246326661,0.18770138197907188,0.5678284768249695,812.930428690062,826.6815932707983
202122-0235,2,2021/22,2021/22,UEL,Qualifying Play-off Round,QUALIFYING,0.5,Randers FC,Galatasaray,1440.75,1560.96,0.3730181527528629,0.0161243895302952,0.7264829420760197,0.4708754678400763,0.4608020260264097,0.0015364811636342638,0.6962296248549478,663.3197798417374,718.6724009917535,0.4853954659693929,0.00021329241425116014,0.6935739474666331,663.3197798417374,709.0298057712092,0.47042663077657276,0.0008745841672251533,0.694899415638683,663.3197798417374,714.8924834839631,0.4708754678400763,0.0008482383735344311,0.6948465418670009,663.3197798417374,714.7164422177616,0.47533845659930657,0.0006081917229042857,0.694365045998491,663.3197798417374,712.9669430158032
202122-0644,2,2021/22,2021/22,UECL,Qualifying Play-off Round,QUALIFYING,0.5,LASK,St. Johnstone,1574.53,1316.85,0.8397029038302346,0.1153980628706936,1.0027167350634398,0.8587888176136382,0.7776355451968269,0.0770814959567393,0.8774674351847205,748.2503682968238,665.9154523230513,0.8211272293906334,0.1031226974561045,0.9590788586559936,764.6053783883482,655.6854788760738,0.8371656360554546,0.11368066613667925,0.9963775512395432,776.5066277503573,656.5169282645363,0.8587888176136382,0.12872941564459256,1.0548654978469156,792.8959753248398,656.4920847740225,0.8708674596038587,0.13754267259301975,1.0925907206162928,802.7509448906136,656.2447620153048
202122-0652,2,2021/22,2021/22,UECL,Qualifying Play-off Round,QUALIFYING,1.0,Feyenoord,IF Elfsborg,1606.24,1453.42,0.7412348305678942,0.0669594129112264,0.2994377935434923,0.6554697370902072,0.6948163255046451,0.09313707517848673,0.3641077481948498,716.4471640204177,676.052702830733,0.6754445146122142,0.10533626309530122,0.3923842646857887,735.837199937895,704.21953671839,0.6626332679066026,0.11381631192337818,0.4115335822472337,729.9373892265683,703.9739183329549,0.6554697370902072,0.11870110206069097,0.42240314451735794,726.5143397696461,703.6661540998949,0.6521547429982186,0.12099632281863533,0.42747340932835187,724.9011313002391,703.4841027803443
202122-0656,2,2021/22,2021/22,UECL,Qualifying Play-off Round,QUALIFYING,0.0,Sivasspor,FC København,1501.91,1553.93,0.4683530350592608,0.2193545654492212,0.631775609655707,0.4170970564834196,0.30383885550779044,0.09231805011628395,0.36217411600369265,655.4294052969911,776.4443606924849,0.3459403763543001,0.11967474399215479,0.42455676402648096,682.8388692031498,785.0774886818093,0.37228068871766,0.13859291119209527,0.46566216898557644,691.1694047420082,782.2207754431564,0.4170970564834196,0.17396995452713293,0.5397345841636945,695.6944677022145,768.4002704739893,0.44493274057129717,0.19796514363228523,0.5886659844185694,697.3096758300115,758.9212063169462
202122-0241,2,2021/22,2021/22,UEL,Qualifying Play-off Round,QUALIFYING,1.0,Fenerbahçe,HJK Helsinki,1529.93,1277.17,0.8358539617545317,0.0269439218716827,0.1793013680534615,0.6631385640319246,0.7420213705246067,0.06655297326600226,0.29837723498340385,679.3128244378631,616.075470963739,0.6555280169333387,0.11866094711787817,0.4223142353746976,679.3128244378631,656.4394200730455,0.6594630271573722,0.11596542987282066,0.4163293703259824,679.3128244378631,654.7319337793772,0.6631385640319246,0.11347562704247376,0.4107713151095316,679.3128244378631,653.1284019346883,0.6652155416934711,0.112080633523596,0.4076441679954205,679.3128244378631,652.2184772267526
202122-0093,2,2021/22,2021/22,UCL,Qualifying Play-off Round,QUALIFYING,0.5,PSV Eindhoven,Benfica,1702.04,1754.94,0.4670918915731485,0.0010829436002334,0.6953177724190396,0.5534252931073496,0.464009811021098,0.0012952937027370785,0.695744502380049,770.7730790597059,824.8647563529942,0.4832443736947329,0.0002807510128817592,0.6937089981064767,799.1452642608165,845.6969059431027,0.5155074816294685,0.00024048198648830198,0.6936283760077185,807.5808527968833,841.5175758228379,0.5534252931073496,0.002854261943606212,0.6988885418689924,812.7242256962879,831.7621272694039,0.574879151222934,0.0056068872878670154,0.7044886162370131,814.550728360513,825.0612936003473
202122-0242,2,2021/22,2021/22,UEL,Qualifying Play-off Round,QUALIFYING,0.0,HJK Helsinki,Fenerbahçe,1277.17,1529.93,0.2171573285246543,0.0471573053319646,0.244823533607957,0.4870862326055696,0.4408274994592652,0.19432888427950845,0.5812972657010378,616.075470963739,679.3128244378631,0.49446420934905744,0.2444948543271885,0.682136440553324,646.794204547179,688.9580399637297,0.49066036570640964,0.24074759447514765,0.6746402270050321,645.1968985397837,688.8478596774567,0.48708623260556966,0.2372529979938871,0.6676475426885721,643.6962817275822,688.7449446449692,0.4850574068672799,0.2352806879568099,0.6636998541768073,642.8445123941698,688.686789270446
202122-0653,2,2021/22,2021/22,UECL,Qualifying Play-off Round,QUALIFYING,1.0,IF Elfsborg,Feyenoord,1453.42,1606.24,0.3302601330514764,0.4485514893802259,1.1078746530784955,0.4945203728784716,0.4989908008647696,0.2510102176181249,0.6951676185412899,676.052702830733,716.4471640204177,0.4749668510021888,0.2756598075465579,0.7445102647465603,695.1319831275321,744.924753528753,0.4875788101879812,0.262575475768365,0.7183033396860519,694.5276498343397,739.3836577251834,0.4945203728784716,0.2555096534349194,0.7041669298226815,694.0193067384207,736.1611871311203,0.49770673621511385,0.2522985228436732,0.6977442585194209,693.7444355842945,734.6407984962889
202122-0657,2,2021/22,2021/22,UECL,Qualifying Play-off Round,QUALIFYING,1.0,FC København,Sivasspor,1553.93,1501.91,0.6158913406524694,0.1475394621857572,0.4846847260527454,0.8009802025034098,0.8385908671467042,0.026052908168452904,0.17603233490016987,776.4443606924849,655.4294052969911,0.8394151888564507,0.025787481570009388,0.17504983334946572,794.7638192197297,673.1525386652294,0.8255614918646885,0.030428793120473127,0.1916915279483941,792.644634727251,680.7455454579136,0.8009802025034098,0.03960887979558375,0.2219190481949906,780.078988055525,684.0157501206788,0.7849667404329387,0.046239302720035166,0.24211393097255213,771.3793230529425,684.8515590940152
202122-0236,2,2021/22,2021/22,UEL,Qualifying Play-off Round,QUALIFYING,1.0,Galatasaray,Randers FC,1560.96,1440.75,0.7036371508081408,0.0878309383811166,0.3514924664777806,0.7147641327586531,0.7262762802129072,0.07492467477408288,0.3198247852911576,718.6724009917535,663.3197798417374,0.7044880304978877,0.08732732411901738,0.35028393785460843,708.6208788183523,663.7287067945944,0.7150788811980213,0.08118004393937125,0.3353624190194271,714.0644291457072,664.1478341799933,0.7147641327586531,0.08135949996092326,0.3358026749655411,713.9009553172838,664.1352667422152,0.7116251242283487,0.08316006897631534,0.3402040171409451,712.2764198005838,664.0103030569568
202122-0645,2,2021/22,2021/22,UECL,Qualifying Play-off Round,QUALIFYING,0.0,St. Johnstone,LASK,1316.85,1574.53,0.2123812013922919,0.0451057747048332,0.2387410642850093,0.314114724011095,0.393352123827887,0.15472589331990932,0.49980676140176045,665.9154523230513,748.2503682968238,0.37255478539050185,0.1387970681173629,0.46609891918293256,664.6770412990115,755.6138159654105,0.348562028561108,0.12149548775463469,0.4285730957927233,665.9575660740891,767.0659899408046,0.314114724011095,0.0986680598405664,0.3770449014095561,666.5381716672043,782.849888431658,0.29371396516662823,0.0862678933339033,0.3477349750501881,666.6290508842128,792.3666560217056
202122-0240,2,2021/22,2021/22,UEL,Qualifying Play-off Round,QUALIFYING,1.0,AZ Alkmaar,Celtic,1657.17,1550.17,0.6875382482123418,0.0976323463302121,0.3746378172255049,0.5735710197402181,0.5290783699590678,0.22176718164040865,0.6366187107259372,737.1454700258455,765.7669121705007,0.49578289071999193,0.2542348932906876,0.7016171684073117,727.4619014738635,769.110261121434,0.5320679645832401,0.21896038976927182,0.6309840448241939,725.093856354988,752.5423815603131,0.5735710197402181,0.18184167520539748,0.5558735144385294,725.1638808568484,736.1972710074097,0.5961636133054626,0.16308382721849993,0.5172401306213278,725.7217159086204,727.6607118508466
202122-0106,2,2021/22,2021/22,UCL,Group Stage,MAIN_STAGE,0.5,Sevilla,FC Salzburg,1850.69,1769.12,0.6552615707210938,0.0241061553427812,0.7438450519830481,0.7728511962598591,0.743044478815387,0.05907061868264312,0.8279258253128619,893.5809952849272,829.820702295225,0.7274820378523328,0.05174807754545017,0.8091083606958124,893.5809952849272,837.6348883332575,0.7559932578583735,0.06553254806894368,0.8451411216809164,889.0187874508563,818.5176658758181,0.7728511962598591,0.07444777530043614,0.8699093518538352,881.9977579928835,802.3460363544224,0.7772336094391782,0.07685847420267479,0.8768229753635646,877.1934140169813,795.0854855847041
202122-0105,2,2021/22,2021/22,UCL,Group Stage,MAIN_STAGE,0.5,Villarreal,Atalanta,1819.03,1834.96,0.5202372959240157,0.0004095481463161,0.6939669485049451,0.7588800664872137,0.5879113721357674,0.007728409350793378,0.7088479533478904,839.5016415066202,844.7793644872531,0.5879113721357674,0.007728409350793378,0.7088479533478904,839.5016415066202,844.7793644872531,0.696158941920637,0.03847833049542383,0.7767139147288395,869.4034646332432,828.3895267575767,0.7588800664872137,0.06701888882442421,0.8491861745439128,887.3400224600513,815.3035156784248,0.7806554655032739,0.07876749031685938,0.8823664701464459,894.1993150462852,810.1494829137426
202122-0263,2,2021/22,2021/22,UEL,Group Stage,MAIN_STAGE,1.0,Galatasaray,Lazio,1565.63,1742.57,0.3003031650144599,0.489575660888782,1.2029627645397014,0.4617918036251606,0.35833649410590246,0.41173205479630465,1.0262828063667282,718.6724009917535,815.6010683825455,0.35416554165039627,0.41710214759172604,1.037990843373248,716.8952139644114,815.6010683825455,0.3985998705653118,0.3616821156840598,0.9197971959267472,722.0422204721626,802.2331523486308,0.4617918036251606,0.2896680626450577,0.7726411309737775,721.8875596000415,776.8509791804304,0.5007446830801412,0.24925587147274866,0.6916589224054281,720.35091632219,760.0598455297461
202122-0677,2,2021/22,2021/22,UECL,Group Stage,MAIN_STAGE,0.0,HJK Helsinki,LASK,1269.29,1547.21,0.1935443468066236,0.0374594141808025,0.2151063696697085,0.2236903625168222,0.2802359931610965,0.07853221186298612,0.3288318889790997,616.075470963739,748.2503682968238,0.2783383230839564,0.07747222209718889,0.32619884144165645,632.9492066854053,766.0453499563446,0.25382809911742704,0.06442870390156637,0.2927992751858254,631.4584083000042,776.8257267405156,0.2236903625168222,0.05003737828290734,0.25320382100995187,630.0578672146263,791.6451007039686,0.2068579143032324,0.04279019670988343,0.23175289849584832,629.262905001886,800.5906470463711
202122-0683,2,2021/22,2021/22,UECL,Group Stage,MAIN_STAGE,0.5,Randers FC,AZ Alkmaar,1421.16,1633.06,0.2597822593291037,0.0577045629330299,0.8243611774349024,0.3967263864018491,0.41431334819161947,0.0073422022981306425,0.7080515340266549,663.3197798417374,737.1454700258455,0.38413442160860106,0.013424832255973412,0.720744643767941,655.4543716485352,741.5799805337037,0.39410697904706454,0.011213331886538828,0.7160923638463832,656.1700428535379,738.1959533466573,0.39672638640184915,0.010665439265620167,0.714946435099272,656.1486624594575,737.1038923041224,0.3963881941588638,0.01073540630966131,0.7150926264242936,655.9358065353506,737.0291347360674
202122-0114,2,2021/22,2021/22,UCL,Group Stage,MAIN_STAGE,1.0,Ajax,Besiktas,1821.75,1567.26,0.8372157478299825,0.0264987127545518,0.1776734784701644,0.8633135426205459,0.8211163241821967,0.03199936947408894,0.19709049359521105,875.7345714902573,766.821926950271,0.8491951434734877,0.022742104751981965,0.16346626811252668,886.9892473057399,758.1060081595546,0.8441669402541484,0.024283942509754155,0.16940500743567594,875.880319473076,750.7823525138155,0.8633135426205459,0.01868318763094531,0.14697733682495842,865.9684876793882,725.8687978337572,0.8788501182897268,0.014677293838413185,0.12914090972720213,861.8502363414491,708.2170765972651
202122-0111,2,2021/22,2021/22,UCL,Group Stage,MAIN_STAGE,0.0,RB Leipzig,Club Brugge,1802.54,1614.98,0.7777108926906011,0.6048342326096117,1.5037764591702432,0.7310713558833288,0.7588389332820805,0.5758365266646859,1.422290242091898,869.649402774905,797.6348608234181,0.7342224715586327,0.5390826377416673,1.3250956793869424,860.6396873584665,801.345069229224,0.7347786281890661,0.5398996324434059,1.3271904363950544,850.9719823566818,791.3986826118728,0.7310713558833288,0.5344653273930888,1.3133091980756835,838.0504655765386,780.3278567497533,0.7269543768912582,0.5284626660813575,1.2981163801453315,829.632776254519,773.946590545327
202122-0125,2,2021/22,2021/22,UCL,Group Stage,MAIN_STAGE,1.0,Juventus,Chelsea,1833.09,1942.39,0.3878194178035087,0.374765065218435,0.947215465731647,0.560514894744639,0.5947327594038337,0.1642415363004309,0.5196431181909255,892.00623409356,894.5256526785877,0.600988911257357,0.15920984893958934,0.5091787951040686,900.2197164179744,900.1963803035898,0.5770438389733039,0.17889191415044048,0.5498370379367721,915.3852693106171,925.029742397098,0.560514894744639,0.19314715774131574,0.5788994627915357,924.273917674695,940.504243371955,0.5490134344156733,0.2033888823375462,0.5996323670695077,926.6184356984896,947.399078142271
202122-0273,2,2021/22,2021/22,UEL,Group Stage,MAIN_STAGE,0.0,Sturm Graz,PSV Eindhoven,1572.43,1712.11,0.347200224015036,0.1205479955560912,0.4264848184925867,0.263788929985234,0.2886640121309144,0.0833269118995167,0.3406104040207891,642.6445981260074,770.7730790597059,0.2903508529284454,0.08430361779627575,0.3429845901377482,665.1294715826447,792.4566018531322,0.2736063653376665,0.07486044315328864,0.31966321458816477,664.622202965202,800.0325153883564,0.263788929985234,0.06958459958275469,0.30623842145539265,663.8975250091119,804.1903248735453,0.2603947176203034,0.06780540896455756,0.3016386372830765,663.4547017833762,805.4624645306351
202122-0698,2,2021/22,2021/22,UECL,Group Stage,MAIN_STAGE,0.5,CFR Cluj,Randers FC,1521.66,1421.16,0.6794441215367653,0.0322001927541013,0.7620894767443627,0.6540270672967744,0.7447144733247326,0.05988517345460127,0.830063519564386,727.9365900655671,663.3197798417374,0.6677468880842655,0.0281390184619551,0.7528521512744359,686.9057413234946,658.6986078434944,0.6595799057678753,0.025465746324883957,0.7468635029105828,683.7667989003453,659.1350474402201,0.6540270672967744,0.02372433746004507,0.7430006386216683,681.2648834755179,659.0403236402057,0.651326643039125,0.022899752893490766,0.7411818708878115,679.8974552407054,658.8369370989024
202122-0134,2,2021/22,2021/22,UCL,Group Stage,MAIN_STAGE,0.0,Benfica,Bayern München,1775.91,2005.76,0.2404107190956204,0.0577973138560733,0.2749774116438645,0.2605115076302149,0.41616825971691956,0.17319602039580942,0.5381424536209148,824.8647563529942,897.9439745423089,0.44714552915867223,0.199939124246589,0.5926604751288439,858.9248348894447,919.661269870214,0.35866736557953044,0.12864227913176055,0.4442070262061615,856.1787291890514,952.9668114694431,0.26051150763021497,0.06786624560776755,0.3017965583184402,848.7717899801602,990.7203042403696,0.21325137446494086,0.04547614871118643,0.23984649005527764,843.5070266578742,1011.0694612778956
202122-0716,2,2021/22,2021/22,UECL,Group Stage,MAIN_STAGE,1.0,Feyenoord,Union Berlin,1651.35,1699.59,0.4737746191098614,0.2769131514929713,0.7470235574769001,0.6401515717985038,0.6074154461913386,0.15412263188914577,0.49854229667845135,716.4471640204177,713.7978237958243,0.6574192017571643,0.11736160332469851,0.4194334095427981,744.1842783262555,720.4914205859135,0.6472547739321309,0.12442919451367206,0.43501528466176786,739.5039543227149,720.190777895728,0.6401515717985038,0.12949089127908736,0.4460502997332762,737.0743837393471,720.787662361956,0.6363044223484028,0.13227447320332897,0.4520781786678995,735.9905806384463,721.332023340755
202122-0714,2,2021/22,2021/22,UECL,Group Stage,MAIN_STAGE,0.0,CFR Cluj,AZ Alkmaar,1512.21,1627.26,0.3799908281162002,0.1443930294524356,0.4780210076914531,0.4384594339600662,0.5781314372345242,0.3342359587188566,0.8630614761017401,727.9365900655671,737.1454700258455,0.4396120966795032,0.19325879554694886,0.5791260505472353,682.2088284571352,745.9281299281175,0.4408837001424118,0.19437843705126406,0.5813977776317196,679.2985615388448,742.5136364033723,0.43845943396006626,0.19224667522858171,0.5770712615718663,676.9521255912082,741.1287618204531,0.4358785814907724,0.18999013780240792,0.5724857696089872,675.6603092356099,740.8618978295051
202122-0150,2,2021/22,2021/22,UCL,Group Stage,MAIN_STAGE,1.0,Bayern München,Benfica,2022.18,1768.31,0.8367287582128297,0.0266574983947246,0.1782553252746838,0.8819788869945487,0.7608272253228383,0.05720361614677236,0.27334898326657275,897.9439745423089,824.8647563529942,0.7836663193991416,0.04680026136231424,0.24377196224195358,932.1813446866569,846.4047600730019,0.8327714342171884,0.02796539321377616,0.1829960631616118,963.0094977056699,846.1360429528246,0.8819788869945487,0.013928983115045496,0.12558716090975974,998.0146264540157,841.4774677665141,0.9043348692170825,0.00915181724771271,0.10055555663254803,1017.0404997629139,837.5359881728559
202122-0730,2,2021/22,2021/22,UECL,Group Stage,MAIN_STAGE,1.0,AZ Alkmaar,CFR Cluj,1643.19,1490.41,0.7411906632071811,0.0669822728111387,0.2994973815105256,0.7887470453223308,0.6233025012519129,0.1419010055630651,0.4727233222571858,737.1454700258455,727.9365900655671,0.7880764923477346,0.0449115730956398,0.23816012232811443,758.2372686351437,669.899689750109,0.7873354560396436,0.04522620825786636,0.2391008748259,754.8583800073599,666.9538179348572,0.7887470453223308,0.04462781086004538,0.23730961115930166,753.4056259713349,664.6752614403264,0.7902444340508211,0.04399739744666033,0.23541297118761872,753.0664981112467,663.4557089538683
202122-0732,2,2021/22,2021/22,UECL,Group Stage,MAIN_STAGE,0.0,Union Berlin,Feyenoord,1690.24,1674.61,0.5652918830297157,0.3195549130192817,0.833080468582277,0.5091115143051064,0.5944122559863577,0.35332593006679125,0.9024180440905941,713.7978237958243,716.4471640204177,0.49263895641560324,0.24269314137825462,0.6785324113028626,710.8991582351141,753.7765406770549,0.5023872276684315,0.2523929265243724,0.6979330700176737,710.3139115658278,749.3808206526152,0.5091115143051064,0.25919453399803855,0.7115382936935334,710.711906372314,747.1501397289891,0.5127241269750118,0.262886030382288,0.7189248419016349,711.1485471665103,746.174056812691
202122-0189,2,2021/22,2021/22,UCL,Group Stage,MAIN_STAGE,1.0,Chelsea,Juventus,1948.96,1827.06,0.7056618102841616,0.0866349699251968,0.3486191785171046,0.5805252663530296,0.6070983466102092,0.1543717092364313,0.49906448027194245,894.5256526785877,892.00623409356,0.5378061783891035,0.21362312873528522,0.6202570469480156,899.8468389270694,925.0414673596255,0.5619788868017443,0.1918624956074391,0.5762909977625662,922.0087073024557,937.6580923998073,0.5805252663530296,0.17595905216819677,0.543821953635432,935.8213968453025,944.0704499709998,0.5923089804520518,0.16621196742004546,0.523726853815085,941.8797543720833,945.3808906117056
202122-0178,2,2021/22,2021/22,UCL,Group Stage,MAIN_STAGE,0.0,Besiktas,Ajax,1524.54,1885.3,0.1296555636327308,0.0168105651809211,0.138866241812342,0.1689473994661803,0.33065322099790545,0.10933155255628971,0.40145299888985136,766.821926950271,875.7345714902573,0.1814443246959597,0.03292204296437285,0.20021386334311939,731.3390481375484,918.5576360744359,0.1866673899559128,0.03484471447295282,0.20661513865345135,724.4298757804853,908.2498151054796,0.16894739946618034,0.028543223786385113,0.1850621882552822,702.1698507497143,897.84217610419,0.15389061220041292,0.023682320523417878,0.16710662773492627,686.4841823579861,893.0324192849002
202122-0175,2,2021/22,2021/22,UCL,Group Stage,MAIN_STAGE,0.0,Club Brugge,RB Leipzig,1625.56,1796.97,0.3070342234653338,0.0942700143789605,0.3667746655215501,0.5344721084343953,0.41881797952369343,0.1754084999723089,0.5426912829394832,797.6348608234181,869.649402774905,0.5254716570765153,0.2761204623907389,0.7454339305274633,805.0870184689504,835.1224122739884,0.5290596842331479,0.2799041494808781,0.753023911112225,798.9052844492968,827.5340549609695,0.5344721084343953,0.285660434694308,0.7645832666258261,790.6229532352402,817.1276017313901,0.5390241970384054,0.2905470849928977,0.7744097255157631,785.4238587437397,810.139579083682
202122-0337,2,2021/22,2021/22,UEL,Group Stage,MAIN_STAGE,1.0,PSV Eindhoven,Sturm Graz,1724.93,1545.85,0.7691577002680121,0.0532881673455529,0.262459258630878,0.8596193197983774,0.8482033194270016,0.023042232232980922,0.16463490845366477,770.7730790597059,642.6445981260074,0.848481489985714,0.022957858876949275,0.16430700953023286,782.5980089523036,654.2582556240017,0.8555369822346912,0.020869563501859922,0.15602595778856157,788.8483167023222,655.0398431516132,0.8596193197983774,0.019706735373870247,0.15126563913086968,792.2316609083404,655.1569252363616,0.8610061958221903,0.01931927759981931,0.1496535785034218,793.2393807287565,655.0369428106557
202122-0762,2,2021/22,2021/22,UECL,Group Stage,MAIN_STAGE,1.0,Randers FC,CFR Cluj,1444.45,1487.78,0.4808259951502271,0.2695416473117519,0.7322498307704577,0.6096708880762466,0.43735064984675065,0.3165742912278738,0.8270200032439332,663.3197798417374,727.9365900655671,0.6019322522239156,0.1584579318195244,0.5076103778402005,664.3737215583235,663.9658315358456,0.607041532438085,0.1544163572286086,0.4991580677953342,663.4953553694174,660.9992107039672,0.6096708880762466,0.15235681561518602,0.494835995156103,662.334694443408,658.7601787093516,0.6109045423593111,0.1513952751566171,0.4928145638338248,661.6639216474109,657.5825531072913
202122-0170,2,2021/22,2021/22,UCL,Group Stage,MAIN_STAGE,1.0,FC Salzburg,Sevilla,1745.55,1824.47,0.430060049369668,0.3248315473245052,0.8438304303477377,0.4668562355869221,0.43950875522784694,0.3141504354662376,0.8220976411728503,829.820702295225,893.5809952849272,0.5098011685842812,0.24029489432133636,0.6737344948021036,817.6339336829556,853.8025087997967,0.4831526818686699,0.26713115025954837,0.7274225637529498,802.1146818523424,848.7022031771959,0.4668562355869221,0.2842422735325475,0.7617339154167112,789.2807441648538,842.2545074732764,0.46272832494236166,0.2886608528192405,0.7706151682962892,783.5630807731628,838.158349373422
202122-0741,2,2021/22,2021/22,UECL,Group Stage,MAIN_STAGE,1.0,LASK,HJK Helsinki,1524.2,1265.35,0.8406073833452532,0.025406006244047,0.1736305730268382,0.9022781779856828,0.8534584972621467,0.021474412024668255,0.1584583644535034,748.2503682968238,616.075470963739,0.8816781037328124,0.014000071136263099,0.12592825134427607,795.3081184919557,639.0530083129518,0.8908768935886102,0.011907852352871498,0.11554902762442355,802.4980352265409,637.3203159981433,0.9022781779856828,0.009549554497797895,0.10283240515091938,812.6153045156575,635.4118024375658,0.9088214822136237,0.008313522105720542,0.09560659329547747,818.8801783846534,634.1983157530489
202122-0747,2,2021/22,2021/22,UECL,Group Stage,MAIN_STAGE,1.0,AZ Alkmaar,Randers FC,1644.34,1457.73,0.7767640569415605,0.0498342862731908,0.2526186337480959,0.7768544755695664,0.7622145493096112,0.05654192056003133,0.2715272021525187,737.1454700258455,663.3197798417374,0.7824504418433692,0.047327810254145286,0.2453246916809701,760.596811270081,675.5196184960539,0.7778942894023542,0.049330946680085204,0.25116463883973494,756.9793855992326,674.498192461151,0.7768544755695664,0.049793925073333224,0.25250223628473417,755.1579951370163,673.2639095772731,0.7771311434543091,0.04967052721798374,0.25214616106205656,754.608703428163,672.5585944613503
202122-0169,2,2021/22,2021/22,UCL,Group Stage,MAIN_STAGE,0.0,Atalanta,Villarreal,1827.39,1761.74,0.6342760974249074,0.4023061677645707,1.00587659480581,0.493167649395503,0.6138107580298277,0.37676364667315165,0.9514277654860888,844.7793644872531,839.5016415066202,0.6208864339512228,0.3854999638646661,0.9699194722180825,847.6134627549668,839.4088225143751,0.5458576932619462,0.29796062129325296,0.7893446790914034,836.7378044934376,858.763122835403,0.49316764939550306,0.24321433041028584,0.6795749994932795,826.8170979152354,869.4877911004359,0.4724268031884328,0.2231870843708422,0.6394676615303441,822.5098376788087,873.2981812960659
202122-0327,2,2021/22,2021/22,UEL,Group Stage,MAIN_STAGE,0.5,Lazio,Galatasaray,1706.06,1568.29,0.72427391967771,0.0502987910476039,0.8054664923679737,0.6485512821988789,0.8023882715069053,0.09143866674493387,0.9208068999574798,815.6010683825455,718.6724009917535,0.7117659299712183,0.044844809096574956,0.7919942787241498,810.9498122334363,762.6166388808427,0.6857198994422866,0.034491881048853056,0.76737834760035,800.6017513090874,764.3650307055672,0.6485512821988789,0.02206748344293096,0.7393528369256401,780.0237503051645,760.1552195143091,0.6252573994553314,0.01568941611831246,0.7255538810691373,766.2767191990263,756.2534201136962
202122-0194,2,2021/22,2021/22,UCL,Round of 16,KNOCKOUT,0.5,FC Salzburg,Bayern München,1772.7,1996.04,0.2473204879603592,0.0638469358045909,0.8405930089524694,0.1553111482013711,0.42854121263019973,0.005106358292362326,0.703465639085922,829.820702295225,897.9439745423089,0.3048650457045844,0.03807765038787394,0.7757676734099239,831.3595009625957,951.9008371144511,0.2228650848096831,0.07680376121754415,0.876664999563114,816.5864067600197,978.6386437043725,0.15531114820137115,0.11881040455425712,1.0155558543109031,804.2087695684199,1009.6949492660538,0.1270602112662948,0.13908408602074068,1.0994914482301632,798.6066876747767,1026.9259987843755
202122-0784,2,2021/22,2021/22,UECL,Knockout round play-offs,KNOCKOUT,0.0,Celtic,Bodø/Glimt,1616.02,1603.73,0.5605614075258215,0.3142290916073301,0.8222572929517673,0.6271319006429177,0.7972239475334099,0.635566022520753,1.5956530987219002,765.7669121705007,671.9900860487296,0.6852144818169231,0.46951888609163445,1.1558637667274483,760.1313879942538,724.1237355131672,0.6547999323196187,0.4287629513657773,1.0636311237115241,748.2616449955543,725.703150422161,0.6271319006429177,0.3932944208039984,0.9865305429035695,736.7600343709458,725.9542100088747,0.6130814919142508,0.3758689157278035,0.9495411815478877,730.7174063317199,725.7401985934265
202122-0200,2,2021/22,2021/22,UCL,Round of 16,KNOCKOUT,0.5,Villarreal,Juventus,1809.0,1832.99,0.5086482226797125,7.479175551789447e-05,0.6932967864506714,0.4711263757497668,0.46805148861690515,0.001020707379595741,0.6951927740713226,839.5016415066202,892.00623409356,0.4536929481660518,0.002144343049551963,0.6974543653435313,856.7936426650093,914.9454676040704,0.4646392766254568,0.0012503807575709666,0.6956542168141544,874.0471382467375,927.8915204443936,0.4711263757497668,0.0008336861773436553,0.6948173392413852,883.2964852835099,934.5947455251247,0.47539606002858037,0.0006053538621172206,0.6943593564679074,886.526131785342,936.1507250138168
202122-0202,2,2021/22,2021/22,UCL,Round of 16,KNOCKOUT,0.5,Benfica,Ajax,1757.57,1907.21,0.3343216146338999,0.0274493273775179,0.7513002305908141,0.4569196661885203,0.47221900285838214,0.0007717838021825796,0.6946931356802489,824.8647563529942,875.7345714902573,0.4091080155832463,0.008261352831215402,0.7099490533952956,852.9079213842688,928.8336961517683,0.4366984231362937,0.004007089633431717,0.7012262815565824,854.086531208196,918.962383434335,0.45691966618852037,0.0018559151613085152,0.6968728571360596,851.283860379266,908.1643111020109,0.4626990137909348,0.0013913635721688716,0.6959376801260964,848.3204294633093,902.9272188357189
202122-0785,2,2021/22,2021/22,UECL,Knockout round play-offs,KNOCKOUT,1.0,Bodø/Glimt,Celtic,1603.73,1616.02,0.5254646876404926,0.2251837626761352,0.6434722885623989,0.6588483847444673,0.36578633608888395,0.402226971491562,1.005705897225262,671.9900860487296,765.7669121705007,0.60671977345422,0.15466933659190002,0.4996882527498885,743.309741004041,740.94538250338,0.6350049998675006,0.13322135012172326,0.4541224063133561,744.0375485271103,729.927246890605,0.6588483847444673,0.11638442459145903,0.41726183962252605,743.5139032268764,719.2003411529441,0.6703487239520565,0.10866996380003748,0.3999572184911538,742.9064803670256,713.5511245581208
202122-0195,2,2021/22,2021/22,UCL,Round of 16,KNOCKOUT,1.0,Bayern München,FC Salzburg,1995.64,1771.51,0.8119742756345608,0.0353536730231481,0.2082866195752928,0.9100870075004912,0.7514764715771199,0.06176394417975807,0.2857153788925129,897.9439745423089,829.820702295225,0.8221678219280242,0.031624283557822916,0.195810741834902,946.4370583941794,836.8232796828673,0.8708979528569865,0.01666733857651689,0.13823046989249077,970.8788660790436,824.3461843853486,0.9100870075004912,0.008084346220216724,0.09421507140393583,1000.0436614156921,813.8600574187816,0.9263668619908488,0.005421839013074702,0.07648494353846107,1016.4836846998317,809.0490017593205
202122-0796,2,2021/22,2021/22,UECL,Round of 16,KNOCKOUT,0.5,PSV Eindhoven,FC København,1747.29,1601.85,0.7330032836851881,0.0542905302080802,0.8155620082103171,0.577202926074237,0.5869352630934853,0.00755773996913351,0.7084958499605548,770.7730790597059,776.4443606924849,0.5288900782095652,0.0008346366189547963,0.6948192464884149,780.5623945322554,809.257681482539,0.5462287125736752,0.0021370938662194777,0.6974397417569382,785.5300167571706,807.4090763559943,0.577202926074237,0.005960291794424096,0.705212164190987,787.8487394480464,797.4295154640572,0.5957910873134816,0.00917593240869906,0.7118443110365644,788.3984052532178,790.4885789762106
202122-0800,2,2021/22,2021/22,UECL,Round of 16,KNOCKOUT,1.0,Bodø/Glimt,AZ Alkmaar,1633.38,1700.53,0.4467396770469364,0.3060969849541282,0.8057792319875476,0.580298799462289,0.4359948520659829,0.31810180689607254,0.8301248428909208,671.9900860487296,737.1454700258455,0.5702306174432697,0.18470172218319317,0.5617144079730806,754.3215873473229,766.6881988984667,0.5788000674860763,0.1774093831497339,0.5467981676282769,754.2574085308203,763.1983454959667,0.580298799462289,0.17614909773279588,0.544212136610239,753.0661484540313,761.4060698210684,0.5793703461617519,0.17692930568808446,0.5458133752090539,752.136716096368,760.8490314114424
202122-0203,2,2021/22,2021/22,UCL,Round of 16,KNOCKOUT,0.0,Ajax,Benfica,1895.91,1752.68,0.7305061419586706,0.5336392234393413,1.3112096790919343,0.7244727809869113,0.7170621944626245,0.5141781907275548,1.262528173910685,875.7345714902573,824.8647563529942,0.7566245498026941,0.5724807093641295,1.4131499654823176,926.2887205880992,855.4528969479379,0.7382691652490273,0.5450413603574956,1.3404386515837283,917.1899392821513,855.8589753603798,0.7244727809869113,0.524860810390909,1.2890688566738242,906.9580617552895,852.4901097259874,0.720471549396533,0.519079253489841,1.274651200499482,901.8827912218651,849.3648570771632
202122-0201,2,2021/22,2021/22,UCL,Round of 16,KNOCKOUT,0.0,Juventus,Villarreal,1836.96,1818.8,0.5688672965136307,0.3236100010427269,0.8413393395487426,0.7145881085956615,0.7204440517429157,0.519039631691749,1.2745528337638137,892.00623409356,839.5016415066202,0.7266951954237952,0.528085907052028,1.2971676063409308,913.6488701527198,858.0902401163598,0.7191221863814711,0.5171367189460673,1.2698355311933807,926.9014201899064,875.0372385012247,0.7145881085956615,0.5106361649463249,1.253821909059887,933.7862840461182,884.1049467625164,0.7115844976929302,0.5063524973568998,1.243353122217534,935.461814694617,887.2150421045418
202122-0797,2,2021/22,2021/22,UECL,Round of 16,KNOCKOUT,0.0,FC København,PSV Eindhoven,1619.85,1751.17,0.3581863065519775,0.1282974302013472,0.4434572145289688,0.6345158646840574,0.6147650421331149,0.3779360570289305,0.9539018506658405,776.4443606924849,770.7730790597059,0.6725110662735805,0.45227113426042814,1.1163010146260677,810.0666036724069,779.7534723423876,0.6592032294088006,0.4345488976629918,1.0764689600366641,808.7034803080572,784.2356128051077,0.6345158646840574,0.40261038253575704,1.0065324061626844,799.5911973941359,785.6870575179678,0.6190777073578597,0.3832572077474638,0.9651598809771966,793.1707294209881,785.7162548084403
202122-0801,2,2021/22,2021/22,UECL,Round of 16,KNOCKOUT,0.5,AZ Alkmaar,Bodø/Glimt,1686.93,1639.74,0.6092930019487389,0.011944960274967,0.7176266863490528,0.5632028962866099,0.7457608977693062,0.060398418872375376,0.8314151749576333,737.1454700258455,671.9900860487296,0.5719004526670861,0.005169675093731891,0.70359492988245,754.6546561868782,766.3551300589113,0.5645042484861071,0.004160798072757456,0.7015388037373995,751.4047473855768,766.0510066412102,0.5632028962866099,0.0039946060990159685,0.7012009084316952,749.6544362060125,764.8177820690872,0.5640093523103279,0.004097197183187679,0.7014094658136288,749.0714011039714,763.914346403839
202122-0212,2,2021/22,2021/22,UCL,Quarter Finals,KNOCKOUT,0.0,Benfica,Liverpool,1773.85,2033.88,0.2101271561585375,0.0441534217552744,0.2358833036387699,0.4447334375962958,0.42253385880133315,0.17853486183354494,0.5491054682640102,824.8647563529942,895.3893834359218,0.44116424519097813,0.19462589123492546,0.5818996686623488,876.6383843424134,939.7422568301082,0.44343726044583426,0.19663660395170665,0.5859753750808822,876.5305119873525,938.7339497357868,0.44473343759629586,0.19778783051621837,0.5883069879199978,872.775347593621,934.4657386590663,0.44275759774596823,0.1960342903617806,0.5847549411670586,869.538060460266,932.0106404619952
202122-0206,2,2021/22,2021/22,UCL,Quarter Finals,KNOCKOUT,0.0,Chelsea,Real Madrid,1960.77,1944.33,0.5664373385583804,0.3208512585131012,0.8357189454760242,0.678416893466038,0.5983765114954706,0.358054449509489,0.9122402250028584,894.5256526785877,895.565680162336,0.596820033084505,0.3561941518909897,0.9083722486887573,919.8352289083433,921.5077282163645,0.6412948967451702,0.41125914459139845,1.0252546674616643,936.6124429200092,919.8403914951892,0.678416893466038,0.4602494813401095,1.1344992724912424,946.6316692841108,913.6858980631089,0.6967649023628185,0.485481329164668,1.193246874534722,950.928350283578,909.6343204397748
202122-0210,2,2021/22,2021/22,UCL,Quarter Finals,KNOCKOUT,1.0,Villarreal,Bayern München,1831.94,1993.0,0.319854181349062,0.4625983346283545,1.1398900703277248,0.3547697960592302,0.4529561812056888,0.29925693968106315,0.791959888408041,839.5016415066202,897.9439745423089,0.4164183354291479,0.34056755922328646,0.8760649099995464,878.4377055882261,951.4163593801948,0.40073574944802104,0.35911764198962504,0.9144530478302356,895.1726597199059,974.493723399048,0.35476979605923026,0.4163220160774474,1.0362861616540002,904.1134138031949,1002.5612252056784,0.3250305064005287,0.45558381728992664,1.123836235209742,907.1394080399439,1018.5454125640879
202122-0381,2,2021/22,2021/22,UEL,Quarter Finals,KNOCKOUT,0.5,RB Leipzig,Atalanta,1810.31,1794.35,0.5657586349820858,0.0043241980747071,0.7018712452838193,0.5976485894729854,0.6601272324544164,0.025640730573510705,0.7472533153014608,869.649402774905,844.7793644872531,0.5840220847403035,0.007059710724106739,0.7074697944904695,866.4088903221176,873.2531161823292,0.595135002583491,0.00905066871656083,0.7115843056164779,862.1121772145607,864.4684931842099,0.5976485894729854,0.00953524702606363,0.7125908787289094,854.9307649228945,856.2666815209424,0.594084002574452,0.008851799540429499,0.7111717974115667,849.7566046339635,852.5389742924118
202122-0207,2,2021/22,2021/22,UCL,Quarter Finals,KNOCKOUT,0.0,Real Madrid,Chelsea,1944.33,1960.77,0.5195045062648322,0.2698849320294671,0.7329374288984556,0.613247444300817,0.6034812882069951,0.3641896652159743,0.9250320466046078,895.565680162336,894.5256526785877,0.6831951649161021,0.46675563336473996,1.1494693568985546,938.2186891427307,903.1242679819771,0.6468511200470416,0.4184163715061122,1.040865554722329,937.796648604054,918.6561858111445,0.613247444300817,0.37607242794148366,0.9499701814081114,932.6815710801579,927.6359962670617,0.5953350145769344,0.35442377958131865,0.9046957506776571,929.1437377059337,931.418933017419
202122-0211,2,2021/22,2021/22,UCL,Quarter Finals,KNOCKOUT,0.5,Bayern München,Villarreal,1993.0,1831.94,0.7502282081996176,0.0626141561787911,0.8372927259696341,0.7402102035223206,0.7325169808334756,0.05406414637591486,0.8149839753733511,897.9439745423089,839.5016415066202,0.6946071371067996,0.03787193781290468,0.7752825598824225,935.0760727722109,894.77799219621,0.706338384972702,0.04257552911314296,0.7864940006499492,957.7143243835926,911.9520587353613,0.7402102035223206,0.05770094187623468,0.8243517621758683,984.4947794953368,922.1798595135365,0.7618100098598761,0.06854448126282843,0.8533723655707379,999.6462667433027,926.038553860729
202122-0213,2,2021/22,2021/22,UCL,Quarter Finals,KNOCKOUT,0.5,Liverpool,Benfica,2033.88,1773.85,0.8415153999865683,0.1166327684279857,1.007324408032427,0.785083660886635,0.7560376285107722,0.06555526721342017,0.8452027058341278,895.3893834359218,824.8647563529942,0.7871717833101038,0.08246763312950524,0.8932893556683865,952.0948556954556,864.2857854770659,0.7858432300291169,0.08170635215347866,0.891022460768376,951.1501930282702,864.1142686948691,0.785083660886635,0.08127269370452588,0.889735719742456,946.9182749117626,860.3228113409247,0.786240944806784,0.08193387848388034,0.8916988982791274,944.4078531988823,857.1408477233789
202122-0382,2,2021/22,2021/22,UEL,Quarter Finals,KNOCKOUT,0.0,Atalanta,RB Leipzig,1794.35,1810.31,0.5201941930294499,0.2706019984615606,0.7343738257515954,0.6175072394471182,0.5386317666087174,0.29012418000002776,0.7735587839193502,844.7793644872531,869.649402774905,0.6289097171714987,0.39552743235273446,0.9913098960374442,875.6057345550577,864.0562719493892,0.6196311713773937,0.383942788542521,0.966613895352469,867.1322732565477,859.4483971422229,0.6175072394471182,0.3813151907696005,0.9610455525537904,859.000842026186,852.1966044176509,0.6205164410402786,0.3850406536012935,0.9689440059842012,855.1733263644965,847.1222525618789
202122-0216,2,2021/22,2021/22,UCL,Semi Finals,KNOCKOUT,1.0,Liverpool,Villarreal,2044.28,1829.09,0.8039909367806451,0.038419552864129,0.2181672825275967,0.6252739160792887,0.727363607714637,0.07433060239837833,0.31832877831783507,895.3893834359218,839.5016415066202,0.7022137475299685,0.08867665216014536,0.3535174376411446,944.0540457627727,900.2269920352004,0.6613820564745913,0.11466211167737692,0.41342360841450754,943.146582587455,917.7295335145969,0.6252739160792887,0.14041963797055196,0.4695654595292462,938.9359324069369,928.9057452121615,0.6083290592258729,0.15340612584688978,0.4970393275884088,936.3931067442924,933.3692341368056
202122-0217,2,2021/22,2021/22,UCL,Semi Finals,KNOCKOUT,0.0,Villarreal,Liverpool,1822.89,2055.51,0.2375109393498176,0.0564114463108327,0.2711671172917704,0.5229716803463414,0.45944166770575307,0.21108664602424362,0.615152724887555,839.5016415066202,895.3893834359218,0.44773594415892665,0.20046747569188547,0.5937289850527532,891.8889769660395,952.3920608319336,0.488796846711268,0.23892235735487882,0.6709882075326488,908.2482310958854,952.6278850061665,0.5229716803463414,0.27349937844427596,0.7401794195130452,918.4134148623816,949.4282627567168,0.5384094693887501,0.28988475672747543,0.7730770782723899,922.4024477951301,947.3598930859679
202122-0218,2,2021/22,2021/22,UCL,Final,KNOCKOUT,0.0,Liverpool,Real Madrid,2044.17,1983.23,0.5868112818606169,0.3443474805189004,0.8838508457411008,0.6083270046206818,0.4995489576621408,0.24954916110133135,0.6922455025180809,895.3893834359218,895.565680162336,0.6110521256682657,0.373384700283706,0.9443099434895912,964.9286672683835,920.7866244697685,0.6085820474675467,0.3703721084997913,0.9379793575900459,966.314196714082,923.1865575871605,0.6083270046206818,0.370061744550771,0.9373279827872526,964.0714698064144,921.0484398249962,0.6090545968024836,0.37094750188623593,0.939187362512416,962.4353582288529,919.1138324963741
202223-0076,3,2022/23,2022/23,UCL,3rd Qualifying Round,QUALIFYING,1.0,Benfica,FC Midtjylland,1764.03,1577.11,0.7770733399630646,0.0496962957552233,0.252220544441963,0.8629323079260889,0.830341033124109,0.028784165041394676,0.1859187792988548,849.0753653560346,733.8974369072502,0.8444199408675936,0.02420515479964306,0.1691053478585858,849.0753653560346,723.7893419781161,0.8561466661372309,0.020693781663433313,0.1553135785718724,860.5966222458594,726.3052685704108,0.8629323079260889,0.018787552210468517,0.14741902906773405,865.420685572293,725.6363190699163,0.8647100616826744,0.018303367409905767,0.14536101704473853,865.1555941779689,723.8944661086953
202223-0578,3,2022/23,2022/23,UECL,3rd Qualifying Round,QUALIFYING,1.0,Dundee United,AZ Alkmaar,1302.82,1639.08,0.1464182238845264,0.7286018485164465,1.9212882051163656,0.4056554059299429,0.36227162097841653,0.4066974854094965,1.015361014321813,690.5614521221352,785.8217737046025,0.33487552036192425,0.44239057341382104,1.0939963972195816,690.5614521221352,797.6158465287259,0.37386284490555416,0.3920477369897662,0.9838662736790673,690.5614521221352,780.951815204306,0.4056554059299429,0.353245496500301,0.9022512336430427,690.5614521221352,767.884688134991,0.42015108557853637,0.3362247635557498,0.8671409048232284,690.5614521221352,762.0410577668779
202223-0077,3,2022/23,2022/23,UCL,3rd Qualifying Round,QUALIFYING,0.0,FC Midtjylland,Benfica,1577.11,1764.03,0.2883719707910112,0.0831583935378918,0.3401999349709769,0.2497930644299459,0.31661989709826716,0.10024815923851728,0.38070405458909823,733.8974369072502,849.0753653560346,0.2764872219172335,0.07644518388350953,0.323637071583815,719.4331003224088,853.4316070117419,0.25972639392859204,0.06745779970315018,0.3007354231858128,722.2773752222532,864.624515594017,0.24979306442994592,0.062396575037303115,0.28740619641566884,721.7984236918468,869.2585809503626,0.24716123348805374,0.06108867533933622,0.28390419560760366,720.1063478358102,868.9437124508539
202223-0579,3,2022/23,2022/23,UECL,3rd Qualifying Round,QUALIFYING,1.0,AZ Alkmaar,Dundee United,1639.08,1302.82,0.8917132721410914,0.0117260154303893,0.11461064186427,0.7026691137226394,0.7996671125779581,0.04013326578285252,0.2235597471892511,785.8217737046025,690.5614521221352,0.7546813252591316,0.060181252176616004,0.2814597045858706,778.9923610988598,709.1849375520013,0.7262235058931141,0.07495356872545772,0.31989745217940246,763.4199748616614,708.0932924647797,0.7026691137226394,0.08840565593448074,0.35286917546758234,751.2430395010294,707.2031007560968,0.6917995280326087,0.09498753092092276,0.3684590647102805,745.8052881630769,706.7972217259362
202223-0084,3,2022/23,2022/23,UCL,Qualifying Play-off Round,QUALIFYING,1.0,FC København,Trabzonspor,1574.47,1574.73,0.5426950740005261,0.2091277953433843,0.6112076747910353,0.8435439695774514,0.8521914355071216,0.021847371737445387,0.15994408782939118,799.9678085035287,668.7793561384024,0.8521914355071216,0.021847371737445387,0.15994408782939118,799.9678085035287,668.7793561384024,0.8530578323370279,0.021592000637492996,0.15892793503484676,795.1067991940697,663.2445918571136,0.8435439695774514,0.024478489455581464,0.17014325081771656,784.5462114810642,659.9102424676655,0.833292217299562,0.02779148481289644,0.18237089725170055,775.836553614968,658.5972272612044
202223-0237,3,2022/23,2022/23,UEL,Qualifying Play-off Round,QUALIFYING,1.0,HJK Helsinki,Silkeborg IF,1287.2,1464.45,0.2999283367281422,0.4901003337162254,1.204211710434587,0.5216676249319914,0.5347375705954399,0.21646912821543327,0.6259791746830407,656.1042864055707,682.504675622872,0.552424342127068,0.20032396952038783,0.5934387922935745,663.0711040285731,682.504675622872,0.5358613393872225,0.21542469627542307,0.6238798465517957,656.545728761485,682.504675622872,0.5216676249319914,0.22880186103820208,0.6507246277473454,650.9791000627637,682.504675622872,0.5139352435615071,0.2362589474516114,0.6656580067526817,647.9528860176518,682.504675622872
202223-0233,3,2022/23,2022/23,UEL,Qualifying Play-off Round,QUALIFYING,0.0,Austria Wien,Fenerbahçe,1503.56,1565.94,0.4535358808980961,0.205694795262012,0.604286629327195,0.4613628753722285,0.5252691832950676,0.27590771491946725,0.7450073372574072,656.537922718182,686.6526607279254,0.5108783295190759,0.26099666757220147,0.7151440055671405,656.537922718182,692.2852930020206,0.47963858505551904,0.23005317227406039,0.6532316800878954,644.8627513089912,692.8257201894831,0.46136287537222853,0.21285570277173047,0.6187131729671211,636.6244515759645,691.7565201294672,0.4551403719460724,0.20715275817520912,0.6072270806977941,633.0172047195606,690.5985403583323
202223-0652,3,2022/23,2022/23,UECL,Qualifying Play-off Round,QUALIFYING,1.0,AZ Alkmaar,Gil Vicente,1657.13,1518.76,0.7249631286613498,0.0756452805957532,0.3216344824395521,0.6965179941541815,0.7666587996208086,0.05444811579440194,0.2657134271498165,785.8217737046025,709.5843668482248,0.7463047835050811,0.06436126287240376,0.29262120523773255,785.8612839916041,720.4253959749046,0.7183828184293818,0.07930823695577854,0.33075267872031994,771.0857166966542,719.5789391697915,0.6965179941541815,0.09210132787220143,0.3616616509859019,759.5683043167955,718.3884404831095,0.6870480235229269,0.09793893958090649,0.3753510859672035,754.4349013781638,717.5952873089402
202223-0085,3,2022/23,2022/23,UCL,Qualifying Play-off Round,QUALIFYING,0.5,Trabzonspor,FC København,1574.73,1574.47,0.5434378621661802,0.001886847869568,0.6969351891405025,0.2777192623491211,0.2822767014830368,0.047403434717106674,0.7982693202526361,668.7793561384024,799.9678085035287,0.265435953457986,0.05502029193016412,0.8174298935067297,664.6407163326018,804.1064483093293,0.26419025112310107,0.05560623766538614,0.8189347371133455,659.1302111625504,799.221179888633,0.27771926234912114,0.04940872633061883,0.8032429527750747,655.5294736158341,788.9269803328956,0.29193945137365007,0.04328919189469772,0.7882172624056967,653.929409345592,780.5043715305803
202223-0238,3,2022/23,2022/23,UEL,Qualifying Play-off Round,QUALIFYING,0.5,Silkeborg IF,HJK Helsinki,1464.45,1287.2,0.7672819859673595,0.0714396600226557,0.8614143478980101,0.6125029770168328,0.6636321000286355,0.026775464159781368,0.7497885634585155,682.504675622872,656.1042864055707,0.587036032122761,0.007575270887674286,0.708532006100158,669.9725572024299,675.6032224490152,0.6008510975556517,0.010170943878179574,0.713914437790641,669.5087931257142,669.5416112586428,0.6125029770168328,0.01265691983765,0.7191242944908764,669.1113691209678,664.3724065646679,0.6187824870502785,0.01410927922984958,0.722193314390137,668.8948624425942,661.5626991979296
202223-0234,3,2022/23,2022/23,UEL,Qualifying Play-off Round,QUALIFYING,1.0,Fenerbahçe,Austria Wien,1565.94,1503.56,0.6298986455349249,0.1369750125768831,0.4621963526424444,0.7752079568241944,0.6720637566216344,0.10754217972111461,0.3974020670343722,686.6526607279254,656.537922718182,0.7442077993382042,0.06542964991940438,0.2954349829603226,706.5898862285547,642.2333294916479,0.7640589015842713,0.0556682019216206,0.2691103964728935,706.2556005710377,631.4328709274366,0.7752079568241944,0.050531462675153245,0.25462395423716033,704.6746806398895,623.7062910655421,0.7789322152511556,0.048870965453761385,0.24983125197937747,703.3424707728224,620.2732743050706
202223-0653,3,2022/23,2022/23,UECL,Qualifying Play-off Round,QUALIFYING,0.0,Gil Vicente,AZ Alkmaar,1518.76,1657.13,0.348911364370606,0.1217391401869578,0.4291094930010082,0.4536345304941167,0.40833729813563624,0.1667393490487115,0.5248185668374976,709.5843668482248,785.8217737046025,0.39994526271509523,0.15995621316824654,0.5107343991189107,713.3219299130469,792.9647500534618,0.4306625632251543,0.18547024336366,0.5632819858777419,711.6936580858141,778.9709977806316,0.4536345304941167,0.20578428725661768,0.604467169088045,709.8909443194266,768.0658004804785,0.4633144196181993,0.21466025142614886,0.6223428673453014,708.8326319675822,763.1975567195218
202223-0100,3,2022/23,2022/23,UCL,Group Stage,MAIN_STAGE,0.0,Celtic,Real Madrid,1647.3,1993.74,0.1392449847185938,0.0193891657692814,0.1499453501392865,0.1438915897943616,0.2765861345842039,0.07649988984423135,0.32377379263677075,765.7750361027249,899.7252314074138,0.2765861345842039,0.07649988984423135,0.32377379263677075,765.7750361027249,899.7252314074138,0.19711539527110342,0.03885447905288334,0.21954428055635647,742.7412114948099,919.9760431618329,0.14389158979436165,0.02070478961354884,0.1553582634230111,718.0671369523296,932.3281412723311,0.12311019830691995,0.015156120927169156,0.131373948218749,704.3208888287784,936.1673612068437
202223-0091,3,2022/23,2022/23,UCL,Group Stage,MAIN_STAGE,1.0,Napoli,Liverpool,1804.87,2013.16,0.2637982210611627,0.5419930593127087,1.3325707822350692,0.3041096072355192,0.4613216746247733,0.29017433822905864,0.7736597035590782,841.2258828335534,896.3741521616355,0.4613216746247733,0.29017433822905864,0.7736597035590782,841.2258828335534,896.3741521616355,0.36608676189818384,0.4018459934407299,1.004884919307095,829.1737215149113,922.824025773313,0.3041096072355192,0.4842634387419034,1.19036709244165,818.5487818382984,939.4386894497253,0.28015639281741245,0.5181748188016394,1.272407285965047,813.1683661135432,945.3818295183834
202223-0250,3,2022/23,2022/23,UEL,Group Stage,MAIN_STAGE,0.5,PSV Eindhoven,Bodø/Glimt,1771.67,1600.46,0.7610160159826787,0.0681293605994699,0.852229808574225,0.6800460079124274,0.719745933916018,0.04828827547262297,0.8004578535835551,793.0349626217015,740.8688206209105,0.7190101608878151,0.04796545057210666,0.7996582797171521,790.1401127625525,738.3301200326957,0.692750126698129,0.037152611342144766,0.7735899276226359,784.5685586204592,745.1244558029821,0.6800460079124274,0.03241656496520188,0.7625864463286309,780.932310385444,747.255888879301,0.6762440070100256,0.031061950006949963,0.7594832329634364,778.8961490879058,746.9218861566895
202223-0666,3,2022/23,2022/23,UECL,Group Stage,MAIN_STAGE,1.0,Anderlecht,Silkeborg IF,1549.46,1442.71,0.6872290004364794,0.0978256981679638,0.3750877083345378,0.6961338371408767,0.5574186573952904,0.19587824482178734,0.584438692310598,665.0470653972455,682.504675622872,0.6675832045573916,0.11050092589233294,0.40409124545371605,695.6705980700506,667.5355483029927,0.6859918581931811,0.09860111312097129,0.37688951984974295,703.0450241737617,666.684962394156,0.6961338371408767,0.09233464493072722,0.3622133423913426,706.9636263033791,665.9612857644964,0.6996557628869636,0.09020666076701181,0.3571668322002677,708.2036030872572,665.5689528051864
202223-0259,3,2022/23,2022/23,UEL,Group Stage,MAIN_STAGE,1.0,Lazio,Feyenoord,1738.1,1736.24,0.5457221387124462,0.2063683752559939,0.6056453362296037,0.523030459791626,0.5982412861701465,0.16141006413821812,0.513761117832292,818.9439993621916,820.0390071572436,0.5982412861701465,0.16141006413821812,0.513761117832292,818.9439993621916,820.0390071572436,0.5748279720207462,0.18077125337599137,0.5536844620421346,803.8340141628591,814.365042179616,0.523030459791626,0.2274999422865877,0.648115576093766,777.8269130166466,808.8187373587224,0.4806250464833912,0.26975034234037953,0.7326678420077652,758.3278781633717,805.90466386342
202223-0260,3,2022/23,2022/23,UEL,Group Stage,MAIN_STAGE,1.0,Sturm Graz,FC Midtjylland,1540.13,1544.14,0.537333006271313,0.2140607470859409,0.621137253260075,0.4211861189559058,0.4110776629900689,0.34682951902923875,0.8889731212903959,658.7672536167041,733.8974369072502,0.43719836781347937,0.31674567719181157,0.8273682559587273,647.0141744342504,711.6914581087262,0.42474941184794174,0.3309132391692889,0.8562559031327807,645.3670720215305,715.0050361922526,0.4211861189559058,0.33502550888932675,0.8646804552105186,643.7396180705166,714.8042178878082,0.42217401074908784,0.33388287385379517,0.8623377021914403,642.5170784532542,713.1858332981446
202223-0107,3,2022/23,2022/23,UCL,Group Stage,MAIN_STAGE,1.0,Liverpool,Ajax,2013.16,1886.71,0.7110724984434222,0.0834791011557262,0.3409808875087782,0.6645421285981765,0.6218026034508921,0.14303327075652317,0.4751325944075932,896.3741521616355,887.7890018980647,0.5649202855278584,0.18929435794516022,0.5710706453507948,881.2911590511292,895.7720336538604,0.6160522275012574,0.14741589200674618,0.4844235341380155,905.0744551064621,898.8717446337118,0.6645421285981765,0.11253198348544234,0.4086570038946329,919.9537584523198,893.1547389058559,0.6879348164989109,0.09738467875356843,0.37406118899812396,925.226208517271,887.983264876382
202223-0114,3,2022/23,2022/23,UCL,Group Stage,MAIN_STAGE,0.5,Chelsea,FC Salzburg,1873.87,1747.41,0.7110843248603276,0.0445565922017403,0.7912923354075307,0.8169028113432534,0.7125693887043512,0.045185745014141535,0.7928258919079614,895.508458247448,846.7922760688015,0.6913119551656784,0.03660026418931456,0.7722940890578937,879.0553891856592,840.2706812797911,0.7553611941947131,0.06520933950055,0.844265829737276,897.7240376855806,827.5574403239374,0.8169028113432534,0.10042739183725764,0.9499866653615672,917.0543420753269,810.9193812812848,0.844452186903225,0.11864730906241425,1.0149346381439015,926.7957334998911,801.4857235898297
202223-0116,3,2022/23,2022/23,UCL,Group Stage,MAIN_STAGE,1.0,Real Madrid,RB Leipzig,1993.74,1800.84,0.7829796440775378,0.0470978348847121,0.2446485806759658,0.8028665909986871,0.6556418091563548,0.11858256360110835,0.4221406617901968,899.7252314074138,876.8025813447305,0.715331814095504,0.08103597606615673,0.3350087682798863,907.4696431757716,857.4317066464442,0.7650396570272501,0.05520636276987227,0.2678276072479015,925.4952742294238,850.1401635912915,0.8028665909986871,0.038861580944478925,0.21956671707112685,936.3571057865732,839.1333960925426,0.8202665178198268,0.03230412461661062,0.19812596980046285,939.6144467594374,831.2660976315692
202223-0118,3,2022/23,2022/23,UCL,Group Stage,MAIN_STAGE,0.5,FC København,Sevilla,1568.34,1799.17,0.2393820451279486,0.0679217184016906,0.8516592828539162,0.5041922948458815,0.40259368631357867,0.009487989945977512,0.7124926264143054,799.9678085035287,878.5334493847449,0.4174983173433868,0.006806527641172507,0.7069489849400812,790.7194938662383,863.2640461876854,0.4716400363620783,0.0008042875375442412,0.6947583487118445,785.0011229096378,836.0979513338586,0.5041922948458815,1.7575336074804264e-05,0.6931823324677227,774.4297240036633,812.7910641366763,0.514037555850096,0.00019705297424456523,0.6935414419095978,766.1264252806408,800.6381932735809
202223-0120,3,2022/23,2022/23,UCL,Group Stage,MAIN_STAGE,0.0,Juventus,Benfica,1789.29,1793.28,0.537361628000139,0.2887575192469597,0.770809584073475,0.6147153974922172,0.700546947707534,0.49076602594234237,1.2057976273282356,892.1247780868403,849.0753653560346,0.5968531158735769,0.35623364192799745,0.9084543067004623,881.2385834329522,882.8976479043367,0.5943378217933902,0.3532374464141117,0.9022345391283436,888.4187111085272,891.0982198582603,0.6147153974922172,0.3778750199140145,0.9537729904953283,899.3166287604624,893.6658301436192,0.6295206294440134,0.39629622289558686,0.9929575158070173,904.3218591808641,892.5165234856551
202223-0275,3,2022/23,2022/23,UEL,Group Stage,MAIN_STAGE,1.0,Feyenoord,Sturm Graz,1736.24,1540.13,0.7861030928305239,0.0457518868966674,0.2406673337918401,0.8576847845467479,0.8869298092774623,0.01278486803003104,0.11998943252360104,820.0390071572436,658.7672536167041,0.8703035998528794,0.01682115621112202,0.13891316285961589,808.7897631700077,662.7726201354731,0.8643805023583973,0.018392648140560693,0.1457422108759021,802.460225396197,661.4740884897881,0.8576847845467479,0.020253620549505566,0.15351863097435106,795.4635902328879,659.9464067397512,0.8540858916261898,0.021290927022524043,0.157723514576266,791.362165164955,658.6962061522797
202223-0276,3,2022/23,2022/23,UEL,Group Stage,MAIN_STAGE,1.0,FC Midtjylland,Lazio,1544.14,1738.1,0.2801274247235847,0.5182165246350982,1.2725106910356438,0.3686213157609421,0.3867501585167035,0.3760753680792883,0.9499763796603874,733.8974369072502,818.9439993621916,0.2759517481084497,0.5242458710672099,1.287529254242803,695.9330124075036,830.1932433494275,0.31294934228979193,0.4720386062600294,1.1617139472599303,698.898019723995,815.7388309462782,0.3686213157609421,0.3986390429114439,0.997985406441391,698.5974292185737,791.1820601424811,0.40926166129433017,0.3489717848167347,0.893400568831826,697.0067055991191,772.8703768618367
202223-0692,3,2022/23,2022/23,UECL,Group Stage,MAIN_STAGE,0.0,CFR Cluj,Sivasspor,1479.96,1414.79,0.6336349033354692,0.4014931907249494,1.0041249109147603,0.6566762868969004,0.7582714843130106,0.5749756439222563,1.4199400185586495,726.1801145951416,654.4683258573147,0.7653885905343377,0.58581969452014,1.4498247102468667,719.0562803354754,643.511387870613,0.7085879692563335,0.5020969101748146,1.2330171000620669,697.6953237386164,650.870906902204,0.6566762868969004,0.43122374577270023,1.0690815069071946,680.6114703155428,657.2407753891625,0.6317091220472223,0.3990564148776724,0.9988822238183602,672.2913340090881,659.5679421269841
202223-0123,3,2022/23,2022/23,UCL,Group Stage,MAIN_STAGE,0.0,Ajax,Napoli,1878.95,1842.03,0.5951320829910436,0.3541821962052583,0.9041943959099094,0.6753823515421201,0.7080354948351449,0.5013142619464486,1.2311230417571917,887.7890018980647,841.2258828335534,0.6307082129636462,0.3977928498997961,0.9961681966442606,883.5898016486404,871.2865632828562,0.6644981198434431,0.44155775127547087,1.0921277185427145,888.121207003747,861.3414774160248,0.6753823515421201,0.45614132077456393,1.1251072555155552,883.7619185066048,852.171962896019,0.6760080684294246,0.4569869085816817,1.127036666059834,879.2454397383515,847.3764607427032
202223-0133,3,2022/23,2022/23,UCL,Group Stage,MAIN_STAGE,1.0,RB Leipzig,Celtic,1752.14,1633.85,0.7013271954977857,0.0892054441492179,0.3547807454975977,0.8241224858701842,0.8242733185106794,0.030879866587249123,0.1932531068503287,876.8025813447305,765.7750361027249,0.7785709500172762,0.04903082417625161,0.250295155037059,849.4609974411184,766.5966877645133,0.8035374454485692,0.03859753534087392,0.21873149196752856,843.5612739880545,745.9228490057856,0.8241224858701842,0.03093289997648355,0.19343611221896082,833.6136606405058,722.6878354631684,0.8326995626700703,0.027989436330785742,0.18308237093556523,826.2335601305243,709.4105265535367
202223-0292,3,2022/23,2022/23,UEL,Group Stage,MAIN_STAGE,0.5,Sturm Graz,Lazio,1542.49,1717.15,0.3030681570133214,0.0387821507821298,0.7774326086894469,0.311408812848409,0.22620695427831713,0.0749626318855555,0.8713778978854068,658.7672536167041,818.9439993621916,0.2434829798883514,0.06580098160695991,0.8458692421015713,659.1411209313537,809.919892296464,0.2667170736853393,0.05442092370993141,0.815895249517745,657.6767425558232,796.5014125303924,0.311408812848409,0.03556663587124643,0.7698781228101372,655.9615807070601,773.5034569837875,0.3471443442788671,0.02336485148593751,0.7422069149108946,654.610611117813,756.329703378078
202223-0281,3,2022/23,2022/23,UEL,Group Stage,MAIN_STAGE,1.0,Arsenal,Bodø/Glimt,1871.76,1573.41,0.8687708697610413,0.0172210846232735,0.1406758596451543,0.7626759687786453,0.7811977375336882,0.04787443006037682,0.24692697612603928,825.2283835209872,740.8688206209105,0.7760564177291345,0.050150728040307915,0.25353005818247826,836.0945185681434,754.6497169861689,0.7657895126011595,0.054854552407602446,0.26684793472955676,835.9011167751146,760.1379245457558,0.7626759687786453,0.05632269579515454,0.2709220183997921,835.6630479020382,761.5884201276313,0.7634079008334091,0.05597582138805396,0.26996278919167255,835.5151487433736,761.0449558697238
202223-0291,3,2022/23,2022/23,UEL,Group Stage,MAIN_STAGE,0.5,FC Midtjylland,Feyenoord,1556.25,1733.94,0.2993967818391491,0.0402416511364899,0.7808995652742501,0.3913088804400424,0.38409577920508475,0.013433788398076464,0.7207635728713656,733.8974369072502,820.0390071572436,0.3600177608168604,0.01959502728672571,0.7339583837181949,716.2063634604671,812.4212623741271,0.3793123356804981,0.014565512318896771,0.7231612940851777,718.1354381398809,806.2575713301618,0.3913088804400424,0.011813759471196995,0.7173511940460351,716.2760323772673,799.448416265579,0.39441377359758845,0.01114845120590131,0.7159565273937295,713.5473790828778,795.4477601994216
202223-0701,3,2022/23,2022/23,UECL,Group Stage,MAIN_STAGE,1.0,Villarreal,Austria Wien,1856.27,1473.62,0.9149324310020144,0.007236491295227,0.0889050623327961,0.969008757658657,0.9332425252270348,0.004456560438063089,0.06909017061996418,874.274212180752,656.537922718182,0.9549058730201677,0.002033480288073238,0.04614250564153465,887.6013050250301,629.2871743008978,0.9621778474835571,0.001430515220977071,0.03855597275924172,896.5422529691717,620.3027027215,0.969008757658657,0.0009604571018598502,0.031481629300780384,910.169822980972,613.7748618750057,0.9720540970828301,0.0007809734898558861,0.028343820635393865,917.6058989207983,610.7971338730606
202223-0149,3,2022/23,2022/23,UCL,Group Stage,MAIN_STAGE,0.0,Celtic,RB Leipzig,1633.85,1752.14,0.3756066480127496,0.1410803540313736,0.4709747374390994,0.3043585970514609,0.32588077171582375,0.10619827737410083,0.39434828715012255,765.7750361027249,876.8025813447305,0.3622621286060853,0.1312338498222119,0.4498279399475413,760.396674364997,855.6610108406346,0.33127029293188287,0.10974000697917549,0.40237532580336643,740.4218974783455,849.0622255154946,0.30435859705146096,0.09263415559913357,0.3629209770707105,717.7632650675336,838.5382310361407,0.2927505375964446,0.08570287726300732,0.34637182892297563,704.7261143082986,830.9179723757624
202223-0139,3,2022/23,2022/23,UCL,Group Stage,MAIN_STAGE,1.0,Napoli,Ajax,1842.03,1878.95,0.4900426361376141,0.2600565129574738,0.7132628791370919,0.6161218067041816,0.48321504267375726,0.26706669211868656,0.7272935014848501,841.2258828335534,887.7890018980647,0.6558584379521594,0.11843341472872775,0.42181030912994805,888.9463932458383,865.9299716856583,0.6262372908092831,0.13969856278158438,0.468025920905904,879.9474247716412,869.5152596481306,0.6161218067041816,0.1473624672880617,0.4843105968400907,871.0826687391983,864.8512126634255,0.6155310904817922,0.14781634238611985,0.48526982207153835,866.3046866587271,860.3172138223276
202223-0297,3,2022/23,2022/23,UEL,Group Stage,MAIN_STAGE,0.0,Bodø/Glimt,Arsenal,1573.41,1871.76,0.175846292658121,0.0309219186416055,0.1933982284324606,0.3811387936337627,0.38841894859096576,0.1508692796245113,0.4917077874067988,740.8688206209105,825.2283835209872,0.3652907313518643,0.13343731841157988,0.4545882295809141,748.3792966825846,842.3649388717276,0.37749052594391497,0.14249909717741355,0.4739964313918829,753.5800308985882,842.4590104222822,0.38113879363376274,0.1452667800126,0.47987425378769655,754.9433472534333,842.3081207762361,0.3802832694707777,0.1446153650393841,0.47849279159051095,754.4203770930593,842.1397275200382
202223-0307,3,2022/23,2022/23,UEL,Group Stage,MAIN_STAGE,0.5,Feyenoord,FC Midtjylland,1733.94,1556.25,0.767733945171564,0.07168146539713,0.8620919038664365,0.7682081732487912,0.7842988824972482,0.08082585458918415,0.8884133241932439,820.0390071572436,733.8974369072502,0.7881419704832152,0.08302579515395007,0.8949579702477831,808.5017596769992,720.1258661575949,0.7759120065400386,0.07612743535295027,0.8747163175899857,802.8783167292157,721.514692740827,0.7682081732487912,0.0719356241974536,0.8628050661309312,796.4050649179002,719.3193837249461,0.7662010692426849,0.07086300926594874,0.8598022272396899,792.4913458601541,716.5037934221453
202223-0717,3,2022/23,2022/23,UECL,Group Stage,MAIN_STAGE,0.0,Austria Wien,Villarreal,1473.62,1856.27,0.1160872205002468,0.0134762427634729,0.1233968869365374,0.0665065956145425,0.1395656867741719,0.019478580924746258,0.15031800183306335,656.537922718182,874.274212180752,0.09448979298260206,0.008928320977894992,0.09925672947769675,628.0245387454626,888.8639405804654,0.08022581641454894,0.00643618161938091,0.0836270916919864,619.2436824510396,897.6012732396322,0.06650659561454256,0.0044231272602362915,0.06882138149349654,612.9071070894481,911.0375777665296,0.06028692220224865,0.003634512988619981,0.062180686697565546,610.0146485913798,918.3883842024791
202223-0308,3,2022/23,2022/23,UEL,Group Stage,MAIN_STAGE,0.5,Lazio,Sturm Graz,1717.15,1542.49,0.7646091857552807,0.0700180211860726,0.8574492754022209,0.818193927101209,0.8858011304993705,0.1488425122945923,1.145538346175146,818.9439993621916,658.7672536167041,0.8588011379036711,0.12873825656096918,1.0549019503745474,802.7374157333378,666.3235974944799,0.8450572229850098,0.1190644871341268,1.0165251725920976,789.9694905935819,664.2086644926337,0.818193927101209,0.10124737524408949,0.9527352946470954,768.2229037435429,661.2421339473046,0.7962002108683774,0.08773456491847126,0.9092608982247185,752.0497450178863,658.8905694780047
202223-0265,3,2022/23,2022/23,UEL,Group Stage,MAIN_STAGE,1.0,Arsenal,PSV Eindhoven,1907.52,1736.29,0.7610369539846134,0.0571033373609518,0.2730733625299073,0.73277797621074,0.6767348469174049,0.10450035919751362,0.3904757416990211,825.2283835209872,793.0349626217015,0.7161081785149507,0.08059456630609911,0.33392403612264615,852.5930793495799,802.1822850527806,0.7263220491675847,0.07489962077182993,0.3197617686212815,853.0287451487118,797.6536258824555,0.73277797621074,0.07140760999802782,0.3109125203714269,852.9800069979815,794.4074711612056,0.7362525515348253,0.06956271657189,0.3061820784402401,852.7876590652199,792.4739862188977
202223-0178,3,2022/23,2022/23,UCL,Group Stage,MAIN_STAGE,0.0,FC Salzburg,Chelsea,1749.99,1900.36,0.3333870602647468,0.1111469319519699,0.4055457017528652,0.3737808452704682,0.4777150502821415,0.22821166926606898,0.6495419593526076,846.7922760688015,895.508458247448,0.507930342876129,0.257993233214262,0.7091349929912004,855.1703027619996,892.070349066078,0.44540761081359964,0.19838793977067903,0.589521868962778,844.7904281454138,906.2140892703815,0.37378084527046823,0.13971212029110572,0.46805488172097637,830.6607730013678,921.0853668135528,0.3365992147096377,0.1132990313431448,0.41037596873403653,822.3993141344779,928.6984627750114
202223-0182,3,2022/23,2022/23,UCL,Group Stage,MAIN_STAGE,1.0,Sevilla,FC København,1748.01,1587.79,0.7493210214206067,0.0628399503016079,0.2885877872601611,0.6562324387983148,0.7708940818997299,0.05248952170856769,0.2602042924179278,878.5334493847449,799.9678085035287,0.7242726929646232,0.07602554784498097,0.32258730976918315,849.8575889758382,795.4875642208167,0.6842089696826498,0.09972397482889361,0.3794918967866959,825.26669806946,789.7141791245275,0.6562324387983148,0.11817613613455435,0.4212402253607342,803.3074785580875,780.129098234325,0.6461221139847254,0.12522955821063966,0.43676676212752397,791.4731956189132,772.6444298720921
202223-0180,3,2022/23,2022/23,UCL,Group Stage,MAIN_STAGE,1.0,RB Leipzig,Real Madrid,1770.51,1988.95,0.2526085844922454,0.558593927974685,1.3759140851133365,0.3699817887356433,0.5435803029945027,0.20831893981459,0.6095778317352446,876.8025813447305,899.7252314074138,0.4648159386350171,0.28642197953911785,0.7661137826489441,865.804350441605,919.5793362805977,0.41355872537627536,0.3439133685822988,0.8829557543452988,858.3377937175873,932.4674454173954,0.3699817887356433,0.39692294652473953,0.9943014941885893,847.0602717535816,939.0741417628137,0.3482791888171699,0.4247400157288061,1.054750854135581,839.1149874284628,940.345152083024
202223-0184,3,2022/23,2022/23,UCL,Group Stage,MAIN_STAGE,1.0,Benfica,Juventus,1814.61,1729.74,0.6595399766785002,0.1159130274800762,0.4162126920151801,0.7176350964265606,0.4921989305372809,0.25786192614748127,0.708872313848995,849.0753653560346,892.1247780868403,0.7260139285953934,0.0750683673237302,0.32018607894827444,901.5958599832164,846.3721547905808,0.7292753076479995,0.0732918590490853,0.3157039671710555,909.3082973961489,852.4764783324127,0.7176350964265606,0.0797299387700377,0.33179406136974204,913.0813181890663,861.9354033739105,0.7085227527946535,0.08495898563840668,0.3445731063308384,913.0491668280847,866.2556098696074
202223-0171,3,2022/23,2022/23,UCL,Group Stage,MAIN_STAGE,0.0,Ajax,Liverpool,1825.57,1988.67,0.3173049034772821,0.1006824017707273,0.3817069370610396,0.3850064112009001,0.5796874577949533,0.3360375487247758,0.8667566963383896,887.7890018980647,896.3741521616355,0.46422903670916904,0.215508598523923,0.6240485165263382,856.2940079483187,910.2995540375675,0.42485815634731533,0.18050445301483983,0.5531385839930681,859.0499037907905,928.6443799317182,0.3850064112009001,0.1482299366657966,0.48614343594686776,854.1026232511425,939.8682142880564,0.36501812793715027,0.1332382337227418,0.4541588284294655,849.5520843558178,943.6526353925765
202223-0329,3,2022/23,2022/23,UEL,Group Stage,MAIN_STAGE,1.0,PSV Eindhoven,Arsenal,1736.29,1907.52,0.30725472599705,0.4798960146534222,1.1800781490528236,0.4150305072192913,0.5199619535646827,0.23043652602543588,0.6539996363052066,793.0349626217015,825.2283835209872,0.43309466113978495,0.3213816632282152,0.8367989579218461,794.2333140511992,860.5420503511613,0.42209330363938335,0.33397614969844197,0.8625288907133098,789.9906432591479,860.6917277720194,0.41503050721929136,0.3421893074841195,0.8794032500814808,786.9252544951064,860.4622236640807,0.411193251896771,0.34669338661189947,0.8886919757327195,785.0890576618729,860.1725876222448
202223-0340,3,2022/23,2022/23,UEL,Group Stage,MAIN_STAGE,1.0,Lazio,FC Midtjylland,1729.23,1586.85,0.7295417877034845,0.073147644598627,0.3153386299957535,0.6773856303501677,0.7823970790952953,0.04735103118625916,0.24539289353115748,818.9439993621916,733.8974369072502,0.7444815804731856,0.06528966271748114,0.29506716796576327,792.690983872035,728.193841331125,0.7174727893376969,0.07982162476462142,0.3320202563355224,780.3078883500016,729.240228923948,0.6773856303501677,0.1040800315045586,0.3895145517697762,759.3134737847091,726.8292125759123,0.6483884146673891,0.12363070694011195,0.4332653568505868,743.7561391135717,723.9574233609405
202223-0339,3,2022/23,2022/23,UEL,Group Stage,MAIN_STAGE,1.0,Sturm Graz,Feyenoord,1571.15,1710.38,0.347787577967256,0.425381043453818,1.0561633937226274,0.3087776688208933,0.2242515066175516,0.6017857249851385,1.4949870595928836,658.7672536167041,820.0390071572436,0.29727996740562995,0.4938154442094326,1.213080932998657,676.3700293557828,800.4337845034692,0.30325999835745443,0.4854466298888544,1.1931647610256386,673.870266736214,795.1527805460946,0.3087776688208933,0.47778831112067865,1.17513377944096,670.1515639061384,788.895236066934,0.3107252931826617,0.4750996214581278,1.1688460588071605,667.1841753823193,785.0377159213589
202223-0756,3,2022/23,2022/23,UECL,Group Stage,MAIN_STAGE,1.0,Sivasspor,CFR Cluj,1435.63,1486.1,0.4705753409663918,0.2802904695928522,0.7537992031981965,0.5376610641991701,0.4195723215819903,0.33689628987372044,0.8685193684536482,654.4683258573147,726.1801145951416,0.42924294923510814,0.3257636109978373,0.8457322051167236,668.1654712973741,736.008797181308,0.48977643908942015,0.2603280821082722,0.7138062387459699,672.3786729438752,716.3752624570619,0.5376610641991701,0.21375729155744386,0.6205269095436717,675.5916530980757,700.8433264821626,0.5587037316041089,0.19474239650013833,0.5821359434555571,676.3499640624459,693.2984177433082
202223-0155,3,2022/23,2022/23,UCL,Group Stage,MAIN_STAGE,1.0,Liverpool,Napoli,1988.67,1880.22,0.6893285886212256,0.0965167258480796,0.372037215090259,0.7429407563654526,0.7258603395498912,0.07515255343170098,0.32039765242876783,896.3741521616355,841.2258828335534,0.6473146966073934,0.12438692322913497,0.43492270921229387,923.2979670654242,903.9591435302474,0.7046053238716369,0.08725801468498054,0.35011745722554805,940.540408309443,895.5931755940618,0.7429407563654526,0.06607945473796557,0.29713897315615395,950.6483938016816,886.9411781951729,0.7582551870406865,0.058440554592733465,0.2767352916314554,953.8731429748167,882.1700422241419
202223-0164,3,2022/23,2022/23,UCL,Group Stage,MAIN_STAGE,1.0,Real Madrid,Celtic,1972.03,1621.08,0.8996123248350317,0.0100776853250271,0.1057913586406344,0.9267795753608836,0.8557161422939831,0.02081783159453014,0.15581656730461924,899.7252314074138,765.7750361027249,0.8754556940409919,0.015511284146811025,0.13301073500052507,904.5941825623781,754.0393662013428,0.9054657429549424,0.008936725755061018,0.09930583456102501,916.0470897279312,735.2584577826985,0.9267795753608836,0.0053612305843325206,0.07603952447330824,921.4336318474118,713.406184397778,0.9355978810307155,0.004147632927733873,0.06656950909862447,922.0969693699047,700.6044280099469
202223-0323,3,2022/23,2022/23,UEL,Group Stage,MAIN_STAGE,1.0,Feyenoord,Lazio,1703.34,1731.89,0.5020867056254302,0.2479176487149369,0.6889824538354706,0.6038591001951388,0.6036159184294297,0.1571203401225445,0.5048171799553597,820.0390071572436,818.9439993621916,0.5532988933563738,0.19954187867664028,0.5918569291589204,780.7576235908268,799.8454996187858,0.5697089403790817,0.18515039598969266,0.5626296794837964,775.6440605001034,788.218650248546,0.6038591001951388,0.1569276124982051,0.5044143860834436,769.541010793919,768.3466761349044,0.6303113102303314,0.1366697273436143,0.4615414384223681,765.7380241304734,753.6012635028849
202223-0324,3,2022/23,2022/23,UEL,Group Stage,MAIN_STAGE,1.0,FC Midtjylland,Sturm Graz,1569.51,1594.94,0.5065763794054372,0.243466869360647,0.6800801682310715,0.66793550827224,0.7646256394390464,0.0554010896094778,0.2683689251417831,733.8974369072502,658.7672536167041,0.6604098096447242,0.11532149738553246,0.41489471295090036,721.0393255843742,696.0461902684251,0.66716391032792,0.11077986258820088,0.4047195206357156,721.3294670254036,693.3789867822053,0.66793550827224,0.11026682666641557,0.4035636546088465,717.7960102257169,689.5057891791535,0.6664316655686925,0.11126783373527661,0.4058176718984354,714.1122989716274,686.4838671732048
202223-0314,3,2022/23,2022/23,UEL,Group Stage,MAIN_STAGE,0.0,Bodø/Glimt,PSV Eindhoven,1570.39,1735.47,0.314841041574074,0.0991248814594478,0.3781044115445206,0.4148285605574215,0.4689139492801579,0.2198802918295145,0.6328312167832117,740.8688206209105,793.0349626217015,0.38512745846728685,0.14832315926547177,0.48634028219507663,724.3910250617312,810.1066635392851,0.405363725413038,0.16431974988073686,0.5198053635736889,728.7305645807463,806.1720307572451,0.4148285605574215,0.17208273465414234,0.5358504158074427,729.686144143582,803.3044002929662,0.4176268040861633,0.17441214749122264,0.5406438066583681,729.0827186039354,801.5756466087632
202223-0730,3,2022/23,2022/23,UECL,Group Stage,MAIN_STAGE,0.0,Silkeborg IF,Anderlecht,1467.77,1512.57,0.4787139613677733,0.2291670568084259,0.6514563693963219,0.5574311249781141,0.6429071792394976,0.4133296411176875,1.0297595288669352,682.504675622872,665.0470653972455,0.579506318863559,0.33582757360279286,0.8663258267059626,676.1075474790891,684.7653395547005,0.5654484537345477,0.3197319538307909,0.8334407077907603,677.2481953590415,691.5190580935505,0.5574311249781141,0.31072945909436583,0.8151591768793472,678.0773244481077,695.5299963933008,0.5546122108515152,0.3075947044256056,0.8088099400073239,678.5253252712265,697.0938230402098
202223-0188,3,2022/23,2022/23,UCL,Round of 16,KNOCKOUT,0.0,Club Brugge,Benfica,1638.76,1839.06,0.2728271816164248,0.0744346710287616,0.3185911152778902,0.3184882577315196,0.4682557425066014,0.2192634403904086,0.6315926242202842,796.6509336679438,849.0753653560346,0.4027710386839487,0.1622245096025469,0.5154547193220715,836.1150187330728,914.6086092990026,0.35974269644975737,0.12941480764894228,0.4458851466263043,825.295643514746,921.6272185407693,0.3184882577315196,0.10143477031285887,0.38344179795953104,811.1774186187122,925.5129001573355,0.2979243785093377,0.0887589353101751,0.35371415783685184,801.9940354623542,925.7565519442221
202223-0353,3,2022/23,2022/23,UEL,Knockout round play-offs,KNOCKOUT,0.5,Ajax,Union Berlin,1792.39,1787.06,0.5506694294339413,0.0025673910791611,0.6983085106194045,0.8136420932286033,0.914048559023511,0.17143620922944589,1.2719221814553698,887.7890018980647,696.7778779807641,0.8237713774460336,0.10482790485330194,0.9649176886230395,856.5443463635138,745.8550398187301,0.8229457028590224,0.10429392699510796,0.9630819425393243,859.2453308089357,749.1107710121408,0.8136420932286033,0.09837136264481985,0.9431604614268022,854.9717187019129,750.9524621322873,0.8061369007525864,0.09371980200239892,0.9280523709273378,850.9121431398015,751.6565719076463
202223-0357,3,2022/23,2022/23,UEL,Knockout round play-offs,KNOCKOUT,1.0,Sevilla,PSV Eindhoven,1720.88,1728.48,0.5321916001765519,0.2188446989453751,0.6307517037713872,0.5853247029502799,0.7831834423311063,0.04700941967938872,0.2443883290374394,878.5334493847449,793.0349626217015,0.6707136126917608,0.10842952486651174,0.3994130398370548,850.4069846502713,820.8902323763691,0.6274604043662689,0.13878575031494386,0.4660747105786491,828.4653394656399,817.5222150688102,0.5853247029502799,0.17195560198327356,0.5355885379540667,808.5995550049308,814.919599988574,0.5621099322037447,0.19174771147460903,0.5760578393139126,797.6718341297892,813.2691971231758
202223-0764,3,2022/23,2022/23,UECL,Knockout round play-offs,KNOCKOUT,1.0,Lazio,CFR Cluj,1717.81,1459.46,0.8402213607109282,0.0255292135730673,0.1740898972054339,0.7374432904617364,0.7955430132759471,0.04180265942027953,0.22873036192320292,818.9439993621916,726.1801145951416,0.7354622309450862,0.0699802312565509,0.30725609179543273,787.3378686327642,727.4215138005759,0.7474355269169126,0.06378881306373757,0.2911072290533505,776.1705005791604,710.1501684371913,0.7374432904617364,0.06893602572356013,0.30456608801385054,757.2547309403683,696.3409917296484,0.722966375141287,0.07674762930235811,0.32439256531665006,743.2499801893341,689.5182169698152
202223-0190,3,2022/23,2022/23,UCL,Round of 16,KNOCKOUT,0.0,Liverpool,Real Madrid,1940.34,1931.71,0.5553650792642219,0.3084303712661554,0.8105017363714292,0.6815711966246002,0.5926797527094989,0.3512692892717928,0.8981555545628273,896.3741521616355,899.7252314074138,0.6606360633534595,0.43644000820315615,1.0806821880251833,933.1731555604173,908.0814231292304,0.6720697838441152,0.45167779435627575,1.1149544488559837,948.8114592410371,918.6940489251928,0.6815711966246002,0.4645392960682894,1.1443563662409906,957.8460526234488,923.4838037373071,0.6868326868203666,0.47173913968488373,1.1610176843614972,960.6419977376775,923.9002287010447
202223-0358,3,2022/23,2022/23,UEL,Knockout round play-offs,KNOCKOUT,1.0,PSV Eindhoven,Sevilla,1728.48,1720.88,0.5539004882188779,0.1990047744113554,0.5907702325228535,0.5588215145848362,0.3856538352400154,0.37742121015530217,0.9528151117792454,793.0349626217015,878.5334493847449,0.47965436717450144,0.2707595776005685,0.734689502840415,811.6702135317385,859.6270034949019,0.5209531636319499,0.22948587143423738,0.6520951383293502,807.0911063910658,838.8964481433843,0.5588215145848362,0.1946384559932179,0.5819251509359875,803.3086916711818,820.210463322323,0.5788411231259128,0.1773747995698425,0.5467272378096306,801.0082752248807,809.9327560280843
202223-0765,3,2022/23,2022/23,UECL,Knockout round play-offs,KNOCKOUT,0.5,CFR Cluj,Lazio,1459.46,1717.81,0.2117367641742322,0.0830956931287421,0.8951673217734436,0.409872317766701,0.3681944736781024,0.01737269676899245,0.7291588315109779,726.1801145951416,818.9439993621916,0.41206831509903846,0.007731981209521987,0.7088553250026717,720.0144562670383,794.7449261663018,0.39866608256231373,0.010268562823267819,0.7141179969824442,703.0783631908648,783.2423058254868,0.409872317766701,0.008122999104746516,0.7096629713985753,688.989403862577,764.6063188074397,0.42573068939847164,0.005515930497226293,0.7043025637988972,681.7612754737712,751.0069216853781
202223-0354,3,2022/23,2022/23,UEL,Knockout round play-offs,KNOCKOUT,1.0,Union Berlin,Ajax,1787.06,1792.39,0.5354434371135992,0.2158128001208264,0.6246600209783215,0.3833365398115517,0.17575102448238045,0.6793863736418454,1.738686919105619,696.7778779807641,887.7890018980647,0.36868448670420945,0.39855927732792756,0.9978140502871041,754.920638387219,847.4787477950249,0.36989656036575747,0.3970303446389035,0.9945318790089218,758.1532506921935,850.202851128883,0.3833365398115517,0.38027382313158997,0.9588419816021481,759.7344407426882,846.189740091512,0.39389685662505897,0.3673610204089844,0.9316661891715206,760.2284051287187,842.3403099187291
202223-0780,3,2022/23,2022/23,UECL,Round of 16,KNOCKOUT,0.0,Lazio,AZ Alkmaar,1747.27,1646.24,0.680108248362687,0.4625472294909624,1.1397726165500393,0.5314684604383532,0.6788107296507304,0.460784006688957,1.1357247023576806,818.9439993621916,785.8217737046025,0.5559744548888099,0.30910759448890934,0.8118731841707195,792.2828389890748,810.3122906300924,0.554894094289239,0.30790745587707485,0.8094430347698497,780.4049561372316,798.8619382693762,0.5314684604383532,0.28245872444071335,0.7581518592672288,762.0827437049073,789.7665439230375,0.508497672360838,0.25856988279639015,0.7102886036194317,748.9273809885353,785.6056181488419
202223-0189,3,2022/23,2022/23,UCL,Round of 16,KNOCKOUT,1.0,Benfica,Club Brugge,1840.46,1635.7,0.7943563244320503,0.0422893213010961,0.2302231470777353,0.8534532836878018,0.720278801058522,0.07824394913725789,0.3281169182313902,849.0753653560346,796.6509336679438,0.8089887076615357,0.03648531380081026,0.21197032041224417,925.8861983821532,824.8374296499222,0.8322058893349698,0.028154863573868417,0.18367540563188908,931.7000140413625,815.2228480141528,0.8534532836878018,0.021475940061887893,0.15846447323358578,934.430571373818,802.2597474022297,0.8637315517730231,0.01856908998218829,0.14649326242296776,934.0984345424836,793.6521528640927
202223-0788,3,2022/23,2022/23,UECL,Round of 16,KNOCKOUT,0.5,Anderlecht,Villarreal,1526.24,1736.2,0.2619354798111347,0.0566747157727546,0.8216905491419118,0.2153751601083437,0.15035469957257921,0.12225183611098135,1.0288472113451552,665.0470653972455,874.274212180752,0.24086772362052072,0.06714953666161083,0.8495433002045789,704.652502347259,856.8237432980881,0.23484130487105812,0.07030913360248313,0.8582586567159768,709.1537802634322,864.5736126967685,0.21537516010834373,0.08101129948335097,0.8889617135712902,710.5074527575667,876.8374016968766,0.2038288668965772,0.08771734008376539,0.9092078249360825,710.462643871575,883.6043097083412
202223-0363,3,2022/23,2022/23,UEL,Round of 16,KNOCKOUT,1.0,Sevilla,Fenerbahçe,1721.93,1657.05,0.6332472855691187,0.1345075535424195,0.4568942766170505,0.6876662933609344,0.9147451970507182,0.007268381425920865,0.08910972565608231,878.5334493847449,686.6526607279254,0.753045546530946,0.06098650208819915,0.28362956625060937,845.057325775788,776.1113398197062,0.7176699671830952,0.07971024743039457,0.3317454713418441,825.4831367250789,774.3204056240994,0.6876662933609344,0.09755234430289787,0.3744515974376962,807.8574657306984,770.736717224556,0.671598424520289,0.10784759477755636,0.3980946996417039,798.1403074756099,768.2318092122595
202223-0365,3,2022/23,2022/23,UEL,Round of 16,KNOCKOUT,1.0,Juventus,SC Freiburg,1797.31,1773.52,0.5767974186104955,0.1791004248947401,0.5502641683846309,0.7894863833778581,0.9062514856688317,0.008788783939301261,0.09843843345588539,892.1247780868403,710.4358021446998,0.754654389148639,0.06019446876402745,0.2814953972554845,828.9294042570856,759.1361971683341,0.7701905481745335,0.05281238414832142,0.2611173295871283,834.0517804729319,755.8749634616811,0.7894863833778581,0.04431598278333412,0.2363726925816488,841.8311009883445,752.6665994118463,0.7982621033405406,0.04069817894858272,0.2253182851588911,845.3325918491774,750.9270365464382
202223-0778,3,2022/23,2022/23,UECL,Round of 16,KNOCKOUT,1.0,Fiorentina,Sivasspor,1680.39,1466.78,0.8025536629586139,0.0389850560110606,0.2199565564832869,0.7940677061968967,0.7420014192243526,0.06656326768224827,0.298404123115302,717.6954951310754,654.4683258573147,0.8035492923242299,0.03859288054631088,0.2187167486741114,790.0244873855999,692.3787291844836,0.7983352354900392,0.04066867724485797,0.2252266751483129,788.3396657637155,693.8897290604391,0.7940677061968967,0.042408109631007655,0.23058654908219323,786.7567309152304,694.8767885528775,0.7930285558038578,0.042837178712636814,0.23189604815469744,785.9017974597951,694.6416583972159
202223-0191,3,2022/23,2022/23,UCL,Round of 16,KNOCKOUT,1.0,Real Madrid,Liverpool,1951.17,1929.21,0.5742239085271246,0.1812852800699184,0.5547358741837366,0.6102338468181755,0.6091266080436784,0.15278200853944024,0.4957291378979976,899.7252314074138,896.3741521616355,0.6297558164350109,0.13708075546370535,0.4624231276904251,926.5792329031273,914.6753457865204,0.6192322031388877,0.14498411512646528,0.4792749504057284,937.512002872828,929.9935052934019,0.6102338468181755,0.1519176541661575,0.49391303983707063,942.5677972427959,938.76205911796,0.6051473346148296,0.15590862736177333,0.5022833223105214,943.131543932015,941.4106825067072
202223-0364,3,2022/23,2022/23,UEL,Round of 16,KNOCKOUT,1.0,Fenerbahçe,Sevilla,1651.5,1720.08,0.4447059953900844,0.308351431555717,0.8103418996807545,0.4626871917145205,0.1744654803784972,0.6815072430867054,1.7460283770891796,686.6526607279254,878.5334493847449,0.39227688019283863,0.3693273903481493,0.9357873615006589,769.1966151225728,851.9720504729214,0.4314258505385672,0.32327656343579175,0.8406596243871076,766.4151647052261,833.3883776439523,0.4626871917145205,0.2887050539476284,0.7707040650721221,761.9913734386621,816.6028095165923,0.4787803948118657,0.2716698768324747,0.7365132526448671,759.0365650988275,807.3355515890419
202223-0366,3,2022/23,2022/23,UEL,Round of 16,KNOCKOUT,0.0,SC Freiburg,Juventus,1765.18,1801.94,0.4902728054218501,0.2403674237362112,0.6738796089724081,0.3489226651317551,0.19000093410149088,0.03610035495943908,0.21072218452803468,710.4358021446998,892.1247780868403,0.3904312900465147,0.1524365922473857,0.49500360474353056,752.266520064496,835.7990813609237,0.37229318289109636,0.1386022140271833,0.46568207326055405,749.440298810568,840.486445124045,0.3489226651317551,0.12174702624264692,0.4291268498685741,746.7722181464263,847.7254822537644,0.3379631630554583,0.1142190995824503,0.4124340796619187,745.2783754399734,850.9812529556423
202223-0779,3,2022/23,2022/23,UECL,Round of 16,KNOCKOUT,0.0,Sivasspor,Fiorentina,1441.02,1703.72,0.2075875451010585,0.043092588881084,0.2326732463371206,0.3432280717603759,0.4408531902379165,0.1943515353429486,0.5813432110377931,654.4683258573147,717.6954951310754,0.33125517216962225,0.10972998908912608,0.4023527148872453,686.878109369562,795.5251072005215,0.3378709250667883,0.11415676200548726,0.41229476481021954,688.2431156541602,793.9862791699944,0.3432280717603759,0.11780550924434574,0.42041846195276344,689.1106843263907,792.5228351417172,0.3445248220513167,0.11869735300949143,0.42239484385054304,688.8464579597239,791.6969978972871
202223-0781,3,2022/23,2022/23,UECL,Round of 16,KNOCKOUT,1.0,AZ Alkmaar,Lazio,1665.74,1755.95,0.4142079741645762,0.3431522975323698,0.8813870782393447,0.7305145209328726,0.5175890287962718,0.2327203451377243,0.6585737323178658,785.8217737046025,818.9439993621916,0.7135071483707075,0.08207815403468381,0.3375628233758291,825.8795753669791,776.7155542521881,0.7142743306307923,0.08163915813648182,0.33648817386510094,814.3989729094749,764.8679214971329,0.7305145209328726,0.07262242342803915,0.3140061699152016,804.6476608153114,747.2016268126334,0.7457584196432534,0.06463878118229603,0.2933535654823859,799.8435529749454,734.6894461624319
202223-0789,3,2022/23,2022/23,UECL,Round of 16,KNOCKOUT,0.0,Villarreal,Anderlecht,1741.02,1526.77,0.8031368052337778,0.6450287279211192,1.6252462342923024,0.875272743587596,0.9276083552659359,0.8604572607591747,2.6256643904756802,874.274212180752,665.0470653972455,0.8603403271468432,0.7401854785151372,1.9685467240189687,849.5680395594626,711.9082060858844,0.8638816398458525,0.7462914876627593,1.9942304764823315,857.1491692331581,716.5782237270425,0.875272743587596,0.7661023756673575,2.081625874299027,868.8679061799102,718.4769482745331,0.8819990439478451,0.7779223135249128,2.1370625524123885,875.3115179814454,718.7554355984707
202223-0202,3,2022/23,2022/23,UCL,Quarter Finals,KNOCKOUT,1.0,Real Madrid,Chelsea,1937.62,1859.51,0.6507485545948652,0.1219765721175758,0.4296319562472855,0.6687192541145747,0.6112338708937078,0.15113910314029022,0.4922756256271591,899.7252314074138,895.508458247448,0.6694342155429192,0.10927373785372524,0.40132237776316204,936.946070042947,907.9948186035699,0.6762799017766136,0.10479470199375895,0.39114823275409055,948.1735011849391,916.1832172667421,0.6687192541145747,0.10974693259440375,0.4023909569845868,953.481249531887,924.8455322204156,0.6603794877572997,0.11534209233599414,0.4149406277497096,954.1874185627997,929.2074945296836
202223-0796,3,2022/23,2022/23,UECL,Quarter Finals,KNOCKOUT,1.0,Anderlecht,AZ Alkmaar,1580.72,1678.14,0.4041745978049693,0.35500790990087,0.90590832159617,0.4258232078849449,0.30435915533329966,0.4839161847686004,1.189546842900101,665.0470653972455,785.8217737046025,0.3560455899061048,0.41467728227937656,1.0326964947952826,735.9977352459961,833.9013752125993,0.3950690433035872,0.36594146236963715,0.9286947361819236,740.7669096427264,822.3992916518127,0.42582320788494493,0.32967898860353523,0.8537310238160778,742.9845850949858,812.193254229191,0.44013754572771085,0.31344596770379113,0.8206679969936418,743.4514088290105,806.9623172249343
202223-0203,3,2022/23,2022/23,UCL,Quarter Finals,KNOCKOUT,0.0,Chelsea,Real Madrid,1827.19,1934.81,0.3901179050850406,0.1521919798679407,0.4944896275217812,0.4816197414799472,0.5905392907376497,0.3487366539049263,0.8929143283696127,895.508458247448,899.7252314074138,0.4809158935075439,0.2312800966281593,0.6556893540469658,898.7389766387716,946.2019120077452,0.47413537517181,0.224804353989313,0.6427114666158478,907.1190545164873,957.237663935194,0.4816197414799472,0.23195757538321116,0.6570462162277333,915.5696713356238,962.7571104166789,0.4897711115877749,0.2398757417459247,0.6728958531364413,919.698120186888,963.6967929055953
202223-0797,3,2022/23,2022/23,UECL,Quarter Finals,KNOCKOUT,1.0,AZ Alkmaar,Anderlecht,1645.95,1596.43,0.6124812076337083,0.1501708144370291,0.490237018448293,0.6875212508469409,0.8382578006087018,0.026160539063934462,0.1764295878530297,785.8217737046025,665.0470653972455,0.7392788279423197,0.06797552955913054,0.3020801248078945,815.8706517299703,754.0284587286251,0.7105531638790946,0.08377947094040225,0.34171150823572993,805.4612248643132,757.704976430226,0.6875212508469409,0.09764296867226041,0.3746625395963017,796.1163040499695,759.0615352742074,0.6766569103545644,0.10455075362145617,0.39059091391358186,791.2861685053102,759.1275575486345
202223-0385,3,2022/23,2022/23,UEL,Semi Finals,KNOCKOUT,0.5,Juventus,Sevilla,1822.48,1778.19,0.6053118012713333,0.0110905754870128,0.7158353879068203,0.6833439937019845,0.6337731651917401,0.017895259725416585,0.7302832712477324,892.1247780868403,878.5334493847449,0.5905219147696071,0.00819421705355602,0.7098102124245191,854.8253979262005,859.0491929431644,0.6375029262070534,0.018907054715502372,0.7324676444233439,858.0744351122687,842.9094576906449,0.6833439937019845,0.033615020026593334,0.7653480715221815,863.0290354462447,827.8674138772678,0.705998023406692,0.04243518564746404,0.7861558148798076,865.0073441909215,819.4053663289025
202223-0386,3,2022/23,2022/23,UEL,Semi Finals,KNOCKOUT,1.0,Sevilla,Juventus,1776.45,1833.46,0.4612076033801895,0.2902972466553192,0.7739070046429242,0.5385699174166794,0.5671564201797333,0.18735356459162356,0.5671201399675727,878.5334493847449,892.1247780868403,0.6235046601850164,0.1417487409024,0.4723990396557896,861.5838065567134,852.2907843126515,0.5824783729451588,0.1743243090585219,0.5404632222226861,846.7595396244424,854.2243531784712,0.5385699174166794,0.2129177211128501,0.6188379534569548,833.0010457009234,857.8954036225891,0.5151768208940498,0.23505351499840024,0.6632450957047759,825.1733109842899,859.2393995355341
202324-0466,4,2023/24,2023/24,UECL,2nd Qualifying Round,QUALIFYING,0.5,CFR Cluj,Adana Demirspor,1437.83,1530.23,0.453507347291304,0.0021615667558914,0.6974891119880589,0.6104731189471257,0.7218465442698435,0.04921588920447164,0.8027625118999041,749.4918551212925,696.3057602191702,0.7218465442698435,0.04921588920447164,0.8027625118999041,749.4918551212925,696.3057602191702,0.6749515755398574,0.030608053783878434,0.7584477200183206,727.7037840002063,696.3057602191702,0.6104731189471257,0.012204310009905794,0.7181717097028554,700.2098103885369,696.3057602191702,0.5699839868758255,0.004897758419035719,0.7030399214563605,683.840816170614,696.3057602191702
202324-0467,4,2023/24,2023/24,UECL,2nd Qualifying Round,QUALIFYING,1.0,Adana Demirspor,CFR Cluj,1531.58,1445.4,0.698776771055568,0.0907354336557096,0.3584239424659668,0.6065197317980282,0.4663154266738104,0.28481922380635716,0.762892992563027,696.3057602191702,749.4918551212925,0.4980487265799449,0.2519550808880149,0.6970573622059067,702.5174634587258,743.2801518817369,0.546934604095398,0.20526825296619378,0.6034260374634038,701.2044043342862,722.8051398850903,0.6065197317980282,0.15482672146429566,0.5000180172475637,699.3990075496897,697.1165630580174,0.6403809771428651,0.1293258416007205,0.44569200294963696,698.2653118516934,681.8812645380908
202324-0076,4,2023/24,2023/24,UCL,3rd Qualifying Round,QUALIFYING,1.0,PSV Eindhoven,Sturm Graz,1745.08,1590.35,0.774881859057089,0.0506781773815923,0.2550447011752734,0.8537059780403722,0.8299182323677363,0.028927807680915338,0.18642809826403123,811.5822585100003,696.6973109081015,0.8299182323677363,0.028927807680915338,0.18642809826403123,811.5822585100003,696.6973109081015,0.8449286353794752,0.024047128125271763,0.16850311036372081,816.0433381596857,690.3784435897443,0.8537059780403722,0.021401940861124066,0.15816843248322243,815.0497746498855,682.681382535375,0.8578590589611484,0.020204047119410273,0.1533154599325155,812.8007237773551,677.1439538091281
202324-0077,4,2023/24,2023/24,UCL,3rd Qualifying Round,QUALIFYING,0.0,Sturm Graz,PSV Eindhoven,1590.35,1745.08,0.3669532740858206,0.1346547053623034,0.4572110429521946,0.2632565295333471,0.31726899687547666,0.10065961637837122,0.3816543430732391,696.6973109081015,811.5822585100003,0.2965412839085219,0.0879367330621146,0.351746087743846,691.9350214143981,816.3445480037037,0.2757705000013056,0.07604936867097009,0.3226469478783297,686.0364453803696,820.3853363690604,0.26325652953334716,0.06930400034194209,0.3055155200209759,678.5851499205054,819.1460072647551,0.25723626304437436,0.06617049502503455,0.2973772700872872,673.1640074600402,816.7806701264429
202324-0640,4,2023/24,2023/24,UECL,Qualifying Play-off Round,QUALIFYING,0.0,Hibernian,Aston Villa,1332.84,1816.94,0.0800759285003455,0.0064121543251924,0.0834641433235562,0.4016608420634946,0.3699177461102087,0.13683913888725685,0.4619049063891722,642.816216228411,734.8569346137452,0.4044609784574603,0.16358868309476618,0.5182883649741774,657.0493757604013,734.8569346137452,0.40433368116897905,0.1634857257276576,0.5180746364344347,656.9977316180228,734.8569346137452,0.40166084206349467,0.1613314320471556,0.5135975320624271,655.912150025672,734.8569346137452,0.3992836877932508,0.15942746333777819,0.5096324821646904,654.9446667511963,734.8569346137452
202324-0646,4,2023/24,2023/24,UECL,Qualifying Play-off Round,QUALIFYING,1.0,Rapid Wien,Fiorentina,1461.47,1749.24,0.2122945519774803,0.6204798728443583,1.549780572507614,0.3979107542766829,0.4963856864769715,0.2536273767852712,0.7004020607229887,701.1673458704397,742.5800792543524,0.5165049024839247,0.2337675093220792,0.6606704987270745,709.0336132267847,742.5800792543524,0.4450995057797398,0.30791455848588906,0.8094574133187525,701.509680371864,763.0552302722504,0.3979107542766829,0.36251145981567295,0.9215275343279562,695.1914221285076,775.6633405901989,0.37855642851545196,0.38619211253947067,0.9713901326315582,691.863804373491,780.2997960685786
202324-0652,4,2023/24,2023/24,UECL,Qualifying Play-off Round,QUALIFYING,0.0,Osasuna,Club Brugge,1684.61,1635.65,0.6518597871571155,0.4249211821125199,1.0551499698862306,0.4203922533307139,0.3471216292766268,0.12049342551165995,0.42636442934660573,725.5036848891907,827.2325711247121,0.3693211772325792,0.13639813195245817,0.4609585432229878,725.5036848891907,817.7945932282677,0.3864474744477618,0.1493416505070535,0.4884894022739632,725.5036848891907,810.6749717029995,0.42039225333071395,0.17672964666047516,0.545403703080956,725.5036848891907,796.8865671605062,0.4468792946995235,0.19970110403114355,0.5921790276786034,725.5036848891907,786.3453635779161
202324-0647,4,2023/24,2023/24,UECL,Qualifying Play-off Round,QUALIFYING,1.0,Fiorentina,Rapid Wien,1749.24,1461.47,0.880999047183353,0.0141612267712698,0.1266987345637353,0.7084410903299769,0.697021503588347,0.09179596928786601,0.36093901706430553,742.5800792543524,701.1673458704397,0.6167008140192513,0.14691826597350463,0.483371277025692,729.0422165239023,722.5714759572348,0.6728670581435136,0.10701596164767935,0.3962075050411683,747.518016434083,717.0468942100313,0.7084410903299769,0.08500659780797268,0.3446883703372747,758.804841709946,712.0499210087605,0.7227683098319465,0.0768574100334356,0.32466656484455564,762.8993760670113,709.2642243750583
202324-0653,4,2023/24,2023/24,UECL,Qualifying Play-off Round,QUALIFYING,0.5,Club Brugge,Osasuna,1635.65,1684.61,0.5158824920185857,0.0002522535527204,0.6936519423641498,0.7991165597540881,0.8100619156196512,0.09613839151772773,0.9358508634060504,827.2325711247121,725.5036848891907,0.8271383588766613,0.10701950584851526,0.9725235312806231,828.1355861907799,715.1626919266785,0.8179373954277065,0.1010841874113538,0.9521870744510279,821.4955009875368,714.6831556046534,0.7991165597540881,0.08947071631912097,0.9146394501070969,808.6575502537662,713.7327017959307,0.7838230048272998,0.08055549806919746,0.8876149140065747,798.8579838295028,712.991064637604
202324-0641,4,2023/24,2023/24,UECL,Qualifying Play-off Round,QUALIFYING,1.0,Aston Villa,Hibernian,1816.94,1332.84,0.958197243795642,0.0017474704262809,0.0427016309767826,0.8096031420031979,0.794336628156414,0.042297422518073106,0.230247942650228,734.8569346137452,642.816216228411,0.8080517413650782,0.03684413399297884,0.2131291861683622,746.1818420105541,645.7244683635925,0.8081223904867236,0.03681701703252937,0.213041758557317,746.1782776864767,645.6763885452914,0.8096031420031979,0.03625096353505441,0.211211099523663,746.1034381915231,644.6656464478941,0.8109158579724501,0.03575281276629465,0.2095909812079816,746.0368778719562,643.7647234929854
202324-0098,4,2023/24,2023/24,UCL,Group Stage,MAIN_STAGE,1.0,Feyenoord,Celtic,1749.11,1632.8,0.7339822762579883,0.0707654293448812,0.3092703974466417,0.7900291875129569,0.7957023321265488,0.04173753709853096,0.22853011769110584,853.6759358358262,760.8163109094968,0.7957023321265488,0.04173753709853096,0.22853011769110584,853.6759358358262,760.8163109094968,0.7813747419856858,0.047797003441825456,0.24670042093570446,831.1746872798738,746.7139047474668,0.7900291875129569,0.044087742096469006,0.2356853879846318,808.259004019505,718.7750572681249,0.8008196409534261,0.03967281542992211,0.2221195246167825,794.7660148560586,698.8011686788069
202324-0091,4,2023/24,2023/24,UCL,Group Stage,MAIN_STAGE,0.5,Galatasaray,FC København,1694.17,1632.45,0.6683377757322255,0.028337606738473,0.7532999028498265,0.6090362497072577,0.48980827651213876,0.00010387122765302242,0.693354966184137,753.4152267390608,797.399366928262,0.5864188570080561,0.007468218846578842,0.7083112604444792,796.1041597205294,801.9835401690656,0.5911456480591682,0.008307529160125761,0.7100445713032884,792.8798510966903,796.8515299266597,0.6090362497072577,0.011888903750223449,0.7175089616291128,788.7917783433209,785.4777819725144,0.6257883656283999,0.015822712927464018,0.7258384067121962,786.4422797243866,776.1974849633153
202324-0094,4,2023/24,2023/24,UCL,Group Stage,MAIN_STAGE,1.0,Real Madrid,Union Berlin,1919.12,1742.42,0.7961745943638328,0.0415447959827481,0.2279367775361226,0.9162942726506216,0.8728628276416158,0.016163860595285486,0.13597686304664947,895.0463411654061,746.7948147807231,0.8728628276416158,0.016163860595285486,0.13597686304664947,895.0463411654061,746.7948147807231,0.897815487315756,0.010441674632516423,0.10779070248708193,925.3586103030771,753.0031570233448,0.9162942726506217,0.00700664879108846,0.08741770754821476,951.8034237380394,757.9654693012325,0.9236713019888155,0.005826070140082596,0.07939900440706121,963.5674548980624,759.9307957712188
202324-0093,4,2023/24,2023/24,UCL,Group Stage,MAIN_STAGE,1.0,Arsenal,PSV Eindhoven,1928.77,1776.03,0.7728772961409195,0.0515847226082595,0.2576349801993011,0.620536192908035,0.6667379328375397,0.11106360540939621,0.4053582145651732,839.3453465957919,811.5822585100003,0.6055088898281165,0.15562323600464517,0.5016860342997123,839.3453465957919,837.4766034671043,0.6098811626896914,0.15219270722434702,0.49449115605653937,840.9566286602253,837.2957615252952,0.620536192908035,0.14399278089272805,0.47717134741961076,840.8990496975374,832.8397793064399,0.627621187569446,0.13866597994718974,0.4658184990222217,840.0600051297164,829.0496625394653
202324-0097,4,2023/24,2023/24,UCL,Group Stage,MAIN_STAGE,0.0,Benfica,FC Salzburg,1804.49,1733.64,0.6798827775636567,0.4622405912276726,1.1390680301536236,0.8100654306876018,0.7263793210976639,0.5276269181183031,1.296012515306433,884.6990991087551,829.2958240384428,0.7263793210976639,0.5276269181183031,1.296012515306433,884.6990991087551,829.2958240384428,0.767010011711143,0.5883043580651277,1.4567597950569704,901.7007426937922,825.2713937139678,0.8100654306876018,0.6562060019950898,1.6610756381713283,914.5975805367234,812.8664618942701,0.8309234703662055,0.6904338136054184,1.7774038284894895,918.7317852891475,803.1493025407531
202324-0257,4,2023/24,2023/24,UEL,Group Stage,MAIN_STAGE,0.0,LASK,Liverpool,1515.66,1961.35,0.0979502381382241,0.0095942491513348,0.1030855920800609,0.2151688324050005,0.26925538420159423,0.07249846192154812,0.3136912430666351,756.4061069575575,893.9663831742569,0.2680823046509224,0.07186812206694998,0.3120872093901649,755.8227109663886,893.9663831742569,0.24434554390818625,0.05970474482778737,0.2801710759519468,756.3274595765419,906.6491950777738,0.21516883240500054,0.04629762643853121,0.24228665745865957,756.3169756364168,922.7662732806771,0.2020549253025993,0.04082619283903898,0.22571551260113104,756.1415075279401,930.3548078759225
202324-0259,4,2023/24,2023/24,UEL,Group Stage,MAIN_STAGE,1.0,Panathinaikos,Villarreal,1543.24,1743.33,0.3086532850319959,0.4779602802970506,1.175536686971928,0.1980895699835827,0.13469193826019268,0.7487580417119022,2.004765046947132,656.2691207296521,878.030678869651,0.1582088015108398,0.7086124218538167,1.8438395898558442,674.6865873753077,878.030678869651,0.19214481060505406,0.652630007032344,1.6495059693354381,675.1619877203408,855.4955810935626,0.19808956998358274,0.6430603377691152,1.6190359769232574,672.7763738772729,849.4108307859865,0.19261808517714785,0.6518655563830152,1.6470458838335833,670.579604679514,850.6155447509057
202324-0673,4,2023/24,2023/24,UECL,Group Stage,MAIN_STAGE,0.5,Club Brugge,Besiktas,1655.36,1662.3,0.5757713185522289,0.0057412927151433,0.7047636698133337,0.7369937939324073,0.8754299228943277,0.14094762700444088,1.1079635129758667,827.2325711247121,676.7008490202518,0.758931534991406,0.06704553981300569,0.8492590042732812,818.9757121422334,746.9117179554629,0.7539127631454153,0.06447169128813979,0.842273900483449,812.593253915561,743.1910526254762,0.7369937939324073,0.056166058362476325,0.8203767287058605,800.2822865806518,739.5952738712446,0.7219248625302745,0.049250644609081254,0.802849068582281,790.9109396943384,737.6867260897889
202324-0106,4,2023/24,2023/24,UCL,Group Stage,MAIN_STAGE,0.0,FC København,Bayern München,1625.55,1948.58,0.1803286581731611,0.0325184249585328,0.1988518217168854,0.1649424723752661,0.34846343565074667,0.12142676598552206,0.42842176066246335,797.399366928262,898.5502222512238,0.3392855781503344,0.11511470354080666,0.4144335720482088,804.4032681652911,909.5291552074906,0.25578917766991943,0.0654281034130536,0.2954309209419734,799.4036080723165,943.7617165671707,0.16494247237526619,0.02720601919326545,0.18025466114549513,788.5307969643177,987.0171734007251,0.11759288993387775,0.013828087763001085,0.12510175343010949,779.7195592009106,1016.659344620143
202324-0108,4,2023/24,2023/24,UCL,Group Stage,MAIN_STAGE,0.5,PSV Eindhoven,Sevilla,1771.8,1727.12,0.6462478377882128,0.0213884300577274,0.7378654583656291,0.553114874194134,0.4366867980132737,0.004008561545812003,0.701229273343585,811.5822585100003,876.4627286209477,0.5003799697061508,1.4437697759235573e-07,0.6931474693139839,826.4308523822915,866.282335481697,0.522666769469194,0.0005137824381695849,0.6941758027747531,826.3724340806066,857.5067097312134,0.553114874194134,0.0028211898606586784,0.698821638286887,822.214792707865,841.3754192111095,0.5720849906100891,0.005196245871256635,0.7036491964841605,818.6230557914098,830.2498732016072
202324-0110,4,2023/24,2023/24,UCL,Group Stage,MAIN_STAGE,0.0,Napoli,Real Madrid,1904.03,1917.37,0.5667483279167161,0.3212036671963936,0.8364364909979456,0.4351270260254404,0.5562424691206594,0.3094056844534478,0.8124769673408202,877.1229829144851,895.0463411654061,0.5821171159713181,0.338860336706765,0.872554067465185,890.9962337698963,898.6061819914408,0.5123732543119505,0.2625263517342187,0.7182050311811052,893.0570367127115,928.2197766582359,0.43512702602544046,0.18933552877774434,0.571154397936374,888.6468680053497,954.147184103822,0.3952169536847498,0.15619644047985368,0.5028854863958749,884.1327490116953,965.7046584423755
202324-0115,4,2023/24,2023/24,UCL,Group Stage,MAIN_STAGE,0.0,Celtic,Lazio,1636.63,1758.74,0.4115566699448931,0.1693788925761296,0.5302746524918324,0.5012776973093779,0.4896199035361783,0.23972764993877654,0.6725995436683813,760.8163109094968,804.8741106818892,0.4715220569606214,0.22233305020037547,0.6377542095676026,755.0959762090401,806.23906811258,0.4937381302246992,0.24377734123778202,0.6807012143665224,740.592397523066,783.040071436946,0.5012776973093779,0.2512793298197923,0.6957058457724898,712.8958745184877,752.3964662295286,0.5054737302957107,0.2555036920190609,0.7041550055603387,693.2241186255028,731.0845433723867
202324-0689,4,2023/24,2023/24,UECL,Group Stage,MAIN_STAGE,0.0,Bodø/Glimt,Club Brugge,1567.31,1649.32,0.4683673685894765,0.2193679919594305,0.6318025706361785,0.4893159062507849,0.3871642890226072,0.1498961866943809,0.48965838716002624,742.3565974038221,827.2325711247121,0.5038028104841312,0.25381727185170944,0.7007818717552518,773.2120434717783,811.7256291624741,0.4834582284290506,0.2337318586357561,0.6605991194022747,759.0157359830766,805.4836965474894,0.4893159062507849,0.23943005611002693,0.672004091791233,749.469785920581,793.6464603505443,0.5003580137093823,0.2503581418831984,0.6938634644487758,744.8369786079928,784.6970435434907
202324-0273,4,2023/24,2023/24,UEL,Group Stage,MAIN_STAGE,1.0,Toulouse FC,LASK,1584.01,1510.94,0.6826576859617525,0.1007061442791497,0.3817617369068446,0.5109668395123445,0.4788155039450745,0.2716332789280266,0.736439924984901,708.120868119645,756.4061069575575,0.5135947508973802,0.23659006635458166,0.6663207468739937,713.6314292061569,748.3164064361628,0.5122959511459547,0.23785523926862898,0.6688527913554364,714.2928108977504,749.4857843471126,0.5109668395123445,0.23915343205654507,0.6714505842063175,714.5794900240628,750.2922483290768,0.5106077766769389,0.2395047482490889,0.6721535438227789,714.6308008451144,750.4839696194673
202324-0695,4,2023/24,2023/24,UECL,Group Stage,MAIN_STAGE,0.5,Aberdeen,HJK Helsinki,1340.06,1294.35,0.6476021332774864,0.0217863897480648,0.7387366007812843,0.5981712508820695,0.5446202003651553,0.0019909622806266094,0.6971450455321677,649.2670488205036,671.7800524356517,0.5429036086540966,0.001840719635543872,0.6968422397217222,640.6406243953028,663.8297638547067,0.571006269900111,0.005041890365127416,0.7033340320692472,640.1574389097722,652.2147041742274,0.5981712508820695,0.009637594499750223,0.71280373583032,639.4781568487712,640.6016374081315,0.6132862140780136,0.012833766300129537,0.7194969878511567,638.938872947313,633.87732466548
202324-0123,4,2023/24,2023/24,UCL,Group Stage,MAIN_STAGE,0.0,Galatasaray,Bayern München,1721.78,1944.26,0.2818486603629236,0.0794386673483746,0.3310749527059526,0.1869645808008078,0.2542786645663224,0.06465763925363231,0.2934032935587573,753.4152267390608,898.5502222512238,0.34383253020316185,0.1182208088259082,0.4213392332943743,815.8789115127684,919.0291513957,0.26786628820189606,0.07175234835506124,0.3117921153114469,812.672535900886,950.9238135419284,0.18696458080080788,0.03495575447402182,0.20698060433263252,808.006784377038,991.6355626272326,0.1430537125661993,0.02046436467897277,0.1543800374549407,805.0246901461951,1019.9519455382915
202324-0125,4,2023/24,2023/24,UCL,Group Stage,MAIN_STAGE,0.0,Sevilla,Arsenal,1741.37,1932.4,0.3198917516373127,0.1023307327655882,0.3855033047125145,0.62497440115279,0.6876588937525271,0.47287475415694935,1.163659399123392,876.4627286209477,839.3453465957919,0.6815087493804195,0.4644541754820634,1.1441602749294073,866.2929746334693,831.9588404728344,0.6599888309295772,0.43558525695179,1.0787768117043601,858.1413792763508,833.3316137105535,0.62497440115279,0.3905930020962885,0.9807609917490193,842.8626356885452,832.9573396197286,0.6017001554869553,0.3620430771130262,0.920550179171103,832.2682529386897,831.9550058979042
202324-0126,4,2023/24,2023/24,UCL,Group Stage,MAIN_STAGE,0.0,Union Berlin,Napoli,1683.17,1878.82,0.3141336676062956,0.0986799611237826,0.3770725209801634,0.2723472311844271,0.28406375542424905,0.08069221714572758,0.3341641598747499,746.7948147807231,877.1229829144851,0.2589213795251496,0.06704028077520656,0.29964855880843977,731.9402707913056,874.6969545226995,0.2606957794259203,0.0679622894104881,0.30204577755660156,736.8555188822652,878.7105855919768,0.2723472311844271,0.07417301433382378,0.31793131048254886,740.4330363598599,876.4633112766373,0.28180129638345836,0.07941197064339774,0.33100900223697777,741.6488075168127,873.0666743085224
202324-0131,4,2023/24,2023/24,UCL,Group Stage,MAIN_STAGE,1.0,Feyenoord,Lazio,1765.73,1774.98,0.572520077831088,0.182739083857539,0.5577074737213807,0.6884908968860063,0.7127488637884467,0.08251321525482834,0.3386261453141665,853.6759358358262,804.8741106818892,0.6695484757573134,0.10919820987431492,0.4011517105612424,848.4433956152565,819.4416857074774,0.6719550017201955,0.10761352089639693,0.3975639024269235,826.9312624547832,796.8647390832376,0.6884908968860063,0.09703792132288477,0.37325318256240847,803.9284202664545,766.4322417541912,0.7044347921533777,0.08735879208941706,0.3503595109714313,790.1049925077169,745.2378078206666
202324-0288,4,2023/24,2023/24,UEL,Group Stage,MAIN_STAGE,0.5,Sturm Graz,Atalanta,1601.42,1777.16,0.3393363645890986,0.025812803743447,0.7476369392769957,0.2583603173956121,0.3356658770991108,0.027005703949604564,0.7503045430492475,696.6973109081015,803.4051682300079,0.2800269080807949,0.04838816116849506,0.8007055100732539,696.3023883280969,828.5786009107592,0.2707451894759772,0.0525577681484056,0.8111546171902451,691.6563955145753,828.4780700924223,0.25836031739561216,0.05838973620914929,0.82614592301718,684.986256704753,828.0288654478333,0.24942253319264537,0.0627890668715909,0.8377596565901688,679.8692997504012,827.5227629740474
202324-0706,4,2023/24,2023/24,UECL,Group Stage,MAIN_STAGE,0.0,AZ Alkmaar,Aston Villa,1660.11,1836.85,0.3380470353507056,0.1142757981094012,0.412560775948036,0.6671144291666201,0.8085277372974157,0.6537171019792788,1.653012323136248,835.6144717257228,734.8569346137452,0.7415111005663968,0.549838712263189,1.352902528185472,805.362048545418,742.3850026735728,0.7046622839762838,0.4965489344586729,1.219635777345852,787.3287217504062,742.354745836704,0.6671144291666201,0.4450416616023054,1.0999564791873908,769.9173863675275,741.9886795910315,0.6464716705487386,0.41792562082207674,1.0397916569661247,760.6454821372711,741.6672947932043
202324-0289,4,2023/24,2023/24,UEL,Group Stage,MAIN_STAGE,1.0,Liverpool,Toulouse FC,1954.83,1598.05,0.9167646414425228,0.0069281249141917,0.0869045011273969,0.9235385318630214,0.909803486187446,0.008135411103938246,0.09452665203620168,893.9663831742569,708.120868119645,0.9025421753009916,0.009498027595062658,0.1025398582315422,904.7472043546994,727.2507761810302,0.9122318307847376,0.007703251527398939,0.09186112078939727,916.7213653907688,727.9485242656637,0.9235385318630214,0.005846356109662198,0.07954275648502189,931.725205621944,728.2724185177171,0.9284415904098257,0.005120605983075155,0.07424780764274361,938.7799122150799,728.3337830981601
202324-0704,4,2023/24,2023/24,UECL,Group Stage,MAIN_STAGE,1.0,Bodø/Glimt,Besiktas,1569.39,1638.53,0.4868495161579239,0.2633234190673568,0.7198002053795275,0.6319330891661682,0.7467305464172928,0.0641454161180831,0.29205087322318507,742.3565974038221,676.7008490202518,0.6671365878661583,0.11079805113738378,0.404760474621422,759.1055647782226,731.1671075881924,0.6450545620985801,0.12598626388703071,0.4384203733632005,745.4789055870632,727.1060637707817,0.6319330891661682,0.1354732508507599,0.4589717620125888,735.768940545559,722.9514684953958,0.6257364810071953,0.14007318164887753,0.4688259533667651,730.8269542241301,720.6038089997961
202324-0147,4,2023/24,2023/24,UCL,Group Stage,MAIN_STAGE,1.0,Lazio,Feyenoord,1777.66,1766.7,0.6007230185454776,0.159422107919435,0.509621318323859,0.4618496209123491,0.47749637845080917,0.27301003453202005,0.739198703486325,804.8741106818892,853.6759358358262,0.480803334628465,0.2695651773329217,0.7322969602018604,810.1890430286821,857.6960382940517,0.4784278332710817,0.27203752510629864,0.7372498981236323,787.6794791314031,836.1165224066177,0.4618496209123491,0.2896058305121824,0.7725159367463901,757.7099868669993,812.6506751536464,0.44541980758997474,0.3075591898135407,0.8087380536839001,736.9619820009611,798.3808183274224
202324-0142,4,2023/24,2023/24,UCL,Group Stage,MAIN_STAGE,0.5,Napoli,Union Berlin,1882.03,1658.03,0.8368309660028946,0.1134550996584431,0.9955508891074568,0.8762645192822272,0.8510790437180324,0.12325649493796814,1.0327949399689567,877.1229829144851,746.7948147807231,0.8827427803565632,0.14649203591507237,1.134053360778287,881.9467531494037,724.6904721646014,0.8818903058589714,0.14584020570905876,1.1309145377285938,886.0100674159027,729.5560370583394,0.8762645192822272,0.14157498847068548,1.1108482414631233,884.0890337498013,732.807313886696,0.8716623994946302,0.1381329391981061,1.0952220349022588,880.9571106072592,733.7583712180758
202324-0139,4,2023/24,2023/24,UCL,Group Stage,MAIN_STAGE,1.0,Bayern München,Galatasaray,1963.99,1716.59,0.8544000387536039,0.021199348714952,0.1573557654185252,0.9164987830873575,0.8692811914814905,0.017087406900498744,0.14008862552657508,898.5502222512238,753.4152267390608,0.8405069003219239,0.025438048844920725,0.17375011638498494,928.6564622413885,806.2516006670799,0.8784339590592868,0.014778302309999162,0.12961454884290813,958.4240696115816,805.1722798312329,0.9164987830873577,0.006972453225892147,0.08719453948573822,996.8705708896553,802.7717761146154,0.9364836277098662,0.004034329548898883,0.06562323967487498,1023.9574494901451,801.0191861943415
202324-0141,4,2023/24,2023/24,UCL,Group Stage,MAIN_STAGE,1.0,Arsenal,Sevilla,1938.42,1740.95,0.814892046631169,0.0342649544003973,0.204699632635891,0.6606395919854341,0.5073744354092918,0.24267994688831399,0.6785060165917814,839.3453465957919,876.4627286209477,0.6102937663817862,0.1518709485208938,0.49381485350681337,851.0410854554862,847.2107296508175,0.6303419484812489,0.13664707505263962,0.4614928314787667,851.8113009765816,839.6616920103227,0.6606395919854341,0.11516548652781265,0.4145468344495457,850.4566228520067,825.3633524562671,0.6793899828460915,0.10279078309942948,0.38655996748255406,848.802610251539,815.4206485850549
202324-0305,4,2023/24,2023/24,UEL,Group Stage,MAIN_STAGE,1.0,Toulouse FC,Liverpool,1593.56,1963.41,0.1438542522726809,0.7329855413515703,1.9389546289579371,0.1523163622380998,0.18354065426402422,0.6666058632396177,1.695319086903147,708.120868119645,893.9663831742569,0.1880164417553493,0.6593172988596441,1.6712258638307786,724.5219570894579,907.4760234462717,0.17181799291520533,0.6858854368589989,1.7613195431627369,725.4910155276363,919.1788741287962,0.15231636223809986,0.7185675497292483,1.881795590589686,726.1314974098817,933.8661267297795,0.1436492145588371,0.7333366677256967,1.9403809613139578,726.3301476296352,940.7835476836048
202324-0720,4,2023/24,2023/24,UECL,Group Stage,MAIN_STAGE,0.0,Besiktas,Bodø/Glimt,1619.48,1593.31,0.6215269474229634,0.3862957463729071,0.971610403944195,0.5168045375737028,0.4347360984073229,0.18899547525842156,0.5704625744198403,676.7008490202518,742.3565974038221,0.483174948317356,0.23345803068147966,0.6600508530704821,721.8469320484448,768.4257403179702,0.5044776757223541,0.2544977253022287,0.7021428721853304,717.1675915095419,755.417377848303,0.5168045375737028,0.2670869300567688,0.7273340230796783,712.6455949920486,746.0748140489062,0.5225451692275387,0.27305345388303703,0.7392857187766828,710.1244304679976,741.3063327559286
202324-0304,4,2023/24,2023/24,UEL,Group Stage,MAIN_STAGE,1.0,Atalanta,Sturm Graz,1784.16,1593.34,0.809047972549869,0.0364626767873155,0.2118970651034064,0.8500157371686793,0.8177781055102458,0.033204818831435126,0.20116424383570342,803.4051682300079,696.6973109081015,0.8371210172751627,0.026529563013477832,0.1777866343858621,822.4193543370214,702.4616349018346,0.8426605803486171,0.024755692976233968,0.17119103509714123,822.0589353977497,698.0755302092479,0.8500157371686793,0.02249527909705469,0.16250041535306947,821.2629543349104,691.7521678176759,0.8552998586253796,0.02093813091383513,0.15630315968785058,820.5065939034415,686.8854688210071
202324-0722,4,2023/24,2023/24,UECL,Group Stage,MAIN_STAGE,1.0,Aston Villa,AZ Alkmaar,1860.01,1638.68,0.8347214246826151,0.0273170074589444,0.1806572329304532,0.623832951371757,0.34937783861571664,0.42330919688435636,1.0516013102665194,734.8569346137452,835.6144717257228,0.5473106775837354,0.20492762262969674,0.6027386714597462,763.1473134894319,784.5997377295589,0.5873281955406071,0.1702980181957714,0.5321715088530973,762.0852897880399,767.5981777990703,0.623832951371757,0.14150164847368293,0.4718726525873981,760.6678836076969,751.2381823508621,0.642358672800353,0.12790731892112497,0.4426084509215732,759.7685015685689,742.5442753619064
202324-0179,4,2023/24,2023/24,UCL,Group Stage,MAIN_STAGE,1.0,Lazio,Celtic,1773.96,1634.32,0.7593684581107132,0.0579035389520155,0.2752681673239603,0.758140684892058,0.7027073006230987,0.0883829491028046,0.3528148314497393,804.8741106818892,760.8163109094968,0.7757798387182285,0.05027468072522361,0.2538865120450367,824.7265496590851,743.4371883214297,0.762290163466861,0.05650596638461169,0.27142800382708476,802.2834997998128,728.4170382788675,0.758140684892058,0.05849592830448278,0.27688631043988854,772.7781974814535,701.1361259579656,0.7562795331162976,0.059399665978009886,0.27934421834498907,752.4902273884419,681.8373995360366
202324-0172,4,2023/24,2023/24,UCL,Group Stage,MAIN_STAGE,0.0,Sevilla,PSV Eindhoven,1736.58,1788.55,0.511554041720355,0.2616875376004307,0.7165264415010111,0.5726927944655777,0.7452271060057997,0.5553634395257794,1.3673827424414706,876.4627286209477,811.5822585100003,0.6105675044049454,0.3727926774352831,0.9430647391019618,836.2989551095075,832.3561178690017,0.5949788303650797,0.3539998085825983,0.9038159425381567,829.3112665677976,831.730913796205,0.5726927944655777,0.3279770368327925,0.8502520735339605,815.8612610318593,827.2454229282771,0.5582885835475839,0.3116861425195676,0.8170985140928547,806.4435681047455,823.5565404549209
202324-0170,4,2023/24,2023/24,UCL,Group Stage,MAIN_STAGE,0.5,Bayern München,FC København,1989.7,1643.87,0.9118266611457928,0.1696011988304917,1.2603780068676975,0.9245265717162916,0.809150092660134,0.09557377979176947,0.9340194179038761,898.5502222512238,797.399366928262,0.8483877314054834,0.12137401139385924,1.0254231994505347,933.1222690323746,804.853761533619,0.8849571279098917,0.1481919903286327,1.1423332487477813,961.8279187579216,802.4638526267887,0.9245265717162915,0.18022281009318758,1.3312240573940086,999.2086049632093,794.3804079688447,0.9454222349673109,0.19840096740327434,1.48212617739792,1025.7359079142689,787.0486433364827
202324-0174,4,2023/24,2023/24,UCL,Group Stage,MAIN_STAGE,1.0,Real Madrid,Napoli,1956.72,1862.81,0.7080593064826459,0.0852293685313936,0.3452274225781846,0.8090819847953687,0.6440006748642321,0.1267355194971222,0.44005550495250634,895.0463411654061,877.1229829144851,0.7354577943588608,0.06998257856547876,0.30726212419168686,931.144081874182,871.2299552994199,0.7715488118779744,0.05218994535436512,0.2593553403818961,954.2453856471332,875.3171388518515,0.8090819847953687,0.03644968852967581,0.21185502614930352,974.661391803099,873.5536272098989,0.82749267632053,0.02975877672305342,0.18935502213802335,983.7658032119645,870.5505634214096
202324-0737,4,2023/24,2023/24,UECL,Group Stage,MAIN_STAGE,0.0,Besiktas,Club Brugge,1591.08,1630.33,0.5298261967725018,0.2807157987864137,0.7546528585339598,0.3085753869096651,0.24394897950059252,0.05951110459938051,0.2796464176466997,676.7008490202518,827.2325711247121,0.2912895693264043,0.08484961319836211,0.3443082552361442,708.3180334955589,835.2004090271148,0.294810260089816,0.08691308945422495,0.34928837775572,703.042216589316,828.2639795708901,0.3085753869096651,0.0952187694064495,0.3690011532125103,698.175067939985,817.0113673955632,0.320710084917436,0.10285495856774902,0.3867072689387117,695.4931657296265,808.8302395244474
202324-0759,4,2023/24,2023/24,UECL,Group Stage,MAIN_STAGE,0.5,HJK Helsinki,Aberdeen,1294.52,1329.77,0.5355579859778973,0.0012643703668043,0.6956823374655077,0.5880430869027243,0.6546946951776957,0.0239304487161202,0.7434562890055795,671.7800524356517,649.2670488205036,0.6317639939458558,0.017361750100563525,0.7291353037248409,656.4931751589918,643.7467358630663,0.6092653177365348,0.011938909660065907,0.7176139780736566,645.2994005099745,641.8913891141962,0.5880430869027243,0.007751585151360669,0.7088957858425695,634.3905443583428,639.615139815171,0.5760717016226841,0.005786903787770673,0.7048570448504051,628.1064686547224,638.1400385018133
202324-0321,4,2023/24,2023/24,UEL,Group Stage,MAIN_STAGE,1.0,Liverpool,LASK,1942.72,1532.39,0.9374640674647582,0.0039107428580523,0.0645768499097004,0.8950383181285068,0.8602178636018245,0.01953904565603814,0.15056959204758813,893.9663831742569,756.4061069575575,0.8722421789427648,0.01632206084129253,0.13668816548710716,884.7404838154215,737.0343265606737,0.8820525060612704,0.013911611326426657,0.125503694065514,895.989777930422,739.3834908274301,0.8950383181285068,0.011016954661292553,0.11088874807235141,910.1309848724462,740.6985441787281,0.9010205362605348,0.009796934242152106,0.10422722889155772,916.8057256912522,740.9880672415995
202324-0323,4,2023/24,2023/24,UEL,Group Stage,MAIN_STAGE,1.0,Villarreal,Panathinaikos,1718.73,1568.68,0.7701476311483096,0.0528321114667335,0.2611730537479795,0.886009657493129,0.935763565252108,0.004126319549120184,0.06639243563998873,878.030678869651,656.2691207296521,0.9059882424619689,0.008838210555389556,0.09872895043841053,871.1682871375889,689.7816994369327,0.888729073354968,0.012381219116444096,0.11796284429664917,852.0551825134066,689.0179538699765,0.886009657493129,0.012993798184833764,0.12102742833135009,846.1811340671167,685.8027947125265,0.8890040687432205,0.012320096755559728,0.1176534667146783,846.5629756317014,683.253720528421
202324-0157,4,2023/24,2023/24,UCL,Group Stage,MAIN_STAGE,0.5,PSV Eindhoven,Arsenal,1804.85,1947.97,0.3826117808694362,0.0137799939906452,0.7214958396793918,0.5460234584879445,0.531266406508264,0.0009775881759400105,0.6951061896211518,811.5822585100003,839.3453465957919,0.5566620238881188,0.0032105849510977464,0.6996099383257197,849.4520079923401,867.209259511657,0.5535024144090112,0.0028625083475935648,0.6989052254291306,848.3903210464272,867.3977299604319,0.5460234584879445,0.0021181587311915537,0.6974015464252956,843.2808211733133,865.2407960448913,0.5410294672216531,0.0016834171804927082,0.6965254016395928,839.1886207942532,863.1154946588184
202324-0155,4,2023/24,2023/24,UCL,Group Stage,MAIN_STAGE,1.0,FC København,Galatasaray,1653.62,1678.74,0.5500283941872081,0.2024744460377426,0.5977853762932622,0.6142589213274458,0.7025497981115274,0.08847662260349311,0.3530389932951022,797.399366928262,753.4152267390608,0.6301051864879722,0.13682217306309782,0.46186851085395464,814.6086180129726,802.5582852044195,0.62697494972478,0.13914768813283043,0.4668486917393999,813.2426522082657,802.5024090716278,0.6142589213274458,0.1487961797754657,0.4873387437507143,806.2671519769009,800.8046459866225,0.6016014533312619,0.1587214019877627,0.5081600905727263,799.5204659155673,799.2474613812818
202324-0158,4,2023/24,2023/24,UCL,Group Stage,MAIN_STAGE,0.0,Union Berlin,Real Madrid,1654.97,1966.4,0.1904101356344721,0.036256019752338,0.211227499838657,0.1239573698406719,0.24827848442524725,0.06164220582849774,0.2853893486531195,746.7948147807231,895.0463411654061,0.16929565988345735,0.02866102045537527,0.18548133550101534,743.1211162675894,938.5512636321339,0.1445827387301409,0.020904168338708187,0.15616590421375914,746.9281673494146,960.6420189145499,0.12395736984067195,0.015365429537817128,0.1323405246643842,748.9251964934053,980.0070962288287,0.11494608328953315,0.013212602063604292,0.12210671299324248,749.1390093498023,988.5960082749896
202324-0161,4,2023/24,2023/24,UCL,Group Stage,MAIN_STAGE,0.0,FC Salzburg,Benfica,1700.14,1769.4,0.4866769433098903,0.2368544471494582,0.6668498918778147,0.4915238639109942,0.4606732307217881,0.21221982550364982,0.6174336407890402,829.2958240384428,884.6990991087551,0.5725890167976785,0.32785818215733215,0.8500092387147726,818.1477163605487,829.5733159357835,0.5364981452501834,0.2878302598568868,0.7689448923665063,816.3045696053013,842.0133011861182,0.49152386391099423,0.24159570879399359,0.6763369946065579,807.1996253964762,850.5129680346068,0.46649530228523506,0.21761786705419284,0.6282874028156199,799.4053772920845,852.52084627298
202324-0162,4,2023/24,2023/24,UCL,Group Stage,MAIN_STAGE,1.0,Celtic,Feyenoord,1617.18,1752.65,0.3930665426309368,0.3683682216739645,0.9337763617742386,0.3768894980888566,0.3679665802053641,0.39946624373730244,0.9997631595964437,760.8163109094968,853.6759358358262,0.3719172342293565,0.394487960658101,0.9890839380940197,737.1590238055402,828.3624027823978,0.3856604709393062,0.377413056966515,0.9527979055658047,721.7611628559396,807.2569128298959,0.3768894980888566,0.388266697591957,0.9758032430164454,694.3640651349433,783.493047961722,0.3658422973314387,0.4021559918538674,1.0055529200450162,675.013226463293,768.7664816372088
202324-0337,4,2023/24,2023/24,UEL,Group Stage,MAIN_STAGE,0.0,LASK,Toulouse FC,1530.87,1603.97,0.4811565133460083,0.2315115903352875,0.6561530084374335,0.5775590167706015,0.7116652810500658,0.5064674722520691,1.2436332551232059,756.4061069575575,708.120868119645,0.5752416558711746,0.3309029626494109,0.8562348738229923,733.4571075710711,743.8227156199454,0.5768973613956037,0.3328105655852097,0.860140484914426,736.0809609971457,745.7840767551988,0.5775590167706015,0.33357441785302394,0.8617055266058654,737.7596170863262,747.1977942721711,0.5775157691048743,0.33352446356479454,0.8616031562065876,738.2166422568945,747.6721399704002
202324-0753,4,2023/24,2023/24,UECL,Group Stage,MAIN_STAGE,1.0,Club Brugge,Bodø/Glimt,1661.11,1612.13,0.6518859139727483,0.1211834168905887,0.4278857109354244,0.7364514057420254,0.7820997143311977,0.04748053449454563,0.2457730346333035,827.2325711247121,742.3565974038221,0.7295443738714192,0.07314624570460265,0.31533508508113123,843.3565169682541,786.3914861883268,0.7403425616798279,0.06742198527499396,0.30064227870992266,836.518666853405,774.13647829898,0.7364514057420254,0.06945786153535453,0.3059120252398992,825.6514782290338,765.2377151602223,0.7298645239246352,0.072973175434464,0.31489634572736275,817.8101219021356,760.6864796650228
202324-0200,4,2023/24,2023/24,UCL,Round of 16,KNOCKOUT,0.0,RB Leipzig,Real Madrid,1808.41,1972.29,0.3548056650661538,0.1258870599630357,0.4382037130953494,0.3597063920119263,0.5641538158364351,0.3182695279228103,0.8304658864933231,880.260804591077,895.0463411654061,0.46062156318592373,0.21217222447184392,0.6173378453194122,887.8679461273152,943.2915421088707,0.4133564507435291,0.1708635553712876,0.5333378850709041,890.4791800968422,964.6903355989939,0.3597063920119263,0.1293886884542376,0.44582844534638844,887.130925114968,983.4779025843675,0.32926683197155204,0.10841664663658229,0.3993838842462857,882.2890941084106,991.8144986070965
202324-0196,4,2023/24,2023/24,UCL,Round of 16,KNOCKOUT,1.0,Lazio,Bayern München,1771.85,1952.44,0.3331056699327657,0.4447480474758252,1.099295512213874,0.1345612311759971,0.36602547404501945,0.40192369955984225,1.005052346786923,804.8741106818892,898.5502222512238,0.3242390153872401,0.4566529083248067,1.1262743333455743,823.3672959217294,935.1260603811787,0.22799815210104454,0.5959868531594019,1.4784177548805206,801.7172395575061,960.896817432226,0.1345612311759971,0.7489842625836058,2.0057359331560964,772.7377281367894,994.6089168305415,0.08994606837160941,0.8281981584722913,2.4085450285835597,752.7903280215722,1018.934440776745
202324-0353,4,2023/24,2023/24,UEL,Knockout round play-offs,KNOCKOUT,1.0,Benfica,Toulouse FC,1793.83,1595.49,0.8156462958189418,0.0339862882452771,0.203774478995607,0.8087631348423943,0.9017125232748298,0.009660428081000882,0.1034595200567732,884.6990991087551,708.120868119645,0.7834923252119957,0.04687557324210821,0.24399401275159283,845.6058084061185,759.9294819843383,0.7994009402517328,0.04023998277188887,0.223892656508792,857.0352492531233,761.9372028742757,0.8087631348423943,0.03657153859530828,0.2122491923809563,864.2756362241147,763.369446741748,0.810079624230103,0.03606974913257886,0.21062273462828454,865.5827147369665,763.8425815053366
202324-0772,4,2023/24,2023/24,UECL,Knockout round play-offs,KNOCKOUT,0.5,Ajax,Bodø/Glimt,1660.88,1603.89,0.6622749222523208,0.0263331503919967,0.7487988063796809,0.6163910219284513,0.8429753774650892,0.11763210954732042,1.0110850920656778,866.572201962824,742.3565974038221,0.6225910718696189,0.015028570902142073,0.7241456752681035,787.7316403640737,778.8187286567265,0.6220771666363982,0.01490283461397094,0.7238781902826241,775.565324029106,766.8660700260152,0.6163910219284513,0.01354686998554923,0.721002636223914,764.2010513387465,757.858354520999,0.610286790064008,0.012163176062622572,0.7180852270798612,756.9501758808374,753.1226863349126
202324-0354,4,2023/24,2023/24,UEL,Knockout round play-offs,KNOCKOUT,0.5,Toulouse FC,Benfica,1597.64,1790.87,0.3171428183282647,0.03343674888893,0.7649363106349922,0.3245604417829092,0.19818098818004576,0.09109471589597368,0.9197234758595423,708.120868119645,884.6990991087551,0.3562870283962345,0.02065341820718471,0.7362604809700388,753.8672670902741,851.6680233001827,0.33652507556173744,0.02672405092009565,0.7496734163497233,756.3204292013243,862.6520229260748,0.32456044178290927,0.030779038587407968,0.7588375507989863,758.014814517335,869.6302684485277,0.32285726320983604,0.03137954919750931,0.7602090770408744,758.5248109837795,870.9004852585236
202324-0773,4,2023/24,2023/24,UECL,Knockout round play-offs,KNOCKOUT,0.0,Bodø/Glimt,Ajax,1603.89,1651.27,0.5181536567619485,0.2684832120157791,0.7301300057184074,0.601361536293163,0.29695543551239906,0.0881825306803586,0.3523349973063976,742.3565974038221,866.572201962824,0.5958954852431051,0.35509142933311566,0.9060817345847301,782.2512786690759,784.2990903517243,0.5963510033654457,0.3556345192149738,0.9072095988755179,770.2842306918344,772.1471633632868,0.601361536293163,0.3616356973328732,0.9197003788523638,761.1173031349956,760.9421027247499,0.6066812209478823,0.3680621038508132,0.9331348532850128,756.2107164567049,753.8621457590451
202324-0197,4,2023/24,2023/24,UCL,Round of 16,KNOCKOUT,1.0,Bayern München,Lazio,1925.15,1770.18,0.7751227652472672,0.0505697707100357,0.2547338554031504,0.8987981788920966,0.7970572783056701,0.04118574828870225,0.22682873538947826,898.5502222512238,804.8741106818892,0.7623822916446346,0.05646217532405551,0.27130715403068834,916.2047528120214,842.2886034908867,0.8314475815802076,0.028409917755160774,0.1845870231298056,939.2807656910553,823.3332912986768,0.8987981788920966,0.010241808595556089,0.10669676482778133,970.3766313034694,796.9700136638616,0.9315948367648248,0.004679266357230965,0.07085728331789727,993.4529306911501,778.2718381071671
202324-0201,4,2023/24,2023/24,UCL,Round of 16,KNOCKOUT,0.5,Real Madrid,RB Leipzig,1968.6,1806.18,0.7825097636995582,0.0798117665855801,0.885425099554022,0.832224993703159,0.636605093667686,0.018660951615957273,0.7319354513092228,895.0463411654061,880.260804591077,0.7756535008536258,0.0759848525328599,0.8743064645738859,956.1889458780765,874.9705423581094,0.8030858188694553,0.09186101359976827,0.9221404859344959,976.2643162198127,878.9051994760234,0.832224993703159,0.11037344644106407,0.9843919475007978,993.5496815607014,877.0591461386341,0.8479869242703539,0.12109489946314105,1.0243394000501183,1001.0339699023,873.0696228132072
202324-0780,4,2023/24,2023/24,UECL,Round of 16,KNOCKOUT,0.5,Ajax,Aston Villa,1643.8,1843.88,0.3086655686778822,0.0366088646093582,0.7723142404262221,0.6159809074115473,0.8528692380047965,0.12451669913008574,1.0377912950305839,866.572201962824,734.8569346137452,0.6602120804676627,0.025667910727776817,0.7473138918063843,800.9841639385313,776.0771691541939,0.6365836276685625,0.018655087347104502,0.7319227768503116,788.8449914575193,774.0685218805094,0.6159809074115473,0.013451570884005911,0.7208011588693615,777.7802257409585,771.606978055619,0.6027523389465614,0.010558043158989047,0.7147221214487691,770.8492199455858,770.1067699592261
202324-0781,4,2023/24,2023/24,UECL,Round of 16,KNOCKOUT,1.0,Aston Villa,Ajax,1843.88,1643.8,0.8171476534898102,0.0334349806242825,0.2019354740254709,0.601720845500103,0.2811857314066731,0.5166939527333596,1.2687398621300732,734.8569346137452,866.572201962824,0.561258961732475,0.19249369866006583,0.5775728726010801,780.5631074072885,796.4982256854368,0.5833169304541698,0.1736247804461352,0.539024620349463,777.8928634552291,785.0206498827996,0.601720845500103,0.15862628490915284,0.5079616530147275,774.8544434631424,774.5327603334351,0.6131651746480837,0.14964118210504757,0.48912092640859495,772.9838354497298,767.9721544550821
202324-0202,4,2023/24,2023/24,UCL,Quarter Finals,KNOCKOUT,0.5,Arsenal,Bayern München,1960.57,1922.68,0.6372620169839632,0.0188408613065058,0.7323244467791508,0.3358211460404459,0.45102326071757665,0.002398720990738471,0.6979677862789859,839.3453465957919,898.5502222512238,0.46960849874634564,0.0009236433484508747,0.6949978881534224,870.9644117202226,922.8580486459716,0.415052861283921,0.007216016376048769,0.7077915936387894,870.4722614237701,944.0002334068095,0.33582114604044594,0.02695469608747258,0.7501901857985491,866.5704561509434,973.2102822944906,0.28006495280429733,0.04837142498497596,0.800664005841649,863.110501247746,995.368275261735
202324-0379,4,2023/24,2023/24,UEL,Quarter Finals,KNOCKOUT,0.0,Liverpool,Atalanta,1970.48,1824.79,0.7656746523536273,0.5862576732568481,1.451044754742995,0.7305916295702325,0.7918521103470865,0.6270297646611344,1.5695064439805209,893.9663831742569,803.4051682300079,0.6813311137974722,0.46421208662850405,1.1436026895524076,880.5549084931097,846.3007325989086,0.7033162731446186,0.4946537800700358,1.215088600323388,889.4497834836254,845.1069719242903,0.7305916295702325,0.5337641291980878,1.3115269448509628,900.5925098062575,843.1081981898404,0.7445563651561561,0.5543641808945472,1.3647535009405387,905.8917272079377,841.3561657546843
202324-0203,4,2023/24,2023/24,UCL,Quarter Finals,KNOCKOUT,1.0,Bayern München,Arsenal,1915.84,1940.7,0.5503987905100076,0.202141247574864,0.5971121898399677,0.8032260815892021,0.734043216863898,0.07073301049610362,0.30918737353972703,898.5502222512238,839.3453465957919,0.7156521620039489,0.08085369297302854,0.33456103732112374,922.0070866108694,871.8153737553249,0.7527122433363336,0.0611512345957487,0.2840722711827026,941.6217135227593,872.8507813078203,0.8032260815892021,0.038719974966739366,0.21911905847376933,968.6132743836231,871.167464061811,0.8370982603642063,0.026536976776367915,0.17781381948791147,989.2100939402553,869.2686825692257
202324-0380,4,2023/24,2023/24,UEL,Quarter Finals,KNOCKOUT,0.0,Atalanta,Liverpool,1841.48,1922.76,0.4694138557674805,0.220349367986493,0.6337729510146347,0.5596554361222819,0.37345364192547575,0.13946762266740145,0.46753251205308766,803.4051682300079,893.9663831742569,0.6104641545282711,0.37266648396391683,0.9427993884533352,865.3780037852378,861.4776373067805,0.5887060741387514,0.34657484172786107,0.8884471720015421,864.7998275723396,869.7569278355761,0.5596554361222819,0.3132142071812215,0.8201977588103475,863.5647638178069,880.135944178291,0.5437891148329328,0.2957066014107846,0.7848001089012347,862.2037439790568,885.0441489835653
202324-0212,4,2023/24,2023/24,UCL,Semi Finals,KNOCKOUT,0.5,Bayern München,Real Madrid,1915.84,1978.81,0.4957259305287474,1.826766984509287e-05,0.6931837172345315,0.565857092024308,0.6094988550733103,0.011989999262365802,0.7177212931437239,898.5502222512238,895.0463411654061,0.5500662573386004,0.0025066301238949556,0.6981857428557903,929.9688260747588,950.3338769181136,0.5454900824527358,0.0020693476015567,0.6973030996729125,948.5457707093419,970.7159843359392,0.565857092024308,0.004337156569898173,0.7018976191408657,974.1229440991254,988.2312822957063,0.5954185602452324,0.009104701639273051,0.7116964432633758,993.7713426500576,996.0126497947691
202324-0804,4,2023/24,2023/24,UECL,Semi Finals,KNOCKOUT,1.0,Fiorentina,Club Brugge,1761.8,1742.17,0.6126314882519048,0.1500543638939341,0.489991684905583,0.4930339637282759,0.3877070725833266,0.3749026289644797,0.9475051920591435,742.5800792543524,827.2325711247121,0.42187371296139126,0.3342300037650479,0.8630492681181801,791.2832945094851,862.0723511364374,0.4582408169156997,0.2935030124561684,0.7803604319269459,797.9108292419602,854.2711442260905,0.49303396372827596,0.25701456193306305,0.7071772153686233,800.60814063501,843.3310968239895,0.5127367920363769,0.237425433835001,0.6679926414323549,800.8618124186941,835.8823685240626
202324-0805,4,2023/24,2023/24,UECL,Semi Finals,KNOCKOUT,0.5,Club Brugge,Fiorentina,1742.17,1761.8,0.5578370463401637,0.0033451239293542,0.6998825911540362,0.6355327202263182,0.7817097045907551,0.07936035766061049,0.8841006504081886,827.2325711247121,742.5800792543524,0.6905017559794708,0.03629091903126185,0.7715698117777449,845.8848150993564,807.4708305465662,0.6627666990652729,0.026492998324605097,0.749156269006259,839.1018870997301,813.0800863683206,0.6355327202263182,0.018369118251945454,0.7313051006456687,829.1360478083812,814.8031896506183,0.6197516184708632,0.014340450126391194,0.7226835503828875,822.2389987010812,814.5051822416755
202324-0213,4,2023/24,2023/24,UCL,Semi Finals,KNOCKOUT,1.0,Real Madrid,Bayern München,1986.39,1937.83,0.6513370591567267,0.1215658463174799,0.4287280147618427,0.643702595482838,0.5923021972965484,0.16621749832922253,0.5237383059364745,895.0463411654061,898.5502222512238,0.6562102315117216,0.11819140491722403,0.4212740665137196,951.7357321235944,928.566970869278,0.6597772762864371,0.11575150173107535,0.4158529610862278,971.9897066446158,947.2720484006653,0.643702595482838,0.12694784046566615,0.44051846780051984,990.0752808723869,972.2789455224448,0.6193920450711636,0.14486241535511113,0.47901685448455744,998.6843694816356,991.0996229631911
202425-0621,5,2024/25,2024/25,UECL,2nd Qualifying Round,QUALIFYING,1.0,Ilves Tampere,Austria Wien,1209.11,1445.67,0.2546572441060825,0.5555358237635397,1.3678367787516732,0.5449968759065452,0.5297990012281572,0.22108897924603857,0.635257587332511,619.8018119030359,648.1406046158668,0.5297990012281572,0.22108897924603857,0.635257587332511,619.8018119030359,648.1406046158668,0.5231987530214226,0.22733942912032637,0.6477938622108289,619.8018119030359,650.7277154235135,0.5449968759065452,0.2070278429348038,0.606975216616891,619.8018119030359,642.1663942085088,0.5640156326876087,0.19008236854078614,0.5726733103369808,619.8018119030359,634.642261517756
202425-0298,5,2024/25,2024/25,UEL,2nd Qualifying Round,QUALIFYING,0.5,Kilmarnock,Cercle Brugge,1352.35,1577.49,0.2673348305627848,0.054133081069248,0.815159917706773,0.4929522859275735,0.4929522859275735,4.967027364667841e-05,0.6932465309770903,671.2559115567559,714.0107990129598,0.4929522859275735,4.967027364667841e-05,0.6932465309770903,671.2559115567559,714.0107990129598,0.4929522859275735,4.967027364667841e-05,0.6932465309770903,671.2559115567559,714.0107990129598,0.4929522859275735,4.967027364667841e-05,0.6932465309770903,671.2559115567559,714.0107990129598,0.4929522859275735,4.967027364667841e-05,0.6932465309770903,671.2559115567559,714.0107990129598
202425-0622,5,2024/25,2024/25,UECL,2nd Qualifying Round,QUALIFYING,1.0,Austria Wien,Ilves Tampere,1445.67,1209.11,0.8388331912867896,0.0259747402308005,0.1757434107720666,0.5932613980653167,0.6680457476828054,0.11019362563146766,0.4033986232353534,648.1406046158668,619.8018119030359,0.6058481207001986,0.15535570395556525,0.5011259502320069,634.9749766502551,632.9674398686475,0.6112539587141069,0.15112348461545327,0.4922427617901304,637.3772805081134,633.152246818436,0.5932613980653167,0.1654362903037807,0.522120170929942,629.426306733892,632.5418993776526,0.5772181629861963,0.17874448170876645,0.5495349851724571,622.434699233009,632.0093741877828
202425-0299,5,2024/25,2024/25,UEL,2nd Qualifying Round,QUALIFYING,1.0,Cercle Brugge,Kilmarnock,1577.49,1352.35,0.8297467015294986,0.0289861856400856,0.1866348036481664,0.6990652635719793,0.6999142678675685,0.09005144662945744,0.35679742591424546,714.0107990129598,671.2559115567559,0.6990652635719793,0.09056171558900229,0.3580111740509947,713.8134630189318,671.4532475507839,0.6990652635719793,0.09056171558900229,0.3580111740509947,713.8134630189318,671.4532475507839,0.6990652635719793,0.09056171558900229,0.3580111740509947,713.8134630189318,671.4532475507839,0.6990652635719793,0.09056171558900229,0.3580111740509947,713.8134630189318,671.4532475507839
202425-0731,5,2024/25,2024/25,UECL,3rd Qualifying Round,QUALIFYING,0.5,Ilves Tampere,Djurgårdens IF,1217.44,1450.82,0.2581473417143682,0.0584927083198265,0.8264146972137325,0.4204301631665232,0.38799311923863156,0.012545541337891408,0.7188897134480233,619.8018119030359,704.3365751598301,0.42641348624258535,0.005414975006970176,0.7040961400178278,621.9311872482531,690.9039872163688,0.4264851238702527,0.005404437012372086,0.704074597882145,622.267357662431,691.2115376849196,0.42043016316652326,0.006331358933706111,0.7059730025310246,621.1532185234814,692.5208979637588,0.41741482649420536,0.006820310882982205,0.706977323760775,620.1714827513963,692.7495830315073
202425-0316,5,2024/25,2024/25,UEL,3rd Qualifying Round,QUALIFYING,0.0,Trabzonspor,Rapid Wien,1528.35,1470.03,0.6510232473642,0.4238312686086284,1.0527499703570844,0.5537026845637752,0.6038782164245848,0.3646689002721377,0.9260335807252792,689.105861797363,687.9037182831531,0.5840818680337407,0.3411516285657841,0.8772668362462029,707.2515366370632,714.0717157630437,0.5620025925060759,0.31584691398355036,0.8255422875868516,707.2005855695464,722.8405602851637,0.5537026845637752,0.3065866628931316,0.8067699225202252,707.0675733856624,725.9957935871792,0.5533844562145366,0.30623435637985835,0.8060571354673218,706.9530296839744,726.007077168349
202425-0314,5,2024/25,2024/25,UEL,3rd Qualifying Round,QUALIFYING,0.0,Panathinaikos,Ajax,1571.12,1618.13,0.5043028496675778,0.2543213641828395,0.7017901227467503,0.3669142361337473,0.2035265193811609,0.04142304409141006,0.22756144507792286,656.1354000709096,829.4592208457248,0.23531766355392447,0.05537440278047799,0.26829477787001166,681.512174608709,836.673144033811,0.30217306648329895,0.09130856210792021,0.35978415321466284,688.2733210550374,810.0590155912504,0.36691423613374735,0.13462605667761132,0.45714937807525546,690.5363615066761,783.8384081658161,0.4015847881019132,0.16127034203485854,0.5134704316922913,689.993235134126,768.9689436940463
202425-0317,5,2024/25,2024/25,UEL,3rd Qualifying Round,QUALIFYING,1.0,Rapid Wien,Trabzonspor,1470.03,1528.35,0.4880288457282594,0.2621144628063384,0.7173807647770306,0.7151184441314772,0.5979777405010253,0.16162189713266098,0.5142017489667401,687.9037182831531,689.105861797363,0.6929345058975585,0.09428921766837657,0.3668197923427355,730.4260080679884,690.8972443321185,0.7091955611258435,0.08456722166891303,0.3436239637894841,738.5766328753339,691.4645129793763,0.7151184441314772,0.08115750087407028,0.3353070938796505,741.4994687549648,691.5638982178767,0.7153435682687069,0.0810292841259923,0.3349923366373933,741.5018419423561,691.4582649099673
202425-0732,5,2024/25,2024/25,UECL,3rd Qualifying Round,QUALIFYING,1.0,Djurgårdens IF,Ilves Tampere,1450.82,1217.44,0.8363430502812504,0.0267835971912453,0.1787164028404574,0.749153780759986,0.7815040480596578,0.047740481014316334,0.24653494927521402,704.3365751598301,619.8018119030359,0.7451716972797618,0.06493746386727733,0.29414062100848903,688.8435648311612,623.9916096334607,0.7451238734310939,0.06496183989476906,0.29420480136254,689.1531211532866,624.3257741940639,0.749153780759986,0.06292382570700919,0.2888110017727733,690.2929425324214,623.3811739548188,0.7511515295720109,0.06192556123434975,0.28614787716876716,690.4371981733451,622.4838676095585
202425-0315,5,2024/25,2024/25,UEL,3rd Qualifying Round,QUALIFYING,0.0,Ajax,Panathinaikos,1618.13,1571.12,0.6360902248205809,0.4046107741122971,1.010849312456549,0.8284168925253279,0.8987210806767909,0.8076995808528589,2.2898769908326817,829.4592208457248,656.1354000709096,0.8939821900281315,0.7992041560874942,2.2441481803810817,843.2620386133209,674.9232800291991,0.8616234605390638,0.7423949877513116,1.9777767627329366,818.5198614527827,679.8124751935051,0.8284168925253279,0.6862745478213207,1.7626875380637266,794.112006777561,680.2627628949313,0.8096452019979253,0.6555253531182613,1.6588655902612957,780.2133177608998,678.7488610672725
202425-0781,5,2024/25,2024/25,UECL,Qualifying Play-off Round,QUALIFYING,1.0,FC København,Kilmarnock,1648.63,1315.86,0.9005545278343773,0.0098894019342436,0.104744563357202,0.8364146407112717,0.870647855938167,0.016731977173393208,0.13851768245879328,817.5714147656936,671.2559115567559,0.8434804954924264,0.024498355291296344,0.17021850056823187,808.7533248185526,684.1643442967736,0.8418321233858396,0.025017077192632277,0.17217466301994183,807.461497778824,684.0873756146196,0.8364146407112717,0.026760169773622326,0.17863080714366228,803.4999660870017,684.047597444299,0.8288063569985542,0.02930726340410647,0.1877687373825955,798.1770974783794,684.0598735543925
202425-0782,5,2024/25,2024/25,UECL,Qualifying Play-off Round,QUALIFYING,0.5,Kilmarnock,FC København,1315.86,1648.63,0.1641381404094644,0.1128031887276126,0.9931694027076708,0.2876466187606918,0.2519946656099606,0.06150664588591526,0.8343462647024045,671.2559115567559,817.5714147656936,0.2778084320615791,0.0493690928629339,0.8031441709287317,679.7817981705615,813.1358709447647,0.28011912204907374,0.04834760048847013,0.800604929172928,679.6586750694231,811.8901983240205,0.28764661876069186,0.04509395852376694,0.7926018695866299,679.4672073842146,808.080356147086,0.2980495050187638,0.0407840024231663,0.7821940397312594,679.266451550352,802.97051948242
202425-0092,5,2024/25,2024/25,UCL,League Stage,MAIN_STAGE,1.0,Juventus,PSV Eindhoven,1829.4,1799.48,0.6130275797990866,0.1497476539961522,0.4893453525423746,0.5806335518428631,0.5588554731271304,0.19460849358988802,0.5818643846454081,825.8234793451725,842.7117914027818,0.5588554731271304,0.19460849358988802,0.5818643846454081,825.8234793451725,842.7117914027818,0.5648440071989701,0.18936073807065,0.5712056794096606,825.8234793451725,840.3346791181771,0.5806335518428631,0.17586821783993256,0.5436354408372676,825.8234793451725,834.0290788751021,0.5954436224356578,0.16366586262798255,0.5184485673206485,825.8234793451725,828.0546202151295
202425-0106,5,2024/25,2024/25,UCL,League Stage,MAIN_STAGE,0.5,Atalanta,Arsenal,1866.29,1950.36,0.451125886602676,0.0023886789603744,0.6979475080583502,0.6116813396127527,0.5765826206575795,0.00586489778678272,0.7050167546638675,851.8520906363583,861.6811953573786,0.5765826206575795,0.00586489778678272,0.7050167546638675,851.8520906363583,861.6811953573786,0.599962982175938,0.009992597805506903,0.7135427568193553,863.4094214123454,863.8039597393081,0.6116813396127527,0.01247272161769901,0.718736402878198,869.4621229800085,865.0613044979691,0.6149191855693172,0.013206419211915172,0.7202832422490724,870.4423202302696,864.7074338594234
202425-0360,5,2024/25,2024/25,UEL,League Stage,MAIN_STAGE,1.0,AZ Alkmaar,IF Elfsborg,1604.73,1514.12,0.6919850913992248,0.0948731839203438,0.3681908678173209,0.6806223078184075,0.9025374182855279,0.009498954834450148,0.10254512893038625,818.6059321409675,641.114788513744,0.8161780520712304,0.03379050854032728,0.20312274675273628,818.6059321409675,712.9437338404937,0.7543897429158832,0.06032439838492593,0.2818461441022409,782.1022477467836,712.4486608316508,0.6806223078184075,0.10200211026324006,0.3847477407577837,744.711052069645,710.7756918667357,0.635928137155865,0.1325483213147986,0.4526697139193737,724.1934970464883,709.6937888824363
202425-0371,5,2024/25,2024/25,UEL,League Stage,MAIN_STAGE,1.0,Ajax,Besiktas,1611.02,1519.02,0.6936879164219654,0.0938270925459168,0.3657331077681597,0.7823238561067964,0.8810560308854645,0.014147667788719582,0.12663405587935075,829.4592208457248,673.7854729709743,0.8695363067549577,0.017020775255136483,0.13979519015965874,832.4778533723772,687.1232917430268,0.8238138586243072,0.031041556412855602,0.1938106743196346,810.9187925935146,700.200888988467,0.7823238561067964,0.04738290362021466,0.24548648592441433,789.7196439518625,704.7151028082512,0.7604758112095024,0.057371837015745955,0.2738109742192594,777.6745196766144,704.7839136420749
202425-0120,5,2024/25,2024/25,UCL,League Stage,MAIN_STAGE,1.0,Aston Villa,Bayern München,1794.3,1925.75,0.3848851809388161,0.378366240628673,0.9548102205019094,0.1921511079156756,0.2621040240672388,0.5444904712977622,1.339013815595363,752.5917158063382,893.7340427898971,0.2871131488173053,0.5082076625891775,1.2478788941671533,772.1837409967653,901.0514335091742,0.25462722803527466,0.5555805691863785,1.3679546542121852,776.0711039153852,921.0265573654144,0.1921511079156756,0.6526198324418705,1.6494731960983642,774.8147530611722,955.1443822454808,0.14921558777222074,0.7238341160897678,1.9023631209845553,772.410812402531,982.5120117274454
202425-0122,5,2024/25,2024/25,UCL,League Stage,MAIN_STAGE,1.0,Liverpool,Bologna,1925.49,1765.55,0.7700355208178165,0.0528836616855329,0.2613186342661771,0.893207097616851,0.8808900620658782,0.014187177314670356,0.12682244849901278,895.1618709277335,739.6427857066385,0.8926030527394542,0.011534104280884461,0.1136133067396519,909.6188925331318,742.6939455540944,0.8881737695508778,0.012505105816460187,0.11858786870289052,904.4299667002145,741.9402587647429,0.893207097616851,0.011404723999416787,0.11293681276820394,907.7412378613975,740.199038346093,0.8978041985547138,0.010443981833044355,0.1078032761530215,911.0843649528201,738.7409348622748
202425-0124,5,2024/25,2024/25,UCL,League Stage,MAIN_STAGE,0.0,RB Leipzig,Juventus,1850.53,1843.42,0.5814555876752386,0.3380906004387571,0.8709722720434039,0.6849943159604029,0.72976297774481,0.5325540036869721,1.3084558448732684,882.8967999014396,825.8234793451725,0.6790254495757879,0.4610755611716009,1.136393441162682,871.3940029146322,838.1755260976129,0.6845668754298386,0.4686318069357722,1.1538085859660536,873.7222782930123,838.0078471436013,0.6849943159604029,0.46921721289806034,1.1551645957491559,873.4736698047559,837.5657398935723,0.6773999766644822,0.45887072838504095,1.131342040955266,869.6417340649259,837.1510579169741
202425-0125,5,2024/25,2024/25,UCL,League Stage,MAIN_STAGE,0.0,Sturm Graz,Club Brugge,1574.7,1677.87,0.4240740215973859,0.1798387757937801,0.551776136262011,0.2884368312548189,0.2493417962504774,0.06217133135741458,0.2868048523225254,715.0234592307686,862.719068308521,0.25886373776007987,0.0670104347271194,0.2995707809291714,705.1557186819181,847.9417588514068,0.272499036153462,0.07425572470456579,0.31813995506240084,699.5904750187298,835.5459105937086,0.2884368312548189,0.08319580562432087,0.34029108289817844,690.9413424368423,819.1779599870588,0.2985511684768213,0.08913280019887533,0.35460732362075514,684.2041195369011,807.6739942249109
202425-0821,5,2024/25,2024/25,UECL,League Stage,MAIN_STAGE,0.5,LASK,Djurgårdens IF,1451.98,1438.03,0.5910060261326405,0.0082820967924548,0.7099919609973045,0.5859800600847138,0.6902604173327708,0.0361990264036401,0.7713548633149995,742.6402338449124,704.3365751598301,0.623773705026249,0.015319930055924887,0.7247660484421591,723.8705386367543,714.4655071874062,0.6004346950420424,0.010087127968188054,0.7137397273767172,714.1508080349702,714.3532560824596,0.5859800600847138,0.007392570732170998,0.7081553297066705,708.4788241995251,714.5349687079964,0.5815047953003759,0.006643031656956179,0.7066129540238739,706.2155284919132,714.0713952502647
202425-0130,5,2024/25,2024/25,UCL,League Stage,MAIN_STAGE,1.0,Aston Villa,Bologna,1809.55,1757.48,0.6428055946689247,0.1275878431998205,0.4419129415646756,0.7360776621285755,0.6322459427150999,0.13524304664950557,0.45847681066878593,752.5917158063382,739.6427857066385,0.7203474766882265,0.07820553379464201,0.3280215768776785,792.1445728298808,739.6868310307991,0.731895094733604,0.07188024022790315,0.31211808849660316,796.9415415303974,738.8091243121675,0.7360776621285755,0.06965500042751835,0.3064196466235855,797.4345220395332,737.2088370793648,0.7363313390161568,0.06952116278501286,0.30607507267722417,796.2327759449088,735.8794524218068
202425-0396,5,2024/25,2024/25,UEL,League Stage,MAIN_STAGE,1.0,Galatasaray,IF Elfsborg,1698.32,1510.94,0.7968090883082971,0.0412865465941054,0.2271401667673875,0.6852403397087333,0.8445264345038909,0.024172029568072937,0.16897924126575223,766.4800436628552,641.114788513744,0.65291905184723,0.12046518457062583,0.42630212087031866,751.855738398142,730.1093110258621,0.671874114475996,0.10766659675091178,0.39768428565619324,757.2900877543,727.2594190634865,0.6852403397087333,0.0990736437466736,0.37798564136853796,758.4579981263555,722.4386310224579,0.689607526002988,0.09634348791398575,0.3716326461147875,757.2861924204038,719.2807601692465
202425-0136,5,2024/25,2024/25,UCL,League Stage,MAIN_STAGE,0.5,Atalanta,Celtic,1867.0,1661.92,0.8128077599958013,0.0978486947135908,0.9414399118657166,0.8719631748503015,0.7821298044629632,0.07959722656630985,0.8847951943500332,851.8520906363583,766.9588628029653,0.7877064891107193,0.08277502387641643,0.8942076053789303,864.4357051287424,776.3144717802546,0.825784796222124,0.10613573344949084,0.9694425086629466,873.830362572044,761.7796759490485,0.8719631748503015,0.13835660344471598,1.0962227232991772,877.544750419426,730.0830197717912,0.8984340028937636,0.15874965466194765,1.197074251000048,877.1031776903744,704.0871628449089
202425-0143,5,2024/25,2024/25,UCL,League Stage,MAIN_STAGE,0.0,RB Leipzig,Liverpool,1844.11,1943.17,0.4298625264792577,0.1847817916711305,0.5618777656178141,0.4580444486511898,0.5704852575729259,0.3254534291080476,0.8450992135204213,882.8967999014396,895.1618709277335,0.44838982550256595,0.20105343561422154,0.594913687806285,852.3812903265101,912.626007056427,0.4667723524320397,0.21787642899494025,0.6288068398688962,854.5544057809768,907.56110115279,0.4580444486511898,0.20980471694017247,0.6125712894869095,854.2938289578647,910.7314391281257,0.4407418358870592,0.1942533659010954,0.5811440803940165,850.6745347183204,913.9458473932881
202425-0144,5,2024/25,2024/25,UCL,League Stage,MAIN_STAGE,0.0,Benfica,Feyenoord,1792.18,1745.96,0.6350368975110027,0.4032718612003997,1.0079590195807302,0.7942100283062707,0.6776287537182623,0.4591807278657653,1.1320514587980504,875.7441172863759,843.1511235196465,0.7291106177508366,0.5316022929170066,1.3060447250144542,897.778233990166,841.0279100051155,0.7492347415681769,0.5613526979727329,1.3832380028176787,888.185840860564,821.2319696015742,0.7942100283062707,0.6307695690622473,1.5808991851769905,881.2322810755084,789.267270285627,0.8219292127724787,0.6755676308087865,1.7255741266907132,876.2718526176432,766.8174616512149
202425-0831,5,2024/25,2024/25,UECL,League Stage,MAIN_STAGE,0.0,Panathinaikos,Chelsea,1549.18,1848.47,0.1923163799192573,0.0369855899852481,0.2135848564464152,0.2924055598325362,0.18510949248758227,0.03426552420901027,0.20470152137711894,656.1354000709096,840.9612780313157,0.2792217356093267,0.07796477763668476,0.3274237279835836,700.8873397130453,833.5541430789715,0.28940107719004093,0.08375298347875604,0.3416471112843989,705.807496117464,833.5854864599223,0.2924055598325362,0.0855010114209789,0.3458841740373476,706.0216463978527,832.3763731913697,0.2908295841097035,0.0845818469934231,0.3436594204148644,704.2635043026987,831.3637105600692
202425-0149,5,2024/25,2024/25,UCL,League Stage,MAIN_STAGE,1.0,Celtic,RB Leipzig,1677.88,1843.91,0.3389622127067135,0.4369709562296042,1.081866644756436,0.3488823727939703,0.3149394259144036,0.4693079901664869,1.1553749573326997,766.9588628029653,882.8967999014396,0.4605388656227202,0.29101831550362156,0.7753580281017429,784.3702534753547,839.8263752124383,0.42238778372369146,0.33363587239162906,0.8618314681169936,770.901650243268,841.4847799128797,0.34888237279397033,0.4239541644584103,1.0530204542956498,740.4979886675997,841.4685843956313,0.29936496282844277,0.4908894553123895,1.2060918384656238,715.2433149259343,838.3337633134827
202425-0154,5,2024/25,2024/25,UCL,League Stage,MAIN_STAGE,1.0,Club Brugge,Aston Villa,1688.0,1830.11,0.3704637629970823,0.3963158736997937,0.9929996447051738,0.6250947861540539,0.8229349557057232,0.031352029910934213,0.19487811459272272,862.719068308521,752.5917158063382,0.7004103693928144,0.08975394676734991,0.35608887372170245,842.9606461389025,799.9748434826104,0.6635579202497551,0.11319327302667014,0.4101391339938577,830.8163977560376,804.4484788778566,0.6250947861540539,0.14055391936887457,0.46985198289813795,814.7798366615363,804.8243474999331,0.6006334094113156,0.15949367367842987,0.5097704982545489,803.4939932949859,803.6154984524563
202425-0159,5,2024/25,2024/25,UCL,League Stage,MAIN_STAGE,0.0,Feyenoord,FC Salzburg,1765.64,1577.07,0.7979159093611301,0.6366697984115992,1.599071377914261,0.7316305034218648,0.6838591614287589,0.46766335267004533,1.1515674730051186,843.1511235196465,807.7567581166913,0.7994923427748463,0.6391880061556122,1.6069028423156115,861.4430073021389,766.2892544585058,0.7734877648106443,0.5982833223117666,1.484956317021943,842.2105423654831,762.2041412625202,0.7316305034218648,0.5352831935373312,1.31539052945592,811.5051510782025,753.5044542778912,0.7032019066870953,0.4944929215683662,1.2147031918574416,789.8314796088443,745.5422196831605
202425-0157,5,2024/25,2024/25,UCL,League Stage,MAIN_STAGE,1.0,Bayern München,Benfica,1908.25,1775.64,0.741002897195336,0.0670794992612097,0.2997507438484358,0.7299395841049058,0.6441568409347679,0.12662435385352408,0.43981304070510563,893.7340427898971,875.7441172863759,0.579674550109906,0.17667348382530992,0.5452884534288576,868.7728097998397,877.3631366931426,0.6472439799557195,0.12443680967748084,0.4350319613505314,886.5158248758723,867.2072680966551,0.7299395841049058,0.07293262823343126,0.31479350976475123,916.1552465998558,858.9944002829328,0.7857371536032619,0.04590856734603218,0.24113295265444862,940.2321789829028,853.2578346600137
202425-0425,5,2024/25,2024/25,UEL,League Stage,MAIN_STAGE,1.0,AZ Alkmaar,Fenerbahçe,1588.35,1688.94,0.4277053518525813,0.3275211642981778,0.8493207507282373,0.4460949487768388,0.6207904175958251,0.1437999073871487,0.4767617458059931,818.6059321409675,810.4411493165476,0.5702446844838504,0.18468963121438534,0.5616897392396892,796.3839618563198,808.7449644090658,0.509385306246761,0.24070277772658447,0.6745505620692211,765.9624252486548,802.2936062800802,0.44609494877683886,0.30681080577053277,0.8072234599856876,734.7981024964672,795.9499069871428,0.41497219971484517,0.34225752710648694,0.8795437496342051,717.6330977603851,791.1935355145943
202425-0851,5,2024/25,2024/25,UECL,League Stage,MAIN_STAGE,1.0,Djurgårdens IF,Panathinaikos,1427.98,1544.16,0.4058947256545585,0.3529610770050724,0.9016614494208764,0.6095919795208227,0.7114887204867099,0.08323875840639583,0.34039571472376756,704.3365751598301,656.1354000709096,0.6228377786947957,0.1422513411798759,0.4734691814291259,702.0846526322317,693.0691311159842,0.6100269916628357,0.15207894723153803,0.49425207416612227,701.4250290841358,697.7042659561429,0.6095919795208227,0.15241842245446974,0.49496543165028506,701.3764061789474,697.8342907225417,0.6127123440747928,0.14999172843204167,0.4898597124405945,700.9454453459668,696.1202759476271
202425-0856,5,2024/25,2024/25,UECL,League Stage,MAIN_STAGE,0.5,LASK,Cercle Brugge,1429.6,1511.93,0.4536072162502554,0.0021522903840505,0.6974703977835655,0.5706871966471155,0.6687050108682192,0.02846138069204596,0.7535791755799883,742.6402338449124,714.0107990129598,0.6024314660292321,0.010492205232897739,0.7145846583301749,708.8591267919261,708.247607028446,0.5818722668016834,0.0067030680712460225,0.706736319755785,700.3147661305273,708.0230621531766,0.5706871966471155,0.004996679769827982,0.7032417582846756,694.911325752174,707.0958607994153,0.5669041074303195,0.004476159591047732,0.7021806134268138,692.501362045026,706.1931158431419
202425-0175,5,2024/25,2024/25,UCL,League Stage,MAIN_STAGE,0.5,Aston Villa,Juventus,1796.74,1857.91,0.4839306139441236,0.0002582251682127,0.6936638978011274,0.4938422515885761,0.415789004224871,0.007091491809438799,0.7075352080214757,752.5917158063382,825.8234793451725,0.4833758530872577,0.00027636226057643857,0.6937002108108277,791.5863338256091,838.086527486544,0.4931224849910477,4.730021269836394e-05,0.6932417899357115,795.0281006448497,837.7164503352562,0.4938422515885761,3.791786549839373e-05,0.6932230220425818,794.3270015122466,836.7339717471606,0.4915802237480923,7.089263213218899e-05,0.693288985931072,792.4332339159731,835.7245411739722
202425-0177,5,2024/25,2024/25,UCL,League Stage,MAIN_STAGE,0.5,Celtic,Club Brugge,1700.22,1696.82,0.5762493100032833,0.0058139572759767,0.7049124370206139,0.4324938316427902,0.3610905783662159,0.01929582741863241,0.73330951367704,766.9588628029653,862.719068308521,0.46965857716387027,0.0009206019397208146,0.6949917828164847,799.4751652379185,851.3491557959037,0.46637683400931274,0.0011305172912373087,0.6954133428843116,787.0747922990047,840.2367759890445,0.43249383164279026,0.004557082766271946,0.7023454375716207,758.7292822293684,825.2771826492227,0.3995220698995747,0.010095814437265947,0.7137578310871655,734.8610959667379,814.6762578314691
202425-0179,5,2024/25,2024/25,UCL,League Stage,MAIN_STAGE,1.0,Liverpool,Real Madrid,1971.55,1939.57,0.6158368671284012,0.1475813126577216,0.4847731766114962,0.5494479791128936,0.6000757421637629,0.15993941200586503,0.5106993947935978,895.1618709277335,895.5104981631449,0.7356786297917481,0.06986578674876773,0.3069618999148343,935.5416542330324,875.5165848917228,0.6423878774855745,0.1278864301692725,0.442562987191439,930.4681636410287,913.2315151367715,0.5494479791128936,0.2029971235254556,0.5988411791141797,931.8103311539413,952.4194625189034,0.4991354730562201,0.25086527435061645,0.6948777309864913,933.4668537843864,973.8047674741583
202425-0433,5,2024/25,2024/25,UEL,League Stage,MAIN_STAGE,0.5,AZ Alkmaar,Galatasaray,1587.61,1720.98,0.3822718904322502,0.013859907782396,0.7216650194911778,0.5214534133300223,0.7196628326740178,0.048251760058373526,0.8003673479136872,818.6059321409675,766.4800436628552,0.6743601179168277,0.030401450719970063,0.7579770877807623,808.417110690772,777.2823956394215,0.5964395180954798,0.009300580650488374,0.7121031732685303,779.6996366737454,781.5266364724841,0.5214534133300223,0.000460248943508777,0.6940685268046981,750.3074439307157,781.9169032926915,0.4833637518625355,0.0002767647520912912,0.6937010166853594,734.0138761683694,780.5188050132291
202425-0861,5,2024/25,2024/25,UECL,League Stage,MAIN_STAGE,0.0,1.FC Heidenheim,Chelsea,1637.09,1854.22,0.2764624143324419,0.0764314665385227,0.3236027844775532,0.4083539938070166,0.2903016048246236,0.08427502176375191,0.3429151947255948,713.6107910697584,840.9612780313157,0.41107838689744736,0.1689854401742074,0.5294621889026372,768.9668543801828,844.0967454790717,0.4095272028028678,0.16771252983554122,0.5268317118112201,768.665610280561,844.4219667012,0.40835399380701665,0.166752984258141,0.5248467854608676,767.0764743251387,843.3071285240043,0.40753290735984354,0.1660830705811668,0.5234599473630823,765.6814392366451,842.2442881159116
202425-0869,5,2024/25,2024/25,UECL,League Stage,MAIN_STAGE,1.0,Panathinaikos,HJK Helsinki,1532.79,1234.42,0.8813606745352318,0.0140752895467351,0.1262883446161012,0.748688464470829,0.5540312979993323,0.19888808316416037,0.5905340992469799,656.1354000709096,674.9336684658944,0.6800735709829441,0.10235291998360532,0.3855542940424077,682.5085889194385,648.819788614532,0.7165152180030813,0.08036362162384054,0.3333557925771719,686.7850217227023,636.1784962711381,0.748688464470829,0.06315748789002976,0.28943231727593455,686.9028661491247,620.2329046022691,0.7646293394846064,0.05539934783145265,0.26836408612460017,685.2762215817213,610.1440293452176
202425-0183,5,2024/25,2024/25,UCL,League Stage,MAIN_STAGE,0.0,Atalanta,Real Madrid,1909.47,1935.72,0.5341258594109128,0.2852904336914462,0.7638397659086722,0.4646070707865402,0.4906413213176497,0.24072890618432918,0.6746028373509616,851.8520906363583,895.5104981631449,0.6205418098588995,0.38507213778295857,0.9690108591219035,876.1771878576969,868.1155865258918,0.5521406861359898,0.30485933728672154,0.8032761274389341,883.672707250691,903.2183757063675,0.4646070707865402,0.21585973022484917,0.6247543545324761,885.9469722658243,939.8040059340644,0.4116722460547952,0.16947403817179985,0.5304710817070725,884.8903175316724,959.7805607197325
202425-0188,5,2024/25,2024/25,UCL,League Stage,MAIN_STAGE,0.0,RB Leipzig,Aston Villa,1766.22,1798.8,0.5250484089992418,0.275675831792635,0.7445423938236623,0.6576241602085716,0.8510490999330537,0.7242845704968608,1.9041385570955756,882.8967999014396,752.5917158063382,0.6655279967079683,0.4429275144021214,1.0952021001004202,819.2832855488776,792.0518099391659,0.6601516142437462,0.43580015378862397,1.0792556850720263,820.1013286540866,795.2206710651004,0.6576241602085716,0.4324695360900291,1.0718461985609293,818.2812146484564,794.4994184677665,0.6517287650361201,0.42475038317550623,1.054773691974792,813.902576493587,792.6689876510266
202425-0197,5,2024/25,2024/25,UCL,League Stage,MAIN_STAGE,0.5,Benfica,Bologna,1800.35,1750.21,0.6402506446284966,0.0196702433187088,0.7341216360798091,0.8818562318946026,0.8584129100519862,0.12845981409193313,1.0537551613360623,875.7441172863759,739.6427857066385,0.8926670877594628,0.15418744180949764,1.1726807575065084,877.6777830756095,710.6875458963236,0.8857358477523986,0.1487921442412616,1.1452894495335146,869.8505348712133,709.7368353544107,0.8818562318946026,0.14581418183674452,1.1307896305028402,864.1291023707505,707.707034100412,0.879316722759965,0.14388117616536014,1.1215979165632257,860.0830954486416,706.0209920406285
202425-0878,5,2024/25,2024/25,UECL,League Stage,MAIN_STAGE,1.0,Fiorentina,LASK,1800.94,1438.73,0.9147350897627534,0.0072701049177657,0.0891207750104128,0.817854978255077,0.7411806455690566,0.0669874582280503,0.29951089720401664,805.448880947718,742.6402338449124,0.8011375754139123,0.03954626391225743,0.22172259208773337,787.0039964537438,690.8442628453863,0.8117232925506879,0.035448118567953865,0.2085957696175047,785.3217928175628,682.5342247861347,0.817854978255077,0.03317680894645846,0.2010702462935274,783.6011027354036,676.8428287163737,0.81910297005221,0.03272373544393163,0.19954547647251414,781.6606130658287,674.0815236183071
202425-0459,5,2024/25,2024/25,UEL,League Stage,MAIN_STAGE,0.0,Ajax,Lazio,1692.59,1833.08,0.37264126702587,0.1388615138906457,0.4662367600554796,0.5367475075600869,0.5906089055028301,0.34881887925925087,0.8930843585631801,829.4592208457248,833.6478608478369,0.5597610155418764,0.3133323945204728,0.8204375530247635,841.1106971805324,857.6400132404306,0.530873447513899,0.28182661727529246,0.7568827122095374,823.35256895882,851.2698463639463,0.5367475075600869,0.2880978868719656,0.769483033496737,804.4874826446169,830.0982214919618,0.556543784652136,0.3097409842349232,0.8131562073646423,793.2646015088377,811.0686685786085
202425-0461,5,2024/25,2024/25,UEL,League Stage,MAIN_STAGE,1.0,Bodø/Glimt,Besiktas,1574.36,1479.03,0.697745855052792,0.0913575681377678,0.3599003470307997,0.7681348087835832,0.8070473175863698,0.03723073765061523,0.2143729784950682,773.6113129966586,673.7854729709743,0.8172218442335307,0.033407854225391706,0.20184468581157589,802.0126084418494,695.6690813927629,0.7919755833046551,0.04327415794143848,0.23322471680372853,793.1775139624359,702.5430810669708,0.7681348087835832,0.05376146689782552,0.2637900289681607,779.1109783828135,702.0655529063727,0.75465377713473,0.06019476907425472,0.28149620824150134,769.5340179870209,699.7411338974056
202425-0911,5,2024/25,2024/25,UECL,League Stage,MAIN_STAGE,1.0,Rapid Wien,FC København,1473.16,1604.98,0.3843810560153468,0.3789866841927795,0.95612088505839,0.5061160432783899,0.2854403631374029,0.5105954746332065,1.2537221573890776,687.9037182831531,817.5714147656936,0.4805520093459337,0.26982621499454695,0.7328198163753495,742.3275850691331,789.9329615250145,0.49688740693414674,0.2531222813014469,0.699391823954926,745.8171529535758,787.0337724632195,0.5061160432783899,0.24392136270699324,0.6809893014455453,744.4690912713884,782.0784245707748,0.5131958533518244,0.23697827719385847,0.6670977262580526,742.1243287609848,776.9653330882206
202425-0200,5,2024/25,2024/25,UCL,League Stage,MAIN_STAGE,1.0,Atalanta,Sturm Graz,1911.76,1584.33,0.8977675214913706,0.0104514796620173,0.1078441289498648,0.9109356907110192,0.859315119859749,0.019792235500076805,0.1516195792635307,851.8520906363583,715.0234592307686,0.8839509544250591,0.013467380978854708,0.1233536993032609,858.8020171816478,700.4000330720734,0.8990141913391785,0.010198133550880055,0.10645645894080645,868.2127680388833,694.573873082312,0.9109356907110192,0.00793245118912323,0.09328297618864138,872.9379742838012,685.7365711403351,0.9167346381608225,0.006933120482209164,0.08693722901776135,873.3634946421381,678.9631594551973
202425-0203,5,2024/25,2024/25,UCL,League Stage,MAIN_STAGE,0.5,Club Brugge,Juventus,1752.62,1859.48,0.4188946836943789,0.0065780723330348,0.7064795067342741,0.5498027164186577,0.6871711764396475,0.035033049289801665,0.768635490148612,862.719068308521,825.8234793451725,0.6239614038558133,0.015366429645904053,0.7248651284307607,862.0332795889865,852.5500862224786,0.5924480538532384,0.008546642661251267,0.7105394809282961,851.0212720104366,854.4661281910865,0.5498027164186577,0.0024803105626772415,0.6981325734277373,835.5246584069444,855.9937559253307,0.5204054451844485,0.00041638219317553386,0.6939806392138084,824.2928469151877,856.3126395041054
202425-0214,5,2024/25,2024/25,UCL,League Stage,MAIN_STAGE,1.0,Feyenoord,Bayern München,1734.55,1906.89,0.3308715855120251,0.4477328350751911,1.1060249380588778,0.292639908735163,0.47295079844233817,0.2777808608625688,0.7487639161071542,843.1511235196465,893.7340427898971,0.4777539539003648,0.2727409326667023,0.7386594198094187,852.2126013868507,900.9135472877562,0.40642722941205855,0.35232863398344494,0.900350383456316,836.7190000373225,913.7295140351472,0.292639908735163,0.5003582987141986,1.228812406206897,810.4403586555269,936.6844338591854,0.21757969540836314,0.6121815330372699,1.5251900798965912,791.2505180665229,956.3104113340867
202425-0216,5,2024/25,2024/25,UCL,League Stage,MAIN_STAGE,1.0,Real Madrid,FC Salzburg,1952.22,1556.88,0.9284807572582628,0.0051150020823515,0.074205622950969,0.9181243554874892,0.7870769055271905,0.04533624415987698,0.23942931548234922,895.5104981631449,807.7567581166913,0.8279070999680308,0.029615966241413345,0.18885432899779872,885.4907572019409,771.9915600858013,0.877114580964619,0.015100826211501172,0.13111764410116306,918.6783149181753,766.6282203320912,0.9181243554874892,0.006703621164339046,0.08542243404200027,952.8130039160876,756.6199791918887,0.9366714698218384,0.00401050273452633,0.06542267741193221,971.3073836092668,748.0601097518798
202425-0217,5,2024/25,2024/25,UCL,League Stage,MAIN_STAGE,1.0,Aston Villa,Celtic,1802.28,1685.93,0.7226385376667602,0.0769293807876331,0.3248461297411237,0.6576148001720823,0.5652063225255008,0.1890455419717988,0.5705644418834807,752.5917158063382,766.9588628029653,0.5647962078066248,0.18940234073949455,0.5712903070490433,797.4553675135461,811.985569764433,0.600149954386851,0.1598800589768373,0.5105757310137005,800.0879325593993,800.4063413648508,0.6576148001720823,0.11722762506120314,0.4191359291490235,799.1043349726572,775.326600985915,0.699646947273189,0.09021195628231451,0.35717943220984494,797.0754647365447,754.4449137764217
202425-0227,5,2024/25,2024/25,UCL,League Stage,MAIN_STAGE,0.0,Juventus,Benfica,1859.48,1778.76,0.6797198852562483,0.4620191224127673,1.1385593075170222,0.6418866391994632,0.4746405418784069,0.22528364399462772,0.6436725685420237,825.8234793451725,875.7441172863759,0.6085604966807163,0.37034587812028014,0.937924300857368,856.0210055304414,852.9022066793677,0.6280011692160024,0.394385468536666,0.9888645677676997,857.0546736989771,845.8854262747656,0.6418866391994632,0.4120184575827818,1.0269056924237272,857.388231985053,840.3647243659079,0.6499524930522413,0.4224382432248238,1.0496863995732688,856.8839919692699,836.4142013443047
202425-0230,5,2024/25,2024/25,UCL,League Stage,MAIN_STAGE,1.0,PSV Eindhoven,Liverpool,1810.27,1997.82,0.3117819943592458,0.4736440232881371,1.1654510714305062,0.3067213275180858,0.4681903894036305,0.2828214619226621,0.7588802508262402,842.7117914027818,895.1618709277335,0.3356331955397028,0.4413832508687869,1.0917363952768715,846.0161339141706,952.7383126635003,0.33160990133290463,0.44674532399620953,1.1037959968998743,841.6167074265509,950.1072740574898,0.30672132751808584,0.48063531771828527,1.1818156715835604,833.5586742328591,953.245543831299,0.2872852791657866,0.5079622732937907,1.24727955285545,826.967623497659,955.7531536566742
202425-0231,5,2024/25,2024/25,UCL,League Stage,MAIN_STAGE,1.0,Sturm Graz,RB Leipzig,1584.33,1757.58,0.3297128603289656,0.4492848496083767,1.1095331235111967,0.2856467170592349,0.2127180472317597,0.6198128731545738,1.5477877120831172,715.0234592307686,882.8967999014396,0.3109513934935016,0.47478798212854734,1.1681186700352966,697.150659795975,814.901063853543,0.29862442769579056,0.4919276934250573,1.2085685898024936,691.746270439809,815.1819642082393,0.28564671705923494,0.5103006128482487,1.2529994867562846,683.2427704802436,812.8116272524051,0.2811754269013052,0.5167087668905209,1.2687765094170231,676.6317293237004,808.3519785022322
202425-0486,5,2024/25,2024/25,UEL,League Stage,MAIN_STAGE,1.0,Ajax,Galatasaray,1679.45,1719.1,0.5148904428592888,0.235331282429257,0.6638011332611895,0.6000946545548819,0.7415152811534241,0.06681434987719337,0.2990595091830229,829.4592208457248,766.4800436628552,0.6776329316674388,0.1039205267453302,0.38914953637153904,803.2977964747564,770.7029338197787,0.6376445330384408,0.1313014844369296,0.4499743091546373,786.8493440615591,771.6244839977232,0.6000946545548819,0.15992428531557926,0.5106678786169412,768.3588766780272,768.6998031660534,0.5795815866197723,0.176751642309148,0.5454488381572838,756.9353035331112,765.5629121629169
202425-0490,5,2024/25,2024/25,UEL,League Stage,MAIN_STAGE,0.5,FC Midtjylland,Fenerbahçe,1559.76,1679.44,0.4010456020628602,0.0097919728711018,0.7131249756864996,0.5035161771534058,0.44803334292454944,0.0027005334475974758,0.6985776307720108,750.0555849697562,810.4411493165476,0.545795212364968,0.0020972014755525157,0.6973592755399769,771.390651334189,793.4405981596356,0.5277805161715304,0.0007717570787566639,0.6946930820678914,756.3447014888874,785.4750749281649,0.5035161771534058,1.2363501774132896e-05,0.6931719081749383,738.3064759588141,776.9321026008188,0.48935131151665273,0.00011339456641537274,0.6933740211416448,726.9102987767593,771.0731282256006
202425-0241,5,2024/25,2024/25,UCL,Knockout round play-offs,KNOCKOUT,1.0,Juventus,PSV Eindhoven,1835.3,1814.54,0.600446843422115,0.1596427249313519,0.5100811619096394,0.5672475072542355,0.5588554731271304,0.19460849358988802,0.5818643846454081,825.8234793451725,842.7117914027818,0.5366804463643332,0.21466500878115352,0.6223524335460934,838.9813116233813,864.618404439059,0.5488098400632944,0.20357256042371003,0.6000032725867179,839.470640960929,860.3316301892296,0.5672475072542355,0.187274719977673,0.5669595497712678,839.4154060874681,852.9704770623526,0.5805520299640565,0.17593659956727373,0.5437758522929691,838.6853221638072,846.923635681017
202425-0237,5,2024/25,2024/25,UCL,Knockout round play-offs,KNOCKOUT,1.0,Club Brugge,Atalanta,1733.48,1901.91,0.3358735359114491,0.4410639603027613,1.091020571084046,0.4667043793404879,0.6272782304147773,0.13892151752273987,0.46636508810863325,862.719068308521,851.8520906363583,0.5484963548100548,0.20385554161980796,0.6005746450317706,847.7460097221929,868.7307006477479,0.506646602903738,0.24339757442642201,0.6799415541261029,839.8308581762366,877.2327804661295,0.4667043793404879,0.2844042190146142,0.7620592424396069,828.0734616366093,881.1068434097235,0.44364789686264583,0.3095276626653572,0.8127240562447758,819.0133513274201,881.1333954150972
202425-0245,5,2024/25,2024/25,UCL,Knockout round play-offs,KNOCKOUT,0.0,Celtic,Bayern München,1684.51,1888.25,0.2921430221232116,0.0853475453752832,0.3455132143435164,0.239852961744861,0.2915160875079021,0.08498162927591482,0.34462792654236857,766.9588628029653,893.7340427898971,0.37561321799977565,0.141085289536147,0.4709852596869272,799.7998635830185,889.4602511828658,0.3276394245910394,0.10734759254634739,0.3969605118124425,789.2105400876827,899.4569093576914,0.23985296174486104,0.057529443257781775,0.274243393026595,765.7398153907333,918.454132870776,0.1779525256611223,0.03166710138917239,0.19595713092352637,746.035028300071,935.5683954911995
202425-0516,5,2024/25,2024/25,UEL,Knockout round play-offs,KNOCKOUT,1.0,Fenerbahçe,Anderlecht,1686.0,1623.22,0.6568332875319339,0.1177633925461403,0.4203250407458166,0.6574634336396624,0.7950377559462691,0.042009521487541134,0.22936567369918953,810.4411493165476,717.9805249164817,0.6738761857632298,0.10635674221233937,0.3947088855928877,794.7228641058547,763.8034050099403,0.6649040363572193,0.11228930484968382,0.40811255496917415,786.2529293809678,759.2952305109928,0.6574634336396624,0.11733129929392995,0.4193661307130013,777.0305555611142,753.3185062607178,0.6523860788699426,0.12083543816341377,0.42711874679840883,770.7749649480669,749.2582719270274
202425-0510,5,2024/25,2024/25,UEL,Knockout round play-offs,KNOCKOUT,1.0,AZ Alkmaar,Galatasaray,1613.51,1701.53,0.4455021854214927,0.3074678263723407,0.8085531265356223,0.5853461235891553,0.7196628326740178,0.07858892738435576,0.3289724646058354,818.6059321409675,766.4800436628552,0.6929282687856645,0.09429304811096911,0.3668287933953764,801.202555301438,761.676655906467,0.6383824484340695,0.13076725360053837,0.44881772627888133,777.0156041913294,761.4785309227996,0.5853461235891553,0.17193783722254008,0.5355519424595996,751.1910322866313,757.50245349359,0.5574644601248403,0.19583770405259907,0.5843565263348901,736.3517284902583,753.7911965882705
202425-0927,5,2024/25,2024/25,UECL,Knockout round play-offs,KNOCKOUT,0.0,FC København,1.FC Heidenheim,1587.84,1544.79,0.6307973228626435,0.397905262530678,0.9964095251951236,0.6828251015722364,0.8135510940840547,0.6618653826853624,1.6795980403501456,817.5714147656936,713.6107910697584,0.6938796949248045,0.4814690310289398,1.1837771004539686,775.3884177867006,735.4252084714135,0.6894325140151811,0.4753171913812929,1.1693540550579713,772.9466198573756,735.021070567079,0.6828251015722364,0.46625011933713495,1.1483019271958872,768.2496737825697,733.3222733638929,0.6751331532386342,0.45580477460194113,1.1243398828760272,763.3348169820717,731.8559075341858
202425-0238,5,2024/25,2024/25,UCL,Knockout round play-offs,KNOCKOUT,0.0,Atalanta,Club Brugge,1898.03,1719.32,0.7886089094371518,0.6219040120436539,1.554045351359154,0.6562103833366875,0.5739875038685069,0.3294616545971993,0.8532865995009871,851.8520906363583,862.719068308521,0.5903345316309908,0.3484948592359813,0.8924143831437971,856.0885985824294,860.3881117875113,0.6246597395037795,0.3901997901569297,0.9799223030919149,863.4188853474342,853.6447532949319,0.6562103833366875,0.4306120671988823,1.0677253881668602,866.1745660312572,843.0057390150756,0.6739770855473356,0.4542451118428805,1.1207876103535375,865.5555365272513,834.591210215266
202425-0246,5,2024/25,2024/25,UCL,Knockout round play-offs,KNOCKOUT,0.5,Bayern München,Celtic,1904.63,1685.7,0.8246370498066348,0.1053892141071554,0.9668546904012192,0.8918365675432816,0.8464115496037284,0.1200009616988564,1.0201141131187141,893.7340427898971,766.9588628029653,0.8237794313972515,0.1048331201959275,0.9649356515666195,899.9774212868596,789.2826934790247,0.8488159195866375,0.12167254575707155,1.0265850227529434,908.6308132462406,780.0366361991336,0.8918365675432816,0.15353589566410064,1.1692921578155713,925.1700157996321,759.0239324618772,0.9206316761734799,0.17693100700051123,1.3081755872932836,940.5510662097108,741.0523575815596
202425-0242,5,2024/25,2024/25,UCL,Knockout round play-offs,KNOCKOUT,1.0,PSV Eindhoven,Juventus,1807.65,1845.16,0.5179668158130368,0.2323559906574227,0.6578441009117149,0.5744576617608887,0.6415685421364611,0.12847310998618186,0.4438392539677982,842.7117914027818,825.8234793451725,0.6001735459285094,0.15986119337538182,0.5105364223745624,851.6454569372603,851.95425912518,0.5900718019942951,0.1680411275202044,0.5275110511915932,847.6983057110018,852.1039654391568,0.5744576617608887,0.18108628163401017,0.5543288802124967,840.8534072654712,851.5324758843495,0.5629827823115326,0.19098404855616927,0.5745062333499933,835.1790925200106,850.4298653248136
202425-0511,5,2024/25,2024/25,UEL,Knockout round play-offs,KNOCKOUT,0.5,Galatasaray,AZ Alkmaar,1687.33,1648.5,0.6251220922248615,0.0156555379627267,0.7254815930271334,0.558802783046711,0.46901653824917283,0.0009599749020649701,0.6950708260350296,766.4800436628552,818.6059321409675,0.4573222819900029,0.00182138761454083,0.6968032904065578,753.0786474324656,809.8005637754394,0.5107753093470864,0.0001161072915254069,0.6933794490833103,751.3532394789535,787.1408956351755,0.558802783046711,0.0034577672940385683,0.7001109853693275,745.8921449540863,762.801340826135,0.5827827017450777,0.0068529757082144965,0.7070444901828137,741.4002014717661,748.7427236067628
202425-0928,5,2024/25,2024/25,UECL,Knockout round play-offs,KNOCKOUT,0.0,1.FC Heidenheim,FC København,1554.88,1572.77,0.5460788856064707,0.2982021493052049,0.7898318528807045,0.6090284737303686,0.3419639101892366,0.11693931587191228,0.4184955014241796,713.6107910697584,817.5714147656936,0.5982143806401873,0.3578604452047229,0.9118366177848244,754.853839929308,755.9597863288061,0.6026058497273535,0.3631338101256258,0.9228266689711341,754.3251809595041,753.6425094649505,0.6090284737303686,0.3709156818143423,0.9391205444883004,752.4413762079155,749.1305709385472,0.6163567820427674,0.37989568277011554,0.9580422781968925,750.7596358248676,744.43108869139
202425-0517,5,2024/25,2024/25,UEL,Knockout round play-offs,KNOCKOUT,0.5,Anderlecht,Fenerbahçe,1605.39,1698.83,0.4378085487159449,0.003867776612817,0.7009431970019011,0.4925962027042274,0.36891672251498014,0.017182825636214715,0.7287508964028181,717.9805249164817,810.4411493165476,0.4765247825148121,0.0005510858359768709,0.6942505688024485,754.6719382113107,803.8543309044843,0.48536211494867576,0.00021426767877578165,0.6935758996650467,749.912543528995,795.6356163629656,0.4925962027042274,5.4816214396889936e-05,0.6932568250097658,743.7274824026283,786.6215794192036,0.49748490085336916,6.3257237173831755e-06,0.6931598321674419,739.5250821353858,780.5081547397085
202425-0253,5,2024/25,2024/25,UCL,Round of 16,KNOCKOUT,0.0,Club Brugge,Aston Villa,1734.02,1783.92,0.500143911564338,0.2501439322748763,0.6934350451176478,0.7208229676168426,0.8229349557057232,0.6772219413223806,1.7312381320246701,862.719068308521,752.5917158063382,0.7498543767233808,0.56228158629121,1.3857120375966727,876.9174786731791,809.6410736949606,0.7353330662251005,0.5407147182840081,1.3292830971785594,871.1352260010377,811.2837338365674,0.7208229676168426,0.5195857506439517,1.275909173715618,861.3796297485029,808.6911205678389,0.7110180267729134,0.5055466343960473,1.2413909691920548,853.4625686105913,805.4853502128955
202425-0257,5,2024/25,2024/25,UCL,Round of 16,KNOCKOUT,0.0,PSV Eindhoven,Arsenal,1818.07,1979.18,0.34533683572035,0.119257530105344,0.4236344286284812,0.4636162401572285,0.5535985320349791,0.3064713346712838,0.8065365794683351,842.7117914027818,861.6811953573786,0.4840987495664473,0.23435159933179783,0.6618399069439047,862.840597651262,909.0579370740925,0.4755903428779534,0.22618617423876924,0.645482111697613,859.1762952551616,908.7247672416505,0.4636162401572285,0.214940018137525,0.6229054042395628,852.7685927361663,907.0149131454403,0.4555683387002268,0.20754251122608455,0.6080128517405946,847.4155746152877,904.8282885942186
202425-0935,5,2024/25,2024/25,UECL,Round of 16,KNOCKOUT,1.0,Panathinaikos,Fiorentina,1535.33,1749.13,0.2803131944171434,0.5179490981300564,1.2718477494357034,0.3846716986651334,0.24625572409417587,0.5681304334607952,1.4013847541476099,656.1354000709096,805.448880947718,0.37710516840455904,0.3879979712283128,0.9752311691512885,704.3195514932155,793.3588061049053,0.38447148223184197,0.3788753561858656,0.9558856612347989,705.5491990675206,791.5356096055573,0.3846716986651334,0.37862891842365237,0.9553650392159434,703.941933477148,789.8456808903127,0.3830642508422779,0.3806097185887998,0.9595525471027346,701.4815733678394,788.0494438027534
202425-0943,5,2024/25,2024/25,UECL,Round of 16,KNOCKOUT,0.0,FC København,Chelsea,1607.76,1835.33,0.2646039364675025,0.0700152431940981,0.3073460629542885,0.3615779694386368,0.5423938076355171,0.29419104256135437,0.781746306743068,817.5714147656936,840.9612780313157,0.37234097998307647,0.13863780537475776,0.4657582217275422,772.7097889867314,863.7359497995309,0.36751398695096477,0.1350665306045939,0.45809717238144043,770.5154732573164,863.5653103224098,0.36157796943863685,0.1307386279833678,0.4487557244172691,766.1833682029975,861.7371965253378,0.3548069529878076,0.12588797388849232,0.4382057092736627,761.6890785885874,860.1210288264468
202425-0254,5,2024/25,2024/25,UCL,Round of 16,KNOCKOUT,1.0,Aston Villa,Club Brugge,1783.92,1734.02,0.6399323706907476,0.1296486976763852,0.4463927790076782,0.5703414366903353,0.32790779266260606,0.45170793516365054,1.1150228300506873,752.5917158063382,862.719068308521,0.5375774027560821,0.21383465844181068,0.6206825242204675,830.6369962432152,855.9215561249245,0.5543484269998359,0.1986053245175206,0.5899618603255982,831.8730596908703,850.5459001467349,0.5703414366903353,0.18460648102532512,0.5615200857520289,828.8741636611105,841.1965866552313,0.5807466560945397,0.17577336637591018,0.5434406652568657,825.393854962537,833.5540638609498
202425-0258,5,2024/25,2024/25,UCL,Round of 16,KNOCKOUT,0.5,Arsenal,PSV Eindhoven,1979.18,1818.07,0.7712260013618867,0.0735635438147581,0.8673972445227431,0.7738505122462597,0.6464511270340039,0.02144793260952994,0.7379956142819784,861.6811953573786,842.7117914027818,0.7612881014232943,0.06827147194538973,0.8526206547748661,922.612702061953,849.2858326634015,0.7665564901893654,0.07105236246207328,0.8603310218285207,922.0412968422332,845.8597656545788,0.7738505122462597,0.07499410305753881,0.8714678044061419,919.9961678698428,839.7873380117638,0.7786771962159501,0.07766097969078316,0.8791458469131209,917.584202077825,834.6596611316813
202425-0936,5,2024/25,2024/25,UECL,Round of 16,KNOCKOUT,1.0,Fiorentina,Panathinaikos,1749.13,1535.33,0.8203255790997982,0.0322828975258228,0.1980539698437304,0.7182556491447665,0.8740639771985599,0.015859881839044847,0.13460170554960607,805.448880947718,656.1354000709096,0.7238374182401706,0.07626577156425449,0.32318847225564534,775.917750820233,721.7606067778878,0.7184035962439352,0.07929653460834864,0.33072375609919447,774.3008111080488,722.783997565029,0.7182556491447665,0.07937987923883692,0.3309297160025837,772.6164884529364,721.1711259145243,0.719443061853961,0.07871219554188034,0.3292778914998546,770.7752428263373,718.7557743442555
202425-0944,5,2024/25,2024/25,UECL,Round of 16,KNOCKOUT,1.0,Chelsea,FC København,1835.33,1607.76,0.8317136699432439,0.0283202888839714,0.1842670440958269,0.8312391218383736,0.6567205110417035,0.11784080753946923,0.4204967527695343,840.9612780313157,817.5714147656936,0.8255293122044404,0.03044002089985564,0.19173050782784462,874.161497239057,762.2842415472053,0.8280986394346551,0.029550077764216708,0.18862300194026382,873.8557019570368,760.2250816226895,0.8312391218383736,0.028480233997883322,0.18483777360792958,871.8613796696196,756.0591850587157,0.8347962602322124,0.027292275633262877,0.18056758362595812,870.0556235101054,751.7544839049289
202425-0269,5,2024/25,2024/25,UCL,Quarter Finals,KNOCKOUT,1.0,Arsenal,Real Madrid,1998.97,1964.24,0.6195750888626373,0.1447231130138702,0.4787213764403186,0.4532031266199177,0.5157820394439585,0.23446703332505214,0.6620710069167247,861.6811953573786,895.5104981631449,0.5900136090436731,0.16808884076939415,0.527609676172675,915.2966352221007,919.7258029211432,0.5251043015265692,0.22552592442856773,0.6441583665482823,914.577715116931,944.7570635935513,0.45320312661991774,0.2989868207382338,0.7914148508672696,912.3283535269475,970.6733066984918,0.41097863293348663,0.34694617086090435,0.8892140538337081,909.7812405837784,984.9513969673689
202425-0536,5,2024/25,2024/25,UEL,Quarter Finals,KNOCKOUT,1.0,Bodø/Glimt,Lazio,1639.52,1772.71,0.3825165999566705,0.3812857493290706,0.960983228077707,0.4563684158586624,0.4489167939094896,0.303692700034996,0.8009177226454495,773.6113129966586,833.6478608478369,0.42921560631675676,0.32579482407234767,0.8457959074776211,801.0674400934931,868.9216718562977,0.4351449269756727,0.3190612535213182,0.8320761379194248,796.3950045777746,861.8882040524625,0.45636841585866245,0.2955352992760201,0.784454866152505,786.5610165861763,843.6585641521089,0.4774278123480837,0.2730816913073096,0.7393423088185681,779.2157076378061,828.0443874478966
202425-0949,5,2024/25,2024/25,UECL,Quarter Finals,KNOCKOUT,0.0,Djurgårdens IF,Rapid Wien,1480.54,1460.63,0.5992723883973254,0.3591273954954349,0.9144733552971572,0.5567014941228241,0.6404960012070886,0.4102351275622709,1.0230299786759123,704.3365751598301,687.9037182831531,0.5635876005418436,0.31763098348451274,0.8291676123696777,745.6570330215633,760.6675546586242,0.5548885712007124,0.3079013264491681,0.8094306263650423,743.7377685040303,762.1969357539074,0.5567014941228241,0.3099165535585848,0.8135119076920858,741.7291856746059,759.4708088145029,0.5599717073242493,0.3135683130036347,0.8209162526012882,739.9064351921409,756.3522014362236
202425-0270,5,2024/25,2024/25,UCL,Quarter Finals,KNOCKOUT,0.0,Real Madrid,Arsenal,1940.91,2000.47,0.4862455251765571,0.2364347107542259,0.666009803091002,0.6666497904666306,0.680386330643421,0.4629255589264186,1.1406422958025746,895.5104981631449,861.6811953573786,0.5547093500563574,0.3077024630399464,0.809028064082105,908.2461839743661,926.7762541688778,0.6096968816763698,0.3717302875258893,0.9408316152716804,931.4599840362952,927.8747946741871,0.6666497904666306,0.4444219431292025,1.0985616613495859,955.3629942438496,927.6386659815897,0.6986878216077984,0.48816467206305075,1.1996084141731764,968.4587986895065,926.2738388616408
202425-0537,5,2024/25,2024/25,UEL,Quarter Finals,KNOCKOUT,1.0,Lazio,Bodø/Glimt,1772.65,1655.78,0.7232381031462587,0.0765971475500809,0.3240167844194826,0.6642116143979654,0.7357014714209203,0.06985371220906658,0.3069308520174824,833.6478608478369,773.6113129966586,0.6849553969043016,0.09925310193972613,0.3784015568482396,852.939708833167,817.0494031166239,0.6804575682136531,0.10210736571193216,0.38498981267209204,846.0722620077813,812.2109466224557,0.6642116143979654,0.11275383990522068,0.4091544838961302,828.4368797961514,801.7827009421337,0.6478420945115926,0.12401519039798209,0.4341082936342475,813.4123661936429,793.8477288920598
202425-0950,5,2024/25,2024/25,UECL,Quarter Finals,KNOCKOUT,0.0,Rapid Wien,Djurgårdens IF,1477.96,1465.98,0.5882620867123409,0.3460522826631577,0.8873682648478701,0.7129899257650166,0.5600042596015467,0.31360477077187643,0.8209902330292965,687.9037182831531,704.3365751598301,0.7080530707390273,0.5013391509829661,1.2311832423384836,776.4480074737959,729.8765802063916,0.714278248391925,0.5101934161258365,1.2527368382085045,777.7338157475274,728.2008885104103,0.7129899257650166,0.5083546342424039,1.2482379619745183,775.058450649942,726.1415438391668,0.7106540408680786,0.5050291658021288,1.2401322163892632,772.0314092413025,724.2272273870619
202425-0955,5,2024/25,2024/25,UECL,Semi Finals,KNOCKOUT,0.0,Djurgårdens IF,Chelsea,1465.98,1849.31,0.1279952494047193,0.0163827838701763,0.1369604071576297,0.321914992297195,0.27114336784662463,0.07351872592721,0.31627823002711364,704.3365751598301,840.9612780313157,0.32158131066356865,0.10341453936809865,0.38799064574412756,749.7020661870844,862.6486417719988,0.32058760923948837,0.1027764151978909,0.38652698562314997,748.2006794653843,861.5926937701347,0.32191499229719506,0.10362926226570315,0.3884826188085358,746.1052617605873,858.9024230624823,0.3224314453024454,0.10396203691982384,0.3892445436019476,744.1255405313682,856.6916073659493
202425-0956,5,2024/25,2024/25,UECL,Semi Finals,KNOCKOUT,1.0,Chelsea,Djurgårdens IF,1865.62,1495.58,0.9181854741390691,0.0066936166418489,0.0853558672234638,0.8517215387231921,0.8590626342239591,0.01986334107188954,0.15191344437788845,840.9612780313157,704.3365751598301,0.8518904168825969,0.02193644861121093,0.16029737910731134,871.6529184705787,740.6977894885044,0.8523930170116427,0.021787821426925195,0.15970757094087568,870.5691468288404,739.2242264066786,0.8517215387231921,0.021986502078617815,0.16049563805871428,867.9160428468037,737.0916419762658,0.851460052845898,0.02206411590054342,0.160802693842599,865.7196878344178,735.0974600628997
