season,team_id,team_name,competition,european_exposure,ao_first_elo,ao_first_elo_rank
2018/19,209,FC Barcelona,UCL,1.0,900.5272966200387,1
2018/19,59,Manchester City,UCL,1.0,898.4857861260135,2
2018/19,119,Juventus,UCL,1.0,897.8954929108318,3
2018/19,86,Bayern München,UCL,1.0,896.8657887479766,4
2018/19,208,Atlético Madrid,UCL,1.0,896.1550168055629,5
2018/19,78,Paris Saint-Germain,UCL,1.0,895.7767533971928,6
2018/19,211,Real Madrid,UCL,1.0,895.2928771238353,7
2018/19,212,Sevilla,UEL,1.0,891.8443183969249,8
2018/19,55,Arsenal,UEL,1.0,884.7513879453472,9
2018/19,60,Manchester United,UCL,0.8700000000000001,881.4790169028872,10
2018/19,231,Shakhtar Donetsk,UEL,1.0,874.4800562125066,11
2018/19,175,FC Porto,UCL,1.0,874.1504515554836,12
2018/19,87,Borussia Dortmund,UCL,1.0,869.6272979273408,13
2018/19,116,AS Roma,UCL,0.9300000000000002,868.9472944070109,14
2018/19,188,Zenit St. Petersburg,UEL,1.0,859.9109148984955,15
2018/19,121,Napoli,UEL,1.0,857.8863353445417,16
2018/19,61,Tottenham Hotspur,UCL,1.0,855.9206892044101,17
2018/19,225,Besiktas,UEL,0.9813333333333334,850.7742454758431,18
2018/19,174,Benfica,UEL,1.0,845.3842668753484,19
2018/19,76,Olympique Lyon,UCL,0.9826666666666667,845.1344099233153,20
2018/19,219,FC Basel,UEL,1.0,842.5184347705047,21
2018/19,74,AS Monaco,UCL,0.9300000000000002,839.6083729309017,22
2018/19,58,Liverpool,UCL,0.66,836.4986191235561,23
2018/19,57,Chelsea,UEL,0.73,835.4428603935345,24
2018/19,229,Dinamo Kiev,UEL,1.0,835.1457861084066,25
2018/19,214,Villarreal,UEL,0.9300000000000002,830.174391223012,26
2018/19,13,FC Salzburg,UEL,0.9733333333333334,827.6948549325301,27
2018/19,183,CSKA Moscow,UCL,1.0,818.8358824023634,28
2018/19,26,Anderlecht,UEL,1.0,813.6513113834877,29
2018/19,178,Sporting CP Lisbon,UEL,0.9300000000000002,812.3669566356398,30
2018/19,154,Ajax,UCL,0.956,811.8990640876307,31
2018/19,90,Schalke 04,UCL,0.67,803.3426187696186,32
2018/19,85,Bayer Leverkusen,UEL,0.67,803.1296009622711,33
2018/19,97,Olympiakos Piraeus,UEL,1.0,798.288325301266,34
2018/19,120,Lazio,UEL,0.6000000000000001,782.8412297496808,35
2018/19,177,Sporting Braga,UEL,0.8513333333333335,780.993537392141,36
2018/19,52,FC København,UEL,0.9733333333333334,780.6019208527775,37
2018/19,50,Viktoria Plzen,UEL,0.9653333333333334,778.661609960878,38
2018/19,77,Olympique Marseille,UEL,0.6000000000000001,773.5153923618954,39
2018/19,156,PSV Eindhoven,UCL,0.912,771.7625427005764,40
2018/19,49,Sparta Praha,UEL,0.8933333333333333,771.7481447313537,41
2018/19,36,Ludogorets Razgrad,UEL,0.9466666666666667,766.1285415011839,42
2018/19,193,Celtic,UEL,1.0,765.0678904803888,43
2018/19,186,Lokomotiv Moscow,UCL,0.6253333333333334,762.3428859646426,44
2018/19,43,APOEL Nicosia,UEL,1.0,759.9122417450245,45
2018/19,25,AA Gent,UEL,0.712,753.6092150976556,46
2018/19,226,Fenerbahçe,UEL,0.8166666666666667,750.4268684854161,47
2018/19,122,FK Astana,UEL,0.9813333333333334,749.2449559049624,48
2018/19,180,FCSB,UEL,1.0,749.1083534178272,49
2018/19,213,Valencia,UEL,0.27,744.5604222968213,50
2018/19,185,FK Krasnodar,UEL,0.8860000000000001,744.0426861437579,51
2018/19,27,Club Brugge,UEL,0.9373333333333334,743.2178862264032,52
2018/19,98,PAOK Thessaloniki,UEL,0.956,741.4111036689726,53
2018/19,223,Young Boys,UCL,0.9033333333333333,734.9321753687478,54
2018/19,173,Legia Warsaw,UEL,1.0,733.5809814833615,55
2018/19,115,AC Milan,UEL,0.4,733.3318798729559,56
2018/19,20,Qarabag FK,UEL,1.0,731.0537940715767,57
2018/19,89,RB Leipzig,UEL,0.33,729.2130880719955,58
2018/19,210,Real Betis,UEL,0.07,727.2683553069807,59
2018/19,155,Feyenoord,UEL,0.7813333333333334,725.9013660054194,60
2018/19,21,BATE Borisov,UEL,0.9813333333333334,721.9664843571258,61
2018/19,187,Spartak Moscow,UEL,0.5793333333333334,720.9595562776638,62
2018/19,56,Burnley FC,UEL,0.0,720.7396445717496,63
2018/19,227,Galatasaray,UEL,0.642,719.4917933570773,64
2018/19,205,NK Maribor,UEL,0.9466666666666667,718.0462452964107,65
2018/19,79,Stade Rennais,UEL,0.0,715.9513101254463,66
2018/19,196,Partizan Belgrade,UEL,0.928,715.6633400251175,67
2018/19,117,Atalanta,UEL,0.33,715.4255879976778,68
2018/19,114,Maccabi Tel-Aviv,UEL,1.0,714.2301408398912,69
2018/19,118,Internazionale,UEL,0.4,711.6044150752621,70
2018/19,28,Racing Genk,UEL,0.34,708.4138014935085,71
2018/19,15,Rapid Wien,UEL,0.6353333333333334,708.156757774125,72
2018/19,94,AEK Athens,UCL,0.528,707.2159946148184,73
2018/19,38,Dinamo Zagreb,UEL,0.956,706.4838290714468,74
2018/19,88,Eintracht Frankfurt,UEL,0.07,701.4326942878818,75
2018/19,184,FC Ufa,UEL,0.0,699.5404668295317,76
2018/19,198,Red Star Belgrade,UCL,0.8073333333333335,697.7486846481846,77
2018/19,153,AZ Alkmaar,UEL,0.54,696.1326839339343,78
2018/19,84,1899 Hoffenheim,UCL,0.33,693.6383076347119,79
2018/19,147,Sheriff Tiraspol,UEL,0.8746666666666667,691.4851959867001,80
2018/19,41,NK Rijeka,UEL,0.8746666666666667,688.6580668807204,81
2018/19,112,Hapoel Beer-Sheva,UEL,0.8420000000000001,687.0123989649105,82
2018/19,29,Standard Liège,UEL,0.6433333333333334,683.3463219221941,83
2018/19,228,Istanbul Basaksehir,UEL,0.7106666666666667,681.8497360989121,84
2018/19,47,Sigma Olomouc,UEL,0.0,681.8170017058316,85
2018/19,224,Akhisarspor,UEL,0.0,681.7984875625981,86
2018/19,218,Malmö FF,UEL,0.642,679.7537057750545,87
2018/19,53,FC Midtjylland,UEL,0.8953333333333335,679.4478185912378,88
2018/19,14,LASK Linz,UEL,0.0,678.8900735606852,89
2018/19,48,Slavia Praha,UEL,0.6000000000000001,678.3920848861975,90
2018/19,54,FC Nordsjælland,UEL,0.060666666666666674,675.0488775346132,91
2018/19,217,Djurgårdens IF,UEL,0.0,671.6993644954721,92
2018/19,179,CFR Cluj,UEL,0.11266666666666666,670.7920233262658,93
2018/19,44,Anorthosis Famagusta,UEL,0.051333333333333335,669.6834848328738,94
2018/19,113,Hapoel Haifa,UEL,0.0,668.9645255535654,95
2018/19,168,Rosenborg BK,UEL,0.9906666666666667,668.5604649987613,96
2018/19,167,Molde FK,UEL,0.3826666666666667,666.8571895829648,97
2018/19,197,Radnicki Nis,UEL,0.0,666.8458025921111,98
2018/19,222,FC Zürich,UEL,0.5980000000000001,666.0565615486363,99
2018/19,169,Sarpsborg 08,UEL,0.0,664.4612114014737,100
2018/19,233,Zorya Luhansk,UEL,0.9033333333333333,662.5732790850142,101
2018/19,199,Spartak Subotica,UEL,0.0,661.2462516267672,102
2018/19,75,Girondins Bordeaux,UEL,0.512,660.7135294807189,103
2018/19,176,Rio Ave,UEL,0.328,658.4049000320817,104
2018/19,170,Górnik Zabrze,UEL,0.0,657.5108027349368,105
2018/19,46,FK Jablonec,UEL,0.23399999999999999,654.78460985918,106
2018/19,45,Apollon Limassol,UEL,0.928,653.8438986351102,107
2018/19,34,CSKA Sofia,UEL,0.09533333333333334,653.822988178303,108
2018/19,95,Asteras Tripolis,UEL,0.38133333333333336,651.7440415934623,109
2018/19,157,Vitesse Arnhem,UEL,0.528,650.9795724023245,110
2018/19,221,FC Sankt Gallen,UEL,0.07,650.8738639149448,111
2018/19,166,Lillestrøm SK,UEL,0.0,648.555152207904,112
2018/19,125,Tobol Kustanai,UEL,0.0,647.122902161501,113
2018/19,230,FC Mariupol,UEL,0.0,645.381655618098,114
2018/19,201,DAC Dunajska Streda,UEL,0.0,642.1665870137145,115
2018/19,96,Atromitos FC,UEL,0.32,641.0388307609022,116
2018/19,12,Admira Wacker,UEL,0.27,639.4924690077879,117
2018/19,172,Lech Poznan,UEL,0.7033333333333334,635.3473223679214,118
2018/19,232,Vorskla Poltava,UEL,0.3446666666666667,634.0602899327052,119
2018/19,16,Sturm Graz,UEL,0.48400000000000004,632.7425527302513,120
2018/19,39,Hajduk Split,UEL,0.9906666666666667,631.9175572430433,121
2018/19,22,Dinamo Minsk,UEL,1.0,631.306153628453,122
2018/19,181,Universitatea Craiova,UEL,0.24200000000000002,631.2565938890231,123
2018/19,216,BK Häcken,UEL,0.2586666666666667,629.8012714779421,124
2018/19,40,NK Osijek,UEL,0.33,628.5305375149153,125
2018/19,146,Petrocub Hîncesti,UEL,0.0,627.9726624535087,126
2018/19,207,Rudar Velenje,UEL,0.09533333333333334,627.5828503715177,127
2018/19,102,Újpest TE,UEL,0.0,627.3248597419799,128
2018/19,23,Dynamo Brest,UEL,0.24200000000000002,626.9491254112024,129
2018/19,194,Glasgow Rangers,UEL,0.24200000000000002,626.6032582371562,130
2018/19,73,KuPS Kuopio,UEL,0.0,626.5470013116525,131
2018/19,3,Luftëtari Gjirokastër,UEL,0.0,626.2468316227108,132
2018/19,17,Gabala FK,UEL,0.8513333333333335,623.2821002747487,133
2018/19,109,Dundalk,UEL,0.7713333333333334,622.7306919071955,134
2018/19,195,Hibernian,UEL,0.24933333333333335,622.5319985732671,135
2018/19,71,HJK Helsinki,UEL,0.9373333333333334,621.0554950848011,136
2018/19,37,Slavia Sofia,UEL,0.198,620.9700150958193,137
2018/19,51,Brøndby IF,UEL,0.8513333333333335,620.4400749491418,138
2018/19,72,Ilves Tampere,UEL,0.0,620.3134717435867,139
2018/19,42,AEK Larnaca,UEL,0.7466666666666667,619.98479991669,140
2018/19,158,FK Shkupi,UEL,0.0,619.8158300963455,141
2018/19,161,Vardar Skopje,UEL,0.726,616.1746717118564,142
2018/19,206,Olimpija Ljubljana,UEL,0.49133333333333334,615.6772256022367,143
2018/19,182,Viitorul Constanta,UEL,0.48400000000000004,614.3931305877027,144
2018/19,220,FC Luzern,UEL,0.5353333333333333,613.2919765197863,145
2018/19,203,Spartak Trnava,UEL,0.6000000000000001,611.0410811737378,146
2018/19,143,Gzira United,UEL,0.0,610.2832070412876,147
2018/19,123,Irtysh Pavlodar,UEL,0.3466666666666667,609.7072322955859,148
2018/19,101,Videoton Fehérvár,UEL,0.8513333333333335,609.3246299650168,149
2018/19,171,Jagiellonia Bialystok,UEL,0.45933333333333337,609.0056863281027,150
2018/19,103,FH Hafnarfjardar,UEL,0.9013333333333333,604.7714938318616,151
2018/19,160,Shkendija Tetovo,UEL,0.8420000000000001,604.6449276077449,152
2018/19,134,Stumbras Kaunas,UEL,0.0,604.4312429897918,153
2018/19,215,AIK Stockholm,UEL,0.9126666666666667,603.6931239296869,154
2018/19,130,Riga FC,UEL,0.0,603.2439805729641,155
2018/19,192,Aberdeen,UEL,0.8860000000000001,602.7545191034355,156
2018/19,136,Zalgiris Vilnius,UEL,0.752,602.6738835432076,157
2018/19,104,IBV Vestmannaeyjar,UEL,0.060666666666666674,602.2095597045707,158
2018/19,200,AS Trencín,UEL,0.876,601.8617151704615,159
2018/19,111,Beitar Jerusalem,UEL,0.7293333333333333,600.891458816111,160
2018/19,237,The New Saints,UEL,0.84,600.1840469936968,161
2018/19,19,Neftchi Baku,UEL,0.562,598.010650921151,162
2018/19,100,Honvéd Budapest,UEL,0.30266666666666664,597.2902083818215,163
2018/19,33,Zrinjski Mostar,UEL,0.7426666666666667,597.2492211507895,164
2018/19,204,NK Domzale,UEL,0.798,596.8417548009371,165
2018/19,35,Levski Sofia,UEL,0.5353333333333333,596.0337523732849,166
2018/19,135,Suduva Marijampole,UEL,0.5793333333333334,595.6993051121333,167
2018/19,1,FK Kukësi,UEL,0.8413333333333334,593.3582693506913,168
2018/19,202,Slovan Bratislava,UEL,0.8833333333333333,593.2176091954194,169
2018/19,70,FC Lahti,UEL,0.14666666666666667,593.0161129948192,170
2018/19,145,Milsami Orhei,UEL,0.512,592.7183628088084,171
2018/19,138,F91 Dudelange,UEL,0.7333333333333333,592.5164932992459,172
2018/19,8,Alashkert FC,UEL,0.6933333333333334,590.9031170464835,173
2018/19,140,Racing Union Luxembourg,UEL,0.0,590.807493509222,174
2018/19,83,Torpedo Kutaisi,UEL,0.29333333333333333,590.2830777181717,175
2018/19,106,Valur Reykjavik,UEL,0.48400000000000004,588.9882391046856,176
2018/19,235,Cefn Druids,UEL,0.0,588.3502245762699,177
2018/19,105,Stjarnan FC,UEL,0.5186666666666667,587.9335470190049,178
2018/19,18,Kesla FK,UEL,0.6593333333333333,587.3389967883436,179
2018/19,124,Kairat Almaty,UEL,0.8326666666666667,586.9216131483452,180
2018/19,2,KF Laçi,UEL,0.31066666666666665,586.8901466483222,181
2018/19,65,Trans Narva,UEL,0.051333333333333335,586.8524866757745,182
2018/19,131,Spartaks Jurmala,UEL,0.6133333333333333,586.7049098263942,183
2018/19,81,Dinamo Tbilisi,UEL,0.5820000000000001,584.9000648165813,184
2018/19,159,Rabotnicki Skopje,UEL,0.7793333333333334,582.8526998451122,185
2018/19,107,Cork City,UEL,0.7026666666666667,582.7703331186326,186
2018/19,152,Sutjeska Niksic,UEL,0.5353333333333333,582.5938889266976,187
2018/19,128,FK Liepaja,UEL,0.48400000000000004,582.1996369546514,188
2018/19,163,Coleraine,UEL,0.24200000000000002,581.4277905291617,189
2018/19,99,Ferencváros,UEL,0.77,580.6909374906827,190
2018/19,144,Valletta FC,UEL,0.8226666666666667,580.6176086740071,191
2018/19,92,Lincoln Red Imps,UEL,0.7446666666666667,580.4935326572763,192
2018/19,164,Crusaders Belfast,UEL,0.7773333333333333,580.0443335054764,193
2018/19,9,Banants Yerevan,UEL,0.29333333333333333,578.8600119024265,194
2018/19,30,FK Sarajevo,UEL,0.5793333333333334,578.5637527224535,195
2018/19,32,Zeljeznicar Sarajevo,UEL,0.65,578.4493190378448,196
2018/19,63,Kalju Nomme,UEL,0.912,578.4376056696317,197
2018/19,137,CS Fola Esch,UEL,0.8213333333333334,578.2832929459305,198
2018/19,24,Shakhtior Saligorsk,UEL,0.8306666666666667,578.1826210978666,199
2018/19,108,Derry City,UEL,0.406,578.1709719555965,200
2018/19,4,Partizani Tirana,UEL,0.6586666666666666,576.7627140073251,201
2018/19,149,Buducnost Podgorica,UEL,0.7353333333333334,575.8421808615824,202
2018/19,69,Víkingur,UEL,0.8213333333333334,575.1203713583487,203
2018/19,93,St Joseph's FC,UEL,0.24200000000000002,574.6854094676522,204
2018/19,142,Birkirkara,UEL,0.5900000000000001,574.6690359358723,205
2018/19,132,FC Vaduz,UEL,0.8839999999999999,574.2699495398095,206
2018/19,150,OFK Titograd,UEL,0.7273333333333334,573.9958326716106,207
2018/19,82,Samtredia,UEL,0.44000000000000006,573.7946768204125,208
2018/19,129,FK Ventspils,UEL,0.788,572.1861428046811,209
2018/19,139,Progrès Niederkorn,UEL,0.4326666666666667,571.9964353404706,210
2018/19,10,Gandzasar Kapan,UEL,0.29333333333333333,571.8799412473508,211
2018/19,148,Zaria Balti,UEL,0.48400000000000004,571.7401840929779,212
2018/19,133,FK Trakai,UEL,0.7013333333333334,571.1104135311003,213
2018/19,7,UE Engordany,UEL,0.0,570.7181004092447,214
2018/19,62,Flora Tallinn,UEL,0.638,570.6066188224768,215
2018/19,162,Cliftonville,UEL,0.3806666666666667,569.1514260191541,216
2018/19,151,Rudar Pljevlja,UEL,0.4053333333333333,568.2007474829542,217
2018/19,110,Shamrock Rovers,UEL,0.6573333333333333,567.8633102299096,218
2018/19,31,Siroki Brijeg,UEL,0.6573333333333333,567.516380666283,219
2018/19,5,FC Santa Coloma,UEL,0.7506666666666666,567.4799362705412,220
2018/19,67,KI Klaksvik,UEL,0.24200000000000002,566.7611355822817,221
2018/19,64,Levadia Tallinn,UEL,0.796,566.2891344267863,222
2018/19,236,Connah's Quay,UEL,0.47600000000000003,565.1181103725229,223
2018/19,126,FC Drita,UEL,0.0,564.0,224
2018/19,165,Glenavon,UEL,0.44000000000000006,563.5542089578875,225
2018/19,141,Balzan FC,UEL,0.5866666666666667,562.3987132411651,226
2018/19,91,Europa FC,UEL,0.7180000000000001,560.8016092861974,227
2018/19,66,B36 Torshavn,UEL,0.682,557.253370746798,228
2018/19,80,Chikhura Sachkhere,UEL,0.6306666666666667,556.6837047393416,229
2018/19,11,Pyunik Yerevan,UEL,0.7693333333333333,552.2886053244774,230
2018/19,190,La Fiorita,UEL,0.7333333333333333,551.6310230619986,231
2018/19,191,Tre Fiori,UEL,0.0,551.5259444210608,232
2018/19,234,Bala Town,UEL,0.638,551.341718750109,233
2018/19,68,NSI Runavik,UEL,0.5866666666666667,549.8351931904116,234
2018/19,189,Folgore,UEL,0.682,544.1641692243095,235
2018/19,6,Sant Julià,UEL,0.48400000000000004,542.8543561923273,236
2018/19,127,FC Prishtina,UEL,0.24200000000000002,540.7945718978102,237
2019/20,210,FC Barcelona,UCL,1.0,900.2705400708853,1
2019/20,58,Manchester City,UCL,1.0,899.5574407720409,2
2019/20,118,Juventus,UCL,1.0,897.4430790331603,3
2019/20,85,Bayern München,UCL,1.0,897.0365101130467,4
2019/20,208,Atlético Madrid,UCL,1.0,895.9177746703149,5
2019/20,77,Paris Saint-Germain,UCL,1.0,895.5550979323328,6
2019/20,212,Real Madrid,UCL,1.0,895.0594829011883,7
2019/20,55,Arsenal,UEL,1.0,892.7160589980099,8
2019/20,57,Liverpool,UCL,0.8,887.011831283592,9
2019/20,213,Sevilla,UEL,1.0,885.0507701120873,10
2019/20,60,Tottenham Hotspur,UCL,1.0,884.512424560734,11
2019/20,59,Manchester United,UEL,0.9300000000000002,883.5388157778419,12
2019/20,175,FC Porto,UEL,1.0,883.0374040893356,13
2019/20,56,Chelsea,UCL,0.8,878.0984397942847,14
2019/20,115,AS Roma,UEL,1.0,875.936811897545,15
2019/20,86,Borussia Dortmund,UCL,1.0,871.5222717256128,16
2019/20,120,Napoli,UCL,1.0,863.380574220174,17
2019/20,154,Ajax,UEL,0.9640000000000001,862.3892489006975,18
2019/20,232,Shakhtar Donetsk,UEL,1.0,859.6731639996387,19
2019/20,76,Olympique Lyon,UCL,0.9906666666666667,857.4991007778931,20
2019/20,174,Benfica,UEL,1.0,850.802980199631,21
2019/20,188,Zenit St. Petersburg,UCL,1.0,847.8522222208057,22
2019/20,13,FC Salzburg,UEL,0.9826666666666667,842.9816856283182,23
2019/20,224,Besiktas,UEL,1.0,834.450493638667,24
2019/20,229,Dinamo Kiev,UEL,1.0,830.3385513194132,25
2019/20,177,Sporting CP Lisbon,UEL,1.0,820.728192169202,26
2019/20,184,CSKA Moscow,UEL,1.0,816.8598823677193,27
2019/20,219,FC Basel,UEL,1.0,806.0746454657462,28
2019/20,84,Bayer Leverkusen,UEL,0.73,805.5232596306778,29
2019/20,50,Viktoria Plzen,UEL,0.9813333333333334,794.4260117514748,30
2019/20,97,Olympiakos Piraeus,UEL,1.0,786.8407189831631,31
2019/20,119,Lazio,UEL,0.73,783.1939331218928,32
2019/20,214,Valencia,UCL,0.4600000000000001,782.5921238303023,33
2019/20,185,FK Krasnodar,UEL,0.9640000000000001,778.2442885381661,34
2019/20,38,Dinamo Zagreb,UCL,0.9640000000000001,774.2660695187477,35
2019/20,53,FC København,UEL,0.9826666666666667,772.6465587524167,36
2019/20,26,Club Brugge,UEL,0.9640000000000001,770.0118813188396,37
2019/20,48,Slavia Praha,UCL,0.8,766.9157336628443,38
2019/20,193,Celtic,UEL,1.0,766.3063688966109,39
2019/20,186,Lokomotiv Moscow,UCL,0.7813333333333334,765.407279921301,40
2019/20,157,PSV Eindhoven,UEL,0.928,761.7678926836904,41
2019/20,117,Internazionale,UEL,0.6000000000000001,760.2264325020633,42
2019/20,176,Sporting Braga,UEL,0.8420000000000001,759.8297723870917,43
2019/20,122,FK Astana,UEL,1.0,759.2021907105578,44
2019/20,89,RB Leipzig,UCL,0.6000000000000001,757.0008748595402,45
2019/20,223,Young Boys,UEL,0.9826666666666667,753.2045231941869,46
2019/20,27,Racing Genk,UCL,0.53,753.0405577945031,47
2019/20,21,BATE Borisov,UEL,1.0,749.2124678071391,48
2019/20,37,Ludogorets Razgrad,UEL,0.9653333333333334,747.2832186566321,49
2019/20,44,APOEL Nicosia,UEL,1.0,743.6883391502855,50
2019/20,49,Sparta Praha,UEL,0.84,742.8463642759866,51
2019/20,211,Getafe,UEL,0.0,742.2859957529013,52
2019/20,88,Eintracht Frankfurt,UEL,0.33,739.4666968869061,53
2019/20,25,AA Gent,UEL,0.8140000000000001,739.2863190112375,54
2019/20,199,Red Star Belgrade,UCL,0.8953333333333335,737.752146526329,55
2019/20,209,Espanyol,UEL,0.0,730.8421054978804,56
2019/20,180,FCSB,UEL,1.0,729.8634054605932,57
2019/20,225,Galatasaray,UCL,0.728,729.3348409864321,58
2019/20,61,Wolverhampton Wanderers,UEL,0.0,726.8056623659143,59
2019/20,187,Spartak Moscow,UEL,0.7466666666666667,726.4380786295263,60
2019/20,116,Atalanta,UCL,0.6000000000000001,724.3887022130888,61
2019/20,98,PAOK Thessaloniki,UEL,0.9640000000000001,723.7216097764809,62
2019/20,19,Qarabag FK,UEL,1.0,723.0125408853553,63
2019/20,87,Borussia Mönchengladbach,UEL,0.4,722.0535795043689,64
2019/20,90,VfL Wolfsburg,UEL,0.2,717.5061373448068,65
2019/20,156,Feyenoord,UEL,0.782,714.2817780533743,66
2019/20,29,Standard Liège,UEL,0.7126666666666668,713.9375525120495,67
2019/20,74,AS Saint-Étienne,UEL,0.4,712.8856313590456,68
2019/20,94,AEK Athens,UEL,0.7466666666666667,711.2569517005518,69
2019/20,197,Partizan Belgrade,UEL,0.9466666666666667,709.401187070849,70
2019/20,172,Legia Warsaw,UEL,1.0,707.7553567977875,71
2019/20,121,Torino,UEL,0.07,706.0477318138736,72
2019/20,79,Stade Rennais,UEL,0.33,705.9062034501854,73
2019/20,218,Malmö FF,UEL,0.728,703.9918204262918,74
2019/20,206,NK Maribor,UEL,0.9653333333333334,703.4069697846971,75
2019/20,114,Maccabi Tel-Aviv,UEL,1.0,699.9212238138115,76
2019/20,183,Arsenal Tula,UEL,0.0,694.9450460606729,77
2019/20,75,Lille OSC,UCL,0.21666666666666667,692.4713136045764,78
2019/20,45,Apollon Limassol,UEL,0.9466666666666667,688.9609277300247,79
2019/20,147,Sheriff Tiraspol,UEL,0.912,686.8412003560824,80
2019/20,228,Yeni Malatyaspor,UEL,0.0,686.6288842375775,81
2019/20,226,Istanbul Basaksehir,UEL,0.7806666666666667,685.6641287291854,82
2019/20,168,Rosenborg BK,UEL,1.0,683.5905714517463,83
2019/20,78,RC Strasbourg,UEL,0.0,683.441246965632,84
2019/20,28,Royal Antwerp,UEL,0.0,681.2181064843065,85
2019/20,112,Hapoel Beer-Sheva,UEL,0.9466666666666667,680.0192565911071,86
2019/20,41,NK Rijeka,UEL,0.8240000000000001,679.0774241312304,87
2019/20,54,FC Midtjylland,UEL,0.9813333333333334,678.0918833460776,88
2019/20,233,Zorya Luhansk,UEL,0.9386666666666666,678.0645756176835,89
2019/20,195,Kilmarnock,UEL,0.0,674.5854552473978,90
2019/20,95,Aris Thessaloniki,UEL,0.0,671.9330585550026,91
2019/20,171,Lechia Gdansk,UEL,0.0,671.5164386466945,92
2019/20,153,AZ Alkmaar,UEL,0.5720000000000001,670.2779065627228,93
2019/20,178,Vitória Guimarães,UEL,0.36533333333333334,669.4538839603642,94
2019/20,227,Trabzonspor,UEL,0.18266666666666667,669.090235988529,95
2019/20,167,Molde FK,UEL,0.5206666666666667,668.5687787926644,96
2019/20,23,FC Vitebsk,UEL,0.0,665.9066084205461,97
2019/20,16,Wolfsberger AC,UEL,0.11266666666666666,664.8777845368936,98
2019/20,100,FC Fehérvár,UEL,0.9300000000000002,664.4213977218681,99
2019/20,14,LASK,UEL,0.28600000000000003,663.0260839452444,100
2019/20,173,Piast Gliwice,UEL,0.14666666666666667,662.9753652411143,101
2019/20,220,FC Lugano,UEL,0.27,662.3388118732713,102
2019/20,12,Austria Wien,UEL,0.4700000000000001,661.5185911161815,103
2019/20,52,Esbjerg fB,UEL,0.060666666666666674,660.9923961422045,104
2019/20,42,AEK Larnaca,UEL,0.8953333333333335,660.7964314712735,105
2019/20,194,Glasgow Rangers,UEL,0.528,658.9120216916009,106
2019/20,46,FK Jablonec,UEL,0.4426666666666667,658.2342004981004,107
2019/20,203,Spartak Trnava,UEL,0.73,652.4950192976635,108
2019/20,20,Sabail FK,UEL,0.0,652.399899772352,109
2019/20,113,Maccabi Haifa,UEL,0.14666666666666667,651.7361595277982,110
2019/20,36,Lokomotiv Plovdiv,UEL,0.0,649.3921749397052,111
2019/20,198,Radnicki Nis,UEL,0.28600000000000003,648.8103403568194,112
2019/20,222,FC Thun,UEL,0.13,645.5323991518854,113
2019/20,179,CFR Cluj,UEL,0.3906666666666667,644.7371671570776,114
2019/20,231,FC Oleksandriya,UEL,0.3806666666666667,644.3895500456767,115
2019/20,204,Mura Murska Sobota,UEL,0.0,642.0127434266313,116
2019/20,169,SK Brann Bergen,UEL,0.198,641.4195742339185,117
2019/20,51,Brøndby IF,UEL,0.9013333333333333,641.3556534843146,118
2019/20,230,FC Mariupol,UEL,0.28600000000000003,639.9165865964299,119
2019/20,39,Hajduk Split,UEL,0.956,639.8745688195677,120
2019/20,22,Dinamo Minsk,UEL,1.0,637.765943943471,121
2019/20,96,Atromitos FC,UEL,0.406,637.2565344263423,122
2019/20,9,Ararat-Armenia,UEL,0.0,637.2156130935693,123
2019/20,43,AEL Limassol,UEL,0.33066666666666666,636.2134797634089,124
2019/20,15,Sturm Graz,UEL,0.6153333333333333,635.2030686585001,125
2019/20,161,Shkendija Tetovo,UEL,0.9466666666666667,634.4134502844207,126
2019/20,170,Cracovia Kraków,UEL,0.14666666666666667,633.6406976778858,127
2019/20,125,Tobol Kustanai,UEL,0.28600000000000003,633.3958157584723,128
2019/20,34,CSKA Sofia,UEL,0.3813333333333333,632.9108862145351,129
2019/20,138,F91 Dudelange,UEL,0.8213333333333334,632.7043264404426,130
2019/20,82,Saburtalo Tbilisi,UEL,0.0,630.9745322209899,131
2019/20,108,Dundalk,UEL,0.84,630.9469771246397,132
2019/20,200,DAC Dunajska Streda,UEL,0.28600000000000003,627.5157539663703,133
2019/20,111,Bnei Yehuda,UEL,0.23399999999999999,627.4334439962557,134
2019/20,70,HJK Helsinki,UEL,0.9640000000000001,627.3877191591465,135
2019/20,40,NK Osijek,UEL,0.556,627.3620067518143,136
2019/20,130,RFS Riga,UEL,0.0,627.0025557825037,137
2019/20,217,IFK Norrköping,UEL,0.3806666666666667,625.3738023290839,138
2019/20,181,Universitatea Craiova,UEL,0.44000000000000006,625.1655877830586,139
2019/20,127,Feronikeli,UEL,0.0,625.0907628484463,140
2019/20,135,Suduva Marijampole,UEL,0.7466666666666667,624.4949228670266,141
2019/20,158,Akademija Pandev,UEL,0.0,624.2848195591275,142
2019/20,155,FC Utrecht,UEL,0.27,624.1716443968768,143
2019/20,166,FK Haugesund,UEL,0.2946666666666667,623.7709472312465,144
2019/20,196,Cukaricki Belgrade,UEL,0.3466666666666667,622.8314471744794,145
2019/20,215,AIK Stockholm,UEL,0.9466666666666667,620.8023117504054,146
2019/20,207,Olimpija Ljubljana,UEL,0.6746666666666666,620.6620089464251,147
2019/20,216,BK Häcken,UEL,0.4326666666666667,619.2882388613814,148
2019/20,136,Zalgiris Vilnius,UEL,0.8213333333333334,619.2342751422336,149
2019/20,17,Gabala FK,UEL,0.8573333333333333,618.8494728737525,150
2019/20,202,Slovan Bratislava,UEL,0.924,618.7914067917278,151
2019/20,237,The New Saints,UEL,0.9013333333333333,618.2374984580129,152
2019/20,221,FC Luzern,UEL,0.638,618.0560334766155,153
2019/20,201,MFK Ruzomberok,UEL,0.27,617.7362545205928,154
2019/20,131,Riga FC,UEL,0.24200000000000002,616.6414414100559,155
2019/20,192,Aberdeen,UEL,0.876,615.5891001736652,156
2019/20,182,Viitorul Constanta,UEL,0.6666666666666666,614.9757856909432,157
2019/20,123,Kairat Almaty,UEL,0.928,614.2071997575465,158
2019/20,33,Zrinjski Mostar,UEL,0.8213333333333334,613.691649059936,159
2019/20,47,Mladá Boleslav,UEL,0.5366666666666667,611.4900182748249,160
2019/20,205,NK Domzale,UEL,0.8513333333333335,611.4253798340025,161
2019/20,148,Speranta Nisporeni,UEL,0.0,610.5876809962587,162
2019/20,1,FK Kukësi,UEL,0.8826666666666667,610.5101443552925,163
2019/20,160,Makedonija GjP,UEL,0.0,608.5601530275433,164
2019/20,8,Alashkert FC,UEL,0.8500000000000001,607.4242582397769,165
2019/20,103,Breidablik,UEL,0.14666666666666667,606.1986222089786,166
2019/20,102,Honvéd Budapest,UEL,0.48400000000000004,606.1657873568594,167
2019/20,71,Inter Turku,UEL,0.0,605.9573146225489,168
2019/20,18,Neftchi Baku,UEL,0.5806666666666667,604.7993649450835,169
2019/20,30,FK Sarajevo,UEL,0.6493333333333333,604.4227041378132,170
2019/20,4,Teuta Durrës,UEL,0.14666666666666667,603.9642780170365,171
2019/20,107,Cork City,UEL,0.8153333333333335,602.391547743979,172
2019/20,234,Barry Town,UEL,0.0,602.1558248100389,173
2019/20,99,DVSC Debrecen,UEL,0.37333333333333335,601.9931967907257,174
2019/20,106,Valur Reykjavik,UEL,0.7106666666666667,601.684998766419,175
2019/20,134,Kauno Zalgiris,UEL,0.0,600.4651859516796,176
2019/20,35,Levski Sofia,UEL,0.6226666666666667,600.2332617403451,177
2019/20,146,Petrocub Hîncesti,UEL,0.24200000000000002,599.9570596840481,178
2019/20,144,Valletta FC,UEL,0.84,598.9343356874251,179
2019/20,139,Jeunesse d'Esch,UEL,0.198,598.7587399990691,180
2019/20,24,Shakhtior Saligorsk,UEL,0.84,598.5169248322541,181
2019/20,73,RoPS Rovaniemi,UEL,0.22466666666666668,598.4455540520348,182
2019/20,137,CS Fola Esch,UEL,0.8493333333333333,598.0046206962919,183
2019/20,159,FK Shkupi,UEL,0.24200000000000002,597.7688141845714,184
2019/20,72,KuPS Kuopio,UEL,0.24200000000000002,597.3028792881275,185
2019/20,92,Lincoln Red Imps,UEL,0.8213333333333334,597.1319620552758,186
2019/20,101,Ferencváros,UEL,0.796,596.7723091487455,187
2019/20,124,Ordabasy Shymkent,UEL,0.44000000000000006,596.4494322281963,188
2019/20,3,Partizani Tirana,UEL,0.7353333333333334,595.580482253856,189
2019/20,83,Torpedo Kutaisi,UEL,0.528,595.1244946183981,190
2019/20,142,Gzira United,UEL,0.28600000000000003,594.5099035295085,191
2019/20,132,FC Vaduz,UEL,0.8839999999999999,594.4739001819887,192
2019/20,10,Pyunik Yerevan,UEL,0.8386666666666667,594.3165300305012,193
2019/20,140,Progrès Niederkorn,UEL,0.6593333333333333,594.2484325111217,194
2019/20,105,Stjarnan FC,UEL,0.6493333333333333,593.6095945408753,195
2019/20,31,Radnik Bijeljina,UEL,0.14666666666666667,593.3835115082398,196
2019/20,67,HB Torshavn,UEL,0.30266666666666664,592.1748977670876,197
2019/20,129,FK Ventspils,UEL,0.804,592.0011998637492,198
2019/20,145,Milsami Orhei,UEL,0.5700000000000001,591.6416882168589,199
2019/20,133,FK Riteriai,UEL,0.8593333333333335,590.6158682238158,200
2019/20,164,Crusaders Belfast,UEL,0.804,590.0544670485888,201
2019/20,5,FC Santa Coloma,UEL,0.7646666666666666,589.9845575381459,202
2019/20,81,Dinamo Tbilisi,UEL,0.5886666666666667,589.9545028633526,203
2019/20,151,Sutjeska Niksic,UEL,0.6306666666666667,589.8886307641432,204
2019/20,63,Kalju Nomme,UEL,0.8493333333333334,585.5408784124361,205
2019/20,143,Hibernians FC,UEL,0.5273333333333334,585.447786061942,206
2019/20,149,Buducnost Podgorica,UEL,0.7693333333333333,584.2567302806507,207
2019/20,2,KF Laçi,UEL,0.442,581.606461441286,208
2019/20,162,Ballymena United,UEL,0.198,581.1973786824581,209
2019/20,128,FK Liepaja,UEL,0.6226666666666667,580.9103176808983,210
2019/20,11,Urartu FC,UEL,0.44000000000000006,580.8427822066731,211
2019/20,66,B36 Torshavn,UEL,0.8213333333333334,580.3619429937622,212
2019/20,62,Flora Tallinn,UEL,0.7260000000000001,579.8843695535047,213
2019/20,32,Siroki Brijeg,UEL,0.6833333333333333,579.5573202119897,214
2019/20,235,Cardiff MU,UEL,0.0,579.3408344883393,215
2019/20,150,OFK Titograd,UEL,0.7353333333333334,579.2913614902335,216
2019/20,65,Trans Narva,UEL,0.24200000000000002,579.2781258720736,217
2019/20,165,Linfield Belfast,UEL,0.554,579.1265559961271,218
2019/20,152,Zeta Golubovci,UEL,0.198,579.0644756526463,219
2019/20,80,Chikhura Sachkhere,UEL,0.7006666666666667,579.0250509637858,220
2019/20,141,Balzan FC,UEL,0.7260000000000001,578.6041015381721,221
2019/20,109,Shamrock Rovers,UEL,0.7353333333333334,577.2056247037103,222
2019/20,126,FC Prishtina,UEL,0.48400000000000004,577.0988885857151,223
2019/20,189,La Fiorita,UEL,0.7553333333333333,577.0659144798717,224
2019/20,110,St. Patrick's Athletic,UEL,0.32,576.9792183754307,225
2019/20,64,Levadia Tallinn,UEL,0.7693333333333333,576.3759310082476,226
2019/20,236,Connah's Quay,UEL,0.6133333333333333,575.8713619384956,227
2019/20,104,KR Reykjavik,UEL,0.5713333333333334,572.3995741262646,228
2019/20,163,Cliftonville,UEL,0.46666666666666673,570.188115851255,229
2019/20,69,NSI Runavik,UEL,0.682,569.8218697085073,230
2019/20,93,St Joseph's FC,UEL,0.44000000000000006,568.7135519833776,231
2019/20,68,KI Klaksvik,UEL,0.48400000000000004,568.7059155116754,232
2019/20,190,Tre Fiori,UEL,0.28600000000000003,566.414716131718,233
2019/20,191,Tre Penne,UEL,0.3446666666666667,565.2587068147442,234
2019/20,91,Europa FC,UEL,0.76,564.6435826311722,235
2019/20,7,UE Engordany,UEL,0.28600000000000003,563.1216460820377,236
2019/20,6,Sant Julià,UEL,0.5866666666666667,557.7565846710272,237
2020/21,212,Real Madrid,UCL,1.0,900.0325745200964,1
2020/21,59,Liverpool,UCL,0.8700000000000001,899.785845423946,2
2020/21,87,Bayern München,UCL,1.0,899.6648892997794,3
2020/21,120,Juventus,UCL,1.0,897.4064421572618,4
2020/21,78,Paris Saint-Germain,UCL,1.0,897.3018756287295,5
2020/21,210,FC Barcelona,UCL,1.0,895.6978953505047,6
2020/21,60,Manchester City,UCL,1.0,895.469918546051,7
2020/21,209,Atlético Madrid,UCL,1.0,894.8431698804444,8
2020/21,61,Manchester United,UEL,1.0,894.6188907109731,9
2020/21,214,Sevilla,UCL,1.0,893.9884444103841,10
2020/21,57,Chelsea,UCL,0.8700000000000001,885.4981579157183,11
2020/21,62,Tottenham Hotspur,UEL,1.0,884.2147807766357,12
2020/21,56,Arsenal,UEL,1.0,879.5189410592998,13
2020/21,88,Borussia Dortmund,UCL,1.0,874.5543058267621,14
2020/21,232,Shakhtar Donetsk,UEL,1.0,872.9776580884732,15
2020/21,122,Napoli,UEL,1.0,866.1283114868666,16
2020/21,117,AS Roma,UEL,1.0,865.2859918043333,17
2020/21,176,FC Porto,UCL,1.0,863.4012031288862,18
2020/21,156,Ajax,UEL,0.9733333333333334,861.2703275535827,19
2020/21,90,RB Leipzig,UCL,0.8,843.9252482154363,20
2020/21,12,FC Salzburg,UEL,0.9906666666666667,841.4334019711839,21
2020/21,175,Benfica,UEL,1.0,838.0271314353557,22
2020/21,189,Zenit St. Petersburg,UCL,1.0,832.0006305783917,23
2020/21,220,FC Basel,UEL,1.0,830.4378423430778,24
2020/21,86,Bayer Leverkusen,UEL,0.8,830.1469257192801,25
2020/21,119,Internazionale,UCL,0.73,829.752719261856,26
2020/21,179,Sporting CP Lisbon,UEL,1.0,819.7481522324405,27
2020/21,230,Dinamo Kiev,UEL,1.0,807.3813966975063,28
2020/21,118,Atalanta,UCL,0.8,806.5143691892366,29
2020/21,225,Besiktas,UEL,1.0,802.3196284924936,30
2020/21,53,FC København,UEL,0.9906666666666667,801.4415139484479,31
2020/21,98,Olympiakos Piraeus,UEL,1.0,795.2673730114401,32
2020/21,184,CSKA Moscow,UEL,1.0,794.2998828164788,33
2020/21,215,Villarreal,UEL,0.67,789.5028898523276,34
2020/21,194,Celtic,UEL,1.0,786.7104972587807,35
2020/21,38,Dinamo Zagreb,UEL,0.9733333333333334,784.6754445196731,36
2020/21,121,Lazio,UCL,0.8700000000000001,783.074469316233,37
2020/21,178,Sporting Braga,UEL,0.928,781.2139031102173,38
2020/21,48,Slavia Praha,UEL,0.9300000000000002,777.4711592839217,39
2020/21,27,Club Brugge,UEL,0.9733333333333334,774.145004139644,40
2020/21,186,FK Krasnodar,UEL,0.9733333333333334,773.2951955095485,41
2020/21,51,Viktoria Plzen,UEL,0.956,772.9018958873246,42
2020/21,188,Lokomotiv Moscow,UCL,0.8700000000000001,769.8614846230364,43
2020/21,25,AA Gent,UEL,0.9106666666666666,768.4916349351378,44
2020/21,223,Young Boys,UEL,0.9906666666666667,756.1627104478422,45
2020/21,227,Istanbul Basaksehir,UCL,0.8919999999999999,755.231121638228,46
2020/21,198,Red Star Belgrade,UEL,0.9813333333333334,755.124502371443,47
2020/21,158,PSV Eindhoven,UEL,0.9466666666666667,755.0051055279398,48
2020/21,36,Ludogorets Razgrad,UEL,0.9813333333333334,750.2020527821305,49
2020/21,43,APOEL Nicosia,UEL,1.0,749.0399056843459,50
2020/21,123,FK Astana,UEL,1.0,744.9467076148554,51
2020/21,77,Olympique Marseille,UCL,0.54,742.4842580587401,52
2020/21,219,Malmö FF,UEL,0.8166666666666667,738.3215839869774,53
2020/21,195,Glasgow Rangers,UEL,0.7466666666666667,735.221181523075,54
2020/21,58,Leicester City,UEL,0.13,732.5403020367118,55
2020/21,91,VfL Wolfsburg,UEL,0.4,732.5247022432443,56
2020/21,226,Galatasaray,UEL,0.8166666666666667,731.7602423161044,57
2020/21,29,Standard Liège,UEL,0.7906666666666666,729.9337517202105,58
2020/21,211,Granada CF,UEL,0.0,729.4951200013544,59
2020/21,197,Partizan Belgrade,UEL,0.9653333333333334,729.4273299226593,60
2020/21,89,Borussia Mönchengladbach,UCL,0.53,728.0766170044255,61
2020/21,21,BATE Borisov,UEL,1.0,726.1599889235081,62
2020/21,116,AC Milan,UEL,0.4700000000000001,724.6428385314812,63
2020/21,79,Stade Rennais,UCL,0.6000000000000001,722.6982303149905,64
2020/21,19,Qarabag FK,UEL,1.0,721.7444990095141,65
2020/21,13,LASK,UEL,0.5640000000000001,719.4199321710139,66
2020/21,155,AZ Alkmaar,UEL,0.728,718.8765202761552,67
2020/21,213,Real Sociedad,UEL,0.2,716.5623814350951,68
2020/21,182,FCSB,UEL,1.0,713.7422478436453,69
2020/21,157,Feyenoord,UEL,0.8580000000000001,712.0760837645363,70
2020/21,95,AEK Athens,UEL,0.8513333333333335,711.7651989928363,71
2020/21,180,CFR Cluj,UEL,0.6000000000000001,710.7033823073335,72
2020/21,80,Stade de Reims,UEL,0.0,709.6052155486481,73
2020/21,231,Kolos Kovalivka,UEL,0.0,708.2911364726922,74
2020/21,50,Sparta Praha,UEL,0.7866666666666666,704.4488499753104,75
2020/21,99,PAOK Thessaloniki,UEL,0.9293333333333333,701.5796820339162,76
2020/21,85,1899 Hoffenheim,UEL,0.4700000000000001,701.0221018675209,77
2020/21,14,Rapid Wien,UEL,0.4700000000000001,699.1534942488831,78
2020/21,159,Willem II Tilburg,UEL,0.0,691.4592081783234,79
2020/21,196,Motherwell,UEL,0.0,689.6942626944059,80
2020/21,76,OGC Nice,UEL,0.33,689.5090589817546,81
2020/21,45,Apollon Limassol,UEL,0.9653333333333334,687.9350479631918,82
2020/21,115,Maccabi Tel-Aviv,UEL,0.956,687.5423752163208,83
2020/21,26,Charleroi,UEL,0.060666666666666674,687.3387551067528,84
2020/21,228,Sivasspor,UEL,0.0,687.1130156884827,85
2020/21,173,Legia Warsaw,UEL,1.0,686.9011585364392,86
2020/21,207,NK Maribor,UEL,0.9813333333333334,686.556528299863,87
2020/21,75,Lille OSC,UEL,0.42533333333333334,686.4853319179756,88
2020/21,169,Rosenborg BK,UEL,1.0,686.351821780128,89
2020/21,185,Dinamo Moscow,UEL,0.0,685.4496098956554,90
2020/21,187,FK Rostov,UEL,0.13,683.6538480511508,91
2020/21,52,AGF Aarhus,UEL,0.0,683.5287367293067,92
2020/21,224,Alanyaspor,UEL,0.0,681.8275112420316,93
2020/21,46,Omonia Nicosia,UEL,0.18266666666666667,680.6724628273292,94
2020/21,150,Sheriff Tiraspol,UEL,0.9466666666666667,680.5608888081715,95
2020/21,113,Hapoel Beer-Sheva,UEL,0.9813333333333334,679.4840303463778,96
2020/21,199,TSC Backa Topola,UEL,0.0,679.4532199371129,97
2020/21,217,Hammarby IF,UEL,0.0,677.9800859986166,98
2020/21,167,Bodø/Glimt,UEL,0.0,677.0210055208734,99
2020/21,216,Djurgårdens IF,UEL,0.198,675.9321833434619,100
2020/21,101,Ferencváros,UCL,0.8573333333333333,674.9851043052189,101
2020/21,42,NK Rijeka,UEL,0.8306666666666667,673.7557665986706,102
2020/21,168,Molde FK,UEL,0.67,673.6829651916544,103
2020/21,54,FC Midtjylland,UCL,0.912,673.0999348886588,104
2020/21,206,NK Celje,UEL,0.051333333333333335,670.3438722073026,105
2020/21,233,Zorya Luhansk,UEL,0.9546666666666667,669.8238797611303,106
2020/21,100,FC Fehérvár,UEL,0.956,666.7789113417864,107
2020/21,97,OFI Heraklion,UEL,0.0,666.4828106536221,108
2020/21,222,Servette FC Genève,UEL,0.0,666.433421555372,109
2020/21,15,TSV Hartberg,UEL,0.0,665.8853702265858,110
2020/21,177,Rio Ave,UEL,0.29333333333333333,662.340704838876,111
2020/21,28,Royal Antwerp,UEL,0.28600000000000003,661.3082747277234,112
2020/21,170,Viking Stavanger,UEL,0.0,660.2857332557641,113
2020/21,44,Anorthosis Famagusta,UEL,0.198,659.0411973713603,114
2020/21,221,FC Sankt Gallen,UEL,0.198,658.3855947481753,115
2020/21,16,Wolfsberger AC,UEL,0.3906666666666667,658.1376852758281,116
2020/21,181,FC Botosani,UEL,0.060666666666666674,654.8623525103163,117
2020/21,40,Lokomotiva Zagreb,UEL,0.19066666666666665,652.8789657912831,118
2020/21,103,Puskás Akadémia,UEL,0.0,652.6307949746879,119
2020/21,47,FK Jablonec,UEL,0.5726666666666667,652.0430197234565,120
2020/21,125,Kaysar Kyzylorda,UEL,0.0,650.7718111729016,121
2020/21,49,Slovan Liberec,UEL,0.2,649.5249186409033,122
2020/21,55,SønderjyskE,UEL,0.13,649.4777235595344,123
2020/21,204,Slovan Bratislava,UEL,0.9473333333333334,648.8125674712924,124
2020/21,137,Suduva Marijampole,UEL,0.8953333333333335,645.9171027106297,125
2020/21,23,Dynamo Brest,UEL,0.3806666666666667,645.0516223351204,126
2020/21,35,Lokomotiv Plovdiv,UEL,0.28600000000000003,643.0673527909503,127
2020/21,110,Dundalk,UEL,0.8919999999999999,639.0260785407706,128
2020/21,20,Sumgayit FK,UEL,0.0,638.9464689759701,129
2020/21,183,Universitatea Craiova,UEL,0.6746666666666666,637.0706708451061,130
2020/21,218,IFK Göteborg,UEL,0.19066666666666665,636.6799262194065,131
2020/21,203,MSK Zilina,UEL,0.21666666666666667,635.9857073762951,132
2020/21,200,Vojvodina Novi Sad,UEL,0.3466666666666667,635.4304959788968,133
2020/21,96,Aris Thessaloniki,UEL,0.28600000000000003,634.0922840674309,134
2020/21,193,Aberdeen,UEL,0.9013333333333333,633.0062671792473,135
2020/21,162,Shkendija Tetovo,UEL,0.9373333333333334,632.9017559761968,136
2020/21,34,CSKA Sofia,UEL,0.6000000000000001,631.6708855853774,137
2020/21,9,Ararat-Armenia,UEL,0.33,631.3521700973843,138
2020/21,142,Union Titus Pétange,UEL,0.0,630.9277861556428,139
2020/21,163,Sileks Kratovo,UEL,0.09533333333333334,630.8347151513989,140
2020/21,6,Inter Club d'Escaldes,UEL,0.0,630.3948400155978,141
2020/21,39,Hajduk Split,UEL,0.876,629.030551422795,142
2020/21,237,The New Saints,UEL,0.9466666666666667,628.6045478531244,143
2020/21,114,Maccabi Haifa,UEL,0.38133333333333336,628.3400744234808,144
2020/21,33,Zrinjski Mostar,UEL,0.8933333333333333,627.8931139286432,145
2020/21,208,Olimpija Ljubljana,UEL,0.798,626.9426506340811,146
2020/21,41,NK Osijek,UEL,0.6759999999999999,626.3255071087465,147
2020/21,132,Riga FC,UEL,0.528,626.1453596654102,148
2020/21,229,Desna Chernihiv,UEL,0.0,625.1390017050318,149
2020/21,22,Dinamo Minsk,UEL,0.912,623.4739792098576,150
2020/21,124,Kairat Almaty,UEL,0.912,623.4681096382792,151
2020/21,3,KF Tirana,UEL,0.14666666666666667,623.3712591985328,152
2020/21,71,Honka Espoo,UEL,0.0,623.2946655927983,153
2020/21,8,Alashkert FC,UEL,0.9026666666666666,621.2999854860378,154
2020/21,201,DAC Dunajska Streda,UEL,0.52,621.0012854042768,155
2020/21,174,Piast Gliwice,UEL,0.38133333333333336,620.7059604283336,156
2020/21,172,Lech Poznan,UEL,0.54,619.9746284784698,157
2020/21,31,FK Sarajevo,UEL,0.718,619.419931025868,158
2020/21,37,Slavia Sofia,UEL,0.3293333333333333,619.3213099482725,159
2020/21,149,Sfântul Gheorghe,UEL,0.0,619.2681792346349,160
2020/21,143,Floriana,UEL,0.14666666666666667,618.8511332469437,161
2020/21,129,SC Gjilani,UEL,0.0,618.6203721432187,162
2020/21,24,Shakhtior Saligorsk,UEL,0.8839999999999999,617.8498061997931,163
2020/21,82,Dinamo Tbilisi,UEL,0.7093333333333334,617.1042148765681,164
2020/21,138,Zalgiris Vilnius,UEL,0.8053333333333333,617.0102564560289,165
2020/21,10,FC Noah,UEL,0.0,616.759443433298,166
2020/21,18,Neftchi Baku,UEL,0.692,616.6849144004789,167
2020/21,146,Valletta FC,UEL,0.9013333333333333,616.1417062944265,168
2020/21,30,Borac Banja Luka,UEL,0.0,615.3421312265409,169
2020/21,102,Honvéd Budapest,UEL,0.6666666666666666,615.2501457293638,170
2020/21,166,Linfield Belfast,UEL,0.6593333333333333,614.6370042993663,171
2020/21,131,RFS Riga,UEL,0.24200000000000002,614.1934453665962,172
2020/21,127,FC Drita,UEL,0.27,613.984198708157,173
2020/21,108,Bohemians Dublin,UEL,0.0,613.7820539170604,174
2020/21,205,Mura Murska Sobota,UEL,0.24200000000000002,613.5703400233986,175
2020/21,130,FK Ventspils,UEL,0.8746666666666667,613.1714009740062,176
2020/21,74,KuPS Kuopio,UEL,0.48400000000000004,612.1934864311354,177
2020/21,141,Progrès Niederkorn,UEL,0.8246666666666667,612.1441183180509,178
2020/21,1,FK Kukësi,UEL,0.8413333333333334,611.0503614714358,179
2020/21,139,CS Fola Esch,UEL,0.8226666666666667,609.7618931715716,180
2020/21,83,Lokomotivi Tbilisi,UEL,0.0,608.9834327906264,181
2020/21,145,Sirens FC,UEL,0.0,608.790090875403,182
2020/21,134,FC Vaduz,UEL,0.92,608.6884674449096,183
2020/21,171,Cracovia Kraków,UEL,0.3373333333333334,608.3476537808166,184
2020/21,112,Beitar Jerusalem,UEL,0.562,607.9878769961422,185
2020/21,64,Kalju Nomme,UEL,0.8919999999999999,606.7163874782633,186
2020/21,17,Kesla FK,UEL,0.44133333333333336,606.2867946590962,187
2020/21,93,Lincoln Red Imps,UEL,0.8180000000000001,606.1641813348086,188
2020/21,126,Ordabasy Shymkent,UEL,0.5793333333333334,605.8130741178229,189
2020/21,153,Sutjeska Niksic,UEL,0.762,604.7051305113195,190
2020/21,151,Buducnost Podgorica,UEL,0.7946666666666666,604.3820770916524,191
2020/21,63,Flora Tallinn,UEL,0.8133333333333334,604.0195353100867,192
2020/21,73,Inter Turku,UEL,0.24200000000000002,602.9779260935643,193
2020/21,5,FC Santa Coloma,UEL,0.7953333333333333,602.1386621993643,194
2020/21,161,Renova Dzepciste,UEL,0.051333333333333335,601.7484525784454,195
2020/21,81,Dinamo Batumi,UEL,0.198,601.3528132225274,196
2020/21,84,Saburtalo Tbilisi,UEL,0.33,601.1723981662054,197
2020/21,202,MFK Ruzomberok,UEL,0.442,600.8831701114325,198
2020/21,147,Dinamo-Auto Tiraspol,UEL,0.0,600.0137026247057,199
2020/21,135,FK Riteriai,UEL,0.868,599.8696143809761,200
2020/21,140,Differdange 03,UEL,0.30266666666666664,599.8613545228808,201
2020/21,152,Iskra Danilovgrad,UEL,0.0,598.5235619412118,202
2020/21,165,Glentoran,UEL,0.051333333333333335,598.2133628400311,203
2020/21,236,Connah's Quay,UEL,0.7433333333333334,598.0492393377033,204
2020/21,32,Zeljeznicar Sarajevo,UEL,0.47733333333333333,596.7536972893656,205
2020/21,111,Shamrock Rovers,UEL,0.8133333333333334,596.5560994051172,206
2020/21,69,KI Klaksvik,UEL,0.7106666666666667,595.5726583742855,207
2020/21,72,Ilves Tampere,UEL,0.198,595.5602911855541,208
2020/21,105,FH Hafnarfjardar,UEL,0.5900000000000001,595.4372015969026,209
2020/21,136,Kauno Zalgiris,UEL,0.24200000000000002,594.9520517828735,210
2020/21,2,KF Laçi,UEL,0.5273333333333334,594.6944733909489,211
2020/21,107,Vikingur Reykjavik,UEL,0.051333333333333335,594.047621288354,212
2020/21,67,B36 Torshavn,UEL,0.8053333333333333,591.4134854726765,213
2020/21,164,Coleraine,UEL,0.3446666666666667,591.2810886120724,214
2020/21,104,Breidablik,UEL,0.3373333333333334,590.2058661565023,215
2020/21,66,Paide Linnameeskond,UEL,0.0,589.9876104466374,216
2020/21,148,Petrocub Hîncesti,UEL,0.44000000000000006,589.9277594259721,217
2020/21,106,KR Reykjavik,UEL,0.5886666666666667,589.7256184309628,218
2020/21,144,Hibernians FC,UEL,0.562,587.8687156302311,219
2020/21,133,Valmieras FK,UEL,0.0,585.4564806662404,220
2020/21,4,Teuta Durrës,UEL,0.3373333333333334,585.1823470978696,221
2020/21,160,FK Shkupi,UEL,0.44000000000000006,584.310904322365,222
2020/21,65,Levadia Tallinn,UEL,0.7506666666666666,583.8153190011282,223
2020/21,109,Derry City,UEL,0.3446666666666667,582.862139871106,224
2020/21,92,Europa FC,UEL,0.7946666666666666,581.4897671761353,225
2020/21,235,Barry Town,UEL,0.24200000000000002,580.0327905398361,226
2020/21,68,HB Torshavn,UEL,0.4326666666666667,579.3377546426027,227
2020/21,94,St Joseph's FC,UEL,0.6306666666666667,577.7613069033757,228
2020/21,11,Shirak Gyumri,UEL,0.32,574.6442880471596,229
2020/21,190,La Fiorita,UEL,0.7513333333333333,574.5704591132508,230
2020/21,128,FC Prishtina,UEL,0.6226666666666667,574.1903173906221,231
2020/21,7,UE Engordany,UEL,0.52,573.8826529510415,232
2020/21,154,Zeta Golubovci,UEL,0.38866666666666666,573.2625626591666,233
2020/21,70,NSI Runavik,UEL,0.7333333333333333,570.2293381548556,234
2020/21,191,Tre Fiori,UEL,0.47600000000000003,568.0957284095638,235
2020/21,234,Bala Town,UEL,0.49133333333333334,567.5303358357045,236
2020/21,192,Tre Penne,UEL,0.506,562.5608664510563,237
2021/22,59,Manchester City,UCL,1.0,902.5089926785189,1
2021/22,209,Atlético Madrid,UCL,1.0,899.8894839370329,2
2021/22,84,Bayern München,UCL,1.0,897.9439745423089,3
2021/22,60,Manchester United,UCL,1.0,896.2531141932559,4
2021/22,212,Real Madrid,UCL,1.0,895.565680162336,5
2021/22,58,Liverpool,UCL,0.9300000000000002,895.3893834359218,6
2021/22,210,FC Barcelona,UEL,1.0,894.7130991363395,7
2021/22,56,Chelsea,UCL,0.9300000000000002,894.5256526785877,8
2021/22,214,Sevilla,UEL,1.0,893.5809952849272,9
2021/22,118,Juventus,UCL,1.0,892.00623409356,10
2021/22,77,Paris Saint-Germain,UCL,1.0,890.6937067481535,11
2021/22,85,Borussia Dortmund,UEL,1.0,884.4212266854661,12
2021/22,115,AS Roma,UECL,1.0,880.5508058223134,13
2021/22,61,Tottenham Hotspur,UECL,1.0,879.5799106014045,14
2021/22,154,Ajax,UCL,0.9826666666666667,875.7345714902573,15
2021/22,176,FC Porto,UEL,1.0,875.2840726310005,16
2021/22,87,RB Leipzig,UEL,0.9300000000000002,869.649402774905,17
2021/22,231,Shakhtar Donetsk,UCL,1.0,862.3046045613846,18
2021/22,120,Napoli,UEL,1.0,855.726212138439,19
2021/22,117,Internazionale,UCL,0.8700000000000001,850.2706493385938,20
2021/22,116,Atalanta,UEL,0.9300000000000002,844.7793644872531,21
2021/22,215,Villarreal,UCL,0.73,839.5016415066202,22
2021/22,83,Bayer Leverkusen,UEL,0.8700000000000001,830.276655485812,23
2021/22,13,FC Salzburg,UCL,1.0,829.820702295225,24
2021/22,38,Dinamo Zagreb,UEL,0.9826666666666667,825.3388479412259,25
2021/22,174,Benfica,UCL,1.0,824.8647563529942,26
2021/22,48,Slavia Praha,UECL,1.0,820.692372032086,27
2021/22,119,Lazio,UEL,0.9300000000000002,815.6010683825455,28
2021/22,75,Olympique Lyon,UEL,0.67,814.4477679827698,29
2021/22,229,Dinamo Kiev,UCL,1.0,808.3367431676032,30
2021/22,194,Glasgow Rangers,UEL,0.8953333333333335,804.4593506128488,31
2021/22,220,FC Basel,UECL,0.934,801.7949599444638,32
2021/22,96,Olympiakos Piraeus,UEL,1.0,801.1075605823921,33
2021/22,188,Zenit St. Petersburg,UEL,1.0,800.5976014009295,34
2021/22,27,Club Brugge,UCL,0.9826666666666667,797.6348608234181,35
2021/22,179,Sporting CP Lisbon,UCL,0.912,796.9084432722145,36
2021/22,223,Young Boys,UCL,1.0,786.0273742236824,37
2021/22,199,Red Star Belgrade,UEL,1.0,784.5399351811564,38
2021/22,178,Sporting Braga,UEL,0.9466666666666667,783.735308639268,39
2021/22,53,FC København,UECL,0.934,776.4443606924849,40
2021/22,114,AC Milan,UCL,0.66,771.4870938415803,41
2021/22,156,PSV Eindhoven,UECL,0.9653333333333334,770.7730790597059,42
2021/22,185,Lokomotiv Moscow,UEL,0.9300000000000002,768.1666185589305,43
2021/22,224,Besiktas,UCL,0.912,766.821926950271,44
2021/22,193,Celtic,UECL,1.0,765.7669121705007,45
2021/22,86,Eintracht Frankfurt,UEL,0.4700000000000001,756.4803982301745,46
2021/22,14,LASK,UECL,0.7733333333333334,748.2503682968238,47
2021/22,50,Viktoria Plzen,UECL,0.898,747.4291605255755,48
2021/22,57,Leicester City,UECL,0.4,744.0274179821686,49
2021/22,25,AA Gent,UECL,0.9386666666666666,738.4180031078888,50
2021/22,37,Ludogorets Razgrad,UEL,1.0,737.5702630648935,51
2021/22,153,AZ Alkmaar,UECL,0.8166666666666667,737.1454700258455,52
2021/22,167,Molde FK,UECL,0.8,737.0877039864492,53
2021/22,76,Olympique Marseille,UECL,0.66,735.0052664295516,54
2021/22,74,Lille OSC,UCL,0.6513333333333333,733.1230030249828,55
2021/22,78,Stade Rennais,UECL,0.8,732.1036484691354,56
2021/22,219,Malmö FF,UCL,0.8513333333333335,730.139369156106,57
2021/22,213,Real Sociedad,UEL,0.4600000000000001,729.3022277002793,58
2021/22,180,CFR Cluj,UECL,0.8,727.9365900655671,59
2021/22,89,VfL Wolfsburg,UCL,0.534,727.7204797374977,60
2021/22,113,Maccabi Tel-Aviv,UECL,0.9640000000000001,725.4510136784695,61
2021/22,62,West Ham United,UEL,0.060666666666666674,725.0118466768596,62
2021/22,226,Galatasaray,UEL,0.8293333333333335,718.6724009917535,63
2021/22,211,Real Betis,UEL,0.2,717.8065320752189,64
2021/22,28,Racing Genk,UEL,0.54,716.862524576443,65
2021/22,155,Feyenoord,UECL,0.9466666666666667,716.4471640204177,66
2021/22,73,AS Monaco,UEL,0.4,715.0438340445619,67
2021/22,88,Union Berlin,UECL,0.0,713.7978237958243,68
2021/22,198,Partizan Belgrade,UECL,0.9153333333333333,711.1145763470436,69
2021/22,99,Ferencváros,UEL,0.9106666666666666,707.9913066252808,70
2021/22,94,AEK Athens,UECL,0.9453333333333334,707.4954542026284,71
2021/22,19,Qarabag FK,UECL,1.0,707.3654733199593,72
2021/22,121,FK Astana,UECL,0.912,706.9534429371474,73
2021/22,97,PAOK Thessaloniki,UECL,0.9466666666666667,706.8707336533845,74
2021/22,177,Paços de Ferreira,UECL,0.0,704.6533461809559,75
2021/22,15,Rapid Wien,UECL,0.6000000000000001,702.3641906272472,76
2021/22,29,Royal Antwerp,UEL,0.5640000000000001,699.6137179280651,77
2021/22,54,FC Midtjylland,UECL,0.928,699.1605920824529,78
2021/22,175,CD Santa Clara,UECL,0.0,698.9293852664349,79
2021/22,181,FCSB,UECL,0.934,698.5906733621481,80
2021/22,21,BATE Borisov,UECL,0.89,697.2692038852732,81
2021/22,233,Zorya Luhansk,UECL,0.9733333333333334,695.9770285855124,82
2021/22,187,Spartak Moscow,UEL,0.6153333333333334,693.7490352668594,83
2021/22,110,Hapoel Beer-Sheva,UECL,1.0,693.7165390857034,84
2021/22,49,Sparta Praha,UECL,0.8400000000000001,688.5661722244338,85
2021/22,186,Rubin Kazan,UECL,0.0,687.0716646373745,86
2021/22,44,Apollon Limassol,UECL,0.9153333333333333,684.4804888529882,87
2021/22,168,Rosenborg BK,UECL,0.956,684.3266767736991,88
2021/22,26,Anderlecht,UECL,0.4,684.0561630509585,89
2021/22,41,NK Rijeka,UECL,0.8919999999999999,682.3804789346483,90
2021/22,184,FC Sochi,UECL,0.0,681.0368145657528,91
2021/22,170,Legia Warsaw,UEL,0.956,679.4205470111694,92
2021/22,225,Fenerbahçe,UECL,0.3826666666666667,679.3128244378631,93
2021/22,46,1.FC Slovácko,UECL,0.0,678.8838002790746,94
2021/22,169,Vålerengens IF,UECL,0.0,678.7167044208562,95
2021/22,218,IF Elfsborg,UECL,0.0,676.052702830733,96
2021/22,111,MS Ashdod,UECL,0.0,675.2337123047807,97
2021/22,148,Sheriff Tiraspol,UEL,0.9153333333333333,674.2672876847149,98
2021/22,166,Bodø/Glimt,UECL,0.264,671.9900860487296,99
2021/22,98,FC Fehérvár,UECL,0.92,670.8091955443169,100
2021/22,157,Vitesse Arnhem,UECL,0.30333333333333334,667.6117723334689,101
2021/22,45,Omonia Nicosia,UECL,0.3906666666666667,667.606137837497,102
2021/22,207,NK Maribor,UECL,0.89,666.9941874725208,103
2021/22,196,St. Johnstone,UECL,0.09533333333333334,665.9154523230513,104
2021/22,35,CSKA Sofia,UECL,0.8,664.0748162305463,105
2021/22,55,Randers FC,UECL,0.0,663.3197798417374,106
2021/22,182,Sepsi OSK,UECL,0.0,662.7344551549508,107
2021/22,34,Arda Kardzhali,UECL,0.0,661.8830267361708,108
2021/22,172,Raków Czestochowa,UECL,0.0,660.8357877510657,109
2021/22,195,Hibernian,UECL,0.25133333333333335,659.7026393490889,110
2021/22,230,Kolos Kovalivka,UECL,0.24200000000000002,657.9647673632356,111
2021/22,171,Pogon Szczecin,UECL,0.0,655.5913254147628,112
2021/22,227,Sivasspor,UECL,0.33,655.4294052969911,113
2021/22,47,FK Jablonec,UECL,0.618,654.9728603096944,114
2021/22,107,Dundalk,UECL,0.9386666666666666,653.1349705601306,115
2021/22,112,Maccabi Haifa,UECL,0.5713333333333334,653.0366875361685,116
2021/22,228,Trabzonspor,UECL,0.27,652.8650057273717,117
2021/22,232,Vorskla Poltava,UECL,0.25133333333333335,651.8420949355276,118
2021/22,12,Austria Wien,UECL,0.398,651.6865627135772,119
2021/22,173,Slask Wroclaw,UECL,0.0,650.3468630784597,120
2021/22,135,Suduva Marijampole,UECL,0.9153333333333333,650.0544566211602,121
2021/22,52,Brøndby IF,UEL,0.6260000000000001,649.6168367943293,122
2021/22,203,Slovan Bratislava,UECL,0.8806666666666667,648.9917118367592,123
2021/22,197,Cukaricki Belgrade,UECL,0.2946666666666667,648.0265383198988,124
2021/22,222,Servette FC Genève,UECL,0.24200000000000002,646.6255561110701,125
2021/22,160,Shkendija Tetovo,UECL,0.898,645.4248800249546,126
2021/22,192,Aberdeen,UECL,0.8633333333333333,644.6881022999272,127
2021/22,200,Vojvodina Novi Sad,UECL,0.38533333333333336,644.3930877683655,128
2021/22,24,Torpedo Zhodino,UECL,0.060666666666666674,643.9251073354362,129
2021/22,16,Sturm Graz,UEL,0.48400000000000004,642.6445981260074,130
2021/22,95,Aris Thessaloniki,UECL,0.45400000000000007,642.4322915681012,131
2021/22,123,Shakhtyor Karaganda,UECL,0.0,642.3097839558006,132
2021/22,43,Anorthosis Famagusta,UECL,0.3666666666666667,641.5155237718996,133
2021/22,51,AGF Aarhus,UECL,0.24200000000000002,640.8803111653403,134
2021/22,42,AEL Limassol,UECL,0.328,640.7428571843923,135
2021/22,100,Puskás Akadémia,UECL,0.22,639.6385392381071,136
2021/22,39,Hajduk Split,UECL,0.8133333333333334,639.4168332513772,137
2021/22,40,NK Osijek,UECL,0.7213333333333334,638.4792359541436,138
2021/22,36,Lokomotiv Plovdiv,UECL,0.47600000000000003,638.1903800528329,139
2021/22,205,Mura Murska Sobota,UECL,0.4620000000000001,637.1877879266801,140
2021/22,31,FK Sarajevo,UECL,0.7886666666666667,637.1397321453175,141
2021/22,204,Spartak Trnava,UECL,0.504,636.7702114119726,142
2021/22,130,Riga FC,UECL,0.6806666666666666,635.8466385305358,143
2021/22,138,F91 Dudelange,UECL,0.6166666666666667,634.7230974396283,144
2021/22,140,Swift Hesperange,UECL,0.0,633.7642541983917,145
2021/22,183,Universitatea Craiova,UECL,0.7320000000000001,633.4958189640522,146
2021/22,81,Dinamo Tbilisi,UECL,0.7506666666666667,633.142687994136,147
2021/22,18,Neftchi Baku,UECL,0.7193333333333334,633.1185544249572,148
2021/22,221,FC Luzern,UECL,0.5273333333333334,631.7647995538161,149
2021/22,63,Flora Tallinn,UECL,0.84,631.5935746619953,150
2021/22,33,Velez Mostar,UECL,0.0,631.4971561121197,151
2021/22,237,The New Saints,UECL,0.8853333333333333,631.0557258363674,152
2021/22,216,BK Häcken,UECL,0.4226666666666667,630.727949130918,153
2021/22,201,DAC Dunajska Streda,UECL,0.6713333333333333,630.7125003948203,154
2021/22,217,Hammarby IF,UECL,0.24200000000000002,630.3204964031503,155
2021/22,165,Linfield Belfast,UECL,0.72,630.0495616811021,156
2021/22,122,Kairat Almaty,UECL,0.8493333333333334,629.7342249912251,157
2021/22,208,Olimpija Ljubljana,UECL,0.8226666666666667,629.5478437302049,158
2021/22,101,Újpest TE,UECL,0.17333333333333334,629.086859830588,159
2021/22,22,Dynamo Brest,UECL,0.5546666666666666,629.0570205168216,160
2021/22,136,Zalgiris Vilnius,UECL,0.7866666666666666,627.3410776979729,161
2021/22,149,Buducnost Podgorica,UECL,0.8006666666666666,626.6333561853795,162
2021/22,4,Vllaznia Shkodër,UECL,0.0,626.0792933798285,163
2021/22,67,KI Klaksvik,UECL,0.8246666666666667,623.7200355843866,164
2021/22,23,Shakhtior Saligorsk,UECL,0.8193333333333334,623.4835589440474,165
2021/22,8,Alashkert FC,UECL,0.8273333333333334,623.3832554364992,166
2021/22,9,Ararat Yerevan,UECL,0.0,623.2913809886666,167
2021/22,164,Larne FC,UECL,0.0,623.2569054746998,168
2021/22,30,Borac Banja Luka,UECL,0.24200000000000002,623.0443530981804,169
2021/22,20,Sumgayit FK,UECL,0.22,621.6770199164876,170
2021/22,124,Tobol Kustanai,UECL,0.37133333333333335,621.4767678763487,171
2021/22,91,Lincoln Red Imps,UECL,0.8093333333333333,621.1565956463413,172
2021/22,72,KuPS Kuopio,UECL,0.6666666666666666,621.0211081858727,173
2021/22,133,FK Panevezys,UECL,0.0,620.0232512605619,174
2021/22,137,CS Fola Esch,UECL,0.7946666666666666,619.6458185274332,175
2021/22,158,FC Struga,UECL,0.0,619.6029935008124,176
2021/22,109,Sligo Rovers,UECL,0.0,618.9911348562256,177
2021/22,108,Shamrock Rovers,UECL,0.7866666666666666,616.5127426629194,178
2021/22,69,HJK Helsinki,UECL,0.6526666666666667,616.075470963739,179
2021/22,79,Dila Gori,UECL,0.051333333333333335,615.8894959492673,180
2021/22,3,Teuta Durrës,UECL,0.49133333333333334,614.7078180425882,181
2021/22,82,Gagra Tbilisi,UECL,0.0,614.5834589588906,182
2021/22,202,MSK Zilina,UECL,0.31533333333333335,613.8695246243656,183
2021/22,139,Racing Union Luxembourg,UECL,0.14666666666666667,613.7515615479756,184
2021/22,235,Connah's Quay,UECL,0.7786666666666666,613.2532525702367,185
2021/22,132,FC Vaduz,UECL,0.8366666666666667,613.2160620428483,186
2021/22,127,KF Llapi,UECL,0.0,612.2464299991962,187
2021/22,10,FC Noah,UECL,0.22,610.9269646279279,188
2021/22,125,FC Drita,UECL,0.48600000000000004,610.5516086488991,189
2021/22,152,Sutjeska Niksic,UECL,0.7586666666666667,610.2950620949789,190
2021/22,206,NK Domzale,UECL,0.6073333333333334,609.7915955068381,191
2021/22,6,Inter Club d'Escaldes,UECL,0.24200000000000002,608.2294251087845,192
2021/22,163,Glentoran,UECL,0.24200000000000002,607.8833767989598,193
2021/22,106,Bohemians Dublin,UECL,0.22,607.4515889342593,194
2021/22,150,Decic Tuzi,UECL,0.0,607.3470328045358,195
2021/22,92,Mons Calpe,UECL,0.0,607.2056625319124,196
2021/22,66,HB Torshavn,UECL,0.5053333333333334,607.0643732360036,197
2021/22,162,Coleraine,UECL,0.506,605.4802792821607,198
2021/22,144,Mosta FC,UECL,0.0,605.3393699934732,199
2021/22,17,Kesla FK,UECL,0.47933333333333333,604.5517452986996,200
2021/22,236,Newtown,UECL,0.0,604.4120960948619,201
2021/22,1,KF Laçi,UECL,0.6133333333333333,604.1880514896383,202
2021/22,105,Valur Reykjavik,UECL,0.5980000000000001,603.8499401165118,203
2021/22,131,Valmieras FK,UECL,0.22,603.3510405724276,204
2021/22,143,Hibernians FC,UECL,0.604,602.8197673877286,205
2021/22,80,Dinamo Batumi,UECL,0.31533333333333335,602.3336151374541,206
2021/22,129,RFS Riga,UECL,0.41800000000000004,602.2754843756344,207
2021/22,159,FK Shkupi,UECL,0.5646666666666667,600.5587879822403,208
2021/22,151,FK Podgorica,UECL,0.0,600.0966453827806,209
2021/22,71,Inter Turku,UECL,0.41800000000000004,599.4205600673602,210
2021/22,90,Europa FC,UECL,0.7786666666666666,598.9569087211397,211
2021/22,146,Petrocub Hîncesti,UECL,0.5646666666666667,598.6070786914579,212
2021/22,142,Gzira United,UECL,0.4073333333333334,596.9615994566979,213
2021/22,103,FH Hafnarfjardar,UECL,0.5746666666666667,596.9254929625035,214
2021/22,11,Urartu FC,UECL,0.396,596.1611006211539,215
2021/22,70,Honka Espoo,UECL,0.22,595.9532459012975,216
2021/22,2,Partizani Tirana,UECL,0.546,595.5945237771424,217
2021/22,65,Paide Linnameeskond,UECL,0.22,594.7113704280364,218
2021/22,147,Sfântul Gheorghe,UECL,0.24200000000000002,594.2904125274997,219
2021/22,141,Birkirkara,UECL,0.21666666666666667,594.2087296328457,220
2021/22,161,Sileks Kratovo,UECL,0.29333333333333333,594.1755417482232,221
2021/22,134,Kauno Zalgiris,UECL,0.41800000000000004,593.9685887376257,222
2021/22,5,FC Santa Coloma,UECL,0.7606666666666666,593.6419689122525,223
2021/22,128,FK Liepaja,UECL,0.5446666666666667,593.5165192372858,224
2021/22,32,Siroki Brijeg,UECL,0.5086666666666667,592.2521525656306,225
2021/22,64,Levadia Tallinn,UECL,0.7206666666666667,590.9312375194379,226
2021/22,104,Stjarnan FC,UECL,0.5026666666666667,589.5394267922952,227
2021/22,68,NSI Runavik,UECL,0.7333333333333333,588.8736592272585,228
2021/22,145,Milsami Orhei,UECL,0.44000000000000006,588.4669694246369,229
2021/22,234,Bala Town,UECL,0.5353333333333333,588.0367804801922,230
2021/22,126,FC Prishtina,UECL,0.6866666666666668,587.387315538442,231
2021/22,102,Breidablik,UECL,0.4693333333333334,582.7591290828097,232
2021/22,93,St Joseph's FC,UECL,0.6960000000000001,577.5797487237351,233
2021/22,190,La Fiorita,UECL,0.7246666666666667,574.8638175324236,234
2021/22,191,Tre Penne,UECL,0.5826666666666667,572.6842068167742,235
2021/22,189,Folgore,UECL,0.29333333333333333,572.4031038765535,236
2021/22,7,Sant Julià,UECL,0.44000000000000006,567.0156767490369,237
2022/23,59,Manchester City,UCL,1.0,900.7644570121581,1
2022/23,209,Real Madrid,UCL,1.0,899.7252314074138,2
2022/23,86,Bayern München,UCL,1.0,898.186803109037,3
2022/23,58,Liverpool,UCL,1.0,896.3741521616355,4
2022/23,78,Paris Saint-Germain,UCL,1.0,896.3306388756525,5
2022/23,57,Chelsea,UCL,1.0,895.508458247448,6
2022/23,207,FC Barcelona,UEL,1.0,895.4139114110609,7
2022/23,60,Manchester United,UEL,1.0,892.9113765048853,8
2022/23,119,Juventus,UEL,1.0,892.1247780868403,9
2022/23,206,Atlético Madrid,UCL,1.0,892.0237698504872,10
2022/23,116,AS Roma,UEL,1.0,890.4778088753876,11
2022/23,156,Ajax,UEL,0.9906666666666667,887.7890018980647,12
2022/23,211,Sevilla,UEL,1.0,878.5334493847449,13
2022/23,89,RB Leipzig,UCL,1.0,876.8025813447305,14
2022/23,212,Villarreal,UECL,0.8,874.274212180752,15
2022/23,87,Borussia Dortmund,UCL,1.0,868.286400693856,16
2022/23,177,FC Porto,UCL,1.0,865.5749385412165,17
2022/23,118,Internazionale,UCL,0.9300000000000002,864.2069139544367,18
2022/23,61,Tottenham Hotspur,UCL,1.0,853.2173085212056,19
2022/23,176,Benfica,UCL,1.0,849.0753653560346,20
2022/23,13,FC Salzburg,UEL,1.0,846.7922760688015,21
2022/23,191,Glasgow Rangers,UCL,0.9813333333333334,842.1591163778841,22
2022/23,121,Napoli,UCL,1.0,841.2258828335534,23
2022/23,85,Bayer Leverkusen,UEL,0.9300000000000002,839.8513569076931,24
2022/23,228,Shakhtar Donetsk,UEL,1.0,837.7865286232758,25
2022/23,56,Arsenal,UEL,0.67,825.2283835209872,26
2022/23,38,Dinamo Zagreb,UCL,0.9906666666666667,824.6095825098341,27
2022/23,48,Slavia Praha,UECL,1.0,820.8811804723447,28
2022/23,197,Red Star Belgrade,UEL,1.0,820.4847294205233,29
2022/23,158,Feyenoord,UEL,0.9653333333333334,820.0390071572436,30
2022/23,180,Sporting CP Lisbon,UEL,0.928,819.8829589750561,31
2022/23,179,Sporting Braga,UECL,0.9653333333333334,819.7147504225112,32
2022/23,120,Lazio,UECL,1.0,818.9439993621916,33
2022/23,88,Eintracht Frankfurt,UCL,0.66,812.3025233988473,34
2022/23,217,FC Basel,UECL,0.946,811.0379389114576,35
2022/23,52,FC København,UCL,0.946,799.9678085035287,36
2022/23,97,Olympiakos Piraeus,UEL,1.0,799.8529558464068,37
2022/23,77,Olympique Marseille,UCL,0.8,796.8791158207952,38
2022/23,27,Club Brugge,UCL,0.9906666666666667,796.6509336679438,39
2022/23,159,PSV Eindhoven,UEL,0.9813333333333334,793.0349626217015,40
2022/23,79,Stade Rennais,UEL,0.9300000000000002,791.3248760772958,41
2022/23,115,AC Milan,UCL,0.8,788.1518002776749,42
2022/23,220,Young Boys,UECL,1.0,785.9642442143396,43
2022/23,155,AZ Alkmaar,UECL,0.8953333333333335,785.8217737046025,44
2022/23,226,Dynamo Kyiv,UEL,1.0,785.3805787111147,45
2022/23,25,AA Gent,UECL,0.9640000000000001,769.0011528137959,46
2022/23,98,PAOK Thessaloniki,UECL,0.9640000000000001,767.5184725049024,47
2022/23,189,Celtic,UCL,1.0,765.7750361027249,48
2022/23,114,Maccabi Tel-Aviv,UECL,0.9733333333333334,756.492673482928,49
2022/23,210,Real Sociedad,UEL,0.67,753.6621301986603,50
2022/23,62,West Ham United,UECL,0.33,750.8025803478919,51
2022/23,74,AS Monaco,UEL,0.53,750.5149562240377,52
2022/23,19,Qarabag FK,UECL,1.0,747.3338223747202,53
2022/23,208,Real Betis,UEL,0.4600000000000001,742.065974109006,54
2022/23,168,Bodø/Glimt,UECL,0.546,740.8688206209105,55
2022/23,216,Malmö FF,UEL,0.9453333333333334,740.2350064219528,56
2022/23,195,Partizan Belgrade,UECL,0.946,737.934550957327,57
2022/23,53,FC Midtjylland,UEL,0.9466666666666667,733.8974369072502,58
2022/23,170,Molde FK,UECL,0.8860000000000001,733.875281155236,59
2022/23,150,Sheriff Tiraspol,UECL,0.946,732.2658088269783,60
2022/23,50,Viktoria Plzen,UCL,0.9193333333333333,726.8685306932396,61
2022/23,182,CFR Cluj,UECL,0.9300000000000002,726.1801145951416,62
2022/23,157,FC Twente Enschede,UECL,0.0,719.7923542898956,63
2022/23,37,Ludogorets Razgrad,UECL,1.0,718.3221060845576,64
2022/23,117,Fiorentina,UECL,0.0,717.6954951310754,65
2022/23,222,Istanbul Basaksehir,UECL,0.6353333333333334,715.1904843460478,66
2022/23,28,Royal Antwerp,UECL,0.7733333333333334,714.2024270458224,67
2022/23,230,Zorya Luhansk,UECL,0.9826666666666667,712.2160847872495,68
2022/23,101,Ferencváros,UEL,0.9560000000000001,711.6341167565413,69
2022/23,90,SC Freiburg,UEL,0.051333333333333335,710.4358021446998,70
2022/23,178,Gil Vicente,UECL,0.0,709.5843668482248,71
2022/23,75,FC Nantes,UEL,0.0,707.2465838550904,72
2022/23,219,FC Zürich,UEL,0.13,704.6708724576162,73
2022/23,84,1.FC Köln,UECL,0.07,702.4781962194076,74
2022/23,14,Rapid Wien,UECL,0.73,702.2015770128562,75
2022/23,49,Sparta Praha,UECL,0.8933333333333333,701.6305089820462,76
2022/23,29,Union Saint-Gilloise,UEL,0.0,700.0528358111698,77
2022/23,192,Hearts FC,UECL,0.0,699.0935315419059,78
2022/23,200,Slovan Bratislava,UECL,0.9186666666666666,698.3724218795857,79
2022/23,91,Union Berlin,UEL,0.33,696.7778779807641,80
2022/23,190,Dundee United,UECL,0.0,690.5614521221352,81
2022/23,227,SC Dnipro-1,UECL,0.0,688.801663310431,82
2022/23,111,Hapoel Beer-Sheva,UECL,1.0,687.0744714810953,83
2022/23,221,Fenerbahçe,UEL,0.5206666666666667,686.6526607279254,84
2022/23,122,FK Astana,UECL,0.8839999999999999,686.1048526831356,85
2022/23,16,Wolfsberger AC,UECL,0.4700000000000001,685.2674753529991,86
2022/23,54,Silkeborg IF,UECL,0.0,682.504675622872,87
2022/23,76,OGC Nice,UECL,0.34,682.2871697905958,88
2022/23,43,APOEL Nicosia,UECL,0.6340000000000001,680.7523741613977,89
2022/23,41,NK Rijeka,UECL,0.9386666666666666,679.9990545956938,90
2022/23,181,Vitória Guimarães,UECL,0.27,676.0276203087184,91
2022/23,223,Konyaspor,UECL,0.07,674.9125079658596,92
2022/23,35,CSKA Sofia,UECL,0.9300000000000002,674.8260182312373,93
2022/23,113,Maccabi Netanya,UECL,0.0,674.8200204236941,94
2022/23,44,Apollon Limassol,UECL,0.858,674.4543781680953,95
2022/23,21,BATE Borisov,UECL,0.8220000000000001,673.7752669770042,96
2022/23,183,FCSB,UECL,0.858,671.701816693602,97
2022/23,225,Trabzonspor,UECL,0.48600000000000004,668.7793561384024,98
2022/23,169,Lillestrøm SK,UECL,0.09533333333333334,668.1355749800894,99
2022/23,63,Flora Tallinn,UECL,0.9013333333333333,667.5700965832892,100
2022/23,112,Maccabi Haifa,UCL,0.7373333333333334,666.6947491344839,101
2022/23,55,Viborg FF,UECL,0.0,666.4085361631143,102
2022/23,102,Kisvárda FC,UECL,0.0,666.3182093787374,103
2022/23,45,Aris Limassol,UECL,0.0,665.7952975729856,104
2022/23,26,Anderlecht,UECL,0.48600000000000004,665.0470653972455,105
2022/23,99,Panathinaikos,UECL,0.060666666666666674,664.0732147720112,106
2022/23,171,Viking Stavanger,UECL,0.18,663.601355515541,107
2022/23,126,FC Ballkani,UECL,0.0,660.1998683862785,108
2022/23,46,Omonia Nicosia,UEL,0.6000000000000001,658.8496836656044,109
2022/23,15,Sturm Graz,UEL,0.65,658.7672536167041,110
2022/23,12,Austria Wien,UECL,0.4586666666666667,656.537922718182,111
2022/23,204,NK Maribor,UECL,0.866,656.1461554728177,112
2022/23,70,HJK Helsinki,UEL,0.7206666666666668,656.1042864055707,113
2022/23,193,Motherwell,UECL,0.21600000000000003,655.5771842606913,114
2022/23,34,Botev Plovdiv,UECL,0.07,654.5358507689192,115
2022/23,224,Sivasspor,UECL,0.6000000000000001,654.4683258573147,116
2022/23,100,FC Fehérvár,UECL,0.8493333333333334,653.882703371752,117
2022/23,196,Radnicki Nis,UECL,0.25933333333333336,653.4521843121555,118
2022/23,203,NK Koper,UECL,0.0,653.0911464090564,119
2022/23,218,FC Lugano,UECL,0.27,652.6133808567757,120
2022/23,51,Brøndby IF,UECL,0.7033333333333334,651.1348625890084,121
2022/23,172,Lech Poznan,UECL,0.4700000000000001,650.8432721723074,122
2022/23,47,1.FC Slovácko,UECL,0.24200000000000002,650.6010383768182,123
2022/23,123,FK Kyzylzhar,UECL,0.0,650.0567157053229,124
2022/23,194,Cukaricki Belgrade,UECL,0.45933333333333337,649.2740194359272,125
2022/23,72,KuPS Kuopio,UECL,0.8326666666666668,648.6232879223213,126
2022/23,137,Suduva Marijampole,UECL,0.902,647.811841458625,127
2022/23,42,AEK Larnaca,UECL,0.4,647.756587028905,128
2022/23,132,Riga FC,UECL,0.8413333333333335,646.1854113188633,129
2022/23,39,Hajduk Split,UECL,0.7693333333333333,644.6259818331647,130
2022/23,96,Aris Thessaloniki,UECL,0.5953333333333333,644.2899472067983,131
2022/23,124,Kairat Almaty,UECL,0.8919999999999999,644.2837590563119,132
2022/23,138,Zalgiris Vilnius,UECL,0.8560000000000001,644.1523624421242,133
2022/23,40,NK Osijek,UECL,0.7953333333333333,643.8881061253228,134
2022/23,18,Neftchi Baku,UECL,0.8233333333333335,643.7514160382779,135
2022/23,214,Djurgårdens IF,UECL,0.31133333333333335,643.7000790049735,136
2022/23,229,Vorskla Poltava,UECL,0.372,643.6337451170551,137
2022/23,201,Spartak Trnava,UECL,0.6333333333333333,643.0779912710283,138
2022/23,233,The New Saints,UECL,0.9186666666666666,642.985133426246,139
2022/23,173,Lechia Gdansk,UECL,0.14666666666666667,641.7053090647037,140
2022/23,213,AIK Stockholm,UECL,0.3826666666666667,641.0748290497028,141
2022/23,175,Raków Czestochowa,UECL,0.33,640.8732252146398,142
2022/23,20,Zira FK,UECL,0.060666666666666674,640.6877465950826,143
2022/23,215,IF Elfsborg,UECL,0.33,640.3897877954341,144
2022/23,108,Shamrock Rovers,UECL,0.8573333333333333,640.3708216568479,145
2022/23,94,Lincoln Red Imps,UECL,0.87,639.4198131760356,146
2022/23,23,FC Gomel,UECL,0.0,639.3416820446762,147
2022/23,141,F91 Dudelange,UECL,0.6233333333333333,638.983255328664,148
2022/23,205,Olimpija Ljubljana,UECL,0.8386666666666667,638.548920898712,149
2022/23,31,Tuzla City,UECL,0.0,638.428852847222,150
2022/23,167,Linfield Belfast,UECL,0.8246666666666667,638.3303130259158,151
2022/23,174,Pogon Szczecin,UECL,0.24200000000000002,638.2003855306231,152
2022/23,8,Alashkert FC,UECL,0.874,636.4776110655929,153
2022/23,163,Shkendija Tetovo,UECL,0.8753333333333333,635.9458606154129,154
2022/23,139,CS Fola Esch,UECL,0.8573333333333333,635.7911660876116,155
2022/23,125,Tobol Kustanai,UECL,0.5453333333333333,635.3705798655482,156
2022/23,185,Universitatea Craiova,UECL,0.7686666666666666,634.4747150630993,157
2022/23,198,DAC Dunajska Streda,UECL,0.744,632.9427714787018,158
2022/23,33,Zrinjski Mostar,UECL,0.5973333333333334,632.1754959579567,159
2022/23,202,Mura Murska Sobota,UECL,0.6926666666666667,631.7774525275714,160
2022/23,73,SJK Seinäjoki,UECL,0.051333333333333335,629.905479816179,161
2022/23,2,KF Tirana,UECL,0.26733333333333337,629.8359433075675,162
2022/23,82,Dinamo Tbilisi,UECL,0.7973333333333334,629.6541811188005,163
2022/23,68,KI Klaksvik,UECL,0.84,628.6253626403984,164
2022/23,131,RFS Riga,UECL,0.6566666666666666,626.8708306990736,165
2022/23,24,Shakhtior Saligorsk,UECL,0.83,626.2909195474211,166
2022/23,146,Hibernians FC,UECL,0.7353333333333334,625.3223886610461,167
2022/23,1,KF Laçi,UECL,0.7873333333333334,625.0155033911378,168
2022/23,11,Pyunik Yerevan,UECL,0.38133333333333336,624.5588568578502,169
2022/23,184,Sepsi OSK,UECL,0.24200000000000002,624.4263423892329,170
2022/23,151,Buducnost Podgorica,UECL,0.8220000000000001,622.9222813356172,171
2022/23,106,Vikingur Reykjavik,UECL,0.18,622.5946513641062,172
2022/23,10,Ararat-Armenia,UECL,0.43400000000000005,622.434005125614,173
2022/23,154,Sutjeska Niksic,UECL,0.83,621.7670663886724,174
2022/23,103,Puskás Akadémia,UECL,0.4660000000000001,621.4072378669612,175
2022/23,145,Hamrun Spartans,UECL,0.0,621.2106332603017,176
2022/23,199,MFK Ruzomberok,UECL,0.39666666666666667,621.136540817669,177
2022/23,110,St. Patrick's Athletic,UECL,0.14666666666666667,620.8100719595845,178
2022/23,36,Levski Sofia,UECL,0.3293333333333333,619.8266618908916,179
2022/23,127,FC Drita,UECL,0.65,619.7628989495275,180
2022/23,81,Dinamo Batumi,UECL,0.5613333333333334,617.9249636836519,181
2022/23,64,Levadia Tallinn,UECL,0.7593333333333333,616.7440122018991,182
2022/23,134,FC Vaduz,UECL,0.7953333333333333,615.5795860839723,183
2022/23,148,Petrocub Hîncesti,UECL,0.7080000000000001,615.5441847575843,184
2022/23,17,Gabala FK,UECL,0.30266666666666664,613.1276891070299,185
2022/23,6,Inter Club d'Escaldes,UECL,0.48400000000000004,613.0596853609186,186
2022/23,161,FK Shkupi,UECL,0.7080000000000001,612.3128412991638,187
2022/23,67,HB Torshavn,UECL,0.6613333333333333,611.9193031043877,188
2022/23,140,Differdange 03,UECL,0.23133333333333334,611.8174815509828,189
2022/23,164,Cliftonville,UECL,0.26866666666666666,611.6805040956389,190
2022/23,166,Larne FC,UECL,0.33,611.3048660607743,191
2022/23,30,Borac Banja Luka,UECL,0.48400000000000004,610.89497557328,192
2022/23,129,SC Gjilani,UECL,0.198,609.7358460610545,193
2022/23,143,Floriana,UECL,0.26733333333333337,609.7338423339284,194
2022/23,104,Breidablik,UECL,0.6566666666666666,607.9841333271504,195
2022/23,69,Víkingur,UECL,0.17333333333333334,607.6422308690032,196
2022/23,109,Sligo Rovers,UECL,0.24200000000000002,607.4625334741849,197
2022/23,7,UE Santa Coloma,UECL,0.051333333333333335,607.06240707506,198
2022/23,147,Milsami Orhei,UECL,0.5793333333333334,606.6343515476005,199
2022/23,133,Valmieras FK,UECL,0.42200000000000004,606.5950401425623,200
2022/23,136,Kauno Zalgiris,UECL,0.6126666666666667,606.5843855688745,201
2022/23,93,FCB Magpies,UECL,0.0,606.5131252756466,202
2022/23,22,Dinamo Minsk,UECL,0.5266666666666667,606.3882922870943,203
2022/23,130,FK Liepaja,UECL,0.6153333333333333,606.3628557656076,204
2022/23,32,Velez Mostar,UECL,0.33,604.3114065210119,205
2022/23,149,Sfântul Gheorghe,UECL,0.44000000000000006,604.2527811785083,206
2022/23,135,FK Panevezys,UECL,0.24200000000000002,604.2247902792726,207
2022/23,160,Akademija Pandev,UECL,0.14666666666666667,603.7182766821298,208
2022/23,92,Europa FC,UECL,0.76,603.2544776842245,209
2022/23,3,Partizani Tirana,UECL,0.6060000000000001,602.9409508624623,210
2022/23,66,B36 Torshavn,UECL,0.562,602.6476365138665,211
2022/23,71,Inter Turku,UECL,0.5686666666666667,602.2237330431876,212
2022/23,165,Crusaders Belfast,UECL,0.3373333333333333,602.1708011631994,213
2022/23,65,Paide Linnameeskond,UECL,0.42200000000000004,601.4235201985983,214
2022/23,128,KF Llapi,UECL,0.24200000000000002,601.2458853676391,215
2022/23,80,Dila Gori,UECL,0.24200000000000002,601.0656837446707,216
2022/23,144,Gzira United,UECL,0.5720000000000001,600.8785025633832,217
2022/23,5,Atlètic Club d'Escaldes,UECL,0.0,600.5958663079145,218
2022/23,9,Ararat Yerevan,UECL,0.28600000000000003,600.3019953515274,219
2022/23,231,Bala Town,UECL,0.5866666666666667,598.6258723867155,220
2022/23,107,Derry City,UECL,0.3266666666666667,597.311067186119,221
2022/23,83,Saburtalo Tbilisi,UECL,0.38,597.171420514903,222
2022/23,232,Newtown,UECL,0.24200000000000002,597.0935675345941,223
2022/23,4,Vllaznia Shkodër,UECL,0.28600000000000003,596.5460721691053,224
2022/23,142,Racing Union Luxembourg,UECL,0.3373333333333334,594.7921714178326,225
2022/23,162,Makedonija GjP,UECL,0.14666666666666667,593.5308996529476,226
2022/23,105,KR Reykjavik,UECL,0.4053333333333333,592.5439167032957,227
2022/23,152,Decic Tuzi,UECL,0.24200000000000002,588.9863444827555,228
2022/23,95,St Joseph's FC,UECL,0.742,586.3368618676551,229
2022/23,153,Iskra Danilovgrad,UECL,0.198,584.8651662023397,230
2022/23,186,La Fiorita,UECL,0.724,584.0736908166879,231
2022/23,188,Tre Penne,UECL,0.6333333333333333,579.0145131350054,232
2022/23,187,Tre Fiori,UECL,0.45733333333333337,571.1617191315734,233
2023/24,58,Manchester City,UCL,1.0,902.8666218759274,1
2023/24,85,Bayern München,UCL,1.0,898.5502222512238,2
2023/24,76,Paris Saint-Germain,UCL,1.0,896.485759479929,3
2023/24,59,Manchester United,UCL,1.0,895.7042261564519,4
2023/24,209,Real Madrid,UCL,1.0,895.0463411654061,5
2023/24,118,Internazionale,UCL,1.0,894.0014253794989,6
2023/24,57,Liverpool,UEL,1.0,893.9663831742569,7
2023/24,115,AS Roma,UEL,1.0,891.4788818671076,8
2023/24,174,Benfica,UEL,1.0,884.6990991087551,9
2023/24,88,RB Leipzig,UCL,1.0,880.260804591077,10
2023/24,212,Villarreal,UEL,0.8700000000000001,878.030678869651,11
2023/24,120,Napoli,UCL,1.0,877.1229829144851,12
2023/24,211,Sevilla,UCL,1.0,876.4627286209477,13
2023/24,206,FC Barcelona,UCL,1.0,876.1932263781591,14
2023/24,86,Borussia Dortmund,UCL,1.0,873.785626758932,15
2023/24,154,Ajax,UECL,1.0,866.572201962824,16
2023/24,176,FC Porto,UCL,1.0,865.040219149901,17
2023/24,205,Atlético Madrid,UCL,1.0,863.988907359714,18
2023/24,84,Bayer Leverkusen,UEL,1.0,859.7883439251327,19
2023/24,87,Eintracht Frankfurt,UECL,0.8,854.0857529115051,20
2023/24,156,Feyenoord,UEL,0.9813333333333334,853.6759358358262,21
2023/24,114,AC Milan,UEL,0.8700000000000001,843.075810205087,22
2023/24,54,Arsenal,UCL,0.73,839.3453465957919,23
2023/24,153,AZ Alkmaar,UECL,0.9813333333333334,835.6144717257228,24
2023/24,228,Shakhtar Donetsk,UEL,1.0,829.8135508759451,25
2023/24,13,FC Salzburg,UCL,1.0,829.2958240384428,26
2023/24,178,Sporting CP Lisbon,UEL,0.9466666666666667,828.3264574476837,27
2023/24,26,Club Brugge,UECL,1.0,827.2325711247121,28
2023/24,217,FC Basel,UECL,0.9600000000000001,826.0006282779615,29
2023/24,189,Glasgow Rangers,UEL,1.0,823.4227316862972,30
2023/24,38,Dinamo Zagreb,UECL,1.0,814.2211386037175,31
2023/24,177,Sporting Braga,UEL,0.9813333333333334,813.3874982052557,32
2023/24,157,PSV Eindhoven,UCL,1.0,811.5822585100003,33
2023/24,78,Stade Rennais,UEL,1.0,810.3183682655183,34
2023/24,61,West Ham United,UEL,0.6000000000000001,808.446871008339,35
2023/24,47,Slavia Praha,UEL,1.0,807.6177999419654,36
2023/24,210,Real Sociedad,UCL,0.8,805.9648457017436,37
2023/24,119,Lazio,UCL,1.0,804.8741106818892,38
2023/24,116,Atalanta,UEL,0.67,803.4051682300079,39
2023/24,194,Red Star Belgrade,UCL,1.0,801.1356666599166,40
2023/24,51,FC København,UCL,0.9600000000000001,797.399366928262,41
2023/24,75,Olympique Marseille,UEL,0.8700000000000001,796.9893506502174,42
2023/24,25,AA Gent,UECL,0.9906666666666667,796.2512089670489,43
2023/24,208,Real Betis,UECL,0.67,788.6340628771226,44
2023/24,221,Young Boys,UEL,1.0,771.484054452944,45
2023/24,96,Olympiakos Piraeus,UECL,1.0,770.5640337780948,46
2023/24,100,Ferencváros,UECL,0.9813333333333334,768.5270755421091,47
2023/24,224,Fenerbahçe,UECL,0.67,766.192748897878,48
2023/24,199,Slovan Bratislava,UECL,0.9466666666666667,764.868133792653,49
2023/24,188,Celtic,UCL,1.0,760.8163109094968,50
2023/24,74,Lille OSC,UECL,0.6000000000000001,758.4890010210081,51
2023/24,52,FC Midtjylland,UECL,0.9653333333333334,757.2873501540206,52
2023/24,14,LASK,UEL,0.6606666666666667,756.4061069575575,53
2023/24,193,Partizan Belgrade,UECL,0.9600000000000001,754.4630605363145,54
2023/24,226,Dynamo Kyiv,UECL,1.0,753.4399521289333,55
2023/24,225,Galatasaray,UEL,0.6300000000000001,753.4152267390608,56
2023/24,19,Qarabag FK,UEL,1.0,752.6493459795093,57
2023/24,60,Newcastle United,UCL,0.0,752.235364435696,58
2023/24,180,CFR Cluj,UECL,1.0,749.4918551212925,59
2023/24,90,Union Berlin,UCL,0.6000000000000001,746.7948147807231,60
2023/24,97,PAOK Thessaloniki,UECL,0.8946666666666667,745.7961999619286,61
2023/24,167,Molde FK,UECL,0.9640000000000001,745.0493122169228,62
2023/24,113,Maccabi Tel-Aviv,UECL,0.9826666666666667,743.4648142428968,63
2023/24,117,Fiorentina,UECL,0.33,742.5800792543524,64
2023/24,166,Bodø/Glimt,UECL,0.76,742.3565974038221,65
2023/24,56,Brighton & Hove Albion,UEL,0.0,740.6497445543955,66
2023/24,77,RC Lens,UEL,0.0,736.1376727285784,67
2023/24,89,SC Freiburg,UEL,0.33,735.014902564289,68
2023/24,55,Aston Villa,UECL,0.0,734.8569346137452,69
2023/24,29,Union Saint-Gilloise,UECL,0.33,732.4387283534115,70
2023/24,148,Sheriff Tiraspol,UEL,0.9600000000000001,730.7945097133945,71
2023/24,170,Lech Poznan,UECL,0.6000000000000001,725.9178653270801,72
2023/24,207,Osasuna,UECL,0.0,725.5036848891907,73
2023/24,28,Royal Antwerp,UCL,0.9126666666666667,722.915695962396,74
2023/24,37,Ludogorets Razgrad,UECL,1.0,722.6883048185637,75
2023/24,214,Djurgårdens IF,UECL,0.5413333333333334,716.4340139646978,76
2023/24,111,Hapoel Beer-Sheva,UECL,1.0,715.6831341802326,77
2023/24,175,FC Arouca,UECL,0.0,712.2913246222536,78
2023/24,112,Maccabi Haifa,UECL,0.8860000000000001,708.7029969466076,79
2023/24,79,Toulouse FC,UEL,0.0,708.120868119645,80
2023/24,49,Viktoria Plzen,UECL,0.9426666666666667,705.5674281722446,81
2023/24,15,Rapid Wien,UECL,0.8700000000000001,701.1673458704397,82
2023/24,230,Zorya Luhansk,UECL,0.9026666666666667,699.3144897644268,83
2023/24,16,Sturm Graz,UECL,0.756,696.6973109081015,84
2023/24,222,Adana Demirspor,UECL,0.0,696.3057602191702,85
2023/24,48,Sparta Praha,UEL,0.8586666666666667,696.073778762273,86
2023/24,27,Racing Genk,UECL,0.4700000000000001,694.0050908669051,87
2023/24,227,SC Dnipro-1,UECL,0.33,687.859802525317,88
2023/24,46,Bohemians Praha,UECL,0.0,684.3570319175338,89
2023/24,155,FC Twente Enschede,UECL,0.28600000000000003,679.9938684317102,90
2023/24,53,FC Nordsjælland,UECL,0.07,679.859450439338,91
2023/24,35,CSKA Sofia,UECL,1.0,679.6748401439781,92
2023/24,101,Kecskeméti TE,UECL,0.0,676.9355234126846,93
2023/24,182,Farul Constanta,UECL,0.156,676.7549205720821,94
2023/24,223,Besiktas,UECL,0.6166666666666667,676.7008490202518,95
2023/24,195,TSC Backa Topola,UEL,0.14666666666666667,676.2377541238203,96
2023/24,45,Omonia Nicosia,UECL,0.8,675.5763363029808,97
2023/24,137,Zalgiris Vilnius,UECL,0.912,674.6541553942548,98
2023/24,216,Kalmar FF,UECL,0.0,674.2895882616942,99
2023/24,43,APOEL Nicosia,UECL,0.7033333333333334,672.9963210009499,100
2023/24,70,HJK Helsinki,UECL,0.8,671.7800524356517,101
2023/24,44,Aris Limassol,UEL,0.24200000000000002,670.1931218018681,102
2023/24,34,CSKA 1948 Sofia,UECL,0.0,669.5287962767262,103
2023/24,94,AEK Athens,UEL,0.5806666666666667,668.5710356320172,104
2023/24,213,BK Häcken,UEL,0.35400000000000004,668.1485015232957,105
2023/24,20,Sabah FK,UECL,0.0,666.2318257606387,106
2023/24,171,Legia Warsaw,UECL,0.6433333333333334,665.5417456090737,107
2023/24,179,Vitória Guimarães,UECL,0.41600000000000004,665.2737963828522,108
2023/24,41,NK Rijeka,UECL,0.876,661.9458321345076,109
2023/24,181,FCSB,UECL,0.8879999999999999,660.6547529393295,110
2023/24,62,Flora Tallinn,UECL,0.8586666666666667,660.4357493618918,111
2023/24,190,Hearts FC,UECL,0.33,660.3972103617156,112
2023/24,173,Raków Czestochowa,UEL,0.6000000000000001,660.1256273496384,113
2023/24,122,FK Astana,UECL,0.8226666666666667,659.2765451119944,114
2023/24,42,AEK Larnaca,UECL,0.53,659.247709406035,115
2023/24,168,Rosenborg BK,UECL,0.6433333333333334,658.420198166243,116
2023/24,169,SK Brann Bergen,UECL,0.09533333333333334,657.8483316556641,117
2023/24,108,Shamrock Rovers,UECL,0.9106666666666666,657.4078628495579,118
2023/24,102,Zalaegerszegi TE,UECL,0.0,656.9047974790276,119
2023/24,98,Panathinaikos,UEL,0.24200000000000002,656.2691207296521,120
2023/24,220,Servette FC Genève,UECL,0.3446666666666667,655.8660903084477,121
2023/24,131,Riga FC,UECL,0.9413333333333334,655.5907921344817,122
2023/24,218,FC Lugano,UECL,0.372,655.4874905468009,123
2023/24,73,KuPS Kuopio,UECL,0.9373333333333334,655.0588598628291,124
2023/24,39,Hajduk Split,UECL,0.7866666666666666,654.1574793434069,125
2023/24,99,DVSC Debrecen,UECL,0.11266666666666666,652.9708833550588,126
2023/24,18,Neftchi Baku,UECL,0.884,651.0240984314426,127
2023/24,187,Aberdeen,UECL,0.6113333333333334,649.2670488205036,128
2023/24,196,Vojvodina Novi Sad,UECL,0.36733333333333335,648.8096991370037,129
2023/24,165,Linfield Belfast,UECL,0.9033333333333333,648.7038770467445,130
2023/24,149,Zimbru Chisinau,UECL,0.0,648.1426600844651,131
2023/24,192,Cukaricki Belgrade,UECL,0.6326666666666667,647.581279904246,132
2023/24,219,FC Luzern,UECL,0.36200000000000004,647.1260089643899,133
2023/24,21,BATE Borisov,UECL,0.7733333333333333,646.9957790502399,134
2023/24,200,Spartak Trnava,UECL,0.7386666666666667,646.5440704776037,135
2023/24,50,AGF Aarhus,UECL,0.3446666666666667,645.9161137155144,136
2023/24,203,NK Maribor,UECL,0.8973333333333333,645.583131797194,137
2023/24,197,DAC Dunajska Streda,UECL,0.8613333333333333,645.4494684403065,138
2023/24,125,FC Ballkani,UECL,0.33,645.2523960155123,139
2023/24,110,Beitar Jerusalem,UECL,0.18466666666666667,644.7168845262604,140
2023/24,33,Zrinjski Mostar,UECL,0.6900000000000001,644.6292831875878,141
2023/24,12,Austria Wien,UECL,0.6233333333333333,644.5370536854717,142
2023/24,215,Hammarby IF,UECL,0.41666666666666674,644.1480454234664,143
2023/24,204,Olimpija Ljubljana,UECL,0.8493333333333333,643.9097491133465,144
2023/24,121,FK Aktobe,UECL,0.0,643.4713108627519,145
2023/24,191,Hibernian,UECL,0.30400000000000005,642.816216228411,146
2023/24,40,NK Osijek,UECL,0.7653333333333333,642.5230796491372,147
2023/24,95,Aris Thessaloniki,UECL,0.7300000000000001,641.4630129136833,148
2023/24,133,FC Vaduz,UECL,0.852,640.8393780242193,149
2023/24,234,The New Saints,UECL,0.9026666666666666,640.5691107745067,150
2023/24,68,KI Klaksvik,UECL,0.8919999999999999,640.4033808452155,151
2023/24,93,Lincoln Red Imps,UECL,0.8806666666666667,640.2322283741447,152
2023/24,161,Shkendija Tetovo,UECL,0.9066666666666667,638.9947030020872,153
2023/24,10,Pyunik Yerevan,UECL,0.53,638.8476412265709,154
2023/24,139,F91 Dudelange,UECL,0.728,638.4816655228985,155
2023/24,229,Vorskla Poltava,UECL,0.51,638.2357715002037,156
2023/24,130,RFS Riga,UECL,0.8286666666666668,636.800898562846,157
2023/24,71,Haka Valkeakoski,UECL,0.0,635.5171337007118,158
2023/24,145,Hamrun Spartans,UECL,0.33,634.4708560753943,159
2023/24,172,Pogon Szczecin,UECL,0.48400000000000004,634.1248081770402,160
2023/24,104,KA Akureyri,UECL,0.0,633.7939473704794,161
2023/24,103,Breidablik,UECL,0.8286666666666668,632.7380430583537,162
2023/24,201,NK Celje,UECL,0.16,631.7468108786096,163
2023/24,107,Dundalk,UECL,0.6606666666666667,631.4054106571448,164
2023/24,159,FK Shkupi,UECL,0.8440000000000001,631.0994806891995,165
2023/24,11,Urartu FC,UECL,0.3446666666666667,630.9840189270753,166
2023/24,36,Levski Sofia,UECL,0.45,630.8518347324318,167
2023/24,151,Buducnost Podgorica,UECL,0.844,630.4164491970107,168
2023/24,198,MSK Zilina,UECL,0.4033333333333334,630.0957138117426,169
2023/24,147,Petrocub Hîncesti,UECL,0.8440000000000001,629.6993690146206,170
2023/24,183,Sepsi OSK,UECL,0.48400000000000004,629.412911035596,171
2023/24,129,FK Auda,UECL,0.0,629.0055228399485,172
2023/24,127,KF Dukagjini,UECL,0.0,628.9699685148618,173
2023/24,82,Dinamo Tbilisi,UECL,0.8173333333333334,628.848389868586,174
2023/24,8,Alashkert FC,UECL,0.8280000000000001,627.7187976604978,175
2023/24,124,Tobol Kustanai,UECL,0.72,626.983114432008,176
2023/24,126,FC Drita,UECL,0.7633333333333333,626.8764177928457,177
2023/24,141,Swift Hesperange,UECL,0.198,626.038388238576,178
2023/24,132,Valmieras FK,UECL,0.5733333333333334,625.8138998685738,179
2023/24,9,Ararat-Armenia,UECL,0.5453333333333333,623.1594089974084,180
2023/24,152,Sutjeska Niksic,UECL,0.844,622.5153874551124,181
2023/24,134,FC Hegelmann,UECL,0.0,622.4653104515302,182
2023/24,17,Gabala FK,UECL,0.38866666666666666,621.1048001203793,183
2023/24,144,Gzira United,UECL,0.7373333333333334,621.0501100002222,184
2023/24,164,Larne FC,UECL,0.512,620.7757480623637,185
2023/24,63,Levadia Tallinn,UECL,0.778,619.2719040529965,186
2023/24,158,FC Struga,UECL,0.198,618.4080912838417,187
2023/24,66,B36 Torshavn,UECL,0.6686666666666667,616.8390171061579,188
2023/24,233,Penybont,UECL,0.0,616.2682823749775,189
2023/24,81,Dinamo Batumi,UECL,0.6893333333333334,615.6482542143235,190
2023/24,31,FK Sarajevo,UECL,0.5446666666666667,614.5944394207446,191
2023/24,32,Zeljeznicar Sarajevo,UECL,0.194,614.4174265382975,192
2023/24,146,Milsami Orhei,UECL,0.6666666666666666,614.3142823527204,193
2023/24,72,Honka Espoo,UECL,0.36733333333333335,614.0638892312865,194
2023/24,30,Borac Banja Luka,UECL,0.6226666666666667,613.7534809642252,195
2023/24,1,Egnatia Rrogozhinë,UECL,0.0,613.7021948286468,196
2023/24,143,Birkirkara,UECL,0.2853333333333333,613.5740902493187,197
2023/24,106,Derry City,UECL,0.42666666666666675,613.1235459866033,198
2023/24,3,Partizani Tirana,UECL,0.64,612.7094006205886,199
2023/24,67,HB Torshavn,UECL,0.7400000000000001,612.496804239888,200
2023/24,109,St. Patrick's Athletic,UECL,0.38133333333333336,612.3865802289062,201
2023/24,142,Balzan FC,UECL,0.156,612.3590682457518,202
2023/24,69,Víkingur,UECL,0.3466666666666667,612.2768154694082,203
2023/24,64,Paide Linnameeskond,UECL,0.6613333333333333,611.8713699772892,204
2023/24,105,Vikingur Reykjavik,UECL,0.4633333333333334,611.468803486615,205
2023/24,136,Kauno Zalgiris,UECL,0.7046666666666668,611.4362747906453,206
2023/24,202,NK Domzale,UECL,0.44333333333333336,610.3105392565479,207
2023/24,5,Atlètic Club d'Escaldes,UECL,0.24200000000000002,610.2337816301257,208
2023/24,232,Haverfordwest County,UECL,0.0,610.1527784779653,209
2023/24,2,KF Tirana,UECL,0.446,609.6281133756802,210
2023/24,140,Progrès Niederkorn,UECL,0.3466666666666667,608.2016275954087,211
2023/24,128,SC Gjilani,UECL,0.38866666666666666,606.7395070763276,212
2023/24,123,Ordabasy Shymkent,UECL,0.246,606.6810814578275,213
2023/24,231,Connah's Quay,UECL,0.5446666666666667,606.671651582043,214
2023/24,135,FK Panevezys,UECL,0.44000000000000006,606.5560185317992,215
2023/24,65,Trans Narva,UECL,0.14666666666666667,605.2628671607315,216
2023/24,7,Inter Club d'Escaldes,UECL,0.6666666666666666,605.1471405052451,217
2023/24,150,Arsenal Tivat,UECL,0.0,604.8361146550558,218
2023/24,91,Europa FC,UECL,0.7506666666666666,604.4326157750143,219
2023/24,163,Glentoran,UECL,0.3446666666666667,602.6412217802813,220
2023/24,22,Dinamo Minsk,UECL,0.5846666666666667,601.7589487926285,221
2023/24,162,Crusaders Belfast,UECL,0.45933333333333337,600.9846948212942,222
2023/24,83,Torpedo Kutaisi,UECL,0.16533333333333333,598.8078126490259,223
2023/24,4,Vllaznia Shkodër,UECL,0.47600000000000003,597.808071395586,224
2023/24,185,La Fiorita,UECL,0.7466666666666667,594.8658240782156,225
2023/24,80,Dila Gori,UECL,0.44000000000000006,594.8488158928772,226
2023/24,138,Differdange 03,UECL,0.37533333333333335,594.3718037264598,227
2023/24,186,Tre Penne,UECL,0.6773333333333333,593.87945336506,228
2023/24,92,FCB Magpies,UECL,0.24200000000000002,593.7173818182362,229
2023/24,24,Torpedo Zhodino,UECL,0.198,593.6813871370673,230
2023/24,6,FC Santa Coloma,UECL,0.536,592.2724088569305,231
2023/24,23,Neman Grodno,UECL,0.0,591.5347400385306,232
2023/24,160,Makedonija GjP,UECL,0.3373333333333334,591.1862007353599,233
2023/24,184,Cosmos,UECL,0.0,589.6356184395871,234
2024/25,87,Bayer Leverkusen,UCL,1.0,900.8531205405517,1
2024/25,59,Manchester City,UCL,1.0,900.3831769479776,2
2024/25,121,Internazionale,UCL,1.0,899.8194991034821,3
2024/25,78,Paris Saint-Germain,UCL,1.0,899.0712318258035,4
2024/25,212,Real Madrid,UCL,1.0,895.5104981631449,5
2024/25,58,Liverpool,UCL,1.0,895.1618709277335,6
2024/25,88,Bayern München,UCL,1.0,893.7340427898971,7
2024/25,117,AS Roma,UEL,1.0,892.0948856660417,8
2024/25,89,Borussia Dortmund,UCL,1.0,891.8570731381237,9
2024/25,91,RB Leipzig,UCL,1.0,882.8967999014396,10
2024/25,209,FC Barcelona,UCL,1.0,878.5349543893437,11
2024/25,208,Atlético Madrid,UCL,1.0,878.133344266007,12
2024/25,177,Benfica,UCL,1.0,875.7441172863759,13
2024/25,178,FC Porto,UEL,1.0,869.9099960720434,14
2024/25,60,Manchester United,UEL,1.0,866.4588133150944,15
2024/25,28,Club Brugge,UCL,1.0,862.719068308521,16
2024/25,55,Arsenal,UCL,0.8,861.6811953573786,17
2024/25,116,AC Milan,UCL,0.9300000000000002,861.5439159243309,18
2024/25,118,Atalanta,UCL,0.73,851.8520906363583,19
2024/25,213,Real Sociedad,UEL,0.9300000000000002,844.6098821152191,20
2024/25,159,Feyenoord,UCL,1.0,843.1511235196465,21
2024/25,161,PSV Eindhoven,UCL,1.0,842.7117914027818,22
2024/25,90,Eintracht Frankfurt,UEL,0.8700000000000001,842.1953430320226,23
2024/25,57,Chelsea,UECL,0.67,840.9612780313157,24
2024/25,180,Sporting CP Lisbon,UCL,0.9653333333333334,838.967290311383,25
2024/25,123,Lazio,UEL,1.0,833.6478608478369,26
2024/25,190,Glasgow Rangers,UEL,1.0,832.2003768991306,27
2024/25,157,Ajax,UEL,1.0,829.4592208457248,28
2024/25,122,Juventus,UCL,0.67,825.8234793451725,29
2024/25,48,Slavia Praha,UEL,1.0,824.1395196733981,30
2024/25,232,Shakhtar Donetsk,UCL,1.0,822.9295930484666,31
2024/25,156,AZ Alkmaar,UEL,1.0,818.6059321409675,32
2024/25,52,FC København,UECL,0.974,817.5714147656936,33
2024/25,97,Olympiakos Piraeus,UEL,1.0,810.5793247981895,34
2024/25,224,Fenerbahçe,UEL,0.8,810.4411493165476,35
2024/25,38,Dinamo Zagreb,UCL,1.0,808.1658008276395,36
2024/25,13,FC Salzburg,UCL,1.0,807.7567581166913,37
2024/25,25,AA Gent,UECL,1.0,807.4992949716591,38
2024/25,75,Lille OSC,UCL,0.73,806.7494454594105,39
2024/25,179,Sporting Braga,UEL,1.0,805.7991855807329,40
2024/25,120,Fiorentina,UECL,0.6000000000000001,805.448880947718,41
2024/25,98,PAOK Thessaloniki,UEL,0.9186666666666666,801.6392104878078,42
2024/25,115,Maccabi Tel-Aviv,UEL,0.9906666666666667,795.4934643388907,43
2024/25,211,Real Betis,UECL,0.8,793.0999614875633,44
2024/25,61,Tottenham Hotspur,UEL,0.67,792.3469323327878,45
2024/25,101,Ferencváros,UEL,1.0,786.7361587497442,46
2024/25,17,Qarabag FK,UEL,1.0,785.9945277115685,47
2024/25,50,Viktoria Plzen,UEL,0.9646666666666667,784.1898197779014,48
2024/25,196,Red Star Belgrade,UCL,1.0,783.1871847666871,49
2024/25,201,Slovan Bratislava,UCL,0.9653333333333334,781.4209065068052,50
2024/25,169,Bodø/Glimt,UEL,0.9040000000000001,773.6113129966586,51
2024/25,29,Union Saint-Gilloise,UEL,0.6000000000000001,770.6210511874688,52
2024/25,222,Young Boys,UCL,1.0,769.1681769036295,53
2024/25,189,Celtic,UCL,1.0,766.9588628029653,54
2024/25,225,Galatasaray,UEL,0.704,766.4800436628552,55
2024/25,49,Sparta Praha,UCL,0.9093333333333333,754.7406100536618,56
2024/25,37,Ludogorets Razgrad,UEL,1.0,753.5812599888156,57
2024/25,56,Aston Villa,UCL,0.33,752.5917158063382,58
2024/25,170,Molde FK,UECL,0.9733333333333334,752.2096628980968,59
2024/25,92,VfB Stuttgart,UCL,0.0,751.1501841052251,60
2024/25,53,FC Midtjylland,UEL,0.9813333333333334,750.0555849697562,61
2024/25,74,AS Monaco,UCL,0.4700000000000001,748.1476200944752,62
2024/25,210,Girona FC,UCL,0.0,745.5620851747717,63
2024/25,14,LASK,UECL,0.73,742.6402338449124,64
2024/25,119,Bologna,UCL,0.0,739.6427857066385,65
2024/25,194,Partizan Belgrade,UECL,0.9299999999999999,739.1843705790277,66
2024/25,80,Stade Brestois,UCL,0.0,734.4761548040805,67
2024/25,207,Athletic Bilbao,UEL,0.0,734.3875159285772,68
2024/25,77,Olympique Lyon,UEL,0.27,729.3425106057836,69
2024/25,113,Maccabi Haifa,UECL,0.9733333333333334,725.8664840414372,70
2024/25,182,CFR Cluj,UECL,0.912,725.7990695729187,71
2024/25,228,Dynamo Kyiv,UEL,0.956,724.8414668708359,72
2024/25,226,Istanbul Basaksehir,UECL,0.4700000000000001,724.3517082350114,73
2024/25,76,OGC Nice,UEL,0.4,724.0645282940303,74
2024/25,173,Jagiellonia Bialystok,UECL,0.0,719.8424093034605,75
2024/25,174,Legia Warsaw,UECL,0.7126666666666668,718.06421229449,76
2024/25,151,Sheriff Tiraspol,UECL,0.974,718.0338867910942,77
2024/25,26,Anderlecht,UEL,0.44333333333333336,717.9805249164817,78
2024/25,16,Sturm Graz,UCL,0.8513333333333335,715.0234592307686,79
2024/25,27,Cercle Brugge,UECL,0.0,714.0107990129598,80
2024/25,85,1.FC Heidenheim,UECL,0.0,713.6107910697584,81
2024/25,160,Go Ahead Eagles,UECL,0.0,710.3955812896661,82
2024/25,86,1899 Hoffenheim,UEL,0.13,708.1425467012706,83
2024/25,79,RC Lens,UECL,0.33,707.2504200630282,84
2024/25,112,Hapoel Beer-Sheva,UECL,0.956,704.9677389310624,85
2024/25,215,Djurgårdens IF,UECL,0.616,704.3365751598301,86
2024/25,46,Baník Ostrava,UECL,0.0,701.1759324208799,87
2024/25,172,Tromsø IL,UECL,0.0,695.6294135760588,88
2024/25,217,Malmö FF,UEL,0.6526666666666667,690.1069301118176,89
2024/25,227,Trabzonspor,UECL,0.5133333333333334,689.105861797363,90
2024/25,15,Rapid Wien,UECL,0.8860000000000001,687.9037182831531,91
2024/25,231,SC Dnipro-1,UECL,0.6000000000000001,684.6737687440427,92
2024/25,47,Mladá Boleslav,UECL,0.060666666666666674,684.113980422275,93
2024/25,229,Kryvbas Kryviy Rih,UECL,0.0,681.385251856637,94
2024/25,221,Servette FC Genève,UECL,0.5720000000000001,679.6563083189224,95
2024/25,114,Maccabi Petah-Tikva,UECL,0.0,678.9952804192164,96
2024/25,102,Paksi FC,UECL,0.0,678.5510050714315,97
2024/25,44,Omonia Nicosia,UECL,0.8860000000000001,677.8423622807126,98
2024/25,36,Cherno More Varna,UECL,0.0,676.635745657019,99
2024/25,70,HJK Helsinki,UECL,0.8700000000000001,674.9336684658944,100
2024/25,223,Besiktas,UEL,0.6953333333333334,673.7854729709743,101
2024/25,43,APOEL Nicosia,UECL,0.7826666666666666,673.3741359185319,102
2024/25,140,Zalgiris Vilnius,UECL,0.9466666666666667,672.2450796666002,103
2024/25,193,St. Mirren,UECL,0.0,671.8024894629276,104
2024/25,176,Wisla Kraków,UECL,0.0,671.4328707806204,105
2024/25,192,Kilmarnock,UECL,0.051333333333333335,671.2559115567559,106
2024/25,158,FC Twente Enschede,UEL,0.5640000000000001,670.8054265098948,107
2024/25,230,Polissya Zhytomyr,UECL,0.0,669.8094499223719,108
2024/25,195,Radnicki 1923,UECL,0.0,668.2060032315835,109
2024/25,41,NK Rijeka,UECL,0.9186666666666666,667.323164066541,110
2024/25,206,Olimpija Ljubljana,UECL,0.8933333333333333,666.4099307986579,111
2024/25,175,Slask Wroclaw,UECL,0.2,665.6736609509632,112
2024/25,191,Hearts FC,UECL,0.556,665.3726411772684,113
2024/25,45,Pafos FC,UECL,0.0,664.8712327912579,114
2024/25,96,AEK Athens,UECL,0.6673333333333333,663.6579013158768,115
2024/25,171,SK Brann Bergen,UECL,0.3373333333333333,663.4181181845961,116
2024/25,218,FC Lugano,UECL,0.5980000000000001,662.9016189799254,117
2024/25,184,FCSB,UEL,0.8766666666666667,661.4786469584162,118
2024/25,219,FC Sankt Gallen,UECL,0.08666666666666667,661.2918866072536,119
2024/25,68,KI Klaksvik,UECL,0.9293333333333333,660.2141896064201,120
2024/25,181,Vitória Guimarães,UECL,0.546,659.4587038250468,121
2024/25,128,FC Ballkani,UECL,0.6000000000000001,658.8674223828486,122
2024/25,125,FK Astana,UECL,0.8666666666666667,658.5053115616042,123
2024/25,42,AEK Larnaca,UECL,0.6260000000000001,657.8551730051279,124
2024/25,54,Silkeborg IF,UECL,0.27,657.2128784917314,125
2024/25,62,Flora Tallinn,UECL,0.8573333333333333,656.5480252958017,126
2024/25,51,Brøndby IF,UECL,0.504,656.3599271266401,127
2024/25,99,Panathinaikos,UECL,0.528,656.1354000709096,128
2024/25,39,Hajduk Split,UECL,0.7693333333333333,655.4184036153524,129
2024/25,135,Riga FC,UECL,0.974,655.3041075753272,130
2024/25,220,FC Zürich,UECL,0.27,654.8441646615926,131
2024/25,183,Corvinul Hunedoara,UECL,0.0,654.3814236275967,132
2024/25,109,Shamrock Rovers,UECL,0.912,653.1413882919892,133
2024/25,10,Pyunik Yerevan,UECL,0.67,652.5326412696231,134
2024/25,33,Zrinjski Mostar,UECL,0.774,651.6408993259154,135
2024/25,20,Zira FK,UECL,0.198,650.8159513134445,136
2024/25,202,Spartak Trnava,UECL,0.8246666666666667,649.919291881046,137
2024/25,205,NK Maribor,UECL,0.9299999999999999,649.8078118745631,138
2024/25,72,KuPS Kuopio,UECL,0.8853333333333333,649.5588488564584,139
2024/25,197,TSC Backa Topola,UECL,0.42533333333333334,649.1360637391751,140
2024/25,12,Austria Wien,UECL,0.754,648.1406046158668,141
2024/25,104,Breidablik,UECL,0.938,647.9675965290965,142
2024/25,204,NK Celje,UECL,0.43400000000000005,646.5063886540514,143
2024/25,168,Linfield Belfast,UECL,0.9386666666666666,645.9939162892992,144
2024/25,40,NK Osijek,UECL,0.7953333333333333,645.1637477749134,145
2024/25,134,RFS Riga,UEL,0.8939999999999999,644.3962171688621,146
2024/25,214,BK Häcken,UECL,0.528,643.8943675001657,147
2024/25,94,Lincoln Red Imps,UECL,0.88,643.2717203117624,148
2024/25,35,CSKA 1948 Sofia,UECL,0.24200000000000002,643.0922762942655,149
2024/25,216,IF Elfsborg,UEL,0.398,641.114788513744,150
2024/25,127,Tobol Kustanai,UECL,0.8246666666666667,641.09890971908,151
2024/25,73,VPS Vaasa,UECL,0.0,640.5875918764937,152
2024/25,198,Vojvodina Novi Sad,UECL,0.502,639.8026285176346,153
2024/25,150,Petrocub Hîncesti,UECL,0.8233333333333334,639.4489836412291,154
2024/25,18,Sabah FK,UECL,0.28600000000000003,639.2777576628066,155
2024/25,203,NK Bravo,UECL,0.0,638.3250581660832,156
2024/25,199,DAC Dunajska Streda,UECL,0.8233333333333334,637.2181540058559,157
2024/25,185,Universitatea Craiova,UECL,0.5733333333333334,636.7822944808612,158
2024/25,100,FC Fehérvár,UECL,0.5900000000000001,634.8544453047975,159
2024/25,142,F91 Dudelange,UECL,0.7726666666666667,634.416997612302,160
2024/25,236,The New Saints,UECL,0.8853333333333333,633.970596114258,161
2024/25,146,Hamrun Spartans,UECL,0.6000000000000001,633.62482749593,162
2024/25,131,KF Malisheva,UECL,0.0,633.4673825796918,163
2024/25,34,Botev Plovdiv,UECL,0.198,633.3988863744049,164
2024/25,126,Ordabasy Shymkent,UECL,0.38933333333333336,632.7638272723042,165
2024/25,19,Sumgayit FK,UECL,0.23333333333333334,632.380610564275,166
2024/25,148,Sliema Wanderers,UECL,0.0,632.1768513649253,167
2024/25,103,Puskás Akadémia,UECL,0.4580000000000001,630.9514842883424,168
2024/25,1,Egnatia Rrogozhinë,UECL,0.24200000000000002,630.5848781691311,169
2024/25,107,Vikingur Reykjavik,UECL,0.5986666666666667,630.5095625190239,170
2024/25,136,FC Vaduz,UECL,0.8153333333333334,629.7369477479712,171
2024/25,110,Shelbourne,UECL,0.0,628.9202085050276,172
2024/25,129,FC Drita,UECL,0.762,628.4134325587148,173
2024/25,66,B36 Torshavn,UECL,0.764,627.9920332976283,174
2024/25,163,Shkendija Tetovo,UECL,0.85,627.5740955328492,175
2024/25,3,Partizani Tirana,UECL,0.762,627.030227754039,176
2024/25,153,Buducnost Podgorica,UECL,0.858,626.8089157161769,177
2024/25,147,Marsaxlokk,UECL,0.0,626.6589790915044,178
2024/25,106,Valur Reykjavik,UECL,0.23399999999999999,626.3648648290016,179
2024/25,7,UE Santa Coloma,UECL,0.198,625.3852300808616,180
2024/25,8,Ararat-Armenia,UECL,0.6666666666666666,625.0891951642344,181
2024/25,82,Dinamo Tbilisi,UECL,0.8313333333333333,624.1883723427183,182
2024/25,137,FA Siauliai,UECL,0.0,624.0456719815975,183
2024/25,200,MFK Ruzomberok,UECL,0.372,623.8272125009602,184
2024/25,30,Borac Banja Luka,UECL,0.7086666666666668,622.9659559397767,185
2024/25,162,FC Struga,UECL,0.4766666666666667,621.7318044462492,186
2024/25,105,Stjarnan FC,UECL,0.20733333333333334,621.5366659457978,187
2024/25,124,FK Aktobe,UECL,0.28600000000000003,621.1555302902303,188
2024/25,167,Larne FC,UECL,0.6839999999999999,620.7739867777402,189
2024/25,81,Dinamo Batumi,UECL,0.7626666666666667,620.4145512587664,190
2024/25,138,FK Panevezys,UECL,0.6306666666666667,620.2974254650273,191
2024/25,6,Inter Club d'Escaldes,UECL,0.7886666666666667,620.1533879394599,192
2024/25,71,Ilves Tampere,UECL,0.08666666666666667,619.8018119030359,193
2024/25,141,Differdange 03,UECL,0.5266666666666666,619.0898895309251,194
2024/25,152,Zimbru Chisinau,UECL,0.28600000000000003,618.0275072818388,195
2024/25,9,FC Noah,UECL,0.23333333333333334,617.9882745743056,196
2024/25,108,Derry City,UECL,0.6146666666666667,617.37930216854,197
2024/25,130,KF Llapi,UECL,0.3446666666666667,616.926241725877,198
2024/25,139,Transinvest Vilnius,UECL,0.0,616.5285657332877,199
2024/25,155,Mornar Bar,UECL,0.0,616.3452075244383,200
2024/25,144,UNA Strassen,UECL,0.0,614.9942064503839,201
2024/25,132,FK Auda,UECL,0.24200000000000002,614.9366841428351,202
2024/25,63,Kalev Tallinn,UECL,0.0,614.6890098988179,203
2024/25,145,Floriana,UECL,0.302,613.8282966433412,204
2024/25,32,Velez Mostar,UECL,0.398,613.7771024527336,205
2024/25,64,Levadia Tallinn,UECL,0.7693333333333333,613.5439390165276,206
2024/25,67,HB Torshavn,UECL,0.774,613.4786212431511,207
2024/25,111,St. Patrick's Athletic,UECL,0.5273333333333334,613.0825608052346,208
2024/25,69,Víkingur,UECL,0.47600000000000003,611.8378853065502,209
2024/25,149,Milsami Orhei,UECL,0.7006666666666667,611.4178561710274,210
2024/25,22,Isloch Minsk Raion,UECL,0.0,610.3482485340276,211
2024/25,31,FK Sarajevo,UECL,0.562,609.8153638906141,212
2024/25,21,Dinamo Minsk,UECL,0.614,609.4354829425672,213
2024/25,2,KF Tirana,UECL,0.624,608.615163028237,214
2024/25,154,Decic Tuzi,UECL,0.3446666666666667,608.5950663808619,215
2024/25,65,Paide Linnameeskond,UECL,0.7453333333333334,608.3632396565891,216
2024/25,164,Tikves Kavadarci,UECL,0.0,607.2740732739562,217
2024/25,166,Crusaders Belfast,UECL,0.5806666666666667,605.0327184906203,218
2024/25,143,Progrès Niederkorn,UECL,0.45133333333333336,604.6587558802169,219
2024/25,186,AC Virtus,UECL,0.0,604.4912277092806,220
2024/25,4,Vllaznia Shkodër,UECL,0.6133333333333333,604.0121988031889,221
2024/25,234,Caernarfon Town,UECL,0.0,603.9651125548341,222
2024/25,23,Neman Grodno,UECL,0.33,603.3286638494184,223
2024/25,11,Urartu FC,UECL,0.48400000000000004,602.7021056906322,224
2024/25,165,Cliftonville,UECL,0.2586666666666667,602.3145897596103,225
2024/25,24,Torpedo Zhodino,UECL,0.38866666666666666,601.7107021007773,226
2024/25,235,Connah's Quay,UECL,0.5713333333333334,601.4736992024277,227
2024/25,133,FK Liepaja,UECL,0.46799999999999997,600.8161479169107,228
2024/25,188,Tre Penne,UECL,0.7513333333333333,600.6619797738132,229
2024/25,84,Torpedo Kutaisi,UECL,0.3373333333333333,597.2565966967528,230
2024/25,5,Atlètic Club d'Escaldes,UECL,0.4620000000000001,596.2045391353765,231
2024/25,187,La Fiorita,UECL,0.7426666666666667,595.6088490448004,232
2024/25,83,Saburtalo Tbilisi,UECL,0.3906666666666667,593.6663412250637,233
2024/25,233,Bala Town,UECL,0.44000000000000006,592.4869708101041,234
2024/25,95,St Joseph's FC,UECL,0.528,590.210933612907,235
2024/25,93,FCB Magpies,UECL,0.44000000000000006,584.207675437817,236
2025/26,211,FC Barcelona,UCL,1.0,901.6796622917416,1
2025/26,59,Liverpool,UCL,1.0,901.4644789040024,2
2025/26,81,Paris Saint-Germain,UCL,1.0,899.9275370673479,3
2025/26,88,Bayern München,UCL,1.0,899.200962713932,4
2025/26,55,Arsenal,UCL,0.8700000000000001,897.0209698918516,5
2025/26,60,Manchester City,UCL,1.0,896.1447850162162,6
2025/26,121,Internazionale,UCL,1.0,895.996536084524,7
2025/26,214,Real Madrid,UCL,1.0,895.5109671024863,8
2025/26,87,Bayer Leverkusen,UCL,1.0,894.8303993124498,9
2025/26,209,Atlético Madrid,UCL,1.0,894.6592734866128,10
2025/26,89,Borussia Dortmund,UCL,1.0,892.9476950779651,11
2025/26,117,AS Roma,UEL,1.0,890.7350676466658,12
2025/26,179,Benfica,UCL,1.0,882.3595916015512,13
2025/26,118,Atalanta,UCL,0.8,874.4009374522288,14
2025/26,57,Chelsea,UCL,0.73,873.8396678192203,15
2025/26,90,Eintracht Frankfurt,UCL,0.9300000000000002,871.2977172722946,16
2025/26,161,PSV Eindhoven,UCL,1.0,870.7227680443062,17
2025/26,27,Club Brugge,UCL,1.0,867.1877805751478,18
2025/26,120,Fiorentina,UECL,0.8,863.5415842008282,19
2025/26,159,Feyenoord,UEL,1.0,859.1573197697649,20
2025/26,181,FC Porto,UEL,1.0,858.6218387599008,21
2025/26,77,Lille OSC,UEL,0.8,853.3373351553944,22
2025/26,183,Sporting CP Lisbon,UCL,0.9813333333333334,851.4948468790813,23
2025/26,194,Glasgow Rangers,UEL,1.0,851.2586303430977,24
2025/26,99,Olympiakos Piraeus,UCL,1.0,847.8884007319383,25
2025/26,213,Real Betis,UEL,0.9300000000000002,841.1819286515854,26
2025/26,170,Bodø/Glimt,UCL,0.986,834.8522691447613,27
2025/26,63,Tottenham Hotspur,UCL,0.73,833.3595782181592,28
2025/26,157,Ajax,UCL,1.0,831.9652656182432,29
2025/26,122,Juventus,UCL,0.73,831.6546353672991,30
2025/26,226,Fenerbahçe,UEL,0.9300000000000002,829.990833451198,31
2025/26,123,Napoli,UCL,0.67,828.5352485735766,32
2025/26,156,AZ Alkmaar,UECL,1.0,825.4726942342186,33
2025/26,56,Aston Villa,UEL,0.6000000000000001,824.6265892904454,34
2025/26,38,Dinamo Zagreb,UEL,1.0,817.3914375237722,35
2025/26,50,Viktoria Plzen,UEL,0.986,816.9903487941523,36
2025/26,215,Villarreal,UCL,0.67,815.7492508744575,37
2025/26,52,FC København,UCL,0.986,814.7400494152905,38
2025/26,233,Shakhtar Donetsk,UECL,1.0,812.1128881597838,39
2025/26,192,Celtic,UEL,1.0,808.5853690814655,40
2025/26,48,Slavia Praha,UCL,1.0,807.0227609378178,41
2025/26,29,Union Saint-Gilloise,UCL,0.8,806.1669035736439,42
2025/26,13,FC Salzburg,UEL,1.0,800.7694057845943,43
2025/26,100,PAOK Thessaloniki,UEL,0.9466666666666667,800.5871261544011,44
2025/26,103,Ferencváros,UEL,1.0,800.3768974613961,45
2025/26,227,Galatasaray,UCL,0.786,799.7288753300642,46
2025/26,182,Sporting Braga,UEL,1.0,795.2765125195422,47
2025/26,76,AS Monaco,UCL,0.66,794.2916654741615,48
2025/26,80,Olympique Marseille,UCL,0.67,793.5143644234306,49
2025/26,199,Red Star Belgrade,UEL,1.0,790.7053341084074,50
2025/26,14,Rapid Wien,UECL,0.9640000000000001,785.1621041688813,51
2025/26,177,Legia Warsaw,UECL,0.7906666666666666,783.3538622649155,52
2025/26,116,Maccabi Tel-Aviv,UEL,1.0,781.5145931529544,53
2025/26,202,Slovan Bratislava,UECL,0.9813333333333334,780.9716569890386,54
2025/26,49,Sparta Praha,UECL,0.9466666666666667,773.4666075421528,55
2025/26,79,Olympique Lyon,UEL,0.4600000000000001,772.868730394807,56
2025/26,53,FC Midtjylland,UEL,1.0,769.1452920665267,57
2025/26,208,Athletic Bilbao,UCL,0.33,768.4388039246531,58
2025/26,18,Qarabag FK,UCL,1.0,766.7829689357792,59
2025/26,25,Anderlecht,UECL,0.6426666666666667,766.5316142887935,60
2025/26,185,FCSB,UEL,0.9153333333333333,762.7513871420915,61
2025/26,15,Sturm Graz,UEL,0.9300000000000002,762.3182974450721,62
2025/26,224,Young Boys,UEL,1.0,759.8037946276115,63
2025/26,92,SC Freiburg,UEL,0.4700000000000001,754.4172596737077,64
2025/26,220,FC Basel,UEL,0.5840000000000001,750.1252955759367,65
2025/26,37,Ludogorets Razgrad,UEL,1.0,747.9008224910216,66
2025/26,221,FC Lugano,UECL,0.7466666666666667,745.4266506130976,67
2025/26,62,Nottingham Forest,UEL,0.0,737.6003034244987,68
2025/26,101,Panathinaikos,UEL,0.7466666666666667,736.3432049825747,69
2025/26,58,Crystal Palace,UECL,0.0,736.1817183877558,70
2025/26,207,Olimpija Ljubljana,UECL,0.9373333333333334,731.6925425736547,71
2025/26,210,Celta de Vigo,UEL,0.0,728.3499934874591,72
2025/26,91,FSV Mainz 05,UECL,0.0,727.0999389565361,73
2025/26,78,OGC Nice,UEL,0.6000000000000001,726.5461178954868,74
2025/26,110,Shamrock Rovers,UECL,0.9453333333333334,726.318503070239,75
2025/26,158,FC Utrecht,UEL,0.0,725.8470054838081,76
2025/26,93,VfB Stuttgart,UEL,0.33,725.5295474772144,77
2025/26,61,Newcastle United,UCL,0.27,724.8320315152305,78
2025/26,119,Bologna,UEL,0.33,723.8237568628363,79
2025/26,228,Istanbul Basaksehir,UECL,0.6000000000000001,723.2877119997138,80
2025/26,176,Lech Poznan,UECL,0.504,723.0651220893093,81
2025/26,212,Rayo Vallecano,UECL,0.0,722.6720360483024,82
2025/26,45,Pafos FC,UCL,0.33,719.7311457860375,83
2025/26,197,Partizan Belgrade,UECL,0.95,718.9639418140755,84
2025/26,229,Samsunspor,UECL,0.0,717.4251585215078,85
2025/26,175,Jagiellonia Bialystok,UECL,0.33,716.6683593002565,86
2025/26,82,RC Strasbourg,UECL,0.0,714.8565053084056,87
2025/26,230,Dynamo Kyiv,UECL,0.9640000000000001,709.9334141295118,88
2025/26,44,Omonia Nicosia,UECL,0.9640000000000001,708.6057560514852,89
2025/26,225,Besiktas,UECL,0.7813333333333334,707.2745914640491,90
2025/26,115,Maccabi Haifa,UECL,0.9026666666666667,707.219112234709,91
2025/26,26,Charleroi,UECL,0.051333333333333335,705.2636342405511,92
2025/26,28,Racing Genk,UEL,0.4,704.9340540049234,93
2025/26,184,CFR Cluj,UECL,0.928,704.618180457678,94
2025/26,151,Sheriff Tiraspol,UECL,0.986,702.7974770301652,95
2025/26,30,Borac Banja Luka,UECL,0.8386666666666667,701.5773289952691,96
2025/26,204,NK Celje,UECL,0.656,700.991049145693,97
2025/26,180,CD Santa Clara,UECL,0.13,695.0623015866499,98
2025/26,47,Sigma Olomouc,UECL,0.0,694.8968746972483,99
2025/26,219,Malmö FF,UEL,0.7206666666666668,693.6749864849183,100
2025/26,114,Hapoel Beer-Sheva,UECL,0.92,692.778804132464,101
2025/26,171,Fredrikstad FK,UECL,0.0,688.9721201365942,102
2025/26,223,Servette FC Genève,UECL,0.7026666666666667,687.2514081449549,103
2025/26,109,Vikingur Reykjavik,UECL,0.7746666666666666,684.4022436170959,104
2025/26,231,FC Oleksandriya,UECL,0.0,680.6069817405975,105
2025/26,125,FK Astana,UECL,0.9106666666666666,679.0767523460717,106
2025/26,72,HJK Helsinki,UECL,0.9300000000000002,677.3226795149318,107
2025/26,134,RFS Riga,UECL,0.9406666666666668,676.7258627808146,108
2025/26,186,Universitatea Cluj,UECL,0.0,676.7122821619193,109
2025/26,40,NK Rijeka,UECL,0.9466666666666667,674.8986817290652,110
2025/26,222,Lausanne Sports,UECL,0.0,674.4061371286126,111
2025/26,196,Novi Pazar,UECL,0.0,672.8947440961101,112
2025/26,160,Go Ahead Eagles,UEL,0.24200000000000002,672.8265943949588,113
2025/26,46,Baník Ostrava,UECL,0.28600000000000003,672.6853055330545,114
2025/26,174,Viking Stavanger,UECL,0.24666666666666667,672.443328719231,115
2025/26,102,ETO Györ,UECL,0.0,670.2934315119544,116
2025/26,41,NK Varazdin,UECL,0.0,666.4162985540545,117
2025/26,33,Zrinjski Mostar,UECL,0.8560000000000001,666.3094387009085,118
2025/26,140,Zalgiris Vilnius,UECL,0.9373333333333334,666.2552460282643,119
2025/26,178,Raków Czestochowa,UECL,0.6000000000000001,664.8462318097803,120
2025/26,216,AIK Stockholm,UECL,0.2,664.8218522009319,121
2025/26,173,SK Brann Bergen,UEL,0.5640000000000001,664.5416789585885,122
2025/26,193,Dundee United,UECL,0.14666666666666667,664.5069665523159,123
2025/26,17,Araz Nakhchivan,UECL,0.0,662.9110381970577,124
2025/26,191,Aberdeen,UECL,0.45600000000000007,662.8455961886661,125
2025/26,69,KI Klaksvik,UECL,0.9560000000000001,662.527777347218,126
2025/26,206,NK Maribor,UECL,0.9593333333333334,661.1473718575354,127
2025/26,97,AEK Athens,UECL,0.7213333333333334,661.0024919416682,128
2025/26,16,Wolfsberger AC,UECL,0.24333333333333335,659.9331643950602,129
2025/26,42,AEK Larnaca,UECL,0.6759999999999999,658.7563589779671,130
2025/26,43,Aris Limassol,UECL,0.41666666666666674,657.8335659580769,131
2025/26,39,Hajduk Split,UECL,0.804,657.6638333762129,132
2025/26,172,Rosenborg BK,UECL,0.42466666666666675,657.5227533464234,133
2025/26,54,Silkeborg IF,UECL,0.48600000000000004,656.0289323110763,134
2025/26,10,Pyunik Yerevan,UECL,0.8,655.2830420326396,135
2025/26,218,Hammarby IF,UECL,0.37933333333333336,654.6934368102819,136
2025/26,203,Spartak Trnava,UECL,0.8593333333333334,654.6115727577031,137
2025/26,195,Hibernian,UECL,0.3826666666666667,654.0927493765407,138
2025/26,128,FC Ballkani,UECL,0.8,653.5257393445598,139
2025/26,106,Breidablik,UECL,0.9326666666666666,653.2452618235366,140
2025/26,217,BK Häcken,UECL,0.6953333333333334,652.9312882781463,141
2025/26,51,Brøndby IF,UECL,0.5893333333333334,652.7441798646388,142
2025/26,205,NK Koper,UECL,0.14666666666666667,652.6976311177435,143
2025/26,95,Lincoln Red Imps,UECL,0.9233333333333333,652.3061360681528,144
2025/26,9,FC Noah,UECL,0.47200000000000003,651.2084101700356,145
2025/26,111,Shelbourne,UECL,0.28600000000000003,650.6941796504292,146
2025/26,34,Arda Kardzhali,UECL,0.09533333333333334,650.526927953198,147
2025/26,129,FC Drita,UECL,0.8746666666666667,649.4321555276389,148
2025/26,12,Austria Wien,UECL,0.7713333333333334,649.3958618166124,149
2025/26,113,Beitar Jerusalem,UECL,0.2446666666666667,649.0344226547548,150
2025/26,64,Flora Tallinn,UECL,0.9013333333333333,648.7452159793896,151
2025/26,98,Aris Thessaloniki,UECL,0.5493333333333333,648.2201160956147,152
2025/26,135,Riga FC,UECL,0.8979999999999999,647.7541361795703,153
2025/26,236,The New Saints,UECL,0.9186666666666666,647.6006625399972,154
2025/26,74,KuPS Kuopio,UECL,0.8746666666666667,647.5522836894045,155
2025/26,104,Paksi FC,UECL,0.33,646.79153297817,156
2025/26,105,Puskás Akadémia,UECL,0.636,644.2001661778414,157
2025/26,150,Petrocub Hîncesti,UECL,0.8873333333333333,644.0229348373655,158
2025/26,232,Polissya Zhytomyr,UECL,0.24200000000000002,642.301743257656,159
2025/26,36,Levski Sofia,UECL,0.44333333333333336,641.9866621184117,160
2025/26,84,Iberia 1999,UECL,0.0,641.9152407338681,161
2025/26,35,Cherno More Varna,UECL,0.24200000000000002,641.7796648894185,162
2025/26,126,Kairat Almaty,UCL,0.328,641.6686225005744,163
2025/26,187,Universitatea Craiova,UECL,0.584,641.6194021805994,164
2025/26,201,MSK Zilina,UECL,0.41066666666666674,639.9719171160865,165
2025/26,20,Zira FK,UECL,0.4766666666666667,639.6678276897958,166
2025/26,8,Ararat-Armenia,UECL,0.7273333333333334,636.1368273314761,167
2025/26,198,Radnicki 1923,UECL,0.24200000000000002,635.9757442488301,168
2025/26,168,Larne FC,UECL,0.8406666666666667,635.0399250742594,169
2025/26,112,St. Patrick's Athletic,UECL,0.7013333333333334,634.3822385212595,170
2025/26,169,Linfield Belfast,UECL,0.8666666666666667,634.2852632367715,171
2025/26,147,Hamrun Spartans,UECL,0.756,634.2720259135032,172
2025/26,153,Buducnost Podgorica,UECL,0.862,631.926339001762,173
2025/26,19,Sabah FK,UECL,0.52,630.5042675009265,174
2025/26,142,F91 Dudelange,UECL,0.8153333333333335,630.3200321352292,175
2025/26,21,Dinamo Minsk,UECL,0.748,629.637731578844,176
2025/26,7,Inter Club d'Escaldes,UECL,0.8573333333333333,629.3110029620163,177
2025/26,3,Partizani Tirana,UECL,0.8153333333333335,628.049599076581,178
2025/26,149,Milsami Orhei,UECL,0.77,627.7906584691093,179
2025/26,132,BFC Daugavpils,UECL,0.0,626.9713726369938,180
2025/26,67,Paide Linnameeskond,UECL,0.87,626.243816975581,181
2025/26,136,FC Vaduz,UECL,0.782,625.2705974009959,182
2025/26,73,Ilves Tampere,UECL,0.33266666666666667,623.8425081975339,183
2025/26,108,Valur Reykjavik,UECL,0.39866666666666667,623.5307013989611,184
2025/26,141,Differdange 03,UECL,0.6773333333333333,622.9669962414322,185
2025/26,66,Levadia Tallinn,UECL,0.8033333333333333,622.3990044387707,186
2025/26,107,KA Akureyri,UECL,0.27,622.3895509662727,187
2025/26,71,Víkingur,UECL,0.6573333333333333,622.185463162331,188
2025/26,163,Shkendija Tetovo,UECL,0.8086666666666666,621.0452742068568,189
2025/26,133,FK Auda,UECL,0.528,620.8471346116161,190
2025/26,1,Dinamo Tirana,UECL,0.0,619.6780610319498,191
2025/26,127,Ordabasy Shymkent,UECL,0.5746666666666667,619.0709957475531,192
2025/26,200,FC Kosice,UECL,0.0,618.7858645992156,193
2025/26,31,FK Sarajevo,UECL,0.64,618.3669136245586,194
2025/26,65,Kalju Nomme,UECL,0.04666666666666667,618.2391266287117,195
2025/26,75,SJK Seinäjoki,UECL,0.17333333333333334,618.1848549577776,196
2025/26,32,Zeljeznicar Sarajevo,UECL,0.2806666666666667,618.0970827275527,197
2025/26,68,HB Torshavn,UECL,0.7546666666666666,617.4198059486214,198
2025/26,11,Urartu FC,UECL,0.6153333333333333,617.2068348490388,199
2025/26,124,FK Aktobe,UECL,0.47600000000000003,617.0407032729807,200
2025/26,131,KF Malisheva,UECL,0.24200000000000002,615.8197527608729,201
2025/26,152,Zimbru Chisinau,UECL,0.47600000000000003,615.6456173199191,202
2025/26,2,Egnatia Rrogozhinë,UECL,0.48400000000000004,615.2894651136397,203
2025/26,130,FC Prishtina,UECL,0.17666666666666667,615.1115666490626,204
2025/26,167,Dungannon Swifts,UECL,0.0,614.7755117467138,205
2025/26,137,Banga Gargzdai,UECL,0.0,613.8271594316371,206
2025/26,162,Rabotnicki Skopje,UECL,0.0,612.0889904807742,207
2025/26,23,Neman Grodno,UECL,0.512,611.6422922719593,208
2025/26,138,FC Hegelmann,UECL,0.198,609.9867390257399,209
2025/26,70,NSI Runavik,UECL,0.14666666666666667,609.8833400593903,210
2025/26,4,Vllaznia Shkodër,UECL,0.6993333333333334,609.6454586006613,211
2025/26,144,UNA Strassen,UECL,0.24200000000000002,607.6724884936199,212
2025/26,189,La Fiorita,UECL,0.786,607.1094710488082,213
2025/26,145,Birkirkara,UECL,0.31066666666666665,606.8911056438309,214
2025/26,235,Penybont,UECL,0.198,606.4057738674695,215
2025/26,155,Sutjeska Niksic,UECL,0.5666666666666667,605.7885645371879,216
2025/26,85,Spaeri Tbilisi,UECL,0.0,605.5513933526329,217
2025/26,22,Dynamo Brest,UECL,0.156,605.4310361534842,218
2025/26,164,Sileks Kratovo,UECL,0.14666666666666667,605.0343923854883,219
2025/26,24,Torpedo Zhodino,UECL,0.5353333333333333,604.9760528128285,220
2025/26,146,Floriana,UECL,0.4886666666666667,604.8161552319037,221
2025/26,86,Torpedo Kutaisi,UECL,0.52,603.7003728150561,222
2025/26,139,Kauno Zalgiris,UECL,0.504,603.6591000814354,223
2025/26,148,Hibernians FC,UECL,0.38133333333333336,603.2532083705972,224
2025/26,154,Decic Tuzi,UECL,0.5720000000000001,603.2505980395314,225
2025/26,143,Racing Union Luxembourg,UECL,0.24200000000000002,603.1226952393675,226
2025/26,165,Vardar Skopje,UECL,0.0,602.4136632459034,227
2025/26,166,Cliftonville,UECL,0.38866666666666666,602.2827246638668,228
2025/26,234,Haverfordwest County,UECL,0.23399999999999999,601.6393799080189,229
2025/26,5,Atlètic Club d'Escaldes,UECL,0.6046666666666667,601.2328319512471,230
2025/26,188,AC Virtus,UECL,0.28600000000000003,599.4629391869023,231
2025/26,83,Dila Gori,UECL,0.512,599.1966863462505,232
2025/26,6,FC Santa Coloma,UECL,0.42933333333333334,596.2830250179818,233
2025/26,94,FCB Magpies,UECL,0.6306666666666667,595.3917540444394,234
2025/26,96,St Joseph's FC,UECL,0.5573333333333333,594.5577162186394,235
2025/26,190,Tre Fiori,UECL,0.22466666666666668,580.5360992793492,236
