season,local_team_id,team_name,country,country_code,club_id,uefa_team_id,uefa_team_name,resolution_method,similarity,runner_up_similarity,identity_status,event_identity_verified
2018/19,1,FK Kukësi,Albania,ALB,AO-UEFA-2604186,2604186,Kukës,exact_name_country,1.0,,VERIFIED,True
2018/19,2,KF Laçi,Albania,ALB,AO-UEFA-64111,64111,Laç,exact_name_country,1.0,,VERIFIED,True
2018/19,3,Luftëtari Gjirokastër,Albania,ALB,AO-UEFA-64110,64110,Luftëtari,fixture_graph_unique,,,VERIFIED,True
2018/19,4,Partizani Tirana,Albania,ALB,AO-UEFA-52876,52876,Partizani,fixture_graph_unique,,,VERIFIED,True
2018/19,5,FC Santa Coloma,Andorra,AND,AO-UEFA-62180,62180,FC Santa Coloma,exact_name_country,1.0,,VERIFIED,True
2018/19,6,Sant Julià,Andorra,AND,AO-UEFA-63399,63399,Sant Julià,exact_name_country,1.0,,VERIFIED,True
2018/19,7,UE Engordany,Andorra,AND,AO-UEFA-84697,84697,Engordany,exact_name_country,1.0,,VERIFIED,True
2018/19,8,Alashkert FC,Armenia,ARM,AO-UEFA-2605268,2605268,Alashkert,fixture_graph_unique,,,VERIFIED,True
2018/19,9,Banants Yerevan,Armenia,ARM,AO-UEFA-77866,77866,Urartu,fixture_graph_unique,,,VERIFIED,True
2018/19,10,Gandzasar Kapan,Armenia,ARM,AO-UEFA-92219,92219,Gandzasar,fixture_graph_unique,,,VERIFIED,True
2018/19,11,Pyunik Yerevan,Armenia,ARM,AO-UEFA-77431,77431,Pyunik,fixture_graph_unique,,,VERIFIED,True
2018/19,12,Admira Wacker,Austria,AUT,AO-UEFA-69180,69180,Admira,fixture_graph_unique,,,VERIFIED,True
2018/19,13,FC Salzburg,Austria,AUT,AO-UEFA-50030,50030,Salzburg,exact_name_country,1.0,,VERIFIED,True
2018/19,14,LASK Linz,Austria,AUT,AO-UEFA-63405,63405,LASK,exact_name_country,1.0,,VERIFIED,True
2018/19,15,Rapid Wien,Austria,AUT,AO-UEFA-50042,50042,SK Rapid,exact_name_country,1.0,,VERIFIED,True
2018/19,16,Sturm Graz,Austria,AUT,AO-UEFA-50111,50111,Sturm Graz,exact_name_country,1.0,,VERIFIED,True
2018/19,17,Gabala FK,Azerbaijan,AZB,AO-UEFA-93628,93628,Gabala,fixture_graph_unique,,,VERIFIED,True
2018/19,18,Kesla FK,Azerbaijan,AZB,AO-UEFA-74072,74072,Şamaxı,fixture_graph_unique,,,VERIFIED,True
2018/19,19,Neftchi Baku,Azerbaijan,AZB,AO-UEFA-59890,59890,Neftchi,fixture_graph_unique,,,VERIFIED,True
2018/19,20,Qarabag FK,Azerbaijan,AZB,AO-UEFA-60609,60609,Qarabağ,exact_name_country,1.0,,VERIFIED,True
2018/19,21,BATE Borisov,Belarus,BLS,AO-UEFA-66168,66168,BATE,fixture_graph_unique,,,VERIFIED,True
2018/19,22,Dinamo Minsk,Belarus,BLS,AO-UEFA-50161,50161,Dinamo-Minsk,exact_name_country,1.0,,VERIFIED,True
2018/19,23,Dynamo Brest,Belarus,BLS,AO-UEFA-64374,64374,Dynamo Brest,exact_name_country,1.0,,VERIFIED,True
2018/19,24,Shakhtior Saligorsk,Belarus,BLS,AO-UEFA-64375,64375,Shakhtyor,fixture_graph_unique,,,VERIFIED,True
2018/19,25,AA Gent,Belgium,BEL,AO-UEFA-4608,4608,Gent,fixture_graph_unique,,,VERIFIED,True
2018/19,26,Anderlecht,Belgium,BEL,AO-UEFA-50074,50074,Anderlecht,exact_name_country,1.0,,VERIFIED,True
2018/19,27,Club Brugge,Belgium,BEL,AO-UEFA-50043,50043,Club Brugge,exact_name_country,1.0,,VERIFIED,True
2018/19,28,Racing Genk,Belgium,BEL,AO-UEFA-61582,61582,Genk,fixture_graph_unique,,,VERIFIED,True
2018/19,29,Standard Liège,Belgium,BEL,AO-UEFA-52165,52165,Standard Liège,exact_name_country,1.0,,VERIFIED,True
2018/19,30,FK Sarajevo,Bosnia-Herzegovina,BOS,AO-UEFA-64378,64378,Sarajevo,exact_name_country,1.0,,VERIFIED,True
2018/19,31,Siroki Brijeg,Bosnia-Herzegovina,BOS,AO-UEFA-73387,73387,Široki Brijeg,exact_name_country,1.0,,VERIFIED,True
2018/19,32,Zeljeznicar Sarajevo,Bosnia-Herzegovina,BOS,AO-UEFA-64381,64381,Željezničar,fixture_graph_unique,,,VERIFIED,True
2018/19,33,Zrinjski Mostar,Bosnia-Herzegovina,BOS,AO-UEFA-73390,73390,Zrinjski,fixture_graph_unique,,,VERIFIED,True
2018/19,34,CSKA Sofia,Bulgaria,BUL,AO-UEFA-2608297,2608297,CSKA Sofia,exact_name_country,1.0,,VERIFIED,True
2018/19,35,Levski Sofia,Bulgaria,BUL,AO-UEFA-50044,50044,Levski Sofia,exact_name_country,1.0,,VERIFIED,True
2018/19,36,Ludogorets Razgrad,Bulgaria,BUL,AO-UEFA-2603104,2603104,Ludogorets,fixture_graph_unique,,,VERIFIED,True
2018/19,37,Slavia Sofia,Bulgaria,BUL,AO-UEFA-50117,50117,Slavia Sofia,exact_name_country,1.0,,VERIFIED,True
2018/19,38,Dinamo Zagreb,Croatia,CRO,AO-UEFA-50164,50164,GNK Dinamo,exact_name_country,1.0,,VERIFIED,True
2018/19,39,Hajduk Split,Croatia,CRO,AO-UEFA-52359,52359,Hajduk Split,exact_name_country,1.0,,VERIFIED,True
2018/19,40,NK Osijek,Croatia,CRO,AO-UEFA-53082,53082,Osijek,exact_name_country,1.0,,VERIFIED,True
2018/19,41,NK Rijeka,Croatia,CRO,AO-UEFA-52356,52356,Rijeka,fixture_graph_unique,,,VERIFIED,True
2018/19,42,AEK Larnaca,Cyprus,CYP,AO-UEFA-54191,54191,AEK Larnaca,exact_name_country,1.0,,VERIFIED,True
2018/19,43,APOEL Nicosia,Cyprus,CYP,AO-UEFA-50118,50118,APOEL,fixture_graph_unique,,,VERIFIED,True
2018/19,44,Anorthosis Famagusta,Cyprus,CYP,AO-UEFA-52897,52897,Anorthosis,fixture_graph_unique,,,VERIFIED,True
2018/19,45,Apollon Limassol,Cyprus,CYP,AO-UEFA-52741,52741,Apollon,fixture_graph_unique,,,VERIFIED,True
2018/19,46,FK Jablonec,Czechia,CZE,AO-UEFA-62169,62169,Jablonec,exact_name_country,1.0,,VERIFIED,True
2018/19,47,Sigma Olomouc,Czechia,CZE,AO-UEFA-52905,52905,Sigma Olomouc,exact_name_country,1.0,,VERIFIED,True
2018/19,48,Slavia Praha,Czechia,CZE,AO-UEFA-52498,52498,Slavia Praha,exact_name_country,1.0,,VERIFIED,True
2018/19,49,Sparta Praha,Czechia,CZE,AO-UEFA-50033,50033,Sparta Praha,exact_name_country,1.0,,VERIFIED,True
2018/19,50,Viktoria Plzen,Czechia,CZE,AO-UEFA-64388,64388,Viktoria Plzeň,exact_name_country,1.0,,VERIFIED,True
2018/19,51,Brøndby IF,Denmark,DEN,AO-UEFA-50021,50021,Brøndby,exact_name_country,1.0,,VERIFIED,True
2018/19,52,FC København,Denmark,DEN,AO-UEFA-52709,52709,Copenhagen,fixture_graph_unique,,,VERIFIED,True
2018/19,53,FC Midtjylland,Denmark,DEN,AO-UEFA-75795,75795,Midtjylland,exact_name_country,1.0,,VERIFIED,True
2018/19,54,FC Nordsjælland,Denmark,DEN,AO-UEFA-79940,79940,Nordsjælland,exact_name_country,1.0,,VERIFIED,True
2018/19,55,Arsenal,England,ENG,AO-UEFA-52280,52280,Arsenal,exact_name_country,1.0,,VERIFIED,True
2018/19,56,Burnley FC,England,ENG,AO-UEFA-53354,53354,Burnley,exact_name_country,1.0,,VERIFIED,True
2018/19,57,Chelsea,England,ENG,AO-UEFA-52914,52914,Chelsea,exact_name_country,1.0,,VERIFIED,True
2018/19,58,Liverpool,England,ENG,AO-UEFA-7889,7889,Liverpool,exact_name_country,1.0,,VERIFIED,True
2018/19,59,Manchester City,England,ENG,AO-UEFA-52919,52919,Man City,exact_name_country,1.0,,VERIFIED,True
2018/19,60,Manchester United,England,ENG,AO-UEFA-52682,52682,Man Utd,exact_name_country,1.0,,VERIFIED,True
2018/19,61,Tottenham Hotspur,England,ENG,AO-UEFA-1652,1652,Tottenham,exact_name_country,1.0,,VERIFIED,True
2018/19,62,Flora Tallinn,Estonia,EST,AO-UEFA-59341,59341,Flora Tallinn,exact_name_country,1.0,,VERIFIED,True
2018/19,63,Kalju Nomme,Estonia,EST,AO-UEFA-2600371,2600371,Kalju,fixture_graph_unique,,,VERIFIED,True
2018/19,64,Levadia Tallinn,Estonia,EST,AO-UEFA-77482,77482,Levadia Tallinn,exact_name_country,1.0,,VERIFIED,True
2018/19,65,Trans Narva,Estonia,EST,AO-UEFA-60565,60565,Trans,exact_name_country,1.0,,VERIFIED,True
2018/19,66,B36 Torshavn,Faroe Islands,FAR,AO-UEFA-57476,57476,B36 Tórshavn,exact_name_country,1.0,,VERIFIED,True
2018/19,67,KI Klaksvik,Faroe Islands,FAR,AO-UEFA-57475,57475,Klaksvík,exact_name_country,1.0,,VERIFIED,True
2018/19,68,NSI Runavik,Faroe Islands,FAR,AO-UEFA-64150,64150,Runavík,exact_name_country,1.0,,VERIFIED,True
2018/19,69,Víkingur,Faroe Islands,FAR,AO-UEFA-59325,59325,Víkingur,exact_name_country,1.0,,VERIFIED,True
2018/19,70,FC Lahti,Finland,FIN,AO-UEFA-50082,50082,Lahti,exact_name_country,1.0,,VERIFIED,True
2018/19,71,HJK Helsinki,Finland,FIN,AO-UEFA-50052,50052,HJK,exact_name_country,1.0,,VERIFIED,True
2018/19,72,Ilves Tampere,Finland,FIN,AO-UEFA-2602511,2602511,Ilves,exact_name_country,1.0,,VERIFIED,True
2018/19,73,KuPS Kuopio,Finland,FIN,AO-UEFA-52350,52350,KuPS Kuopio,exact_name_country,1.0,,VERIFIED,True
2018/19,74,AS Monaco,France,FRA,AO-UEFA-50023,50023,Monaco,exact_name_country,1.0,,VERIFIED,True
2018/19,75,Girondins Bordeaux,France,FRA,AO-UEFA-50127,50127,Bordeaux,fixture_graph_unique,,,VERIFIED,True
2018/19,76,Olympique Lyon,France,FRA,AO-UEFA-5312,5312,Lyon,fixture_graph_unique,,,VERIFIED,True
2018/19,77,Olympique Marseille,France,FRA,AO-UEFA-52748,52748,Marseille,fixture_graph_unique,,,VERIFIED,True
2018/19,78,Paris Saint-Germain,France,FRA,AO-UEFA-52747,52747,Paris,exact_name_country,1.0,,VERIFIED,True
2018/19,79,Stade Rennais,France,FRA,AO-UEFA-55031,55031,Rennes,fixture_graph_unique,,,VERIFIED,True
2018/19,80,Chikhura Sachkhere,Georgia,GEO,AO-UEFA-92452,92452,Chikhura,fixture_graph_unique,,,VERIFIED,True
2018/19,81,Dinamo Tbilisi,Georgia,GEO,AO-UEFA-52705,52705,Dinamo Tbilisi,exact_name_country,1.0,,VERIFIED,True
2018/19,82,Samtredia,Georgia,GEO,AO-UEFA-59884,59884,Samtredia,exact_name_country,1.0,,VERIFIED,True
2018/19,83,Torpedo Kutaisi,Georgia,GEO,AO-UEFA-64471,64471,Torpedo Kutaisi,exact_name_country,1.0,,VERIFIED,True
2018/19,84,1899 Hoffenheim,Germany,GER,AO-UEFA-2600431,2600431,Hoffenheim,fixture_graph_unique,,,VERIFIED,True
2018/19,85,Bayer Leverkusen,Germany,GER,AO-UEFA-50109,50109,Leverkusen,fixture_graph_unique,,,VERIFIED,True
2018/19,86,Bayern München,Germany,GER,AO-UEFA-50037,50037,Bayern München,exact_name_country,1.0,,VERIFIED,True
2018/19,87,Borussia Dortmund,Germany,GER,AO-UEFA-52758,52758,B. Dortmund,exact_name_country,1.0,,VERIFIED,True
2018/19,88,Eintracht Frankfurt,Germany,GER,AO-UEFA-50072,50072,Frankfurt,exact_name_country,1.0,,VERIFIED,True
2018/19,89,RB Leipzig,Germany,GER,AO-UEFA-2603790,2603790,Leipzig,exact_name_country,1.0,,VERIFIED,True
2018/19,90,Schalke 04,Germany,GER,AO-UEFA-57388,57388,Schalke,fixture_graph_unique,,,VERIFIED,True
2018/19,91,Europa FC,Gibraltar,GIB,AO-UEFA-2606416,2606416,Europa,exact_name_country,1.0,,VERIFIED,True
2018/19,92,Lincoln Red Imps,Gibraltar,GIB,AO-UEFA-2605572,2605572,L. Red Imps,exact_name_country,1.0,,VERIFIED,True
2018/19,93,St Joseph's FC,Gibraltar,GIB,AO-UEFA-2605575,2605575,St Joseph's,exact_name_country,1.0,,VERIFIED,True
2018/19,94,AEK Athens,Greece,GRE,AO-UEFA-50129,50129,AEK Athens,exact_name_country,1.0,,VERIFIED,True
2018/19,95,Asteras Tripolis,Greece,GRE,AO-UEFA-2600293,2600293,Asteras,fixture_graph_unique,,,VERIFIED,True
2018/19,96,Atromitos FC,Greece,GRE,AO-UEFA-84641,84641,Atromitos,exact_name_country,1.0,,VERIFIED,True
2018/19,97,Olympiakos Piraeus,Greece,GRE,AO-UEFA-2610,2610,Olympiacos,fixture_graph_unique,,,VERIFIED,True
2018/19,98,PAOK Thessaloniki,Greece,GRE,AO-UEFA-50130,50130,PAOK,fixture_graph_unique,,,VERIFIED,True
2018/19,99,Ferencváros,Hungary,HUN,AO-UEFA-52298,52298,Ferencváros,exact_name_country,1.0,,VERIFIED,True
2018/19,100,Honvéd Budapest,Hungary,HUN,AO-UEFA-50054,50054,Honvéd,fixture_graph_unique,,,VERIFIED,True
2018/19,101,Videoton Fehérvár,Hungary,HUN,AO-UEFA-52288,52288,Fehérvár,fixture_graph_unique,,,VERIFIED,True
2018/19,102,Újpest TE,Hungary,HUN,AO-UEFA-50132,50132,Újpest,fixture_graph_unique,,,VERIFIED,True
2018/19,103,FH Hafnarfjardar,Iceland,ISL,AO-UEFA-59329,59329,FH,fixture_graph_unique,,,VERIFIED,True
2018/19,104,IBV Vestmannaeyjar,Iceland,ISL,AO-UEFA-52720,52720,ÍBV,exact_name_country,1.0,,VERIFIED,True
2018/19,105,Stjarnan FC,Iceland,ISL,AO-UEFA-52308,52308,Stjarnan,fixture_graph_unique,,,VERIFIED,True
2018/19,106,Valur Reykjavik,Iceland,ISL,AO-UEFA-50057,50057,Valur,fixture_graph_unique,,,VERIFIED,True
2018/19,107,Cork City,Ireland,IRL,AO-UEFA-52803,52803,Cork,fixture_graph_unique,,,VERIFIED,True
2018/19,108,Derry City,Ireland,IRL,AO-UEFA-50086,50086,Derry,fixture_graph_unique,,,VERIFIED,True
2018/19,109,Dundalk,Ireland,IRL,AO-UEFA-50055,50055,Dundalk,exact_name_country,1.0,,VERIFIED,True
2018/19,110,Shamrock Rovers,Ireland,IRL,AO-UEFA-52381,52381,Shamrock Rovers,exact_name_country,1.0,,VERIFIED,True
2018/19,111,Beitar Jerusalem,Israel,ISR,AO-UEFA-59034,59034,Beitar,fixture_graph_unique,,,VERIFIED,True
2018/19,112,Hapoel Beer-Sheva,Israel,ISR,AO-UEFA-59340,59340,H. Beer-Sheva,fixture_graph_unique,,,VERIFIED,True
2018/19,113,Hapoel Haifa,Israel,ISR,AO-UEFA-60573,60573,H. Haifa,fixture_graph_unique,,,VERIFIED,True
2018/19,114,Maccabi Tel-Aviv,Israel,ISR,AO-UEFA-57477,57477,M. Tel-Aviv,fixture_graph_unique,,,VERIFIED,True
2018/19,115,AC Milan,Italy,ITA,AO-UEFA-50058,50058,Milan,exact_name_country,1.0,,VERIFIED,True
2018/19,116,AS Roma,Italy,ITA,AO-UEFA-50137,50137,Roma,exact_name_country,1.0,,VERIFIED,True
2018/19,117,Atalanta,Italy,ITA,AO-UEFA-52816,52816,Atalanta,exact_name_country,1.0,,VERIFIED,True
2018/19,118,Internazionale,Italy,ITA,AO-UEFA-50138,50138,Inter,fixture_graph_unique,,,VERIFIED,True
2018/19,119,Juventus,Italy,ITA,AO-UEFA-50139,50139,Juventus,exact_name_country,1.0,,VERIFIED,True
2018/19,120,Lazio,Italy,ITA,AO-UEFA-52973,52973,Lazio,exact_name_country,1.0,,VERIFIED,True
2018/19,121,Napoli,Italy,ITA,AO-UEFA-50136,50136,Napoli,exact_name_country,1.0,,VERIFIED,True
2018/19,122,FK Astana,Kazakhstan,KAZ,AO-UEFA-2600605,2600605,Astana,fixture_graph_unique,,,VERIFIED,True
2018/19,123,Irtysh Pavlodar,Kazakhstan,KAZ,AO-UEFA-79964,79964,Irtysh,fixture_graph_unique,,,VERIFIED,True
2018/19,124,Kairat Almaty,Kazakhstan,KAZ,AO-UEFA-79970,79970,Kairat Almaty,exact_name_country,1.0,,VERIFIED,True
2018/19,125,Tobol Kustanai,Kazakhstan,KAZ,AO-UEFA-79969,79969,Tobol,fixture_graph_unique,,,VERIFIED,True
2018/19,126,FC Drita,Kosovo,KOS,AO-UEFA-2608290,2608290,Drita,exact_name_country,1.0,,VERIFIED,True
2018/19,127,FC Prishtina,Kosovo,KOS,AO-UEFA-2608287,2608287,Prishtina,exact_name_country,1.0,,VERIFIED,True
2018/19,128,FK Liepaja,Latvia,LAT,AO-UEFA-2606320,2606320,Liepāja,exact_name_country,1.0,,VERIFIED,True
2018/19,129,FK Ventspils,Latvia,LAT,AO-UEFA-64359,64359,Ventspils,exact_name_country,1.0,,VERIFIED,True
2018/19,130,Riga FC,Latvia,LAT,AO-UEFA-2607924,2607924,Riga,exact_name_country,1.0,,VERIFIED,True
2018/19,131,Spartaks Jurmala,Latvia,LAT,AO-UEFA-2602918,2602918,Spartaks Jūrmala,exact_name_country,1.0,,VERIFIED,True
2018/19,132,FC Vaduz,Liechtenstein,LIE,AO-UEFA-57482,57482,Vaduz,exact_name_country,1.0,,VERIFIED,True
2018/19,133,FK Trakai,Lithuania,LIT,AO-UEFA-2606168,2606168,Riteriai,fixture_graph_unique,,,VERIFIED,True
2018/19,134,Stumbras Kaunas,Lithuania,LIT,AO-UEFA-2607177,2607177,Stumbras,fixture_graph_unique,,,VERIFIED,True
2018/19,135,Suduva Marijampole,Lithuania,LIT,AO-UEFA-79557,79557,Sūduva,fixture_graph_unique,,,VERIFIED,True
2018/19,136,Zalgiris Vilnius,Lithuania,LIT,AO-UEFA-2602334,2602334,Žalgiris,fixture_graph_unique,,,VERIFIED,True
2018/19,137,CS Fola Esch,Luxembourg,LUX,AO-UEFA-7607,7607,Fola,exact_name_country,1.0,,VERIFIED,True
2018/19,138,F91 Dudelange,Luxembourg,LUX,AO-UEFA-59028,59028,Diddeleng,fixture_graph_unique,,,VERIFIED,True
2018/19,139,Progrès Niederkorn,Luxembourg,LUX,AO-UEFA-52311,52311,Progrès,fixture_graph_unique,,,VERIFIED,True
2018/19,140,Racing Union Luxembourg,Luxembourg,LUX,AO-UEFA-88135,88135,Racing Union,fixture_graph_unique,,,VERIFIED,True
2018/19,141,Balzan FC,Malta,MLT,AO-UEFA-84734,84734,Balzan,exact_name_country,1.0,,VERIFIED,True
2018/19,142,Birkirkara,Malta,MLT,AO-UEFA-62171,62171,Birkirkara,exact_name_country,1.0,,VERIFIED,True
2018/19,143,Gzira United,Malta,MLT,AO-UEFA-64201,64201,Gżira,fixture_graph_unique,,,VERIFIED,True
2018/19,144,Valletta FC,Malta,MLT,AO-UEFA-52641,52641,Valletta,exact_name_country,1.0,,VERIFIED,True
2018/19,145,Milsami Orhei,Moldova,MOL,AO-UEFA-2600714,2600714,Milsami,fixture_graph_unique,,,VERIFIED,True
2018/19,146,Petrocub Hîncesti,Moldova,MOL,AO-UEFA-2607112,2607112,Petrocub,fixture_graph_unique,,,VERIFIED,True
2018/19,147,Sheriff Tiraspol,Moldova,MOL,AO-UEFA-69606,69606,Sheriff,fixture_graph_unique,,,VERIFIED,True
2018/19,148,Zaria Balti,Moldova,MOL,AO-UEFA-2606488,2606488,Zaria Balti,exact_name_country,1.0,,VERIFIED,True
2018/19,149,Buducnost Podgorica,Montenegro,MON,AO-UEFA-53078,53078,Budućnost,fixture_graph_unique,,,VERIFIED,True
2018/19,150,OFK Titograd,Montenegro,MON,AO-UEFA-2600103,2600103,Titograd,exact_name_country,1.0,,VERIFIED,True
2018/19,151,Rudar Pljevlja,Montenegro,MON,AO-UEFA-77927,77927,Rudar Pljevlja,exact_name_country,1.0,,VERIFIED,True
2018/19,152,Sutjeska Niksic,Montenegro,MON,AO-UEFA-73936,73936,Sutjeska,fixture_graph_unique,,,VERIFIED,True
2018/19,153,AZ Alkmaar,Netherlands,NED,AO-UEFA-52327,52327,AZ Alkmaar,exact_name_country,1.0,,VERIFIED,True
2018/19,154,Ajax,Netherlands,NED,AO-UEFA-50143,50143,Ajax,exact_name_country,1.0,,VERIFIED,True
2018/19,155,Feyenoord,Netherlands,NED,AO-UEFA-52749,52749,Feyenoord,exact_name_country,1.0,,VERIFIED,True
2018/19,156,PSV Eindhoven,Netherlands,NED,AO-UEFA-50062,50062,PSV,exact_name_country,1.0,,VERIFIED,True
2018/19,157,Vitesse Arnhem,Netherlands,NED,AO-UEFA-52985,52985,Vitesse,fixture_graph_unique,,,VERIFIED,True
2018/19,158,FK Shkupi,North Macedonia,MAC,AO-UEFA-2606993,2606993,Shkupi,fixture_graph_unique,,,VERIFIED,True
2018/19,159,Rabotnicki Skopje,North Macedonia,MAC,AO-UEFA-69601,69601,Rabotnicki,fixture_graph_unique,,,VERIFIED,True
2018/19,160,Shkendija Tetovo,North Macedonia,MAC,AO-UEFA-75807,75807,Shkëndija,fixture_graph_unique,,,VERIFIED,True
2018/19,161,Vardar Skopje,North Macedonia,MAC,AO-UEFA-53080,53080,Vardar,fixture_graph_unique,,,VERIFIED,True
2018/19,162,Cliftonville,Northern Ireland,NIR,AO-UEFA-52991,52991,Cliftonville,exact_name_country,1.0,,VERIFIED,True
2018/19,163,Coleraine,Northern Ireland,NIR,AO-UEFA-52377,52377,Coleraine,exact_name_country,1.0,,VERIFIED,True
2018/19,164,Crusaders Belfast,Northern Ireland,NIR,AO-UEFA-52992,52992,Crusaders,fixture_graph_unique,,,VERIFIED,True
2018/19,165,Glenavon,Northern Ireland,NIR,AO-UEFA-50087,50087,Glenavon,exact_name_country,1.0,,VERIFIED,True
2018/19,166,Lillestrøm SK,Norway,NOR,AO-UEFA-52314,52314,Lillestrøm,exact_name_country,1.0,,VERIFIED,True
2018/19,167,Molde FK,Norway,NOR,AO-UEFA-50142,50142,Molde,exact_name_country,1.0,,VERIFIED,True
2018/19,168,Rosenborg BK,Norway,NOR,AO-UEFA-52806,52806,Rosenborg,exact_name_country,1.0,,VERIFIED,True
2018/19,169,Sarpsborg 08,Norway,NOR,AO-UEFA-2604486,2604486,Sarpsborg,fixture_graph_unique,,,VERIFIED,True
2018/19,170,Górnik Zabrze,Poland,POL,AO-UEFA-50063,50063,Górnik Zabrze,exact_name_country,1.0,,VERIFIED,True
2018/19,171,Jagiellonia Bialystok,Poland,POL,AO-UEFA-2600277,2600277,Jagiellonia,fixture_graph_unique,,,VERIFIED,True
2018/19,172,Lech Poznan,Poland,POL,AO-UEFA-64227,64227,Lech Poznań,exact_name_country,1.0,,VERIFIED,True
2018/19,173,Legia Warsaw,Poland,POL,AO-UEFA-50146,50146,Legia Warszawa,fixture_graph_unique,,,VERIFIED,True
2018/19,174,Benfica,Portugal,POR,AO-UEFA-50147,50147,Benfica,exact_name_country,1.0,,VERIFIED,True
2018/19,175,FC Porto,Portugal,POR,AO-UEFA-50064,50064,Porto,exact_name_country,1.0,,VERIFIED,True
2018/19,176,Rio Ave,Portugal,POR,AO-UEFA-64237,64237,Rio Ave,exact_name_country,1.0,,VERIFIED,True
2018/19,177,Sporting Braga,Portugal,POR,AO-UEFA-52336,52336,Braga,fixture_graph_unique,,,VERIFIED,True
2018/19,178,Sporting CP Lisbon,Portugal,POR,AO-UEFA-50149,50149,Sporting CP,fixture_graph_unique,,,VERIFIED,True
2018/19,179,CFR Cluj,Romania,ROM,AO-UEFA-88131,88131,CFR Cluj,exact_name_country,1.0,,VERIFIED,True
2018/19,180,FCSB,Romania,ROM,AO-UEFA-50065,50065,FCSB,exact_name_country,1.0,,VERIFIED,True
2018/19,181,Universitatea Craiova,Romania,ROM,AO-UEFA-2606501,2606501,U. Craiova,exact_name_country,1.0,,VERIFIED,True
2018/19,182,Viitorul Constanta,Romania,ROM,AO-UEFA-2604753,2604753,Farul Constanța,exact_name_country,1.0,,VERIFIED,True
2018/19,183,CSKA Moscow,Russia,RUS,AO-UEFA-54266,54266,CSKA Moskva,fixture_graph_unique,,,VERIFIED,True
2018/19,184,FC Ufa,Russia,RUS,AO-UEFA-2606415,2606415,Ufa,exact_name_country,1.0,,VERIFIED,True
2018/19,185,FK Krasnodar,Russia,RUS,AO-UEFA-2601038,2601038,Krasnodar,fixture_graph_unique,,,VERIFIED,True
2018/19,186,Lokomotiv Moscow,Russia,RUS,AO-UEFA-53065,53065,Lokomotiv Moskva,fixture_graph_unique,,,VERIFIED,True
2018/19,187,Spartak Moscow,Russia,RUS,AO-UEFA-50068,50068,Spartak Moskva,fixture_graph_unique,,,VERIFIED,True
2018/19,188,Zenit St. Petersburg,Russia,RUS,AO-UEFA-52826,52826,Zenit,fixture_graph_unique,,,VERIFIED,True
2018/19,189,Folgore,San Marino,SMA,AO-UEFA-64507,64507,Folgore,exact_name_country,1.0,,VERIFIED,True
2018/19,190,La Fiorita,San Marino,SMA,AO-UEFA-64508,64508,La Fiorita,exact_name_country,1.0,,VERIFIED,True
2018/19,191,Tre Fiori,San Marino,SMA,AO-UEFA-64514,64514,Tre Fiori,exact_name_country,1.0,,VERIFIED,True
2018/19,192,Aberdeen,Scotland,SCO,AO-UEFA-50122,50122,Aberdeen,exact_name_country,1.0,,VERIFIED,True
2018/19,193,Celtic,Scotland,SCO,AO-UEFA-50050,50050,Celtic,exact_name_country,1.0,,VERIFIED,True
2018/19,194,Glasgow Rangers,Scotland,SCO,AO-UEFA-50121,50121,Rangers,fixture_graph_unique,,,VERIFIED,True
2018/19,195,Hibernian,Scotland,SCO,AO-UEFA-52821,52821,Hibernian,exact_name_country,1.0,,VERIFIED,True
2018/19,196,Partizan Belgrade,Serbia,SRB,AO-UEFA-50162,50162,Partizan,fixture_graph_unique,,,VERIFIED,True
2018/19,197,Radnicki Nis,Serbia,SRB,AO-UEFA-52734,52734,Radnicki Niš,exact_name_country,1.0,,VERIFIED,True
2018/19,198,Red Star Belgrade,Serbia,SRB,AO-UEFA-50069,50069,Crvena Zvezda,fixture_graph_unique,,,VERIFIED,True
2018/19,199,Spartak Subotica,Serbia,SRB,AO-UEFA-53079,53079,Spartak Subotica,exact_name_country,1.0,,VERIFIED,True
2018/19,200,AS Trencín,Slovakia,SVK,AO-UEFA-64315,64315,Trenčín,exact_name_country,1.0,,VERIFIED,True
2018/19,201,DAC Dunajska Streda,Slovakia,SVK,AO-UEFA-50156,50156,DAC 1904,fixture_graph_unique,,,VERIFIED,True
2018/19,202,Slovan Bratislava,Slovakia,SVK,AO-UEFA-52797,52797,S. Bratislava,exact_name_country,1.0,,VERIFIED,True
2018/19,203,Spartak Trnava,Slovakia,SVK,AO-UEFA-52904,52904,Spartak Trnava,exact_name_country,1.0,,VERIFIED,True
2018/19,204,NK Domzale,Slovenia,SLO,AO-UEFA-70690,70690,Domžale,exact_name_country,1.0,,VERIFIED,True
2018/19,205,NK Maribor,Slovenia,SLO,AO-UEFA-57490,57490,Maribor,exact_name_country,1.0,,VERIFIED,True
2018/19,206,Olimpija Ljubljana,Slovenia,SLO,AO-UEFA-53081,53081,Olimpija,exact_name_country,1.0,,VERIFIED,True
2018/19,207,Rudar Velenje,Slovenia,SLO,AO-UEFA-59860,59860,Rudar Velenje,exact_name_country,1.0,,VERIFIED,True
2018/19,208,Atlético Madrid,Spain,ESP,AO-UEFA-50124,50124,Atleti,fixture_graph_unique,,,VERIFIED,True
2018/19,209,FC Barcelona,Spain,ESP,AO-UEFA-50080,50080,Barcelona,exact_name_country,1.0,,VERIFIED,True
2018/19,210,Real Betis,Spain,ESP,AO-UEFA-52265,52265,Real Betis,exact_name_country,1.0,,VERIFIED,True
2018/19,211,Real Madrid,Spain,ESP,AO-UEFA-50051,50051,Real Madrid,exact_name_country,1.0,,VERIFIED,True
2018/19,212,Sevilla,Spain,ESP,AO-UEFA-52714,52714,Sevilla,exact_name_country,1.0,,VERIFIED,True
2018/19,213,Valencia,Spain,ESP,AO-UEFA-52268,52268,Valencia,exact_name_country,1.0,,VERIFIED,True
2018/19,214,Villarreal,Spain,ESP,AO-UEFA-70691,70691,Villarreal,exact_name_country,1.0,,VERIFIED,True
2018/19,215,AIK Stockholm,Sweden,SWE,AO-UEFA-52341,52341,AIK,exact_name_country,1.0,,VERIFIED,True
2018/19,216,BK Häcken,Sweden,SWE,AO-UEFA-69621,69621,Häcken,exact_name_country,1.0,,VERIFIED,True
2018/19,217,Djurgårdens IF,Sweden,SWE,AO-UEFA-52809,52809,Djurgården,fixture_graph_unique,,,VERIFIED,True
2018/19,218,Malmö FF,Sweden,SWE,AO-UEFA-50152,50152,Malmö,exact_name_country,1.0,,VERIFIED,True
2018/19,219,FC Basel,Switzerland,SUI,AO-UEFA-59856,59856,Basel,fixture_graph_unique,,,VERIFIED,True
2018/19,220,FC Luzern,Switzerland,SUI,AO-UEFA-52808,52808,Luzern,exact_name_country,1.0,,VERIFIED,True
2018/19,221,FC Sankt Gallen,Switzerland,SUI,AO-UEFA-51151,51151,St. Gallen,fixture_graph_unique,,,VERIFIED,True
2018/19,222,FC Zürich,Switzerland,SUI,AO-UEFA-51150,51150,Zürich,exact_name_country,1.0,,VERIFIED,True
2018/19,223,Young Boys,Switzerland,SUI,AO-UEFA-50031,50031,Young Boys,exact_name_country,1.0,,VERIFIED,True
2018/19,224,Akhisarspor,Türkiye,TUR,AO-UEFA-2604479,2604479,Akhisar,fixture_graph_unique,,,VERIFIED,True
2018/19,225,Besiktas,Türkiye,TUR,AO-UEFA-50157,50157,Beşiktaş,exact_name_country,1.0,,VERIFIED,True
2018/19,226,Fenerbahçe,Türkiye,TUR,AO-UEFA-52692,52692,Fenerbahçe,exact_name_country,1.0,,VERIFIED,True
2018/19,227,Galatasaray,Türkiye,TUR,AO-UEFA-50067,50067,Galatasaray,exact_name_country,1.0,,VERIFIED,True
2018/19,228,Istanbul Basaksehir,Türkiye,TUR,AO-UEFA-2600288,2600288,Başakşehir,exact_name_country,1.0,,VERIFIED,True
2018/19,229,Dinamo Kiev,Ukraine,UKR,AO-UEFA-52723,52723,Dynamo Kyiv,exact_name_country,1.0,,VERIFIED,True
2018/19,230,FC Mariupol,Ukraine,UKR,AO-UEFA-64309,64309,Mariupol,exact_name_country,1.0,,VERIFIED,True
2018/19,231,Shakhtar Donetsk,Ukraine,UKR,AO-UEFA-52707,52707,Shakhtar,exact_name_country,1.0,,VERIFIED,True
2018/19,232,Vorskla Poltava,Ukraine,UKR,AO-UEFA-62174,62174,Vorskla Poltava,exact_name_country,1.0,,VERIFIED,True
2018/19,233,Zorya Luhansk,Ukraine,UKR,AO-UEFA-65130,65130,Zorya Luhansk,exact_name_country,1.0,,VERIFIED,True
2018/19,234,Bala Town,Wales,WAL,AO-UEFA-2600717,2600717,Bala,fixture_graph_unique,,,VERIFIED,True
2018/19,235,Cefn Druids,Wales,WAL,AO-UEFA-73933,73933,Cefn Druids,exact_name_country,1.0,,VERIFIED,True
2018/19,236,Connah's Quay,Wales,WAL,AO-UEFA-64275,64275,Connah's Quay,exact_name_country,1.0,,VERIFIED,True
2018/19,237,The New Saints,Wales,WAL,AO-UEFA-60457,60457,The New Saints,exact_name_country,1.0,,VERIFIED,True
2019/20,1,FK Kukësi,Albania,ALB,AO-UEFA-2604186,2604186,Kukës,exact_name_country,1.0,,VERIFIED,True
2019/20,2,KF Laçi,Albania,ALB,AO-UEFA-64111,64111,Laç,exact_name_country,1.0,,VERIFIED,True
2019/20,3,Partizani Tirana,Albania,ALB,AO-UEFA-52876,52876,Partizani,fixture_graph_unique,,,VERIFIED,True
2019/20,4,Teuta Durrës,Albania,ALB,AO-UEFA-59316,59316,Teuta,fixture_graph_unique,,,VERIFIED,True
2019/20,5,FC Santa Coloma,Andorra,AND,AO-UEFA-62180,62180,FC Santa Coloma,exact_name_country,1.0,,VERIFIED,True
2019/20,6,Sant Julià,Andorra,AND,AO-UEFA-63399,63399,Sant Julià,exact_name_country,1.0,,VERIFIED,True
2019/20,7,UE Engordany,Andorra,AND,AO-UEFA-84697,84697,Engordany,exact_name_country,1.0,,VERIFIED,True
2019/20,8,Alashkert FC,Armenia,ARM,AO-UEFA-2605268,2605268,Alashkert,fixture_graph_unique,,,VERIFIED,True
2019/20,9,Ararat-Armenia,Armenia,ARM,AO-UEFA-2610304,2610304,Ararat-Armenia,exact_name_country,1.0,,VERIFIED,True
2019/20,10,Pyunik Yerevan,Armenia,ARM,AO-UEFA-77431,77431,Pyunik,fixture_graph_unique,,,VERIFIED,True
2019/20,11,Urartu FC,Armenia,ARM,AO-UEFA-77866,77866,Urartu,fixture_graph_unique,,,VERIFIED,True
2019/20,12,Austria Wien,Austria,AUT,AO-UEFA-50110,50110,Austria Wien,exact_name_country,1.0,,VERIFIED,True
2019/20,13,FC Salzburg,Austria,AUT,AO-UEFA-50030,50030,Salzburg,exact_name_country,1.0,,VERIFIED,True
2019/20,14,LASK,Austria,AUT,AO-UEFA-63405,63405,LASK,exact_name_country,1.0,,VERIFIED,True
2019/20,15,Sturm Graz,Austria,AUT,AO-UEFA-50111,50111,Sturm Graz,exact_name_country,1.0,,VERIFIED,True
2019/20,16,Wolfsberger AC,Austria,AUT,AO-UEFA-2603990,2603990,Wolfsberger,exact_name_country,1.0,,VERIFIED,True
2019/20,17,Gabala FK,Azerbaijan,AZB,AO-UEFA-93628,93628,Gabala,fixture_graph_unique,,,VERIFIED,True
2019/20,18,Neftchi Baku,Azerbaijan,AZB,AO-UEFA-59890,59890,Neftchi,fixture_graph_unique,,,VERIFIED,True
2019/20,19,Qarabag FK,Azerbaijan,AZB,AO-UEFA-60609,60609,Qarabağ,exact_name_country,1.0,,VERIFIED,True
2019/20,20,Sabail FK,Azerbaijan,AZB,AO-UEFA-2608569,2608569,Sabail,fixture_graph_unique,,,VERIFIED,True
2019/20,21,BATE Borisov,Belarus,BLS,AO-UEFA-66168,66168,BATE,fixture_graph_unique,,,VERIFIED,True
2019/20,22,Dinamo Minsk,Belarus,BLS,AO-UEFA-50161,50161,Dinamo-Minsk,exact_name_country,1.0,,VERIFIED,True
2019/20,23,FC Vitebsk,Belarus,BLS,AO-UEFA-64296,64296,Vitebsk,exact_name_country,1.0,,VERIFIED,True
2019/20,24,Shakhtior Saligorsk,Belarus,BLS,AO-UEFA-64375,64375,Shakhtyor,fixture_graph_unique,,,VERIFIED,True
2019/20,25,AA Gent,Belgium,BEL,AO-UEFA-4608,4608,Gent,fixture_graph_unique,,,VERIFIED,True
2019/20,26,Club Brugge,Belgium,BEL,AO-UEFA-50043,50043,Club Brugge,exact_name_country,1.0,,VERIFIED,True
2019/20,27,Racing Genk,Belgium,BEL,AO-UEFA-61582,61582,Genk,fixture_graph_unique,,,VERIFIED,True
2019/20,28,Royal Antwerp,Belgium,BEL,AO-UEFA-50113,50113,Antwerp,fixture_graph_unique,,,VERIFIED,True
2019/20,29,Standard Liège,Belgium,BEL,AO-UEFA-52165,52165,Standard Liège,exact_name_country,1.0,,VERIFIED,True
2019/20,30,FK Sarajevo,Bosnia-Herzegovina,BOS,AO-UEFA-64378,64378,Sarajevo,exact_name_country,1.0,,VERIFIED,True
2019/20,31,Radnik Bijeljina,Bosnia-Herzegovina,BOS,AO-UEFA-77878,77878,Radnik Bijeljina,exact_name_country,1.0,,VERIFIED,True
2019/20,32,Siroki Brijeg,Bosnia-Herzegovina,BOS,AO-UEFA-73387,73387,Široki Brijeg,exact_name_country,1.0,,VERIFIED,True
2019/20,33,Zrinjski Mostar,Bosnia-Herzegovina,BOS,AO-UEFA-73390,73390,Zrinjski,fixture_graph_unique,,,VERIFIED,True
2019/20,34,CSKA Sofia,Bulgaria,BUL,AO-UEFA-2608297,2608297,CSKA Sofia,exact_name_country,1.0,,VERIFIED,True
2019/20,35,Levski Sofia,Bulgaria,BUL,AO-UEFA-50044,50044,Levski Sofia,exact_name_country,1.0,,VERIFIED,True
2019/20,36,Lokomotiv Plovdiv,Bulgaria,BUL,AO-UEFA-52369,52369,Lokomotiv Plovdiv,exact_name_country,1.0,,VERIFIED,True
2019/20,37,Ludogorets Razgrad,Bulgaria,BUL,AO-UEFA-2603104,2603104,Ludogorets,fixture_graph_unique,,,VERIFIED,True
2019/20,38,Dinamo Zagreb,Croatia,CRO,AO-UEFA-50164,50164,GNK Dinamo,exact_name_country,1.0,,VERIFIED,True
2019/20,39,Hajduk Split,Croatia,CRO,AO-UEFA-52359,52359,Hajduk Split,exact_name_country,1.0,,VERIFIED,True
2019/20,40,NK Osijek,Croatia,CRO,AO-UEFA-53082,53082,Osijek,exact_name_country,1.0,,VERIFIED,True
2019/20,41,NK Rijeka,Croatia,CRO,AO-UEFA-52356,52356,Rijeka,fixture_graph_unique,,,VERIFIED,True
2019/20,42,AEK Larnaca,Cyprus,CYP,AO-UEFA-54191,54191,AEK Larnaca,exact_name_country,1.0,,VERIFIED,True
2019/20,43,AEL Limassol,Cyprus,CYP,AO-UEFA-52800,52800,AEL,fixture_graph_unique,,,VERIFIED,True
2019/20,44,APOEL Nicosia,Cyprus,CYP,AO-UEFA-50118,50118,APOEL,fixture_graph_unique,,,VERIFIED,True
2019/20,45,Apollon Limassol,Cyprus,CYP,AO-UEFA-52741,52741,Apollon,fixture_graph_unique,,,VERIFIED,True
2019/20,46,FK Jablonec,Czechia,CZE,AO-UEFA-62169,62169,Jablonec,exact_name_country,1.0,,VERIFIED,True
2019/20,47,Mladá Boleslav,Czechia,CZE,AO-UEFA-88134,88134,Mladá Boleslav,exact_name_country,1.0,,VERIFIED,True
2019/20,48,Slavia Praha,Czechia,CZE,AO-UEFA-52498,52498,Slavia Praha,exact_name_country,1.0,,VERIFIED,True
2019/20,49,Sparta Praha,Czechia,CZE,AO-UEFA-50033,50033,Sparta Praha,exact_name_country,1.0,,VERIFIED,True
2019/20,50,Viktoria Plzen,Czechia,CZE,AO-UEFA-64388,64388,Viktoria Plzeň,exact_name_country,1.0,,VERIFIED,True
2019/20,51,Brøndby IF,Denmark,DEN,AO-UEFA-50021,50021,Brøndby,exact_name_country,1.0,,VERIFIED,True
2019/20,52,Esbjerg fB,Denmark,DEN,AO-UEFA-64140,64140,Esbjerg,exact_name_country,1.0,,VERIFIED,True
2019/20,53,FC København,Denmark,DEN,AO-UEFA-52709,52709,Copenhagen,fixture_graph_unique,,,VERIFIED,True
2019/20,54,FC Midtjylland,Denmark,DEN,AO-UEFA-75795,75795,Midtjylland,exact_name_country,1.0,,VERIFIED,True
2019/20,55,Arsenal,England,ENG,AO-UEFA-52280,52280,Arsenal,exact_name_country,1.0,,VERIFIED,True
2019/20,56,Chelsea,England,ENG,AO-UEFA-52914,52914,Chelsea,exact_name_country,1.0,,VERIFIED,True
2019/20,57,Liverpool,England,ENG,AO-UEFA-7889,7889,Liverpool,exact_name_country,1.0,,VERIFIED,True
2019/20,58,Manchester City,England,ENG,AO-UEFA-52919,52919,Man City,exact_name_country,1.0,,VERIFIED,True
2019/20,59,Manchester United,England,ENG,AO-UEFA-52682,52682,Man Utd,exact_name_country,1.0,,VERIFIED,True
2019/20,60,Tottenham Hotspur,England,ENG,AO-UEFA-1652,1652,Tottenham,exact_name_country,1.0,,VERIFIED,True
2019/20,61,Wolverhampton Wanderers,England,ENG,AO-UEFA-53357,53357,Wolves,fixture_graph_unique,,,VERIFIED,True
2019/20,62,Flora Tallinn,Estonia,EST,AO-UEFA-59341,59341,Flora Tallinn,exact_name_country,1.0,,VERIFIED,True
2019/20,63,Kalju Nomme,Estonia,EST,AO-UEFA-2600371,2600371,Kalju,fixture_graph_unique,,,VERIFIED,True
2019/20,64,Levadia Tallinn,Estonia,EST,AO-UEFA-77482,77482,Levadia Tallinn,exact_name_country,1.0,,VERIFIED,True
2019/20,65,Trans Narva,Estonia,EST,AO-UEFA-60565,60565,Trans,exact_name_country,1.0,,VERIFIED,True
2019/20,66,B36 Torshavn,Faroe Islands,FAR,AO-UEFA-57476,57476,B36 Tórshavn,exact_name_country,1.0,,VERIFIED,True
2019/20,67,HB Torshavn,Faroe Islands,FAR,AO-UEFA-59025,59025,H. Bóltfelag,fixture_graph_unique,,,VERIFIED,True
2019/20,68,KI Klaksvik,Faroe Islands,FAR,AO-UEFA-57475,57475,Klaksvík,exact_name_country,1.0,,VERIFIED,True
2019/20,69,NSI Runavik,Faroe Islands,FAR,AO-UEFA-64150,64150,Runavík,exact_name_country,1.0,,VERIFIED,True
2019/20,70,HJK Helsinki,Finland,FIN,AO-UEFA-50052,50052,HJK,exact_name_country,1.0,,VERIFIED,True
2019/20,71,Inter Turku,Finland,FIN,AO-UEFA-64161,64161,Inter Turku,exact_name_country,1.0,,VERIFIED,True
2019/20,72,KuPS Kuopio,Finland,FIN,AO-UEFA-52350,52350,KuPS Kuopio,exact_name_country,1.0,,VERIFIED,True
2019/20,73,RoPS Rovaniemi,Finland,FIN,AO-UEFA-52812,52812,RoPS,exact_name_country,1.0,,VERIFIED,True
2019/20,74,AS Saint-Étienne,France,FRA,AO-UEFA-50022,50022,St-Étienne,exact_name_country,1.0,,VERIFIED,True
2019/20,75,Lille OSC,France,FRA,AO-UEFA-75797,75797,Lille,fixture_graph_unique,,,VERIFIED,True
2019/20,76,Olympique Lyon,France,FRA,AO-UEFA-5312,5312,Lyon,fixture_graph_unique,,,VERIFIED,True
2019/20,77,Paris Saint-Germain,France,FRA,AO-UEFA-52747,52747,Paris,exact_name_country,1.0,,VERIFIED,True
2019/20,78,RC Strasbourg,France,FRA,AO-UEFA-59857,59857,Strasbourg,fixture_graph_unique,,,VERIFIED,True
2019/20,79,Stade Rennais,France,FRA,AO-UEFA-55031,55031,Rennes,fixture_graph_unique,,,VERIFIED,True
2019/20,80,Chikhura Sachkhere,Georgia,GEO,AO-UEFA-92452,92452,Chikhura,fixture_graph_unique,,,VERIFIED,True
2019/20,81,Dinamo Tbilisi,Georgia,GEO,AO-UEFA-52705,52705,Dinamo Tbilisi,exact_name_country,1.0,,VERIFIED,True
2019/20,82,Saburtalo Tbilisi,Georgia,GEO,AO-UEFA-2605905,2605905,Iberia Tbilisi,fixture_graph_unique,,,VERIFIED,True
2019/20,83,Torpedo Kutaisi,Georgia,GEO,AO-UEFA-64471,64471,Torpedo Kutaisi,exact_name_country,1.0,,VERIFIED,True
2019/20,84,Bayer Leverkusen,Germany,GER,AO-UEFA-50109,50109,Leverkusen,fixture_graph_unique,,,VERIFIED,True
2019/20,85,Bayern München,Germany,GER,AO-UEFA-50037,50037,Bayern München,exact_name_country,1.0,,VERIFIED,True
2019/20,86,Borussia Dortmund,Germany,GER,AO-UEFA-52758,52758,B. Dortmund,exact_name_country,1.0,,VERIFIED,True
2019/20,87,Borussia Mönchengladbach,Germany,GER,AO-UEFA-52757,52757,Mönchengladbach,exact_name_country,1.0,,VERIFIED,True
2019/20,88,Eintracht Frankfurt,Germany,GER,AO-UEFA-50072,50072,Frankfurt,exact_name_country,1.0,,VERIFIED,True
2019/20,89,RB Leipzig,Germany,GER,AO-UEFA-2603790,2603790,Leipzig,exact_name_country,1.0,,VERIFIED,True
2019/20,90,VfL Wolfsburg,Germany,GER,AO-UEFA-64332,64332,Wolfsburg,exact_name_country,1.0,,VERIFIED,True
2019/20,91,Europa FC,Gibraltar,GIB,AO-UEFA-2606416,2606416,Europa,exact_name_country,1.0,,VERIFIED,True
2019/20,92,Lincoln Red Imps,Gibraltar,GIB,AO-UEFA-2605572,2605572,L. Red Imps,exact_name_country,1.0,,VERIFIED,True
2019/20,93,St Joseph's FC,Gibraltar,GIB,AO-UEFA-2605575,2605575,St Joseph's,exact_name_country,1.0,,VERIFIED,True
2019/20,94,AEK Athens,Greece,GRE,AO-UEFA-50129,50129,AEK Athens,exact_name_country,1.0,,VERIFIED,True
2019/20,95,Aris Thessaloniki,Greece,GRE,AO-UEFA-52949,52949,Aris T.,fixture_graph_unique,,,VERIFIED,True
2019/20,96,Atromitos FC,Greece,GRE,AO-UEFA-84641,84641,Atromitos,exact_name_country,1.0,,VERIFIED,True
2019/20,97,Olympiakos Piraeus,Greece,GRE,AO-UEFA-2610,2610,Olympiacos,fixture_graph_unique,,,VERIFIED,True
2019/20,98,PAOK Thessaloniki,Greece,GRE,AO-UEFA-50130,50130,PAOK,fixture_graph_unique,,,VERIFIED,True
2019/20,99,DVSC Debrecen,Hungary,HUN,AO-UEFA-52958,52958,Debrecen,fixture_graph_unique,,,VERIFIED,True
2019/20,100,FC Fehérvár,Hungary,HUN,AO-UEFA-52288,52288,Fehérvár,fixture_graph_unique,,,VERIFIED,True
2019/20,101,Ferencváros,Hungary,HUN,AO-UEFA-52298,52298,Ferencváros,exact_name_country,1.0,,VERIFIED,True
2019/20,102,Honvéd Budapest,Hungary,HUN,AO-UEFA-50054,50054,Honvéd,fixture_graph_unique,,,VERIFIED,True
2019/20,103,Breidablik,Iceland,ISL,AO-UEFA-71235,71235,Breiðablik,exact_name_country,1.0,,VERIFIED,True
2019/20,104,KR Reykjavik,Iceland,ISL,AO-UEFA-52307,52307,KR,exact_name_country,1.0,,VERIFIED,True
2019/20,105,Stjarnan FC,Iceland,ISL,AO-UEFA-52308,52308,Stjarnan,fixture_graph_unique,,,VERIFIED,True
2019/20,106,Valur Reykjavik,Iceland,ISL,AO-UEFA-50057,50057,Valur,fixture_graph_unique,,,VERIFIED,True
2019/20,107,Cork City,Ireland,IRL,AO-UEFA-52803,52803,Cork,fixture_graph_unique,,,VERIFIED,True
2019/20,108,Dundalk,Ireland,IRL,AO-UEFA-50055,50055,Dundalk,exact_name_country,1.0,,VERIFIED,True
2019/20,109,Shamrock Rovers,Ireland,IRL,AO-UEFA-52381,52381,Shamrock Rovers,exact_name_country,1.0,,VERIFIED,True
2019/20,110,St. Patrick's Athletic,Ireland,IRL,AO-UEFA-50133,50133,St. Patrick's,exact_name_country,1.0,,VERIFIED,True
2019/20,111,Bnei Yehuda,Israel,ISR,AO-UEFA-64189,64189,Bnei Yehuda,exact_name_country,1.0,,VERIFIED,True
2019/20,112,Hapoel Beer-Sheva,Israel,ISR,AO-UEFA-59340,59340,H. Beer-Sheva,fixture_graph_unique,,,VERIFIED,True
2019/20,113,Maccabi Haifa,Israel,ISR,AO-UEFA-59045,59045,Maccabi Haifa,exact_name_country,1.0,,VERIFIED,True
2019/20,114,Maccabi Tel-Aviv,Israel,ISR,AO-UEFA-57477,57477,M. Tel-Aviv,fixture_graph_unique,,,VERIFIED,True
2019/20,115,AS Roma,Italy,ITA,AO-UEFA-50137,50137,Roma,exact_name_country,1.0,,VERIFIED,True
2019/20,116,Atalanta,Italy,ITA,AO-UEFA-52816,52816,Atalanta,exact_name_country,1.0,,VERIFIED,True
2019/20,117,Internazionale,Italy,ITA,AO-UEFA-50138,50138,Inter,fixture_graph_unique,,,VERIFIED,True
2019/20,118,Juventus,Italy,ITA,AO-UEFA-50139,50139,Juventus,exact_name_country,1.0,,VERIFIED,True
2019/20,119,Lazio,Italy,ITA,AO-UEFA-52973,52973,Lazio,exact_name_country,1.0,,VERIFIED,True
2019/20,120,Napoli,Italy,ITA,AO-UEFA-50136,50136,Napoli,exact_name_country,1.0,,VERIFIED,True
2019/20,121,Torino,Italy,ITA,AO-UEFA-50029,50029,Torino,exact_name_country,1.0,,VERIFIED,True
2019/20,122,FK Astana,Kazakhstan,KAZ,AO-UEFA-2600605,2600605,Astana,fixture_graph_unique,,,VERIFIED,True
2019/20,123,Kairat Almaty,Kazakhstan,KAZ,AO-UEFA-79970,79970,Kairat Almaty,exact_name_country,1.0,,VERIFIED,True
2019/20,124,Ordabasy Shymkent,Kazakhstan,KAZ,AO-UEFA-82825,82825,Ordabasy,fixture_graph_unique,,,VERIFIED,True
2019/20,125,Tobol Kustanai,Kazakhstan,KAZ,AO-UEFA-79969,79969,Tobol,fixture_graph_unique,,,VERIFIED,True
2019/20,126,FC Prishtina,Kosovo,KOS,AO-UEFA-2608287,2608287,Prishtina,exact_name_country,1.0,,VERIFIED,True
2019/20,127,Feronikeli,Kosovo,KOS,AO-UEFA-2608281,2608281,Feronikeli,exact_name_country,1.0,,VERIFIED,True
2019/20,128,FK Liepaja,Latvia,LAT,AO-UEFA-2606320,2606320,Liepāja,exact_name_country,1.0,,VERIFIED,True
2019/20,129,FK Ventspils,Latvia,LAT,AO-UEFA-64359,64359,Ventspils,exact_name_country,1.0,,VERIFIED,True
2019/20,130,RFS Riga,Latvia,LAT,AO-UEFA-2609104,2609104,RFS,fixture_graph_unique,,,VERIFIED,True
2019/20,131,Riga FC,Latvia,LAT,AO-UEFA-2607924,2607924,Riga,exact_name_country,1.0,,VERIFIED,True
2019/20,132,FC Vaduz,Liechtenstein,LIE,AO-UEFA-57482,57482,Vaduz,exact_name_country,1.0,,VERIFIED,True
2019/20,133,FK Riteriai,Lithuania,LIT,AO-UEFA-2606168,2606168,Riteriai,exact_name_country,1.0,,VERIFIED,True
2019/20,134,Kauno Zalgiris,Lithuania,LIT,AO-UEFA-2605907,2605907,Kauno Žalgiris,exact_name_country,1.0,,VERIFIED,True
2019/20,135,Suduva Marijampole,Lithuania,LIT,AO-UEFA-79557,79557,Sūduva,fixture_graph_unique,,,VERIFIED,True
2019/20,136,Zalgiris Vilnius,Lithuania,LIT,AO-UEFA-2602334,2602334,Žalgiris,fixture_graph_unique,,,VERIFIED,True
2019/20,137,CS Fola Esch,Luxembourg,LUX,AO-UEFA-7607,7607,Fola,exact_name_country,1.0,,VERIFIED,True
2019/20,138,F91 Dudelange,Luxembourg,LUX,AO-UEFA-59028,59028,Diddeleng,fixture_graph_unique,,,VERIFIED,True
2019/20,139,Jeunesse d'Esch,Luxembourg,LUX,AO-UEFA-50059,50059,Jeunesse Esch,fixture_graph_unique,,,VERIFIED,True
2019/20,140,Progrès Niederkorn,Luxembourg,LUX,AO-UEFA-52311,52311,Progrès,fixture_graph_unique,,,VERIFIED,True
2019/20,141,Balzan FC,Malta,MLT,AO-UEFA-84734,84734,Balzan,exact_name_country,1.0,,VERIFIED,True
2019/20,142,Gzira United,Malta,MLT,AO-UEFA-64201,64201,Gżira,fixture_graph_unique,,,VERIFIED,True
2019/20,143,Hibernians FC,Malta,MLT,AO-UEFA-52640,52640,Hibernians,exact_name_country,1.0,,VERIFIED,True
2019/20,144,Valletta FC,Malta,MLT,AO-UEFA-52641,52641,Valletta,exact_name_country,1.0,,VERIFIED,True
2019/20,145,Milsami Orhei,Moldova,MOL,AO-UEFA-2600714,2600714,Milsami,fixture_graph_unique,,,VERIFIED,True
2019/20,146,Petrocub Hîncesti,Moldova,MOL,AO-UEFA-2607112,2607112,Petrocub,fixture_graph_unique,,,VERIFIED,True
2019/20,147,Sheriff Tiraspol,Moldova,MOL,AO-UEFA-69606,69606,Sheriff,fixture_graph_unique,,,VERIFIED,True
2019/20,148,Speranta Nisporeni,Moldova,MOL,AO-UEFA-2606852,2606852,Speranța Nisporeni,exact_name_country,1.0,,VERIFIED,True
2019/20,149,Buducnost Podgorica,Montenegro,MON,AO-UEFA-53078,53078,Budućnost,fixture_graph_unique,,,VERIFIED,True
2019/20,150,OFK Titograd,Montenegro,MON,AO-UEFA-2600103,2600103,Titograd,exact_name_country,1.0,,VERIFIED,True
2019/20,151,Sutjeska Niksic,Montenegro,MON,AO-UEFA-73936,73936,Sutjeska,fixture_graph_unique,,,VERIFIED,True
2019/20,152,Zeta Golubovci,Montenegro,MON,AO-UEFA-75834,75834,Zeta,fixture_graph_unique,,,VERIFIED,True
2019/20,153,AZ Alkmaar,Netherlands,NED,AO-UEFA-52327,52327,AZ Alkmaar,exact_name_country,1.0,,VERIFIED,True
2019/20,154,Ajax,Netherlands,NED,AO-UEFA-50143,50143,Ajax,exact_name_country,1.0,,VERIFIED,True
2019/20,155,FC Utrecht,Netherlands,NED,AO-UEFA-52323,52323,Utrecht,exact_name_country,1.0,,VERIFIED,True
2019/20,156,Feyenoord,Netherlands,NED,AO-UEFA-52749,52749,Feyenoord,exact_name_country,1.0,,VERIFIED,True
2019/20,157,PSV Eindhoven,Netherlands,NED,AO-UEFA-50062,50062,PSV,exact_name_country,1.0,,VERIFIED,True
2019/20,158,Akademija Pandev,North Macedonia,MAC,AO-UEFA-2608458,2608458,Brera Strumica,exact_name_country,1.0,,VERIFIED,True
2019/20,159,FK Shkupi,North Macedonia,MAC,AO-UEFA-2606993,2606993,Shkupi,fixture_graph_unique,,,VERIFIED,True
2019/20,160,Makedonija GjP,North Macedonia,MAC,AO-UEFA-64395,64395,Makedonija,fixture_graph_unique,,,VERIFIED,True
2019/20,161,Shkendija Tetovo,North Macedonia,MAC,AO-UEFA-75807,75807,Shkëndija,fixture_graph_unique,,,VERIFIED,True
2019/20,162,Ballymena United,Northern Ireland,NIR,AO-UEFA-52374,52374,Ballymena,fixture_graph_unique,,,VERIFIED,True
2019/20,163,Cliftonville,Northern Ireland,NIR,AO-UEFA-52991,52991,Cliftonville,exact_name_country,1.0,,VERIFIED,True
2019/20,164,Crusaders Belfast,Northern Ireland,NIR,AO-UEFA-52992,52992,Crusaders,fixture_graph_unique,,,VERIFIED,True
2019/20,165,Linfield Belfast,Northern Ireland,NIR,AO-UEFA-50134,50134,Linfield,fixture_graph_unique,,,VERIFIED,True
2019/20,166,FK Haugesund,Norway,NOR,AO-UEFA-64214,64214,Haugesund,exact_name_country,1.0,,VERIFIED,True
2019/20,167,Molde FK,Norway,NOR,AO-UEFA-50142,50142,Molde,exact_name_country,1.0,,VERIFIED,True
2019/20,168,Rosenborg BK,Norway,NOR,AO-UEFA-52806,52806,Rosenborg,exact_name_country,1.0,,VERIFIED,True
2019/20,169,SK Brann Bergen,Norway,NOR,AO-UEFA-52770,52770,Brann,fixture_graph_unique,,,VERIFIED,True
2019/20,170,Cracovia Kraków,Poland,POL,AO-UEFA-88133,88133,Cracovia,fixture_graph_unique,,,VERIFIED,True
2019/20,171,Lechia Gdansk,Poland,POL,AO-UEFA-52763,52763,Lechia,fixture_graph_unique,,,VERIFIED,True
2019/20,172,Legia Warsaw,Poland,POL,AO-UEFA-50146,50146,Legia Warszawa,fixture_graph_unique,,,VERIFIED,True
2019/20,173,Piast Gliwice,Poland,POL,AO-UEFA-2600545,2600545,Piast,exact_name_country,1.0,,VERIFIED,True
2019/20,174,Benfica,Portugal,POR,AO-UEFA-50147,50147,Benfica,exact_name_country,1.0,,VERIFIED,True
2019/20,175,FC Porto,Portugal,POR,AO-UEFA-50064,50064,Porto,exact_name_country,1.0,,VERIFIED,True
2019/20,176,Sporting Braga,Portugal,POR,AO-UEFA-52336,52336,Braga,fixture_graph_unique,,,VERIFIED,True
2019/20,177,Sporting CP Lisbon,Portugal,POR,AO-UEFA-50149,50149,Sporting CP,fixture_graph_unique,,,VERIFIED,True
2019/20,178,Vitória Guimarães,Portugal,POR,AO-UEFA-50097,50097,Vitória SC,fixture_graph_unique,,,VERIFIED,True
2019/20,179,CFR Cluj,Romania,ROM,AO-UEFA-88131,88131,CFR Cluj,exact_name_country,1.0,,VERIFIED,True
2019/20,180,FCSB,Romania,ROM,AO-UEFA-50065,50065,FCSB,exact_name_country,1.0,,VERIFIED,True
2019/20,181,Universitatea Craiova,Romania,ROM,AO-UEFA-2606501,2606501,U. Craiova,exact_name_country,1.0,,VERIFIED,True
2019/20,182,Viitorul Constanta,Romania,ROM,AO-UEFA-2604753,2604753,Farul Constanța,exact_name_country,1.0,,VERIFIED,True
2019/20,183,Arsenal Tula,Russia,RUS,AO-UEFA-2606414,2606414,Arsenal Tula,exact_name_country,1.0,,VERIFIED,True
2019/20,184,CSKA Moscow,Russia,RUS,AO-UEFA-54266,54266,CSKA Moskva,fixture_graph_unique,,,VERIFIED,True
2019/20,185,FK Krasnodar,Russia,RUS,AO-UEFA-2601038,2601038,Krasnodar,fixture_graph_unique,,,VERIFIED,True
2019/20,186,Lokomotiv Moscow,Russia,RUS,AO-UEFA-53065,53065,Lokomotiv Moskva,fixture_graph_unique,,,VERIFIED,True
2019/20,187,Spartak Moscow,Russia,RUS,AO-UEFA-50068,50068,Spartak Moskva,fixture_graph_unique,,,VERIFIED,True
2019/20,188,Zenit St. Petersburg,Russia,RUS,AO-UEFA-52826,52826,Zenit,fixture_graph_unique,,,VERIFIED,True
2019/20,189,La Fiorita,San Marino,SMA,AO-UEFA-64508,64508,La Fiorita,exact_name_country,1.0,,VERIFIED,True
2019/20,190,Tre Fiori,San Marino,SMA,AO-UEFA-64514,64514,Tre Fiori,exact_name_country,1.0,,VERIFIED,True
2019/20,191,Tre Penne,San Marino,SMA,AO-UEFA-64515,64515,Tre Penne,exact_name_country,1.0,,VERIFIED,True
2019/20,192,Aberdeen,Scotland,SCO,AO-UEFA-50122,50122,Aberdeen,exact_name_country,1.0,,VERIFIED,True
2019/20,193,Celtic,Scotland,SCO,AO-UEFA-50050,50050,Celtic,exact_name_country,1.0,,VERIFIED,True
2019/20,194,Glasgow Rangers,Scotland,SCO,AO-UEFA-50121,50121,Rangers,fixture_graph_unique,,,VERIFIED,True
2019/20,195,Kilmarnock,Scotland,SCO,AO-UEFA-62178,62178,Kilmarnock,exact_name_country,1.0,,VERIFIED,True
2019/20,196,Cukaricki Belgrade,Serbia,SRB,AO-UEFA-60570,60570,Čukarički,fixture_graph_unique,,,VERIFIED,True
2019/20,197,Partizan Belgrade,Serbia,SRB,AO-UEFA-50162,50162,Partizan,fixture_graph_unique,,,VERIFIED,True
2019/20,198,Radnicki Nis,Serbia,SRB,AO-UEFA-52734,52734,Radnicki Niš,exact_name_country,1.0,,VERIFIED,True
2019/20,199,Red Star Belgrade,Serbia,SRB,AO-UEFA-50069,50069,Crvena Zvezda,fixture_graph_unique,,,VERIFIED,True
2019/20,200,DAC Dunajska Streda,Slovakia,SVK,AO-UEFA-50156,50156,DAC 1904,fixture_graph_unique,,,VERIFIED,True
2019/20,201,MFK Ruzomberok,Slovakia,SVK,AO-UEFA-64319,64319,Ružomberok,exact_name_country,1.0,,VERIFIED,True
2019/20,202,Slovan Bratislava,Slovakia,SVK,AO-UEFA-52797,52797,S. Bratislava,exact_name_country,1.0,,VERIFIED,True
2019/20,203,Spartak Trnava,Slovakia,SVK,AO-UEFA-52904,52904,Spartak Trnava,exact_name_country,1.0,,VERIFIED,True
2019/20,204,Mura Murska Sobota,Slovenia,SLO,AO-UEFA-2607561,2607561,Mura,fixture_graph_unique,,,VERIFIED,True
2019/20,205,NK Domzale,Slovenia,SLO,AO-UEFA-70690,70690,Domžale,exact_name_country,1.0,,VERIFIED,True
2019/20,206,NK Maribor,Slovenia,SLO,AO-UEFA-57490,57490,Maribor,exact_name_country,1.0,,VERIFIED,True
2019/20,207,Olimpija Ljubljana,Slovenia,SLO,AO-UEFA-53081,53081,Olimpija,exact_name_country,1.0,,VERIFIED,True
2019/20,208,Atlético Madrid,Spain,ESP,AO-UEFA-50124,50124,Atleti,fixture_graph_unique,,,VERIFIED,True
2019/20,209,Espanyol,Spain,ESP,AO-UEFA-54189,54189,Espanyol,exact_name_country,1.0,,VERIFIED,True
2019/20,210,FC Barcelona,Spain,ESP,AO-UEFA-50080,50080,Barcelona,exact_name_country,1.0,,VERIFIED,True
2019/20,211,Getafe,Spain,ESP,AO-UEFA-87960,87960,Getafe,exact_name_country,1.0,,VERIFIED,True
2019/20,212,Real Madrid,Spain,ESP,AO-UEFA-50051,50051,Real Madrid,exact_name_country,1.0,,VERIFIED,True
2019/20,213,Sevilla,Spain,ESP,AO-UEFA-52714,52714,Sevilla,exact_name_country,1.0,,VERIFIED,True
2019/20,214,Valencia,Spain,ESP,AO-UEFA-52268,52268,Valencia,exact_name_country,1.0,,VERIFIED,True
2019/20,215,AIK Stockholm,Sweden,SWE,AO-UEFA-52341,52341,AIK,exact_name_country,1.0,,VERIFIED,True
2019/20,216,BK Häcken,Sweden,SWE,AO-UEFA-69621,69621,Häcken,exact_name_country,1.0,,VERIFIED,True
2019/20,217,IFK Norrköping,Sweden,SWE,AO-UEFA-50099,50099,Norrköping,fixture_graph_unique,,,VERIFIED,True
2019/20,218,Malmö FF,Sweden,SWE,AO-UEFA-50152,50152,Malmö,exact_name_country,1.0,,VERIFIED,True
2019/20,219,FC Basel,Switzerland,SUI,AO-UEFA-59856,59856,Basel,fixture_graph_unique,,,VERIFIED,True
2019/20,220,FC Lugano,Switzerland,SUI,AO-UEFA-8538,8538,Lugano,exact_name_country,1.0,,VERIFIED,True
2019/20,221,FC Luzern,Switzerland,SUI,AO-UEFA-52808,52808,Luzern,exact_name_country,1.0,,VERIFIED,True
2019/20,222,FC Thun,Switzerland,SUI,AO-UEFA-80409,80409,Thun,exact_name_country,1.0,,VERIFIED,True
2019/20,223,Young Boys,Switzerland,SUI,AO-UEFA-50031,50031,Young Boys,exact_name_country,1.0,,VERIFIED,True
2019/20,224,Besiktas,Türkiye,TUR,AO-UEFA-50157,50157,Beşiktaş,exact_name_country,1.0,,VERIFIED,True
2019/20,225,Galatasaray,Türkiye,TUR,AO-UEFA-50067,50067,Galatasaray,exact_name_country,1.0,,VERIFIED,True
2019/20,226,Istanbul Basaksehir,Türkiye,TUR,AO-UEFA-2600288,2600288,Başakşehir,exact_name_country,1.0,,VERIFIED,True
2019/20,227,Trabzonspor,Türkiye,TUR,AO-UEFA-52731,52731,Trabzonspor,exact_name_country,1.0,,VERIFIED,True
2019/20,228,Yeni Malatyaspor,Türkiye,TUR,AO-UEFA-78058,78058,Yeni Malatyaspor,exact_name_country,1.0,,VERIFIED,True
2019/20,229,Dinamo Kiev,Ukraine,UKR,AO-UEFA-52723,52723,Dynamo Kyiv,exact_name_country,1.0,,VERIFIED,True
2019/20,230,FC Mariupol,Ukraine,UKR,AO-UEFA-64309,64309,Mariupol,exact_name_country,1.0,,VERIFIED,True
2019/20,231,FC Oleksandriya,Ukraine,UKR,AO-UEFA-77928,77928,Olexandriya,fixture_graph_unique,,,VERIFIED,True
2019/20,232,Shakhtar Donetsk,Ukraine,UKR,AO-UEFA-52707,52707,Shakhtar,exact_name_country,1.0,,VERIFIED,True
2019/20,233,Zorya Luhansk,Ukraine,UKR,AO-UEFA-65130,65130,Zorya Luhansk,exact_name_country,1.0,,VERIFIED,True
2019/20,234,Barry Town,Wales,WAL,AO-UEFA-53069,53069,Barry,fixture_graph_unique,,,VERIFIED,True
2019/20,235,Cardiff MU,Wales,WAL,AO-UEFA-59337,59337,Cardiff Met,fixture_graph_unique,,,VERIFIED,True
2019/20,236,Connah's Quay,Wales,WAL,AO-UEFA-64275,64275,Connah's Quay,exact_name_country,1.0,,VERIFIED,True
2019/20,237,The New Saints,Wales,WAL,AO-UEFA-60457,60457,The New Saints,exact_name_country,1.0,,VERIFIED,True
2020/21,1,FK Kukësi,Albania,ALB,AO-UEFA-2604186,2604186,Kukës,exact_name_country,1.0,,VERIFIED,True
2020/21,2,KF Laçi,Albania,ALB,AO-UEFA-64111,64111,Laç,exact_name_country,1.0,,VERIFIED,True
2020/21,3,KF Tirana,Albania,ALB,AO-UEFA-50049,50049,Tirana,exact_name_country,1.0,,VERIFIED,True
2020/21,4,Teuta Durrës,Albania,ALB,AO-UEFA-59316,59316,Teuta,fixture_graph_unique,,,VERIFIED,True
2020/21,5,FC Santa Coloma,Andorra,AND,AO-UEFA-62180,62180,FC Santa Coloma,exact_name_country,1.0,,VERIFIED,True
2020/21,6,Inter Club d'Escaldes,Andorra,AND,AO-UEFA-63401,63401,Inter Escaldes,exact_name_country,1.0,,VERIFIED,True
2020/21,7,UE Engordany,Andorra,AND,AO-UEFA-84697,84697,Engordany,exact_name_country,1.0,,VERIFIED,True
2020/21,8,Alashkert FC,Armenia,ARM,AO-UEFA-2605268,2605268,Alashkert,fixture_graph_unique,,,VERIFIED,True
2020/21,9,Ararat-Armenia,Armenia,ARM,AO-UEFA-2610304,2610304,Ararat-Armenia,exact_name_country,1.0,,VERIFIED,True
2020/21,10,FC Noah,Armenia,ARM,AO-UEFA-2609987,2609987,Noah,exact_name_country,1.0,,VERIFIED,True
2020/21,11,Shirak Gyumri,Armenia,ARM,AO-UEFA-59877,59877,Shirak,fixture_graph_unique,,,VERIFIED,True
2020/21,12,FC Salzburg,Austria,AUT,AO-UEFA-50030,50030,Salzburg,exact_name_country,1.0,,VERIFIED,True
2020/21,13,LASK,Austria,AUT,AO-UEFA-63405,63405,LASK,exact_name_country,1.0,,VERIFIED,True
2020/21,14,Rapid Wien,Austria,AUT,AO-UEFA-50042,50042,SK Rapid,exact_name_country,1.0,,VERIFIED,True
2020/21,15,TSV Hartberg,Austria,AUT,AO-UEFA-2601074,2601074,Hartberg,exact_name_country,1.0,,VERIFIED,True
2020/21,16,Wolfsberger AC,Austria,AUT,AO-UEFA-2603990,2603990,Wolfsberger,exact_name_country,1.0,,VERIFIED,True
2020/21,17,Kesla FK,Azerbaijan,AZB,AO-UEFA-74072,74072,Şamaxı,fixture_graph_unique,,,VERIFIED,True
2020/21,18,Neftchi Baku,Azerbaijan,AZB,AO-UEFA-59890,59890,Neftchi,fixture_graph_unique,,,VERIFIED,True
2020/21,19,Qarabag FK,Azerbaijan,AZB,AO-UEFA-60609,60609,Qarabağ,exact_name_country,1.0,,VERIFIED,True
2020/21,20,Sumgayit FK,Azerbaijan,AZB,AO-UEFA-2603921,2603921,Sumqayıt,fixture_graph_unique,,,VERIFIED,True
2020/21,21,BATE Borisov,Belarus,BLS,AO-UEFA-66168,66168,BATE,fixture_graph_unique,,,VERIFIED,True
2020/21,22,Dinamo Minsk,Belarus,BLS,AO-UEFA-50161,50161,Dinamo-Minsk,exact_name_country,1.0,,VERIFIED,True
2020/21,23,Dynamo Brest,Belarus,BLS,AO-UEFA-64374,64374,Dynamo Brest,exact_name_country,1.0,,VERIFIED,True
2020/21,24,Shakhtior Saligorsk,Belarus,BLS,AO-UEFA-64375,64375,Shakhtyor,fixture_graph_unique,,,VERIFIED,True
2020/21,25,AA Gent,Belgium,BEL,AO-UEFA-4608,4608,Gent,fixture_graph_unique,,,VERIFIED,True
2020/21,26,Charleroi,Belgium,BEL,AO-UEFA-52886,52886,Charleroi,exact_name_country,1.0,,VERIFIED,True
2020/21,27,Club Brugge,Belgium,BEL,AO-UEFA-50043,50043,Club Brugge,exact_name_country,1.0,,VERIFIED,True
2020/21,28,Royal Antwerp,Belgium,BEL,AO-UEFA-50113,50113,Antwerp,fixture_graph_unique,,,VERIFIED,True
2020/21,29,Standard Liège,Belgium,BEL,AO-UEFA-52165,52165,Standard Liège,exact_name_country,1.0,,VERIFIED,True
2020/21,30,Borac Banja Luka,Bosnia-Herzegovina,BOS,AO-UEFA-50104,50104,Borac,fixture_graph_unique,,,VERIFIED,True
2020/21,31,FK Sarajevo,Bosnia-Herzegovina,BOS,AO-UEFA-64378,64378,Sarajevo,exact_name_country,1.0,,VERIFIED,True
2020/21,32,Zeljeznicar Sarajevo,Bosnia-Herzegovina,BOS,AO-UEFA-64381,64381,Željezničar,fixture_graph_unique,,,VERIFIED,True
2020/21,33,Zrinjski Mostar,Bosnia-Herzegovina,BOS,AO-UEFA-73390,73390,Zrinjski,fixture_graph_unique,,,VERIFIED,True
2020/21,34,CSKA Sofia,Bulgaria,BUL,AO-UEFA-2608297,2608297,CSKA Sofia,exact_name_country,1.0,,VERIFIED,True
2020/21,35,Lokomotiv Plovdiv,Bulgaria,BUL,AO-UEFA-52369,52369,Lokomotiv Plovdiv,exact_name_country,1.0,,VERIFIED,True
2020/21,36,Ludogorets Razgrad,Bulgaria,BUL,AO-UEFA-2603104,2603104,Ludogorets,fixture_graph_unique,,,VERIFIED,True
2020/21,37,Slavia Sofia,Bulgaria,BUL,AO-UEFA-50117,50117,Slavia Sofia,exact_name_country,1.0,,VERIFIED,True
2020/21,38,Dinamo Zagreb,Croatia,CRO,AO-UEFA-50164,50164,GNK Dinamo,exact_name_country,1.0,,VERIFIED,True
2020/21,39,Hajduk Split,Croatia,CRO,AO-UEFA-52359,52359,Hajduk Split,exact_name_country,1.0,,VERIFIED,True
2020/21,40,Lokomotiva Zagreb,Croatia,CRO,AO-UEFA-2600783,2600783,Lokomotiva Zagreb,exact_name_country,1.0,,VERIFIED,True
2020/21,41,NK Osijek,Croatia,CRO,AO-UEFA-53082,53082,Osijek,exact_name_country,1.0,,VERIFIED,True
2020/21,42,NK Rijeka,Croatia,CRO,AO-UEFA-52356,52356,Rijeka,fixture_graph_unique,,,VERIFIED,True
2020/21,43,APOEL Nicosia,Cyprus,CYP,AO-UEFA-50118,50118,APOEL,fixture_graph_unique,,,VERIFIED,True
2020/21,44,Anorthosis Famagusta,Cyprus,CYP,AO-UEFA-52897,52897,Anorthosis,fixture_graph_unique,,,VERIFIED,True
2020/21,45,Apollon Limassol,Cyprus,CYP,AO-UEFA-52741,52741,Apollon,fixture_graph_unique,,,VERIFIED,True
2020/21,46,Omonia Nicosia,Cyprus,CYP,AO-UEFA-50077,50077,Omonia,fixture_graph_unique,,,VERIFIED,True
2020/21,47,FK Jablonec,Czechia,CZE,AO-UEFA-62169,62169,Jablonec,exact_name_country,1.0,,VERIFIED,True
2020/21,48,Slavia Praha,Czechia,CZE,AO-UEFA-52498,52498,Slavia Praha,exact_name_country,1.0,,VERIFIED,True
2020/21,49,Slovan Liberec,Czechia,CZE,AO-UEFA-64385,64385,Liberec,fixture_graph_unique,,,VERIFIED,True
2020/21,50,Sparta Praha,Czechia,CZE,AO-UEFA-50033,50033,Sparta Praha,exact_name_country,1.0,,VERIFIED,True
2020/21,51,Viktoria Plzen,Czechia,CZE,AO-UEFA-64388,64388,Viktoria Plzeň,exact_name_country,1.0,,VERIFIED,True
2020/21,52,AGF Aarhus,Denmark,DEN,AO-UEFA-50019,50019,Aarhus,exact_name_country,1.0,,VERIFIED,True
2020/21,53,FC København,Denmark,DEN,AO-UEFA-52709,52709,Copenhagen,fixture_graph_unique,,,VERIFIED,True
2020/21,54,FC Midtjylland,Denmark,DEN,AO-UEFA-75795,75795,Midtjylland,exact_name_country,1.0,,VERIFIED,True
2020/21,55,SønderjyskE,Denmark,DEN,AO-UEFA-89694,89694,SønderjyskE,exact_name_country,1.0,,VERIFIED,True
2020/21,56,Arsenal,England,ENG,AO-UEFA-52280,52280,Arsenal,exact_name_country,1.0,,VERIFIED,True
2020/21,57,Chelsea,England,ENG,AO-UEFA-52914,52914,Chelsea,exact_name_country,1.0,,VERIFIED,True
2020/21,58,Leicester City,England,ENG,AO-UEFA-53577,53577,Leicester,fixture_graph_unique,,,VERIFIED,True
2020/21,59,Liverpool,England,ENG,AO-UEFA-7889,7889,Liverpool,exact_name_country,1.0,,VERIFIED,True
2020/21,60,Manchester City,England,ENG,AO-UEFA-52919,52919,Man City,exact_name_country,1.0,,VERIFIED,True
2020/21,61,Manchester United,England,ENG,AO-UEFA-52682,52682,Man Utd,exact_name_country,1.0,,VERIFIED,True
2020/21,62,Tottenham Hotspur,England,ENG,AO-UEFA-1652,1652,Tottenham,exact_name_country,1.0,,VERIFIED,True
2020/21,63,Flora Tallinn,Estonia,EST,AO-UEFA-59341,59341,Flora Tallinn,exact_name_country,1.0,,VERIFIED,True
2020/21,64,Kalju Nomme,Estonia,EST,AO-UEFA-2600371,2600371,Kalju,fixture_graph_unique,,,VERIFIED,True
2020/21,65,Levadia Tallinn,Estonia,EST,AO-UEFA-77482,77482,Levadia Tallinn,exact_name_country,1.0,,VERIFIED,True
2020/21,66,Paide Linnameeskond,Estonia,EST,AO-UEFA-2600598,2600598,Paide,exact_name_country,1.0,,VERIFIED,True
2020/21,67,B36 Torshavn,Faroe Islands,FAR,AO-UEFA-57476,57476,B36 Tórshavn,exact_name_country,1.0,,VERIFIED,True
2020/21,68,HB Torshavn,Faroe Islands,FAR,AO-UEFA-59025,59025,H. Bóltfelag,fixture_graph_unique,,,VERIFIED,True
2020/21,69,KI Klaksvik,Faroe Islands,FAR,AO-UEFA-57475,57475,Klaksvík,exact_name_country,1.0,,VERIFIED,True
2020/21,70,NSI Runavik,Faroe Islands,FAR,AO-UEFA-64150,64150,Runavík,exact_name_country,1.0,,VERIFIED,True
2020/21,71,Honka Espoo,Finland,FIN,AO-UEFA-91760,91760,Honka,fixture_graph_unique,,,VERIFIED,True
2020/21,72,Ilves Tampere,Finland,FIN,AO-UEFA-2602511,2602511,Ilves,exact_name_country,1.0,,VERIFIED,True
2020/21,73,Inter Turku,Finland,FIN,AO-UEFA-64161,64161,Inter Turku,exact_name_country,1.0,,VERIFIED,True
2020/21,74,KuPS Kuopio,Finland,FIN,AO-UEFA-52350,52350,KuPS Kuopio,exact_name_country,1.0,,VERIFIED,True
2020/21,75,Lille OSC,France,FRA,AO-UEFA-75797,75797,Lille,fixture_graph_unique,,,VERIFIED,True
2020/21,76,OGC Nice,France,FRA,AO-UEFA-52355,52355,Nice,exact_name_country,1.0,,VERIFIED,True
2020/21,77,Olympique Marseille,France,FRA,AO-UEFA-52748,52748,Marseille,fixture_graph_unique,,,VERIFIED,True
2020/21,78,Paris Saint-Germain,France,FRA,AO-UEFA-52747,52747,Paris,exact_name_country,1.0,,VERIFIED,True
2020/21,79,Stade Rennais,France,FRA,AO-UEFA-55031,55031,Rennes,fixture_graph_unique,,,VERIFIED,True
2020/21,80,Stade de Reims,France,FRA,AO-UEFA-64165,64165,Reims,exact_name_country,1.0,,VERIFIED,True
2020/21,81,Dinamo Batumi,Georgia,GEO,AO-UEFA-59885,59885,Dinamo Batumi,exact_name_country,1.0,,VERIFIED,True
2020/21,82,Dinamo Tbilisi,Georgia,GEO,AO-UEFA-52705,52705,Dinamo Tbilisi,exact_name_country,1.0,,VERIFIED,True
2020/21,83,Lokomotivi Tbilisi,Georgia,GEO,AO-UEFA-64325,64325,Locomotive Tbilisi,fixture_graph_unique,,,VERIFIED,True
2020/21,84,Saburtalo Tbilisi,Georgia,GEO,AO-UEFA-2605905,2605905,Iberia Tbilisi,fixture_graph_unique,,,VERIFIED,True
2020/21,85,1899 Hoffenheim,Germany,GER,AO-UEFA-2600431,2600431,Hoffenheim,fixture_graph_unique,,,VERIFIED,True
2020/21,86,Bayer Leverkusen,Germany,GER,AO-UEFA-50109,50109,Leverkusen,fixture_graph_unique,,,VERIFIED,True
2020/21,87,Bayern München,Germany,GER,AO-UEFA-50037,50037,Bayern München,exact_name_country,1.0,,VERIFIED,True
2020/21,88,Borussia Dortmund,Germany,GER,AO-UEFA-52758,52758,B. Dortmund,exact_name_country,1.0,,VERIFIED,True
2020/21,89,Borussia Mönchengladbach,Germany,GER,AO-UEFA-52757,52757,Mönchengladbach,exact_name_country,1.0,,VERIFIED,True
2020/21,90,RB Leipzig,Germany,GER,AO-UEFA-2603790,2603790,Leipzig,exact_name_country,1.0,,VERIFIED,True
2020/21,91,VfL Wolfsburg,Germany,GER,AO-UEFA-64332,64332,Wolfsburg,exact_name_country,1.0,,VERIFIED,True
2020/21,92,Europa FC,Gibraltar,GIB,AO-UEFA-2606416,2606416,Europa,exact_name_country,1.0,,VERIFIED,True
2020/21,93,Lincoln Red Imps,Gibraltar,GIB,AO-UEFA-2605572,2605572,L. Red Imps,exact_name_country,1.0,,VERIFIED,True
2020/21,94,St Joseph's FC,Gibraltar,GIB,AO-UEFA-2605575,2605575,St Joseph's,exact_name_country,1.0,,VERIFIED,True
2020/21,95,AEK Athens,Greece,GRE,AO-UEFA-50129,50129,AEK Athens,exact_name_country,1.0,,VERIFIED,True
2020/21,96,Aris Thessaloniki,Greece,GRE,AO-UEFA-52949,52949,Aris T.,fixture_graph_unique,,,VERIFIED,True
2020/21,97,OFI Heraklion,Greece,GRE,AO-UEFA-52953,52953,OFI Crete,fixture_graph_unique,,,VERIFIED,True
2020/21,98,Olympiakos Piraeus,Greece,GRE,AO-UEFA-2610,2610,Olympiacos,fixture_graph_unique,,,VERIFIED,True
2020/21,99,PAOK Thessaloniki,Greece,GRE,AO-UEFA-50130,50130,PAOK,fixture_graph_unique,,,VERIFIED,True
2020/21,100,FC Fehérvár,Hungary,HUN,AO-UEFA-52288,52288,Fehérvár,fixture_graph_unique,,,VERIFIED,True
2020/21,101,Ferencváros,Hungary,HUN,AO-UEFA-52298,52298,Ferencváros,exact_name_country,1.0,,VERIFIED,True
2020/21,102,Honvéd Budapest,Hungary,HUN,AO-UEFA-50054,50054,Honvéd,fixture_graph_unique,,,VERIFIED,True
2020/21,103,Puskás Akadémia,Hungary,HUN,AO-UEFA-2605472,2605472,Puskás Akadémia,exact_name_country,1.0,,VERIFIED,True
2020/21,104,Breidablik,Iceland,ISL,AO-UEFA-71235,71235,Breiðablik,exact_name_country,1.0,,VERIFIED,True
2020/21,105,FH Hafnarfjardar,Iceland,ISL,AO-UEFA-59329,59329,FH,fixture_graph_unique,,,VERIFIED,True
2020/21,106,KR Reykjavik,Iceland,ISL,AO-UEFA-52307,52307,KR,exact_name_country,1.0,,VERIFIED,True
2020/21,107,Vikingur Reykjavik,Iceland,ISL,AO-UEFA-52697,52697,Víkingur R.,exact_name_country,1.0,,VERIFIED,True
2020/21,108,Bohemians Dublin,Ireland,IRL,AO-UEFA-52375,52375,Bohemians,fixture_graph_unique,,,VERIFIED,True
2020/21,109,Derry City,Ireland,IRL,AO-UEFA-50086,50086,Derry,fixture_graph_unique,,,VERIFIED,True
2020/21,110,Dundalk,Ireland,IRL,AO-UEFA-50055,50055,Dundalk,exact_name_country,1.0,,VERIFIED,True
2020/21,111,Shamrock Rovers,Ireland,IRL,AO-UEFA-52381,52381,Shamrock Rovers,exact_name_country,1.0,,VERIFIED,True
2020/21,112,Beitar Jerusalem,Israel,ISR,AO-UEFA-59034,59034,Beitar,fixture_graph_unique,,,VERIFIED,True
2020/21,113,Hapoel Beer-Sheva,Israel,ISR,AO-UEFA-59340,59340,H. Beer-Sheva,fixture_graph_unique,,,VERIFIED,True
2020/21,114,Maccabi Haifa,Israel,ISR,AO-UEFA-59045,59045,Maccabi Haifa,exact_name_country,1.0,,VERIFIED,True
2020/21,115,Maccabi Tel-Aviv,Israel,ISR,AO-UEFA-57477,57477,M. Tel-Aviv,fixture_graph_unique,,,VERIFIED,True
2020/21,116,AC Milan,Italy,ITA,AO-UEFA-50058,50058,Milan,exact_name_country,1.0,,VERIFIED,True
2020/21,117,AS Roma,Italy,ITA,AO-UEFA-50137,50137,Roma,exact_name_country,1.0,,VERIFIED,True
2020/21,118,Atalanta,Italy,ITA,AO-UEFA-52816,52816,Atalanta,exact_name_country,1.0,,VERIFIED,True
2020/21,119,Internazionale,Italy,ITA,AO-UEFA-50138,50138,Inter,fixture_graph_unique,,,VERIFIED,True
2020/21,120,Juventus,Italy,ITA,AO-UEFA-50139,50139,Juventus,exact_name_country,1.0,,VERIFIED,True
2020/21,121,Lazio,Italy,ITA,AO-UEFA-52973,52973,Lazio,exact_name_country,1.0,,VERIFIED,True
2020/21,122,Napoli,Italy,ITA,AO-UEFA-50136,50136,Napoli,exact_name_country,1.0,,VERIFIED,True
2020/21,123,FK Astana,Kazakhstan,KAZ,AO-UEFA-2600605,2600605,Astana,fixture_graph_unique,,,VERIFIED,True
2020/21,124,Kairat Almaty,Kazakhstan,KAZ,AO-UEFA-79970,79970,Kairat Almaty,exact_name_country,1.0,,VERIFIED,True
2020/21,125,Kaysar Kyzylorda,Kazakhstan,KAZ,AO-UEFA-79971,79971,Kaysar,fixture_graph_unique,,,VERIFIED,True
2020/21,126,Ordabasy Shymkent,Kazakhstan,KAZ,AO-UEFA-82825,82825,Ordabasy,fixture_graph_unique,,,VERIFIED,True
2020/21,127,FC Drita,Kosovo,KOS,AO-UEFA-2608290,2608290,Drita,exact_name_country,1.0,,VERIFIED,True
2020/21,128,FC Prishtina,Kosovo,KOS,AO-UEFA-2608287,2608287,Prishtina,exact_name_country,1.0,,VERIFIED,True
2020/21,129,SC Gjilani,Kosovo,KOS,AO-UEFA-2608285,2608285,Gjilani,exact_name_country,1.0,,VERIFIED,True
2020/21,130,FK Ventspils,Latvia,LAT,AO-UEFA-64359,64359,Ventspils,exact_name_country,1.0,,VERIFIED,True
2020/21,131,RFS Riga,Latvia,LAT,AO-UEFA-2609104,2609104,RFS,fixture_graph_unique,,,VERIFIED,True
2020/21,132,Riga FC,Latvia,LAT,AO-UEFA-2607924,2607924,Riga,exact_name_country,1.0,,VERIFIED,True
2020/21,133,Valmieras FK,Latvia,LAT,AO-UEFA-2602920,2602920,Valmiera,fixture_graph_unique,,,VERIFIED,True
2020/21,134,FC Vaduz,Liechtenstein,LIE,AO-UEFA-57482,57482,Vaduz,exact_name_country,1.0,,VERIFIED,True
2020/21,135,FK Riteriai,Lithuania,LIT,AO-UEFA-2606168,2606168,Riteriai,exact_name_country,1.0,,VERIFIED,True
2020/21,136,Kauno Zalgiris,Lithuania,LIT,AO-UEFA-2605907,2605907,Kauno Žalgiris,exact_name_country,1.0,,VERIFIED,True
2020/21,137,Suduva Marijampole,Lithuania,LIT,AO-UEFA-79557,79557,Sūduva,fixture_graph_unique,,,VERIFIED,True
2020/21,138,Zalgiris Vilnius,Lithuania,LIT,AO-UEFA-2602334,2602334,Žalgiris,fixture_graph_unique,,,VERIFIED,True
2020/21,139,CS Fola Esch,Luxembourg,LUX,AO-UEFA-7607,7607,Fola,exact_name_country,1.0,,VERIFIED,True
2020/21,140,Differdange 03,Luxembourg,LUX,AO-UEFA-52309,52309,Differdange,fixture_graph_unique,,,VERIFIED,True
2020/21,141,Progrès Niederkorn,Luxembourg,LUX,AO-UEFA-52311,52311,Progrès,fixture_graph_unique,,,VERIFIED,True
2020/21,142,Union Titus Pétange,Luxembourg,LUX,AO-UEFA-2607630,2607630,Union Titus Petange,exact_name_country,1.0,,VERIFIED,True
2020/21,143,Floriana,Malta,MLT,AO-UEFA-50092,50092,Floriana,exact_name_country,1.0,,VERIFIED,True
2020/21,144,Hibernians FC,Malta,MLT,AO-UEFA-52640,52640,Hibernians,exact_name_country,1.0,,VERIFIED,True
2020/21,145,Sirens FC,Malta,MLT,AO-UEFA-2606175,2606175,Sirens,exact_name_country,1.0,,VERIFIED,True
2020/21,146,Valletta FC,Malta,MLT,AO-UEFA-52641,52641,Valletta,exact_name_country,1.0,,VERIFIED,True
2020/21,147,Dinamo-Auto Tiraspol,Moldova,MOL,AO-UEFA-2603729,2603729,Dinamo-Auto,fixture_graph_unique,,,VERIFIED,True
2020/21,148,Petrocub Hîncesti,Moldova,MOL,AO-UEFA-2607112,2607112,Petrocub,fixture_graph_unique,,,VERIFIED,True
2020/21,149,Sfântul Gheorghe,Moldova,MOL,AO-UEFA-2600716,2600716,FCSG,fixture_graph_unique,,,VERIFIED,True
2020/21,150,Sheriff Tiraspol,Moldova,MOL,AO-UEFA-69606,69606,Sheriff,fixture_graph_unique,,,VERIFIED,True
2020/21,151,Buducnost Podgorica,Montenegro,MON,AO-UEFA-53078,53078,Budućnost,fixture_graph_unique,,,VERIFIED,True
2020/21,152,Iskra Danilovgrad,Montenegro,MON,AO-UEFA-2602858,2602858,Iskra,fixture_graph_unique,,,VERIFIED,True
2020/21,153,Sutjeska Niksic,Montenegro,MON,AO-UEFA-73936,73936,Sutjeska,fixture_graph_unique,,,VERIFIED,True
2020/21,154,Zeta Golubovci,Montenegro,MON,AO-UEFA-75834,75834,Zeta,fixture_graph_unique,,,VERIFIED,True
2020/21,155,AZ Alkmaar,Netherlands,NED,AO-UEFA-52327,52327,AZ Alkmaar,exact_name_country,1.0,,VERIFIED,True
2020/21,156,Ajax,Netherlands,NED,AO-UEFA-50143,50143,Ajax,exact_name_country,1.0,,VERIFIED,True
2020/21,157,Feyenoord,Netherlands,NED,AO-UEFA-52749,52749,Feyenoord,exact_name_country,1.0,,VERIFIED,True
2020/21,158,PSV Eindhoven,Netherlands,NED,AO-UEFA-50062,50062,PSV,exact_name_country,1.0,,VERIFIED,True
2020/21,159,Willem II Tilburg,Netherlands,NED,AO-UEFA-52987,52987,Willem II,fixture_graph_unique,,,VERIFIED,True
2020/21,160,FK Shkupi,North Macedonia,MAC,AO-UEFA-2606993,2606993,Shkupi,fixture_graph_unique,,,VERIFIED,True
2020/21,161,Renova Dzepciste,North Macedonia,MAC,AO-UEFA-89708,89708,Renova,fixture_graph_unique,,,VERIFIED,True
2020/21,162,Shkendija Tetovo,North Macedonia,MAC,AO-UEFA-75807,75807,Shkëndija,fixture_graph_unique,,,VERIFIED,True
2020/21,163,Sileks Kratovo,North Macedonia,MAC,AO-UEFA-59871,59871,Sileks,fixture_graph_unique,,,VERIFIED,True
2020/21,164,Coleraine,Northern Ireland,NIR,AO-UEFA-52377,52377,Coleraine,exact_name_country,1.0,,VERIFIED,True
2020/21,165,Glentoran,Northern Ireland,NIR,AO-UEFA-50056,50056,Glentoran,exact_name_country,1.0,,VERIFIED,True
2020/21,166,Linfield Belfast,Northern Ireland,NIR,AO-UEFA-50134,50134,Linfield,fixture_graph_unique,,,VERIFIED,True
2020/21,167,Bodø/Glimt,Norway,NOR,AO-UEFA-59333,59333,Bodø/Glimt,exact_name_country,1.0,,VERIFIED,True
2020/21,168,Molde FK,Norway,NOR,AO-UEFA-50142,50142,Molde,exact_name_country,1.0,,VERIFIED,True
2020/21,169,Rosenborg BK,Norway,NOR,AO-UEFA-52806,52806,Rosenborg,exact_name_country,1.0,,VERIFIED,True
2020/21,170,Viking Stavanger,Norway,NOR,AO-UEFA-52319,52319,Viking,fixture_graph_unique,,,VERIFIED,True
2020/21,171,Cracovia Kraków,Poland,POL,AO-UEFA-88133,88133,Cracovia,fixture_graph_unique,,,VERIFIED,True
2020/21,172,Lech Poznan,Poland,POL,AO-UEFA-64227,64227,Lech Poznań,exact_name_country,1.0,,VERIFIED,True
2020/21,173,Legia Warsaw,Poland,POL,AO-UEFA-50146,50146,Legia Warszawa,fixture_graph_unique,,,VERIFIED,True
2020/21,174,Piast Gliwice,Poland,POL,AO-UEFA-2600545,2600545,Piast,exact_name_country,1.0,,VERIFIED,True
2020/21,175,Benfica,Portugal,POR,AO-UEFA-50147,50147,Benfica,exact_name_country,1.0,,VERIFIED,True
2020/21,176,FC Porto,Portugal,POR,AO-UEFA-50064,50064,Porto,exact_name_country,1.0,,VERIFIED,True
2020/21,177,Rio Ave,Portugal,POR,AO-UEFA-64237,64237,Rio Ave,exact_name_country,1.0,,VERIFIED,True
2020/21,178,Sporting Braga,Portugal,POR,AO-UEFA-52336,52336,Braga,fixture_graph_unique,,,VERIFIED,True
2020/21,179,Sporting CP Lisbon,Portugal,POR,AO-UEFA-50149,50149,Sporting CP,fixture_graph_unique,,,VERIFIED,True
2020/21,180,CFR Cluj,Romania,ROM,AO-UEFA-88131,88131,CFR Cluj,exact_name_country,1.0,,VERIFIED,True
2020/21,181,FC Botosani,Romania,ROM,AO-UEFA-2605104,2605104,Botoşani,exact_name_country,1.0,,VERIFIED,True
2020/21,182,FCSB,Romania,ROM,AO-UEFA-50065,50065,FCSB,exact_name_country,1.0,,VERIFIED,True
2020/21,183,Universitatea Craiova,Romania,ROM,AO-UEFA-2606501,2606501,U. Craiova,exact_name_country,1.0,,VERIFIED,True
2020/21,184,CSKA Moscow,Russia,RUS,AO-UEFA-54266,54266,CSKA Moskva,fixture_graph_unique,,,VERIFIED,True
2020/21,185,Dinamo Moscow,Russia,RUS,AO-UEFA-52704,52704,Dynamo Moscow,fixture_graph_unique,,,VERIFIED,True
2020/21,186,FK Krasnodar,Russia,RUS,AO-UEFA-2601038,2601038,Krasnodar,fixture_graph_unique,,,VERIFIED,True
2020/21,187,FK Rostov,Russia,RUS,AO-UEFA-64500,64500,Rostov,fixture_graph_unique,,,VERIFIED,True
2020/21,188,Lokomotiv Moscow,Russia,RUS,AO-UEFA-53065,53065,Lokomotiv Moskva,fixture_graph_unique,,,VERIFIED,True
2020/21,189,Zenit St. Petersburg,Russia,RUS,AO-UEFA-52826,52826,Zenit,fixture_graph_unique,,,VERIFIED,True
2020/21,190,La Fiorita,San Marino,SMA,AO-UEFA-64508,64508,La Fiorita,exact_name_country,1.0,,VERIFIED,True
2020/21,191,Tre Fiori,San Marino,SMA,AO-UEFA-64514,64514,Tre Fiori,exact_name_country,1.0,,VERIFIED,True
2020/21,192,Tre Penne,San Marino,SMA,AO-UEFA-64515,64515,Tre Penne,exact_name_country,1.0,,VERIFIED,True
2020/21,193,Aberdeen,Scotland,SCO,AO-UEFA-50122,50122,Aberdeen,exact_name_country,1.0,,VERIFIED,True
2020/21,194,Celtic,Scotland,SCO,AO-UEFA-50050,50050,Celtic,exact_name_country,1.0,,VERIFIED,True
2020/21,195,Glasgow Rangers,Scotland,SCO,AO-UEFA-50121,50121,Rangers,fixture_graph_unique,,,VERIFIED,True
2020/21,196,Motherwell,Scotland,SCO,AO-UEFA-53035,53035,Motherwell,exact_name_country,1.0,,VERIFIED,True
2020/21,197,Partizan Belgrade,Serbia,SRB,AO-UEFA-50162,50162,Partizan,fixture_graph_unique,,,VERIFIED,True
2020/21,198,Red Star Belgrade,Serbia,SRB,AO-UEFA-50069,50069,Crvena Zvezda,fixture_graph_unique,,,VERIFIED,True
2020/21,199,TSC Backa Topola,Serbia,SRB,AO-UEFA-2610140,2610140,TSC,fixture_graph_unique,,,VERIFIED,True
2020/21,200,Vojvodina Novi Sad,Serbia,SRB,AO-UEFA-52810,52810,Vojvodina,fixture_graph_unique,,,VERIFIED,True
2020/21,201,DAC Dunajska Streda,Slovakia,SVK,AO-UEFA-50156,50156,DAC 1904,fixture_graph_unique,,,VERIFIED,True
2020/21,202,MFK Ruzomberok,Slovakia,SVK,AO-UEFA-64319,64319,Ružomberok,exact_name_country,1.0,,VERIFIED,True
2020/21,203,MSK Zilina,Slovakia,SVK,AO-UEFA-61601,61601,Žilina,exact_name_country,1.0,,VERIFIED,True
2020/21,204,Slovan Bratislava,Slovakia,SVK,AO-UEFA-52797,52797,S. Bratislava,exact_name_country,1.0,,VERIFIED,True
2020/21,205,Mura Murska Sobota,Slovenia,SLO,AO-UEFA-2607561,2607561,Mura,fixture_graph_unique,,,VERIFIED,True
2020/21,206,NK Celje,Slovenia,SLO,AO-UEFA-59030,59030,Celje,exact_name_country,1.0,,VERIFIED,True
2020/21,207,NK Maribor,Slovenia,SLO,AO-UEFA-57490,57490,Maribor,exact_name_country,1.0,,VERIFIED,True
2020/21,208,Olimpija Ljubljana,Slovenia,SLO,AO-UEFA-53081,53081,Olimpija,exact_name_country,1.0,,VERIFIED,True
2020/21,209,Atlético Madrid,Spain,ESP,AO-UEFA-50124,50124,Atleti,fixture_graph_unique,,,VERIFIED,True
2020/21,210,FC Barcelona,Spain,ESP,AO-UEFA-50080,50080,Barcelona,exact_name_country,1.0,,VERIFIED,True
2020/21,211,Granada CF,Spain,ESP,AO-UEFA-2602893,2602893,Granada,exact_name_country,1.0,,VERIFIED,True
2020/21,212,Real Madrid,Spain,ESP,AO-UEFA-50051,50051,Real Madrid,exact_name_country,1.0,,VERIFIED,True
2020/21,213,Real Sociedad,Spain,ESP,AO-UEFA-50123,50123,Real Sociedad,exact_name_country,1.0,,VERIFIED,True
2020/21,214,Sevilla,Spain,ESP,AO-UEFA-52714,52714,Sevilla,exact_name_country,1.0,,VERIFIED,True
2020/21,215,Villarreal,Spain,ESP,AO-UEFA-70691,70691,Villarreal,exact_name_country,1.0,,VERIFIED,True
2020/21,216,Djurgårdens IF,Sweden,SWE,AO-UEFA-52809,52809,Djurgården,fixture_graph_unique,,,VERIFIED,True
2020/21,217,Hammarby IF,Sweden,SWE,AO-UEFA-52343,52343,Hammarby,exact_name_country,1.0,,VERIFIED,True
2020/21,218,IFK Göteborg,Sweden,SWE,AO-UEFA-50066,50066,IFK Göteborg,exact_name_country,1.0,,VERIFIED,True
2020/21,219,Malmö FF,Sweden,SWE,AO-UEFA-50152,50152,Malmö,exact_name_country,1.0,,VERIFIED,True
2020/21,220,FC Basel,Switzerland,SUI,AO-UEFA-59856,59856,Basel,fixture_graph_unique,,,VERIFIED,True
2020/21,221,FC Sankt Gallen,Switzerland,SUI,AO-UEFA-51151,51151,St. Gallen,fixture_graph_unique,,,VERIFIED,True
2020/21,222,Servette FC Genève,Switzerland,SUI,AO-UEFA-50008,50008,Servette,fixture_graph_unique,,,VERIFIED,True
2020/21,223,Young Boys,Switzerland,SUI,AO-UEFA-50031,50031,Young Boys,exact_name_country,1.0,,VERIFIED,True
2020/21,224,Alanyaspor,Türkiye,TUR,AO-UEFA-2607117,2607117,Alanyaspor,exact_name_country,1.0,,VERIFIED,True
2020/21,225,Besiktas,Türkiye,TUR,AO-UEFA-50157,50157,Beşiktaş,exact_name_country,1.0,,VERIFIED,True
2020/21,226,Galatasaray,Türkiye,TUR,AO-UEFA-50067,50067,Galatasaray,exact_name_country,1.0,,VERIFIED,True
2020/21,227,Istanbul Basaksehir,Türkiye,TUR,AO-UEFA-2600288,2600288,Başakşehir,exact_name_country,1.0,,VERIFIED,True
2020/21,228,Sivasspor,Türkiye,TUR,AO-UEFA-89728,89728,Sivasspor,exact_name_country,1.0,,VERIFIED,True
2020/21,229,Desna Chernihiv,Ukraine,UKR,AO-UEFA-2605051,2605051,Desna,fixture_graph_unique,,,VERIFIED,True
2020/21,230,Dinamo Kiev,Ukraine,UKR,AO-UEFA-52723,52723,Dynamo Kyiv,exact_name_country,1.0,,VERIFIED,True
2020/21,231,Kolos Kovalivka,Ukraine,UKR,AO-UEFA-2609189,2609189,Kolos Kovalivka,exact_name_country,1.0,,VERIFIED,True
2020/21,232,Shakhtar Donetsk,Ukraine,UKR,AO-UEFA-52707,52707,Shakhtar,exact_name_country,1.0,,VERIFIED,True
2020/21,233,Zorya Luhansk,Ukraine,UKR,AO-UEFA-65130,65130,Zorya Luhansk,exact_name_country,1.0,,VERIFIED,True
2020/21,234,Bala Town,Wales,WAL,AO-UEFA-2600717,2600717,Bala,fixture_graph_unique,,,VERIFIED,True
2020/21,235,Barry Town,Wales,WAL,AO-UEFA-53069,53069,Barry,fixture_graph_unique,,,VERIFIED,True
2020/21,236,Connah's Quay,Wales,WAL,AO-UEFA-64275,64275,Connah's Quay,exact_name_country,1.0,,VERIFIED,True
2020/21,237,The New Saints,Wales,WAL,AO-UEFA-60457,60457,The New Saints,exact_name_country,1.0,,VERIFIED,True
2021/22,1,KF Laçi,Albania,ALB,AO-UEFA-64111,64111,Laç,exact_name_country,1.0,,VERIFIED,True
2021/22,2,Partizani Tirana,Albania,ALB,AO-UEFA-52876,52876,Partizani,fixture_graph_unique,,,VERIFIED,True
2021/22,3,Teuta Durrës,Albania,ALB,AO-UEFA-59316,59316,Teuta,fixture_graph_unique,,,VERIFIED,True
2021/22,4,Vllaznia Shkodër,Albania,ALB,AO-UEFA-52878,52878,Vllaznia,fixture_graph_unique,,,VERIFIED,True
2021/22,5,FC Santa Coloma,Andorra,AND,AO-UEFA-62180,62180,FC Santa Coloma,exact_name_country,1.0,,VERIFIED,True
2021/22,6,Inter Club d'Escaldes,Andorra,AND,AO-UEFA-63401,63401,Inter Escaldes,exact_name_country,1.0,,VERIFIED,True
2021/22,7,Sant Julià,Andorra,AND,AO-UEFA-63399,63399,Sant Julià,exact_name_country,1.0,,VERIFIED,True
2021/22,8,Alashkert FC,Armenia,ARM,AO-UEFA-2605268,2605268,Alashkert,fixture_graph_unique,,,VERIFIED,True
2021/22,9,Ararat Yerevan,Armenia,ARM,AO-UEFA-59318,59318,Ararat-Yerevan,exact_name_country,1.0,,VERIFIED,True
2021/22,10,FC Noah,Armenia,ARM,AO-UEFA-2609987,2609987,Noah,exact_name_country,1.0,,VERIFIED,True
2021/22,11,Urartu FC,Armenia,ARM,AO-UEFA-77866,77866,Urartu,fixture_graph_unique,,,VERIFIED,True
2021/22,12,Austria Wien,Austria,AUT,AO-UEFA-50110,50110,Austria Wien,exact_name_country,1.0,,VERIFIED,True
2021/22,13,FC Salzburg,Austria,AUT,AO-UEFA-50030,50030,Salzburg,exact_name_country,1.0,,VERIFIED,True
2021/22,14,LASK,Austria,AUT,AO-UEFA-63405,63405,LASK,exact_name_country,1.0,,VERIFIED,True
2021/22,15,Rapid Wien,Austria,AUT,AO-UEFA-50042,50042,SK Rapid,exact_name_country,1.0,,VERIFIED,True
2021/22,16,Sturm Graz,Austria,AUT,AO-UEFA-50111,50111,Sturm Graz,exact_name_country,1.0,,VERIFIED,True
2021/22,17,Kesla FK,Azerbaijan,AZB,AO-UEFA-74072,74072,Şamaxı,fixture_graph_unique,,,VERIFIED,True
2021/22,18,Neftchi Baku,Azerbaijan,AZB,AO-UEFA-59890,59890,Neftchi,fixture_graph_unique,,,VERIFIED,True
2021/22,19,Qarabag FK,Azerbaijan,AZB,AO-UEFA-60609,60609,Qarabağ,exact_name_country,1.0,,VERIFIED,True
2021/22,20,Sumgayit FK,Azerbaijan,AZB,AO-UEFA-2603921,2603921,Sumqayıt,fixture_graph_unique,,,VERIFIED,True
2021/22,21,BATE Borisov,Belarus,BLS,AO-UEFA-66168,66168,BATE,fixture_graph_unique,,,VERIFIED,True
2021/22,22,Dynamo Brest,Belarus,BLS,AO-UEFA-64374,64374,Dynamo Brest,exact_name_country,1.0,,VERIFIED,True
2021/22,23,Shakhtior Saligorsk,Belarus,BLS,AO-UEFA-64375,64375,Shakhtyor,fixture_graph_unique,,,VERIFIED,True
2021/22,24,Torpedo Zhodino,Belarus,BLS,AO-UEFA-79551,79551,Torpedo-Belaz,exact_name_country,1.0,,VERIFIED,True
2021/22,25,AA Gent,Belgium,BEL,AO-UEFA-4608,4608,Gent,fixture_graph_unique,,,VERIFIED,True
2021/22,26,Anderlecht,Belgium,BEL,AO-UEFA-50074,50074,Anderlecht,exact_name_country,1.0,,VERIFIED,True
2021/22,27,Club Brugge,Belgium,BEL,AO-UEFA-50043,50043,Club Brugge,exact_name_country,1.0,,VERIFIED,True
2021/22,28,Racing Genk,Belgium,BEL,AO-UEFA-61582,61582,Genk,fixture_graph_unique,,,VERIFIED,True
2021/22,29,Royal Antwerp,Belgium,BEL,AO-UEFA-50113,50113,Antwerp,fixture_graph_unique,,,VERIFIED,True
2021/22,30,Borac Banja Luka,Bosnia-Herzegovina,BOS,AO-UEFA-50104,50104,Borac,fixture_graph_unique,,,VERIFIED,True
2021/22,31,FK Sarajevo,Bosnia-Herzegovina,BOS,AO-UEFA-64378,64378,Sarajevo,exact_name_country,1.0,,VERIFIED,True
2021/22,32,Siroki Brijeg,Bosnia-Herzegovina,BOS,AO-UEFA-73387,73387,Široki Brijeg,exact_name_country,1.0,,VERIFIED,True
2021/22,33,Velez Mostar,Bosnia-Herzegovina,BOS,AO-UEFA-50163,50163,Velež,fixture_graph_unique,,,VERIFIED,True
2021/22,34,Arda Kardzhali,Bulgaria,BUL,AO-UEFA-2610060,2610060,Arda,fixture_graph_unique,,,VERIFIED,True
2021/22,35,CSKA Sofia,Bulgaria,BUL,AO-UEFA-2608297,2608297,CSKA Sofia,exact_name_country,1.0,,VERIFIED,True
2021/22,36,Lokomotiv Plovdiv,Bulgaria,BUL,AO-UEFA-52369,52369,Lokomotiv Plovdiv,exact_name_country,1.0,,VERIFIED,True
2021/22,37,Ludogorets Razgrad,Bulgaria,BUL,AO-UEFA-2603104,2603104,Ludogorets,fixture_graph_unique,,,VERIFIED,True
2021/22,38,Dinamo Zagreb,Croatia,CRO,AO-UEFA-50164,50164,GNK Dinamo,exact_name_country,1.0,,VERIFIED,True
2021/22,39,Hajduk Split,Croatia,CRO,AO-UEFA-52359,52359,Hajduk Split,exact_name_country,1.0,,VERIFIED,True
2021/22,40,NK Osijek,Croatia,CRO,AO-UEFA-53082,53082,Osijek,exact_name_country,1.0,,VERIFIED,True
2021/22,41,NK Rijeka,Croatia,CRO,AO-UEFA-52356,52356,Rijeka,fixture_graph_unique,,,VERIFIED,True
2021/22,42,AEL Limassol,Cyprus,CYP,AO-UEFA-52800,52800,AEL,fixture_graph_unique,,,VERIFIED,True
2021/22,43,Anorthosis Famagusta,Cyprus,CYP,AO-UEFA-52897,52897,Anorthosis,fixture_graph_unique,,,VERIFIED,True
2021/22,44,Apollon Limassol,Cyprus,CYP,AO-UEFA-52741,52741,Apollon,fixture_graph_unique,,,VERIFIED,True
2021/22,45,Omonia Nicosia,Cyprus,CYP,AO-UEFA-50077,50077,Omonia,fixture_graph_unique,,,VERIFIED,True
2021/22,46,1.FC Slovácko,Czechia,CZE,AO-UEFA-75794,75794,Slovácko,exact_name_country,1.0,,VERIFIED,True
2021/22,47,FK Jablonec,Czechia,CZE,AO-UEFA-62169,62169,Jablonec,exact_name_country,1.0,,VERIFIED,True
2021/22,48,Slavia Praha,Czechia,CZE,AO-UEFA-52498,52498,Slavia Praha,exact_name_country,1.0,,VERIFIED,True
2021/22,49,Sparta Praha,Czechia,CZE,AO-UEFA-50033,50033,Sparta Praha,exact_name_country,1.0,,VERIFIED,True
2021/22,50,Viktoria Plzen,Czechia,CZE,AO-UEFA-64388,64388,Viktoria Plzeň,exact_name_country,1.0,,VERIFIED,True
2021/22,51,AGF Aarhus,Denmark,DEN,AO-UEFA-50019,50019,Aarhus,exact_name_country,1.0,,VERIFIED,True
2021/22,52,Brøndby IF,Denmark,DEN,AO-UEFA-50021,50021,Brøndby,exact_name_country,1.0,,VERIFIED,True
2021/22,53,FC København,Denmark,DEN,AO-UEFA-52709,52709,Copenhagen,fixture_graph_unique,,,VERIFIED,True
2021/22,54,FC Midtjylland,Denmark,DEN,AO-UEFA-75795,75795,Midtjylland,exact_name_country,1.0,,VERIFIED,True
2021/22,55,Randers FC,Denmark,DEN,AO-UEFA-64146,64146,Randers,exact_name_country,1.0,,VERIFIED,True
2021/22,56,Chelsea,England,ENG,AO-UEFA-52914,52914,Chelsea,exact_name_country,1.0,,VERIFIED,True
2021/22,57,Leicester City,England,ENG,AO-UEFA-53577,53577,Leicester,fixture_graph_unique,,,VERIFIED,True
2021/22,58,Liverpool,England,ENG,AO-UEFA-7889,7889,Liverpool,exact_name_country,1.0,,VERIFIED,True
2021/22,59,Manchester City,England,ENG,AO-UEFA-52919,52919,Man City,exact_name_country,1.0,,VERIFIED,True
2021/22,60,Manchester United,England,ENG,AO-UEFA-52682,52682,Man Utd,exact_name_country,1.0,,VERIFIED,True
2021/22,61,Tottenham Hotspur,England,ENG,AO-UEFA-1652,1652,Tottenham,exact_name_country,1.0,,VERIFIED,True
2021/22,62,West Ham United,England,ENG,AO-UEFA-53358,53358,West Ham,fixture_graph_unique,,,VERIFIED,True
2021/22,63,Flora Tallinn,Estonia,EST,AO-UEFA-59341,59341,Flora Tallinn,exact_name_country,1.0,,VERIFIED,True
2021/22,64,Levadia Tallinn,Estonia,EST,AO-UEFA-77482,77482,Levadia Tallinn,exact_name_country,1.0,,VERIFIED,True
2021/22,65,Paide Linnameeskond,Estonia,EST,AO-UEFA-2600598,2600598,Paide,exact_name_country,1.0,,VERIFIED,True
2021/22,66,HB Torshavn,Faroe Islands,FAR,AO-UEFA-59025,59025,H. Bóltfelag,fixture_graph_unique,,,VERIFIED,True
2021/22,67,KI Klaksvik,Faroe Islands,FAR,AO-UEFA-57475,57475,Klaksvík,exact_name_country,1.0,,VERIFIED,True
2021/22,68,NSI Runavik,Faroe Islands,FAR,AO-UEFA-64150,64150,Runavík,exact_name_country,1.0,,VERIFIED,True
2021/22,69,HJK Helsinki,Finland,FIN,AO-UEFA-50052,50052,HJK,exact_name_country,1.0,,VERIFIED,True
2021/22,70,Honka Espoo,Finland,FIN,AO-UEFA-91760,91760,Honka,fixture_graph_unique,,,VERIFIED,True
2021/22,71,Inter Turku,Finland,FIN,AO-UEFA-64161,64161,Inter Turku,exact_name_country,1.0,,VERIFIED,True
2021/22,72,KuPS Kuopio,Finland,FIN,AO-UEFA-52350,52350,KuPS Kuopio,exact_name_country,1.0,,VERIFIED,True
2021/22,73,AS Monaco,France,FRA,AO-UEFA-50023,50023,Monaco,exact_name_country,1.0,,VERIFIED,True
2021/22,74,Lille OSC,France,FRA,AO-UEFA-75797,75797,Lille,fixture_graph_unique,,,VERIFIED,True
2021/22,75,Olympique Lyon,France,FRA,AO-UEFA-5312,5312,Lyon,fixture_graph_unique,,,VERIFIED,True
2021/22,76,Olympique Marseille,France,FRA,AO-UEFA-52748,52748,Marseille,fixture_graph_unique,,,VERIFIED,True
2021/22,77,Paris Saint-Germain,France,FRA,AO-UEFA-52747,52747,Paris,exact_name_country,1.0,,VERIFIED,True
2021/22,78,Stade Rennais,France,FRA,AO-UEFA-55031,55031,Rennes,fixture_graph_unique,,,VERIFIED,True
2021/22,79,Dila Gori,Georgia,GEO,AO-UEFA-64467,64467,Dila,fixture_graph_unique,,,VERIFIED,True
2021/22,80,Dinamo Batumi,Georgia,GEO,AO-UEFA-59885,59885,Dinamo Batumi,exact_name_country,1.0,,VERIFIED,True
2021/22,81,Dinamo Tbilisi,Georgia,GEO,AO-UEFA-52705,52705,Dinamo Tbilisi,exact_name_country,1.0,,VERIFIED,True
2021/22,82,Gagra Tbilisi,Georgia,GEO,AO-UEFA-2600544,2600544,Gagra,fixture_graph_unique,,,VERIFIED,True
2021/22,83,Bayer Leverkusen,Germany,GER,AO-UEFA-50109,50109,Leverkusen,fixture_graph_unique,,,VERIFIED,True
2021/22,84,Bayern München,Germany,GER,AO-UEFA-50037,50037,Bayern München,exact_name_country,1.0,,VERIFIED,True
2021/22,85,Borussia Dortmund,Germany,GER,AO-UEFA-52758,52758,B. Dortmund,exact_name_country,1.0,,VERIFIED,True
2021/22,86,Eintracht Frankfurt,Germany,GER,AO-UEFA-50072,50072,Frankfurt,exact_name_country,1.0,,VERIFIED,True
2021/22,87,RB Leipzig,Germany,GER,AO-UEFA-2603790,2603790,Leipzig,exact_name_country,1.0,,VERIFIED,True
2021/22,88,Union Berlin,Germany,GER,AO-UEFA-77977,77977,Union Berlin,exact_name_country,1.0,,VERIFIED,True
2021/22,89,VfL Wolfsburg,Germany,GER,AO-UEFA-64332,64332,Wolfsburg,exact_name_country,1.0,,VERIFIED,True
2021/22,90,Europa FC,Gibraltar,GIB,AO-UEFA-2606416,2606416,Europa,exact_name_country,1.0,,VERIFIED,True
2021/22,91,Lincoln Red Imps,Gibraltar,GIB,AO-UEFA-2605572,2605572,L. Red Imps,exact_name_country,1.0,,VERIFIED,True
2021/22,92,Mons Calpe,Gibraltar,GIB,AO-UEFA-2608011,2608011,Mons Calpe,exact_name_country,1.0,,VERIFIED,True
2021/22,93,St Joseph's FC,Gibraltar,GIB,AO-UEFA-2605575,2605575,St Joseph's,exact_name_country,1.0,,VERIFIED,True
2021/22,94,AEK Athens,Greece,GRE,AO-UEFA-50129,50129,AEK Athens,exact_name_country,1.0,,VERIFIED,True
2021/22,95,Aris Thessaloniki,Greece,GRE,AO-UEFA-52949,52949,Aris T.,fixture_graph_unique,,,VERIFIED,True
2021/22,96,Olympiakos Piraeus,Greece,GRE,AO-UEFA-2610,2610,Olympiacos,fixture_graph_unique,,,VERIFIED,True
2021/22,97,PAOK Thessaloniki,Greece,GRE,AO-UEFA-50130,50130,PAOK,fixture_graph_unique,,,VERIFIED,True
2021/22,98,FC Fehérvár,Hungary,HUN,AO-UEFA-52288,52288,Fehérvár,fixture_graph_unique,,,VERIFIED,True
2021/22,99,Ferencváros,Hungary,HUN,AO-UEFA-52298,52298,Ferencváros,exact_name_country,1.0,,VERIFIED,True
2021/22,100,Puskás Akadémia,Hungary,HUN,AO-UEFA-2605472,2605472,Puskás Akadémia,exact_name_country,1.0,,VERIFIED,True
2021/22,101,Újpest TE,Hungary,HUN,AO-UEFA-50132,50132,Újpest,fixture_graph_unique,,,VERIFIED,True
2021/22,102,Breidablik,Iceland,ISL,AO-UEFA-71235,71235,Breiðablik,exact_name_country,1.0,,VERIFIED,True
2021/22,103,FH Hafnarfjardar,Iceland,ISL,AO-UEFA-59329,59329,FH,fixture_graph_unique,,,VERIFIED,True
2021/22,104,Stjarnan FC,Iceland,ISL,AO-UEFA-52308,52308,Stjarnan,fixture_graph_unique,,,VERIFIED,True
2021/22,105,Valur Reykjavik,Iceland,ISL,AO-UEFA-50057,50057,Valur,fixture_graph_unique,,,VERIFIED,True
2021/22,106,Bohemians Dublin,Ireland,IRL,AO-UEFA-52375,52375,Bohemians,fixture_graph_unique,,,VERIFIED,True
2021/22,107,Dundalk,Ireland,IRL,AO-UEFA-50055,50055,Dundalk,exact_name_country,1.0,,VERIFIED,True
2021/22,108,Shamrock Rovers,Ireland,IRL,AO-UEFA-52381,52381,Shamrock Rovers,exact_name_country,1.0,,VERIFIED,True
2021/22,109,Sligo Rovers,Ireland,IRL,AO-UEFA-52660,52660,Sligo,fixture_graph_unique,,,VERIFIED,True
2021/22,110,Hapoel Beer-Sheva,Israel,ISR,AO-UEFA-59340,59340,H. Beer-Sheva,fixture_graph_unique,,,VERIFIED,True
2021/22,111,MS Ashdod,Israel,ISR,AO-UEFA-64186,64186,Ashdod,fixture_graph_unique,,,VERIFIED,True
2021/22,112,Maccabi Haifa,Israel,ISR,AO-UEFA-59045,59045,Maccabi Haifa,exact_name_country,1.0,,VERIFIED,True
2021/22,113,Maccabi Tel-Aviv,Israel,ISR,AO-UEFA-57477,57477,M. Tel-Aviv,fixture_graph_unique,,,VERIFIED,True
2021/22,114,AC Milan,Italy,ITA,AO-UEFA-50058,50058,Milan,exact_name_country,1.0,,VERIFIED,True
2021/22,115,AS Roma,Italy,ITA,AO-UEFA-50137,50137,Roma,exact_name_country,1.0,,VERIFIED,True
2021/22,116,Atalanta,Italy,ITA,AO-UEFA-52816,52816,Atalanta,exact_name_country,1.0,,VERIFIED,True
2021/22,117,Internazionale,Italy,ITA,AO-UEFA-50138,50138,Inter,fixture_graph_unique,,,VERIFIED,True
2021/22,118,Juventus,Italy,ITA,AO-UEFA-50139,50139,Juventus,exact_name_country,1.0,,VERIFIED,True
2021/22,119,Lazio,Italy,ITA,AO-UEFA-52973,52973,Lazio,exact_name_country,1.0,,VERIFIED,True
2021/22,120,Napoli,Italy,ITA,AO-UEFA-50136,50136,Napoli,exact_name_country,1.0,,VERIFIED,True
2021/22,121,FK Astana,Kazakhstan,KAZ,AO-UEFA-2600605,2600605,Astana,fixture_graph_unique,,,VERIFIED,True
2021/22,122,Kairat Almaty,Kazakhstan,KAZ,AO-UEFA-79970,79970,Kairat Almaty,exact_name_country,1.0,,VERIFIED,True
2021/22,123,Shakhtyor Karaganda,Kazakhstan,KAZ,AO-UEFA-79968,79968,Shakhter,fixture_graph_unique,,,VERIFIED,True
2021/22,124,Tobol Kustanai,Kazakhstan,KAZ,AO-UEFA-79969,79969,Tobol,fixture_graph_unique,,,VERIFIED,True
2021/22,125,FC Drita,Kosovo,KOS,AO-UEFA-2608290,2608290,Drita,exact_name_country,1.0,,VERIFIED,True
2021/22,126,FC Prishtina,Kosovo,KOS,AO-UEFA-2608287,2608287,Prishtina,exact_name_country,1.0,,VERIFIED,True
2021/22,127,KF Llapi,Kosovo,KOS,AO-UEFA-2608286,2608286,Llapi,exact_name_country,1.0,,VERIFIED,True
2021/22,128,FK Liepaja,Latvia,LAT,AO-UEFA-2606320,2606320,Liepāja,exact_name_country,1.0,,VERIFIED,True
2021/22,129,RFS Riga,Latvia,LAT,AO-UEFA-2609104,2609104,RFS,fixture_graph_unique,,,VERIFIED,True
2021/22,130,Riga FC,Latvia,LAT,AO-UEFA-2607924,2607924,Riga,exact_name_country,1.0,,VERIFIED,True
2021/22,131,Valmieras FK,Latvia,LAT,AO-UEFA-2602920,2602920,Valmiera,fixture_graph_unique,,,VERIFIED,True
2021/22,132,FC Vaduz,Liechtenstein,LIE,AO-UEFA-57482,57482,Vaduz,exact_name_country,1.0,,VERIFIED,True
2021/22,133,FK Panevezys,Lithuania,LIT,AO-UEFA-2608927,2608927,Panevėžys,exact_name_country,1.0,,VERIFIED,True
2021/22,134,Kauno Zalgiris,Lithuania,LIT,AO-UEFA-2605907,2605907,Kauno Žalgiris,exact_name_country,1.0,,VERIFIED,True
2021/22,135,Suduva Marijampole,Lithuania,LIT,AO-UEFA-79557,79557,Sūduva,fixture_graph_unique,,,VERIFIED,True
2021/22,136,Zalgiris Vilnius,Lithuania,LIT,AO-UEFA-2602334,2602334,Žalgiris,fixture_graph_unique,,,VERIFIED,True
2021/22,137,CS Fola Esch,Luxembourg,LUX,AO-UEFA-7607,7607,Fola,exact_name_country,1.0,,VERIFIED,True
2021/22,138,F91 Dudelange,Luxembourg,LUX,AO-UEFA-59028,59028,Diddeleng,fixture_graph_unique,,,VERIFIED,True
2021/22,139,Racing Union Luxembourg,Luxembourg,LUX,AO-UEFA-88135,88135,Racing Union,fixture_graph_unique,,,VERIFIED,True
2021/22,140,Swift Hesperange,Luxembourg,LUX,AO-UEFA-52977,52977,Swift Hesper,fixture_graph_unique,,,VERIFIED,True
2021/22,141,Birkirkara,Malta,MLT,AO-UEFA-62171,62171,Birkirkara,exact_name_country,1.0,,VERIFIED,True
2021/22,142,Gzira United,Malta,MLT,AO-UEFA-64201,64201,Gżira,fixture_graph_unique,,,VERIFIED,True
2021/22,143,Hibernians FC,Malta,MLT,AO-UEFA-52640,52640,Hibernians,exact_name_country,1.0,,VERIFIED,True
2021/22,144,Mosta FC,Malta,MLT,AO-UEFA-79947,79947,Mosta,exact_name_country,1.0,,VERIFIED,True
2021/22,145,Milsami Orhei,Moldova,MOL,AO-UEFA-2600714,2600714,Milsami,fixture_graph_unique,,,VERIFIED,True
2021/22,146,Petrocub Hîncesti,Moldova,MOL,AO-UEFA-2607112,2607112,Petrocub,fixture_graph_unique,,,VERIFIED,True
2021/22,147,Sfântul Gheorghe,Moldova,MOL,AO-UEFA-2600716,2600716,FCSG,fixture_graph_unique,,,VERIFIED,True
2021/22,148,Sheriff Tiraspol,Moldova,MOL,AO-UEFA-69606,69606,Sheriff,fixture_graph_unique,,,VERIFIED,True
2021/22,149,Buducnost Podgorica,Montenegro,MON,AO-UEFA-53078,53078,Budućnost,fixture_graph_unique,,,VERIFIED,True
2021/22,150,Decic Tuzi,Montenegro,MON,AO-UEFA-2600105,2600105,Dečić,fixture_graph_unique,,,VERIFIED,True
2021/22,151,FK Podgorica,Montenegro,MON,AO-UEFA-2607980,2607980,FK Podgorica,exact_name_country,1.0,,VERIFIED,True
2021/22,152,Sutjeska Niksic,Montenegro,MON,AO-UEFA-73936,73936,Sutjeska,fixture_graph_unique,,,VERIFIED,True
2021/22,153,AZ Alkmaar,Netherlands,NED,AO-UEFA-52327,52327,AZ Alkmaar,exact_name_country,1.0,,VERIFIED,True
2021/22,154,Ajax,Netherlands,NED,AO-UEFA-50143,50143,Ajax,exact_name_country,1.0,,VERIFIED,True
2021/22,155,Feyenoord,Netherlands,NED,AO-UEFA-52749,52749,Feyenoord,exact_name_country,1.0,,VERIFIED,True
2021/22,156,PSV Eindhoven,Netherlands,NED,AO-UEFA-50062,50062,PSV,exact_name_country,1.0,,VERIFIED,True
2021/22,157,Vitesse Arnhem,Netherlands,NED,AO-UEFA-52985,52985,Vitesse,fixture_graph_unique,,,VERIFIED,True
2021/22,158,FC Struga,North Macedonia,MAC,AO-UEFA-2609278,2609278,Struga,exact_name_country,1.0,,VERIFIED,True
2021/22,159,FK Shkupi,North Macedonia,MAC,AO-UEFA-2606993,2606993,Shkupi,fixture_graph_unique,,,VERIFIED,True
2021/22,160,Shkendija Tetovo,North Macedonia,MAC,AO-UEFA-75807,75807,Shkëndija,fixture_graph_unique,,,VERIFIED,True
2021/22,161,Sileks Kratovo,North Macedonia,MAC,AO-UEFA-59871,59871,Sileks,fixture_graph_unique,,,VERIFIED,True
2021/22,162,Coleraine,Northern Ireland,NIR,AO-UEFA-52377,52377,Coleraine,exact_name_country,1.0,,VERIFIED,True
2021/22,163,Glentoran,Northern Ireland,NIR,AO-UEFA-50056,50056,Glentoran,exact_name_country,1.0,,VERIFIED,True
2021/22,164,Larne FC,Northern Ireland,NIR,AO-UEFA-85009,85009,Larne,exact_name_country,1.0,,VERIFIED,True
2021/22,165,Linfield Belfast,Northern Ireland,NIR,AO-UEFA-50134,50134,Linfield,fixture_graph_unique,,,VERIFIED,True
2021/22,166,Bodø/Glimt,Norway,NOR,AO-UEFA-59333,59333,Bodø/Glimt,exact_name_country,1.0,,VERIFIED,True
2021/22,167,Molde FK,Norway,NOR,AO-UEFA-50142,50142,Molde,exact_name_country,1.0,,VERIFIED,True
2021/22,168,Rosenborg BK,Norway,NOR,AO-UEFA-52806,52806,Rosenborg,exact_name_country,1.0,,VERIFIED,True
2021/22,169,Vålerengens IF,Norway,NOR,AO-UEFA-52318,52318,Vålerenga,fixture_graph_unique,,,VERIFIED,True
2021/22,170,Legia Warsaw,Poland,POL,AO-UEFA-50146,50146,Legia Warszawa,fixture_graph_unique,,,VERIFIED,True
2021/22,171,Pogon Szczecin,Poland,POL,AO-UEFA-52652,52652,Pogoń,fixture_graph_unique,,,VERIFIED,True
2021/22,172,Raków Czestochowa,Poland,POL,AO-UEFA-60566,60566,Raków,exact_name_country,1.0,,VERIFIED,True
2021/22,173,Slask Wroclaw,Poland,POL,AO-UEFA-52655,52655,Śląsk,fixture_graph_unique,,,VERIFIED,True
2021/22,174,Benfica,Portugal,POR,AO-UEFA-50147,50147,Benfica,exact_name_country,1.0,,VERIFIED,True
2021/22,175,CD Santa Clara,Portugal,POR,AO-UEFA-73927,73927,Santa Clara,exact_name_country,1.0,,VERIFIED,True
2021/22,176,FC Porto,Portugal,POR,AO-UEFA-50064,50064,Porto,exact_name_country,1.0,,VERIFIED,True
2021/22,177,Paços de Ferreira,Portugal,POR,AO-UEFA-75817,75817,Paços Ferreira,fixture_graph_unique,,,VERIFIED,True
2021/22,178,Sporting Braga,Portugal,POR,AO-UEFA-52336,52336,Braga,fixture_graph_unique,,,VERIFIED,True
2021/22,179,Sporting CP Lisbon,Portugal,POR,AO-UEFA-50149,50149,Sporting CP,fixture_graph_unique,,,VERIFIED,True
2021/22,180,CFR Cluj,Romania,ROM,AO-UEFA-88131,88131,CFR Cluj,exact_name_country,1.0,,VERIFIED,True
2021/22,181,FCSB,Romania,ROM,AO-UEFA-50065,50065,FCSB,exact_name_country,1.0,,VERIFIED,True
2021/22,182,Sepsi OSK,Romania,ROM,AO-UEFA-2608575,2608575,Sepsi,exact_name_country,1.0,,VERIFIED,True
2021/22,183,Universitatea Craiova,Romania,ROM,AO-UEFA-2606501,2606501,U. Craiova,exact_name_country,1.0,,VERIFIED,True
2021/22,184,FC Sochi,Russia,RUS,AO-UEFA-2610410,2610410,Sochi,exact_name_country,1.0,,VERIFIED,True
2021/22,185,Lokomotiv Moscow,Russia,RUS,AO-UEFA-53065,53065,Lokomotiv Moskva,fixture_graph_unique,,,VERIFIED,True
2021/22,186,Rubin Kazan,Russia,RUS,AO-UEFA-82818,82818,Rubin,fixture_graph_unique,,,VERIFIED,True
2021/22,187,Spartak Moscow,Russia,RUS,AO-UEFA-50068,50068,Spartak Moskva,fixture_graph_unique,,,VERIFIED,True
2021/22,188,Zenit St. Petersburg,Russia,RUS,AO-UEFA-52826,52826,Zenit,fixture_graph_unique,,,VERIFIED,True
2021/22,189,Folgore,San Marino,SMA,AO-UEFA-64507,64507,Folgore,exact_name_country,1.0,,VERIFIED,True
2021/22,190,La Fiorita,San Marino,SMA,AO-UEFA-64508,64508,La Fiorita,exact_name_country,1.0,,VERIFIED,True
2021/22,191,Tre Penne,San Marino,SMA,AO-UEFA-64515,64515,Tre Penne,exact_name_country,1.0,,VERIFIED,True
2021/22,192,Aberdeen,Scotland,SCO,AO-UEFA-50122,50122,Aberdeen,exact_name_country,1.0,,VERIFIED,True
2021/22,193,Celtic,Scotland,SCO,AO-UEFA-50050,50050,Celtic,exact_name_country,1.0,,VERIFIED,True
2021/22,194,Glasgow Rangers,Scotland,SCO,AO-UEFA-50121,50121,Rangers,fixture_graph_unique,,,VERIFIED,True
2021/22,195,Hibernian,Scotland,SCO,AO-UEFA-52821,52821,Hibernian,exact_name_country,1.0,,VERIFIED,True
2021/22,196,St. Johnstone,Scotland,SCO,AO-UEFA-64249,64249,St Johnstone,exact_name_country,1.0,,VERIFIED,True
2021/22,197,Cukaricki Belgrade,Serbia,SRB,AO-UEFA-60570,60570,Čukarički,fixture_graph_unique,,,VERIFIED,True
2021/22,198,Partizan Belgrade,Serbia,SRB,AO-UEFA-50162,50162,Partizan,fixture_graph_unique,,,VERIFIED,True
2021/22,199,Red Star Belgrade,Serbia,SRB,AO-UEFA-50069,50069,Crvena Zvezda,fixture_graph_unique,,,VERIFIED,True
2021/22,200,Vojvodina Novi Sad,Serbia,SRB,AO-UEFA-52810,52810,Vojvodina,fixture_graph_unique,,,VERIFIED,True
2021/22,201,DAC Dunajska Streda,Slovakia,SVK,AO-UEFA-50156,50156,DAC 1904,fixture_graph_unique,,,VERIFIED,True
2021/22,202,MSK Zilina,Slovakia,SVK,AO-UEFA-61601,61601,Žilina,exact_name_country,1.0,,VERIFIED,True
2021/22,203,Slovan Bratislava,Slovakia,SVK,AO-UEFA-52797,52797,S. Bratislava,exact_name_country,1.0,,VERIFIED,True
2021/22,204,Spartak Trnava,Slovakia,SVK,AO-UEFA-52904,52904,Spartak Trnava,exact_name_country,1.0,,VERIFIED,True
2021/22,205,Mura Murska Sobota,Slovenia,SLO,AO-UEFA-2607561,2607561,Mura,fixture_graph_unique,,,VERIFIED,True
2021/22,206,NK Domzale,Slovenia,SLO,AO-UEFA-70690,70690,Domžale,exact_name_country,1.0,,VERIFIED,True
2021/22,207,NK Maribor,Slovenia,SLO,AO-UEFA-57490,57490,Maribor,exact_name_country,1.0,,VERIFIED,True
2021/22,208,Olimpija Ljubljana,Slovenia,SLO,AO-UEFA-53081,53081,Olimpija,exact_name_country,1.0,,VERIFIED,True
2021/22,209,Atlético Madrid,Spain,ESP,AO-UEFA-50124,50124,Atleti,fixture_graph_unique,,,VERIFIED,True
2021/22,210,FC Barcelona,Spain,ESP,AO-UEFA-50080,50080,Barcelona,exact_name_country,1.0,,VERIFIED,True
2021/22,211,Real Betis,Spain,ESP,AO-UEFA-52265,52265,Real Betis,exact_name_country,1.0,,VERIFIED,True
2021/22,212,Real Madrid,Spain,ESP,AO-UEFA-50051,50051,Real Madrid,exact_name_country,1.0,,VERIFIED,True
2021/22,213,Real Sociedad,Spain,ESP,AO-UEFA-50123,50123,Real Sociedad,exact_name_country,1.0,,VERIFIED,True
2021/22,214,Sevilla,Spain,ESP,AO-UEFA-52714,52714,Sevilla,exact_name_country,1.0,,VERIFIED,True
2021/22,215,Villarreal,Spain,ESP,AO-UEFA-70691,70691,Villarreal,exact_name_country,1.0,,VERIFIED,True
2021/22,216,BK Häcken,Sweden,SWE,AO-UEFA-69621,69621,Häcken,exact_name_country,1.0,,VERIFIED,True
2021/22,217,Hammarby IF,Sweden,SWE,AO-UEFA-52343,52343,Hammarby,exact_name_country,1.0,,VERIFIED,True
2021/22,218,IF Elfsborg,Sweden,SWE,AO-UEFA-52344,52344,Elfsborg,exact_name_country,1.0,,VERIFIED,True
2021/22,219,Malmö FF,Sweden,SWE,AO-UEFA-50152,50152,Malmö,exact_name_country,1.0,,VERIFIED,True
2021/22,220,FC Basel,Switzerland,SUI,AO-UEFA-59856,59856,Basel,fixture_graph_unique,,,VERIFIED,True
2021/22,221,FC Luzern,Switzerland,SUI,AO-UEFA-52808,52808,Luzern,exact_name_country,1.0,,VERIFIED,True
2021/22,222,Servette FC Genève,Switzerland,SUI,AO-UEFA-50008,50008,Servette,fixture_graph_unique,,,VERIFIED,True
2021/22,223,Young Boys,Switzerland,SUI,AO-UEFA-50031,50031,Young Boys,exact_name_country,1.0,,VERIFIED,True
2021/22,224,Besiktas,Türkiye,TUR,AO-UEFA-50157,50157,Beşiktaş,exact_name_country,1.0,,VERIFIED,True
2021/22,225,Fenerbahçe,Türkiye,TUR,AO-UEFA-52692,52692,Fenerbahçe,exact_name_country,1.0,,VERIFIED,True
2021/22,226,Galatasaray,Türkiye,TUR,AO-UEFA-50067,50067,Galatasaray,exact_name_country,1.0,,VERIFIED,True
2021/22,227,Sivasspor,Türkiye,TUR,AO-UEFA-89728,89728,Sivasspor,exact_name_country,1.0,,VERIFIED,True
2021/22,228,Trabzonspor,Türkiye,TUR,AO-UEFA-52731,52731,Trabzonspor,exact_name_country,1.0,,VERIFIED,True
2021/22,229,Dinamo Kiev,Ukraine,UKR,AO-UEFA-52723,52723,Dynamo Kyiv,exact_name_country,1.0,,VERIFIED,True
2021/22,230,Kolos Kovalivka,Ukraine,UKR,AO-UEFA-2609189,2609189,Kolos Kovalivka,exact_name_country,1.0,,VERIFIED,True
2021/22,231,Shakhtar Donetsk,Ukraine,UKR,AO-UEFA-52707,52707,Shakhtar,exact_name_country,1.0,,VERIFIED,True
2021/22,232,Vorskla Poltava,Ukraine,UKR,AO-UEFA-62174,62174,Vorskla Poltava,exact_name_country,1.0,,VERIFIED,True
2021/22,233,Zorya Luhansk,Ukraine,UKR,AO-UEFA-65130,65130,Zorya Luhansk,exact_name_country,1.0,,VERIFIED,True
2021/22,234,Bala Town,Wales,WAL,AO-UEFA-2600717,2600717,Bala,fixture_graph_unique,,,VERIFIED,True
2021/22,235,Connah's Quay,Wales,WAL,AO-UEFA-64275,64275,Connah's Quay,exact_name_country,1.0,,VERIFIED,True
2021/22,236,Newtown,Wales,WAL,AO-UEFA-60458,60458,Newtown,exact_name_country,1.0,,VERIFIED,True
2021/22,237,The New Saints,Wales,WAL,AO-UEFA-60457,60457,The New Saints,exact_name_country,1.0,,VERIFIED,True
2022/23,1,KF Laçi,Albania,ALB,AO-UEFA-64111,64111,Laç,exact_name_country,1.0,,VERIFIED,True
2022/23,2,KF Tirana,Albania,ALB,AO-UEFA-50049,50049,Tirana,exact_name_country,1.0,,VERIFIED,True
2022/23,3,Partizani Tirana,Albania,ALB,AO-UEFA-52876,52876,Partizani,fixture_graph_unique,,,VERIFIED,True
2022/23,4,Vllaznia Shkodër,Albania,ALB,AO-UEFA-52878,52878,Vllaznia,fixture_graph_unique,,,VERIFIED,True
2022/23,5,Atlètic Club d'Escaldes,Andorra,AND,AO-UEFA-88371,88371,At. Escaldes,exact_name_country,1.0,,VERIFIED,True
2022/23,6,Inter Club d'Escaldes,Andorra,AND,AO-UEFA-63401,63401,Inter Escaldes,exact_name_country,1.0,,VERIFIED,True
2022/23,7,UE Santa Coloma,Andorra,AND,AO-UEFA-2600542,2600542,UE Santa Coloma,exact_name_country,1.0,,VERIFIED,True
2022/23,8,Alashkert FC,Armenia,ARM,AO-UEFA-2605268,2605268,Alashkert,fixture_graph_unique,,,VERIFIED,True
2022/23,9,Ararat Yerevan,Armenia,ARM,AO-UEFA-59318,59318,Ararat-Yerevan,exact_name_country,1.0,,VERIFIED,True
2022/23,10,Ararat-Armenia,Armenia,ARM,AO-UEFA-2610304,2610304,Ararat-Armenia,exact_name_country,1.0,,VERIFIED,True
2022/23,11,Pyunik Yerevan,Armenia,ARM,AO-UEFA-77431,77431,Pyunik,fixture_graph_unique,,,VERIFIED,True
2022/23,12,Austria Wien,Austria,AUT,AO-UEFA-50110,50110,Austria Wien,exact_name_country,1.0,,VERIFIED,True
2022/23,13,FC Salzburg,Austria,AUT,AO-UEFA-50030,50030,Salzburg,exact_name_country,1.0,,VERIFIED,True
2022/23,14,Rapid Wien,Austria,AUT,AO-UEFA-50042,50042,SK Rapid,exact_name_country,1.0,,VERIFIED,True
2022/23,15,Sturm Graz,Austria,AUT,AO-UEFA-50111,50111,Sturm Graz,exact_name_country,1.0,,VERIFIED,True
2022/23,16,Wolfsberger AC,Austria,AUT,AO-UEFA-2603990,2603990,Wolfsberger,exact_name_country,1.0,,VERIFIED,True
2022/23,17,Gabala FK,Azerbaijan,AZB,AO-UEFA-93628,93628,Gabala,fixture_graph_unique,,,VERIFIED,True
2022/23,18,Neftchi Baku,Azerbaijan,AZB,AO-UEFA-59890,59890,Neftchi,fixture_graph_unique,,,VERIFIED,True
2022/23,19,Qarabag FK,Azerbaijan,AZB,AO-UEFA-60609,60609,Qarabağ,exact_name_country,1.0,,VERIFIED,True
2022/23,20,Zira FK,Azerbaijan,AZB,AO-UEFA-2607480,2607480,Zire,fixture_graph_unique,,,VERIFIED,True
2022/23,21,BATE Borisov,Belarus,BLS,AO-UEFA-66168,66168,BATE,fixture_graph_unique,,,VERIFIED,True
2022/23,22,Dinamo Minsk,Belarus,BLS,AO-UEFA-50161,50161,Dinamo-Minsk,exact_name_country,1.0,,VERIFIED,True
2022/23,23,FC Gomel,Belarus,BLS,AO-UEFA-66169,66169,Gomel,exact_name_country,1.0,,VERIFIED,True
2022/23,24,Shakhtior Saligorsk,Belarus,BLS,AO-UEFA-64375,64375,Shakhtyor,fixture_graph_unique,,,VERIFIED,True
2022/23,25,AA Gent,Belgium,BEL,AO-UEFA-4608,4608,Gent,fixture_graph_unique,,,VERIFIED,True
2022/23,26,Anderlecht,Belgium,BEL,AO-UEFA-50074,50074,Anderlecht,exact_name_country,1.0,,VERIFIED,True
2022/23,27,Club Brugge,Belgium,BEL,AO-UEFA-50043,50043,Club Brugge,exact_name_country,1.0,,VERIFIED,True
2022/23,28,Royal Antwerp,Belgium,BEL,AO-UEFA-50113,50113,Antwerp,fixture_graph_unique,,,VERIFIED,True
2022/23,29,Union Saint-Gilloise,Belgium,BEL,AO-UEFA-64125,64125,Union SG,fixture_graph_unique,,,VERIFIED,True
2022/23,30,Borac Banja Luka,Bosnia-Herzegovina,BOS,AO-UEFA-50104,50104,Borac,fixture_graph_unique,,,VERIFIED,True
2022/23,31,Tuzla City,Bosnia-Herzegovina,BOS,AO-UEFA-2609279,2609279,Tuzla City,exact_name_country,1.0,,VERIFIED,True
2022/23,32,Velez Mostar,Bosnia-Herzegovina,BOS,AO-UEFA-50163,50163,Velež,fixture_graph_unique,,,VERIFIED,True
2022/23,33,Zrinjski Mostar,Bosnia-Herzegovina,BOS,AO-UEFA-73390,73390,Zrinjski,fixture_graph_unique,,,VERIFIED,True
2022/23,34,Botev Plovdiv,Bulgaria,BUL,AO-UEFA-57466,57466,Botev Plovdiv,exact_name_country,1.0,,VERIFIED,True
2022/23,35,CSKA Sofia,Bulgaria,BUL,AO-UEFA-2608297,2608297,CSKA Sofia,exact_name_country,1.0,,VERIFIED,True
2022/23,36,Levski Sofia,Bulgaria,BUL,AO-UEFA-50044,50044,Levski Sofia,exact_name_country,1.0,,VERIFIED,True
2022/23,37,Ludogorets Razgrad,Bulgaria,BUL,AO-UEFA-2603104,2603104,Ludogorets,fixture_graph_unique,,,VERIFIED,True
2022/23,38,Dinamo Zagreb,Croatia,CRO,AO-UEFA-50164,50164,GNK Dinamo,exact_name_country,1.0,,VERIFIED,True
2022/23,39,Hajduk Split,Croatia,CRO,AO-UEFA-52359,52359,Hajduk Split,exact_name_country,1.0,,VERIFIED,True
2022/23,40,NK Osijek,Croatia,CRO,AO-UEFA-53082,53082,Osijek,exact_name_country,1.0,,VERIFIED,True
2022/23,41,NK Rijeka,Croatia,CRO,AO-UEFA-52356,52356,Rijeka,fixture_graph_unique,,,VERIFIED,True
2022/23,42,AEK Larnaca,Cyprus,CYP,AO-UEFA-54191,54191,AEK Larnaca,exact_name_country,1.0,,VERIFIED,True
2022/23,43,APOEL Nicosia,Cyprus,CYP,AO-UEFA-50118,50118,APOEL,fixture_graph_unique,,,VERIFIED,True
2022/23,44,Apollon Limassol,Cyprus,CYP,AO-UEFA-52741,52741,Apollon,fixture_graph_unique,,,VERIFIED,True
2022/23,45,Aris Limassol,Cyprus,CYP,AO-UEFA-69529,69529,Aris Limassol,exact_name_country,1.0,,VERIFIED,True
2022/23,46,Omonia Nicosia,Cyprus,CYP,AO-UEFA-50077,50077,Omonia,fixture_graph_unique,,,VERIFIED,True
2022/23,47,1.FC Slovácko,Czechia,CZE,AO-UEFA-75794,75794,Slovácko,exact_name_country,1.0,,VERIFIED,True
2022/23,48,Slavia Praha,Czechia,CZE,AO-UEFA-52498,52498,Slavia Praha,exact_name_country,1.0,,VERIFIED,True
2022/23,49,Sparta Praha,Czechia,CZE,AO-UEFA-50033,50033,Sparta Praha,exact_name_country,1.0,,VERIFIED,True
2022/23,50,Viktoria Plzen,Czechia,CZE,AO-UEFA-64388,64388,Viktoria Plzeň,exact_name_country,1.0,,VERIFIED,True
2022/23,51,Brøndby IF,Denmark,DEN,AO-UEFA-50021,50021,Brøndby,exact_name_country,1.0,,VERIFIED,True
2022/23,52,FC København,Denmark,DEN,AO-UEFA-52709,52709,Copenhagen,fixture_graph_unique,,,VERIFIED,True
2022/23,53,FC Midtjylland,Denmark,DEN,AO-UEFA-75795,75795,Midtjylland,exact_name_country,1.0,,VERIFIED,True
2022/23,54,Silkeborg IF,Denmark,DEN,AO-UEFA-52912,52912,Silkeborg,exact_name_country,1.0,,VERIFIED,True
2022/23,55,Viborg FF,Denmark,DEN,AO-UEFA-69570,69570,Viborg,exact_name_country,1.0,,VERIFIED,True
2022/23,56,Arsenal,England,ENG,AO-UEFA-52280,52280,Arsenal,exact_name_country,1.0,,VERIFIED,True
2022/23,57,Chelsea,England,ENG,AO-UEFA-52914,52914,Chelsea,exact_name_country,1.0,,VERIFIED,True
2022/23,58,Liverpool,England,ENG,AO-UEFA-7889,7889,Liverpool,exact_name_country,1.0,,VERIFIED,True
2022/23,59,Manchester City,England,ENG,AO-UEFA-52919,52919,Man City,exact_name_country,1.0,,VERIFIED,True
2022/23,60,Manchester United,England,ENG,AO-UEFA-52682,52682,Man Utd,exact_name_country,1.0,,VERIFIED,True
2022/23,61,Tottenham Hotspur,England,ENG,AO-UEFA-1652,1652,Tottenham,exact_name_country,1.0,,VERIFIED,True
2022/23,62,West Ham United,England,ENG,AO-UEFA-53358,53358,West Ham,fixture_graph_unique,,,VERIFIED,True
2022/23,63,Flora Tallinn,Estonia,EST,AO-UEFA-59341,59341,Flora Tallinn,exact_name_country,1.0,,VERIFIED,True
2022/23,64,Levadia Tallinn,Estonia,EST,AO-UEFA-77482,77482,Levadia Tallinn,exact_name_country,1.0,,VERIFIED,True
2022/23,65,Paide Linnameeskond,Estonia,EST,AO-UEFA-2600598,2600598,Paide,exact_name_country,1.0,,VERIFIED,True
2022/23,66,B36 Torshavn,Faroe Islands,FAR,AO-UEFA-57476,57476,B36 Tórshavn,exact_name_country,1.0,,VERIFIED,True
2022/23,67,HB Torshavn,Faroe Islands,FAR,AO-UEFA-59025,59025,H. Bóltfelag,fixture_graph_unique,,,VERIFIED,True
2022/23,68,KI Klaksvik,Faroe Islands,FAR,AO-UEFA-57475,57475,Klaksvík,exact_name_country,1.0,,VERIFIED,True
2022/23,69,Víkingur,Faroe Islands,FAR,AO-UEFA-59325,59325,Víkingur,exact_name_country,1.0,,VERIFIED,True
2022/23,70,HJK Helsinki,Finland,FIN,AO-UEFA-50052,50052,HJK,exact_name_country,1.0,,VERIFIED,True
2022/23,71,Inter Turku,Finland,FIN,AO-UEFA-64161,64161,Inter Turku,exact_name_country,1.0,,VERIFIED,True
2022/23,72,KuPS Kuopio,Finland,FIN,AO-UEFA-52350,52350,KuPS Kuopio,exact_name_country,1.0,,VERIFIED,True
2022/23,73,SJK Seinäjoki,Finland,FIN,AO-UEFA-2602520,2602520,SJK,exact_name_country,1.0,,VERIFIED,True
2022/23,74,AS Monaco,France,FRA,AO-UEFA-50023,50023,Monaco,exact_name_country,1.0,,VERIFIED,True
2022/23,75,FC Nantes,France,FRA,AO-UEFA-52693,52693,Nantes,exact_name_country,1.0,,VERIFIED,True
2022/23,76,OGC Nice,France,FRA,AO-UEFA-52355,52355,Nice,exact_name_country,1.0,,VERIFIED,True
2022/23,77,Olympique Marseille,France,FRA,AO-UEFA-52748,52748,Marseille,fixture_graph_unique,,,VERIFIED,True
2022/23,78,Paris Saint-Germain,France,FRA,AO-UEFA-52747,52747,Paris,exact_name_country,1.0,,VERIFIED,True
2022/23,79,Stade Rennais,France,FRA,AO-UEFA-55031,55031,Rennes,fixture_graph_unique,,,VERIFIED,True
2022/23,80,Dila Gori,Georgia,GEO,AO-UEFA-64467,64467,Dila,fixture_graph_unique,,,VERIFIED,True
2022/23,81,Dinamo Batumi,Georgia,GEO,AO-UEFA-59885,59885,Dinamo Batumi,exact_name_country,1.0,,VERIFIED,True
2022/23,82,Dinamo Tbilisi,Georgia,GEO,AO-UEFA-52705,52705,Dinamo Tbilisi,exact_name_country,1.0,,VERIFIED,True
2022/23,83,Saburtalo Tbilisi,Georgia,GEO,AO-UEFA-2605905,2605905,Iberia Tbilisi,fixture_graph_unique,,,VERIFIED,True
2022/23,84,1.FC Köln,Germany,GER,AO-UEFA-50018,50018,Köln,exact_name_country,1.0,,VERIFIED,True
2022/23,85,Bayer Leverkusen,Germany,GER,AO-UEFA-50109,50109,Leverkusen,fixture_graph_unique,,,VERIFIED,True
2022/23,86,Bayern München,Germany,GER,AO-UEFA-50037,50037,Bayern München,exact_name_country,1.0,,VERIFIED,True
2022/23,87,Borussia Dortmund,Germany,GER,AO-UEFA-52758,52758,B. Dortmund,exact_name_country,1.0,,VERIFIED,True
2022/23,88,Eintracht Frankfurt,Germany,GER,AO-UEFA-50072,50072,Frankfurt,exact_name_country,1.0,,VERIFIED,True
2022/23,89,RB Leipzig,Germany,GER,AO-UEFA-2603790,2603790,Leipzig,exact_name_country,1.0,,VERIFIED,True
2022/23,90,SC Freiburg,Germany,GER,AO-UEFA-59880,59880,Freiburg,exact_name_country,1.0,,VERIFIED,True
2022/23,91,Union Berlin,Germany,GER,AO-UEFA-77977,77977,Union Berlin,exact_name_country,1.0,,VERIFIED,True
2022/23,92,Europa FC,Gibraltar,GIB,AO-UEFA-2606416,2606416,Europa,exact_name_country,1.0,,VERIFIED,True
2022/23,93,FCB Magpies,Gibraltar,GIB,AO-UEFA-2606279,2606279,Magpies,exact_name_country,1.0,,VERIFIED,True
2022/23,94,Lincoln Red Imps,Gibraltar,GIB,AO-UEFA-2605572,2605572,L. Red Imps,exact_name_country,1.0,,VERIFIED,True
2022/23,95,St Joseph's FC,Gibraltar,GIB,AO-UEFA-2605575,2605575,St Joseph's,exact_name_country,1.0,,VERIFIED,True
2022/23,96,Aris Thessaloniki,Greece,GRE,AO-UEFA-52949,52949,Aris T.,fixture_graph_unique,,,VERIFIED,True
2022/23,97,Olympiakos Piraeus,Greece,GRE,AO-UEFA-2610,2610,Olympiacos,fixture_graph_unique,,,VERIFIED,True
2022/23,98,PAOK Thessaloniki,Greece,GRE,AO-UEFA-50130,50130,PAOK,fixture_graph_unique,,,VERIFIED,True
2022/23,99,Panathinaikos,Greece,GRE,AO-UEFA-50084,50084,Panathinaikos,exact_name_country,1.0,,VERIFIED,True
2022/23,100,FC Fehérvár,Hungary,HUN,AO-UEFA-52288,52288,Fehérvár,fixture_graph_unique,,,VERIFIED,True
2022/23,101,Ferencváros,Hungary,HUN,AO-UEFA-52298,52298,Ferencváros,exact_name_country,1.0,,VERIFIED,True
2022/23,102,Kisvárda FC,Hungary,HUN,AO-UEFA-2605958,2605958,Kisvárda,exact_name_country,1.0,,VERIFIED,True
2022/23,103,Puskás Akadémia,Hungary,HUN,AO-UEFA-2605472,2605472,Puskás Akadémia,exact_name_country,1.0,,VERIFIED,True
2022/23,104,Breidablik,Iceland,ISL,AO-UEFA-71235,71235,Breiðablik,exact_name_country,1.0,,VERIFIED,True
2022/23,105,KR Reykjavik,Iceland,ISL,AO-UEFA-52307,52307,KR,exact_name_country,1.0,,VERIFIED,True
2022/23,106,Vikingur Reykjavik,Iceland,ISL,AO-UEFA-52697,52697,Víkingur R.,exact_name_country,1.0,,VERIFIED,True
2022/23,107,Derry City,Ireland,IRL,AO-UEFA-50086,50086,Derry,fixture_graph_unique,,,VERIFIED,True
2022/23,108,Shamrock Rovers,Ireland,IRL,AO-UEFA-52381,52381,Shamrock Rovers,exact_name_country,1.0,,VERIFIED,True
2022/23,109,Sligo Rovers,Ireland,IRL,AO-UEFA-52660,52660,Sligo,fixture_graph_unique,,,VERIFIED,True
2022/23,110,St. Patrick's Athletic,Ireland,IRL,AO-UEFA-50133,50133,St. Patrick's,exact_name_country,1.0,,VERIFIED,True
2022/23,111,Hapoel Beer-Sheva,Israel,ISR,AO-UEFA-59340,59340,H. Beer-Sheva,fixture_graph_unique,,,VERIFIED,True
2022/23,112,Maccabi Haifa,Israel,ISR,AO-UEFA-59045,59045,Maccabi Haifa,exact_name_country,1.0,,VERIFIED,True
2022/23,113,Maccabi Netanya,Israel,ISR,AO-UEFA-73561,73561,M. Netanya,fixture_graph_unique,,,VERIFIED,True
2022/23,114,Maccabi Tel-Aviv,Israel,ISR,AO-UEFA-57477,57477,M. Tel-Aviv,fixture_graph_unique,,,VERIFIED,True
2022/23,115,AC Milan,Italy,ITA,AO-UEFA-50058,50058,Milan,exact_name_country,1.0,,VERIFIED,True
2022/23,116,AS Roma,Italy,ITA,AO-UEFA-50137,50137,Roma,exact_name_country,1.0,,VERIFIED,True
2022/23,117,Fiorentina,Italy,ITA,AO-UEFA-52817,52817,Fiorentina,exact_name_country,1.0,,VERIFIED,True
2022/23,118,Internazionale,Italy,ITA,AO-UEFA-50138,50138,Inter,fixture_graph_unique,,,VERIFIED,True
2022/23,119,Juventus,Italy,ITA,AO-UEFA-50139,50139,Juventus,exact_name_country,1.0,,VERIFIED,True
2022/23,120,Lazio,Italy,ITA,AO-UEFA-52973,52973,Lazio,exact_name_country,1.0,,VERIFIED,True
2022/23,121,Napoli,Italy,ITA,AO-UEFA-50136,50136,Napoli,exact_name_country,1.0,,VERIFIED,True
2022/23,122,FK Astana,Kazakhstan,KAZ,AO-UEFA-2600605,2600605,Astana,fixture_graph_unique,,,VERIFIED,True
2022/23,123,FK Kyzylzhar,Kazakhstan,KAZ,AO-UEFA-79967,79967,Kyzylzhar,fixture_graph_unique,,,VERIFIED,True
2022/23,124,Kairat Almaty,Kazakhstan,KAZ,AO-UEFA-79970,79970,Kairat Almaty,exact_name_country,1.0,,VERIFIED,True
2022/23,125,Tobol Kustanai,Kazakhstan,KAZ,AO-UEFA-79969,79969,Tobol,fixture_graph_unique,,,VERIFIED,True
2022/23,126,FC Ballkani,Kosovo,KOS,AO-UEFA-2609552,2609552,Ballkani,exact_name_country,1.0,,VERIFIED,True
2022/23,127,FC Drita,Kosovo,KOS,AO-UEFA-2608290,2608290,Drita,exact_name_country,1.0,,VERIFIED,True
2022/23,128,KF Llapi,Kosovo,KOS,AO-UEFA-2608286,2608286,Llapi,exact_name_country,1.0,,VERIFIED,True
2022/23,129,SC Gjilani,Kosovo,KOS,AO-UEFA-2608285,2608285,Gjilani,exact_name_country,1.0,,VERIFIED,True
2022/23,130,FK Liepaja,Latvia,LAT,AO-UEFA-2606320,2606320,Liepāja,exact_name_country,1.0,,VERIFIED,True
2022/23,131,RFS Riga,Latvia,LAT,AO-UEFA-2609104,2609104,RFS,fixture_graph_unique,,,VERIFIED,True
2022/23,132,Riga FC,Latvia,LAT,AO-UEFA-2607924,2607924,Riga,exact_name_country,1.0,,VERIFIED,True
2022/23,133,Valmieras FK,Latvia,LAT,AO-UEFA-2602920,2602920,Valmiera,fixture_graph_unique,,,VERIFIED,True
2022/23,134,FC Vaduz,Liechtenstein,LIE,AO-UEFA-57482,57482,Vaduz,exact_name_country,1.0,,VERIFIED,True
2022/23,135,FK Panevezys,Lithuania,LIT,AO-UEFA-2608927,2608927,Panevėžys,exact_name_country,1.0,,VERIFIED,True
2022/23,136,Kauno Zalgiris,Lithuania,LIT,AO-UEFA-2605907,2605907,Kauno Žalgiris,exact_name_country,1.0,,VERIFIED,True
2022/23,137,Suduva Marijampole,Lithuania,LIT,AO-UEFA-79557,79557,Sūduva,fixture_graph_unique,,,VERIFIED,True
2022/23,138,Zalgiris Vilnius,Lithuania,LIT,AO-UEFA-2602334,2602334,Žalgiris,fixture_graph_unique,,,VERIFIED,True
2022/23,139,CS Fola Esch,Luxembourg,LUX,AO-UEFA-7607,7607,Fola,exact_name_country,1.0,,VERIFIED,True
2022/23,140,Differdange 03,Luxembourg,LUX,AO-UEFA-52309,52309,Differdange,fixture_graph_unique,,,VERIFIED,True
2022/23,141,F91 Dudelange,Luxembourg,LUX,AO-UEFA-59028,59028,Diddeleng,fixture_graph_unique,,,VERIFIED,True
2022/23,142,Racing Union Luxembourg,Luxembourg,LUX,AO-UEFA-88135,88135,Racing Union,fixture_graph_unique,,,VERIFIED,True
2022/23,143,Floriana,Malta,MLT,AO-UEFA-50092,50092,Floriana,exact_name_country,1.0,,VERIFIED,True
2022/23,144,Gzira United,Malta,MLT,AO-UEFA-64201,64201,Gżira,fixture_graph_unique,,,VERIFIED,True
2022/23,145,Hamrun Spartans,Malta,MLT,AO-UEFA-50060,50060,Hamrun Spartans ,exact_name_country,1.0,,VERIFIED,True
2022/23,146,Hibernians FC,Malta,MLT,AO-UEFA-52640,52640,Hibernians,exact_name_country,1.0,,VERIFIED,True
2022/23,147,Milsami Orhei,Moldova,MOL,AO-UEFA-2600714,2600714,Milsami,fixture_graph_unique,,,VERIFIED,True
2022/23,148,Petrocub Hîncesti,Moldova,MOL,AO-UEFA-2607112,2607112,Petrocub,fixture_graph_unique,,,VERIFIED,True
2022/23,149,Sfântul Gheorghe,Moldova,MOL,AO-UEFA-2600716,2600716,FCSG,fixture_graph_unique,,,VERIFIED,True
2022/23,150,Sheriff Tiraspol,Moldova,MOL,AO-UEFA-69606,69606,Sheriff,fixture_graph_unique,,,VERIFIED,True
2022/23,151,Buducnost Podgorica,Montenegro,MON,AO-UEFA-53078,53078,Budućnost,fixture_graph_unique,,,VERIFIED,True
2022/23,152,Decic Tuzi,Montenegro,MON,AO-UEFA-2600105,2600105,Dečić,fixture_graph_unique,,,VERIFIED,True
2022/23,153,Iskra Danilovgrad,Montenegro,MON,AO-UEFA-2602858,2602858,Iskra,fixture_graph_unique,,,VERIFIED,True
2022/23,154,Sutjeska Niksic,Montenegro,MON,AO-UEFA-73936,73936,Sutjeska,fixture_graph_unique,,,VERIFIED,True
2022/23,155,AZ Alkmaar,Netherlands,NED,AO-UEFA-52327,52327,AZ Alkmaar,exact_name_country,1.0,,VERIFIED,True
2022/23,156,Ajax,Netherlands,NED,AO-UEFA-50143,50143,Ajax,exact_name_country,1.0,,VERIFIED,True
2022/23,157,FC Twente Enschede,Netherlands,NED,AO-UEFA-52818,52818,Twente,fixture_graph_unique,,,VERIFIED,True
2022/23,158,Feyenoord,Netherlands,NED,AO-UEFA-52749,52749,Feyenoord,exact_name_country,1.0,,VERIFIED,True
2022/23,159,PSV Eindhoven,Netherlands,NED,AO-UEFA-50062,50062,PSV,exact_name_country,1.0,,VERIFIED,True
2022/23,160,Akademija Pandev,North Macedonia,MAC,AO-UEFA-2608458,2608458,Brera Strumica,exact_name_country,1.0,,VERIFIED,True
2022/23,161,FK Shkupi,North Macedonia,MAC,AO-UEFA-2606993,2606993,Shkupi,fixture_graph_unique,,,VERIFIED,True
2022/23,162,Makedonija GjP,North Macedonia,MAC,AO-UEFA-64395,64395,Makedonija,fixture_graph_unique,,,VERIFIED,True
2022/23,163,Shkendija Tetovo,North Macedonia,MAC,AO-UEFA-75807,75807,Shkëndija,fixture_graph_unique,,,VERIFIED,True
2022/23,164,Cliftonville,Northern Ireland,NIR,AO-UEFA-52991,52991,Cliftonville,exact_name_country,1.0,,VERIFIED,True
2022/23,165,Crusaders Belfast,Northern Ireland,NIR,AO-UEFA-52992,52992,Crusaders,fixture_graph_unique,,,VERIFIED,True
2022/23,166,Larne FC,Northern Ireland,NIR,AO-UEFA-85009,85009,Larne,exact_name_country,1.0,,VERIFIED,True
2022/23,167,Linfield Belfast,Northern Ireland,NIR,AO-UEFA-50134,50134,Linfield,fixture_graph_unique,,,VERIFIED,True
2022/23,168,Bodø/Glimt,Norway,NOR,AO-UEFA-59333,59333,Bodø/Glimt,exact_name_country,1.0,,VERIFIED,True
2022/23,169,Lillestrøm SK,Norway,NOR,AO-UEFA-52314,52314,Lillestrøm,exact_name_country,1.0,,VERIFIED,True
2022/23,170,Molde FK,Norway,NOR,AO-UEFA-50142,50142,Molde,exact_name_country,1.0,,VERIFIED,True
2022/23,171,Viking Stavanger,Norway,NOR,AO-UEFA-52319,52319,Viking,fixture_graph_unique,,,VERIFIED,True
2022/23,172,Lech Poznan,Poland,POL,AO-UEFA-64227,64227,Lech Poznań,exact_name_country,1.0,,VERIFIED,True
2022/23,173,Lechia Gdansk,Poland,POL,AO-UEFA-52763,52763,Lechia,fixture_graph_unique,,,VERIFIED,True
2022/23,174,Pogon Szczecin,Poland,POL,AO-UEFA-52652,52652,Pogoń,fixture_graph_unique,,,VERIFIED,True
2022/23,175,Raków Czestochowa,Poland,POL,AO-UEFA-60566,60566,Raków,exact_name_country,1.0,,VERIFIED,True
2022/23,176,Benfica,Portugal,POR,AO-UEFA-50147,50147,Benfica,exact_name_country,1.0,,VERIFIED,True
2022/23,177,FC Porto,Portugal,POR,AO-UEFA-50064,50064,Porto,exact_name_country,1.0,,VERIFIED,True
2022/23,178,Gil Vicente,Portugal,POR,AO-UEFA-73926,73926,Gil Vicente,exact_name_country,1.0,,VERIFIED,True
2022/23,179,Sporting Braga,Portugal,POR,AO-UEFA-52336,52336,Braga,fixture_graph_unique,,,VERIFIED,True
2022/23,180,Sporting CP Lisbon,Portugal,POR,AO-UEFA-50149,50149,Sporting CP,fixture_graph_unique,,,VERIFIED,True
2022/23,181,Vitória Guimarães,Portugal,POR,AO-UEFA-50097,50097,Vitória SC,fixture_graph_unique,,,VERIFIED,True
2022/23,182,CFR Cluj,Romania,ROM,AO-UEFA-88131,88131,CFR Cluj,exact_name_country,1.0,,VERIFIED,True
2022/23,183,FCSB,Romania,ROM,AO-UEFA-50065,50065,FCSB,exact_name_country,1.0,,VERIFIED,True
2022/23,184,Sepsi OSK,Romania,ROM,AO-UEFA-2608575,2608575,Sepsi,exact_name_country,1.0,,VERIFIED,True
2022/23,185,Universitatea Craiova,Romania,ROM,AO-UEFA-2606501,2606501,U. Craiova,exact_name_country,1.0,,VERIFIED,True
2022/23,186,La Fiorita,San Marino,SMA,AO-UEFA-64508,64508,La Fiorita,exact_name_country,1.0,,VERIFIED,True
2022/23,187,Tre Fiori,San Marino,SMA,AO-UEFA-64514,64514,Tre Fiori,exact_name_country,1.0,,VERIFIED,True
2022/23,188,Tre Penne,San Marino,SMA,AO-UEFA-64515,64515,Tre Penne,exact_name_country,1.0,,VERIFIED,True
2022/23,189,Celtic,Scotland,SCO,AO-UEFA-50050,50050,Celtic,exact_name_country,1.0,,VERIFIED,True
2022/23,190,Dundee United,Scotland,SCO,AO-UEFA-50079,50079,Dundee United,exact_name_country,1.0,,VERIFIED,True
2022/23,191,Glasgow Rangers,Scotland,SCO,AO-UEFA-50121,50121,Rangers,fixture_graph_unique,,,VERIFIED,True
2022/23,192,Hearts FC,Scotland,SCO,AO-UEFA-50120,50120,Hearts,fixture_graph_unique,,,VERIFIED,True
2022/23,193,Motherwell,Scotland,SCO,AO-UEFA-53035,53035,Motherwell,exact_name_country,1.0,,VERIFIED,True
2022/23,194,Cukaricki Belgrade,Serbia,SRB,AO-UEFA-60570,60570,Čukarički,fixture_graph_unique,,,VERIFIED,True
2022/23,195,Partizan Belgrade,Serbia,SRB,AO-UEFA-50162,50162,Partizan,fixture_graph_unique,,,VERIFIED,True
2022/23,196,Radnicki Nis,Serbia,SRB,AO-UEFA-52734,52734,Radnicki Niš,exact_name_country,1.0,,VERIFIED,True
2022/23,197,Red Star Belgrade,Serbia,SRB,AO-UEFA-50069,50069,Crvena Zvezda,fixture_graph_unique,,,VERIFIED,True
2022/23,198,DAC Dunajska Streda,Slovakia,SVK,AO-UEFA-50156,50156,DAC 1904,fixture_graph_unique,,,VERIFIED,True
2022/23,199,MFK Ruzomberok,Slovakia,SVK,AO-UEFA-64319,64319,Ružomberok,exact_name_country,1.0,,VERIFIED,True
2022/23,200,Slovan Bratislava,Slovakia,SVK,AO-UEFA-52797,52797,S. Bratislava,exact_name_country,1.0,,VERIFIED,True
2022/23,201,Spartak Trnava,Slovakia,SVK,AO-UEFA-52904,52904,Spartak Trnava,exact_name_country,1.0,,VERIFIED,True
2022/23,202,Mura Murska Sobota,Slovenia,SLO,AO-UEFA-2607561,2607561,Mura,fixture_graph_unique,,,VERIFIED,True
2022/23,203,NK Koper,Slovenia,SLO,AO-UEFA-69617,69617,Koper,fixture_graph_unique,,,VERIFIED,True
2022/23,204,NK Maribor,Slovenia,SLO,AO-UEFA-57490,57490,Maribor,exact_name_country,1.0,,VERIFIED,True
2022/23,205,Olimpija Ljubljana,Slovenia,SLO,AO-UEFA-53081,53081,Olimpija,exact_name_country,1.0,,VERIFIED,True
2022/23,206,Atlético Madrid,Spain,ESP,AO-UEFA-50124,50124,Atleti,fixture_graph_unique,,,VERIFIED,True
2022/23,207,FC Barcelona,Spain,ESP,AO-UEFA-50080,50080,Barcelona,exact_name_country,1.0,,VERIFIED,True
2022/23,208,Real Betis,Spain,ESP,AO-UEFA-52265,52265,Real Betis,exact_name_country,1.0,,VERIFIED,True
2022/23,209,Real Madrid,Spain,ESP,AO-UEFA-50051,50051,Real Madrid,exact_name_country,1.0,,VERIFIED,True
2022/23,210,Real Sociedad,Spain,ESP,AO-UEFA-50123,50123,Real Sociedad,exact_name_country,1.0,,VERIFIED,True
2022/23,211,Sevilla,Spain,ESP,AO-UEFA-52714,52714,Sevilla,exact_name_country,1.0,,VERIFIED,True
2022/23,212,Villarreal,Spain,ESP,AO-UEFA-70691,70691,Villarreal,exact_name_country,1.0,,VERIFIED,True
2022/23,213,AIK Stockholm,Sweden,SWE,AO-UEFA-52341,52341,AIK,exact_name_country,1.0,,VERIFIED,True
2022/23,214,Djurgårdens IF,Sweden,SWE,AO-UEFA-52809,52809,Djurgården,fixture_graph_unique,,,VERIFIED,True
2022/23,215,IF Elfsborg,Sweden,SWE,AO-UEFA-52344,52344,Elfsborg,exact_name_country,1.0,,VERIFIED,True
2022/23,216,Malmö FF,Sweden,SWE,AO-UEFA-50152,50152,Malmö,exact_name_country,1.0,,VERIFIED,True
2022/23,217,FC Basel,Switzerland,SUI,AO-UEFA-59856,59856,Basel,fixture_graph_unique,,,VERIFIED,True
2022/23,218,FC Lugano,Switzerland,SUI,AO-UEFA-8538,8538,Lugano,exact_name_country,1.0,,VERIFIED,True
2022/23,219,FC Zürich,Switzerland,SUI,AO-UEFA-51150,51150,Zürich,exact_name_country,1.0,,VERIFIED,True
2022/23,220,Young Boys,Switzerland,SUI,AO-UEFA-50031,50031,Young Boys,exact_name_country,1.0,,VERIFIED,True
2022/23,221,Fenerbahçe,Türkiye,TUR,AO-UEFA-52692,52692,Fenerbahçe,exact_name_country,1.0,,VERIFIED,True
2022/23,222,Istanbul Basaksehir,Türkiye,TUR,AO-UEFA-2600288,2600288,Başakşehir,exact_name_country,1.0,,VERIFIED,True
2022/23,223,Konyaspor,Türkiye,TUR,AO-UEFA-84515,84515,Konyaspor,exact_name_country,1.0,,VERIFIED,True
2022/23,224,Sivasspor,Türkiye,TUR,AO-UEFA-89728,89728,Sivasspor,exact_name_country,1.0,,VERIFIED,True
2022/23,225,Trabzonspor,Türkiye,TUR,AO-UEFA-52731,52731,Trabzonspor,exact_name_country,1.0,,VERIFIED,True
2022/23,226,Dynamo Kyiv,Ukraine,UKR,AO-UEFA-52723,52723,Dynamo Kyiv,exact_name_country,1.0,,VERIFIED,True
2022/23,227,SC Dnipro-1,Ukraine,UKR,AO-UEFA-2609193,2609193,Dnipro-1,exact_name_country,1.0,,VERIFIED,True
2022/23,228,Shakhtar Donetsk,Ukraine,UKR,AO-UEFA-52707,52707,Shakhtar,exact_name_country,1.0,,VERIFIED,True
2022/23,229,Vorskla Poltava,Ukraine,UKR,AO-UEFA-62174,62174,Vorskla Poltava,exact_name_country,1.0,,VERIFIED,True
2022/23,230,Zorya Luhansk,Ukraine,UKR,AO-UEFA-65130,65130,Zorya Luhansk,exact_name_country,1.0,,VERIFIED,True
2022/23,231,Bala Town,Wales,WAL,AO-UEFA-2600717,2600717,Bala,fixture_graph_unique,,,VERIFIED,True
2022/23,232,Newtown,Wales,WAL,AO-UEFA-60458,60458,Newtown,exact_name_country,1.0,,VERIFIED,True
2022/23,233,The New Saints,Wales,WAL,AO-UEFA-60457,60457,The New Saints,exact_name_country,1.0,,VERIFIED,True
2023/24,1,Egnatia Rrogozhinë,Albania,ALB,AO-UEFA-88148,88148,Egnatia,fixture_graph_unique,,,VERIFIED,True
2023/24,2,KF Tirana,Albania,ALB,AO-UEFA-50049,50049,Tirana,exact_name_country,1.0,,VERIFIED,True
2023/24,3,Partizani Tirana,Albania,ALB,AO-UEFA-52876,52876,Partizani,fixture_graph_unique,,,VERIFIED,True
2023/24,4,Vllaznia Shkodër,Albania,ALB,AO-UEFA-52878,52878,Vllaznia,fixture_graph_unique,,,VERIFIED,True
2023/24,5,Atlètic Club d'Escaldes,Andorra,AND,AO-UEFA-88371,88371,At. Escaldes,exact_name_country,1.0,,VERIFIED,True
2023/24,6,FC Santa Coloma,Andorra,AND,AO-UEFA-62180,62180,FC Santa Coloma,exact_name_country,1.0,,VERIFIED,True
2023/24,7,Inter Club d'Escaldes,Andorra,AND,AO-UEFA-63401,63401,Inter Escaldes,exact_name_country,1.0,,VERIFIED,True
2023/24,8,Alashkert FC,Armenia,ARM,AO-UEFA-2605268,2605268,Alashkert,fixture_graph_unique,,,VERIFIED,True
2023/24,9,Ararat-Armenia,Armenia,ARM,AO-UEFA-2610304,2610304,Ararat-Armenia,exact_name_country,1.0,,VERIFIED,True
2023/24,10,Pyunik Yerevan,Armenia,ARM,AO-UEFA-77431,77431,Pyunik,fixture_graph_unique,,,VERIFIED,True
2023/24,11,Urartu FC,Armenia,ARM,AO-UEFA-77866,77866,Urartu,fixture_graph_unique,,,VERIFIED,True
2023/24,12,Austria Wien,Austria,AUT,AO-UEFA-50110,50110,Austria Wien,exact_name_country,1.0,,VERIFIED,True
2023/24,13,FC Salzburg,Austria,AUT,AO-UEFA-50030,50030,Salzburg,exact_name_country,1.0,,VERIFIED,True
2023/24,14,LASK,Austria,AUT,AO-UEFA-63405,63405,LASK,exact_name_country,1.0,,VERIFIED,True
2023/24,15,Rapid Wien,Austria,AUT,AO-UEFA-50042,50042,SK Rapid,exact_name_country,1.0,,VERIFIED,True
2023/24,16,Sturm Graz,Austria,AUT,AO-UEFA-50111,50111,Sturm Graz,exact_name_country,1.0,,VERIFIED,True
2023/24,17,Gabala FK,Azerbaijan,AZB,AO-UEFA-93628,93628,Gabala,fixture_graph_unique,,,VERIFIED,True
2023/24,18,Neftchi Baku,Azerbaijan,AZB,AO-UEFA-59890,59890,Neftchi,fixture_graph_unique,,,VERIFIED,True
2023/24,19,Qarabag FK,Azerbaijan,AZB,AO-UEFA-60609,60609,Qarabağ,exact_name_country,1.0,,VERIFIED,True
2023/24,20,Sabah FK,Azerbaijan,AZB,AO-UEFA-2609356,2609356,Sabah,fixture_graph_unique,,,VERIFIED,True
2023/24,21,BATE Borisov,Belarus,BLS,AO-UEFA-66168,66168,BATE,fixture_graph_unique,,,VERIFIED,True
2023/24,22,Dinamo Minsk,Belarus,BLS,AO-UEFA-50161,50161,Dinamo-Minsk,exact_name_country,1.0,,VERIFIED,True
2023/24,23,Neman Grodno,Belarus,BLS,AO-UEFA-59024,59024,Neman,fixture_graph_unique,,,VERIFIED,True
2023/24,24,Torpedo Zhodino,Belarus,BLS,AO-UEFA-79551,79551,Torpedo-Belaz,exact_name_country,1.0,,VERIFIED,True
2023/24,25,AA Gent,Belgium,BEL,AO-UEFA-4608,4608,Gent,fixture_graph_unique,,,VERIFIED,True
2023/24,26,Club Brugge,Belgium,BEL,AO-UEFA-50043,50043,Club Brugge,exact_name_country,1.0,,VERIFIED,True
2023/24,27,Racing Genk,Belgium,BEL,AO-UEFA-61582,61582,Genk,fixture_graph_unique,,,VERIFIED,True
2023/24,28,Royal Antwerp,Belgium,BEL,AO-UEFA-50113,50113,Antwerp,fixture_graph_unique,,,VERIFIED,True
2023/24,29,Union Saint-Gilloise,Belgium,BEL,AO-UEFA-64125,64125,Union SG,fixture_graph_unique,,,VERIFIED,True
2023/24,30,Borac Banja Luka,Bosnia-Herzegovina,BOS,AO-UEFA-50104,50104,Borac,fixture_graph_unique,,,VERIFIED,True
2023/24,31,FK Sarajevo,Bosnia-Herzegovina,BOS,AO-UEFA-64378,64378,Sarajevo,exact_name_country,1.0,,VERIFIED,True
2023/24,32,Zeljeznicar Sarajevo,Bosnia-Herzegovina,BOS,AO-UEFA-64381,64381,Željezničar,fixture_graph_unique,,,VERIFIED,True
2023/24,33,Zrinjski Mostar,Bosnia-Herzegovina,BOS,AO-UEFA-73390,73390,Zrinjski,fixture_graph_unique,,,VERIFIED,True
2023/24,34,CSKA 1948 Sofia,Bulgaria,BUL,AO-UEFA-2610262,2610262,CSKA 1948,fixture_graph_unique,,,VERIFIED,True
2023/24,35,CSKA Sofia,Bulgaria,BUL,AO-UEFA-2608297,2608297,CSKA Sofia,exact_name_country,1.0,,VERIFIED,True
2023/24,36,Levski Sofia,Bulgaria,BUL,AO-UEFA-50044,50044,Levski Sofia,exact_name_country,1.0,,VERIFIED,True
2023/24,37,Ludogorets Razgrad,Bulgaria,BUL,AO-UEFA-2603104,2603104,Ludogorets,fixture_graph_unique,,,VERIFIED,True
2023/24,38,Dinamo Zagreb,Croatia,CRO,AO-UEFA-50164,50164,GNK Dinamo,exact_name_country,1.0,,VERIFIED,True
2023/24,39,Hajduk Split,Croatia,CRO,AO-UEFA-52359,52359,Hajduk Split,exact_name_country,1.0,,VERIFIED,True
2023/24,40,NK Osijek,Croatia,CRO,AO-UEFA-53082,53082,Osijek,exact_name_country,1.0,,VERIFIED,True
2023/24,41,NK Rijeka,Croatia,CRO,AO-UEFA-52356,52356,Rijeka,fixture_graph_unique,,,VERIFIED,True
2023/24,42,AEK Larnaca,Cyprus,CYP,AO-UEFA-54191,54191,AEK Larnaca,exact_name_country,1.0,,VERIFIED,True
2023/24,43,APOEL Nicosia,Cyprus,CYP,AO-UEFA-50118,50118,APOEL,fixture_graph_unique,,,VERIFIED,True
2023/24,44,Aris Limassol,Cyprus,CYP,AO-UEFA-69529,69529,Aris Limassol,exact_name_country,1.0,,VERIFIED,True
2023/24,45,Omonia Nicosia,Cyprus,CYP,AO-UEFA-50077,50077,Omonia,fixture_graph_unique,,,VERIFIED,True
2023/24,46,Bohemians Praha,Czechia,CZE,AO-UEFA-52662,52662,Bohemians Praha,exact_name_country,1.0,,VERIFIED,True
2023/24,47,Slavia Praha,Czechia,CZE,AO-UEFA-52498,52498,Slavia Praha,exact_name_country,1.0,,VERIFIED,True
2023/24,48,Sparta Praha,Czechia,CZE,AO-UEFA-50033,50033,Sparta Praha,exact_name_country,1.0,,VERIFIED,True
2023/24,49,Viktoria Plzen,Czechia,CZE,AO-UEFA-64388,64388,Viktoria Plzeň,exact_name_country,1.0,,VERIFIED,True
2023/24,50,AGF Aarhus,Denmark,DEN,AO-UEFA-50019,50019,Aarhus,exact_name_country,1.0,,VERIFIED,True
2023/24,51,FC København,Denmark,DEN,AO-UEFA-52709,52709,Copenhagen,fixture_graph_unique,,,VERIFIED,True
2023/24,52,FC Midtjylland,Denmark,DEN,AO-UEFA-75795,75795,Midtjylland,exact_name_country,1.0,,VERIFIED,True
2023/24,53,FC Nordsjælland,Denmark,DEN,AO-UEFA-79940,79940,Nordsjælland,exact_name_country,1.0,,VERIFIED,True
2023/24,54,Arsenal,England,ENG,AO-UEFA-52280,52280,Arsenal,exact_name_country,1.0,,VERIFIED,True
2023/24,55,Aston Villa,England,ENG,AO-UEFA-52683,52683,Aston Villa,exact_name_country,1.0,,VERIFIED,True
2023/24,56,Brighton & Hove Albion,England,ENG,AO-UEFA-2601105,2601105,Brighton,exact_name_country,1.0,,VERIFIED,True
2023/24,57,Liverpool,England,ENG,AO-UEFA-7889,7889,Liverpool,exact_name_country,1.0,,VERIFIED,True
2023/24,58,Manchester City,England,ENG,AO-UEFA-52919,52919,Man City,exact_name_country,1.0,,VERIFIED,True
2023/24,59,Manchester United,England,ENG,AO-UEFA-52682,52682,Man Utd,exact_name_country,1.0,,VERIFIED,True
2023/24,60,Newcastle United,England,ENG,AO-UEFA-59324,59324,Newcastle,fixture_graph_unique,,,VERIFIED,True
2023/24,61,West Ham United,England,ENG,AO-UEFA-53358,53358,West Ham,fixture_graph_unique,,,VERIFIED,True
2023/24,62,Flora Tallinn,Estonia,EST,AO-UEFA-59341,59341,Flora Tallinn,exact_name_country,1.0,,VERIFIED,True
2023/24,63,Levadia Tallinn,Estonia,EST,AO-UEFA-77482,77482,Levadia Tallinn,exact_name_country,1.0,,VERIFIED,True
2023/24,64,Paide Linnameeskond,Estonia,EST,AO-UEFA-2600598,2600598,Paide,exact_name_country,1.0,,VERIFIED,True
2023/24,65,Trans Narva,Estonia,EST,AO-UEFA-60565,60565,Trans,exact_name_country,1.0,,VERIFIED,True
2023/24,66,B36 Torshavn,Faroe Islands,FAR,AO-UEFA-57476,57476,B36 Tórshavn,exact_name_country,1.0,,VERIFIED,True
2023/24,67,HB Torshavn,Faroe Islands,FAR,AO-UEFA-59025,59025,H. Bóltfelag,fixture_graph_unique,,,VERIFIED,True
2023/24,68,KI Klaksvik,Faroe Islands,FAR,AO-UEFA-57475,57475,Klaksvík,exact_name_country,1.0,,VERIFIED,True
2023/24,69,Víkingur,Faroe Islands,FAR,AO-UEFA-59325,59325,Víkingur,exact_name_country,1.0,,VERIFIED,True
2023/24,70,HJK Helsinki,Finland,FIN,AO-UEFA-50052,50052,HJK,exact_name_country,1.0,,VERIFIED,True
2023/24,71,Haka Valkeakoski,Finland,FIN,AO-UEFA-52802,52802,Haka,fixture_graph_unique,,,VERIFIED,True
2023/24,72,Honka Espoo,Finland,FIN,AO-UEFA-91760,91760,Honka,fixture_graph_unique,,,VERIFIED,True
2023/24,73,KuPS Kuopio,Finland,FIN,AO-UEFA-52350,52350,KuPS Kuopio,exact_name_country,1.0,,VERIFIED,True
2023/24,74,Lille OSC,France,FRA,AO-UEFA-75797,75797,Lille,fixture_graph_unique,,,VERIFIED,True
2023/24,75,Olympique Marseille,France,FRA,AO-UEFA-52748,52748,Marseille,fixture_graph_unique,,,VERIFIED,True
2023/24,76,Paris Saint-Germain,France,FRA,AO-UEFA-52747,52747,Paris,exact_name_country,1.0,,VERIFIED,True
2023/24,77,RC Lens,France,FRA,AO-UEFA-52277,52277,Lens,exact_name_country,1.0,,VERIFIED,True
2023/24,78,Stade Rennais,France,FRA,AO-UEFA-55031,55031,Rennes,fixture_graph_unique,,,VERIFIED,True
2023/24,79,Toulouse FC,France,FRA,AO-UEFA-52934,52934,Toulouse,exact_name_country,1.0,,VERIFIED,True
2023/24,80,Dila Gori,Georgia,GEO,AO-UEFA-64467,64467,Dila,fixture_graph_unique,,,VERIFIED,True
2023/24,81,Dinamo Batumi,Georgia,GEO,AO-UEFA-59885,59885,Dinamo Batumi,exact_name_country,1.0,,VERIFIED,True
2023/24,82,Dinamo Tbilisi,Georgia,GEO,AO-UEFA-52705,52705,Dinamo Tbilisi,exact_name_country,1.0,,VERIFIED,True
2023/24,83,Torpedo Kutaisi,Georgia,GEO,AO-UEFA-64471,64471,Torpedo Kutaisi,exact_name_country,1.0,,VERIFIED,True
2023/24,84,Bayer Leverkusen,Germany,GER,AO-UEFA-50109,50109,Leverkusen,fixture_graph_unique,,,VERIFIED,True
2023/24,85,Bayern München,Germany,GER,AO-UEFA-50037,50037,Bayern München,exact_name_country,1.0,,VERIFIED,True
2023/24,86,Borussia Dortmund,Germany,GER,AO-UEFA-52758,52758,B. Dortmund,exact_name_country,1.0,,VERIFIED,True
2023/24,87,Eintracht Frankfurt,Germany,GER,AO-UEFA-50072,50072,Frankfurt,exact_name_country,1.0,,VERIFIED,True
2023/24,88,RB Leipzig,Germany,GER,AO-UEFA-2603790,2603790,Leipzig,exact_name_country,1.0,,VERIFIED,True
2023/24,89,SC Freiburg,Germany,GER,AO-UEFA-59880,59880,Freiburg,exact_name_country,1.0,,VERIFIED,True
2023/24,90,Union Berlin,Germany,GER,AO-UEFA-77977,77977,Union Berlin,exact_name_country,1.0,,VERIFIED,True
2023/24,91,Europa FC,Gibraltar,GIB,AO-UEFA-2606416,2606416,Europa,exact_name_country,1.0,,VERIFIED,True
2023/24,92,FCB Magpies,Gibraltar,GIB,AO-UEFA-2606279,2606279,Magpies,exact_name_country,1.0,,VERIFIED,True
2023/24,93,Lincoln Red Imps,Gibraltar,GIB,AO-UEFA-2605572,2605572,L. Red Imps,exact_name_country,1.0,,VERIFIED,True
2023/24,94,AEK Athens,Greece,GRE,AO-UEFA-50129,50129,AEK Athens,exact_name_country,1.0,,VERIFIED,True
2023/24,95,Aris Thessaloniki,Greece,GRE,AO-UEFA-52949,52949,Aris T.,fixture_graph_unique,,,VERIFIED,True
2023/24,96,Olympiakos Piraeus,Greece,GRE,AO-UEFA-2610,2610,Olympiacos,fixture_graph_unique,,,VERIFIED,True
2023/24,97,PAOK Thessaloniki,Greece,GRE,AO-UEFA-50130,50130,PAOK,fixture_graph_unique,,,VERIFIED,True
2023/24,98,Panathinaikos,Greece,GRE,AO-UEFA-50084,50084,Panathinaikos,exact_name_country,1.0,,VERIFIED,True
2023/24,99,DVSC Debrecen,Hungary,HUN,AO-UEFA-52958,52958,Debrecen,fixture_graph_unique,,,VERIFIED,True
2023/24,100,Ferencváros,Hungary,HUN,AO-UEFA-52298,52298,Ferencváros,exact_name_country,1.0,,VERIFIED,True
2023/24,101,Kecskeméti TE,Hungary,HUN,AO-UEFA-77898,77898,Kecskemét,exact_name_country,1.0,,VERIFIED,True
2023/24,102,Zalaegerszegi TE,Hungary,HUN,AO-UEFA-64182,64182,ZTE,fixture_graph_unique,,,VERIFIED,True
2023/24,103,Breidablik,Iceland,ISL,AO-UEFA-71235,71235,Breiðablik,exact_name_country,1.0,,VERIFIED,True
2023/24,104,KA Akureyri,Iceland,ISL,AO-UEFA-52966,52966,Akureyri,exact_name_country,1.0,,VERIFIED,True
2023/24,105,Vikingur Reykjavik,Iceland,ISL,AO-UEFA-52697,52697,Víkingur R.,exact_name_country,1.0,,VERIFIED,True
2023/24,106,Derry City,Ireland,IRL,AO-UEFA-50086,50086,Derry,fixture_graph_unique,,,VERIFIED,True
2023/24,107,Dundalk,Ireland,IRL,AO-UEFA-50055,50055,Dundalk,exact_name_country,1.0,,VERIFIED,True
2023/24,108,Shamrock Rovers,Ireland,IRL,AO-UEFA-52381,52381,Shamrock Rovers,exact_name_country,1.0,,VERIFIED,True
2023/24,109,St. Patrick's Athletic,Ireland,IRL,AO-UEFA-50133,50133,St. Patrick's,exact_name_country,1.0,,VERIFIED,True
2023/24,110,Beitar Jerusalem,Israel,ISR,AO-UEFA-59034,59034,Beitar,fixture_graph_unique,,,VERIFIED,True
2023/24,111,Hapoel Beer-Sheva,Israel,ISR,AO-UEFA-59340,59340,H. Beer-Sheva,fixture_graph_unique,,,VERIFIED,True
2023/24,112,Maccabi Haifa,Israel,ISR,AO-UEFA-59045,59045,Maccabi Haifa,exact_name_country,1.0,,VERIFIED,True
2023/24,113,Maccabi Tel-Aviv,Israel,ISR,AO-UEFA-57477,57477,M. Tel-Aviv,fixture_graph_unique,,,VERIFIED,True
2023/24,114,AC Milan,Italy,ITA,AO-UEFA-50058,50058,Milan,exact_name_country,1.0,,VERIFIED,True
2023/24,115,AS Roma,Italy,ITA,AO-UEFA-50137,50137,Roma,exact_name_country,1.0,,VERIFIED,True
2023/24,116,Atalanta,Italy,ITA,AO-UEFA-52816,52816,Atalanta,exact_name_country,1.0,,VERIFIED,True
2023/24,117,Fiorentina,Italy,ITA,AO-UEFA-52817,52817,Fiorentina,exact_name_country,1.0,,VERIFIED,True
2023/24,118,Internazionale,Italy,ITA,AO-UEFA-50138,50138,Inter,fixture_graph_unique,,,VERIFIED,True
2023/24,119,Lazio,Italy,ITA,AO-UEFA-52973,52973,Lazio,exact_name_country,1.0,,VERIFIED,True
2023/24,120,Napoli,Italy,ITA,AO-UEFA-50136,50136,Napoli,exact_name_country,1.0,,VERIFIED,True
2023/24,121,FK Aktobe,Kazakhstan,KAZ,AO-UEFA-79973,79973,Aktobe,fixture_graph_unique,,,VERIFIED,True
2023/24,122,FK Astana,Kazakhstan,KAZ,AO-UEFA-2600605,2600605,Astana,fixture_graph_unique,,,VERIFIED,True
2023/24,123,Ordabasy Shymkent,Kazakhstan,KAZ,AO-UEFA-82825,82825,Ordabasy,fixture_graph_unique,,,VERIFIED,True
2023/24,124,Tobol Kustanai,Kazakhstan,KAZ,AO-UEFA-79969,79969,Tobol,fixture_graph_unique,,,VERIFIED,True
2023/24,125,FC Ballkani,Kosovo,KOS,AO-UEFA-2609552,2609552,Ballkani,exact_name_country,1.0,,VERIFIED,True
2023/24,126,FC Drita,Kosovo,KOS,AO-UEFA-2608290,2608290,Drita,exact_name_country,1.0,,VERIFIED,True
2023/24,127,KF Dukagjini,Kosovo,KOS,AO-UEFA-2608311,2608311,Dukagjini,exact_name_country,1.0,,VERIFIED,True
2023/24,128,SC Gjilani,Kosovo,KOS,AO-UEFA-2608285,2608285,Gjilani,exact_name_country,1.0,,VERIFIED,True
2023/24,129,FK Auda,Latvia,LAT,AO-UEFA-79556,79556,Auda,exact_name_country,1.0,,VERIFIED,True
2023/24,130,RFS Riga,Latvia,LAT,AO-UEFA-2609104,2609104,RFS,fixture_graph_unique,,,VERIFIED,True
2023/24,131,Riga FC,Latvia,LAT,AO-UEFA-2607924,2607924,Riga,exact_name_country,1.0,,VERIFIED,True
2023/24,132,Valmieras FK,Latvia,LAT,AO-UEFA-2602920,2602920,Valmiera,fixture_graph_unique,,,VERIFIED,True
2023/24,133,FC Vaduz,Liechtenstein,LIE,AO-UEFA-57482,57482,Vaduz,exact_name_country,1.0,,VERIFIED,True
2023/24,134,FC Hegelmann,Lithuania,LIT,AO-UEFA-2607108,2607108,Hegelmann,exact_name_country,1.0,,VERIFIED,True
2023/24,135,FK Panevezys,Lithuania,LIT,AO-UEFA-2608927,2608927,Panevėžys,exact_name_country,1.0,,VERIFIED,True
2023/24,136,Kauno Zalgiris,Lithuania,LIT,AO-UEFA-2605907,2605907,Kauno Žalgiris,exact_name_country,1.0,,VERIFIED,True
2023/24,137,Zalgiris Vilnius,Lithuania,LIT,AO-UEFA-2602334,2602334,Žalgiris,fixture_graph_unique,,,VERIFIED,True
2023/24,138,Differdange 03,Luxembourg,LUX,AO-UEFA-52309,52309,Differdange,fixture_graph_unique,,,VERIFIED,True
2023/24,139,F91 Dudelange,Luxembourg,LUX,AO-UEFA-59028,59028,Diddeleng,fixture_graph_unique,,,VERIFIED,True
2023/24,140,Progrès Niederkorn,Luxembourg,LUX,AO-UEFA-52311,52311,Progrès,fixture_graph_unique,,,VERIFIED,True
2023/24,141,Swift Hesperange,Luxembourg,LUX,AO-UEFA-52977,52977,Swift Hesper,fixture_graph_unique,,,VERIFIED,True
2023/24,142,Balzan FC,Malta,MLT,AO-UEFA-84734,84734,Balzan,exact_name_country,1.0,,VERIFIED,True
2023/24,143,Birkirkara,Malta,MLT,AO-UEFA-62171,62171,Birkirkara,exact_name_country,1.0,,VERIFIED,True
2023/24,144,Gzira United,Malta,MLT,AO-UEFA-64201,64201,Gżira,fixture_graph_unique,,,VERIFIED,True
2023/24,145,Hamrun Spartans,Malta,MLT,AO-UEFA-50060,50060,Hamrun Spartans ,exact_name_country,1.0,,VERIFIED,True
2023/24,146,Milsami Orhei,Moldova,MOL,AO-UEFA-2600714,2600714,Milsami,fixture_graph_unique,,,VERIFIED,True
2023/24,147,Petrocub Hîncesti,Moldova,MOL,AO-UEFA-2607112,2607112,Petrocub,fixture_graph_unique,,,VERIFIED,True
2023/24,148,Sheriff Tiraspol,Moldova,MOL,AO-UEFA-69606,69606,Sheriff,fixture_graph_unique,,,VERIFIED,True
2023/24,149,Zimbru Chisinau,Moldova,MOL,AO-UEFA-59036,59036,Zimbru,fixture_graph_unique,,,VERIFIED,True
2023/24,150,Arsenal Tivat,Montenegro,MON,AO-UEFA-89560,89560,Arsenal Tivat,exact_name_country,1.0,,VERIFIED,True
2023/24,151,Buducnost Podgorica,Montenegro,MON,AO-UEFA-53078,53078,Budućnost,fixture_graph_unique,,,VERIFIED,True
2023/24,152,Sutjeska Niksic,Montenegro,MON,AO-UEFA-73936,73936,Sutjeska,fixture_graph_unique,,,VERIFIED,True
2023/24,153,AZ Alkmaar,Netherlands,NED,AO-UEFA-52327,52327,AZ Alkmaar,exact_name_country,1.0,,VERIFIED,True
2023/24,154,Ajax,Netherlands,NED,AO-UEFA-50143,50143,Ajax,exact_name_country,1.0,,VERIFIED,True
2023/24,155,FC Twente Enschede,Netherlands,NED,AO-UEFA-52818,52818,Twente,fixture_graph_unique,,,VERIFIED,True
2023/24,156,Feyenoord,Netherlands,NED,AO-UEFA-52749,52749,Feyenoord,exact_name_country,1.0,,VERIFIED,True
2023/24,157,PSV Eindhoven,Netherlands,NED,AO-UEFA-50062,50062,PSV,exact_name_country,1.0,,VERIFIED,True
2023/24,158,FC Struga,North Macedonia,MAC,AO-UEFA-2609278,2609278,Struga,exact_name_country,1.0,,VERIFIED,True
2023/24,159,FK Shkupi,North Macedonia,MAC,AO-UEFA-2606993,2606993,Shkupi,fixture_graph_unique,,,VERIFIED,True
2023/24,160,Makedonija GjP,North Macedonia,MAC,AO-UEFA-64395,64395,Makedonija,fixture_graph_unique,,,VERIFIED,True
2023/24,161,Shkendija Tetovo,North Macedonia,MAC,AO-UEFA-75807,75807,Shkëndija,fixture_graph_unique,,,VERIFIED,True
2023/24,162,Crusaders Belfast,Northern Ireland,NIR,AO-UEFA-52992,52992,Crusaders,fixture_graph_unique,,,VERIFIED,True
2023/24,163,Glentoran,Northern Ireland,NIR,AO-UEFA-50056,50056,Glentoran,exact_name_country,1.0,,VERIFIED,True
2023/24,164,Larne FC,Northern Ireland,NIR,AO-UEFA-85009,85009,Larne,exact_name_country,1.0,,VERIFIED,True
2023/24,165,Linfield Belfast,Northern Ireland,NIR,AO-UEFA-50134,50134,Linfield,fixture_graph_unique,,,VERIFIED,True
2023/24,166,Bodø/Glimt,Norway,NOR,AO-UEFA-59333,59333,Bodø/Glimt,exact_name_country,1.0,,VERIFIED,True
2023/24,167,Molde FK,Norway,NOR,AO-UEFA-50142,50142,Molde,exact_name_country,1.0,,VERIFIED,True
2023/24,168,Rosenborg BK,Norway,NOR,AO-UEFA-52806,52806,Rosenborg,exact_name_country,1.0,,VERIFIED,True
2023/24,169,SK Brann Bergen,Norway,NOR,AO-UEFA-52770,52770,Brann,fixture_graph_unique,,,VERIFIED,True
2023/24,170,Lech Poznan,Poland,POL,AO-UEFA-64227,64227,Lech Poznań,exact_name_country,1.0,,VERIFIED,True
2023/24,171,Legia Warsaw,Poland,POL,AO-UEFA-50146,50146,Legia Warszawa,fixture_graph_unique,,,VERIFIED,True
2023/24,172,Pogon Szczecin,Poland,POL,AO-UEFA-52652,52652,Pogoń,fixture_graph_unique,,,VERIFIED,True
2023/24,173,Raków Czestochowa,Poland,POL,AO-UEFA-60566,60566,Raków,exact_name_country,1.0,,VERIFIED,True
2023/24,174,Benfica,Portugal,POR,AO-UEFA-50147,50147,Benfica,exact_name_country,1.0,,VERIFIED,True
2023/24,175,FC Arouca,Portugal,POR,AO-UEFA-2602955,2602955,Arouca,exact_name_country,1.0,,VERIFIED,True
2023/24,176,FC Porto,Portugal,POR,AO-UEFA-50064,50064,Porto,exact_name_country,1.0,,VERIFIED,True
2023/24,177,Sporting Braga,Portugal,POR,AO-UEFA-52336,52336,Braga,fixture_graph_unique,,,VERIFIED,True
2023/24,178,Sporting CP Lisbon,Portugal,POR,AO-UEFA-50149,50149,Sporting CP,fixture_graph_unique,,,VERIFIED,True
2023/24,179,Vitória Guimarães,Portugal,POR,AO-UEFA-50097,50097,Vitória SC,fixture_graph_unique,,,VERIFIED,True
2023/24,180,CFR Cluj,Romania,ROM,AO-UEFA-88131,88131,CFR Cluj,exact_name_country,1.0,,VERIFIED,True
2023/24,181,FCSB,Romania,ROM,AO-UEFA-50065,50065,FCSB,exact_name_country,1.0,,VERIFIED,True
2023/24,182,Farul Constanta,Romania,ROM,AO-UEFA-2604753,2604753,Farul Constanța,exact_name_country,1.0,,VERIFIED,True
2023/24,183,Sepsi OSK,Romania,ROM,AO-UEFA-2608575,2608575,Sepsi,exact_name_country,1.0,,VERIFIED,True
2023/24,184,Cosmos,San Marino,SMA,AO-UEFA-64503,64503,Cosmos,exact_name_country,1.0,,VERIFIED,True
2023/24,185,La Fiorita,San Marino,SMA,AO-UEFA-64508,64508,La Fiorita,exact_name_country,1.0,,VERIFIED,True
2023/24,186,Tre Penne,San Marino,SMA,AO-UEFA-64515,64515,Tre Penne,exact_name_country,1.0,,VERIFIED,True
2023/24,187,Aberdeen,Scotland,SCO,AO-UEFA-50122,50122,Aberdeen,exact_name_country,1.0,,VERIFIED,True
2023/24,188,Celtic,Scotland,SCO,AO-UEFA-50050,50050,Celtic,exact_name_country,1.0,,VERIFIED,True
2023/24,189,Glasgow Rangers,Scotland,SCO,AO-UEFA-50121,50121,Rangers,fixture_graph_unique,,,VERIFIED,True
2023/24,190,Hearts FC,Scotland,SCO,AO-UEFA-50120,50120,Hearts,fixture_graph_unique,,,VERIFIED,True
2023/24,191,Hibernian,Scotland,SCO,AO-UEFA-52821,52821,Hibernian,exact_name_country,1.0,,VERIFIED,True
2023/24,192,Cukaricki Belgrade,Serbia,SRB,AO-UEFA-60570,60570,Čukarički,fixture_graph_unique,,,VERIFIED,True
2023/24,193,Partizan Belgrade,Serbia,SRB,AO-UEFA-50162,50162,Partizan,fixture_graph_unique,,,VERIFIED,True
2023/24,194,Red Star Belgrade,Serbia,SRB,AO-UEFA-50069,50069,Crvena Zvezda,fixture_graph_unique,,,VERIFIED,True
2023/24,195,TSC Backa Topola,Serbia,SRB,AO-UEFA-2610140,2610140,TSC,fixture_graph_unique,,,VERIFIED,True
2023/24,196,Vojvodina Novi Sad,Serbia,SRB,AO-UEFA-52810,52810,Vojvodina,fixture_graph_unique,,,VERIFIED,True
2023/24,197,DAC Dunajska Streda,Slovakia,SVK,AO-UEFA-50156,50156,DAC 1904,fixture_graph_unique,,,VERIFIED,True
2023/24,198,MSK Zilina,Slovakia,SVK,AO-UEFA-61601,61601,Žilina,exact_name_country,1.0,,VERIFIED,True
2023/24,199,Slovan Bratislava,Slovakia,SVK,AO-UEFA-52797,52797,S. Bratislava,exact_name_country,1.0,,VERIFIED,True
2023/24,200,Spartak Trnava,Slovakia,SVK,AO-UEFA-52904,52904,Spartak Trnava,exact_name_country,1.0,,VERIFIED,True
2023/24,201,NK Celje,Slovenia,SLO,AO-UEFA-59030,59030,Celje,exact_name_country,1.0,,VERIFIED,True
2023/24,202,NK Domzale,Slovenia,SLO,AO-UEFA-70690,70690,Domžale,exact_name_country,1.0,,VERIFIED,True
2023/24,203,NK Maribor,Slovenia,SLO,AO-UEFA-57490,57490,Maribor,exact_name_country,1.0,,VERIFIED,True
2023/24,204,Olimpija Ljubljana,Slovenia,SLO,AO-UEFA-53081,53081,Olimpija,exact_name_country,1.0,,VERIFIED,True
2023/24,205,Atlético Madrid,Spain,ESP,AO-UEFA-50124,50124,Atleti,fixture_graph_unique,,,VERIFIED,True
2023/24,206,FC Barcelona,Spain,ESP,AO-UEFA-50080,50080,Barcelona,exact_name_country,1.0,,VERIFIED,True
2023/24,207,Osasuna,Spain,ESP,AO-UEFA-53042,53042,Osasuna,exact_name_country,1.0,,VERIFIED,True
2023/24,208,Real Betis,Spain,ESP,AO-UEFA-52265,52265,Real Betis,exact_name_country,1.0,,VERIFIED,True
2023/24,209,Real Madrid,Spain,ESP,AO-UEFA-50051,50051,Real Madrid,exact_name_country,1.0,,VERIFIED,True
2023/24,210,Real Sociedad,Spain,ESP,AO-UEFA-50123,50123,Real Sociedad,exact_name_country,1.0,,VERIFIED,True
2023/24,211,Sevilla,Spain,ESP,AO-UEFA-52714,52714,Sevilla,exact_name_country,1.0,,VERIFIED,True
2023/24,212,Villarreal,Spain,ESP,AO-UEFA-70691,70691,Villarreal,exact_name_country,1.0,,VERIFIED,True
2023/24,213,BK Häcken,Sweden,SWE,AO-UEFA-69621,69621,Häcken,exact_name_country,1.0,,VERIFIED,True
2023/24,214,Djurgårdens IF,Sweden,SWE,AO-UEFA-52809,52809,Djurgården,fixture_graph_unique,,,VERIFIED,True
2023/24,215,Hammarby IF,Sweden,SWE,AO-UEFA-52343,52343,Hammarby,exact_name_country,1.0,,VERIFIED,True
2023/24,216,Kalmar FF,Sweden,SWE,AO-UEFA-54187,54187,Kalmar,exact_name_country,1.0,,VERIFIED,True
2023/24,217,FC Basel,Switzerland,SUI,AO-UEFA-59856,59856,Basel,fixture_graph_unique,,,VERIFIED,True
2023/24,218,FC Lugano,Switzerland,SUI,AO-UEFA-8538,8538,Lugano,exact_name_country,1.0,,VERIFIED,True
2023/24,219,FC Luzern,Switzerland,SUI,AO-UEFA-52808,52808,Luzern,exact_name_country,1.0,,VERIFIED,True
2023/24,220,Servette FC Genève,Switzerland,SUI,AO-UEFA-50008,50008,Servette,fixture_graph_unique,,,VERIFIED,True
2023/24,221,Young Boys,Switzerland,SUI,AO-UEFA-50031,50031,Young Boys,exact_name_country,1.0,,VERIFIED,True
2023/24,222,Adana Demirspor,Türkiye,TUR,AO-UEFA-2604478,2604478,Adana Demirspor,exact_name_country,1.0,,VERIFIED,True
2023/24,223,Besiktas,Türkiye,TUR,AO-UEFA-50157,50157,Beşiktaş,exact_name_country,1.0,,VERIFIED,True
2023/24,224,Fenerbahçe,Türkiye,TUR,AO-UEFA-52692,52692,Fenerbahçe,exact_name_country,1.0,,VERIFIED,True
2023/24,225,Galatasaray,Türkiye,TUR,AO-UEFA-50067,50067,Galatasaray,exact_name_country,1.0,,VERIFIED,True
2023/24,226,Dynamo Kyiv,Ukraine,UKR,AO-UEFA-52723,52723,Dynamo Kyiv,exact_name_country,1.0,,VERIFIED,True
2023/24,227,SC Dnipro-1,Ukraine,UKR,AO-UEFA-2609193,2609193,Dnipro-1,exact_name_country,1.0,,VERIFIED,True
2023/24,228,Shakhtar Donetsk,Ukraine,UKR,AO-UEFA-52707,52707,Shakhtar,exact_name_country,1.0,,VERIFIED,True
2023/24,229,Vorskla Poltava,Ukraine,UKR,AO-UEFA-62174,62174,Vorskla Poltava,exact_name_country,1.0,,VERIFIED,True
2023/24,230,Zorya Luhansk,Ukraine,UKR,AO-UEFA-65130,65130,Zorya Luhansk,exact_name_country,1.0,,VERIFIED,True
2023/24,231,Connah's Quay,Wales,WAL,AO-UEFA-64275,64275,Connah's Quay,exact_name_country,1.0,,VERIFIED,True
2023/24,232,Haverfordwest County,Wales,WAL,AO-UEFA-64283,64283,Haverfordwest,fixture_graph_unique,,,VERIFIED,True
2023/24,233,Penybont,Wales,WAL,AO-UEFA-2606314,2606314,Penybont,exact_name_country,1.0,,VERIFIED,True
2023/24,234,The New Saints,Wales,WAL,AO-UEFA-60457,60457,The New Saints,exact_name_country,1.0,,VERIFIED,True
2024/25,1,Egnatia Rrogozhinë,Albania,ALB,AO-UEFA-88148,88148,Egnatia,fixture_graph_unique,,,VERIFIED,True
2024/25,2,KF Tirana,Albania,ALB,AO-UEFA-50049,50049,Tirana,exact_name_country,1.0,,VERIFIED,True
2024/25,3,Partizani Tirana,Albania,ALB,AO-UEFA-52876,52876,Partizani,fixture_graph_unique,,,VERIFIED,True
2024/25,4,Vllaznia Shkodër,Albania,ALB,AO-UEFA-52878,52878,Vllaznia,fixture_graph_unique,,,VERIFIED,True
2024/25,5,Atlètic Club d'Escaldes,Andorra,AND,AO-UEFA-88371,88371,At. Escaldes,exact_name_country,1.0,,VERIFIED,True
2024/25,6,Inter Club d'Escaldes,Andorra,AND,AO-UEFA-63401,63401,Inter Escaldes,exact_name_country,1.0,,VERIFIED,True
2024/25,7,UE Santa Coloma,Andorra,AND,AO-UEFA-2600542,2600542,UE Santa Coloma,exact_name_country,1.0,,VERIFIED,True
2024/25,8,Ararat-Armenia,Armenia,ARM,AO-UEFA-2610304,2610304,Ararat-Armenia,exact_name_country,1.0,,VERIFIED,True
2024/25,9,FC Noah,Armenia,ARM,AO-UEFA-2609987,2609987,Noah,exact_name_country,1.0,,VERIFIED,True
2024/25,10,Pyunik Yerevan,Armenia,ARM,AO-UEFA-77431,77431,Pyunik,fixture_graph_unique,,,VERIFIED,True
2024/25,11,Urartu FC,Armenia,ARM,AO-UEFA-77866,77866,Urartu,fixture_graph_unique,,,VERIFIED,True
2024/25,12,Austria Wien,Austria,AUT,AO-UEFA-50110,50110,Austria Wien,exact_name_country,1.0,,VERIFIED,True
2024/25,13,FC Salzburg,Austria,AUT,AO-UEFA-50030,50030,Salzburg,exact_name_country,1.0,,VERIFIED,True
2024/25,14,LASK,Austria,AUT,AO-UEFA-63405,63405,LASK,exact_name_country,1.0,,VERIFIED,True
2024/25,15,Rapid Wien,Austria,AUT,AO-UEFA-50042,50042,SK Rapid,exact_name_country,1.0,,VERIFIED,True
2024/25,16,Sturm Graz,Austria,AUT,AO-UEFA-50111,50111,Sturm Graz,exact_name_country,1.0,,VERIFIED,True
2024/25,17,Qarabag FK,Azerbaijan,AZB,AO-UEFA-60609,60609,Qarabağ,exact_name_country,1.0,,VERIFIED,True
2024/25,18,Sabah FK,Azerbaijan,AZB,AO-UEFA-2609356,2609356,Sabah,fixture_graph_unique,,,VERIFIED,True
2024/25,19,Sumgayit FK,Azerbaijan,AZB,AO-UEFA-2603921,2603921,Sumqayıt,fixture_graph_unique,,,VERIFIED,True
2024/25,20,Zira FK,Azerbaijan,AZB,AO-UEFA-2607480,2607480,Zire,fixture_graph_unique,,,VERIFIED,True
2024/25,21,Dinamo Minsk,Belarus,BLS,AO-UEFA-50161,50161,Dinamo-Minsk,exact_name_country,1.0,,VERIFIED,True
2024/25,22,Isloch Minsk Raion,Belarus,BLS,AO-UEFA-2612812,2612812,Isloch,fixture_graph_unique,,,VERIFIED,True
2024/25,23,Neman Grodno,Belarus,BLS,AO-UEFA-59024,59024,Neman,fixture_graph_unique,,,VERIFIED,True
2024/25,24,Torpedo Zhodino,Belarus,BLS,AO-UEFA-79551,79551,Torpedo-Belaz,exact_name_country,1.0,,VERIFIED,True
2024/25,25,AA Gent,Belgium,BEL,AO-UEFA-4608,4608,Gent,fixture_graph_unique,,,VERIFIED,True
2024/25,26,Anderlecht,Belgium,BEL,AO-UEFA-50074,50074,Anderlecht,exact_name_country,1.0,,VERIFIED,True
2024/25,27,Cercle Brugge,Belgium,BEL,AO-UEFA-52884,52884,Cercle Brugge,exact_name_country,1.0,,VERIFIED,True
2024/25,28,Club Brugge,Belgium,BEL,AO-UEFA-50043,50043,Club Brugge,exact_name_country,1.0,,VERIFIED,True
2024/25,29,Union Saint-Gilloise,Belgium,BEL,AO-UEFA-64125,64125,Union SG,fixture_graph_unique,,,VERIFIED,True
2024/25,30,Borac Banja Luka,Bosnia-Herzegovina,BOS,AO-UEFA-50104,50104,Borac,fixture_graph_unique,,,VERIFIED,True
2024/25,31,FK Sarajevo,Bosnia-Herzegovina,BOS,AO-UEFA-64378,64378,Sarajevo,exact_name_country,1.0,,VERIFIED,True
2024/25,32,Velez Mostar,Bosnia-Herzegovina,BOS,AO-UEFA-50163,50163,Velež,fixture_graph_unique,,,VERIFIED,True
2024/25,33,Zrinjski Mostar,Bosnia-Herzegovina,BOS,AO-UEFA-73390,73390,Zrinjski,fixture_graph_unique,,,VERIFIED,True
2024/25,34,Botev Plovdiv,Bulgaria,BUL,AO-UEFA-57466,57466,Botev Plovdiv,exact_name_country,1.0,,VERIFIED,True
2024/25,35,CSKA 1948 Sofia,Bulgaria,BUL,AO-UEFA-2610262,2610262,CSKA 1948,fixture_graph_unique,,,VERIFIED,True
2024/25,36,Cherno More Varna,Bulgaria,BUL,AO-UEFA-75787,75787,Cherno More,fixture_graph_unique,,,VERIFIED,True
2024/25,37,Ludogorets Razgrad,Bulgaria,BUL,AO-UEFA-2603104,2603104,Ludogorets,fixture_graph_unique,,,VERIFIED,True
2024/25,38,Dinamo Zagreb,Croatia,CRO,AO-UEFA-50164,50164,GNK Dinamo,exact_name_country,1.0,,VERIFIED,True
2024/25,39,Hajduk Split,Croatia,CRO,AO-UEFA-52359,52359,Hajduk Split,exact_name_country,1.0,,VERIFIED,True
2024/25,40,NK Osijek,Croatia,CRO,AO-UEFA-53082,53082,Osijek,exact_name_country,1.0,,VERIFIED,True
2024/25,41,NK Rijeka,Croatia,CRO,AO-UEFA-52356,52356,Rijeka,fixture_graph_unique,,,VERIFIED,True
2024/25,42,AEK Larnaca,Cyprus,CYP,AO-UEFA-54191,54191,AEK Larnaca,exact_name_country,1.0,,VERIFIED,True
2024/25,43,APOEL Nicosia,Cyprus,CYP,AO-UEFA-50118,50118,APOEL,fixture_graph_unique,,,VERIFIED,True
2024/25,44,Omonia Nicosia,Cyprus,CYP,AO-UEFA-50077,50077,Omonia,fixture_graph_unique,,,VERIFIED,True
2024/25,45,Pafos FC,Cyprus,CYP,AO-UEFA-2609532,2609532,Pafos,exact_name_country,1.0,,VERIFIED,True
2024/25,46,Baník Ostrava,Czechia,CZE,AO-UEFA-51886,51886,Baník Ostrava,exact_name_country,1.0,,VERIFIED,True
2024/25,47,Mladá Boleslav,Czechia,CZE,AO-UEFA-88134,88134,Mladá Boleslav,exact_name_country,1.0,,VERIFIED,True
2024/25,48,Slavia Praha,Czechia,CZE,AO-UEFA-52498,52498,Slavia Praha,exact_name_country,1.0,,VERIFIED,True
2024/25,49,Sparta Praha,Czechia,CZE,AO-UEFA-50033,50033,Sparta Praha,exact_name_country,1.0,,VERIFIED,True
2024/25,50,Viktoria Plzen,Czechia,CZE,AO-UEFA-64388,64388,Viktoria Plzeň,exact_name_country,1.0,,VERIFIED,True
2024/25,51,Brøndby IF,Denmark,DEN,AO-UEFA-50021,50021,Brøndby,exact_name_country,1.0,,VERIFIED,True
2024/25,52,FC København,Denmark,DEN,AO-UEFA-52709,52709,Copenhagen,fixture_graph_unique,,,VERIFIED,True
2024/25,53,FC Midtjylland,Denmark,DEN,AO-UEFA-75795,75795,Midtjylland,exact_name_country,1.0,,VERIFIED,True
2024/25,54,Silkeborg IF,Denmark,DEN,AO-UEFA-52912,52912,Silkeborg,exact_name_country,1.0,,VERIFIED,True
2024/25,55,Arsenal,England,ENG,AO-UEFA-52280,52280,Arsenal,exact_name_country,1.0,,VERIFIED,True
2024/25,56,Aston Villa,England,ENG,AO-UEFA-52683,52683,Aston Villa,exact_name_country,1.0,,VERIFIED,True
2024/25,57,Chelsea,England,ENG,AO-UEFA-52914,52914,Chelsea,exact_name_country,1.0,,VERIFIED,True
2024/25,58,Liverpool,England,ENG,AO-UEFA-7889,7889,Liverpool,exact_name_country,1.0,,VERIFIED,True
2024/25,59,Manchester City,England,ENG,AO-UEFA-52919,52919,Man City,exact_name_country,1.0,,VERIFIED,True
2024/25,60,Manchester United,England,ENG,AO-UEFA-52682,52682,Man Utd,exact_name_country,1.0,,VERIFIED,True
2024/25,61,Tottenham Hotspur,England,ENG,AO-UEFA-1652,1652,Tottenham,exact_name_country,1.0,,VERIFIED,True
2024/25,62,Flora Tallinn,Estonia,EST,AO-UEFA-59341,59341,Flora Tallinn,exact_name_country,1.0,,VERIFIED,True
2024/25,63,Kalev Tallinn,Estonia,EST,AO-UEFA-2600097,2600097,Kalev,fixture_graph_unique,,,VERIFIED,True
2024/25,64,Levadia Tallinn,Estonia,EST,AO-UEFA-77482,77482,Levadia Tallinn,exact_name_country,1.0,,VERIFIED,True
2024/25,65,Paide Linnameeskond,Estonia,EST,AO-UEFA-2600598,2600598,Paide,exact_name_country,1.0,,VERIFIED,True
2024/25,66,B36 Torshavn,Faroe Islands,FAR,AO-UEFA-57476,57476,B36 Tórshavn,exact_name_country,1.0,,VERIFIED,True
2024/25,67,HB Torshavn,Faroe Islands,FAR,AO-UEFA-59025,59025,H. Bóltfelag,fixture_graph_unique,,,VERIFIED,True
2024/25,68,KI Klaksvik,Faroe Islands,FAR,AO-UEFA-57475,57475,Klaksvík,exact_name_country,1.0,,VERIFIED,True
2024/25,69,Víkingur,Faroe Islands,FAR,AO-UEFA-59325,59325,Víkingur,exact_name_country,1.0,,VERIFIED,True
2024/25,70,HJK Helsinki,Finland,FIN,AO-UEFA-50052,50052,HJK,exact_name_country,1.0,,VERIFIED,True
2024/25,71,Ilves Tampere,Finland,FIN,AO-UEFA-2602511,2602511,Ilves,exact_name_country,1.0,,VERIFIED,True
2024/25,72,KuPS Kuopio,Finland,FIN,AO-UEFA-52350,52350,KuPS Kuopio,exact_name_country,1.0,,VERIFIED,True
2024/25,73,VPS Vaasa,Finland,FIN,AO-UEFA-64390,64390,VPS,exact_name_country,1.0,,VERIFIED,True
2024/25,74,AS Monaco,France,FRA,AO-UEFA-50023,50023,Monaco,exact_name_country,1.0,,VERIFIED,True
2024/25,75,Lille OSC,France,FRA,AO-UEFA-75797,75797,Lille,fixture_graph_unique,,,VERIFIED,True
2024/25,76,OGC Nice,France,FRA,AO-UEFA-52355,52355,Nice,exact_name_country,1.0,,VERIFIED,True
2024/25,77,Olympique Lyon,France,FRA,AO-UEFA-5312,5312,Lyon,fixture_graph_unique,,,VERIFIED,True
2024/25,78,Paris Saint-Germain,France,FRA,AO-UEFA-52747,52747,Paris,exact_name_country,1.0,,VERIFIED,True
2024/25,79,RC Lens,France,FRA,AO-UEFA-52277,52277,Lens,exact_name_country,1.0,,VERIFIED,True
2024/25,80,Stade Brestois,France,FRA,AO-UEFA-2601306,2601306,Brest,fixture_graph_unique,,,VERIFIED,True
2024/25,81,Dinamo Batumi,Georgia,GEO,AO-UEFA-59885,59885,Dinamo Batumi,exact_name_country,1.0,,VERIFIED,True
2024/25,82,Dinamo Tbilisi,Georgia,GEO,AO-UEFA-52705,52705,Dinamo Tbilisi,exact_name_country,1.0,,VERIFIED,True
2024/25,83,Saburtalo Tbilisi,Georgia,GEO,AO-UEFA-2605905,2605905,Iberia Tbilisi,fixture_graph_unique,,,VERIFIED,True
2024/25,84,Torpedo Kutaisi,Georgia,GEO,AO-UEFA-64471,64471,Torpedo Kutaisi,exact_name_country,1.0,,VERIFIED,True
2024/25,85,1.FC Heidenheim,Germany,GER,AO-UEFA-2603791,2603791,Heidenheim,fixture_graph_unique,,,VERIFIED,True
2024/25,86,1899 Hoffenheim,Germany,GER,AO-UEFA-2600431,2600431,Hoffenheim,fixture_graph_unique,,,VERIFIED,True
2024/25,87,Bayer Leverkusen,Germany,GER,AO-UEFA-50109,50109,Leverkusen,fixture_graph_unique,,,VERIFIED,True
2024/25,88,Bayern München,Germany,GER,AO-UEFA-50037,50037,Bayern München,exact_name_country,1.0,,VERIFIED,True
2024/25,89,Borussia Dortmund,Germany,GER,AO-UEFA-52758,52758,B. Dortmund,exact_name_country,1.0,,VERIFIED,True
2024/25,90,Eintracht Frankfurt,Germany,GER,AO-UEFA-50072,50072,Frankfurt,exact_name_country,1.0,,VERIFIED,True
2024/25,91,RB Leipzig,Germany,GER,AO-UEFA-2603790,2603790,Leipzig,exact_name_country,1.0,,VERIFIED,True
2024/25,92,VfB Stuttgart,Germany,GER,AO-UEFA-50107,50107,Stuttgart,exact_name_country,1.0,,VERIFIED,True
2024/25,93,FCB Magpies,Gibraltar,GIB,AO-UEFA-2606279,2606279,Magpies,exact_name_country,1.0,,VERIFIED,True
2024/25,94,Lincoln Red Imps,Gibraltar,GIB,AO-UEFA-2605572,2605572,L. Red Imps,exact_name_country,1.0,,VERIFIED,True
2024/25,95,St Joseph's FC,Gibraltar,GIB,AO-UEFA-2605575,2605575,St Joseph's,exact_name_country,1.0,,VERIFIED,True
2024/25,96,AEK Athens,Greece,GRE,AO-UEFA-50129,50129,AEK Athens,exact_name_country,1.0,,VERIFIED,True
2024/25,97,Olympiakos Piraeus,Greece,GRE,AO-UEFA-2610,2610,Olympiacos,fixture_graph_unique,,,VERIFIED,True
2024/25,98,PAOK Thessaloniki,Greece,GRE,AO-UEFA-50130,50130,PAOK,fixture_graph_unique,,,VERIFIED,True
2024/25,99,Panathinaikos,Greece,GRE,AO-UEFA-50084,50084,Panathinaikos,exact_name_country,1.0,,VERIFIED,True
2024/25,100,FC Fehérvár,Hungary,HUN,AO-UEFA-52288,52288,Fehérvár,fixture_graph_unique,,,VERIFIED,True
2024/25,101,Ferencváros,Hungary,HUN,AO-UEFA-52298,52298,Ferencváros,exact_name_country,1.0,,VERIFIED,True
2024/25,102,Paksi FC,Hungary,HUN,AO-UEFA-93452,93452,Paksi,exact_name_country,1.0,,VERIFIED,True
2024/25,103,Puskás Akadémia,Hungary,HUN,AO-UEFA-2605472,2605472,Puskás Akadémia,exact_name_country,1.0,,VERIFIED,True
2024/25,104,Breidablik,Iceland,ISL,AO-UEFA-71235,71235,Breiðablik,exact_name_country,1.0,,VERIFIED,True
2024/25,105,Stjarnan FC,Iceland,ISL,AO-UEFA-52308,52308,Stjarnan,fixture_graph_unique,,,VERIFIED,True
2024/25,106,Valur Reykjavik,Iceland,ISL,AO-UEFA-50057,50057,Valur,fixture_graph_unique,,,VERIFIED,True
2024/25,107,Vikingur Reykjavik,Iceland,ISL,AO-UEFA-52697,52697,Víkingur R.,exact_name_country,1.0,,VERIFIED,True
2024/25,108,Derry City,Ireland,IRL,AO-UEFA-50086,50086,Derry,fixture_graph_unique,,,VERIFIED,True
2024/25,109,Shamrock Rovers,Ireland,IRL,AO-UEFA-52381,52381,Shamrock Rovers,exact_name_country,1.0,,VERIFIED,True
2024/25,110,Shelbourne,Ireland,IRL,AO-UEFA-53020,53020,Shelbourne,exact_name_country,1.0,,VERIFIED,True
2024/25,111,St. Patrick's Athletic,Ireland,IRL,AO-UEFA-50133,50133,St. Patrick's,exact_name_country,1.0,,VERIFIED,True
2024/25,112,Hapoel Beer-Sheva,Israel,ISR,AO-UEFA-59340,59340,H. Beer-Sheva,fixture_graph_unique,,,VERIFIED,True
2024/25,113,Maccabi Haifa,Israel,ISR,AO-UEFA-59045,59045,Maccabi Haifa,exact_name_country,1.0,,VERIFIED,True
2024/25,114,Maccabi Petah-Tikva,Israel,ISR,AO-UEFA-61576,61576,M. Petah Tikva,fixture_graph_unique,,,VERIFIED,True
2024/25,115,Maccabi Tel-Aviv,Israel,ISR,AO-UEFA-57477,57477,M. Tel-Aviv,fixture_graph_unique,,,VERIFIED,True
2024/25,116,AC Milan,Italy,ITA,AO-UEFA-50058,50058,Milan,exact_name_country,1.0,,VERIFIED,True
2024/25,117,AS Roma,Italy,ITA,AO-UEFA-50137,50137,Roma,exact_name_country,1.0,,VERIFIED,True
2024/25,118,Atalanta,Italy,ITA,AO-UEFA-52816,52816,Atalanta,exact_name_country,1.0,,VERIFIED,True
2024/25,119,Bologna,Italy,ITA,AO-UEFA-52969,52969,Bologna,exact_name_country,1.0,,VERIFIED,True
2024/25,120,Fiorentina,Italy,ITA,AO-UEFA-52817,52817,Fiorentina,exact_name_country,1.0,,VERIFIED,True
2024/25,121,Internazionale,Italy,ITA,AO-UEFA-50138,50138,Inter,fixture_graph_unique,,,VERIFIED,True
2024/25,122,Juventus,Italy,ITA,AO-UEFA-50139,50139,Juventus,exact_name_country,1.0,,VERIFIED,True
2024/25,123,Lazio,Italy,ITA,AO-UEFA-52973,52973,Lazio,exact_name_country,1.0,,VERIFIED,True
2024/25,124,FK Aktobe,Kazakhstan,KAZ,AO-UEFA-79973,79973,Aktobe,fixture_graph_unique,,,VERIFIED,True
2024/25,125,FK Astana,Kazakhstan,KAZ,AO-UEFA-2600605,2600605,Astana,fixture_graph_unique,,,VERIFIED,True
2024/25,126,Ordabasy Shymkent,Kazakhstan,KAZ,AO-UEFA-82825,82825,Ordabasy,fixture_graph_unique,,,VERIFIED,True
2024/25,127,Tobol Kustanai,Kazakhstan,KAZ,AO-UEFA-79969,79969,Tobol,fixture_graph_unique,,,VERIFIED,True
2024/25,128,FC Ballkani,Kosovo,KOS,AO-UEFA-2609552,2609552,Ballkani,exact_name_country,1.0,,VERIFIED,True
2024/25,129,FC Drita,Kosovo,KOS,AO-UEFA-2608290,2608290,Drita,exact_name_country,1.0,,VERIFIED,True
2024/25,130,KF Llapi,Kosovo,KOS,AO-UEFA-2608286,2608286,Llapi,exact_name_country,1.0,,VERIFIED,True
2024/25,131,KF Malisheva,Kosovo,KOS,AO-UEFA-2611789,2611789,Malisheva,fixture_graph_unique,,,VERIFIED,True
2024/25,132,FK Auda,Latvia,LAT,AO-UEFA-79556,79556,Auda,exact_name_country,1.0,,VERIFIED,True
2024/25,133,FK Liepaja,Latvia,LAT,AO-UEFA-2606320,2606320,Liepāja,exact_name_country,1.0,,VERIFIED,True
2024/25,134,RFS Riga,Latvia,LAT,AO-UEFA-2609104,2609104,RFS,fixture_graph_unique,,,VERIFIED,True
2024/25,135,Riga FC,Latvia,LAT,AO-UEFA-2607924,2607924,Riga,exact_name_country,1.0,,VERIFIED,True
2024/25,136,FC Vaduz,Liechtenstein,LIE,AO-UEFA-57482,57482,Vaduz,exact_name_country,1.0,,VERIFIED,True
2024/25,137,FA Siauliai,Lithuania,LIT,AO-UEFA-77906,77906,Šiauliai,exact_name_country,1.0,,VERIFIED,True
2024/25,138,FK Panevezys,Lithuania,LIT,AO-UEFA-2608927,2608927,Panevėžys,exact_name_country,1.0,,VERIFIED,True
2024/25,139,Transinvest Vilnius,Lithuania,LIT,AO-UEFA-2613214,2613214,TransINVEST,fixture_graph_unique,,,VERIFIED,True
2024/25,140,Zalgiris Vilnius,Lithuania,LIT,AO-UEFA-2602334,2602334,Žalgiris,fixture_graph_unique,,,VERIFIED,True
2024/25,141,Differdange 03,Luxembourg,LUX,AO-UEFA-52309,52309,Differdange,fixture_graph_unique,,,VERIFIED,True
2024/25,142,F91 Dudelange,Luxembourg,LUX,AO-UEFA-59028,59028,Diddeleng,fixture_graph_unique,,,VERIFIED,True
2024/25,143,Progrès Niederkorn,Luxembourg,LUX,AO-UEFA-52311,52311,Progrès,fixture_graph_unique,,,VERIFIED,True
2024/25,144,UNA Strassen,Luxembourg,LUX,AO-UEFA-2603092,2603092,UNA Strassen,exact_name_country,1.0,,VERIFIED,True
2024/25,145,Floriana,Malta,MLT,AO-UEFA-50092,50092,Floriana,exact_name_country,1.0,,VERIFIED,True
2024/25,146,Hamrun Spartans,Malta,MLT,AO-UEFA-50060,50060,Hamrun Spartans ,exact_name_country,1.0,,VERIFIED,True
2024/25,147,Marsaxlokk,Malta,MLT,AO-UEFA-79948,79948,Marsaxlokk,exact_name_country,1.0,,VERIFIED,True
2024/25,148,Sliema Wanderers,Malta,MLT,AO-UEFA-50141,50141,Sliema,fixture_graph_unique,,,VERIFIED,True
2024/25,149,Milsami Orhei,Moldova,MOL,AO-UEFA-2600714,2600714,Milsami,fixture_graph_unique,,,VERIFIED,True
2024/25,150,Petrocub Hîncesti,Moldova,MOL,AO-UEFA-2607112,2607112,Petrocub,fixture_graph_unique,,,VERIFIED,True
2024/25,151,Sheriff Tiraspol,Moldova,MOL,AO-UEFA-69606,69606,Sheriff,fixture_graph_unique,,,VERIFIED,True
2024/25,152,Zimbru Chisinau,Moldova,MOL,AO-UEFA-59036,59036,Zimbru,fixture_graph_unique,,,VERIFIED,True
2024/25,153,Buducnost Podgorica,Montenegro,MON,AO-UEFA-53078,53078,Budućnost,fixture_graph_unique,,,VERIFIED,True
2024/25,154,Decic Tuzi,Montenegro,MON,AO-UEFA-2600105,2600105,Dečić,fixture_graph_unique,,,VERIFIED,True
2024/25,155,Mornar Bar,Montenegro,MON,AO-UEFA-89562,89562,Mornar,fixture_graph_unique,,,VERIFIED,True
2024/25,156,AZ Alkmaar,Netherlands,NED,AO-UEFA-52327,52327,AZ Alkmaar,exact_name_country,1.0,,VERIFIED,True
2024/25,157,Ajax,Netherlands,NED,AO-UEFA-50143,50143,Ajax,exact_name_country,1.0,,VERIFIED,True
2024/25,158,FC Twente Enschede,Netherlands,NED,AO-UEFA-52818,52818,Twente,fixture_graph_unique,,,VERIFIED,True
2024/25,159,Feyenoord,Netherlands,NED,AO-UEFA-52749,52749,Feyenoord,exact_name_country,1.0,,VERIFIED,True
2024/25,160,Go Ahead Eagles,Netherlands,NED,AO-UEFA-64207,64207,Go Ahead Eagles,exact_name_country,1.0,,VERIFIED,True
2024/25,161,PSV Eindhoven,Netherlands,NED,AO-UEFA-50062,50062,PSV,exact_name_country,1.0,,VERIFIED,True
2024/25,162,FC Struga,North Macedonia,MAC,AO-UEFA-2609278,2609278,Struga,exact_name_country,1.0,,VERIFIED,True
2024/25,163,Shkendija Tetovo,North Macedonia,MAC,AO-UEFA-75807,75807,Shkëndija,fixture_graph_unique,,,VERIFIED,True
2024/25,164,Tikves Kavadarci,North Macedonia,MAC,AO-UEFA-64397,64397,Tikves,fixture_graph_unique,,,VERIFIED,True
2024/25,165,Cliftonville,Northern Ireland,NIR,AO-UEFA-52991,52991,Cliftonville,exact_name_country,1.0,,VERIFIED,True
2024/25,166,Crusaders Belfast,Northern Ireland,NIR,AO-UEFA-52992,52992,Crusaders,fixture_graph_unique,,,VERIFIED,True
2024/25,167,Larne FC,Northern Ireland,NIR,AO-UEFA-85009,85009,Larne,exact_name_country,1.0,,VERIFIED,True
2024/25,168,Linfield Belfast,Northern Ireland,NIR,AO-UEFA-50134,50134,Linfield,fixture_graph_unique,,,VERIFIED,True
2024/25,169,Bodø/Glimt,Norway,NOR,AO-UEFA-59333,59333,Bodø/Glimt,exact_name_country,1.0,,VERIFIED,True
2024/25,170,Molde FK,Norway,NOR,AO-UEFA-50142,50142,Molde,exact_name_country,1.0,,VERIFIED,True
2024/25,171,SK Brann Bergen,Norway,NOR,AO-UEFA-52770,52770,Brann,fixture_graph_unique,,,VERIFIED,True
2024/25,172,Tromsø IL,Norway,NOR,AO-UEFA-53001,53001,Tromsø,exact_name_country,1.0,,VERIFIED,True
2024/25,173,Jagiellonia Bialystok,Poland,POL,AO-UEFA-2600277,2600277,Jagiellonia,fixture_graph_unique,,,VERIFIED,True
2024/25,174,Legia Warsaw,Poland,POL,AO-UEFA-50146,50146,Legia Warszawa,fixture_graph_unique,,,VERIFIED,True
2024/25,175,Slask Wroclaw,Poland,POL,AO-UEFA-52655,52655,Śląsk,fixture_graph_unique,,,VERIFIED,True
2024/25,176,Wisla Kraków,Poland,POL,AO-UEFA-52651,52651,Wisła Kraków,exact_name_country,1.0,,VERIFIED,True
2024/25,177,Benfica,Portugal,POR,AO-UEFA-50147,50147,Benfica,exact_name_country,1.0,,VERIFIED,True
2024/25,178,FC Porto,Portugal,POR,AO-UEFA-50064,50064,Porto,exact_name_country,1.0,,VERIFIED,True
2024/25,179,Sporting Braga,Portugal,POR,AO-UEFA-52336,52336,Braga,fixture_graph_unique,,,VERIFIED,True
2024/25,180,Sporting CP Lisbon,Portugal,POR,AO-UEFA-50149,50149,Sporting CP,fixture_graph_unique,,,VERIFIED,True
2024/25,181,Vitória Guimarães,Portugal,POR,AO-UEFA-50097,50097,Vitória SC,fixture_graph_unique,,,VERIFIED,True
2024/25,182,CFR Cluj,Romania,ROM,AO-UEFA-88131,88131,CFR Cluj,exact_name_country,1.0,,VERIFIED,True
2024/25,183,Corvinul Hunedoara,Romania,ROM,AO-UEFA-52339,52339,Corvinul,fixture_graph_unique,,,VERIFIED,True
2024/25,184,FCSB,Romania,ROM,AO-UEFA-50065,50065,FCSB,exact_name_country,1.0,,VERIFIED,True
2024/25,185,Universitatea Craiova,Romania,ROM,AO-UEFA-2606501,2606501,U. Craiova,exact_name_country,1.0,,VERIFIED,True
2024/25,186,AC Virtus,San Marino,SMA,AO-UEFA-64516,64516,Virtus,fixture_graph_unique,,,VERIFIED,True
2024/25,187,La Fiorita,San Marino,SMA,AO-UEFA-64508,64508,La Fiorita,exact_name_country,1.0,,VERIFIED,True
2024/25,188,Tre Penne,San Marino,SMA,AO-UEFA-64515,64515,Tre Penne,exact_name_country,1.0,,VERIFIED,True
2024/25,189,Celtic,Scotland,SCO,AO-UEFA-50050,50050,Celtic,exact_name_country,1.0,,VERIFIED,True
2024/25,190,Glasgow Rangers,Scotland,SCO,AO-UEFA-50121,50121,Rangers,fixture_graph_unique,,,VERIFIED,True
2024/25,191,Hearts FC,Scotland,SCO,AO-UEFA-50120,50120,Hearts,fixture_graph_unique,,,VERIFIED,True
2024/25,192,Kilmarnock,Scotland,SCO,AO-UEFA-62178,62178,Kilmarnock,exact_name_country,1.0,,VERIFIED,True
2024/25,193,St. Mirren,Scotland,SCO,AO-UEFA-52552,52552,St. Mirren,exact_name_country,1.0,,VERIFIED,True
2024/25,194,Partizan Belgrade,Serbia,SRB,AO-UEFA-50162,50162,Partizan,fixture_graph_unique,,,VERIFIED,True
2024/25,195,Radnicki 1923,Serbia,SRB,AO-UEFA-64289,64289,Radnički 1923,exact_name_country,1.0,,VERIFIED,True
2024/25,196,Red Star Belgrade,Serbia,SRB,AO-UEFA-50069,50069,Crvena Zvezda,fixture_graph_unique,,,VERIFIED,True
2024/25,197,TSC Backa Topola,Serbia,SRB,AO-UEFA-2610140,2610140,TSC,fixture_graph_unique,,,VERIFIED,True
2024/25,198,Vojvodina Novi Sad,Serbia,SRB,AO-UEFA-52810,52810,Vojvodina,fixture_graph_unique,,,VERIFIED,True
2024/25,199,DAC Dunajska Streda,Slovakia,SVK,AO-UEFA-50156,50156,DAC 1904,fixture_graph_unique,,,VERIFIED,True
2024/25,200,MFK Ruzomberok,Slovakia,SVK,AO-UEFA-64319,64319,Ružomberok,exact_name_country,1.0,,VERIFIED,True
2024/25,201,Slovan Bratislava,Slovakia,SVK,AO-UEFA-52797,52797,S. Bratislava,exact_name_country,1.0,,VERIFIED,True
2024/25,202,Spartak Trnava,Slovakia,SVK,AO-UEFA-52904,52904,Spartak Trnava,exact_name_country,1.0,,VERIFIED,True
2024/25,203,NK Bravo,Slovenia,SLO,AO-UEFA-2607248,2607248,Bravo,exact_name_country,1.0,,VERIFIED,True
2024/25,204,NK Celje,Slovenia,SLO,AO-UEFA-59030,59030,Celje,exact_name_country,1.0,,VERIFIED,True
2024/25,205,NK Maribor,Slovenia,SLO,AO-UEFA-57490,57490,Maribor,exact_name_country,1.0,,VERIFIED,True
2024/25,206,Olimpija Ljubljana,Slovenia,SLO,AO-UEFA-53081,53081,Olimpija,exact_name_country,1.0,,VERIFIED,True
2024/25,207,Athletic Bilbao,Spain,ESP,AO-UEFA-50125,50125,Athletic Club,fixture_graph_unique,,,VERIFIED,True
2024/25,208,Atlético Madrid,Spain,ESP,AO-UEFA-50124,50124,Atleti,fixture_graph_unique,,,VERIFIED,True
2024/25,209,FC Barcelona,Spain,ESP,AO-UEFA-50080,50080,Barcelona,exact_name_country,1.0,,VERIFIED,True
2024/25,210,Girona FC,Spain,ESP,AO-UEFA-2602798,2602798,Girona,exact_name_country,1.0,,VERIFIED,True
2024/25,211,Real Betis,Spain,ESP,AO-UEFA-52265,52265,Real Betis,exact_name_country,1.0,,VERIFIED,True
2024/25,212,Real Madrid,Spain,ESP,AO-UEFA-50051,50051,Real Madrid,exact_name_country,1.0,,VERIFIED,True
2024/25,213,Real Sociedad,Spain,ESP,AO-UEFA-50123,50123,Real Sociedad,exact_name_country,1.0,,VERIFIED,True
2024/25,214,BK Häcken,Sweden,SWE,AO-UEFA-69621,69621,Häcken,exact_name_country,1.0,,VERIFIED,True
2024/25,215,Djurgårdens IF,Sweden,SWE,AO-UEFA-52809,52809,Djurgården,fixture_graph_unique,,,VERIFIED,True
2024/25,216,IF Elfsborg,Sweden,SWE,AO-UEFA-52344,52344,Elfsborg,exact_name_country,1.0,,VERIFIED,True
2024/25,217,Malmö FF,Sweden,SWE,AO-UEFA-50152,50152,Malmö,exact_name_country,1.0,,VERIFIED,True
2024/25,218,FC Lugano,Switzerland,SUI,AO-UEFA-8538,8538,Lugano,exact_name_country,1.0,,VERIFIED,True
2024/25,219,FC Sankt Gallen,Switzerland,SUI,AO-UEFA-51151,51151,St. Gallen,fixture_graph_unique,,,VERIFIED,True
2024/25,220,FC Zürich,Switzerland,SUI,AO-UEFA-51150,51150,Zürich,exact_name_country,1.0,,VERIFIED,True
2024/25,221,Servette FC Genève,Switzerland,SUI,AO-UEFA-50008,50008,Servette,fixture_graph_unique,,,VERIFIED,True
2024/25,222,Young Boys,Switzerland,SUI,AO-UEFA-50031,50031,Young Boys,exact_name_country,1.0,,VERIFIED,True
2024/25,223,Besiktas,Türkiye,TUR,AO-UEFA-50157,50157,Beşiktaş,exact_name_country,1.0,,VERIFIED,True
2024/25,224,Fenerbahçe,Türkiye,TUR,AO-UEFA-52692,52692,Fenerbahçe,exact_name_country,1.0,,VERIFIED,True
2024/25,225,Galatasaray,Türkiye,TUR,AO-UEFA-50067,50067,Galatasaray,exact_name_country,1.0,,VERIFIED,True
2024/25,226,Istanbul Basaksehir,Türkiye,TUR,AO-UEFA-2600288,2600288,Başakşehir,exact_name_country,1.0,,VERIFIED,True
2024/25,227,Trabzonspor,Türkiye,TUR,AO-UEFA-52731,52731,Trabzonspor,exact_name_country,1.0,,VERIFIED,True
2024/25,228,Dynamo Kyiv,Ukraine,UKR,AO-UEFA-52723,52723,Dynamo Kyiv,exact_name_country,1.0,,VERIFIED,True
2024/25,229,Kryvbas Kryviy Rih,Ukraine,UKR,AO-UEFA-64527,64527,Kryvbas,fixture_graph_unique,,,VERIFIED,True
2024/25,230,Polissya Zhytomyr,Ukraine,UKR,AO-UEFA-2613172,2613172,Polissya,fixture_graph_unique,,,VERIFIED,True
2024/25,231,SC Dnipro-1,Ukraine,UKR,AO-UEFA-2609193,2609193,Dnipro-1,exact_name_country,1.0,,VERIFIED,True
2024/25,232,Shakhtar Donetsk,Ukraine,UKR,AO-UEFA-52707,52707,Shakhtar,exact_name_country,1.0,,VERIFIED,True
2024/25,233,Bala Town,Wales,WAL,AO-UEFA-2600717,2600717,Bala,fixture_graph_unique,,,VERIFIED,True
2024/25,234,Caernarfon Town,Wales,WAL,AO-UEFA-53071,53071,Caernarfon,fixture_graph_unique,,,VERIFIED,True
2024/25,235,Connah's Quay,Wales,WAL,AO-UEFA-64275,64275,Connah's Quay,exact_name_country,1.0,,VERIFIED,True
2024/25,236,The New Saints,Wales,WAL,AO-UEFA-60457,60457,The New Saints,exact_name_country,1.0,,VERIFIED,True
2025/26,1,Dinamo Tirana,Albania,ALB,AO-UEFA-52792,52792,Dinamo City,exact_name_country,1.0,,VERIFIED,True
2025/26,2,Egnatia Rrogozhinë,Albania,ALB,AO-UEFA-88148,88148,Egnatia,fixture_graph_unique,,,VERIFIED,True
2025/26,3,Partizani Tirana,Albania,ALB,AO-UEFA-52876,52876,Partizani,fixture_graph_unique,,,VERIFIED,True
2025/26,4,Vllaznia Shkodër,Albania,ALB,AO-UEFA-52878,52878,Vllaznia,fixture_graph_unique,,,VERIFIED,True
2025/26,5,Atlètic Club d'Escaldes,Andorra,AND,AO-UEFA-88371,88371,At. Escaldes,exact_name_country,1.0,,VERIFIED,True
2025/26,6,FC Santa Coloma,Andorra,AND,AO-UEFA-62180,62180,FC Santa Coloma,exact_name_country,1.0,,VERIFIED,True
2025/26,7,Inter Club d'Escaldes,Andorra,AND,AO-UEFA-63401,63401,Inter Escaldes,exact_name_country,1.0,,VERIFIED,True
2025/26,8,Ararat-Armenia,Armenia,ARM,AO-UEFA-2610304,2610304,Ararat-Armenia,exact_name_country,1.0,,VERIFIED,True
2025/26,9,FC Noah,Armenia,ARM,AO-UEFA-2609987,2609987,Noah,exact_name_country,1.0,,VERIFIED,True
2025/26,10,Pyunik Yerevan,Armenia,ARM,AO-UEFA-77431,77431,Pyunik,fixture_graph_unique,,,VERIFIED,True
2025/26,11,Urartu FC,Armenia,ARM,AO-UEFA-77866,77866,Urartu,fixture_graph_unique,,,VERIFIED,True
2025/26,12,Austria Wien,Austria,AUT,AO-UEFA-50110,50110,Austria Wien,exact_name_country,1.0,,VERIFIED,True
2025/26,13,FC Salzburg,Austria,AUT,AO-UEFA-50030,50030,Salzburg,exact_name_country,1.0,,VERIFIED,True
2025/26,14,Rapid Wien,Austria,AUT,AO-UEFA-50042,50042,SK Rapid,exact_name_country,1.0,,VERIFIED,True
2025/26,15,Sturm Graz,Austria,AUT,AO-UEFA-50111,50111,Sturm Graz,exact_name_country,1.0,,VERIFIED,True
2025/26,16,Wolfsberger AC,Austria,AUT,AO-UEFA-2603990,2603990,Wolfsberger,exact_name_country,1.0,,VERIFIED,True
2025/26,17,Araz Nakhchivan,Azerbaijan,AZB,AO-UEFA-2606484,2606484,Araz-Naxçıvan,fixture_graph_unique,,,VERIFIED,True
2025/26,18,Qarabag FK,Azerbaijan,AZB,AO-UEFA-60609,60609,Qarabağ,exact_name_country,1.0,,VERIFIED,True
2025/26,19,Sabah FK,Azerbaijan,AZB,AO-UEFA-2609356,2609356,Sabah,fixture_graph_unique,,,VERIFIED,True
2025/26,20,Zira FK,Azerbaijan,AZB,AO-UEFA-2607480,2607480,Zire,fixture_graph_unique,,,VERIFIED,True
2025/26,21,Dinamo Minsk,Belarus,BLS,AO-UEFA-50161,50161,Dinamo-Minsk,exact_name_country,1.0,,VERIFIED,True
2025/26,22,Dynamo Brest,Belarus,BLS,AO-UEFA-64374,64374,Dynamo Brest,exact_name_country,1.0,,VERIFIED,True
2025/26,23,Neman Grodno,Belarus,BLS,AO-UEFA-59024,59024,Neman,fixture_graph_unique,,,VERIFIED,True
2025/26,24,Torpedo Zhodino,Belarus,BLS,AO-UEFA-79551,79551,Torpedo-Belaz,exact_name_country,1.0,,VERIFIED,True
2025/26,25,Anderlecht,Belgium,BEL,AO-UEFA-50074,50074,Anderlecht,exact_name_country,1.0,,VERIFIED,True
2025/26,26,Charleroi,Belgium,BEL,AO-UEFA-52886,52886,Charleroi,exact_name_country,1.0,,VERIFIED,True
2025/26,27,Club Brugge,Belgium,BEL,AO-UEFA-50043,50043,Club Brugge,exact_name_country,1.0,,VERIFIED,True
2025/26,28,Racing Genk,Belgium,BEL,AO-UEFA-61582,61582,Genk,fixture_graph_unique,,,VERIFIED,True
2025/26,29,Union Saint-Gilloise,Belgium,BEL,AO-UEFA-64125,64125,Union SG,fixture_graph_unique,,,VERIFIED,True
2025/26,30,Borac Banja Luka,Bosnia-Herzegovina,BOS,AO-UEFA-50104,50104,Borac,fixture_graph_unique,,,VERIFIED,True
2025/26,31,FK Sarajevo,Bosnia-Herzegovina,BOS,AO-UEFA-64378,64378,Sarajevo,exact_name_country,1.0,,VERIFIED,True
2025/26,32,Zeljeznicar Sarajevo,Bosnia-Herzegovina,BOS,AO-UEFA-64381,64381,Željezničar,fixture_graph_unique,,,VERIFIED,True
2025/26,33,Zrinjski Mostar,Bosnia-Herzegovina,BOS,AO-UEFA-73390,73390,Zrinjski,fixture_graph_unique,,,VERIFIED,True
2025/26,34,Arda Kardzhali,Bulgaria,BUL,AO-UEFA-2610060,2610060,Arda,fixture_graph_unique,,,VERIFIED,True
2025/26,35,Cherno More Varna,Bulgaria,BUL,AO-UEFA-75787,75787,Cherno More,fixture_graph_unique,,,VERIFIED,True
2025/26,36,Levski Sofia,Bulgaria,BUL,AO-UEFA-50044,50044,Levski Sofia,exact_name_country,1.0,,VERIFIED,True
2025/26,37,Ludogorets Razgrad,Bulgaria,BUL,AO-UEFA-2603104,2603104,Ludogorets,fixture_graph_unique,,,VERIFIED,True
2025/26,38,Dinamo Zagreb,Croatia,CRO,AO-UEFA-50164,50164,GNK Dinamo,exact_name_country,1.0,,VERIFIED,True
2025/26,39,Hajduk Split,Croatia,CRO,AO-UEFA-52359,52359,Hajduk Split,exact_name_country,1.0,,VERIFIED,True
2025/26,40,NK Rijeka,Croatia,CRO,AO-UEFA-52356,52356,Rijeka,fixture_graph_unique,,,VERIFIED,True
2025/26,41,NK Varazdin,Croatia,CRO,AO-UEFA-60514,60514,Varaždin,exact_name_country,1.0,,VERIFIED,True
2025/26,42,AEK Larnaca,Cyprus,CYP,AO-UEFA-54191,54191,AEK Larnaca,exact_name_country,1.0,,VERIFIED,True
2025/26,43,Aris Limassol,Cyprus,CYP,AO-UEFA-69529,69529,Aris Limassol,exact_name_country,1.0,,VERIFIED,True
2025/26,44,Omonia Nicosia,Cyprus,CYP,AO-UEFA-50077,50077,Omonia,fixture_graph_unique,,,VERIFIED,True
2025/26,45,Pafos FC,Cyprus,CYP,AO-UEFA-2609532,2609532,Pafos,exact_name_country,1.0,,VERIFIED,True
2025/26,46,Baník Ostrava,Czechia,CZE,AO-UEFA-51886,51886,Baník Ostrava,exact_name_country,1.0,,VERIFIED,True
2025/26,47,Sigma Olomouc,Czechia,CZE,AO-UEFA-52905,52905,Sigma Olomouc,exact_name_country,1.0,,VERIFIED,True
2025/26,48,Slavia Praha,Czechia,CZE,AO-UEFA-52498,52498,Slavia Praha,exact_name_country,1.0,,VERIFIED,True
2025/26,49,Sparta Praha,Czechia,CZE,AO-UEFA-50033,50033,Sparta Praha,exact_name_country,1.0,,VERIFIED,True
2025/26,50,Viktoria Plzen,Czechia,CZE,AO-UEFA-64388,64388,Viktoria Plzeň,exact_name_country,1.0,,VERIFIED,True
2025/26,51,Brøndby IF,Denmark,DEN,AO-UEFA-50021,50021,Brøndby,exact_name_country,1.0,,VERIFIED,True
2025/26,52,FC København,Denmark,DEN,AO-UEFA-52709,52709,Copenhagen,fixture_graph_unique,,,VERIFIED,True
2025/26,53,FC Midtjylland,Denmark,DEN,AO-UEFA-75795,75795,Midtjylland,exact_name_country,1.0,,VERIFIED,True
2025/26,54,Silkeborg IF,Denmark,DEN,AO-UEFA-52912,52912,Silkeborg,exact_name_country,1.0,,VERIFIED,True
2025/26,55,Arsenal,England,ENG,AO-UEFA-52280,52280,Arsenal,exact_name_country,1.0,,VERIFIED,True
2025/26,56,Aston Villa,England,ENG,AO-UEFA-52683,52683,Aston Villa,exact_name_country,1.0,,VERIFIED,True
2025/26,57,Chelsea,England,ENG,AO-UEFA-52914,52914,Chelsea,exact_name_country,1.0,,VERIFIED,True
2025/26,58,Crystal Palace,England,ENG,AO-UEFA-52916,52916,Crystal Palace,exact_name_country,1.0,,VERIFIED,True
2025/26,59,Liverpool,England,ENG,AO-UEFA-7889,7889,Liverpool,exact_name_country,1.0,,VERIFIED,True
2025/26,60,Manchester City,England,ENG,AO-UEFA-52919,52919,Man City,exact_name_country,1.0,,VERIFIED,True
2025/26,61,Newcastle United,England,ENG,AO-UEFA-59324,59324,Newcastle,fixture_graph_unique,,,VERIFIED,True
2025/26,62,Nottingham Forest,England,ENG,AO-UEFA-52681,52681,Nott'm Forest,fixture_graph_unique,,,VERIFIED,True
2025/26,63,Tottenham Hotspur,England,ENG,AO-UEFA-1652,1652,Tottenham,exact_name_country,1.0,,VERIFIED,True
2025/26,64,Flora Tallinn,Estonia,EST,AO-UEFA-59341,59341,Flora Tallinn,exact_name_country,1.0,,VERIFIED,True
2025/26,65,Kalju Nomme,Estonia,EST,AO-UEFA-2600371,2600371,Kalju,fixture_graph_unique,,,VERIFIED,True
2025/26,66,Levadia Tallinn,Estonia,EST,AO-UEFA-77482,77482,Levadia Tallinn,exact_name_country,1.0,,VERIFIED,True
2025/26,67,Paide Linnameeskond,Estonia,EST,AO-UEFA-2600598,2600598,Paide,exact_name_country,1.0,,VERIFIED,True
2025/26,68,HB Torshavn,Faroe Islands,FAR,AO-UEFA-59025,59025,H. Bóltfelag,fixture_graph_unique,,,VERIFIED,True
2025/26,69,KI Klaksvik,Faroe Islands,FAR,AO-UEFA-57475,57475,Klaksvík,exact_name_country,1.0,,VERIFIED,True
2025/26,70,NSI Runavik,Faroe Islands,FAR,AO-UEFA-64150,64150,Runavík,exact_name_country,1.0,,VERIFIED,True
2025/26,71,Víkingur,Faroe Islands,FAR,AO-UEFA-59325,59325,Víkingur,exact_name_country,1.0,,VERIFIED,True
2025/26,72,HJK Helsinki,Finland,FIN,AO-UEFA-50052,50052,HJK,exact_name_country,1.0,,VERIFIED,True
2025/26,73,Ilves Tampere,Finland,FIN,AO-UEFA-2602511,2602511,Ilves,exact_name_country,1.0,,VERIFIED,True
2025/26,74,KuPS Kuopio,Finland,FIN,AO-UEFA-52350,52350,KuPS Kuopio,exact_name_country,1.0,,VERIFIED,True
2025/26,75,SJK Seinäjoki,Finland,FIN,AO-UEFA-2602520,2602520,SJK,exact_name_country,1.0,,VERIFIED,True
2025/26,76,AS Monaco,France,FRA,AO-UEFA-50023,50023,Monaco,exact_name_country,1.0,,VERIFIED,True
2025/26,77,Lille OSC,France,FRA,AO-UEFA-75797,75797,Lille,fixture_graph_unique,,,VERIFIED,True
2025/26,78,OGC Nice,France,FRA,AO-UEFA-52355,52355,Nice,exact_name_country,1.0,,VERIFIED,True
2025/26,79,Olympique Lyon,France,FRA,AO-UEFA-5312,5312,Lyon,fixture_graph_unique,,,VERIFIED,True
2025/26,80,Olympique Marseille,France,FRA,AO-UEFA-52748,52748,Marseille,fixture_graph_unique,,,VERIFIED,True
2025/26,81,Paris Saint-Germain,France,FRA,AO-UEFA-52747,52747,Paris,exact_name_country,1.0,,VERIFIED,True
2025/26,82,RC Strasbourg,France,FRA,AO-UEFA-59857,59857,Strasbourg,fixture_graph_unique,,,VERIFIED,True
2025/26,83,Dila Gori,Georgia,GEO,AO-UEFA-64467,64467,Dila,fixture_graph_unique,,,VERIFIED,True
2025/26,84,Iberia 1999,Georgia,GEO,AO-UEFA-2605905,2605905,Iberia Tbilisi,fixture_graph_unique,,,VERIFIED,True
2025/26,85,Spaeri Tbilisi,Georgia,GEO,AO-UEFA-2611621,2611621,Spaeri,fixture_graph_unique,,,VERIFIED,True
2025/26,86,Torpedo Kutaisi,Georgia,GEO,AO-UEFA-64471,64471,Torpedo Kutaisi,exact_name_country,1.0,,VERIFIED,True
2025/26,87,Bayer Leverkusen,Germany,GER,AO-UEFA-50109,50109,Leverkusen,fixture_graph_unique,,,VERIFIED,True
2025/26,88,Bayern München,Germany,GER,AO-UEFA-50037,50037,Bayern München,exact_name_country,1.0,,VERIFIED,True
2025/26,89,Borussia Dortmund,Germany,GER,AO-UEFA-52758,52758,B. Dortmund,exact_name_country,1.0,,VERIFIED,True
2025/26,90,Eintracht Frankfurt,Germany,GER,AO-UEFA-50072,50072,Frankfurt,exact_name_country,1.0,,VERIFIED,True
2025/26,91,FSV Mainz 05,Germany,GER,AO-UEFA-70853,70853,Mainz,fixture_graph_unique,,,VERIFIED,True
2025/26,92,SC Freiburg,Germany,GER,AO-UEFA-59880,59880,Freiburg,exact_name_country,1.0,,VERIFIED,True
2025/26,93,VfB Stuttgart,Germany,GER,AO-UEFA-50107,50107,Stuttgart,exact_name_country,1.0,,VERIFIED,True
2025/26,94,FCB Magpies,Gibraltar,GIB,AO-UEFA-2606279,2606279,Magpies,exact_name_country,1.0,,VERIFIED,True
2025/26,95,Lincoln Red Imps,Gibraltar,GIB,AO-UEFA-2605572,2605572,L. Red Imps,exact_name_country,1.0,,VERIFIED,True
2025/26,96,St Joseph's FC,Gibraltar,GIB,AO-UEFA-2605575,2605575,St Joseph's,exact_name_country,1.0,,VERIFIED,True
2025/26,97,AEK Athens,Greece,GRE,AO-UEFA-50129,50129,AEK Athens,exact_name_country,1.0,,VERIFIED,True
2025/26,98,Aris Thessaloniki,Greece,GRE,AO-UEFA-52949,52949,Aris T.,fixture_graph_unique,,,VERIFIED,True
2025/26,99,Olympiakos Piraeus,Greece,GRE,AO-UEFA-2610,2610,Olympiacos,fixture_graph_unique,,,VERIFIED,True
2025/26,100,PAOK Thessaloniki,Greece,GRE,AO-UEFA-50130,50130,PAOK,fixture_graph_unique,,,VERIFIED,True
2025/26,101,Panathinaikos,Greece,GRE,AO-UEFA-50084,50084,Panathinaikos,exact_name_country,1.0,,VERIFIED,True
2025/26,102,ETO Györ,Hungary,HUN,AO-UEFA-52287,52287,Győri ETO,fixture_graph_unique,,,VERIFIED,True
2025/26,103,Ferencváros,Hungary,HUN,AO-UEFA-52298,52298,Ferencváros,exact_name_country,1.0,,VERIFIED,True
2025/26,104,Paksi FC,Hungary,HUN,AO-UEFA-93452,93452,Paksi,exact_name_country,1.0,,VERIFIED,True
2025/26,105,Puskás Akadémia,Hungary,HUN,AO-UEFA-2605472,2605472,Puskás Akadémia,exact_name_country,1.0,,VERIFIED,True
2025/26,106,Breidablik,Iceland,ISL,AO-UEFA-71235,71235,Breiðablik,exact_name_country,1.0,,VERIFIED,True
2025/26,107,KA Akureyri,Iceland,ISL,AO-UEFA-52966,52966,Akureyri,exact_name_country,1.0,,VERIFIED,True
2025/26,108,Valur Reykjavik,Iceland,ISL,AO-UEFA-50057,50057,Valur,fixture_graph_unique,,,VERIFIED,True
2025/26,109,Vikingur Reykjavik,Iceland,ISL,AO-UEFA-52697,52697,Víkingur R.,exact_name_country,1.0,,VERIFIED,True
2025/26,110,Shamrock Rovers,Ireland,IRL,AO-UEFA-52381,52381,Shamrock Rovers,exact_name_country,1.0,,VERIFIED,True
2025/26,111,Shelbourne,Ireland,IRL,AO-UEFA-53020,53020,Shelbourne,exact_name_country,1.0,,VERIFIED,True
2025/26,112,St. Patrick's Athletic,Ireland,IRL,AO-UEFA-50133,50133,St. Patrick's,exact_name_country,1.0,,VERIFIED,True
2025/26,113,Beitar Jerusalem,Israel,ISR,AO-UEFA-59034,59034,Beitar,fixture_graph_unique,,,VERIFIED,True
2025/26,114,Hapoel Beer-Sheva,Israel,ISR,AO-UEFA-59340,59340,H. Beer-Sheva,fixture_graph_unique,,,VERIFIED,True
2025/26,115,Maccabi Haifa,Israel,ISR,AO-UEFA-59045,59045,Maccabi Haifa,exact_name_country,1.0,,VERIFIED,True
2025/26,116,Maccabi Tel-Aviv,Israel,ISR,AO-UEFA-57477,57477,M. Tel-Aviv,fixture_graph_unique,,,VERIFIED,True
2025/26,117,AS Roma,Italy,ITA,AO-UEFA-50137,50137,Roma,exact_name_country,1.0,,VERIFIED,True
2025/26,118,Atalanta,Italy,ITA,AO-UEFA-52816,52816,Atalanta,exact_name_country,1.0,,VERIFIED,True
2025/26,119,Bologna,Italy,ITA,AO-UEFA-52969,52969,Bologna,exact_name_country,1.0,,VERIFIED,True
2025/26,120,Fiorentina,Italy,ITA,AO-UEFA-52817,52817,Fiorentina,exact_name_country,1.0,,VERIFIED,True
2025/26,121,Internazionale,Italy,ITA,AO-UEFA-50138,50138,Inter,fixture_graph_unique,,,VERIFIED,True
2025/26,122,Juventus,Italy,ITA,AO-UEFA-50139,50139,Juventus,exact_name_country,1.0,,VERIFIED,True
2025/26,123,Napoli,Italy,ITA,AO-UEFA-50136,50136,Napoli,exact_name_country,1.0,,VERIFIED,True
2025/26,124,FK Aktobe,Kazakhstan,KAZ,AO-UEFA-79973,79973,Aktobe,fixture_graph_unique,,,VERIFIED,True
2025/26,125,FK Astana,Kazakhstan,KAZ,AO-UEFA-2600605,2600605,Astana,fixture_graph_unique,,,VERIFIED,True
2025/26,126,Kairat Almaty,Kazakhstan,KAZ,AO-UEFA-79970,79970,Kairat Almaty,exact_name_country,1.0,,VERIFIED,True
2025/26,127,Ordabasy Shymkent,Kazakhstan,KAZ,AO-UEFA-82825,82825,Ordabasy,fixture_graph_unique,,,VERIFIED,True
2025/26,128,FC Ballkani,Kosovo,KOS,AO-UEFA-2609552,2609552,Ballkani,exact_name_country,1.0,,VERIFIED,True
2025/26,129,FC Drita,Kosovo,KOS,AO-UEFA-2608290,2608290,Drita,exact_name_country,1.0,,VERIFIED,True
2025/26,130,FC Prishtina,Kosovo,KOS,AO-UEFA-2608287,2608287,Prishtina,exact_name_country,1.0,,VERIFIED,True
2025/26,131,KF Malisheva,Kosovo,KOS,AO-UEFA-2611789,2611789,Malisheva,fixture_graph_unique,,,VERIFIED,True
2025/26,132,BFC Daugavpils,Latvia,LAT,AO-UEFA-2606321,2606321,Daugavpils,exact_name_country,1.0,,VERIFIED,True
2025/26,133,FK Auda,Latvia,LAT,AO-UEFA-79556,79556,Auda,exact_name_country,1.0,,VERIFIED,True
2025/26,134,RFS Riga,Latvia,LAT,AO-UEFA-2609104,2609104,RFS,fixture_graph_unique,,,VERIFIED,True
2025/26,135,Riga FC,Latvia,LAT,AO-UEFA-2607924,2607924,Riga,exact_name_country,1.0,,VERIFIED,True
2025/26,136,FC Vaduz,Liechtenstein,LIE,AO-UEFA-57482,57482,Vaduz,exact_name_country,1.0,,VERIFIED,True
2025/26,137,Banga Gargzdai,Lithuania,LIT,AO-UEFA-64348,64348,Banga,fixture_graph_unique,,,VERIFIED,True
2025/26,138,FC Hegelmann,Lithuania,LIT,AO-UEFA-2607108,2607108,Hegelmann,exact_name_country,1.0,,VERIFIED,True
2025/26,139,Kauno Zalgiris,Lithuania,LIT,AO-UEFA-2605907,2605907,Kauno Žalgiris,exact_name_country,1.0,,VERIFIED,True
2025/26,140,Zalgiris Vilnius,Lithuania,LIT,AO-UEFA-2602334,2602334,Žalgiris,fixture_graph_unique,,,VERIFIED,True
2025/26,141,Differdange 03,Luxembourg,LUX,AO-UEFA-52309,52309,Differdange,fixture_graph_unique,,,VERIFIED,True
2025/26,142,F91 Dudelange,Luxembourg,LUX,AO-UEFA-59028,59028,Diddeleng,fixture_graph_unique,,,VERIFIED,True
2025/26,143,Racing Union Luxembourg,Luxembourg,LUX,AO-UEFA-88135,88135,Racing Union,fixture_graph_unique,,,VERIFIED,True
2025/26,144,UNA Strassen,Luxembourg,LUX,AO-UEFA-2603092,2603092,UNA Strassen,exact_name_country,1.0,,VERIFIED,True
2025/26,145,Birkirkara,Malta,MLT,AO-UEFA-62171,62171,Birkirkara,exact_name_country,1.0,,VERIFIED,True
2025/26,146,Floriana,Malta,MLT,AO-UEFA-50092,50092,Floriana,exact_name_country,1.0,,VERIFIED,True
2025/26,147,Hamrun Spartans,Malta,MLT,AO-UEFA-50060,50060,Hamrun Spartans ,exact_name_country,1.0,,VERIFIED,True
2025/26,148,Hibernians FC,Malta,MLT,AO-UEFA-52640,52640,Hibernians,exact_name_country,1.0,,VERIFIED,True
2025/26,149,Milsami Orhei,Moldova,MOL,AO-UEFA-2600714,2600714,Milsami,fixture_graph_unique,,,VERIFIED,True
2025/26,150,Petrocub Hîncesti,Moldova,MOL,AO-UEFA-2607112,2607112,Petrocub,fixture_graph_unique,,,VERIFIED,True
2025/26,151,Sheriff Tiraspol,Moldova,MOL,AO-UEFA-69606,69606,Sheriff,fixture_graph_unique,,,VERIFIED,True
2025/26,152,Zimbru Chisinau,Moldova,MOL,AO-UEFA-59036,59036,Zimbru,fixture_graph_unique,,,VERIFIED,True
2025/26,153,Buducnost Podgorica,Montenegro,MON,AO-UEFA-53078,53078,Budućnost,fixture_graph_unique,,,VERIFIED,True
2025/26,154,Decic Tuzi,Montenegro,MON,AO-UEFA-2600105,2600105,Dečić,fixture_graph_unique,,,VERIFIED,True
2025/26,155,Sutjeska Niksic,Montenegro,MON,AO-UEFA-73936,73936,Sutjeska,fixture_graph_unique,,,VERIFIED,True
2025/26,156,AZ Alkmaar,Netherlands,NED,AO-UEFA-52327,52327,AZ Alkmaar,exact_name_country,1.0,,VERIFIED,True
2025/26,157,Ajax,Netherlands,NED,AO-UEFA-50143,50143,Ajax,exact_name_country,1.0,,VERIFIED,True
2025/26,158,FC Utrecht,Netherlands,NED,AO-UEFA-52323,52323,Utrecht,exact_name_country,1.0,,VERIFIED,True
2025/26,159,Feyenoord,Netherlands,NED,AO-UEFA-52749,52749,Feyenoord,exact_name_country,1.0,,VERIFIED,True
2025/26,160,Go Ahead Eagles,Netherlands,NED,AO-UEFA-64207,64207,Go Ahead Eagles,exact_name_country,1.0,,VERIFIED,True
2025/26,161,PSV Eindhoven,Netherlands,NED,AO-UEFA-50062,50062,PSV,exact_name_country,1.0,,VERIFIED,True
2025/26,162,Rabotnicki Skopje,North Macedonia,MAC,AO-UEFA-69601,69601,Rabotnicki,fixture_graph_unique,,,VERIFIED,True
2025/26,163,Shkendija Tetovo,North Macedonia,MAC,AO-UEFA-75807,75807,Shkëndija,fixture_graph_unique,,,VERIFIED,True
2025/26,164,Sileks Kratovo,North Macedonia,MAC,AO-UEFA-59871,59871,Sileks,fixture_graph_unique,,,VERIFIED,True
2025/26,165,Vardar Skopje,North Macedonia,MAC,AO-UEFA-53080,53080,Vardar,fixture_graph_unique,,,VERIFIED,True
2025/26,166,Cliftonville,Northern Ireland,NIR,AO-UEFA-52991,52991,Cliftonville,exact_name_country,1.0,,VERIFIED,True
2025/26,167,Dungannon Swifts,Northern Ireland,NIR,AO-UEFA-85008,85008,Dungannon,fixture_graph_unique,,,VERIFIED,True
2025/26,168,Larne FC,Northern Ireland,NIR,AO-UEFA-85009,85009,Larne,exact_name_country,1.0,,VERIFIED,True
2025/26,169,Linfield Belfast,Northern Ireland,NIR,AO-UEFA-50134,50134,Linfield,fixture_graph_unique,,,VERIFIED,True
2025/26,170,Bodø/Glimt,Norway,NOR,AO-UEFA-59333,59333,Bodø/Glimt,exact_name_country,1.0,,VERIFIED,True
2025/26,171,Fredrikstad FK,Norway,NOR,AO-UEFA-64211,64211,Fredrikstad,exact_name_country,1.0,,VERIFIED,True
2025/26,172,Rosenborg BK,Norway,NOR,AO-UEFA-52806,52806,Rosenborg,exact_name_country,1.0,,VERIFIED,True
2025/26,173,SK Brann Bergen,Norway,NOR,AO-UEFA-52770,52770,Brann,fixture_graph_unique,,,VERIFIED,True
2025/26,174,Viking Stavanger,Norway,NOR,AO-UEFA-52319,52319,Viking,fixture_graph_unique,,,VERIFIED,True
2025/26,175,Jagiellonia Bialystok,Poland,POL,AO-UEFA-2600277,2600277,Jagiellonia,fixture_graph_unique,,,VERIFIED,True
2025/26,176,Lech Poznan,Poland,POL,AO-UEFA-64227,64227,Lech Poznań,exact_name_country,1.0,,VERIFIED,True
2025/26,177,Legia Warsaw,Poland,POL,AO-UEFA-50146,50146,Legia Warszawa,fixture_graph_unique,,,VERIFIED,True
2025/26,178,Raków Czestochowa,Poland,POL,AO-UEFA-60566,60566,Raków,exact_name_country,1.0,,VERIFIED,True
2025/26,179,Benfica,Portugal,POR,AO-UEFA-50147,50147,Benfica,exact_name_country,1.0,,VERIFIED,True
2025/26,180,CD Santa Clara,Portugal,POR,AO-UEFA-73927,73927,Santa Clara,exact_name_country,1.0,,VERIFIED,True
2025/26,181,FC Porto,Portugal,POR,AO-UEFA-50064,50064,Porto,exact_name_country,1.0,,VERIFIED,True
2025/26,182,Sporting Braga,Portugal,POR,AO-UEFA-52336,52336,Braga,fixture_graph_unique,,,VERIFIED,True
2025/26,183,Sporting CP Lisbon,Portugal,POR,AO-UEFA-50149,50149,Sporting CP,fixture_graph_unique,,,VERIFIED,True
2025/26,184,CFR Cluj,Romania,ROM,AO-UEFA-88131,88131,CFR Cluj,exact_name_country,1.0,,VERIFIED,True
2025/26,185,FCSB,Romania,ROM,AO-UEFA-50065,50065,FCSB,exact_name_country,1.0,,VERIFIED,True
2025/26,186,Universitatea Cluj,Romania,ROM,AO-UEFA-53025,53025,U. Cluj,fixture_graph_unique,,,VERIFIED,True
2025/26,187,Universitatea Craiova,Romania,ROM,AO-UEFA-2606501,2606501,U. Craiova,exact_name_country,1.0,,VERIFIED,True
2025/26,188,AC Virtus,San Marino,SMA,AO-UEFA-64516,64516,Virtus,fixture_graph_unique,,,VERIFIED,True
2025/26,189,La Fiorita,San Marino,SMA,AO-UEFA-64508,64508,La Fiorita,exact_name_country,1.0,,VERIFIED,True
2025/26,190,Tre Fiori,San Marino,SMA,AO-UEFA-64514,64514,Tre Fiori,exact_name_country,1.0,,VERIFIED,True
2025/26,191,Aberdeen,Scotland,SCO,AO-UEFA-50122,50122,Aberdeen,exact_name_country,1.0,,VERIFIED,True
2025/26,192,Celtic,Scotland,SCO,AO-UEFA-50050,50050,Celtic,exact_name_country,1.0,,VERIFIED,True
2025/26,193,Dundee United,Scotland,SCO,AO-UEFA-50079,50079,Dundee United,exact_name_country,1.0,,VERIFIED,True
2025/26,194,Glasgow Rangers,Scotland,SCO,AO-UEFA-50121,50121,Rangers,fixture_graph_unique,,,VERIFIED,True
2025/26,195,Hibernian,Scotland,SCO,AO-UEFA-52821,52821,Hibernian,exact_name_country,1.0,,VERIFIED,True
2025/26,196,Novi Pazar,Serbia,SRB,AO-UEFA-2601090,2601090,Novi Pazar,exact_name_country,1.0,,VERIFIED,True
2025/26,197,Partizan Belgrade,Serbia,SRB,AO-UEFA-50162,50162,Partizan,fixture_graph_unique,,,VERIFIED,True
2025/26,198,Radnicki 1923,Serbia,SRB,AO-UEFA-64289,64289,Radnički 1923,exact_name_country,1.0,,VERIFIED,True
2025/26,199,Red Star Belgrade,Serbia,SRB,AO-UEFA-50069,50069,Crvena Zvezda,fixture_graph_unique,,,VERIFIED,True
2025/26,200,FC Kosice,Slovakia,SVK,AO-UEFA-2610274,2610274,Košice,exact_name_country,1.0,,VERIFIED,True
2025/26,201,MSK Zilina,Slovakia,SVK,AO-UEFA-61601,61601,Žilina,exact_name_country,1.0,,VERIFIED,True
2025/26,202,Slovan Bratislava,Slovakia,SVK,AO-UEFA-52797,52797,S. Bratislava,exact_name_country,1.0,,VERIFIED,True
2025/26,203,Spartak Trnava,Slovakia,SVK,AO-UEFA-52904,52904,Spartak Trnava,exact_name_country,1.0,,VERIFIED,True
2025/26,204,NK Celje,Slovenia,SLO,AO-UEFA-59030,59030,Celje,exact_name_country,1.0,,VERIFIED,True
2025/26,205,NK Koper,Slovenia,SLO,AO-UEFA-69617,69617,Koper,fixture_graph_unique,,,VERIFIED,True
2025/26,206,NK Maribor,Slovenia,SLO,AO-UEFA-57490,57490,Maribor,exact_name_country,1.0,,VERIFIED,True
2025/26,207,Olimpija Ljubljana,Slovenia,SLO,AO-UEFA-53081,53081,Olimpija,exact_name_country,1.0,,VERIFIED,True
2025/26,208,Athletic Bilbao,Spain,ESP,AO-UEFA-50125,50125,Athletic Club,fixture_graph_unique,,,VERIFIED,True
2025/26,209,Atlético Madrid,Spain,ESP,AO-UEFA-50124,50124,Atleti,fixture_graph_unique,,,VERIFIED,True
2025/26,210,Celta de Vigo,Spain,ESP,AO-UEFA-53043,53043,Celta,fixture_graph_unique,,,VERIFIED,True
2025/26,211,FC Barcelona,Spain,ESP,AO-UEFA-50080,50080,Barcelona,exact_name_country,1.0,,VERIFIED,True
2025/26,212,Rayo Vallecano,Spain,ESP,AO-UEFA-74070,74070,Rayo Vallecano,exact_name_country,1.0,,VERIFIED,True
2025/26,213,Real Betis,Spain,ESP,AO-UEFA-52265,52265,Real Betis,exact_name_country,1.0,,VERIFIED,True
2025/26,214,Real Madrid,Spain,ESP,AO-UEFA-50051,50051,Real Madrid,exact_name_country,1.0,,VERIFIED,True
2025/26,215,Villarreal,Spain,ESP,AO-UEFA-70691,70691,Villarreal,exact_name_country,1.0,,VERIFIED,True
2025/26,216,AIK Stockholm,Sweden,SWE,AO-UEFA-52341,52341,AIK,exact_name_country,1.0,,VERIFIED,True
2025/26,217,BK Häcken,Sweden,SWE,AO-UEFA-69621,69621,Häcken,exact_name_country,1.0,,VERIFIED,True
2025/26,218,Hammarby IF,Sweden,SWE,AO-UEFA-52343,52343,Hammarby,exact_name_country,1.0,,VERIFIED,True
2025/26,219,Malmö FF,Sweden,SWE,AO-UEFA-50152,50152,Malmö,exact_name_country,1.0,,VERIFIED,True
2025/26,220,FC Basel,Switzerland,SUI,AO-UEFA-59856,59856,Basel,fixture_graph_unique,,,VERIFIED,True
2025/26,221,FC Lugano,Switzerland,SUI,AO-UEFA-8538,8538,Lugano,exact_name_country,1.0,,VERIFIED,True
2025/26,222,Lausanne Sports,Switzerland,SUI,AO-UEFA-4251,4251,Lausanne-Sport,fixture_graph_unique,,,VERIFIED,True
2025/26,223,Servette FC Genève,Switzerland,SUI,AO-UEFA-50008,50008,Servette,fixture_graph_unique,,,VERIFIED,True
2025/26,224,Young Boys,Switzerland,SUI,AO-UEFA-50031,50031,Young Boys,exact_name_country,1.0,,VERIFIED,True
2025/26,225,Besiktas,Türkiye,TUR,AO-UEFA-50157,50157,Beşiktaş,exact_name_country,1.0,,VERIFIED,True
2025/26,226,Fenerbahçe,Türkiye,TUR,AO-UEFA-52692,52692,Fenerbahçe,exact_name_country,1.0,,VERIFIED,True
2025/26,227,Galatasaray,Türkiye,TUR,AO-UEFA-50067,50067,Galatasaray,exact_name_country,1.0,,VERIFIED,True
2025/26,228,Istanbul Basaksehir,Türkiye,TUR,AO-UEFA-2600288,2600288,Başakşehir,exact_name_country,1.0,,VERIFIED,True
2025/26,229,Samsunspor,Türkiye,TUR,AO-UEFA-53060,53060,Samsunspor,exact_name_country,1.0,,VERIFIED,True
2025/26,230,Dynamo Kyiv,Ukraine,UKR,AO-UEFA-52723,52723,Dynamo Kyiv,exact_name_country,1.0,,VERIFIED,True
2025/26,231,FC Oleksandriya,Ukraine,UKR,AO-UEFA-77928,77928,Olexandriya,fixture_graph_unique,,,VERIFIED,True
2025/26,232,Polissya Zhytomyr,Ukraine,UKR,AO-UEFA-2613172,2613172,Polissya,fixture_graph_unique,,,VERIFIED,True
2025/26,233,Shakhtar Donetsk,Ukraine,UKR,AO-UEFA-52707,52707,Shakhtar,exact_name_country,1.0,,VERIFIED,True
2025/26,234,Haverfordwest County,Wales,WAL,AO-UEFA-64283,64283,Haverfordwest,fixture_graph_unique,,,VERIFIED,True
2025/26,235,Penybont,Wales,WAL,AO-UEFA-2606314,2606314,Penybont,exact_name_country,1.0,,VERIFIED,True
2025/26,236,The New Saints,Wales,WAL,AO-UEFA-60457,60457,The New Saints,exact_name_country,1.0,,VERIFIED,True
