match_id,source_event_id,identity_status,identity_method,home_name_similarity,away_name_similarity,pair_name_similarity,score_agrees,kickoff_delta_seconds,sportsdb_home_goals,sportsdb_away_goals,sportsdb_status,sportsdb_round,sportsdb_home_team_id,sportsdb_away_team_id,sportsdb_home_team_name,sportsdb_away_team_name,competition,home_team_name,away_team_name
202526-0003,2272328,MATCHED,DATE_SCORE_TEAM,1,1,1,True,0,1,0,FT,400,134018,134084,KuPS,Milsami Orhei,UCL,KuPS Kuopio,Milsami Orhei
202526-0007,2272329,MATCHED,DATE_SCORE_TEAM,1,1,1,True,0,1,3,FT,400,138046,134166,Iberia 1999,Malmo FF,UCL,Iberia 1999,Malmö FF
202526-0025,2272330,MATCHED,DATE_SCORE_TEAM,1,1,1,True,0,1,0,FT,400,137895,133983,Noah,Budućnost Podgorica,UCL,FC Noah,Buducnost Podgorica
202526-0591,2272228,MATCHED,DATE_SCORE_TEAM,0.9523809524,1,0.9761904762,True,0,2,2,FT,400,140100,134063,St Josephs,Cliftonville,UECL,St Joseph's FC,Cliftonville
202526-0009,2272331,MATCHED,DATE_SCORE_TEAM,1,1,1,True,0,0,1,FT,400,134046,137985,Levadia Tallinn,RFS,UCL,Levadia Tallinn,RFS Riga
202526-0023,2272332,MATCHED,DATE_SCORE_TEAM,1,1,1,True,0,1,1,FT,400,134033,134602,Olimpija Ljubljana,Kairat Almaty,UCL,Olimpija Ljubljana,Kairat Almaty
202526-0587,2272229,MATCHED,DATE_SCORE_TEAM,1,1,1,True,0,2,1,FT,400,134039,140057,Floriana,Haverfordwest County,UECL,Floriana,Haverfordwest County
202526-0005,2272334,MATCHED,DATE_SCORE_TEAM,1,1,1,True,0,0,0,FT,400,134312,134024,The New Saints,Shkëndija,UCL,The New Saints,Shkendija Tetovo
202526-0011,2272333,MATCHED,DATE_SCORE_TEAM,1,1,1,True,0,1,0,FT,400,140098,134064,Drita,Differdange 03,UCL,FC Drita,Differdange 03
202526-0013,2272335,MATCHED,DATE_SCORE_TEAM,0.7619047619,1,0.880952381,True,0,2,3,FT,400,134026,140040,Víkingur Gøta,Lincoln Red Imps,UCL,Víkingur,Lincoln Red Imps
202526-0015,2272337,MATCHED,DATE_SCORE_TEAM,0.56,0.9,0.73,True,0,1,0,FT,400,140667,134347,Egnatia,Breiðablik,UCL,Egnatia Rrogozhinë,Breidablik
202526-0021,2272336,MATCHED,DATE_SCORE_TEAM,1,1,1,True,0,0,2,FT,400,138086,134341,Virtus,Zrinjski Mostar,UCL,AC Virtus,Zrinjski Mostar
202526-0001,2272338,MATCHED,DATE_SCORE_TEAM,1,0.9655172414,0.9827586207,True,0,2,0,FT,400,134095,138133,Žalgiris Vilnius,Ħamrun Spartans,UCL,Zalgiris Vilnius,Hamrun Spartans
202526-0019,2272340,MATCHED,DATE_SCORE_TEAM,1,1,1,True,0,3,1,FT,400,134005,137792,FCSB,Inter Club d'Escaldes,UCL,FCSB,Inter Club d'Escaldes
202526-0027,2272339,MATCHED,DATE_SCORE_TEAM,1,1,1,True,0,1,0,FT,400,133981,137902,Ludogorets Razgrad,Dinamo Minsk,UCL,Ludogorets Razgrad,Dinamo Minsk
202526-0017,2272341,MATCHED,DATE_SCORE_TEAM,1,0.6666666667,0.8333333333,True,0,1,0,FT,400,138033,133964,Shelbourne,Linfield,UCL,Shelbourne,Linfield Belfast
202526-0573,2272230,MATCHED,DATE_SCORE_TEAM,1,1,1,True,0,2,0,FT,400,137790,133947,Atlètic d'Escaldes,F91 Dudelange,UECL,Atlètic Club d'Escaldes,F91 Dudelange
202526-0557,2272233,MATCHED,DATE_SCORE_TEAM,1,1,1,True,0,2,3,FT,400,141212,137975,FCB Magpies,Paide Linnameeskond,UECL,FCB Magpies,Paide Linnameeskond
202526-0288,2272310,MATCHED,DATE_SCORE_TEAM,1,1,1,True,0,2,3,FT,400,138341,134318,Sabah FC,Celje,UEL,Sabah FK,NK Celje
202526-0561,2272235,MATCHED,DATE_SCORE_TEAM,1,1,1,True,0,4,3,FT,400,134042,134077,Torpedo Kutaisi,Ordabasy Shymkent,UECL,Torpedo Kutaisi,Ordabasy Shymkent
202526-0577,2272234,MATCHED,DATE_SCORE_TEAM,1,1,1,True,0,1,2,FT,400,135673,138051,SJK Seinajoki,KÍ Klaksvík,UECL,SJK Seinäjoki,KI Klaksvik
202526-0583,2272236,MATCHED,DATE_SCORE_TEAM,1,0.8888888889,0.9444444444,True,0,3,0,FT,400,137992,137486,Kauno Žalgiris,Pen-y-Bont,UECL,Kauno Zalgiris,Penybont
202526-0294,2272311,MATCHED,DATE_SCORE_TEAM,1,1,1,True,0,1,0,FT,400,136251,133960,AEK Larnaca,Partizan Belgrade,UEL,AEK Larnaca,Partizan Belgrade
202526-0567,2272238,MATCHED,DATE_SCORE_TEAM,1,1,1,True,0,1,2,FT,400,137897,134608,Urartu,Neman Grodno,UECL,Urartu FC,Neman Grodno
202526-0597,2272237,MATCHED,DATE_SCORE_TEAM,1,1,1,True,0,1,2,FT,400,139740,133995,Racing Union Luxembourg,Dila Gori,UECL,Racing Union Luxembourg,Dila Gori
202526-0585,2272239,MATCHED,DATE_SCORE_TEAM,0.4545454545,1,0.7272727273,True,0,1,1,FT,400,134060,137799,Nõmme Kalju,Partizani Tirana,UECL,Kalju Nomme,Partizani Tirana
202526-0284,2272313,MATCHED,DATE_SCORE_TEAM,1,1,1,True,0,4,0,FT,400,133962,140101,Sheriff Tiraspol,Prishtina,UEL,Sheriff Tiraspol,FC Prishtina
202526-0296,2272312,MATCHED,DATE_SCORE_TEAM,0.8888888889,1,0.9444444444,True,0,0,0,FT,400,138185,133955,Paks,CFR Cluj,UEL,Paksi FC,CFR Cluj
202526-0292,2272314,MATCHED,DATE_SCORE_TEAM,1,0.9714285714,0.9857142857,True,0,0,0,FT,400,134085,134799,Levski Sofia,Hapoel Be'er Sheva,UEL,Levski Sofia,Hapoel Beer-Sheva
202526-0282,2272315,MATCHED,DATE_SCORE_TEAM,1,0.5555555556,0.7777777778,True,0,6,0,FT,400,134126,136687,Shakhtar Donetsk,Ilves,UEL,Shakhtar Donetsk,Ilves Tampere
202526-0559,2272242,MATCHED,DATE_SCORE_TEAM,1,1,1,True,0,0,1,FT,400,137800,134049,Vllaznia Shkodër,BFC Daugavpils,UECL,Vllaznia Shkodër,BFC Daugavpils
202526-0563,2272240,MATCHED,DATE_SCORE_TEAM,0.6666666667,0.6,0.6333333333,True,0,2,0,FT,400,140118,138073,Dečić,Sileks,UECL,Decic Tuzi,Sileks Kratovo
202526-0565,2272241,MATCHED,DATE_SCORE_TEAM,1,1,1,True,0,1,0,FT,400,134035,138123,Birkirkara,Petrocub Hîncești,UECL,Birkirkara,Petrocub Hîncesti
202526-0595,2272243,MATCHED,DATE_SCORE_TEAM,0.8333333333,0.7142857143,0.7738095238,True,0,3,0,FT,400,137910,138071,Torpedo-BelAZ Zhodino,Rabotnichki,UECL,Torpedo Zhodino,Rabotnicki Skopje
202526-0286,2272316,MATCHED,DATE_SCORE_TEAM,1,0.8,0.9,True,0,0,1,FT,400,134004,134160,Spartak Trnava,Hacken,UEL,Spartak Trnava,BK Häcken
202526-0589,2272232,MATCHED,DATE_SCORE_TEAM,0.8571428571,1,0.9285714286,True,0,0,1,FT,400,143606,137974,Malisheva,Víkingur Reykjavík,UECL,KF Malisheva,Vikingur Reykjavik
202526-0569,2272245,MATCHED,DATE_SCORE_TEAM,1,1,1,True,0,1,1,FT,400,137934,134604,Željezničar Sarajevo,Koper,UECL,Zeljeznicar Sarajevo,NK Koper
202526-0571,2272244,MATCHED,DATE_SCORE_TEAM,0.6956521739,1,0.847826087,True,0,1,2,FT,400,134310,137901,Sutjeska,Dynamo Brest,UECL,Sutjeska Niksic,Dynamo Brest
202526-0575,2272246,MATCHED,DATE_SCORE_TEAM,0.6315789474,1,0.8157894737,True,0,3,0,FT,400,133979,134344,Vardar,La Fiorita,UECL,Vardar Skopje,La Fiorita
202526-0553,2272248,MATCHED,DATE_SCORE_TEAM,1,1,1,True,0,4,0,FT,400,134065,133953,NSÍ Runavík,HJK Helsinki,UECL,NSI Runavik,HJK Helsinki
202526-0555,2272247,MATCHED,DATE_SCORE_TEAM,0.6875,0.6923076923,0.6899038462,True,0,1,0,FT,400,134792,141007,St Patricks,Hegelmann Litauen,UECL,St. Patrick's Athletic,FC Hegelmann
202526-0290,2272317,MATCHED,DATE_SCORE_TEAM,1,1,1,True,0,1,0,FT,400,133992,140520,Legia Warsaw,Aktobe,UEL,Legia Warsaw,FK Aktobe
202526-0579,2272250,MATCHED,DATE_SCORE_TEAM,1,0.5333333333,0.7666666667,True,0,0,0,FT,400,138007,145004,Larne,Auda Kekava,UECL,Larne FC,FK Auda
202526-0593,2272231,MATCHED,DATE_SCORE_TEAM,1,1,1,True,0,1,0,FT,400,138082,137896,Tre Fiori,Pyunik Yerevan,UECL,Tre Fiori,Pyunik Yerevan
202526-0599,2272249,MATCHED,DATE_SCORE_TEAM,1,1,1,True,0,1,4,FT,400,137938,134346,Borac Banja Luka,FC Santa Coloma,UECL,Borac Banja Luka,FC Santa Coloma
202526-0581,2272251,MATCHED,DATE_SCORE_TEAM,0.5,1,0.75,True,0,3,0,FT,400,137973,133967,Valur,Flora Tallinn,UECL,Valur Reykjavik,Flora Tallinn
202526-0024,2272342,MATCHED,DATE_SCORE_TEAM,1,1,1,True,0,2,0,FT,400,134602,134033,Kairat Almaty,Olimpija Ljubljana,UCL,Kairat Almaty,Olimpija Ljubljana
202526-0014,2272343,MATCHED,DATE_SCORE_TEAM,1,0.7619047619,0.880952381,True,0,1,0,FT,400,140040,134026,Lincoln Red Imps,Víkingur Gøta,UCL,Lincoln Red Imps,Víkingur
202526-0002,2272347,MATCHED,DATE_SCORE_TEAM,0.9655172414,1,0.9827586207,True,0,2,0,PEN,400,138133,134095,Ħamrun Spartans,Žalgiris Vilnius,UCL,Hamrun Spartans,Zalgiris Vilnius
202526-0004,2272346,MATCHED,DATE_SCORE_TEAM,1,1,1,True,0,0,0,FT,400,134084,134018,Milsami Orhei,KuPS,UCL,Milsami Orhei,KuPS Kuopio
202526-0008,2272345,MATCHED,DATE_SCORE_TEAM,1,1,1,True,0,3,1,FT,400,134166,138046,Malmo FF,Iberia 1999,UCL,Malmö FF,Iberia 1999
202526-0010,2272344,MATCHED,DATE_SCORE_TEAM,1,1,1,True,0,1,0,FT,400,137985,134046,RFS,Levadia Tallinn,UCL,RFS Riga,Levadia Tallinn
202526-0006,2272349,MATCHED,DATE_SCORE_TEAM,1,1,1,True,0,2,1,AET,400,134024,134312,Shkëndija,The New Saints,UCL,Shkendija Tetovo,The New Saints
202526-0012,2272348,MATCHED,DATE_SCORE_TEAM,1,1,1,True,0,2,3,FT,400,134064,140098,Differdange 03,Drita,UCL,Differdange 03,FC Drita
202526-0020,2272350,MATCHED,DATE_SCORE_TEAM,1,1,1,True,0,2,1,FT,400,137792,134005,Inter Club d'Escaldes,FCSB,UCL,Inter Club d'Escaldes,FCSB
202526-0016,2272352,MATCHED,DATE_SCORE_TEAM,0.9,0.56,0.73,True,0,5,0,FT,400,134347,140667,Breiðablik,Egnatia,UCL,Breidablik,Egnatia Rrogozhinë
202526-0022,2272351,MATCHED,DATE_SCORE_TEAM,1,1,1,True,0,2,1,FT,400,134341,138086,Zrinjski Mostar,Virtus,UCL,Zrinjski Mostar,AC Virtus
202526-0026,2272353,MATCHED,DATE_SCORE_TEAM,1,1,1,True,0,2,2,FT,400,133983,137895,Budućnost Podgorica,Noah,UCL,Buducnost Podgorica,FC Noah
202526-0580,2272252,MATCHED,DATE_SCORE_TEAM,0.5333333333,1,0.7666666667,True,0,2,2,PEN,400,145004,138007,Auda Kekava,Larne,UECL,FK Auda,Larne FC
202526-0018,2272355,MATCHED,DATE_SCORE_TEAM,0.6666666667,1,0.8333333333,True,0,1,1,FT,400,133964,138033,Linfield,Shelbourne,UCL,Linfield Belfast,Shelbourne
202526-0028,2272354,MATCHED,DATE_SCORE_TEAM,1,1,1,True,0,2,2,AET,400,137902,133981,Dinamo Minsk,Ludogorets Razgrad,UCL,Dinamo Minsk,Ludogorets Razgrad
202526-0560,2272253,MATCHED,DATE_SCORE_TEAM,1,1,1,True,0,2,4,FT,400,134049,137800,BFC Daugavpils,Vllaznia Shkodër,UECL,BFC Daugavpils,Vllaznia Shkodër
202526-0283,2272318,MATCHED,DATE_SCORE_TEAM,0.5555555556,1,0.7777777778,True,0,0,0,FT,400,136687,134126,Ilves,Shakhtar Donetsk,UEL,Ilves Tampere,Shakhtar Donetsk
202526-0291,2272319,MATCHED,DATE_SCORE_TEAM,1,1,1,True,0,0,1,FT,400,140520,133992,Aktobe,Legia Warsaw,UEL,FK Aktobe,Legia Warsaw
202526-0554,2272256,MATCHED,DATE_SCORE_TEAM,1,1,1,True,0,5,0,AET,400,133953,134065,HJK Helsinki,NSÍ Runavík,UECL,HJK Helsinki,NSI Runavik
202526-0556,2272259,MATCHED,DATE_SCORE_TEAM,0.6923076923,0.6875,0.6899038462,True,0,0,2,FT,400,141007,134792,Hegelmann Litauen,St Patricks,UECL,FC Hegelmann,St. Patrick's Athletic
202526-0562,2272254,MATCHED,DATE_SCORE_TEAM,1,1,1,True,0,1,1,FT,400,134077,134042,Ordabasy Shymkent,Torpedo Kutaisi,UECL,Ordabasy Shymkent,Torpedo Kutaisi
202526-0582,2272255,MATCHED,DATE_SCORE_TEAM,1,0.5,0.75,True,0,1,2,FT,400,133967,137973,Flora Tallinn,Valur,UECL,Flora Tallinn,Valur Reykjavik
202526-0594,2272258,MATCHED,DATE_SCORE_TEAM,1,1,1,True,0,5,0,FT,400,137896,138082,Pyunik Yerevan,Tre Fiori,UECL,Pyunik Yerevan,Tre Fiori
202526-0596,2272261,MATCHED,DATE_SCORE_TEAM,0.7142857143,0.8333333333,0.7738095238,True,0,0,1,FT,400,138071,137910,Rabotnichki,Torpedo-BelAZ Zhodino,UECL,Rabotnicki Skopje,Torpedo Zhodino
202526-0598,2272260,MATCHED,DATE_SCORE_TEAM,1,1,1,True,0,1,0,FT,400,133995,139740,Dila Gori,Racing Union Luxembourg,UECL,Dila Gori,Racing Union Luxembourg
202526-0600,2272257,MATCHED,DATE_SCORE_TEAM,1,1,1,True,0,0,2,FT,400,134346,137938,FC Santa Coloma,Borac Banja Luka,UECL,FC Santa Coloma,Borac Banja Luka
202526-0558,2272262,MATCHED,DATE_SCORE_TEAM,1,1,1,True,0,4,1,FT,400,137975,141212,Paide Linnameeskond,FCB Magpies,UECL,Paide Linnameeskond,FCB Magpies
202526-0287,2272321,MATCHED,DATE_SCORE_TEAM,0.8,1,0.9,True,0,2,2,FT,400,134160,134004,Hacken,Spartak Trnava,UEL,BK Häcken,Spartak Trnava
202526-0564,2272264,MATCHED,DATE_SCORE_TEAM,0.6,0.6666666667,0.6333333333,True,0,2,1,FT,400,138073,140118,Sileks,Dečić,UECL,Sileks Kratovo,Decic Tuzi
202526-0566,2272265,MATCHED,DATE_SCORE_TEAM,1,1,1,True,0,3,0,FT,400,138123,134035,Petrocub Hîncești,Birkirkara,UECL,Petrocub Hîncesti,Birkirkara
202526-0574,2272267,MATCHED,DATE_SCORE_TEAM,1,1,1,True,0,2,3,FT,400,133947,137790,F91 Dudelange,Atlètic d'Escaldes,UECL,F91 Dudelange,Atlètic Club d'Escaldes
202526-0584,2272266,MATCHED,DATE_SCORE_TEAM,0.8888888889,1,0.9444444444,True,0,1,1,FT,400,137486,137992,Pen-y-Bont,Kauno Žalgiris,UECL,Penybont,Kauno Zalgiris
202526-0588,2272263,MATCHED,DATE_SCORE_TEAM,1,1,1,True,0,2,3,FT,400,140057,134039,Haverfordwest County,Floriana,UECL,Haverfordwest County,Floriana
202526-0297,2272320,MATCHED,DATE_SCORE_TEAM,1,0.8888888889,0.9444444444,True,0,3,0,FT,400,133955,138185,CFR Cluj,Paks,UEL,CFR Cluj,Paksi FC
202526-0570,2272268,MATCHED,DATE_SCORE_TEAM,1,1,1,True,0,3,1,FT,400,134604,137934,Koper,Željezničar Sarajevo,UECL,NK Koper,Zeljeznicar Sarajevo
202526-0285,2272322,MATCHED,DATE_SCORE_TEAM,1,1,1,True,0,2,1,FT,400,140101,133962,Prishtina,Sheriff Tiraspol,UEL,FC Prishtina,Sheriff Tiraspol
202526-0289,2272324,MATCHED,DATE_SCORE_TEAM,1,1,1,True,0,3,3,AET,400,134318,138341,Celje,Sabah FC,UEL,NK Celje,Sabah FK
202526-0293,2272323,MATCHED,DATE_TEAM_FALLBACK,1,1,1,False,0,0,0,PEN,400,134799,134085,Hapoel Be'er Sheva,Levski Sofia,UEL,Hapoel Beer-Sheva,Levski Sofia
202526-0568,2272269,MATCHED,DATE_SCORE_TEAM,1,1,1,True,0,4,0,FT,400,134608,137897,Neman Grodno,Urartu,UECL,Neman Grodno,Urartu FC
202526-0586,2272270,MATCHED,DATE_SCORE_TEAM,1,0.4545454545,0.7272727273,True,0,0,1,AET,400,137799,134060,Partizani Tirana,Nõmme Kalju,UECL,Partizani Tirana,Kalju Nomme
202526-0572,2272271,MATCHED,DATE_SCORE_TEAM,1,0.6956521739,0.847826087,True,0,0,2,FT,400,137901,134310,Dynamo Brest,Sutjeska,UECL,Dynamo Brest,Sutjeska Niksic
202526-0578,2272274,MATCHED,DATE_SCORE_TEAM,1,1,1,True,0,2,0,FT,400,138051,135673,KÍ Klaksvík,SJK Seinajoki,UECL,KI Klaksvik,SJK Seinäjoki
202526-0590,2272273,MATCHED,DATE_SCORE_TEAM,1,0.8571428571,0.9285714286,True,0,8,0,FT,400,137974,143606,Víkingur Reykjavík,Malisheva,UECL,Vikingur Reykjavik,KF Malisheva
202526-0592,2272272,MATCHED,DATE_SCORE_TEAM,1,0.9523809524,0.9761904762,True,0,2,3,AET,400,134063,140100,Cliftonville,St Josephs,UECL,Cliftonville,St Joseph's FC
202526-0295,2272325,MATCHED,DATE_TEAM_FALLBACK,1,1,1,False,0,1,0,PEN,400,133960,136251,Partizan Belgrade,AEK Larnaca,UEL,Partizan Belgrade,AEK Larnaca
202526-0576,2272275,MATCHED,DATE_SCORE_TEAM,1,0.6315789474,0.8157894737,True,0,2,2,FT,400,134344,133979,La Fiorita,Vardar,UECL,La Fiorita,Vardar Skopje
202526-0051,2291175,MATCHED,DATE_SCORE_TEAM,1,1,1,True,0,2,0,FT,400,134018,134602,KuPS,Kairat Almaty,UCL,KuPS Kuopio,Kairat Almaty
202526-0035,2291177,MATCHED,DATE_SCORE_TEAM,1,1,1,True,0,0,1,FT,400,140040,133987,Lincoln Red Imps,Crvena Zvezda,UCL,Lincoln Red Imps,Red Star Belgrade
202526-0037,2291176,MATCHED,DATE_SCORE_TEAM,1,1,1,True,0,1,2,FT,400,137895,134620,Noah,Ferencváros,UCL,FC Noah,Ferencváros
202526-0029,2291180,MATCHED,DATE_SCORE_TEAM,1,1,1,True,0,1,4,FT,400,137985,134166,RFS,Malmo FF,UCL,RFS Riga,Malmö FF
202526-0031,2291178,MATCHED,DATE_SCORE_TEAM,0.9655172414,1,0.9827586207,True,0,0,3,FT,400,138133,133944,Ħamrun Spartans,Dynamo Kyiv,UCL,Hamrun Spartans,Dynamo Kyiv
202526-0033,2272357,MATCHED,DATE_SCORE_TEAM,1,1,1,True,0,1,1,FT,400,137928,134315,Pafos,Maccabi Tel Aviv,UCL,Pafos FC,Maccabi Tel-Aviv
202526-0041,2291179,MATCHED,DATE_SCORE_TEAM,0.5263157895,1,0.7631578947,True,0,2,0,FT,400,133898,140098,FC Copenhagen,Drita,UCL,FC København,FC Drita
202526-0055,2272356,MATCHED,DATE_SCORE_TEAM,1,0.6956521739,0.847826087,True,0,0,1,FT,400,134015,133991,Viktoria Plzeň,Servette,UCL,Viktoria Plzen,Servette FC Genève
202526-0045,2291182,MATCHED,DATE_SCORE_TEAM,1,1,1,True,0,1,0,FT,400,134024,134005,Shkëndija,FCSB,UCL,Shkendija Tetovo,FCSB
202526-0047,2291183,MATCHED,DATE_SCORE_TEAM,1,1,1,True,0,4,0,FT,400,134090,134341,Slovan Bratislava,Zrinjski Mostar,UCL,Slovan Bratislava,Zrinjski Mostar
202526-0039,2291184,MATCHED,DATE_SCORE_TEAM,1,0.9,0.95,True,0,7,1,FT,400,134010,134347,Lech Poznań,Breiðablik,UCL,Lech Poznan,Breidablik
202526-0603,2291965,MATCHED,DATE_SCORE_TEAM,1,1,1,True,0,4,2,FT,400,141258,134039,Ballkani,Floriana,UECL,FC Ballkani,Floriana
202526-0043,2291185,MATCHED,DATE_SCORE_TEAM,1,1,1,True,0,0,0,FT,400,134399,133981,Rijeka,Ludogorets Razgrad,UCL,NK Rijeka,Ludogorets Razgrad
202526-0057,2272358,MATCHED,DATE_SCORE_TEAM,0.6363636364,1,0.8181818182,True,0,2,0,FT,400,133642,133746,Rangers,Panathinaikos,UCL,Glasgow Rangers,Panathinaikos
202526-0629,2272286,MATCHED,DATE_SCORE_TEAM,1,1,1,True,0,1,1,FT,400,138340,134019,Zira,Hajduk Split,UECL,Zira FK,Hajduk Split
202526-0689,2291966,MATCHED,DATE_SCORE_TEAM,1,1,1,True,0,1,0,FT,400,134046,138046,Levadia Tallinn,Iberia 1999,UECL,Levadia Tallinn,Iberia 1999
202526-0053,2272359,MATCHED,DATE_SCORE_TEAM,0.5882352941,0.64,0.6141176471,True,0,1,4,FT,400,134571,133970,Brann,Red Bull Salzburg,UCL,SK Brann Bergen,FC Salzburg
202526-0641,2272285,MATCHED,DATE_SCORE_TEAM,1,1,1,True,0,1,1,FT,400,133892,137970,Silkeborg IF,KA Akureyri,UECL,Silkeborg IF,KA Akureyri
202526-0693,2291967,MATCHED,DATE_SCORE_TEAM,1,1,1,True,0,0,1,FT,400,134312,134064,The New Saints,Differdange 03,UECL,The New Saints,Differdange 03
202526-0695,2291968,MATCHED,DATE_SCORE_TEAM,1,1,1,True,0,4,2,FT,400,134033,137792,Olimpija Ljubljana,Inter Club d'Escaldes,UECL,Olimpija Ljubljana,Inter Club d'Escaldes
202526-0049,2291181,MATCHED,DATE_SCORE_TEAM,1,1,1,True,0,0,3,FT,400,138033,135702,Shelbourne,Qarabağ,UCL,Shelbourne,Qarabag FK
202526-0697,2291969,MATCHED,DATE_SCORE_TEAM,1,1,1,True,0,0,0,FT,400,133983,134084,Budućnost Podgorica,Milsami Orhei,UECL,Buducnost Podgorica,Milsami Orhei
202526-0659,2272300,MATCHED,DATE_SCORE_TEAM,1,1,1,True,0,1,1,FT,400,134342,134051,Astana,Zimbru Chișinău,UECL,FK Astana,Zimbru Chisinau
202526-0661,2291970,MATCHED,DATE_SCORE_TEAM,1,0.6666666667,0.8333333333,True,0,1,2,FT,400,137790,140666,Atlètic d'Escaldes,Dinamo City,UECL,Atlètic Club d'Escaldes,Dinamo Tirana
202526-0657,2291979,MATCHED,DATE_SCORE_TEAM,1,1,1,True,0,0,2,FT,400,137975,134011,Paide Linnameeskond,AIK,UECL,Paide Linnameeskond,AIK Stockholm
202526-0609,2291972,MATCHED,DATE_SCORE_TEAM,0.9523809524,1,0.9761904762,True,0,0,4,FT,400,140100,133978,St Josephs,Shamrock Rovers,UECL,St Joseph's FC,Shamrock Rovers
202526-0615,2291976,MATCHED,DATE_SCORE_TEAM,1,0.5,0.75,True,0,1,1,FT,400,137992,137973,Kauno Žalgiris,Valur,UECL,Kauno Zalgiris,Valur Reykjavik
202526-0619,2291973,MATCHED,DATE_SCORE_TEAM,0.5555555556,1,0.7777777778,True,0,4,3,FT,400,136687,133767,Ilves,AZ Alkmaar,UECL,Ilves Tampere,AZ Alkmaar
202526-0633,2291977,MATCHED,DATE_SCORE_TEAM,1,1,1,True,0,2,1,FT,400,137896,134314,Pyunik Yerevan,Győri ETO,UECL,Pyunik Yerevan,ETO Györ
202526-0637,2291971,MATCHED,DATE_SCORE_TEAM,1,1,1,True,0,1,2,FT,400,138132,134004,Hibernians,Spartak Trnava,UECL,Hibernians FC,Spartak Trnava
202526-0639,2291978,MATCHED,DATE_SCORE_TEAM,1,1,1,True,0,0,0,FT,400,137916,133953,Arda Kardzhali,HJK Helsinki,UECL,Arda Kardzhali,HJK Helsinki
202526-0649,2291974,MATCHED,DATE_SCORE_TEAM,1,0.8,0.9,True,0,2,1,FT,400,140520,134007,Aktobe,Sparta Prague,UECL,FK Aktobe,Sparta Praha
202526-0651,2272277,MATCHED,DATE_SCORE_TEAM,0.8571428571,1,0.9285714286,True,0,5,0,FT,400,133990,137989,Rosenborg,Banga Gargždai,UECL,Rosenborg BK,Banga Gargzdai
202526-0673,2272290,MATCHED,DATE_SCORE_TEAM,1,1,1,True,0,0,0,FT,400,137892,138198,Ararat-Armenia,Universitatea Cluj,UECL,Ararat-Armenia,Universitatea Cluj
202526-0677,2272280,MATCHED,DATE_SCORE_TEAM,1,1,1,True,0,3,2,FT,400,141094,138182,Aris Limassol,Puskás Akadémia FC,UECL,Aris Limassol,Puskás Akadémia
202526-0681,2272288,MATCHED,DATE_SCORE_TEAM,0.7857142857,0.380952381,0.5833333333,True,0,2,1,FT,400,146883,133742,Araz-Naxçıvan,Aris,UECL,Araz Nakhchivan,Aris Thessaloniki
202526-0691,2291975,MATCHED,DATE_SCORE_TEAM,1,0.6666666667,0.8333333333,True,0,0,0,FT,400,134095,133964,Žalgiris Vilnius,Linfield,UECL,Zalgiris Vilnius,Linfield Belfast
202526-0304,2292031,MATCHED,DATE_SCORE_TEAM,1,1,1,True,0,2,2,FT,400,136684,133992,Baník Ostrava,Legia Warsaw,UEL,Baník Ostrava,Legia Warsaw
202526-0308,2292030,MATCHED,DATE_SCORE_TEAM,1,1,1,True,0,1,3,FT,400,133962,133764,Sheriff Tiraspol,Utrecht,UEL,Sheriff Tiraspol,FC Utrecht
202526-0613,2291981,MATCHED,DATE_SCORE_TEAM,0.5454545455,1,0.7727272727,True,0,7,0,FT,400,134570,134604,Viking,Koper,UECL,Viking Stavanger,NK Koper
202526-0627,2291984,MATCHED,DATE_SCORE_TEAM,1,1,1,True,0,0,2,FT,400,135483,133960,Oleksandriya,Partizan Belgrade,UECL,FC Oleksandriya,Partizan Belgrade
202526-0643,2308488,MATCHED,DATE_SCORE_TEAM,1,1,1,True,0,2,1,FT,400,137984,133995,Riga FC,Dila Gori,UECL,Riga FC,Dila Gori
202526-0645,2272291,MATCHED,DATE_SCORE_TEAM,0.8421052632,1,0.9210526316,True,0,0,0,FT,400,134731,133826,Hammarby,Charleroi,UECL,Hammarby IF,Charleroi
202526-0663,2291982,MATCHED,DATE_SCORE_TEAM,1,1,1,True,0,0,2,FT,400,138123,138341,Petrocub Hîncești,Sabah FC,UECL,Petrocub Hîncesti,Sabah FK
202526-0665,2272287,MATCHED,DATE_SCORE_TEAM,1,0.9523809524,0.9761904762,True,0,1,2,FT,400,140069,135297,Novi Pazar,Jagiellonia Białystok,UECL,Novi Pazar,Jagiellonia Bialystok
202526-0675,2291983,MATCHED,DATE_SCORE_TEAM,1,1,1,True,0,1,2,FT,400,140180,134346,Polissya Zhytomyr,FC Santa Coloma,UECL,Polissya Zhytomyr,FC Santa Coloma
202526-0683,2291980,MATCHED,DATE_SCORE_TEAM,1,1,1,True,0,1,0,FT,400,133986,134042,Omonia Nicosia,Torpedo Kutaisi,UECL,Omonia Nicosia,Torpedo Kutaisi
202526-0685,2272292,MATCHED,DATE_SCORE_TEAM,0.7857142857,1,0.8928571429,True,0,0,1,FT,400,137915,134589,Cherno More,İstanbul Başakşehir,UECL,Cherno More Varna,Istanbul Basaksehir
202526-0302,2292032,MATCHED,DATE_SCORE_TEAM,1,0.5263157895,0.7631578947,True,0,0,0,FT,400,134085,134098,Levski Sofia,Braga,UEL,Levski Sofia,Sporting Braga
202526-0310,2272326,MATCHED,DATE_SCORE_TEAM,1,1,1,True,0,1,1,FT,400,133891,133646,FC Midtjylland,Hibernian,UEL,FC Midtjylland,Hibernian
202526-0631,2272276,MATCHED,DATE_SCORE_TEAM,1,1,1,True,0,0,1,FT,400,134320,135944,Vaduz,Dungannon Swifts,UECL,FC Vaduz,Dungannon Swifts
202526-0300,2292035,MATCHED,DATE_SCORE_TEAM,1,1,1,True,0,1,1,FT,400,134318,136251,Celje,AEK Larnaca,UEL,NK Celje,AEK Larnaca
202526-0306,2292033,MATCHED,DATE_SCORE_TEAM,1,0.8,0.9,True,0,1,0,FT,400,133776,134160,Anderlecht,Hacken,UEL,Anderlecht,BK Häcken
202526-0312,2292034,MATCHED,DATE_SCORE_TEAM,1,1,1,True,0,2,4,FT,400,133794,134126,Beşiktaş,Shakhtar Donetsk,UEL,Besiktas,Shakhtar Donetsk
202526-0605,2272278,MATCHED,DATE_SCORE_TEAM,1,0.88,0.94,True,0,2,1,FT,400,137798,136192,NK Varaždin,Santa Clara,UECL,NK Varazdin,CD Santa Clara
202526-0621,2291987,MATCHED,DATE_SCORE_TEAM,1,1,1,True,0,2,3,FT,400,134603,134608,Košice,Neman Grodno,UECL,FC Kosice,Neman Grodno
202526-0623,2294458,MATCHED,DATE_SCORE_TEAM,1,0.9714285714,0.9857142857,True,0,1,0,FT,400,133753,134799,AEK Athens,Hapoel Be'er Sheva,UECL,AEK Athens,Hapoel Beer-Sheva
202526-0625,2291988,MATCHED,DATE_SCORE_TEAM,0.8888888889,1,0.9444444444,True,0,1,0,FT,400,138185,133948,Paks,Maribor,UECL,Paksi FC,NK Maribor
202526-0655,2291986,MATCHED,DATE_SCORE_TEAM,1,1,1,True,0,0,0,FT,400,141776,138051,Radnički 1923,KÍ Klaksvík,UECL,Radnicki 1923,KI Klaksvik
202526-0679,2291985,MATCHED,DATE_SCORE_TEAM,0.8333333333,1,0.9166666667,True,0,1,1,FT,400,137910,134400,Torpedo-BelAZ Zhodino,Maccabi Haifa,UECL,Torpedo Zhodino,Maccabi Haifa
202526-0298,2292036,MATCHED,DATE_SCORE_TEAM,1,1,1,True,0,0,0,FT,400,136037,133955,Lugano,CFR Cluj,UEL,FC Lugano,CFR Cluj
202526-0607,2291990,MATCHED,DATE_SCORE_TEAM,0.6315789474,0.9655172414,0.7985480944,True,0,2,1,FT,400,133979,138990,Vardar,Lausanne-Sport,UECL,Vardar Skopje,Lausanne Sports
202526-0635,2291989,MATCHED,DATE_SCORE_TEAM,1,1,1,True,0,2,1,FT,400,137800,137974,Vllaznia Shkodër,Víkingur Reykjavík,UECL,Vllaznia Shkodër,Vikingur Reykjavik
202526-0671,2272279,MATCHED,DATE_SCORE_TEAM,0.8461538462,0.6,0.7230769231,True,0,2,0,FT,400,134390,144994,Austria Vienna,Spaeri,UECL,Austria Wien,Spaeri Tbilisi
202526-0687,2294459,MATCHED,DATE_SCORE_TEAM,0.6956521739,1,0.847826087,True,0,1,2,FT,400,134310,135992,Sutjeska,Beitar Jerusalem,UECL,Sutjeska Niksic,Beitar Jerusalem
202526-0601,2272282,MATCHED,DATE_SCORE_TEAM,1,1,1,True,0,1,0,FT,400,133644,138349,Dundee United,UNA Strassen,UECL,Dundee United,UNA Strassen
202526-0617,2272283,MATCHED,DATE_SCORE_TEAM,1,0.8235294118,0.9117647059,True,0,1,1,FT,400,134336,133893,HB Tórshavn,Brøndby,UECL,HB Torshavn,Brøndby IF
202526-0647,2291992,MATCHED,DATE_SCORE_TEAM,0.6875,0.4545454545,0.5710227273,True,0,1,0,FT,400,134792,134060,St Patricks,Nõmme Kalju,UECL,St. Patrick's Athletic,Kalju Nomme
202526-0699,2291991,MATCHED,DATE_SCORE_TEAM,1,0.56,0.78,True,0,0,2,FT,400,137902,140667,Dinamo Minsk,Egnatia,UECL,Dinamo Minsk,Egnatia Rrogozhinë
202526-0611,2291994,MATCHED,DATE_SCORE_TEAM,1,1,1,True,0,0,0,FT,400,138007,140101,Larne,Prishtina,UECL,Larne FC,FC Prishtina
202526-0653,2272281,MATCHED,DATE_SCORE_TEAM,1,1,1,True,0,3,0,FT,400,137670,133975,Raków Częstochowa,MSK Zilina,UECL,Raków Czestochowa,MSK Zilina
202526-0667,2272284,MATCHED,DATE_SCORE_TEAM,1,1,1,True,0,2,1,FT,400,134013,138188,FK Sarajevo,Universitatea Craiova,UECL,FK Sarajevo,Universitatea Craiova
202526-0669,2291993,MATCHED,DATE_SCORE_TEAM,0.6666666667,0.8181818182,0.7424242424,True,0,0,2,FT,400,140118,134021,Dečić,Rapid Vienna,UECL,Decic Tuzi,Rapid Wien
202526-0052,2291186,MATCHED,DATE_SCORE_TEAM,1,1,1,True,0,3,0,FT,400,134602,134018,Kairat Almaty,KuPS,UCL,Kairat Almaty,KuPS Kuopio
202526-0690,2291995,MATCHED,DATE_SCORE_TEAM,1,1,1,True,0,2,2,AET,400,138046,134046,Iberia 1999,Levadia Tallinn,UECL,Iberia 1999,Levadia Tallinn
202526-0032,2291189,MATCHED,DATE_SCORE_TEAM,1,0.9655172414,0.9827586207,True,0,3,0,FT,400,133944,138133,Dynamo Kyiv,Ħamrun Spartans,UCL,Dynamo Kyiv,Hamrun Spartans
202526-0042,2291188,MATCHED,DATE_SCORE_TEAM,1,0.5263157895,0.7631578947,True,0,0,1,FT,400,140098,133898,Drita,FC Copenhagen,UCL,FC Drita,FC København
202526-0694,2291996,MATCHED,DATE_SCORE_TEAM,1,1,1,True,0,1,0,FT,400,134064,134312,Differdange 03,The New Saints,UECL,Differdange 03,The New Saints
202526-0696,2291997,MATCHED,DATE_SCORE_TEAM,1,1,1,True,0,1,1,FT,400,137792,134033,Inter Club d'Escaldes,Olimpija Ljubljana,UECL,Inter Club d'Escaldes,Olimpija Ljubljana
202526-0036,2291190,MATCHED,DATE_SCORE_TEAM,1,1,1,True,0,5,1,FT,400,133987,140040,Crvena Zvezda,Lincoln Red Imps,UCL,Red Star Belgrade,Lincoln Red Imps
202526-0048,2291191,MATCHED,DATE_SCORE_TEAM,1,1,1,True,0,2,2,FT,400,134341,134090,Zrinjski Mostar,Slovan Bratislava,UCL,Zrinjski Mostar,Slovan Bratislava
202526-0050,2291192,MATCHED,DATE_SCORE_TEAM,1,1,1,True,0,1,0,FT,400,135702,138033,Qarabağ,Shelbourne,UCL,Qarabag FK,Shelbourne
202526-0030,2291193,MATCHED,DATE_SCORE_TEAM,1,1,1,True,0,1,0,FT,400,134166,137985,Malmo FF,RFS,UCL,Malmö FF,RFS Riga
202526-0044,2291187,MATCHED,DATE_SCORE_TEAM,1,1,1,True,0,3,1,AET,400,133981,134399,Ludogorets Razgrad,Rijeka,UCL,Ludogorets Razgrad,NK Rijeka
202526-0046,2291194,MATCHED,DATE_SCORE_TEAM,1,1,1,True,0,1,2,FT,400,134005,134024,FCSB,Shkëndija,UCL,FCSB,Shkendija Tetovo
202526-0034,2272360,MATCHED,DATE_SCORE_TEAM,1,1,1,True,0,0,1,FT,400,134315,137928,Maccabi Tel Aviv,Pafos,UCL,Maccabi Tel-Aviv,Pafos FC
202526-0038,2291195,MATCHED,DATE_SCORE_TEAM,1,1,1,True,0,4,3,FT,400,134620,137895,Ferencváros,Noah,UCL,Ferencváros,FC Noah
202526-0058,2272361,MATCHED,DATE_SCORE_TEAM,1,0.6363636364,0.8181818182,True,0,1,1,FT,400,133746,133642,Panathinaikos,Rangers,UCL,Panathinaikos,Glasgow Rangers
202526-0040,2291196,MATCHED,DATE_SCORE_TEAM,0.9,1,0.95,True,0,0,1,FT,400,134347,134010,Breiðablik,Lech Poznań,UCL,Breidablik,Lech Poznan
202526-0054,2272362,MATCHED,DATE_SCORE_TEAM,0.64,0.5882352941,0.6141176471,True,0,1,1,FT,400,133970,134571,Red Bull Salzburg,Brann,UCL,FC Salzburg,SK Brann Bergen
202526-0056,2272363,MATCHED,DATE_SCORE_TEAM,0.6956521739,1,0.847826087,True,0,1,3,FT,400,133991,134015,Servette,Viktoria Plzeň,UCL,Servette FC Genève,Viktoria Plzen
202526-0638,2291999,MATCHED,DATE_SCORE_TEAM,1,1,1,True,0,5,1,FT,400,134004,138132,Spartak Trnava,Hibernians,UECL,Spartak Trnava,Hibernians FC
202526-0634,2292007,MATCHED,DATE_SCORE_TEAM,1,1,1,True,0,3,1,FT,400,134314,137896,Győri ETO,Pyunik Yerevan,UECL,ETO Györ,Pyunik Yerevan
202526-0640,2292000,MATCHED,DATE_SCORE_TEAM,1,1,1,True,0,2,2,PEN,400,133953,137916,HJK Helsinki,Arda Kardzhali,UECL,HJK Helsinki,Arda Kardzhali
202526-0644,2308489,MATCHED,DATE_SCORE_TEAM,1,1,1,True,0,3,3,FT,400,133995,137984,Dila Gori,Riga FC,UECL,Dila Gori,Riga FC
202526-0652,2272295,MATCHED,DATE_SCORE_TEAM,1,0.8571428571,0.9285714286,True,0,0,2,FT,400,137989,133990,Banga Gargždai,Rosenborg,UECL,Banga Gargzdai,Rosenborg BK
202526-0664,2292001,MATCHED,DATE_SCORE_TEAM,1,1,1,True,0,4,1,FT,400,138341,138123,Sabah FC,Petrocub Hîncești,UECL,Sabah FK,Petrocub Hîncesti
202526-0672,2272308,MATCHED,DATE_SCORE_TEAM,0.6,0.8461538462,0.7230769231,True,0,0,5,FT,400,144994,134390,Spaeri,Austria Vienna,UECL,Spaeri Tbilisi,Austria Wien
202526-0676,2292002,MATCHED,DATE_SCORE_TEAM,1,1,1,True,0,1,4,FT,400,134346,140180,FC Santa Coloma,Polissya Zhytomyr,UECL,FC Santa Coloma,Polissya Zhytomyr
202526-0301,2292038,MATCHED,DATE_SCORE_TEAM,1,1,1,True,0,2,1,FT,400,136251,134318,AEK Larnaca,Celje,UEL,AEK Larnaca,NK Celje
202526-0620,2292004,MATCHED,DATE_SCORE_TEAM,1,0.5555555556,0.7777777778,True,0,5,0,FT,400,133767,136687,AZ Alkmaar,Ilves,UECL,AZ Alkmaar,Ilves Tampere
202526-0648,2292003,MATCHED,DATE_SCORE_TEAM,0.4545454545,0.6875,0.5710227273,True,0,2,2,AET,400,134060,134792,Nõmme Kalju,St Patricks,UECL,Kalju Nomme,St. Patrick's Athletic
202526-0307,2292039,MATCHED,DATE_SCORE_TEAM,0.8,1,0.9,True,0,2,1,PEN,400,134160,133776,Hacken,Anderlecht,UEL,BK Häcken,Anderlecht
202526-0602,2272306,MATCHED,DATE_SCORE_TEAM,1,1,1,True,0,0,1,FT,400,138349,133644,UNA Strassen,Dundee United,UECL,UNA Strassen,Dundee United
202526-0658,2292006,MATCHED,DATE_SCORE_TEAM,1,1,1,True,0,6,0,FT,400,134011,137975,AIK,Paide Linnameeskond,UECL,AIK Stockholm,Paide Linnameeskond
202526-0660,2272289,MATCHED,DATE_SCORE_TEAM,1,1,1,True,0,0,2,FT,400,134051,134342,Zimbru Chișinău,Astana,UECL,Zimbru Chisinau,FK Astana
202526-0674,2272298,MATCHED,DATE_SCORE_TEAM,1,1,1,True,0,1,2,AET,400,138198,137892,Universitatea Cluj,Ararat-Armenia,UECL,Universitatea Cluj,Ararat-Armenia
202526-0684,2292008,MATCHED,DATE_SCORE_TEAM,1,1,1,True,0,0,4,FT,400,134042,133986,Torpedo Kutaisi,Omonia Nicosia,UECL,Torpedo Kutaisi,Omonia Nicosia
202526-0698,2292005,MATCHED,DATE_SCORE_TEAM,1,1,1,True,0,2,1,FT,400,134084,133983,Milsami Orhei,Budućnost Podgorica,UECL,Milsami Orhei,Buducnost Podgorica
202526-0299,2292040,MATCHED,DATE_SCORE_TEAM,1,1,1,True,0,1,0,AET,400,133955,136037,CFR Cluj,Lugano,UEL,CFR Cluj,FC Lugano
202526-0618,2272299,MATCHED,DATE_SCORE_TEAM,0.8235294118,1,0.9117647059,True,0,1,0,FT,400,133893,134336,Brøndby,HB Tórshavn,UECL,Brøndby IF,HB Torshavn
202526-0668,2272293,MATCHED,DATE_SCORE_TEAM,1,1,1,True,0,4,0,FT,400,138188,134013,Universitatea Craiova,FK Sarajevo,UECL,Universitatea Craiova,FK Sarajevo
202526-0688,2292009,MATCHED,DATE_SCORE_TEAM,1,0.6956521739,0.847826087,True,0,5,2,FT,400,135992,134310,Beitar Jerusalem,Sutjeska,UECL,Beitar Jerusalem,Sutjeska Niksic
202526-0686,2272305,MATCHED,DATE_SCORE_TEAM,1,0.7857142857,0.8928571429,True,0,4,0,FT,400,134589,137915,İstanbul Başakşehir,Cherno More,UECL,Istanbul Basaksehir,Cherno More Varna
202526-0309,2292041,MATCHED,DATE_SCORE_TEAM,1,1,1,True,0,4,1,FT,400,133764,133962,Utrecht,Sheriff Tiraspol,UEL,FC Utrecht,Sheriff Tiraspol
202526-0313,2292037,MATCHED,DATE_SCORE_TEAM,1,1,1,True,0,2,0,FT,400,134126,133794,Shakhtar Donetsk,Beşiktaş,UEL,Shakhtar Donetsk,Besiktas
202526-0606,2272301,MATCHED,DATE_SCORE_TEAM,0.88,1,0.94,True,0,2,0,FT,400,136192,137798,Santa Clara,NK Varaždin,UECL,CD Santa Clara,NK Varazdin
202526-0612,2292016,MATCHED,DATE_SCORE_TEAM,1,1,1,True,0,1,1,PEN,400,140101,138007,Prishtina,Larne,UECL,FC Prishtina,Larne FC
202526-0614,2292014,MATCHED,DATE_SCORE_TEAM,1,0.5454545455,0.7727272727,True,0,3,5,FT,400,134604,134570,Koper,Viking,UECL,NK Koper,Viking Stavanger
202526-0622,2291998,MATCHED,DATE_SCORE_TEAM,1,1,1,True,0,1,1,FT,400,134608,134603,Neman Grodno,Košice,UECL,Neman Grodno,FC Kosice
202526-0624,2292012,MATCHED,DATE_SCORE_TEAM,0.9714285714,1,0.9857142857,True,0,0,0,FT,400,134799,133753,Hapoel Be'er Sheva,AEK Athens,UECL,Hapoel Beer-Sheva,AEK Athens
202526-0626,2292011,MATCHED,DATE_SCORE_TEAM,1,0.8888888889,0.9444444444,True,0,1,1,FT,400,133948,138185,Maribor,Paks,UECL,NK Maribor,Paksi FC
202526-0642,2272303,MATCHED,DATE_SCORE_TEAM,1,1,1,True,0,2,3,AET,400,137970,133892,KA Akureyri,Silkeborg IF,UECL,KA Akureyri,Silkeborg IF
202526-0646,2272297,MATCHED,DATE_SCORE_TEAM,1,0.8421052632,0.9210526316,True,0,1,2,AET,400,133826,134731,Charleroi,Hammarby,UECL,Charleroi,Hammarby IF
202526-0650,2292013,MATCHED,DATE_SCORE_TEAM,0.8,1,0.9,True,0,4,0,FT,400,134007,140520,Sparta Prague,Aktobe,UECL,Sparta Praha,FK Aktobe
202526-0678,2272309,MATCHED,DATE_SCORE_TEAM,1,1,1,True,0,0,2,FT,400,138182,141094,Puskás Akadémia FC,Aris Limassol,UECL,Puskás Akadémia,Aris Limassol
202526-0680,2292015,MATCHED,DATE_SCORE_TEAM,1,0.8333333333,0.9166666667,True,0,3,0,FT,400,134400,137910,Maccabi Haifa,Torpedo-BelAZ Zhodino,UECL,Maccabi Haifa,Torpedo Zhodino
202526-0608,2292017,MATCHED,DATE_SCORE_TEAM,0.9655172414,0.6315789474,0.7985480944,True,0,5,0,FT,400,138990,133979,Lausanne-Sport,Vardar,UECL,Lausanne Sports,Vardar Skopje
202526-0666,2272294,MATCHED,DATE_SCORE_TEAM,0.9523809524,1,0.9761904762,True,0,3,1,FT,400,135297,140069,Jagiellonia Białystok,Novi Pazar,UECL,Jagiellonia Bialystok,Novi Pazar
202526-0682,2272307,MATCHED,DATE_SCORE_TEAM,0.380952381,0.7857142857,0.5833333333,True,0,2,2,FT,400,133742,146883,Aris,Araz-Naxçıvan,UECL,Aris Thessaloniki,Araz Nakhchivan
202526-0616,2292018,MATCHED,DATE_SCORE_TEAM,0.5,1,0.75,True,0,1,2,FT,400,137973,137992,Valur,Kauno Žalgiris,UECL,Valur Reykjavik,Kauno Zalgiris
202526-0654,2272296,MATCHED,DATE_SCORE_TEAM,1,1,1,True,0,1,3,FT,400,133975,137670,MSK Zilina,Raków Częstochowa,UECL,MSK Zilina,Raków Czestochowa
202526-0670,2292019,MATCHED,DATE_SCORE_TEAM,0.8181818182,0.6666666667,0.7424242424,True,0,4,2,FT,400,134021,140118,Rapid Vienna,Dečić,UECL,Rapid Wien,Decic Tuzi
202526-0604,2292010,MATCHED,DATE_SCORE_TEAM,1,1,1,True,0,1,1,FT,400,134039,141258,Floriana,Ballkani,UECL,Floriana,FC Ballkani
202526-0632,2272304,MATCHED,DATE_SCORE_TEAM,1,1,1,True,0,0,3,AET,400,135944,134320,Dungannon Swifts,Vaduz,UECL,Dungannon Swifts,FC Vaduz
202526-0636,2292021,MATCHED,DATE_SCORE_TEAM,1,1,1,True,0,4,2,AET,400,137974,137800,Víkingur Reykjavík,Vllaznia Shkodër,UECL,Vikingur Reykjavik,Vllaznia Shkodër
202526-0656,2292023,MATCHED,DATE_SCORE_TEAM,1,1,1,True,0,1,0,FT,400,138051,141776,KÍ Klaksvík,Radnički 1923,UECL,KI Klaksvik,Radnicki 1923
202526-0662,2292022,MATCHED,DATE_SCORE_TEAM,0.6666666667,1,0.8333333333,True,0,1,1,FT,400,140666,137790,Dinamo City,Atlètic d'Escaldes,UECL,Dinamo Tirana,Atlètic Club d'Escaldes
202526-0692,2292020,MATCHED,DATE_SCORE_TEAM,0.6666666667,1,0.8333333333,True,0,2,0,FT,400,133964,134095,Linfield,Žalgiris Vilnius,UECL,Linfield Belfast,Zalgiris Vilnius
202526-0303,2292042,MATCHED,DATE_SCORE_TEAM,0.5263157895,1,0.7631578947,True,0,1,0,AET,400,134098,134085,Braga,Levski Sofia,UEL,Sporting Braga,Levski Sofia
202526-0305,2292043,MATCHED,DATE_SCORE_TEAM,1,1,1,True,0,2,1,FT,400,133992,136684,Legia Warsaw,Baník Ostrava,UEL,Legia Warsaw,Baník Ostrava
202526-0311,2272327,MATCHED,DATE_SCORE_TEAM,1,1,1,True,0,1,2,AET,400,133646,133891,Hibernian,FC Midtjylland,UEL,Hibernian,FC Midtjylland
202526-0610,2292025,MATCHED,DATE_SCORE_TEAM,1,0.9523809524,0.9761904762,True,0,0,0,FT,400,133978,140100,Shamrock Rovers,St Josephs,UECL,Shamrock Rovers,St Joseph's FC
202526-0628,2292024,MATCHED,DATE_SCORE_TEAM,1,1,1,True,0,4,0,FT,400,133960,135483,Partizan Belgrade,Oleksandriya,UECL,Partizan Belgrade,FC Oleksandriya
202526-0630,2272302,MATCHED,DATE_SCORE_TEAM,1,1,1,True,0,2,1,AET,400,134019,138340,Hajduk Split,Zira,UECL,Hajduk Split,Zira FK
202526-0700,2292026,MATCHED,DATE_SCORE_TEAM,0.56,1,0.78,True,0,1,0,FT,400,140667,137902,Egnatia,Dinamo Minsk,UECL,Egnatia Rrogozhinë,Dinamo Minsk
202526-0059,2298893,MATCHED,DATE_SCORE_TEAM,1,0.5263157895,0.7631578947,True,0,0,0,FT,400,134166,133898,Malmo FF,FC Copenhagen,UCL,Malmö FF,FC København
202526-0334,2299474,MATCHED,DATE_SCORE_TEAM,0.9655172414,1,0.9827586207,True,0,1,2,FT,400,138133,134315,Ħamrun Spartans,Maccabi Tel Aviv,UEL,Hamrun Spartans,Maccabi Tel-Aviv
202526-0067,2298895,MATCHED,DATE_SCORE_TEAM,1,1,1,True,0,0,1,FT,400,133944,137928,Dynamo Kyiv,Pafos,UCL,Dynamo Kyiv,Pafos FC
202526-0069,2298894,MATCHED,DATE_SCORE_TEAM,1,1,1,True,0,0,1,FT,400,134024,135702,Shkëndija,Qarabağ,UCL,Shkendija Tetovo,Qarabag FK
202526-0073,2298896,MATCHED,DATE_SCORE_TEAM,0.6363636364,1,0.8181818182,True,0,3,0,FT,400,133642,134015,Rangers,Viktoria Plzeň,UCL,Glasgow Rangers,Viktoria Plzen
202526-0703,2299403,MATCHED,DATE_SCORE_TEAM,1,1,1,True,0,2,0,FT,400,138051,134608,KÍ Klaksvík,Neman Grodno,UECL,KI Klaksvik,Neman Grodno
202526-0061,2297598,MATCHED,DATE_SCORE_TEAM,1,1,1,True,0,1,0,FT,400,134602,134090,Kairat Almaty,Slovan Bratislava,UCL,Kairat Almaty,Slovan Bratislava
202526-0071,2298897,MATCHED,DATE_SCORE_TEAM,0.64,1,0.82,True,0,0,1,FT,400,133970,133789,Red Bull Salzburg,Club Brugge,UCL,FC Salzburg,Club Brugge
202526-0332,2299480,MATCHED,DATE_SCORE_TEAM,1,1,1,True,0,1,2,FT,400,137985,134018,RFS,KuPS,UEL,RFS Riga,KuPS Kuopio
202526-0065,2298898,MATCHED,DATE_SCORE_TEAM,1,1,1,True,0,0,0,FT,400,133981,134620,Ludogorets Razgrad,Ferencváros,UCL,Ludogorets Razgrad,Ferencváros
202526-0063,2298899,MATCHED,DATE_SCORE_TEAM,1,1,1,True,0,1,3,FT,400,134010,133987,Lech Poznań,Crvena Zvezda,UCL,Lech Poznan,Red Star Belgrade
202526-0330,2299476,MATCHED,DATE_SCORE_TEAM,1,1,1,True,0,1,2,FT,400,134399,138033,Rijeka,Shelbourne,UEL,NK Rijeka,Shelbourne
202526-0075,2295589,MATCHED,DATE_SCORE_TEAM,0.6666666667,1,0.8333333333,True,0,0,2,FT,400,133712,134108,Nice,Benfica,UCL,OGC Nice,Benfica
202526-0077,2295588,MATCHED,DATE_SCORE_TEAM,1,1,1,True,0,2,1,FT,400,133758,133807,Feyenoord,Fenerbahçe,UCL,Feyenoord,Fenerbahçe
202526-0316,2299478,MATCHED,DATE_SCORE_TEAM,1,1,1,True,0,1,3,FT,400,134749,133891,Fredrikstad,FC Midtjylland,UEL,Fredrikstad FK,FC Midtjylland
202526-0328,2299471,MATCHED,DATE_SCORE_TEAM,1,1,1,True,0,1,1,FT,400,140040,137895,Lincoln Red Imps,Noah,UEL,Lincoln Red Imps,FC Noah
202526-0717,2299404,MATCHED,DATE_SCORE_TEAM,0.7857142857,1,0.8928571429,True,0,0,4,FT,400,146883,133986,Araz-Naxçıvan,Omonia Nicosia,UECL,Araz Nakhchivan,Omonia Nicosia
202526-0735,2299401,MATCHED,DATE_SCORE_TEAM,1,1,1,True,0,2,2,FT,400,141094,133753,Aris Limassol,AEK Athens,UECL,Aris Limassol,AEK Athens
202526-0747,2302803,MATCHED,DATE_SCORE_TEAM,0.8571428571,0.8421052632,0.8496240602,True,0,0,0,FT,400,133990,134731,Rosenborg,Hammarby,UECL,Rosenborg BK,Hammarby IF
202526-0751,2299396,MATCHED,DATE_SCORE_TEAM,1,1,1,True,0,0,1,FT,400,137992,137916,Kauno Žalgiris,Arda Kardzhali,UECL,Kauno Zalgiris,Arda Kardzhali
202526-0755,2299389,MATCHED,DATE_SCORE_TEAM,1,1,1,True,0,3,2,FT,400,134084,138086,Milsami Orhei,Virtus,UECL,Milsami Orhei,AC Virtus
202526-0314,2299475,MATCHED,DATE_SCORE_TEAM,1,1,1,True,0,4,1,FT,400,136251,133992,AEK Larnaca,Legia Warsaw,UEL,AEK Larnaca,Legia Warsaw
202526-0318,2299479,MATCHED,DATE_SCORE_TEAM,1,0.5263157895,0.7631578947,True,0,1,2,FT,400,133955,134098,CFR Cluj,Braga,UEL,CFR Cluj,Sporting Braga
202526-0745,2299398,MATCHED,DATE_SCORE_TEAM,1,0.8461538462,0.9230769231,True,0,4,3,FT,400,136684,134390,Baník Ostrava,Austria Vienna,UECL,Baník Ostrava,Austria Wien
202526-0324,2299477,MATCHED,DATE_SCORE_TEAM,0.8,0.5882352941,0.6941176471,True,0,0,2,FT,400,134160,134571,Hacken,Brann,UEL,BK Häcken,SK Brann Bergen
202526-0707,2299392,MATCHED,DATE_SCORE_TEAM,0.5454545455,1,0.7727272727,True,0,1,3,FT,400,134570,134589,Viking,İstanbul Başakşehir,UECL,Viking Stavanger,Istanbul Basaksehir
202526-0709,2299385,MATCHED,DATE_SCORE_TEAM,1,1,1,True,0,2,1,FT,400,134011,134314,AIK,Győri ETO,UECL,AIK Stockholm,ETO Györ
202526-0713,2308490,MATCHED,DATE_SCORE_TEAM,1,1,1,True,0,3,0,FT,400,137984,135992,Riga FC,Beitar Jerusalem,UECL,Riga FC,Beitar Jerusalem
202526-0741,2299391,MATCHED,DATE_SCORE_TEAM,1,0.9523809524,0.9761904762,True,0,0,1,FT,400,133892,135297,Silkeborg IF,Jagiellonia Białystok,UECL,Silkeborg IF,Jagiellonia Bialystok
202526-0320,2295170,MATCHED,DATE_SCORE_TEAM,0.380952381,1,0.6904761905,True,0,0,0,FT,400,133749,137252,PAOK,Wolfsberger AC,UEL,PAOK Thessaloniki,Wolfsberger AC
202526-0326,2299472,MATCHED,DATE_SCORE_TEAM,1,1,1,True,0,0,0,FT,400,133746,134126,Panathinaikos,Shakhtar Donetsk,UEL,Panathinaikos,Shakhtar Donetsk
202526-0336,2299470,MATCHED,DATE_SCORE_TEAM,1,0.9,0.95,True,0,1,1,FT,400,134341,134347,Zrinjski Mostar,Breiðablik,UEL,Zrinjski Mostar,Breidablik
202526-0705,2299407,MATCHED,DATE_SCORE_TEAM,1,1,1,True,0,3,0,FT,400,133776,133962,Anderlecht,Sheriff Tiraspol,UECL,Anderlecht,Sheriff Tiraspol
202526-0711,2299397,MATCHED,DATE_SCORE_TEAM,0.8,1,0.9,True,0,4,1,FT,400,134007,137892,Sparta Prague,Ararat-Armenia,UECL,Sparta Praha,Ararat-Armenia
202526-0721,2299387,MATCHED,DATE_SCORE_TEAM,1,1,1,True,0,3,0,FT,400,133767,134320,AZ Alkmaar,Vaduz,UECL,AZ Alkmaar,FC Vaduz
202526-0729,2299383,MATCHED,DATE_SCORE_TEAM,1,0.8888888889,0.9444444444,True,0,3,0,FT,400,140180,138185,Polissya Zhytomyr,Paks,UECL,Polissya Zhytomyr,Paksi FC
202526-0739,2299402,MATCHED,DATE_SCORE_TEAM,1,1,1,True,0,1,0,FT,400,134085,138341,Levski Sofia,Sabah FC,UECL,Levski Sofia,Sabah FK
202526-0753,2299408,MATCHED,DATE_SCORE_TEAM,1,0.56,0.78,True,0,0,0,FT,400,134033,140667,Olimpija Ljubljana,Egnatia,UECL,Olimpija Ljubljana,Egnatia Rrogozhinë
202526-0757,2297642,MATCHED,DATE_SCORE_TEAM,1,1,1,True,0,2,3,FT,400,134064,134046,Differdange 03,Levadia Tallinn,UECL,Differdange 03,Levadia Tallinn
202526-0759,2299399,MATCHED,DATE_SCORE_TEAM,0.7619047619,0.6666666667,0.7142857143,True,0,2,1,FT,400,134026,133964,Víkingur Gøta,Linfield,UECL,Víkingur,Linfield Belfast
202526-0715,2299388,MATCHED,DATE_SCORE_TEAM,0.9655172414,1,0.9827586207,True,0,3,1,FT,400,138990,134342,Lausanne-Sport,Astana,UECL,Lausanne Sports,FK Astana
202526-0322,2299473,MATCHED,DATE_SCORE_TEAM,0.6956521739,1,0.847826087,True,0,1,3,FT,400,133991,133764,Servette,Utrecht,UEL,Servette FC Genève,FC Utrecht
202526-0338,2299469,MATCHED,DATE_SCORE_TEAM,1,1,1,True,0,3,2,FT,400,134005,140098,FCSB,Drita,UEL,FCSB,FC Drita
202526-0719,2299384,MATCHED,DATE_SCORE_TEAM,1,1,1,True,0,3,0,FT,400,138188,134004,Universitatea Craiova,Spartak Trnava,UECL,Universitatea Craiova,Spartak Trnava
202526-0727,2299390,MATCHED,DATE_SCORE_TEAM,1,1,1,True,0,1,0,FT,400,141258,133978,Ballkani,Shamrock Rovers,UECL,FC Ballkani,Shamrock Rovers
202526-0731,2299386,MATCHED,DATE_SCORE_TEAM,1,1,1,True,0,0,5,FT,400,136037,134318,Lugano,Celje,UECL,FC Lugano,NK Celje
202526-0723,2299393,MATCHED,DATE_SCORE_TEAM,1,0.8235294118,0.9117647059,True,0,3,0,FT,400,137974,133893,Víkingur Reykjavík,Brøndby,UECL,Vikingur Reykjavik,Brøndby IF
202526-0749,2299405,MATCHED,DATE_SCORE_TEAM,0.6875,1,0.84375,True,0,1,4,FT,400,134792,133794,St Patricks,Beşiktaş,UECL,St. Patrick's Athletic,Besiktas
202526-0701,2299406,MATCHED,DATE_SCORE_TEAM,0.8181818182,1,0.9090909091,True,0,2,2,FT,400,134021,133644,Rapid Vienna,Dundee United,UECL,Rapid Wien,Dundee United
202526-0725,2299394,MATCHED,DATE_SCORE_TEAM,1,0.88,0.94,True,0,0,3,FT,400,138007,136192,Larne,Santa Clara,UECL,Larne FC,CD Santa Clara
202526-0733,2299409,MATCHED,DATE_SCORE_TEAM,1,0.6666666667,0.8333333333,True,0,2,1,FT,400,134019,140666,Hajduk Split,Dinamo City,UECL,Hajduk Split,Dinamo Tirana
202526-0737,2299395,MATCHED,DATE_SCORE_TEAM,1,1,1,True,0,0,1,FT,400,137670,134400,Raków Częstochowa,Maccabi Haifa,UECL,Raków Czestochowa,Maccabi Haifa
202526-0743,2299400,MATCHED,DATE_SCORE_TEAM,1,1,1,True,0,0,2,FT,400,133960,133646,Partizan Belgrade,Hibernian,UECL,Partizan Belgrade,Hibernian
202526-0070,2298900,MATCHED,DATE_SCORE_TEAM,1,1,1,True,0,5,1,FT,400,135702,134024,Qarabağ,Shkëndija,UCL,Qarabag FK,Shkendija Tetovo
202526-0060,2298904,MATCHED,DATE_SCORE_TEAM,0.5263157895,1,0.7631578947,True,0,5,0,FT,400,133898,134166,FC Copenhagen,Malmo FF,UCL,FC København,Malmö FF
202526-0068,2298901,MATCHED,DATE_SCORE_TEAM,1,1,1,True,0,2,0,FT,400,137928,133944,Pafos,Dynamo Kyiv,UCL,Pafos FC,Dynamo Kyiv
202526-0074,2298902,MATCHED,DATE_SCORE_TEAM,1,0.6363636364,0.8181818182,True,0,2,1,FT,400,134015,133642,Viktoria Plzeň,Rangers,UCL,Viktoria Plzen,Glasgow Rangers
202526-0078,2295590,MATCHED,DATE_SCORE_TEAM,1,1,1,True,0,5,2,FT,400,133807,133758,Fenerbahçe,Feyenoord,UCL,Fenerbahçe,Feyenoord
202526-0072,2298903,MATCHED,DATE_SCORE_TEAM,1,0.64,0.82,True,0,3,2,FT,400,133789,133970,Club Brugge,Red Bull Salzburg,UCL,Club Brugge,FC Salzburg
202526-0062,2297599,MATCHED,DATE_SCORE_TEAM,1,1,1,True,0,1,0,PEN,400,134090,134602,Slovan Bratislava,Kairat Almaty,UCL,Slovan Bratislava,Kairat Almaty
202526-0066,2298905,MATCHED,DATE_SCORE_TEAM,1,1,1,True,0,3,0,FT,400,134620,133981,Ferencváros,Ludogorets Razgrad,UCL,Ferencváros,Ludogorets Razgrad
202526-0331,2299490,MATCHED,DATE_SCORE_TEAM,1,1,1,True,0,1,3,FT,400,138033,134399,Shelbourne,Rijeka,UEL,Shelbourne,NK Rijeka
202526-0064,2298906,MATCHED,DATE_SCORE_TEAM,1,1,1,True,0,1,1,FT,400,133987,134010,Crvena Zvezda,Lech Poznań,UCL,Red Star Belgrade,Lech Poznan
202526-0076,2295591,MATCHED,DATE_SCORE_TEAM,1,0.6666666667,0.8333333333,True,0,2,0,FT,400,134108,133712,Benfica,Nice,UCL,Benfica,OGC Nice
202526-0708,2299436,MATCHED,DATE_SCORE_TEAM,1,0.5454545455,0.7727272727,True,0,1,1,FT,400,134589,134570,İstanbul Başakşehir,Viking,UECL,Istanbul Basaksehir,Viking Stavanger
202526-0716,2299417,MATCHED,DATE_SCORE_TEAM,1,0.9655172414,0.9827586207,True,0,0,2,FT,400,134342,138990,Astana,Lausanne-Sport,UECL,FK Astana,Lausanne Sports
202526-0333,2299484,MATCHED,DATE_SCORE_TEAM,1,1,1,True,0,1,0,FT,400,134018,137985,KuPS,RFS,UEL,KuPS Kuopio,RFS Riga
202526-0317,2300850,MATCHED,DATE_SCORE_TEAM,1,1,1,True,0,2,0,FT,400,133891,134749,FC Midtjylland,Fredrikstad,UEL,FC Midtjylland,Fredrikstad FK
202526-0712,2299425,MATCHED,DATE_SCORE_TEAM,1,0.8,0.9,True,0,1,2,FT,400,137892,134007,Ararat-Armenia,Sparta Prague,UECL,Ararat-Armenia,Sparta Praha
202526-0740,2299435,MATCHED,DATE_SCORE_TEAM,1,1,1,True,0,0,2,FT,400,138341,134085,Sabah FC,Levski Sofia,UECL,Sabah FK,Levski Sofia
202526-0758,2297643,MATCHED,DATE_SCORE_TEAM,1,1,1,True,0,1,3,AET,400,134046,134064,Levadia Tallinn,Differdange 03,UECL,Levadia Tallinn,Differdange 03
202526-0321,2295171,MATCHED,DATE_SCORE_TEAM,1,0.380952381,0.6904761905,True,0,0,1,AET,400,137252,133749,Wolfsberger AC,PAOK,UEL,Wolfsberger AC,PAOK Thessaloniki
202526-0325,2299487,MATCHED,DATE_SCORE_TEAM,0.5882352941,0.8,0.6941176471,True,0,0,1,FT,400,134571,134160,Brann,Hacken,UEL,SK Brann Bergen,BK Häcken
202526-0329,2299488,MATCHED,DATE_SCORE_TEAM,1,1,1,True,0,0,0,PEN,400,137895,140040,Noah,Lincoln Red Imps,UEL,FC Noah,Lincoln Red Imps
202526-0706,2299426,MATCHED,DATE_SCORE_TEAM,1,1,1,True,0,1,1,FT,400,133962,133776,Sheriff Tiraspol,Anderlecht,UECL,Sheriff Tiraspol,Anderlecht
202526-0710,2299429,MATCHED,DATE_SCORE_TEAM,1,1,1,True,0,2,0,FT,400,134314,134011,Győri ETO,AIK,UECL,ETO Györ,AIK Stockholm
202526-0718,2299430,MATCHED,DATE_SCORE_TEAM,1,0.7857142857,0.8928571429,True,0,5,0,FT,400,133986,146883,Omonia Nicosia,Araz-Naxçıvan,UECL,Omonia Nicosia,Araz Nakhchivan
202526-0730,2299414,MATCHED,DATE_SCORE_TEAM,0.8888888889,1,0.9444444444,True,0,2,1,FT,400,138185,140180,Paks,Polissya Zhytomyr,UECL,Paksi FC,Polissya Zhytomyr
202526-0748,2299432,MATCHED,DATE_SCORE_TEAM,0.8421052632,0.8571428571,0.8496240602,True,0,0,1,FT,400,134731,133990,Hammarby,Rosenborg,UECL,Hammarby IF,Rosenborg BK
202526-0337,2299483,MATCHED,DATE_SCORE_TEAM,0.9,1,0.95,True,0,1,2,FT,400,134347,134341,Breiðablik,Zrinjski Mostar,UEL,Breidablik,Zrinjski Mostar
202526-0714,2308491,MATCHED,DATE_SCORE_TEAM,1,1,1,True,0,3,1,FT,400,135992,137984,Beitar Jerusalem,Riga FC,UECL,Beitar Jerusalem,Riga FC
202526-0722,2299415,MATCHED,DATE_SCORE_TEAM,1,1,1,True,0,0,1,FT,400,134320,133767,Vaduz,AZ Alkmaar,UECL,FC Vaduz,AZ Alkmaar
202526-0724,2299416,MATCHED,DATE_SCORE_TEAM,0.8235294118,1,0.9117647059,True,0,4,0,FT,400,133893,137974,Brøndby,Víkingur Reykjavík,UECL,Brøndby IF,Vikingur Reykjavik
202526-0752,2299421,MATCHED,DATE_SCORE_TEAM,1,1,1,True,0,2,0,FT,400,137916,137992,Arda Kardzhali,Kauno Žalgiris,UECL,Arda Kardzhali,Kauno Zalgiris
202526-0323,2299482,MATCHED,DATE_SCORE_TEAM,1,0.6956521739,0.847826087,True,0,2,1,FT,400,133764,133991,Utrecht,Servette,UEL,FC Utrecht,Servette FC Genève
202526-0327,2299485,MATCHED,DATE_SCORE_TEAM,1,1,1,True,0,0,0,PEN,400,134126,133746,Shakhtar Donetsk,Panathinaikos,UEL,Shakhtar Donetsk,Panathinaikos
202526-0335,2299486,MATCHED,DATE_SCORE_TEAM,1,0.9655172414,0.9827586207,True,0,3,1,FT,400,134315,138133,Maccabi Tel Aviv,Ħamrun Spartans,UEL,Maccabi Tel-Aviv,Hamrun Spartans
202526-0339,2299491,MATCHED,DATE_SCORE_TEAM,1,1,1,True,0,1,3,FT,400,140098,134005,Drita,FCSB,UEL,FC Drita,FCSB
202526-0704,2299418,MATCHED,DATE_SCORE_TEAM,1,1,1,True,0,2,0,PEN,400,134608,138051,Neman Grodno,KÍ Klaksvík,UECL,Neman Grodno,KI Klaksvik
202526-0732,2299410,MATCHED,DATE_SCORE_TEAM,1,1,1,True,0,2,4,FT,400,134318,136037,Celje,Lugano,UECL,NK Celje,FC Lugano
202526-0736,2299431,MATCHED,DATE_SCORE_TEAM,1,1,1,True,0,3,1,AET,400,133753,141094,AEK Athens,Aris Limassol,UECL,AEK Athens,Aris Limassol
202526-0738,2299411,MATCHED,DATE_SCORE_TEAM,1,1,1,True,0,0,2,FT,400,134400,137670,Maccabi Haifa,Raków Częstochowa,UECL,Maccabi Haifa,Raków Czestochowa
202526-0750,2299413,MATCHED,DATE_SCORE_TEAM,1,0.6875,0.84375,True,0,3,2,FT,400,133794,134792,Beşiktaş,St Patricks,UECL,Besiktas,St. Patrick's Athletic
202526-0742,2299412,MATCHED,DATE_SCORE_TEAM,0.9523809524,1,0.9761904762,True,0,2,2,FT,400,135297,133892,Jagiellonia Białystok,Silkeborg IF,UECL,Jagiellonia Bialystok,Silkeborg IF
202526-0319,2299489,MATCHED,DATE_SCORE_TEAM,0.5263157895,1,0.7631578947,True,0,2,0,FT,400,134098,133955,Braga,CFR Cluj,UEL,Sporting Braga,CFR Cluj
202526-0720,2299427,MATCHED,DATE_SCORE_TEAM,1,1,1,True,0,4,3,AET,400,134004,138188,Spartak Trnava,Universitatea Craiova,UECL,Spartak Trnava,Universitatea Craiova
202526-0702,2299424,MATCHED,DATE_SCORE_TEAM,1,0.8181818182,0.9090909091,True,0,2,2,PEN,400,133644,134021,Dundee United,Rapid Vienna,UECL,Dundee United,Rapid Wien
202526-0734,2299433,MATCHED,DATE_SCORE_TEAM,0.6666666667,1,0.8333333333,True,0,3,1,AET,400,140666,134019,Dinamo City,Hajduk Split,UECL,Dinamo Tirana,Hajduk Split
202526-0760,2302804,MATCHED,DATE_SCORE_TEAM,0.6666666667,0.7619047619,0.7142857143,True,0,2,0,FT,400,133964,134026,Linfield,Víkingur Gøta,UECL,Linfield Belfast,Víkingur
202526-0315,2299481,MATCHED,DATE_SCORE_TEAM,1,1,1,True,0,2,1,FT,400,133992,136251,Legia Warsaw,AEK Larnaca,UEL,Legia Warsaw,AEK Larnaca
202526-0726,2299420,MATCHED,DATE_SCORE_TEAM,0.88,1,0.94,True,0,0,0,FT,400,136192,138007,Santa Clara,Larne,UECL,CD Santa Clara,Larne FC
202526-0728,2299419,MATCHED,DATE_SCORE_TEAM,1,1,1,True,0,4,0,FT,400,133978,141258,Shamrock Rovers,Ballkani,UECL,Shamrock Rovers,FC Ballkani
202526-0744,2299428,MATCHED,DATE_SCORE_TEAM,1,1,1,True,0,2,3,AET,400,133646,133960,Hibernian,Partizan Belgrade,UECL,Hibernian,Partizan Belgrade
202526-0746,2299422,MATCHED,DATE_SCORE_TEAM,0.8461538462,1,0.9230769231,True,0,1,1,FT,400,134390,136684,Austria Vienna,Baník Ostrava,UECL,Austria Wien,Baník Ostrava
202526-0754,2299434,MATCHED,DATE_SCORE_TEAM,0.56,1,0.78,True,0,2,4,AET,400,140667,134033,Egnatia,Olimpija Ljubljana,UECL,Egnatia Rrogozhinë,Olimpija Ljubljana
202526-0756,2299423,MATCHED,DATE_SCORE_TEAM,1,1,1,True,0,3,0,FT,400,138086,134084,Virtus,Milsami Orhei,UECL,AC Virtus,Milsami Orhei
202526-0079,2310357,MATCHED,DATE_SCORE_TEAM,1,1,1,True,0,1,3,FT,400,134620,135702,Ferencváros,Qarabağ,UCL,Ferencváros,Qarabag FK
202526-0081,2310358,MATCHED,DATE_SCORE_TEAM,1,1,1,True,0,1,2,FT,400,133987,137928,Crvena Zvezda,Pafos,UCL,Red Star Belgrade,Pafos FC
202526-0091,2310359,MATCHED,DATE_SCORE_TEAM,0.6363636364,1,0.8181818182,True,0,1,3,FT,400,133642,133789,Rangers,Club Brugge,UCL,Glasgow Rangers,Club Brugge
202526-0083,2304556,MATCHED,DATE_SCORE_TEAM,1,1,1,True,0,5,0,FT,400,135497,137743,Bodø/Glimt,Sturm Graz,UCL,Bodø/Glimt,Sturm Graz
202526-0085,2310362,MATCHED,DATE_SCORE_TEAM,1,1,1,True,0,0,0,FT,400,133647,134602,Celtic,Kairat Almaty,UCL,Celtic,Kairat Almaty
202526-0087,2310360,MATCHED,DATE_SCORE_TEAM,1,0.5263157895,0.7631578947,True,0,1,1,FT,400,133957,133898,Basel,FC Copenhagen,UCL,FC Basel,FC København
202526-0089,2310361,MATCHED,DATE_SCORE_TEAM,1,1,1,True,0,0,0,FT,400,133807,134108,Fenerbahçe,Benfica,UCL,Fenerbahçe,Benfica
202526-0791,2314948,MATCHED,DATE_SCORE_TEAM,0.8571428571,0.5882352941,0.7226890756,True,0,2,1,FT,400,133990,133665,Rosenborg,Mainz,UECL,Rosenborg BK,FSV Mainz 05
202526-0354,2314291,MATCHED,DATE_SCORE_TEAM,1,1,1,True,0,4,0,FT,400,133891,134018,FC Midtjylland,KuPS,UEL,FC Midtjylland,KuPS Kuopio
202526-0346,2314293,MATCHED,DATE_SCORE_TEAM,1,1,1,True,0,3,0,FT,400,134166,136677,Malmo FF,Sigma Olomouc,UEL,Malmö FF,Sigma Olomouc
202526-0360,2314292,MATCHED,DATE_SCORE_TEAM,0.5882352941,1,0.7941176471,True,0,2,1,FT,400,134571,136251,Brann,AEK Larnaca,UEL,SK Brann Bergen,AEK Larnaca
202526-0787,2314952,MATCHED,DATE_SCORE_TEAM,1,0.8181818182,0.9090909091,True,0,2,1,FT,400,134314,134021,Győri ETO,Rapid Vienna,UECL,ETO Györ,Rapid Wien
202526-0795,2314949,MATCHED,DATE_SCORE_TEAM,0.8,1,0.9,True,0,7,2,FT,400,134160,133955,Hacken,CFR Cluj,UECL,BK Häcken,CFR Cluj
202526-0797,2314950,MATCHED,DATE_SCORE_TEAM,1,1,1,True,0,2,1,FT,400,137252,133986,Wolfsberger AC,Omonia Nicosia,UECL,Wolfsberger AC,Omonia Nicosia
202526-0799,2314951,MATCHED,DATE_SCORE_TEAM,0.9655172414,1,0.9827586207,True,0,1,0,FT,400,138133,137985,Ħamrun Spartans,RFS,UECL,Hamrun Spartans,RFS Riga
202526-0773,2314953,MATCHED,DATE_SCORE_TEAM,1,1,1,True,0,1,2,FT,400,134589,138188,İstanbul Başakşehir,Universitatea Craiova,UECL,Istanbul Basaksehir,Universitatea Craiova
202526-0340,2312422,MATCHED,DATE_SCORE_TEAM,1,1,1,True,0,3,1,FT,400,134315,133944,Maccabi Tel Aviv,Dynamo Kyiv,UEL,Maccabi Tel-Aviv,Dynamo Kyiv
202526-0342,2312424,MATCHED,DATE_SCORE_TEAM,1,1,1,True,0,2,1,FT,400,134024,133981,Shkëndija,Ludogorets Razgrad,UEL,Shkendija Tetovo,Ludogorets Razgrad
202526-0348,2312423,MATCHED,DATE_SCORE_TEAM,1,1,1,True,0,2,1,FT,400,133746,133797,Panathinaikos,Samsunspor,UEL,Panathinaikos,Samsunspor
202526-0358,2314294,MATCHED,DATE_SCORE_TEAM,1,1,1,True,0,0,2,FT,400,134341,133764,Zrinjski Mostar,Utrecht,UEL,Zrinjski Mostar,FC Utrecht
202526-0761,2314960,MATCHED,DATE_SCORE_TEAM,0.8695652174,0.8235294118,0.8465473146,True,0,0,0,FT,400,133882,133893,Strasbourg,Brøndby,UECL,RC Strasbourg,Brøndby IF
202526-0763,2314955,MATCHED,DATE_SCORE_TEAM,1,1,1,True,0,1,1,FT,400,133776,133753,Anderlecht,AEK Athens,UECL,Anderlecht,AEK Athens
202526-0765,2314962,MATCHED,DATE_SCORE_TEAM,1,1,1,True,0,1,0,FT,400,134318,136684,Celje,Baník Ostrava,UECL,NK Celje,Baník Ostrava
202526-0767,2314956,MATCHED,DATE_SCORE_TEAM,1,1,1,True,0,0,2,FT,400,134085,133767,Levski Sofia,AZ Alkmaar,UECL,Levski Sofia,AZ Alkmaar
202526-0769,2314958,MATCHED,DATE_SCORE_TEAM,1,1,1,True,0,0,1,FT,400,134608,133728,Neman Grodno,Rayo Vallecano,UECL,Neman Grodno,Rayo Vallecano
202526-0777,2314954,MATCHED,DATE_SCORE_TEAM,1,1,1,True,0,0,3,FT,400,140180,133674,Polissya Zhytomyr,Fiorentina,UECL,Polissya Zhytomyr,Fiorentina
202526-0781,2314957,MATCHED,DATE_SCORE_TEAM,1,0.6956521739,0.847826087,True,0,1,1,FT,400,134126,133991,Shakhtar Donetsk,Servette,UECL,Shakhtar Donetsk,Servette FC Genève
202526-0793,2314959,MATCHED,DATE_SCORE_TEAM,0.8,1,0.9,True,0,2,0,FT,400,134007,137984,Sparta Prague,Riga FC,UECL,Sparta Praha,Riga FC
202526-0803,2314963,MATCHED,DATE_SCORE_TEAM,0.9,1,0.95,True,0,2,1,FT,400,134347,138086,Breiðablik,Virtus,UECL,Breidablik,AC Virtus
202526-0805,2314964,MATCHED,DATE_SCORE_TEAM,1,1,1,True,0,2,1,FT,400,140098,134064,Drita,Differdange 03,UECL,FC Drita,Differdange 03
202526-0807,2314961,MATCHED,DATE_SCORE_TEAM,1,1,1,True,0,1,4,FT,400,134033,137895,Olimpija Ljubljana,Noah,UECL,Olimpija Ljubljana,FC Noah
202526-0344,2312425,MATCHED,DATE_SCORE_TEAM,1,1,1,True,0,0,1,FT,400,134090,134001,Slovan Bratislava,Young Boys,UEL,Slovan Bratislava,Young Boys
202526-0771,2314966,MATCHED,DATE_SCORE_TEAM,0.9523809524,0.6666666667,0.8095238095,True,0,3,0,FT,400,135297,140666,Jagiellonia Białystok,Dinamo City,UECL,Jagiellonia Bialystok,Dinamo Tirana
202526-0779,2314965,MATCHED,DATE_SCORE_TEAM,0.9655172414,1,0.9827586207,True,0,1,1,FT,400,138990,133794,Lausanne-Sport,Beşiktaş,UECL,Lausanne Sports,Besiktas
202526-0352,2312426,MATCHED,DATE_SCORE_TEAM,1,1,1,True,0,1,5,FT,400,134010,133779,Lech Poznań,Genk,UEL,Lech Poznan,Racing Genk
202526-0350,2312427,MATCHED,DATE_SCORE_TEAM,1,1,1,True,0,2,2,FT,400,133638,134005,Aberdeen,FCSB,UEL,Aberdeen,FCSB
202526-0362,2312428,MATCHED,DATE_SCORE_TEAM,1,0.380952381,0.6904761905,True,0,1,0,FT,400,134399,133749,Rijeka,PAOK,UEL,NK Rijeka,PAOK Thessaloniki
202526-0801,2314967,MATCHED,DATE_SCORE_TEAM,1,0.6666666667,0.8333333333,True,0,3,1,FT,400,138033,133964,Shelbourne,Linfield,UECL,Shelbourne,Linfield Belfast
202526-0356,2314295,MATCHED,DATE_SCORE_TEAM,1,0.5263157895,0.7631578947,True,0,0,4,FT,400,140040,134098,Lincoln Red Imps,Braga,UEL,Lincoln Red Imps,Sporting Braga
202526-0775,2314971,MATCHED,DATE_SCORE_TEAM,1,1,1,True,0,1,0,FT,400,137670,137916,Raków Częstochowa,Arda Kardzhali,UECL,Raków Czestochowa,Arda Kardzhali
202526-0783,2314968,MATCHED,DATE_SCORE_TEAM,1,1,1,True,0,1,0,FT,400,133632,134749,Crystal Palace,Fredrikstad,UECL,Crystal Palace,Fredrikstad FK
202526-0785,2314969,MATCHED,DATE_SCORE_TEAM,1,1,1,True,0,1,2,FT,400,133646,133992,Hibernian,Legia Warsaw,UECL,Hibernian,Legia Warsaw
202526-0789,2314970,MATCHED,DATE_SCORE_TEAM,0.88,1,0.94,True,0,1,2,FT,400,136192,133978,Santa Clara,Shamrock Rovers,UECL,CD Santa Clara,Shamrock Rovers
202526-0086,2310363,MATCHED,DATE_SCORE_TEAM,1,1,1,True,0,0,0,PEN,400,134602,133647,Kairat Almaty,Celtic,UCL,Kairat Almaty,Celtic
202526-0082,2310364,MATCHED,DATE_SCORE_TEAM,1,1,1,True,0,1,1,FT,400,137928,133987,Pafos,Crvena Zvezda,UCL,Pafos FC,Red Star Belgrade
202526-0084,2304557,MATCHED,DATE_SCORE_TEAM,1,1,1,True,0,2,1,FT,400,137743,135497,Sturm Graz,Bodø/Glimt,UCL,Sturm Graz,Bodø/Glimt
202526-0361,2314296,MATCHED,DATE_SCORE_TEAM,1,0.5882352941,0.7941176471,True,0,0,4,FT,400,136251,134571,AEK Larnaca,Brann,UEL,AEK Larnaca,SK Brann Bergen
202526-0080,2310365,MATCHED,DATE_SCORE_TEAM,1,1,1,True,0,2,3,FT,400,135702,134620,Qarabağ,Ferencváros,UCL,Qarabag FK,Ferencváros
202526-0794,2314972,MATCHED,DATE_SCORE_TEAM,1,0.8,0.9,True,0,1,0,FT,400,137984,134007,Riga FC,Sparta Prague,UECL,Riga FC,Sparta Praha
202526-0088,2310366,MATCHED,DATE_SCORE_TEAM,0.5263157895,1,0.7631578947,True,0,2,0,FT,400,133898,133957,FC Copenhagen,Basel,UCL,FC København,FC Basel
202526-0090,2310368,MATCHED,DATE_SCORE_TEAM,1,1,1,True,0,1,0,FT,400,134108,133807,Benfica,Fenerbahçe,UCL,Benfica,Fenerbahçe
202526-0092,2310367,MATCHED,DATE_SCORE_TEAM,1,0.6363636364,0.8181818182,True,0,6,0,FT,400,133789,133642,Club Brugge,Rangers,UCL,Club Brugge,Glasgow Rangers
202526-0355,2314298,MATCHED,DATE_SCORE_TEAM,1,1,1,True,0,0,2,FT,400,134018,133891,KuPS,FC Midtjylland,UEL,KuPS Kuopio,FC Midtjylland
202526-0784,2314973,MATCHED,DATE_SCORE_TEAM,1,1,1,True,0,0,0,FT,400,134749,133632,Fredrikstad,Crystal Palace,UECL,Fredrikstad FK,Crystal Palace
202526-0798,2314975,MATCHED,DATE_SCORE_TEAM,1,1,1,True,0,1,0,PEN,400,133986,137252,Omonia Nicosia,Wolfsberger AC,UECL,Omonia Nicosia,Wolfsberger AC
202526-0808,2314974,MATCHED,DATE_SCORE_TEAM,1,1,1,True,0,3,2,FT,400,137895,134033,Noah,Olimpija Ljubljana,UECL,FC Noah,Olimpija Ljubljana
202526-0347,2312429,MATCHED,DATE_SCORE_TEAM,1,1,1,True,0,0,2,FT,400,136677,134166,Sigma Olomouc,Malmo FF,UEL,Sigma Olomouc,Malmö FF
202526-0349,2314297,MATCHED,DATE_SCORE_TEAM,1,1,1,True,0,0,0,FT,400,133797,133746,Samsunspor,Panathinaikos,UEL,Samsunspor,Panathinaikos
202526-0780,2314976,MATCHED,DATE_SCORE_TEAM,1,0.9655172414,0.9827586207,True,0,0,1,FT,400,133794,138990,Beşiktaş,Lausanne-Sport,UECL,Besiktas,Lausanne Sports
202526-0788,2315563,MATCHED,DATE_SCORE_TEAM,0.8181818182,1,0.9090909091,True,0,2,0,FT,400,134021,134314,Rapid Vienna,Győri ETO,UECL,Rapid Wien,ETO Györ
202526-0800,2314977,MATCHED,DATE_SCORE_TEAM,1,0.9655172414,0.9827586207,True,0,2,2,FT,400,137985,138133,RFS,Ħamrun Spartans,UECL,RFS Riga,Hamrun Spartans
202526-0343,2312432,MATCHED,DATE_SCORE_TEAM,1,1,1,True,0,4,1,AET,400,133981,134024,Ludogorets Razgrad,Shkëndija,UEL,Ludogorets Razgrad,Shkendija Tetovo
202526-0363,2314300,MATCHED,DATE_SCORE_TEAM,0.380952381,1,0.6904761905,True,0,5,0,FT,400,133749,134399,PAOK,Rijeka,UEL,PAOK Thessaloniki,NK Rijeka
202526-0768,2315564,MATCHED,DATE_SCORE_TEAM,1,1,1,True,0,4,1,FT,400,133767,134085,AZ Alkmaar,Levski Sofia,UECL,AZ Alkmaar,Levski Sofia
202526-0774,2315566,MATCHED,DATE_SCORE_TEAM,1,1,1,True,0,3,1,FT,400,138188,134589,Universitatea Craiova,İstanbul Başakşehir,UECL,Universitatea Craiova,Istanbul Basaksehir
202526-0796,2315565,MATCHED,DATE_SCORE_TEAM,1,0.8,0.9,True,0,1,0,FT,400,133955,134160,CFR Cluj,Hacken,UECL,CFR Cluj,BK Häcken
202526-0341,2312433,MATCHED,DATE_SCORE_TEAM,1,1,1,True,0,1,0,FT,400,133944,134315,Dynamo Kyiv,Maccabi Tel Aviv,UEL,Dynamo Kyiv,Maccabi Tel-Aviv
202526-0345,2312434,MATCHED,DATE_SCORE_TEAM,1,1,1,True,0,3,2,FT,400,134001,134090,Young Boys,Slovan Bratislava,UEL,Young Boys,Slovan Bratislava
202526-0353,2312430,MATCHED,DATE_SCORE_TEAM,1,1,1,True,0,1,2,FT,400,133779,134010,Genk,Lech Poznań,UEL,Racing Genk,Lech Poznan
202526-0359,2314299,MATCHED,DATE_SCORE_TEAM,1,1,1,True,0,0,0,FT,400,133764,134341,Utrecht,Zrinjski Mostar,UEL,FC Utrecht,Zrinjski Mostar
202526-0762,2315570,MATCHED,DATE_SCORE_TEAM,0.8235294118,0.8695652174,0.8465473146,True,0,2,3,FT,400,133893,133882,Brøndby,Strasbourg,UECL,Brøndby IF,RC Strasbourg
202526-0764,2315568,MATCHED,DATE_SCORE_TEAM,1,1,1,True,0,2,0,FT,400,133753,133776,AEK Athens,Anderlecht,UECL,AEK Athens,Anderlecht
202526-0766,2315572,MATCHED,DATE_SCORE_TEAM,1,1,1,True,0,0,2,FT,400,136684,134318,Baník Ostrava,Celje,UECL,Baník Ostrava,NK Celje
202526-0770,2315569,MATCHED,DATE_SCORE_TEAM,1,1,1,True,0,4,0,FT,400,133728,134608,Rayo Vallecano,Neman Grodno,UECL,Rayo Vallecano,Neman Grodno
202526-0776,2315571,MATCHED,DATE_SCORE_TEAM,1,1,1,True,0,1,2,FT,400,137916,137670,Arda Kardzhali,Raków Częstochowa,UECL,Arda Kardzhali,Raków Czestochowa
202526-0778,2315567,MATCHED,DATE_SCORE_TEAM,1,1,1,True,0,3,2,FT,400,133674,140180,Fiorentina,Polissya Zhytomyr,UECL,Fiorentina,Polissya Zhytomyr
202526-0806,2315573,MATCHED,DATE_SCORE_TEAM,1,1,1,True,0,0,1,FT,400,134064,140098,Differdange 03,Drita,UECL,Differdange 03,FC Drita
202526-0351,2312431,MATCHED,DATE_SCORE_TEAM,1,1,1,True,0,3,0,FT,400,134005,133638,FCSB,Aberdeen,UEL,FCSB,Aberdeen
202526-0772,2315574,MATCHED,DATE_SCORE_TEAM,0.6666666667,0.9523809524,0.8095238095,True,0,1,1,FT,400,140666,135297,Dinamo City,Jagiellonia Białystok,UECL,Dinamo Tirana,Jagiellonia Bialystok
202526-0802,2315575,MATCHED,DATE_SCORE_TEAM,0.6666666667,1,0.8333333333,True,0,0,2,FT,400,133964,138033,Linfield,Shelbourne,UECL,Linfield Belfast,Shelbourne
202526-0357,2314301,MATCHED,DATE_SCORE_TEAM,0.5263157895,1,0.7631578947,True,0,5,1,FT,400,134098,140040,Braga,Lincoln Red Imps,UEL,Sporting Braga,Lincoln Red Imps
202526-0782,2315576,MATCHED,DATE_SCORE_TEAM,0.6956521739,1,0.847826087,True,0,1,2,AET,400,133991,134126,Servette,Shakhtar Donetsk,UECL,Servette FC Genève,Shakhtar Donetsk
202526-0786,2315578,MATCHED,DATE_SCORE_TEAM,1,1,1,True,0,3,3,AET,400,133992,133646,Legia Warsaw,Hibernian,UECL,Legia Warsaw,Hibernian
202526-0790,2315579,MATCHED,DATE_SCORE_TEAM,1,0.88,0.94,True,0,0,0,FT,400,133978,136192,Shamrock Rovers,Santa Clara,UECL,Shamrock Rovers,CD Santa Clara
202526-0792,2315577,MATCHED,DATE_SCORE_TEAM,0.5882352941,0.8571428571,0.7226890756,True,0,4,1,FT,400,133665,133990,Mainz,Rosenborg,UECL,FSV Mainz 05,Rosenborg BK
202526-0804,2315580,MATCHED,DATE_SCORE_TEAM,1,0.9,0.95,True,0,1,3,FT,400,138086,134347,Virtus,Breiðablik,UECL,AC Virtus,Breidablik
202526-0093,2328006,MATCHED,DATE_SCORE_TEAM,1,1,1,True,0,0,2,FT,1,133727,133604,Athletic Bilbao,Arsenal,UCL,Athletic Bilbao,Arsenal
202526-0094,2328005,MATCHED,DATE_SCORE_TEAM,1,1,1,True,0,1,3,FT,1,133768,138141,PSV Eindhoven,Union Saint-Gilloise,UCL,PSV Eindhoven,Union Saint-Gilloise
202526-0095,2328007,MATCHED,DATE_SCORE_TEAM,1,1,1,True,0,4,4,FT,1,133676,133650,Juventus,Borussia Dortmund,UCL,Juventus,Borussia Dortmund
202526-0096,2328009,MATCHED,DATE_SCORE_TEAM,1,0.6428571429,0.8214285714,True,0,2,1,FT,1,133738,133707,Real Madrid,Marseille,UCL,Real Madrid,Olympique Marseille
202526-0097,2328010,MATCHED,DATE_SCORE_TEAM,1,1,1,True,0,2,3,FT,1,134108,135702,Benfica,Qarabağ,UCL,Benfica,Qarabag FK
202526-0098,2328008,MATCHED,DATE_SCORE_TEAM,1,1,1,True,0,1,0,FT,1,133616,133740,Tottenham Hotspur,Villarreal,UCL,Tottenham Hotspur,Villarreal
202526-0099,2328011,MATCHED,DATE_SCORE_TEAM,0.6428571429,1,0.8214285714,True,0,0,0,FT,1,133754,137928,Olympiacos,Pafos,UCL,Olympiakos Piraeus,Pafos FC
202526-0100,2328012,MATCHED,DATE_SCORE_TEAM,0.8,1,0.9,True,0,2,2,FT,1,136036,135497,Slavia Prague,Bodø/Glimt,UCL,Slavia Praha,Bodø/Glimt
202526-0101,2328013,MATCHED,DATE_SCORE_TEAM,1,0.48,0.74,True,0,0,2,FT,1,133772,133681,Ajax,Inter Milan,UCL,Ajax,Internazionale
202526-0102,2328016,MATCHED,DATE_SCORE_TEAM,0.8888888889,1,0.9444444444,True,0,3,1,FT,1,133664,133610,Bayern Munich,Chelsea,UCL,Bayern München,Chelsea
202526-0103,2328015,MATCHED,DATE_SCORE_TEAM,1,1,1,True,0,3,2,FT,1,133602,133729,Liverpool,Atlético Madrid,UCL,Liverpool,Atlético Madrid
202526-0104,2328014,MATCHED,DATE_SCORE_TEAM,0.5925925926,1,0.7962962963,True,0,4,0,FT,1,133714,134782,Paris SG,Atalanta,UCL,Paris Saint-Germain,Atalanta
202526-0105,2328017,MATCHED,DATE_SCORE_TEAM,1,0.8,0.9,True,0,4,1,FT,1,133789,133823,Club Brugge,Monaco,UCL,Club Brugge,AS Monaco
202526-0106,2328018,MATCHED,DATE_SCORE_TEAM,0.5263157895,1,0.7631578947,True,0,2,2,FT,1,133898,133666,FC Copenhagen,Bayer Leverkusen,UCL,FC København,Bayer Leverkusen
202526-0107,2328019,MATCHED,DATE_SCORE_TEAM,1,1,1,True,0,5,1,FT,1,133814,133804,Eintracht Frankfurt,Galatasaray,UCL,Eintracht Frankfurt,Galatasaray
202526-0108,2328022,MATCHED,DATE_SCORE_TEAM,1,1,1,True,0,2,0,FT,1,133613,133670,Manchester City,Napoli,UCL,Manchester City,Napoli
202526-0109,2328021,MATCHED,DATE_SCORE_TEAM,1,1,1,True,0,1,2,FT,1,134777,133739,Newcastle United,Barcelona,UCL,Newcastle United,FC Barcelona
202526-0110,2328020,MATCHED,DATE_SCORE_TEAM,0.7586206897,1,0.8793103448,True,0,4,1,FT,1,135708,134602,Sporting CP,Kairat Almaty,UCL,Sporting CP Lisbon,Kairat Almaty
202526-0364,2327866,MATCHED,DATE_SCORE_TEAM,1,1,1,True,0,2,0,FT,1,133891,137743,FC Midtjylland,Sturm Graz,UEL,FC Midtjylland,Sturm Graz
202526-0365,2327867,MATCHED,DATE_SCORE_TEAM,0.380952381,1,0.6904761905,True,0,0,0,FT,1,133749,134315,PAOK,Maccabi Tel Aviv,UEL,PAOK Thessaloniki,Maccabi Tel-Aviv
202526-0366,2327869,MATCHED,DATE_SCORE_TEAM,1,1,1,True,0,1,1,FT,1,133987,133647,Crvena Zvezda,Celtic,UEL,Red Star Belgrade,Celtic
202526-0367,2327871,MATCHED,DATE_SCORE_TEAM,1,1,1,True,0,3,1,FT,1,133961,133807,Dinamo Zagreb,Fenerbahçe,UEL,Dinamo Zagreb,Fenerbahçe
202526-0368,2327870,MATCHED,DATE_SCORE_TEAM,1,1,1,True,0,1,2,FT,1,134166,133981,Malmo FF,Ludogorets Razgrad,UEL,Malmö FF,Ludogorets Razgrad
202526-0369,2327873,MATCHED,DATE_SCORE_TEAM,0.6666666667,0.7272727273,0.696969697,True,0,1,2,FT,1,133712,133682,Nice,Roma,UEL,OGC Nice,AS Roma
202526-0370,2327872,MATCHED,DATE_SCORE_TEAM,1,1,1,True,0,2,2,FT,1,133722,133720,Real Betis,Nottingham Forest,UEL,Real Betis,Nottingham Forest
202526-0371,2327874,MATCHED,DATE_SCORE_TEAM,0.5263157895,1,0.7631578947,True,0,1,0,FT,1,134098,133758,Braga,Feyenoord,UEL,Sporting Braga,Feyenoord
202526-0372,2327868,MATCHED,DATE_SCORE_TEAM,1,1,1,True,0,2,1,FT,1,133653,133957,Freiburg,Basel,UEL,SC Freiburg,FC Basel
202526-0373,2327875,MATCHED,DATE_SCORE_TEAM,1,1,1,True,0,0,1,FT,1,134304,134005,Go Ahead Eagles,FCSB,UEL,Go Ahead Eagles,FCSB
202526-0374,2327876,MATCHED,DATE_SCORE_TEAM,0.7142857143,0.5882352941,0.6512605042,True,0,2,1,FT,1,133711,134571,Lille,Brann,UEL,Lille OSC,SK Brann Bergen
202526-0375,2327878,MATCHED,DATE_SCORE_TEAM,1,1,1,True,0,1,0,FT,1,133601,134781,Aston Villa,Bologna,UEL,Aston Villa,Bologna
202526-0376,2327879,MATCHED,DATE_SCORE_TEAM,1,1,1,True,0,1,4,FT,1,134001,133746,Young Boys,Panathinaikos,UEL,Young Boys,Panathinaikos
202526-0377,2327877,MATCHED,DATE_SCORE_TEAM,0.64,1,0.82,True,0,0,1,FT,1,133970,134114,Red Bull Salzburg,FC Porto,UEL,FC Salzburg,FC Porto
202526-0378,2329357,MATCHED,DATE_SCORE_TEAM,1,0.4444444444,0.7222222222,True,0,0,1,FT,1,133764,133713,Utrecht,Lyon,UEL,FC Utrecht,Olympique Lyon
202526-0379,2327880,MATCHED,DATE_SCORE_TEAM,1,1,1,True,0,1,1,FT,1,134620,134015,Ferencváros,Viktoria Plzeň,UEL,Ferencváros,Viktoria Plzen
202526-0380,2327881,MATCHED,DATE_SCORE_TEAM,0.6363636364,1,0.8181818182,True,0,0,1,FT,1,133642,133779,Rangers,Genk,UEL,Glasgow Rangers,Racing Genk
202526-0381,2329356,MATCHED,DATE_SCORE_TEAM,0.8181818182,0.8695652174,0.8438735178,True,0,2,1,FT,1,133660,133937,Stuttgart,Celta Vigo,UEL,VfB Stuttgart,Celta de Vigo
202526-0111,2328024,MATCHED,DATE_SCORE_TEAM,1,1,1,True,0,2,1,FT,2,134782,133789,Atalanta,Club Brugge,UCL,Atalanta,Club Brugge
202526-0112,2328023,MATCHED,DATE_SCORE_TEAM,1,1,1,True,0,0,5,FT,2,134602,133738,Kairat Almaty,Real Madrid,UCL,Kairat Almaty,Real Madrid
202526-0113,2328025,MATCHED,DATE_SCORE_TEAM,1,1,1,True,0,5,1,FT,2,133729,133814,Atlético Madrid,Eintracht Frankfurt,UCL,Atlético Madrid,Eintracht Frankfurt
202526-0114,2328027,MATCHED,DATE_SCORE_TEAM,1,1,1,True,0,1,0,FT,2,133610,134108,Chelsea,Benfica,UCL,Chelsea,Benfica
202526-0115,2328028,MATCHED,DATE_SCORE_TEAM,0.48,0.8,0.64,True,0,3,0,FT,2,133681,136036,Inter Milan,Slavia Prague,UCL,Internazionale,Slavia Praha
202526-0116,2328029,MATCHED,DATE_SCORE_TEAM,1,1,1,True,0,2,2,FT,2,135497,133616,Bodø/Glimt,Tottenham Hotspur,UCL,Bodø/Glimt,Tottenham Hotspur
202526-0117,2328031,MATCHED,DATE_SCORE_TEAM,1,1,1,True,0,1,0,FT,2,133804,133602,Galatasaray,Liverpool,UCL,Galatasaray,Liverpool
202526-0118,2328026,MATCHED,DATE_SCORE_TEAM,0.6428571429,1,0.8214285714,True,0,4,0,FT,2,133707,133772,Marseille,Ajax,UCL,Olympique Marseille,Ajax
202526-0119,2328030,MATCHED,DATE_SCORE_TEAM,1,0.8888888889,0.9444444444,True,0,1,5,FT,2,137928,133664,Pafos,Bayern Munich,UCL,Pafos FC,Bayern München
202526-0120,2328032,MATCHED,DATE_SCORE_TEAM,1,0.5263157895,0.7631578947,True,0,2,0,FT,2,135702,133898,Qarabağ,FC Copenhagen,UCL,Qarabag FK,FC København
202526-0121,2328033,MATCHED,DATE_SCORE_TEAM,1,1,1,True,0,0,4,FT,2,138141,134777,Union Saint-Gilloise,Newcastle United,UCL,Union Saint-Gilloise,Newcastle United
202526-0122,2328037,MATCHED,DATE_SCORE_TEAM,1,0.6428571429,0.8214285714,True,0,2,0,FT,2,133604,133754,Arsenal,Olympiacos,UCL,Arsenal,Olympiakos Piraeus
202526-0123,2328036,MATCHED,DATE_SCORE_TEAM,0.8,1,0.9,True,0,2,2,FT,2,133823,133613,Monaco,Manchester City,UCL,AS Monaco,Manchester City
202526-0124,2328039,MATCHED,DATE_SCORE_TEAM,1,1,1,True,0,1,1,FT,2,133666,133768,Bayer Leverkusen,PSV Eindhoven,UCL,Bayer Leverkusen,PSV Eindhoven
202526-0125,2328034,MATCHED,DATE_SCORE_TEAM,1,1,1,True,0,4,1,FT,2,133650,133727,Borussia Dortmund,Athletic Bilbao,UCL,Borussia Dortmund,Athletic Bilbao
202526-0126,2328035,MATCHED,DATE_SCORE_TEAM,1,0.5925925926,0.7962962963,True,0,1,2,FT,2,133739,133714,Barcelona,Paris SG,UCL,FC Barcelona,Paris Saint-Germain
202526-0127,2328038,MATCHED,DATE_SCORE_TEAM,1,0.7586206897,0.8793103448,True,0,2,1,FT,2,133670,135708,Napoli,Sporting CP,UCL,Napoli,Sporting CP Lisbon
202526-0128,2328040,MATCHED,DATE_SCORE_TEAM,1,1,1,True,0,2,2,FT,2,133740,133676,Villarreal,Juventus,UCL,Villarreal,Juventus
202526-0382,2327890,MATCHED,DATE_SCORE_TEAM,0.7272727273,0.7142857143,0.7207792208,True,0,0,1,FT,2,133682,133711,Roma,Lille,UEL,AS Roma,Lille OSC
202526-0383,2327885,MATCHED,DATE_SCORE_TEAM,1,1,1,True,0,1,1,FT,2,134781,133653,Bologna,Freiburg,UEL,Bologna,SC Freiburg
202526-0384,2327882,MATCHED,DATE_SCORE_TEAM,1,0.5263157895,0.7631578947,True,0,0,2,FT,2,133647,134098,Celtic,Braga,UEL,Celtic,Sporting Braga
202526-0385,2327889,MATCHED,DATE_SCORE_TEAM,1,1,1,True,0,3,0,FT,2,134015,134166,Viktoria Plzeň,Malmo FF,UEL,Viktoria Plzen,Malmö FF
202526-0386,2327886,MATCHED,DATE_SCORE_TEAM,1,0.6666666667,0.8333333333,True,0,2,1,FT,2,133807,133712,Fenerbahçe,Nice,UEL,Fenerbahçe,OGC Nice
202526-0387,2327888,MATCHED,DATE_SCORE_TEAM,1,1,1,True,0,0,2,FT,2,134005,134001,FCSB,Young Boys,UEL,FCSB,Young Boys
202526-0388,2327883,MATCHED,DATE_SCORE_TEAM,1,1,1,True,0,1,2,FT,2,133746,134304,Panathinaikos,Go Ahead Eagles,UEL,Panathinaikos,Go Ahead Eagles
202526-0389,2327884,MATCHED,DATE_SCORE_TEAM,1,1,1,True,0,0,2,FT,2,133981,133722,Ludogorets Razgrad,Real Betis,UEL,Ludogorets Razgrad,Real Betis
202526-0390,2327887,MATCHED,DATE_SCORE_TEAM,0.5882352941,1,0.7941176471,True,0,1,0,FT,2,134571,133764,Brann,Utrecht,UEL,SK Brann Bergen,FC Utrecht
202526-0809,2328154,MATCHED,DATE_SCORE_TEAM,1,1,1,True,0,0,2,FT,1,133944,133632,Dynamo Kyiv,Crystal Palace,UECL,Dynamo Kyiv,Crystal Palace
202526-0810,2329918,MATCHED,DATE_SCORE_TEAM,0.9655172414,0.9,0.9327586207,True,0,3,0,FT,1,138990,134347,Lausanne-Sport,Breiðablik,UECL,Lausanne Sports,Breidablik
202526-0811,2328156,MATCHED,DATE_SCORE_TEAM,1,1,1,True,0,1,0,FT,1,137895,134399,Noah,Rijeka,UECL,FC Noah,NK Rijeka
202526-0812,2328150,MATCHED,DATE_SCORE_TEAM,1,1,1,True,0,5,0,FT,1,134341,140040,Zrinjski Mostar,Lincoln Red Imps,UECL,Zrinjski Mostar,Lincoln Red Imps
202526-0813,2328153,MATCHED,DATE_SCORE_TEAM,0.9523809524,0.9655172414,0.9589490969,True,0,1,0,FT,1,135297,138133,Jagiellonia Białystok,Ħamrun Spartans,UECL,Jagiellonia Bialystok,Hamrun Spartans
202526-0814,2328152,MATCHED,DATE_SCORE_TEAM,1,0.8181818182,0.9090909091,True,0,4,1,FT,1,134010,134021,Lech Poznań,Rapid Vienna,UECL,Lech Poznan,Rapid Wien
202526-0815,2328155,MATCHED,DATE_SCORE_TEAM,1,1,1,True,0,1,1,FT,1,134018,140098,KuPS,Drita,UECL,KuPS Kuopio,FC Drita
202526-0816,2328151,MATCHED,DATE_SCORE_TEAM,1,0.5882352941,0.7941176471,True,0,0,1,FT,1,133986,133665,Omonia Nicosia,Mainz,UECL,Omonia Nicosia,FSV Mainz 05
202526-0817,2328157,MATCHED,DATE_SCORE_TEAM,1,1,1,True,0,2,0,FT,1,133728,134024,Rayo Vallecano,Shkëndija,UECL,Rayo Vallecano,Shkendija Tetovo
202526-0391,2327891,MATCHED,DATE_SCORE_TEAM,1,0.8181818182,0.9090909091,True,0,2,0,FT,2,133957,133660,Basel,Stuttgart,UEL,FC Basel,VfB Stuttgart
202526-0392,2327894,MATCHED,DATE_SCORE_TEAM,1,1,1,True,0,2,1,FT,2,134114,133987,FC Porto,Crvena Zvezda,UEL,FC Porto,Red Star Belgrade
202526-0393,2329358,MATCHED,DATE_SCORE_TEAM,1,1,1,True,0,0,2,FT,2,133758,133601,Feyenoord,Aston Villa,UEL,Feyenoord,Aston Villa
202526-0394,2327892,MATCHED,DATE_SCORE_TEAM,1,1,1,True,0,0,1,FT,2,133779,134620,Genk,Ferencváros,UEL,Racing Genk,Ferencváros
202526-0395,2327895,MATCHED,DATE_SCORE_TEAM,1,1,1,True,0,1,3,FT,2,134315,133961,Maccabi Tel Aviv,Dinamo Zagreb,UEL,Maccabi Tel-Aviv,Dinamo Zagreb
202526-0396,2327896,MATCHED,DATE_SCORE_TEAM,1,1,1,True,0,2,3,FT,2,133720,133891,Nottingham Forest,FC Midtjylland,UEL,Nottingham Forest,FC Midtjylland
202526-0397,2327893,MATCHED,DATE_TEAM_FALLBACK,1,1,1,True,0,2,0,FT,2,133713,133970,Lyon,Red Bull Salzburg,UEL,Olympique Lyon,FC Salzburg
202526-0398,2327898,MATCHED,DATE_SCORE_TEAM,0.8695652174,0.380952381,0.6252587992,True,0,3,1,FT,2,133937,133749,Celta Vigo,PAOK,UEL,Celta de Vigo,PAOK Thessaloniki
202526-0399,2327897,MATCHED,DATE_SCORE_TEAM,1,0.6363636364,0.8181818182,True,0,2,1,FT,2,137743,133642,Sturm Graz,Rangers,UEL,Sturm Graz,Glasgow Rangers
202526-0818,2328159,MATCHED,DATE_SCORE_TEAM,1,1,1,True,0,2,3,FT,1,133638,134126,Aberdeen,Shakhtar Donetsk,UECL,Aberdeen,Shakhtar Donetsk
202526-0819,2328165,MATCHED,DATE_SCORE_TEAM,0.8,1,0.9,True,0,4,1,FT,1,134007,133978,Sparta Prague,Shamrock Rovers,UECL,Sparta Praha,Shamrock Rovers
202526-0820,2328161,MATCHED,DATE_SCORE_TEAM,1,1,1,True,0,2,0,FT,1,133674,136677,Fiorentina,Sigma Olomouc,UECL,Fiorentina,Sigma Olomouc
202526-0821,2328163,MATCHED,DATE_SCORE_TEAM,1,1,1,True,0,4,0,FT,1,136251,133767,AEK Larnaca,AZ Alkmaar,UECL,AEK Larnaca,AZ Alkmaar
202526-0822,2328160,MATCHED,DATE_SCORE_TEAM,1,1,1,True,0,0,1,FT,1,133992,133797,Legia Warsaw,Samsunspor,UECL,Legia Warsaw,Samsunspor
202526-0823,2328164,MATCHED,DATE_SCORE_TEAM,1,1,1,True,0,3,1,FT,1,134318,133753,Celje,AEK Athens,UECL,NK Celje,AEK Athens
202526-0824,2328162,MATCHED,DATE_SCORE_TEAM,1,1,1,True,0,2,0,FT,1,137670,138188,Raków Częstochowa,Universitatea Craiova,UECL,Raków Czestochowa,Universitatea Craiova
202526-0825,2328158,MATCHED,DATE_SCORE_TEAM,1,0.8,0.9,True,0,0,0,FT,1,138033,134160,Shelbourne,Hacken,UECL,Shelbourne,BK Häcken
202526-0826,2329919,MATCHED,DATE_SCORE_TEAM,1,0.8695652174,0.9347826087,True,0,1,2,FT,1,134090,133882,Slovan Bratislava,Strasbourg,UECL,Slovan Bratislava,RC Strasbourg
202526-0129,2328042,MATCHED,DATE_SCORE_TEAM,1,0.6428571429,0.8214285714,True,0,6,1,FT,3,133739,133754,Barcelona,Olympiacos,UCL,FC Barcelona,Olympiakos Piraeus
202526-0130,2328041,MATCHED,DATE_SCORE_TEAM,1,1,1,True,0,0,0,FT,3,134602,137928,Kairat Almaty,Pafos,UCL,Kairat Almaty,Pafos FC
202526-0131,2328046,MATCHED,DATE_SCORE_TEAM,1,1,1,True,0,4,0,FT,3,133604,133729,Arsenal,Atlético Madrid,UCL,Arsenal,Atlético Madrid
202526-0132,2328045,MATCHED,DATE_SCORE_TEAM,1,0.5925925926,0.7962962963,True,0,2,7,FT,3,133666,133714,Bayer Leverkusen,Paris SG,UCL,Bayer Leverkusen,Paris Saint-Germain
202526-0133,2328047,MATCHED,DATE_SCORE_TEAM,0.5263157895,1,0.7631578947,True,0,2,4,FT,3,133898,133650,FC Copenhagen,Borussia Dortmund,UCL,FC København,Borussia Dortmund
202526-0134,2328049,MATCHED,DATE_SCORE_TEAM,1,1,1,True,0,3,0,FT,3,134777,134108,Newcastle United,Benfica,UCL,Newcastle United,Benfica
202526-0135,2328044,MATCHED,DATE_SCORE_TEAM,1,1,1,True,0,6,2,FT,3,133768,133670,PSV Eindhoven,Napoli,UCL,PSV Eindhoven,Napoli
202526-0136,2328043,MATCHED,DATE_SCORE_TEAM,1,0.48,0.74,True,0,0,4,FT,3,138141,133681,Union Saint-Gilloise,Inter Milan,UCL,Union Saint-Gilloise,Internazionale
202526-0137,2328048,MATCHED,DATE_SCORE_TEAM,1,1,1,True,0,0,2,FT,3,133740,133613,Villarreal,Manchester City,UCL,Villarreal,Manchester City
202526-0138,2328051,MATCHED,DATE_SCORE_TEAM,1,1,1,True,0,3,1,FT,3,133727,135702,Athletic Bilbao,Qarabağ,UCL,Athletic Bilbao,Qarabag FK
202526-0139,2328050,MATCHED,DATE_SCORE_TEAM,1,1,1,True,0,3,1,FT,3,133804,135497,Galatasaray,Bodø/Glimt,UCL,Galatasaray,Bodø/Glimt
202526-0140,2328052,MATCHED,DATE_SCORE_TEAM,0.8,1,0.9,True,0,0,0,FT,3,133823,133616,Monaco,Tottenham Hotspur,UCL,AS Monaco,Tottenham Hotspur
202526-0141,2328056,MATCHED,DATE_SCORE_TEAM,1,0.8,0.9,True,0,0,0,FT,3,134782,136036,Atalanta,Slavia Prague,UCL,Atalanta,Slavia Praha
202526-0142,2328055,MATCHED,DATE_SCORE_TEAM,1,1,1,True,0,5,1,FT,3,133610,133772,Chelsea,Ajax,UCL,Chelsea,Ajax
202526-0143,2328054,MATCHED,DATE_SCORE_TEAM,1,1,1,True,0,1,5,FT,3,133814,133602,Eintracht Frankfurt,Liverpool,UCL,Eintracht Frankfurt,Liverpool
202526-0144,2328058,MATCHED,DATE_SCORE_TEAM,0.8888888889,1,0.9444444444,True,0,4,0,FT,3,133664,133789,Bayern Munich,Club Brugge,UCL,Bayern München,Club Brugge
202526-0145,2328053,MATCHED,DATE_SCORE_TEAM,1,1,1,True,0,1,0,FT,3,133738,133676,Real Madrid,Juventus,UCL,Real Madrid,Juventus
202526-0146,2328057,MATCHED,DATE_SCORE_TEAM,0.7586206897,0.6428571429,0.7007389163,True,0,2,1,FT,3,135708,133707,Sporting CP,Marseille,UCL,Sporting CP Lisbon,Olympique Marseille
202526-0400,2327904,MATCHED,DATE_SCORE_TEAM,0.64,1,0.82,True,0,2,3,FT,3,133970,134620,Red Bull Salzburg,Ferencváros,UEL,FC Salzburg,Ferencváros
202526-0401,2327899,MATCHED,DATE_SCORE_TEAM,1,0.8181818182,0.9090909091,True,0,1,0,FT,3,133807,133660,Fenerbahçe,Stuttgart,UEL,Fenerbahçe,VfB Stuttgart
202526-0403,2327907,MATCHED,DATE_SCORE_TEAM,1,1,1,True,0,1,2,FT,3,134005,134781,FCSB,Bologna,UEL,FCSB,Bologna
202526-0404,2327901,MATCHED,DATE_SCORE_TEAM,1,1,1,True,0,2,1,FT,3,134304,133601,Go Ahead Eagles,Aston Villa,UEL,Go Ahead Eagles,Aston Villa
202526-0405,2327902,MATCHED,DATE_SCORE_TEAM,1,1,1,True,0,0,0,FT,3,133779,133722,Genk,Real Betis,UEL,Racing Genk,Real Betis
202526-0406,2327905,MATCHED,DATE_SCORE_TEAM,0.4444444444,1,0.7222222222,True,0,2,0,FT,3,133713,133957,Lyon,Basel,UEL,Olympique Lyon,FC Basel
202526-0407,2327906,MATCHED,DATE_SCORE_TEAM,0.5263157895,1,0.7631578947,True,0,2,0,FT,3,134098,133987,Braga,Crvena Zvezda,UEL,Sporting Braga,Red Star Belgrade
202526-0408,2327900,MATCHED,DATE_SCORE_TEAM,0.5882352941,0.6363636364,0.6122994652,True,0,3,0,FT,3,134571,133642,Brann,Rangers,UEL,SK Brann Bergen,Glasgow Rangers
202526-0827,2329920,MATCHED,DATE_SCORE_TEAM,1,1,1,True,0,6,0,FT,2,133753,133638,AEK Athens,Aberdeen,UECL,AEK Athens,Aberdeen
202526-0828,2328167,MATCHED,DATE_SCORE_TEAM,0.8,1,0.9,True,0,2,2,FT,2,134160,133728,Hacken,Rayo Vallecano,UECL,BK Häcken,Rayo Vallecano
202526-0829,2328166,MATCHED,DATE_SCORE_TEAM,0.9,1,0.95,True,0,0,0,FT,2,134347,134018,Breiðablik,KuPS,UECL,Breidablik,KuPS Kuopio
202526-0830,2328172,MATCHED,DATE_SCORE_TEAM,1,1,1,True,0,1,2,FT,2,134126,133992,Shakhtar Donetsk,Legia Warsaw,UECL,Shakhtar Donetsk,Legia Warsaw
202526-0831,2328173,MATCHED,DATE_SCORE_TEAM,1,1,1,True,0,1,1,FT,2,140098,133986,Drita,Omonia Nicosia,UECL,FC Drita,Omonia Nicosia
202526-0832,2328168,MATCHED,DATE_SCORE_TEAM,1,0.8,0.9,True,76500,1,0,FT,2,134399,134007,Rijeka,Sparta Prague,UECL,NK Rijeka,Sparta Praha
202526-0833,2328171,MATCHED,DATE_SCORE_TEAM,1,1,1,True,0,1,0,FT,2,134024,138033,Shkëndija,Shelbourne,UECL,Shkendija Tetovo,Shelbourne
202526-0834,2328169,MATCHED,DATE_SCORE_TEAM,0.8695652174,0.9523809524,0.9109730849,True,0,1,1,FT,2,133882,135297,Strasbourg,Jagiellonia Białystok,UECL,RC Strasbourg,Jagiellonia Bialystok
202526-0835,2328170,MATCHED,DATE_SCORE_TEAM,0.8181818182,1,0.9090909091,True,0,0,3,FT,2,134021,133674,Rapid Vienna,Fiorentina,UECL,Rapid Wien,Fiorentina
202526-0837,2328174,MATCHED,DATE_SCORE_TEAM,1,1,1,True,0,1,0,FT,2,133767,134090,AZ Alkmaar,Slovan Bratislava,UECL,AZ Alkmaar,Slovan Bratislava
202526-0402,2327903,MATCHED,DATE_SCORE_TEAM,1,1,1,True,0,3,1,FT,3,133758,133746,Feyenoord,Panathinaikos,UEL,Feyenoord,Panathinaikos
202526-0409,2327911,MATCHED,DATE_SCORE_TEAM,0.7272727273,1,0.8636363636,True,0,1,2,FT,3,133682,134015,Roma,Viktoria Plzeň,UEL,AS Roma,Viktoria Plzen
202526-0410,2327909,MATCHED,DATE_SCORE_TEAM,1,1,1,True,0,3,2,FT,3,134001,133981,Young Boys,Ludogorets Razgrad,UEL,Young Boys,Ludogorets Razgrad
202526-0411,2327910,MATCHED,DATE_SCORE_TEAM,1,1,1,True,0,2,1,FT,3,133647,137743,Celtic,Sturm Graz,UEL,Celtic,Sturm Graz
202526-0412,2327914,MATCHED,DATE_SCORE_TEAM,0.7142857143,0.380952381,0.5476190476,True,0,3,4,FT,3,133711,133749,Lille,PAOK,UEL,Lille OSC,PAOK Thessaloniki
202526-0413,2327913,MATCHED,DATE_SCORE_TEAM,1,1,1,True,0,0,3,FT,3,134315,133891,Maccabi Tel Aviv,FC Midtjylland,UEL,Maccabi Tel-Aviv,FC Midtjylland
202526-0414,2327915,MATCHED,DATE_SCORE_TEAM,1,1,1,True,0,1,1,FT,3,134166,133961,Malmo FF,Dinamo Zagreb,UEL,Malmö FF,Dinamo Zagreb
202526-0415,2327912,MATCHED,DATE_SCORE_TEAM,1,1,1,True,0,2,0,FT,3,133720,134114,Nottingham Forest,FC Porto,UEL,Nottingham Forest,FC Porto
202526-0416,2327908,MATCHED,DATE_SCORE_TEAM,0.8695652174,0.6666666667,0.768115942,True,0,2,1,FT,3,133937,133712,Celta Vigo,Nice,UEL,Celta de Vigo,OGC Nice
202526-0417,2329359,MATCHED,DATE_SCORE_TEAM,1,1,1,True,0,2,0,FT,3,133653,133764,Freiburg,Utrecht,UEL,SC Freiburg,FC Utrecht
202526-0836,2328179,MATCHED,DATE_SCORE_TEAM,0.5882352941,1,0.7941176471,True,0,1,0,FT,2,133665,134341,Mainz,Zrinjski Mostar,UECL,FSV Mainz 05,Zrinjski Mostar
202526-0838,2328181,MATCHED,DATE_SCORE_TEAM,1,1,1,True,0,0,1,FT,2,133632,136251,Crystal Palace,AEK Larnaca,UECL,Crystal Palace,AEK Larnaca
202526-0839,2328180,MATCHED,DATE_SCORE_TEAM,0.9655172414,0.9655172414,0.9655172414,True,0,0,1,FT,2,138133,138990,Ħamrun Spartans,Lausanne-Sport,UECL,Hamrun Spartans,Lausanne Sports
202526-0840,2328175,MATCHED,DATE_SCORE_TEAM,1,1,1,True,0,2,1,FT,2,140040,134010,Lincoln Red Imps,Lech Poznań,UECL,Lincoln Red Imps,Lech Poznan
202526-0841,2328178,MATCHED,DATE_SCORE_TEAM,1,1,1,True,0,3,0,FT,2,133797,133944,Samsunspor,Dynamo Kyiv,UECL,Samsunspor,Dynamo Kyiv
202526-0842,2328182,MATCHED,DATE_SCORE_TEAM,1,1,1,True,0,0,2,FT,2,133978,134318,Shamrock Rovers,Celje,UECL,Shamrock Rovers,NK Celje
202526-0843,2328176,MATCHED,DATE_SCORE_TEAM,1,1,1,True,0,1,1,FT,2,136677,137670,Sigma Olomouc,Raków Częstochowa,UECL,Sigma Olomouc,Raków Czestochowa
202526-0844,2328177,MATCHED,DATE_SCORE_TEAM,1,1,1,True,0,1,1,FT,2,138188,137895,Universitatea Craiova,Noah,UECL,Universitatea Craiova,FC Noah
202526-0147,2328060,MATCHED,DATE_SCORE_TEAM,0.8,1,0.9,True,0,0,3,FT,4,136036,133604,Slavia Prague,Arsenal,UCL,Slavia Praha,Arsenal
202526-0148,2328059,MATCHED,DATE_SCORE_TEAM,1,1,1,True,0,0,0,FT,4,133670,133814,Napoli,Eintracht Frankfurt,UCL,Napoli,Eintracht Frankfurt
202526-0149,2328064,MATCHED,DATE_SCORE_TEAM,1,1,1,True,0,3,1,FT,4,133729,138141,Atlético Madrid,Union Saint-Gilloise,UCL,Atlético Madrid,Union Saint-Gilloise
202526-0150,2328065,MATCHED,DATE_SCORE_TEAM,1,0.8,0.9,True,0,0,1,FT,4,135497,133823,Bodø/Glimt,Monaco,UCL,Bodø/Glimt,AS Monaco
202526-0151,2328067,MATCHED,DATE_SCORE_TEAM,1,0.7586206897,0.8793103448,True,0,1,1,FT,4,133676,135708,Juventus,Sporting CP,UCL,Juventus,Sporting CP Lisbon
202526-0152,2328062,MATCHED,DATE_SCORE_TEAM,1,1,1,True,0,1,0,FT,4,133602,133738,Liverpool,Real Madrid,UCL,Liverpool,Real Madrid
202526-0153,2328063,MATCHED,DATE_SCORE_TEAM,0.6428571429,1,0.8214285714,True,0,1,1,FT,4,133754,133768,Olympiacos,PSV Eindhoven,UCL,Olympiakos Piraeus,PSV Eindhoven
202526-0154,2328066,MATCHED,DATE_SCORE_TEAM,0.5925925926,0.8888888889,0.7407407407,True,0,1,2,FT,4,133714,133664,Paris SG,Bayern Munich,UCL,Paris Saint-Germain,Bayern München
202526-0155,2328061,MATCHED,DATE_SCORE_TEAM,1,0.5263157895,0.7631578947,True,0,4,0,FT,4,133616,133898,Tottenham Hotspur,FC Copenhagen,UCL,Tottenham Hotspur,FC København
202526-0156,2328069,MATCHED,DATE_SCORE_TEAM,1,1,1,True,0,1,0,FT,4,137928,133740,Pafos,Villarreal,UCL,Pafos FC,Villarreal
202526-0157,2328068,MATCHED,DATE_SCORE_TEAM,1,1,1,True,0,2,2,FT,4,135702,133610,Qarabağ,Chelsea,UCL,Qarabag FK,Chelsea
202526-0158,2328072,MATCHED,DATE_SCORE_TEAM,1,1,1,True,0,0,3,FT,4,133772,133804,Ajax,Galatasaray,UCL,Ajax,Galatasaray
202526-0159,2328071,MATCHED,DATE_SCORE_TEAM,1,1,1,True,0,3,3,FT,4,133789,133739,Club Brugge,Barcelona,UCL,Club Brugge,FC Barcelona
202526-0160,2328075,MATCHED,DATE_SCORE_TEAM,0.48,1,0.74,True,0,2,1,FT,4,133681,134602,Inter Milan,Kairat Almaty,UCL,Internazionale,Kairat Almaty
202526-0161,2328070,MATCHED,DATE_SCORE_TEAM,1,1,1,True,0,4,1,FT,4,133613,133650,Manchester City,Borussia Dortmund,UCL,Manchester City,Borussia Dortmund
202526-0162,2328073,MATCHED,DATE_SCORE_TEAM,1,1,1,True,0,2,0,FT,4,134777,133727,Newcastle United,Athletic Bilbao,UCL,Newcastle United,Athletic Bilbao
202526-0163,2328076,MATCHED,DATE_SCORE_TEAM,0.6428571429,1,0.8214285714,True,0,0,1,FT,4,133707,134782,Marseille,Atalanta,UCL,Olympique Marseille,Atalanta
202526-0164,2328074,MATCHED,DATE_SCORE_TEAM,1,1,1,True,0,0,1,FT,4,134108,133666,Benfica,Bayer Leverkusen,UCL,Benfica,Bayer Leverkusen
202526-0418,2327918,MATCHED,DATE_SCORE_TEAM,0.64,1,0.82,True,0,2,0,FT,4,133970,134304,Red Bull Salzburg,Go Ahead Eagles,UEL,FC Salzburg,Go Ahead Eagles
202526-0419,2327922,MATCHED,DATE_SCORE_TEAM,1,1,1,True,0,3,1,FT,4,133957,134005,Basel,FCSB,UEL,FC Basel,FCSB
202526-0420,2329360,MATCHED,DATE_SCORE_TEAM,1,1,1,True,0,3,1,FT,4,133891,133647,FC Midtjylland,Celtic,UEL,FC Midtjylland,Celtic
202526-0421,2327919,MATCHED,DATE_SCORE_TEAM,1,1,1,True,0,1,1,FT,4,133764,134114,Utrecht,FC Porto,UEL,FC Utrecht,FC Porto
202526-0422,2327921,MATCHED,DATE_SCORE_TEAM,1,0.7142857143,0.8571428571,True,0,1,0,FT,4,133987,133711,Crvena Zvezda,Lille,UEL,Red Star Belgrade,Lille OSC
202526-0423,2327920,MATCHED,DATE_SCORE_TEAM,1,0.8695652174,0.9347826087,True,0,0,3,FT,4,133961,133937,Dinamo Zagreb,Celta Vigo,UEL,Dinamo Zagreb,Celta de Vigo
202526-0424,2327923,MATCHED,DATE_SCORE_TEAM,1,1,1,True,0,0,1,FT,4,134166,133746,Malmo FF,Panathinaikos,UEL,Malmö FF,Panathinaikos
202526-0425,2327916,MATCHED,DATE_SCORE_TEAM,0.6666666667,1,0.8333333333,True,0,1,3,FT,4,133712,133653,Nice,Freiburg,UEL,OGC Nice,SC Freiburg
202526-0426,2327917,MATCHED,DATE_SCORE_TEAM,1,1,1,True,0,0,0,FT,4,137743,133720,Sturm Graz,Nottingham Forest,UEL,Sturm Graz,Nottingham Forest
202526-0845,2328190,MATCHED,DATE_SCORE_TEAM,0.5882352941,1,0.7941176471,True,0,2,1,FT,3,133665,133674,Mainz,Fiorentina,UECL,FSV Mainz 05,Fiorentina
202526-0846,2328186,MATCHED,DATE_SCORE_TEAM,0.8,1,0.9,True,0,0,0,FT,3,134007,137670,Sparta Prague,Raków Częstochowa,UECL,Sparta Praha,Raków Czestochowa
202526-0847,2328183,MATCHED,DATE_SCORE_TEAM,1,1,1,True,0,1,1,FT,3,133753,133978,AEK Athens,Shamrock Rovers,UECL,AEK Athens,Shamrock Rovers
202526-0848,2328188,MATCHED,DATE_SCORE_TEAM,1,1,1,True,0,0,0,FT,3,136251,133638,AEK Larnaca,Aberdeen,UECL,AEK Larnaca,Aberdeen
202526-0849,2328184,MATCHED,DATE_SCORE_TEAM,1,0.9,0.95,True,0,2,0,FT,3,134126,134347,Shakhtar Donetsk,Breiðablik,UECL,Shakhtar Donetsk,Breidablik
202526-0850,2328185,MATCHED,DATE_SCORE_TEAM,1,1,1,True,0,1,2,FT,3,137895,136677,Noah,Sigma Olomouc,UECL,FC Noah,Sigma Olomouc
202526-0851,2329921,MATCHED,DATE_SCORE_TEAM,1,1,1,True,0,3,1,FT,3,134018,134090,KuPS,Slovan Bratislava,UECL,KuPS Kuopio,Slovan Bratislava
202526-0852,2328187,MATCHED,DATE_SCORE_TEAM,1,1,1,True,0,2,1,FT,3,134318,133992,Celje,Legia Warsaw,UECL,NK Celje,Legia Warsaw
202526-0853,2328189,MATCHED,DATE_SCORE_TEAM,1,0.9655172414,0.9827586207,True,0,3,0,FT,3,133797,138133,Samsunspor,Ħamrun Spartans,UECL,Samsunspor,Hamrun Spartans
202526-0427,2327932,MATCHED,DATE_SCORE_TEAM,1,1,1,True,0,2,0,FT,4,133601,134315,Aston Villa,Maccabi Tel Aviv,UEL,Aston Villa,Maccabi Tel-Aviv
202526-0428,2327927,MATCHED,DATE_SCORE_TEAM,1,0.5882352941,0.7941176471,True,0,0,0,FT,4,134781,134571,Bologna,Brann,UEL,Bologna,SK Brann Bergen
202526-0429,2327925,MATCHED,DATE_SCORE_TEAM,1,1,1,True,0,0,0,FT,4,134015,133807,Viktoria Plzeň,Fenerbahçe,UEL,Viktoria Plzen,Fenerbahçe
202526-0430,2327926,MATCHED,DATE_SCORE_TEAM,1,1,1,True,0,3,1,FT,4,134620,133981,Ferencváros,Ludogorets Razgrad,UEL,Ferencváros,Ludogorets Razgrad
202526-0431,2327931,MATCHED,DATE_SCORE_TEAM,0.380952381,1,0.6904761905,True,0,4,0,FT,4,133749,134001,PAOK,Young Boys,UEL,PAOK Thessaloniki,Young Boys
202526-0432,2327924,MATCHED,DATE_SCORE_TEAM,0.6363636364,0.7272727273,0.6818181818,True,0,0,2,FT,4,133642,133682,Rangers,Roma,UEL,Glasgow Rangers,AS Roma
202526-0433,2327929,MATCHED,DATE_SCORE_TEAM,1,0.4444444444,0.7222222222,True,0,2,0,FT,4,133722,133713,Real Betis,Lyon,UEL,Real Betis,Olympique Lyon
202526-0434,2327928,MATCHED,DATE_SCORE_TEAM,0.5263157895,1,0.7631578947,True,0,3,4,FT,4,134098,133779,Braga,Genk,UEL,Sporting Braga,Racing Genk
202526-0435,2327930,MATCHED,DATE_SCORE_TEAM,0.8181818182,1,0.9090909091,True,0,2,0,FT,4,133660,133758,Stuttgart,Feyenoord,UEL,VfB Stuttgart,Feyenoord
202526-0854,2328195,MATCHED,DATE_SCORE_TEAM,0.8,0.8695652174,0.8347826087,True,0,1,2,FT,3,134160,133882,Hacken,Strasbourg,UECL,BK Häcken,RC Strasbourg
202526-0855,2328197,MATCHED,DATE_SCORE_TEAM,1,1,1,True,0,3,1,FT,3,133632,133767,Crystal Palace,AZ Alkmaar,UECL,Crystal Palace,AZ Alkmaar
202526-0856,2328191,MATCHED,DATE_SCORE_TEAM,0.9655172414,1,0.9827586207,True,0,1,1,FT,3,138990,133986,Lausanne-Sport,Omonia Nicosia,UECL,Lausanne Sports,Omonia Nicosia
202526-0857,2328193,MATCHED,DATE_SCORE_TEAM,1,1,1,True,0,6,0,FT,3,133944,134341,Dynamo Kyiv,Zrinjski Mostar,UECL,Dynamo Kyiv,Zrinjski Mostar
202526-0858,2328192,MATCHED,DATE_SCORE_TEAM,1,0.9523809524,0.9761904762,True,0,1,1,FT,3,134024,135297,Shkëndija,Jagiellonia Białystok,UECL,Shkendija Tetovo,Jagiellonia Bialystok
202526-0859,2328194,MATCHED,DATE_SCORE_TEAM,1,1,1,True,0,1,1,FT,3,140040,134399,Lincoln Red Imps,Rijeka,UECL,Lincoln Red Imps,NK Rijeka
202526-0860,2328198,MATCHED,DATE_SCORE_TEAM,1,1,1,True,0,3,2,FT,3,133728,134010,Rayo Vallecano,Lech Poznań,UECL,Rayo Vallecano,Lech Poznan
202526-0861,2328196,MATCHED,DATE_SCORE_TEAM,1,1,1,True,0,0,1,FT,3,138033,140098,Shelbourne,Drita,UECL,Shelbourne,FC Drita
202526-0862,2328199,MATCHED,DATE_SCORE_TEAM,0.8181818182,1,0.9090909091,True,0,0,1,FT,3,134021,138188,Rapid Vienna,Universitatea Craiova,UECL,Rapid Wien,Universitatea Craiova
202526-0165,2328077,MATCHED,DATE_SCORE_TEAM,1,1,1,True,0,0,2,FT,5,133772,134108,Ajax,Benfica,UCL,Ajax,Benfica
202526-0166,2328078,MATCHED,DATE_SCORE_TEAM,1,1,1,True,0,0,1,FT,5,133804,138141,Galatasaray,Union Saint-Gilloise,UCL,Galatasaray,Union Saint-Gilloise
202526-0167,2328083,MATCHED,DATE_SCORE_TEAM,1,1,1,True,0,4,0,FT,5,133650,133740,Borussia Dortmund,Villarreal,UCL,Borussia Dortmund,Villarreal
202526-0168,2328081,MATCHED,DATE_SCORE_TEAM,1,1,1,True,0,3,0,FT,5,133610,133739,Chelsea,Barcelona,UCL,Chelsea,FC Barcelona
202526-0169,2328085,MATCHED,DATE_SCORE_TEAM,1,1,1,True,0,2,3,FT,5,135497,133676,Bodø/Glimt,Juventus,UCL,Bodø/Glimt,Juventus
202526-0170,2328079,MATCHED,DATE_SCORE_TEAM,1,1,1,True,0,0,2,FT,5,133613,133666,Manchester City,Bayer Leverkusen,UCL,Manchester City,Bayer Leverkusen
202526-0171,2328080,MATCHED,DATE_SCORE_TEAM,0.6428571429,1,0.8214285714,True,0,2,1,FT,5,133707,134777,Marseille,Newcastle United,UCL,Olympique Marseille,Newcastle United
202526-0172,2328084,MATCHED,DATE_SCORE_TEAM,0.8,1,0.9,True,0,0,0,FT,5,136036,133727,Slavia Prague,Athletic Bilbao,UCL,Slavia Praha,Athletic Bilbao
202526-0173,2328082,MATCHED,DATE_SCORE_TEAM,1,1,1,True,0,2,0,FT,5,133670,135702,Napoli,Qarabağ,UCL,Napoli,Qarabag FK
202526-0174,2328086,MATCHED,DATE_SCORE_TEAM,0.5263157895,1,0.7631578947,True,0,3,2,FT,5,133898,134602,FC Copenhagen,Kairat Almaty,UCL,FC København,Kairat Almaty
202526-0175,2328087,MATCHED,DATE_SCORE_TEAM,1,0.8,0.9,True,0,2,2,FT,5,137928,133823,Pafos,Monaco,UCL,Pafos FC,AS Monaco
202526-0176,2328092,MATCHED,DATE_SCORE_TEAM,1,0.8888888889,0.9444444444,True,0,3,1,FT,5,133604,133664,Arsenal,Bayern Munich,UCL,Arsenal,Bayern München
202526-0177,2328089,MATCHED,DATE_SCORE_TEAM,1,0.48,0.74,True,0,2,1,FT,5,133729,133681,Atlético Madrid,Inter Milan,UCL,Atlético Madrid,Internazionale
202526-0178,2328093,MATCHED,DATE_SCORE_TEAM,1,1,1,True,0,0,3,FT,5,133814,134782,Eintracht Frankfurt,Atalanta,UCL,Eintracht Frankfurt,Atalanta
202526-0179,2328094,MATCHED,DATE_SCORE_TEAM,1,1,1,True,0,1,4,FT,5,133602,133768,Liverpool,PSV Eindhoven,UCL,Liverpool,PSV Eindhoven
202526-0180,2328088,MATCHED,DATE_SCORE_TEAM,0.6428571429,1,0.8214285714,True,0,3,4,FT,5,133754,133738,Olympiacos,Real Madrid,UCL,Olympiakos Piraeus,Real Madrid
202526-0181,2328090,MATCHED,DATE_SCORE_TEAM,0.5925925926,1,0.7962962963,True,0,5,3,FT,5,133714,133616,Paris SG,Tottenham Hotspur,UCL,Paris Saint-Germain,Tottenham Hotspur
202526-0182,2328091,MATCHED,DATE_SCORE_TEAM,0.7586206897,1,0.8793103448,True,0,3,0,FT,5,135708,133789,Sporting CP,Club Brugge,UCL,Sporting CP Lisbon,Club Brugge
202526-0436,2327937,MATCHED,DATE_SCORE_TEAM,0.7272727273,1,0.8636363636,True,0,2,1,FT,5,133682,133891,Roma,FC Midtjylland,UEL,AS Roma,FC Midtjylland
202526-0437,2327941,MATCHED,DATE_SCORE_TEAM,1,1,1,True,0,2,1,FT,5,133601,134001,Aston Villa,Young Boys,UEL,Aston Villa,Young Boys
202526-0438,2327940,MATCHED,DATE_SCORE_TEAM,1,0.6666666667,0.8333333333,True,0,3,0,FT,5,134114,133712,FC Porto,Nice,UEL,FC Porto,OGC Nice
202526-0439,2327939,MATCHED,DATE_SCORE_TEAM,1,1,1,True,0,0,0,FT,5,134015,133653,Viktoria Plzeň,Freiburg,UEL,Viktoria Plzen,SC Freiburg
202526-0440,2327936,MATCHED,DATE_SCORE_TEAM,1,1,1,True,0,1,1,FT,5,133807,134620,Fenerbahçe,Ferencváros,UEL,Fenerbahçe,Ferencváros
202526-0441,2327933,MATCHED,DATE_SCORE_TEAM,1,1,1,True,0,1,3,FT,5,133758,133647,Feyenoord,Celtic,UEL,Feyenoord,Celtic
202526-0442,2327938,MATCHED,DATE_SCORE_TEAM,0.7142857143,1,0.8571428571,True,0,4,0,FT,5,133711,133961,Lille,Dinamo Zagreb,UEL,Lille OSC,Dinamo Zagreb
202526-0443,2327934,MATCHED,DATE_TEAM_FALLBACK,1,1,1,True,0,1,1,FT,5,133749,134571,PAOK,Brann,UEL,PAOK Thessaloniki,SK Brann Bergen
202526-0444,2327935,MATCHED,DATE_SCORE_TEAM,1,0.8695652174,0.9347826087,True,0,3,2,FT,5,133981,133937,Ludogorets Razgrad,Celta Vigo,UEL,Ludogorets Razgrad,Celta de Vigo
202526-0863,2328201,MATCHED,DATE_SCORE_TEAM,1,1,1,True,0,2,0,FT,4,133767,138033,AZ Alkmaar,Shelbourne,UECL,AZ Alkmaar,Shelbourne
202526-0864,2328206,MATCHED,DATE_SCORE_TEAM,0.9655172414,1,0.9827586207,True,0,3,1,FT,4,138133,140040,Ħamrun Spartans,Lincoln Red Imps,UECL,Hamrun Spartans,Lincoln Red Imps
202526-0865,2328200,MATCHED,DATE_SCORE_TEAM,1,0.8,0.9,True,0,2,1,FT,4,134341,134160,Zrinjski Mostar,Hacken,UECL,Zrinjski Mostar,BK Häcken
202526-0866,2328204,MATCHED,DATE_SCORE_TEAM,1,0.9655172414,0.9827586207,True,0,2,0,FT,4,134010,138990,Lech Poznań,Lausanne-Sport,UECL,Lech Poznan,Lausanne Sports
202526-0867,2328205,MATCHED,DATE_SCORE_TEAM,1,1,1,True,0,2,0,FT,4,133986,133944,Omonia Nicosia,Dynamo Kyiv,UECL,Omonia Nicosia,Dynamo Kyiv
202526-0868,2328208,MATCHED,DATE_SCORE_TEAM,1,0.8181818182,0.9090909091,True,0,4,1,FT,4,137670,134021,Raków Częstochowa,Rapid Vienna,UECL,Raków Czestochowa,Rapid Wien
202526-0869,2328207,MATCHED,DATE_SCORE_TEAM,1,1,1,True,0,2,1,FT,4,136677,134318,Sigma Olomouc,Celje,UECL,Sigma Olomouc,NK Celje
202526-0870,2328202,MATCHED,DATE_SCORE_TEAM,1,0.5882352941,0.7941176471,True,0,1,0,FT,4,138188,133665,Universitatea Craiova,Mainz,UECL,Universitatea Craiova,FSV Mainz 05
202526-0871,2328203,MATCHED,DATE_SCORE_TEAM,1,1,1,True,0,2,1,FT,4,134090,133728,Slovan Bratislava,Rayo Vallecano,UECL,Slovan Bratislava,Rayo Vallecano
202526-0445,2327942,MATCHED,DATE_SCORE_TEAM,1,0.64,0.82,True,0,4,1,FT,5,134781,133970,Bologna,Red Bull Salzburg,UEL,Bologna,FC Salzburg
202526-0446,2327945,MATCHED,DATE_SCORE_TEAM,1,1,1,True,0,1,0,FT,5,133987,134005,Crvena Zvezda,FCSB,UEL,Red Star Belgrade,FCSB
202526-0447,2327944,MATCHED,DATE_SCORE_TEAM,1,0.8181818182,0.9090909091,True,0,0,4,FT,5,134304,133660,Go Ahead Eagles,Stuttgart,UEL,Go Ahead Eagles,VfB Stuttgart
202526-0448,2327949,MATCHED,DATE_SCORE_TEAM,1,1,1,True,0,2,1,FT,5,133779,133957,Genk,Basel,UEL,Racing Genk,FC Basel
202526-0449,2327950,MATCHED,DATE_SCORE_TEAM,1,0.4444444444,0.7222222222,True,0,0,6,FT,5,134315,133713,Maccabi Tel Aviv,Lyon,UEL,Maccabi Tel-Aviv,Olympique Lyon
202526-0450,2327948,MATCHED,DATE_SCORE_TEAM,1,1,1,True,0,3,0,FT,5,133720,134166,Nottingham Forest,Malmo FF,UEL,Nottingham Forest,Malmö FF
202526-0451,2327947,MATCHED,DATE_SCORE_TEAM,1,1,1,True,0,2,1,FT,5,133746,137743,Panathinaikos,Sturm Graz,UEL,Panathinaikos,Sturm Graz
202526-0452,2327943,MATCHED,DATE_SCORE_TEAM,0.6363636364,0.5263157895,0.5813397129,True,0,1,1,FT,5,133642,134098,Rangers,Braga,UEL,Glasgow Rangers,Sporting Braga
202526-0453,2327946,MATCHED,DATE_SCORE_TEAM,1,1,1,True,0,2,1,FT,5,133722,133764,Real Betis,Utrecht,UEL,Real Betis,FC Utrecht
202526-0872,2328214,MATCHED,DATE_SCORE_TEAM,1,1,1,True,0,1,1,FT,4,133638,137895,Aberdeen,Noah,UECL,Aberdeen,FC Noah
202526-0873,2328212,MATCHED,DATE_SCORE_TEAM,1,1,1,True,0,0,1,FT,4,133674,133753,Fiorentina,AEK Athens,UECL,Fiorentina,AEK Athens
202526-0874,2328216,MATCHED,DATE_SCORE_TEAM,0.9,1,0.95,True,0,2,2,FT,4,134347,133797,Breiðablik,Samsunspor,UECL,Breidablik,Samsunspor
202526-0875,2328209,MATCHED,DATE_SCORE_TEAM,1,1,1,True,0,1,0,FT,4,140098,134024,Drita,Shkëndija,UECL,FC Drita,Shkendija Tetovo
202526-0876,2328213,MATCHED,DATE_SCORE_TEAM,1,1,1,True,0,0,0,FT,4,134399,136251,Rijeka,AEK Larnaca,UECL,NK Rijeka,AEK Larnaca
202526-0877,2328217,MATCHED,DATE_SCORE_TEAM,0.9523809524,1,0.9761904762,True,0,1,0,FT,4,135297,134018,Jagiellonia Białystok,KuPS,UECL,Jagiellonia Bialystok,KuPS Kuopio
202526-0878,2328211,MATCHED,DATE_SCORE_TEAM,1,0.8,0.9,True,0,0,1,FT,4,133992,134007,Legia Warsaw,Sparta Prague,UECL,Legia Warsaw,Sparta Praha
202526-0879,2328215,MATCHED,DATE_SCORE_TEAM,0.8695652174,1,0.9347826087,True,0,2,1,FT,4,133882,133632,Strasbourg,Crystal Palace,UECL,RC Strasbourg,Crystal Palace
202526-0880,2328210,MATCHED,DATE_SCORE_TEAM,1,1,1,True,0,1,2,FT,4,133978,134126,Shamrock Rovers,Shakhtar Donetsk,UECL,Shamrock Rovers,Shakhtar Donetsk
202526-0183,2328095,MATCHED,DATE_SCORE_TEAM,1,0.6428571429,0.8214285714,True,0,0,1,FT,6,134602,133754,Kairat Almaty,Olympiacos,UCL,Kairat Almaty,Olympiakos Piraeus
202526-0184,2328096,MATCHED,DATE_SCORE_TEAM,0.8888888889,0.7586206897,0.8237547893,True,0,3,1,FT,6,133664,135708,Bayern Munich,Sporting CP,UCL,Bayern München,Sporting CP Lisbon
202526-0185,2328101,MATCHED,DATE_SCORE_TEAM,0.8,1,0.9,True,0,1,0,FT,6,133823,133804,Monaco,Galatasaray,UCL,AS Monaco,Galatasaray
202526-0186,2328099,MATCHED,DATE_SCORE_TEAM,1,1,1,True,0,2,1,FT,6,134782,133610,Atalanta,Chelsea,UCL,Atalanta,Chelsea
202526-0187,2328097,MATCHED,DATE_SCORE_TEAM,1,1,1,True,0,2,1,FT,6,133739,133814,Barcelona,Eintracht Frankfurt,UCL,FC Barcelona,Eintracht Frankfurt
202526-0188,2328098,MATCHED,DATE_SCORE_TEAM,0.48,1,0.74,True,0,0,1,FT,6,133681,133602,Inter Milan,Liverpool,UCL,Internazionale,Liverpool
202526-0189,2328103,MATCHED,DATE_SCORE_TEAM,1,1,1,True,0,2,3,FT,6,133768,133729,PSV Eindhoven,Atlético Madrid,UCL,PSV Eindhoven,Atlético Madrid
202526-0190,2328100,MATCHED,DATE_SCORE_TEAM,1,0.6428571429,0.8214285714,True,0,2,3,FT,6,138141,133707,Union Saint-Gilloise,Marseille,UCL,Union Saint-Gilloise,Olympique Marseille
202526-0191,2328102,MATCHED,DATE_SCORE_TEAM,1,0.8,0.9,True,0,3,0,FT,6,133616,136036,Tottenham Hotspur,Slavia Prague,UCL,Tottenham Hotspur,Slavia Praha
202526-0192,2328105,MATCHED,DATE_SCORE_TEAM,1,1,1,True,0,2,4,FT,6,135702,133772,Qarabağ,Ajax,UCL,Qarabag FK,Ajax
202526-0193,2328104,MATCHED,DATE_SCORE_TEAM,1,0.5263157895,0.7631578947,True,0,2,3,FT,6,133740,133898,Villarreal,FC Copenhagen,UCL,Villarreal,FC København
202526-0194,2328107,MATCHED,DATE_SCORE_TEAM,1,0.5925925926,0.7962962963,True,0,0,0,FT,6,133727,133714,Athletic Bilbao,Paris SG,UCL,Athletic Bilbao,Paris Saint-Germain
202526-0195,2328109,MATCHED,DATE_SCORE_TEAM,1,1,1,True,0,2,2,FT,6,133666,134777,Bayer Leverkusen,Newcastle United,UCL,Bayer Leverkusen,Newcastle United
202526-0196,2328111,MATCHED,DATE_SCORE_TEAM,1,1,1,True,0,2,2,FT,6,133650,135497,Borussia Dortmund,Bodø/Glimt,UCL,Borussia Dortmund,Bodø/Glimt
202526-0197,2328108,MATCHED,DATE_SCORE_TEAM,1,1,1,True,0,0,3,FT,6,133789,133604,Club Brugge,Arsenal,UCL,Club Brugge,Arsenal
202526-0198,2328110,MATCHED,DATE_SCORE_TEAM,1,1,1,True,0,2,0,FT,6,133676,137928,Juventus,Pafos,UCL,Juventus,Pafos FC
202526-0199,2328106,MATCHED,DATE_SCORE_TEAM,1,1,1,True,0,1,2,FT,6,133738,133613,Real Madrid,Manchester City,UCL,Real Madrid,Manchester City
202526-0200,2328112,MATCHED,DATE_SCORE_TEAM,1,1,1,True,0,2,0,FT,6,134108,133670,Benfica,Napoli,UCL,Benfica,Napoli
202526-0454,2327958,MATCHED,DATE_SCORE_TEAM,1,0.7142857143,0.8571428571,True,0,1,0,FT,6,134001,133711,Young Boys,Lille,UEL,Young Boys,Lille OSC
202526-0455,2327955,MATCHED,DATE_SCORE_TEAM,1,1,1,True,0,1,0,FT,6,133891,133779,FC Midtjylland,Genk,UEL,FC Midtjylland,Racing Genk
202526-0456,2327951,MATCHED,DATE_SCORE_TEAM,1,1,1,True,0,1,2,FT,6,133764,133720,Utrecht,Nottingham Forest,UEL,FC Utrecht,Nottingham Forest
202526-0457,2327952,MATCHED,DATE_SCORE_TEAM,1,0.6363636364,0.8181818182,True,0,2,1,FT,6,134620,133642,Ferencváros,Rangers,UEL,Ferencváros,Glasgow Rangers
202526-0458,2327956,MATCHED,DATE_SCORE_TEAM,1,1,1,True,0,1,3,FT,6,133961,133722,Dinamo Zagreb,Real Betis,UEL,Dinamo Zagreb,Real Betis
202526-0459,2327959,MATCHED,DATE_SCORE_TEAM,0.6666666667,0.5263157895,0.5964912281,True,0,0,1,FT,6,133712,134098,Nice,Braga,UEL,OGC Nice,Sporting Braga
202526-0460,2327954,MATCHED,DATE_SCORE_TEAM,1,0.380952381,0.6904761905,True,0,3,3,FT,6,133981,133749,Ludogorets Razgrad,PAOK,UEL,Ludogorets Razgrad,PAOK Thessaloniki
202526-0461,2327953,MATCHED,DATE_SCORE_TEAM,1,1,1,True,0,0,1,FT,6,137743,133987,Sturm Graz,Crvena Zvezda,UEL,Sturm Graz,Red Star Belgrade
202526-0462,2327957,MATCHED,DATE_SCORE_TEAM,0.8181818182,1,0.9090909091,True,0,4,1,FT,6,133660,134315,Stuttgart,Maccabi Tel Aviv,UEL,VfB Stuttgart,Maccabi Tel-Aviv
202526-0881,2328219,MATCHED,DATE_SCORE_TEAM,1,1,1,True,0,2,1,FT,5,133674,133944,Fiorentina,Dynamo Kyiv,UECL,Fiorentina,Dynamo Kyiv
202526-0882,2328221,MATCHED,DATE_SCORE_TEAM,0.8,1,0.9,True,0,1,1,FT,5,134160,136251,Hacken,AEK Larnaca,UECL,BK Häcken,AEK Larnaca
202526-0883,2328218,MATCHED,DATE_SCORE_TEAM,0.9,1,0.95,True,0,3,1,FT,5,134347,133978,Breiðablik,Shamrock Rovers,UECL,Breidablik,Shamrock Rovers
202526-0884,2328225,MATCHED,DATE_SCORE_TEAM,1,1,1,True,0,0,3,FT,5,140098,133767,Drita,AZ Alkmaar,UECL,FC Drita,AZ Alkmaar
202526-0885,2328226,MATCHED,DATE_SCORE_TEAM,1,1,1,True,0,2,1,FT,5,137895,133992,Noah,Legia Warsaw,UECL,FC Noah,Legia Warsaw
202526-0886,2328223,MATCHED,DATE_SCORE_TEAM,0.9523809524,1,0.9761904762,True,0,1,2,FT,5,135297,133728,Jagiellonia Białystok,Rayo Vallecano,UECL,Jagiellonia Bialystok,Rayo Vallecano
202526-0887,2328224,MATCHED,DATE_SCORE_TEAM,1,1,1,True,0,2,0,FT,5,134024,134090,Shkëndija,Slovan Bratislava,UECL,Shkendija Tetovo,Slovan Bratislava
202526-0888,2328222,MATCHED,DATE_SCORE_TEAM,1,1,1,True,0,1,2,FT,5,133797,133753,Samsunspor,AEK Athens,UECL,Samsunspor,AEK Athens
202526-0889,2328220,MATCHED,DATE_SCORE_TEAM,1,0.8,0.9,True,0,1,2,FT,5,138188,134007,Universitatea Craiova,Sparta Prague,UECL,Universitatea Craiova,Sparta Praha
202526-0463,2327961,MATCHED,DATE_SCORE_TEAM,1,0.7272727273,0.8636363636,True,0,0,3,FT,6,133647,133682,Celtic,Roma,UEL,Celtic,AS Roma
202526-0464,2327966,MATCHED,DATE_SCORE_TEAM,1,1,1,True,0,2,1,FT,6,134114,134166,FC Porto,Malmo FF,UEL,FC Porto,Malmö FF
202526-0465,2327963,MATCHED,DATE_SCORE_TEAM,1,1,1,True,0,1,2,FT,6,133957,133601,Basel,Aston Villa,UEL,FC Basel,Aston Villa
202526-0466,2327960,MATCHED,DATE_SCORE_TEAM,1,1,1,True,0,4,3,FT,6,134005,133758,FCSB,Feyenoord,UEL,FCSB,Feyenoord
202526-0467,2327968,MATCHED,DATE_SCORE_TEAM,0.4444444444,1,0.7222222222,True,0,2,1,FT,6,133713,134304,Lyon,Go Ahead Eagles,UEL,Olympique Lyon,Go Ahead Eagles
202526-0468,2327965,MATCHED,DATE_SCORE_TEAM,1,1,1,True,0,0,0,FT,6,133746,134015,Panathinaikos,Viktoria Plzeň,UEL,Panathinaikos,Viktoria Plzen
202526-0469,2327962,MATCHED,DATE_SCORE_TEAM,0.8695652174,1,0.9347826087,True,0,1,2,FT,6,133937,134781,Celta Vigo,Bologna,UEL,Celta de Vigo,Bologna
202526-0470,2327964,MATCHED,DATE_SCORE_TEAM,1,0.64,0.82,True,0,1,0,FT,6,133653,133970,Freiburg,Red Bull Salzburg,UEL,SC Freiburg,FC Salzburg
202526-0471,2327967,MATCHED,DATE_SCORE_TEAM,0.5882352941,1,0.7941176471,True,0,0,4,FT,6,134571,133807,Brann,Fenerbahçe,UEL,SK Brann Bergen,Fenerbahçe
202526-0890,2328235,MATCHED,DATE_SCORE_TEAM,1,0.8695652174,0.9347826087,True,0,0,1,FT,5,133638,133882,Aberdeen,Strasbourg,UECL,Aberdeen,RC Strasbourg
202526-0891,2328229,MATCHED,DATE_SCORE_TEAM,0.9655172414,1,0.9827586207,True,0,0,2,FT,5,138133,134126,Ħamrun Spartans,Shakhtar Donetsk,UECL,Hamrun Spartans,Shakhtar Donetsk
202526-0892,2328231,MATCHED,DATE_SCORE_TEAM,1,1,1,True,0,3,0,FT,5,134399,134318,Rijeka,Celje,UECL,NK Rijeka,NK Celje
202526-0893,2328227,MATCHED,DATE_SCORE_TEAM,1,0.5882352941,0.7941176471,True,0,1,1,FT,5,134010,133665,Lech Poznań,Mainz,UECL,Lech Poznan,FSV Mainz 05
202526-0894,2328233,MATCHED,DATE_SCORE_TEAM,1,0.9655172414,0.9827586207,True,0,0,0,FT,5,134018,138990,KuPS,Lausanne-Sport,UECL,KuPS Kuopio,Lausanne Sports
202526-0895,2328232,MATCHED,DATE_SCORE_TEAM,1,1,1,True,0,2,1,FT,5,140040,136677,Lincoln Red Imps,Sigma Olomouc,UECL,Lincoln Red Imps,Sigma Olomouc
202526-0896,2328234,MATCHED,DATE_SCORE_TEAM,1,1,1,True,0,1,0,FT,5,137670,134341,Raków Częstochowa,Zrinjski Mostar,UECL,Raków Czestochowa,Zrinjski Mostar
202526-0897,2328230,MATCHED,DATE_SCORE_TEAM,1,1,1,True,0,0,3,FT,5,138033,133632,Shelbourne,Crystal Palace,UECL,Shelbourne,Crystal Palace
202526-0898,2328228,MATCHED,DATE_SCORE_TEAM,0.8181818182,1,0.9090909091,True,0,0,1,FT,5,134021,133986,Rapid Vienna,Omonia Nicosia,UECL,Rapid Wien,Omonia Nicosia
202526-0899,2328237,MATCHED,DATE_SCORE_TEAM,0.5882352941,1,0.7941176471,True,0,2,0,FT,6,133665,133797,Mainz,Samsunspor,UECL,FSV Mainz 05,Samsunspor
202526-0900,2328247,MATCHED,DATE_SCORE_TEAM,0.8,1,0.9,True,0,3,0,FT,6,134007,133638,Sparta Prague,Aberdeen,UECL,Sparta Praha,Aberdeen
202526-0901,2328249,MATCHED,DATE_SCORE_TEAM,1,1,1,True,0,3,2,FT,6,133753,138188,AEK Athens,Universitatea Craiova,UECL,AEK Athens,Universitatea Craiova
202526-0902,2328248,MATCHED,DATE_SCORE_TEAM,1,1,1,True,0,1,0,FT,6,136251,134024,AEK Larnaca,Shkëndija,UECL,AEK Larnaca,Shkendija Tetovo
202526-0903,2328251,MATCHED,DATE_SCORE_TEAM,1,0.9523809524,0.9761904762,True,0,0,0,FT,6,133767,135297,AZ Alkmaar,Jagiellonia Białystok,UECL,AZ Alkmaar,Jagiellonia Bialystok
202526-0904,2328243,MATCHED,DATE_SCORE_TEAM,1,1,1,True,0,2,2,FT,6,133632,134018,Crystal Palace,KuPS,UECL,Crystal Palace,KuPS Kuopio
202526-0905,2328239,MATCHED,DATE_SCORE_TEAM,1,1,1,True,0,0,0,FT,6,134126,134399,Shakhtar Donetsk,Rijeka,UECL,Shakhtar Donetsk,NK Rijeka
202526-0906,2328252,MATCHED,DATE_SCORE_TEAM,1,1,1,True,0,2,0,FT,6,133944,137895,Dynamo Kyiv,Noah,UECL,Dynamo Kyiv,FC Noah
202526-0907,2328238,MATCHED,DATE_SCORE_TEAM,0.9655172414,1,0.9827586207,True,0,1,0,FT,6,138990,133674,Lausanne-Sport,Fiorentina,UECL,Lausanne Sports,Fiorentina
202526-0908,2328246,MATCHED,DATE_SCORE_TEAM,1,0.8181818182,0.9090909091,True,0,1,1,FT,6,134341,134021,Zrinjski Mostar,Rapid Vienna,UECL,Zrinjski Mostar,Rapid Wien
202526-0909,2328245,MATCHED,DATE_SCORE_TEAM,1,1,1,True,0,4,1,FT,6,133992,140040,Legia Warsaw,Lincoln Red Imps,UECL,Legia Warsaw,Lincoln Red Imps
202526-0910,2328236,MATCHED,DATE_SCORE_TEAM,1,1,1,True,0,0,0,FT,6,134318,138033,Celje,Shelbourne,UECL,NK Celje,Shelbourne
202526-0911,2328250,MATCHED,DATE_SCORE_TEAM,1,1,1,True,0,0,1,FT,6,133986,137670,Omonia Nicosia,Raków Częstochowa,UECL,Omonia Nicosia,Raków Czestochowa
202526-0912,2328244,MATCHED,DATE_SCORE_TEAM,0.8695652174,0.9,0.8847826087,True,0,3,1,FT,6,133882,134347,Strasbourg,Breiðablik,UECL,RC Strasbourg,Breidablik
202526-0913,2328242,MATCHED,DATE_SCORE_TEAM,1,1,1,True,0,3,0,FT,6,133728,140098,Rayo Vallecano,Drita,UECL,Rayo Vallecano,FC Drita
202526-0914,2328253,MATCHED,DATE_SCORE_TEAM,1,0.9655172414,0.9827586207,True,0,3,1,FT,6,133978,138133,Shamrock Rovers,Ħamrun Spartans,UECL,Shamrock Rovers,Hamrun Spartans
202526-0915,2328240,MATCHED,DATE_SCORE_TEAM,1,1,1,True,0,1,2,FT,6,136677,134010,Sigma Olomouc,Lech Poznań,UECL,Sigma Olomouc,Lech Poznan
202526-0916,2328241,MATCHED,DATE_SCORE_TEAM,1,0.8,0.9,True,0,1,0,FT,6,134090,134160,Slovan Bratislava,Hacken,UECL,Slovan Bratislava,BK Häcken
202526-0201,2328113,MATCHED,DATE_SCORE_TEAM,1,1,1,True,0,1,4,FT,7,134602,133789,Kairat Almaty,Club Brugge,UCL,Kairat Almaty,Club Brugge
202526-0202,2328114,MATCHED,DATE_SCORE_TEAM,1,1,1,True,0,3,1,FT,7,135497,133613,Bodø/Glimt,Manchester City,UCL,Bodø/Glimt,Manchester City
202526-0203,2328117,MATCHED,DATE_SCORE_TEAM,0.5263157895,1,0.7631578947,True,0,1,1,FT,7,133898,133670,FC Copenhagen,Napoli,UCL,FC København,Napoli
202526-0204,2328121,MATCHED,DATE_SCORE_TEAM,0.48,1,0.74,True,0,1,3,FT,7,133681,133604,Inter Milan,Arsenal,UCL,Internazionale,Arsenal
202526-0205,2328119,MATCHED,DATE_SCORE_TEAM,0.6428571429,1,0.8214285714,True,0,2,0,FT,7,133754,133666,Olympiacos,Bayer Leverkusen,UCL,Olympiakos Piraeus,Bayer Leverkusen
202526-0206,2328115,MATCHED,DATE_SCORE_TEAM,1,0.8,0.9,True,0,6,1,FT,7,133738,133823,Real Madrid,Monaco,UCL,Real Madrid,AS Monaco
202526-0207,2328116,MATCHED,DATE_SCORE_TEAM,0.7586206897,0.5925925926,0.6756066411,True,0,2,1,FT,7,135708,133714,Sporting CP,Paris SG,UCL,Sporting CP Lisbon,Paris Saint-Germain
202526-0208,2328120,MATCHED,DATE_SCORE_TEAM,1,1,1,True,0,2,0,FT,7,133616,133650,Tottenham Hotspur,Borussia Dortmund,UCL,Tottenham Hotspur,Borussia Dortmund
202526-0209,2328118,MATCHED,DATE_SCORE_TEAM,1,1,1,True,0,1,2,FT,7,133740,133772,Villarreal,Ajax,UCL,Villarreal,Ajax
202526-0210,2328122,MATCHED,DATE_SCORE_TEAM,1,1,1,True,0,1,1,FT,7,133804,133729,Galatasaray,Atlético Madrid,UCL,Galatasaray,Atlético Madrid
202526-0211,2328123,MATCHED,DATE_SCORE_TEAM,1,1,1,True,0,3,2,FT,7,135702,133814,Qarabağ,Eintracht Frankfurt,UCL,Qarabag FK,Eintracht Frankfurt
202526-0212,2328125,MATCHED,DATE_SCORE_TEAM,1,1,1,True,0,2,3,FT,7,134782,133727,Atalanta,Athletic Bilbao,UCL,Atalanta,Athletic Bilbao
202526-0213,2328127,MATCHED,DATE_SCORE_TEAM,1,1,1,True,0,1,0,FT,7,133610,137928,Chelsea,Pafos,UCL,Chelsea,Pafos FC
202526-0214,2328129,MATCHED,DATE_SCORE_TEAM,0.8888888889,1,0.9444444444,True,0,2,0,FT,7,133664,138141,Bayern Munich,Union Saint-Gilloise,UCL,Bayern München,Union Saint-Gilloise
202526-0215,2328126,MATCHED,DATE_SCORE_TEAM,1,1,1,True,0,2,0,FT,7,133676,134108,Juventus,Benfica,UCL,Juventus,Benfica
202526-0216,2328128,MATCHED,DATE_SCORE_TEAM,1,1,1,True,0,3,0,FT,7,134777,133768,Newcastle United,PSV Eindhoven,UCL,Newcastle United,PSV Eindhoven
202526-0217,2328130,MATCHED,DATE_SCORE_TEAM,0.6428571429,1,0.8214285714,True,0,0,3,FT,7,133707,133602,Marseille,Liverpool,UCL,Olympique Marseille,Liverpool
202526-0218,2328124,MATCHED,DATE_SCORE_TEAM,0.8,1,0.9,True,0,2,4,FT,7,136036,133739,Slavia Prague,Barcelona,UCL,Slavia Praha,FC Barcelona
202526-0472,2327975,MATCHED,DATE_SCORE_TEAM,1,1,1,True,0,2,2,FT,7,134781,133647,Bologna,Celtic,UEL,Bologna,Celtic
202526-0473,2327971,MATCHED,DATE_SCORE_TEAM,1,0.4444444444,0.7222222222,True,0,0,1,FT,7,134001,133713,Young Boys,Lyon,UEL,Young Boys,Olympique Lyon
202526-0474,2327977,MATCHED,DATE_SCORE_TEAM,1,1,1,True,0,1,1,FT,7,134015,134114,Viktoria Plzeň,FC Porto,UEL,Viktoria Plzen,FC Porto
202526-0475,2327970,MATCHED,DATE_SCORE_TEAM,1,1,1,True,0,0,1,FT,7,133807,133601,Fenerbahçe,Aston Villa,UEL,Fenerbahçe,Aston Villa
202526-0476,2327972,MATCHED,DATE_SCORE_TEAM,1,1,1,True,0,3,0,FT,7,133758,137743,Feyenoord,Sturm Graz,UEL,Feyenoord,Sturm Graz
202526-0477,2327969,MATCHED,DATE_SCORE_TEAM,1,1,1,True,0,0,1,FT,7,134166,133987,Malmo FF,Crvena Zvezda,UEL,Malmö FF,Red Star Belgrade
202526-0478,2327974,MATCHED,DATE_SCORE_TEAM,0.380952381,1,0.6904761905,True,0,2,0,FT,7,133749,133722,PAOK,Real Betis,UEL,PAOK Thessaloniki,Real Betis
202526-0479,2327976,MATCHED,DATE_SCORE_TEAM,1,1,1,True,0,1,0,FT,7,133653,134315,Freiburg,Maccabi Tel Aviv,UEL,SC Freiburg,Maccabi Tel-Aviv
202526-0480,2327973,MATCHED,DATE_SCORE_TEAM,0.5882352941,1,0.7941176471,True,0,3,3,FT,7,134571,133891,Brann,FC Midtjylland,UEL,SK Brann Bergen,FC Midtjylland
202526-0481,2327979,MATCHED,DATE_SCORE_TEAM,0.7272727273,0.8181818182,0.7727272727,True,0,2,0,FT,7,133682,133660,Roma,Stuttgart,UEL,AS Roma,VfB Stuttgart
202526-0482,2327983,MATCHED,DATE_SCORE_TEAM,1,1,1,True,0,0,2,FT,7,133764,133779,Utrecht,Genk,UEL,FC Utrecht,Racing Genk
202526-0483,2327980,MATCHED,DATE_SCORE_TEAM,0.64,1,0.82,True,0,3,1,FT,7,133970,133957,Red Bull Salzburg,Basel,UEL,FC Salzburg,FC Basel
202526-0484,2327985,MATCHED,DATE_SCORE_TEAM,1,1,1,True,0,1,1,FT,7,134620,133746,Ferencváros,Panathinaikos,UEL,Ferencváros,Panathinaikos
202526-0485,2327981,MATCHED,DATE_SCORE_TEAM,1,1,1,True,0,4,1,FT,7,133961,134005,Dinamo Zagreb,FCSB,UEL,Dinamo Zagreb,FCSB
202526-0486,2327984,MATCHED,DATE_SCORE_TEAM,0.6666666667,1,0.8333333333,True,0,3,1,FT,7,133712,134304,Nice,Go Ahead Eagles,UEL,OGC Nice,Go Ahead Eagles
202526-0487,2327978,MATCHED,DATE_SCORE_TEAM,0.6363636364,1,0.8181818182,True,0,1,0,FT,7,133642,133981,Rangers,Ludogorets Razgrad,UEL,Glasgow Rangers,Ludogorets Razgrad
202526-0488,2327986,MATCHED,DATE_SCORE_TEAM,0.8695652174,0.7142857143,0.7919254658,True,0,2,1,FT,7,133937,133711,Celta Vigo,Lille,UEL,Celta de Vigo,Lille OSC
202526-0489,2327982,MATCHED,DATE_SCORE_TEAM,0.5263157895,1,0.7631578947,True,0,1,0,FT,7,134098,133720,Braga,Nottingham Forest,UEL,Sporting Braga,Nottingham Forest
202526-0219,2328142,MATCHED,DATE_SCORE_TEAM,1,0.6428571429,0.8214285714,True,0,1,2,FT,8,133772,133754,Ajax,Olympiacos,UCL,Ajax,Olympiakos Piraeus
202526-0220,2328144,MATCHED,DATE_SCORE_TEAM,1,1,1,True,0,3,2,FT,8,133604,134602,Arsenal,Kairat Almaty,UCL,Arsenal,Kairat Almaty
202526-0221,2328133,MATCHED,DATE_SCORE_TEAM,0.8,1,0.9,True,0,0,0,FT,8,133823,133676,Monaco,Juventus,UCL,AS Monaco,Juventus
202526-0222,2328141,MATCHED,DATE_SCORE_TEAM,1,0.7586206897,0.8793103448,True,0,2,3,FT,8,133727,135708,Athletic Bilbao,Sporting CP,UCL,Athletic Bilbao,Sporting CP Lisbon
202526-0223,2328137,MATCHED,DATE_SCORE_TEAM,1,1,1,True,0,1,2,FT,8,133729,135497,Atlético Madrid,Bodø/Glimt,UCL,Atlético Madrid,Bodø/Glimt
202526-0224,2328140,MATCHED,DATE_SCORE_TEAM,1,1,1,True,0,3,0,FT,8,133666,133740,Bayer Leverkusen,Villarreal,UCL,Bayer Leverkusen,Villarreal
202526-0225,2328132,MATCHED,DATE_SCORE_TEAM,1,0.48,0.74,True,0,0,2,FT,8,133650,133681,Borussia Dortmund,Inter Milan,UCL,Borussia Dortmund,Internazionale
202526-0226,2328148,MATCHED,DATE_SCORE_TEAM,1,0.6428571429,0.8214285714,True,0,3,0,FT,8,133789,133707,Club Brugge,Marseille,UCL,Club Brugge,Olympique Marseille
202526-0227,2328135,MATCHED,DATE_SCORE_TEAM,1,1,1,True,0,0,2,FT,8,133814,133616,Eintracht Frankfurt,Tottenham Hotspur,UCL,Eintracht Frankfurt,Tottenham Hotspur
202526-0228,2328146,MATCHED,DATE_SCORE_TEAM,1,0.5263157895,0.7631578947,True,0,4,1,FT,8,133739,133898,Barcelona,FC Copenhagen,UCL,FC Barcelona,FC København
202526-0229,2328145,MATCHED,DATE_SCORE_TEAM,1,1,1,True,0,6,0,FT,8,133602,135702,Liverpool,Qarabağ,UCL,Liverpool,Qarabag FK
202526-0230,2328138,MATCHED,DATE_SCORE_TEAM,1,1,1,True,0,2,0,FT,8,133613,133804,Manchester City,Galatasaray,UCL,Manchester City,Galatasaray
202526-0231,2328136,MATCHED,DATE_SCORE_TEAM,1,0.8,0.9,True,0,4,1,FT,8,137928,136036,Pafos,Slavia Prague,UCL,Pafos FC,Slavia Praha
202526-0232,2328134,MATCHED,DATE_SCORE_TEAM,0.5925925926,1,0.7962962963,True,0,1,1,FT,8,133714,134777,Paris SG,Newcastle United,UCL,Paris Saint-Germain,Newcastle United
202526-0233,2328139,MATCHED,DATE_SCORE_TEAM,1,0.8888888889,0.9444444444,True,0,1,2,FT,8,133768,133664,PSV Eindhoven,Bayern Munich,UCL,PSV Eindhoven,Bayern München
202526-0234,2328143,MATCHED,DATE_SCORE_TEAM,1,1,1,True,0,1,0,FT,8,138141,134782,Union Saint-Gilloise,Atalanta,UCL,Union Saint-Gilloise,Atalanta
202526-0235,2328147,MATCHED,DATE_SCORE_TEAM,1,1,1,True,0,4,2,FT,8,134108,133738,Benfica,Real Madrid,UCL,Benfica,Real Madrid
202526-0236,2328131,MATCHED,DATE_SCORE_TEAM,1,1,1,True,0,2,3,FT,8,133670,133610,Napoli,Chelsea,UCL,Napoli,Chelsea
202526-0490,2327999,MATCHED,DATE_SCORE_TEAM,1,0.64,0.82,True,0,3,2,FT,8,133601,133970,Aston Villa,Red Bull Salzburg,UEL,Aston Villa,FC Salzburg
202526-0491,2328004,MATCHED,DATE_SCORE_TEAM,1,1,1,True,0,4,2,FT,8,133647,133764,Celtic,Utrecht,UEL,Celtic,FC Utrecht
202526-0492,2327987,MATCHED,DATE_SCORE_TEAM,1,0.6363636364,0.8181818182,True,0,3,1,FT,8,134114,133642,FC Porto,Rangers,UEL,FC Porto,Glasgow Rangers
202526-0493,2327995,MATCHED,DATE_SCORE_TEAM,1,1,1,True,0,0,1,FT,8,133957,134015,Basel,Viktoria Plzeň,UEL,FC Basel,Viktoria Plzen
202526-0494,2328003,MATCHED,DATE_SCORE_TEAM,1,1,1,True,0,2,0,FT,8,133891,133961,FC Midtjylland,Dinamo Zagreb,UEL,FC Midtjylland,Dinamo Zagreb
202526-0495,2327993,MATCHED,DATE_SCORE_TEAM,1,0.8695652174,0.9347826087,True,0,1,1,FT,8,133987,133937,Crvena Zvezda,Celta Vigo,UEL,Red Star Belgrade,Celta de Vigo
202526-0496,2327998,MATCHED,DATE_SCORE_TEAM,1,1,1,True,0,1,1,FT,8,134005,133807,FCSB,Fenerbahçe,UEL,FCSB,Fenerbahçe
202526-0497,2327990,MATCHED,DATE_SCORE_TEAM,1,0.5263157895,0.7631578947,True,0,0,0,FT,8,134304,134098,Go Ahead Eagles,Braga,UEL,Go Ahead Eagles,Sporting Braga
202526-0498,2328000,MATCHED,DATE_SCORE_TEAM,1,1,1,True,0,2,1,FT,8,133779,134166,Genk,Malmo FF,UEL,Racing Genk,Malmö FF
202526-0499,2327991,MATCHED,DATE_SCORE_TEAM,0.7142857143,1,0.8571428571,True,0,1,0,FT,8,133711,133653,Lille,Freiburg,UEL,Lille OSC,SC Freiburg
202526-0500,2327997,MATCHED,DATE_SCORE_TEAM,1,1,1,True,0,0,3,FT,8,134315,134781,Maccabi Tel Aviv,Bologna,UEL,Maccabi Tel-Aviv,Bologna
202526-0501,2328001,MATCHED,DATE_SCORE_TEAM,1,1,1,True,0,4,0,FT,8,133720,134620,Nottingham Forest,Ferencváros,UEL,Nottingham Forest,Ferencváros
202526-0502,2327996,MATCHED,DATE_TEAM_FALLBACK,1,1,1,True,0,4,2,FT,8,133713,133749,Lyon,PAOK,UEL,Olympique Lyon,PAOK Thessaloniki
202526-0503,2327992,MATCHED,DATE_SCORE_TEAM,1,0.7272727273,0.8636363636,True,0,1,1,FT,8,133746,133682,Panathinaikos,Roma,UEL,Panathinaikos,AS Roma
202526-0504,2328002,MATCHED,DATE_SCORE_TEAM,1,0.6666666667,0.8333333333,True,0,1,0,FT,8,133981,133712,Ludogorets Razgrad,Nice,UEL,Ludogorets Razgrad,OGC Nice
202526-0505,2327994,MATCHED,DATE_SCORE_TEAM,1,1,1,True,0,2,1,FT,8,133722,133758,Real Betis,Feyenoord,UEL,Real Betis,Feyenoord
202526-0506,2327989,MATCHED,DATE_SCORE_TEAM,1,0.5882352941,0.7941176471,True,0,1,0,FT,8,137743,134571,Sturm Graz,Brann,UEL,Sturm Graz,SK Brann Bergen
202526-0507,2327988,MATCHED,DATE_SCORE_TEAM,0.8181818182,1,0.9090909091,True,0,3,2,FT,8,133660,134001,Stuttgart,Young Boys,UEL,VfB Stuttgart,Young Boys
202526-0239,2425766,MATCHED,DATE_SCORE_TEAM,1,1,1,True,0,5,2,FT,32,133804,133676,Galatasaray,Juventus,UCL,Galatasaray,Juventus
202526-0237,2425769,MATCHED,DATE_SCORE_TEAM,0.8,0.5925925926,0.6962962963,True,0,2,3,FT,32,133823,133714,Monaco,Paris SG,UCL,AS Monaco,Paris Saint-Germain
202526-0241,2425767,MATCHED,DATE_SCORE_TEAM,1,1,1,True,0,0,1,FT,32,134108,133738,Benfica,Real Madrid,UCL,Benfica,Real Madrid
202526-0243,2425768,MATCHED,DATE_SCORE_TEAM,1,1,1,True,900,2,0,FT,32,133650,134782,Borussia Dortmund,Atalanta,UCL,Borussia Dortmund,Atalanta
202526-0245,2425770,MATCHED,DATE_SCORE_TEAM,1,1,1,True,0,1,6,FT,32,135702,134777,Qarabağ,Newcastle United,UCL,Qarabag FK,Newcastle United
202526-0247,2425772,MATCHED,DATE_SCORE_TEAM,1,1,1,True,0,3,3,FT,32,133789,133729,Club Brugge,Atlético Madrid,UCL,Club Brugge,Atlético Madrid
202526-0249,2425771,MATCHED,DATE_SCORE_TEAM,1,0.48,0.74,True,0,3,1,FT,32,135497,133681,Bodø/Glimt,Inter Milan,UCL,Bodø/Glimt,Internazionale
202526-0251,2425773,MATCHED,DATE_SCORE_TEAM,0.6428571429,1,0.8214285714,True,0,0,2,FT,32,133754,133666,Olympiacos,Bayer Leverkusen,UCL,Olympiakos Piraeus,Bayer Leverkusen
202526-0512,2425784,MATCHED,DATE_SCORE_TEAM,1,1,1,True,0,1,3,FT,32,133961,133779,Dinamo Zagreb,Genk,UEL,Dinamo Zagreb,Racing Genk
202526-0514,2425786,MATCHED,DATE_SCORE_TEAM,0.380952381,0.8695652174,0.6252587992,True,0,1,2,FT,32,133749,133937,PAOK,Celta Vigo,UEL,PAOK Thessaloniki,Celta de Vigo
202526-0518,2425785,MATCHED,DATE_SCORE_TEAM,1,1,1,True,0,0,3,FT,32,133807,133720,Fenerbahçe,Nottingham Forest,UEL,Fenerbahçe,Nottingham Forest
202526-0520,2425783,MATCHED,DATE_SCORE_TEAM,0.5882352941,1,0.7941176471,True,0,0,1,FT,32,134571,134781,Brann,Bologna,UEL,SK Brann Bergen,Bologna
202526-0917,2419529,MATCHED,DATE_SCORE_TEAM,1,1,1,True,0,0,2,FT,32,134018,134010,KuPS,Lech Poznań,UECL,KuPS Kuopio,Lech Poznan
202526-0919,2419530,MATCHED,DATE_SCORE_TEAM,1,1,1,True,0,1,0,FT,32,137895,133767,Noah,AZ Alkmaar,UECL,FC Noah,AZ Alkmaar
202526-0921,2419534,MATCHED,DATE_SCORE_TEAM,1,1,1,True,0,1,1,FT,32,134341,133632,Zrinjski Mostar,Crystal Palace,UECL,Zrinjski Mostar,Crystal Palace
202526-0929,2419533,MATCHED,DATE_SCORE_TEAM,1,0.9655172414,0.9827586207,True,0,1,1,FT,32,136677,138990,Sigma Olomouc,Lausanne-Sport,UECL,Sigma Olomouc,Lausanne Sports
202526-0508,2425789,MATCHED,DATE_SCORE_TEAM,1,1,1,True,0,2,1,FT,32,133981,134620,Ludogorets Razgrad,Ferencváros,UEL,Ludogorets Razgrad,Ferencváros
202526-0510,2425790,MATCHED,DATE_SCORE_TEAM,1,1,1,True,0,2,2,FT,32,133746,134015,Panathinaikos,Viktoria Plzeň,UEL,Panathinaikos,Viktoria Plzen
202526-0516,2425787,MATCHED,DATE_SCORE_TEAM,1,0.8181818182,0.9090909091,True,0,1,4,FT,32,133647,133660,Celtic,Stuttgart,UEL,Celtic,VfB Stuttgart
202526-0522,2425788,MATCHED,DATE_SCORE_TEAM,0.7142857143,1,0.8571428571,True,0,0,1,FT,32,133711,133987,Lille,Crvena Zvezda,UEL,Lille OSC,Red Star Belgrade
202526-0923,2419528,MATCHED,DATE_SCORE_TEAM,0.9523809524,1,0.9761904762,True,0,0,3,FT,32,135297,133674,Jagiellonia Białystok,Fiorentina,UECL,Jagiellonia Bialystok,Fiorentina
202526-0925,2419532,MATCHED,DATE_SCORE_TEAM,1,1,1,True,0,0,1,FT,32,134024,133797,Shkëndija,Samsunspor,UECL,Shkendija Tetovo,Samsunspor
202526-0927,2419527,MATCHED,DATE_SCORE_TEAM,1,1,1,True,0,2,3,FT,32,140098,134318,Drita,Celje,UECL,FC Drita,NK Celje
202526-0931,2419531,MATCHED,DATE_SCORE_TEAM,1,1,1,True,0,0,1,FT,32,133986,134399,Omonia Nicosia,Rijeka,UECL,Omonia Nicosia,NK Rijeka
202526-0248,2425774,MATCHED,DATE_SCORE_TEAM,1,1,1,True,0,4,1,FT,32,133729,133789,Atlético Madrid,Club Brugge,UCL,Atlético Madrid,Club Brugge
202526-0246,2425777,MATCHED,DATE_SCORE_TEAM,1,1,1,True,0,3,2,FT,32,134777,135702,Newcastle United,Qarabağ,UCL,Newcastle United,Qarabag FK
202526-0250,2425776,MATCHED,DATE_SCORE_TEAM,0.48,1,0.74,True,0,1,2,FT,32,133681,135497,Inter Milan,Bodø/Glimt,UCL,Internazionale,Bodø/Glimt
202526-0252,2425775,MATCHED,DATE_SCORE_TEAM,1,0.6428571429,0.8214285714,True,0,0,0,FT,32,133666,133754,Bayer Leverkusen,Olympiacos,UCL,Bayer Leverkusen,Olympiakos Piraeus
202526-0244,2425778,MATCHED,DATE_SCORE_TEAM,1,1,1,True,0,4,1,FT,32,134782,133650,Atalanta,Borussia Dortmund,UCL,Atalanta,Borussia Dortmund
202526-0238,2425780,MATCHED,DATE_SCORE_TEAM,0.5925925926,0.8,0.6962962963,True,0,2,2,FT,32,133714,133823,Paris SG,Monaco,UCL,Paris Saint-Germain,AS Monaco
202526-0240,2425779,MATCHED,DATE_SCORE_TEAM,1,1,1,True,0,3,2,AET,32,133676,133804,Juventus,Galatasaray,UCL,Juventus,Galatasaray
202526-0242,2425781,MATCHED,DATE_SCORE_TEAM,1,1,1,True,0,2,1,FT,32,133738,134108,Real Madrid,Benfica,UCL,Real Madrid,Benfica
202526-0509,2425792,MATCHED,DATE_SCORE_TEAM,1,1,1,True,0,2,0,FT,32,134620,133981,Ferencváros,Ludogorets Razgrad,UEL,Ferencváros,Ludogorets Razgrad
202526-0511,2425793,MATCHED,DATE_SCORE_TEAM,1,1,1,True,0,1,1,PEN,32,134015,133746,Viktoria Plzeň,Panathinaikos,UEL,Viktoria Plzen,Panathinaikos
202526-0517,2425794,MATCHED,DATE_SCORE_TEAM,0.8181818182,1,0.9090909091,True,0,0,1,FT,32,133660,133647,Stuttgart,Celtic,UEL,VfB Stuttgart,Celtic
202526-0523,2425791,MATCHED,DATE_TEAM_FALLBACK,1,1,1,False,0,0,1,AET,32,133987,133711,Crvena Zvezda,Lille,UEL,Red Star Belgrade,Lille OSC
202526-0924,2419538,MATCHED,DATE_SCORE_TEAM,1,0.9523809524,0.9761904762,True,0,2,4,AET,32,133674,135297,Fiorentina,Jagiellonia Białystok,UECL,Fiorentina,Jagiellonia Bialystok
202526-0926,2419542,MATCHED,DATE_SCORE_TEAM,1,1,1,True,0,4,0,FT,32,133797,134024,Samsunspor,Shkëndija,UECL,Samsunspor,Shkendija Tetovo
202526-0928,2419536,MATCHED,DATE_SCORE_TEAM,1,1,1,True,0,3,2,FT,32,134318,140098,Celje,Drita,UECL,NK Celje,FC Drita
202526-0932,2419541,MATCHED,DATE_SCORE_TEAM,1,1,1,True,0,3,1,FT,32,134399,133986,Rijeka,Omonia Nicosia,UECL,NK Rijeka,Omonia Nicosia
202526-0513,2425797,MATCHED,DATE_SCORE_TEAM,1,1,1,True,0,3,3,AET,32,133779,133961,Genk,Dinamo Zagreb,UEL,Racing Genk,Dinamo Zagreb
202526-0515,2425796,MATCHED,DATE_SCORE_TEAM,0.8695652174,0.380952381,0.6252587992,True,0,1,0,FT,32,133937,133749,Celta Vigo,PAOK,UEL,Celta de Vigo,PAOK Thessaloniki
202526-0519,2425798,MATCHED,DATE_SCORE_TEAM,1,1,1,True,0,1,2,FT,32,133720,133807,Nottingham Forest,Fenerbahçe,UEL,Nottingham Forest,Fenerbahçe
202526-0521,2425795,MATCHED,DATE_SCORE_TEAM,1,0.5882352941,0.7941176471,True,0,1,0,FT,32,134781,134571,Bologna,Brann,UEL,Bologna,SK Brann Bergen
202526-0918,2419540,MATCHED,DATE_SCORE_TEAM,1,1,1,True,0,1,0,FT,32,134010,134018,Lech Poznań,KuPS,UECL,Lech Poznan,KuPS Kuopio
202526-0920,2419535,MATCHED,DATE_SCORE_TEAM,1,1,1,True,0,4,0,FT,32,133767,137895,AZ Alkmaar,Noah,UECL,AZ Alkmaar,FC Noah
202526-0922,2419537,MATCHED,DATE_SCORE_TEAM,1,1,1,True,0,2,0,FT,32,133632,134341,Crystal Palace,Zrinjski Mostar,UECL,Crystal Palace,Zrinjski Mostar
202526-0930,2419539,MATCHED,DATE_SCORE_TEAM,0.9655172414,1,0.9827586207,True,0,1,2,FT,32,138990,136677,Lausanne-Sport,Sigma Olomouc,UECL,Lausanne Sports,Sigma Olomouc
202526-0255,2440244,MATCHED,DATE_SCORE_TEAM,1,1,1,True,0,1,0,FT,16,133804,133602,Galatasaray,Liverpool,UCL,Galatasaray,Liverpool
202526-0259,2440247,MATCHED,DATE_SCORE_TEAM,1,0.8888888889,0.9444444444,True,0,1,6,FT,16,134782,133664,Atalanta,Bayern Munich,UCL,Atalanta,Bayern München
202526-0261,2440242,MATCHED,DATE_SCORE_TEAM,1,1,1,True,0,1,1,FT,16,134777,133739,Newcastle United,Barcelona,UCL,Newcastle United,FC Barcelona
202526-0263,2440246,MATCHED,DATE_SCORE_TEAM,1,1,1,True,0,5,2,FT,16,133729,133616,Atlético Madrid,Tottenham Hotspur,UCL,Atlético Madrid,Tottenham Hotspur
202526-0267,2440245,MATCHED,DATE_SCORE_TEAM,1,1,1,True,0,1,1,FT,16,133666,133604,Bayer Leverkusen,Arsenal,UCL,Bayer Leverkusen,Arsenal
202526-0253,2440243,MATCHED,DATE_SCORE_TEAM,0.5925925926,1,0.7962962963,True,0,5,2,FT,16,133714,133610,Paris SG,Chelsea,UCL,Paris Saint-Germain,Chelsea
202526-0257,2440241,MATCHED,DATE_SCORE_TEAM,1,1,1,True,0,3,0,FT,16,133738,133613,Real Madrid,Manchester City,UCL,Real Madrid,Manchester City
202526-0265,2440248,MATCHED,DATE_SCORE_TEAM,1,0.7586206897,0.8793103448,True,0,3,0,FT,16,135497,135708,Bodø/Glimt,Sporting CP,UCL,Bodø/Glimt,Sporting CP Lisbon
202526-0526,2440263,MATCHED,DATE_SCORE_TEAM,1,1,1,True,0,1,0,FT,16,133746,133722,Panathinaikos,Real Betis,UEL,Panathinaikos,Real Betis
202526-0532,2440262,MATCHED,DATE_SCORE_TEAM,0.8181818182,1,0.9090909091,True,0,1,2,FT,16,133660,134114,Stuttgart,FC Porto,UEL,VfB Stuttgart,FC Porto
202526-0536,2440261,MATCHED,DATE_SCORE_TEAM,1,0.7272727273,0.8636363636,True,0,1,1,FT,16,134781,133682,Bologna,Roma,UEL,Bologna,AS Roma
202526-0538,2440260,MATCHED,DATE_SCORE_TEAM,0.7142857143,1,0.8571428571,True,0,0,1,FT,16,133711,133601,Lille,Aston Villa,UEL,Lille OSC,Aston Villa
202526-0933,2440702,MATCHED,DATE_SCORE_TEAM,1,1,1,True,0,1,3,FT,16,134010,134126,Lech Poznań,Shakhtar Donetsk,UECL,Lech Poznan,Shakhtar Donetsk
202526-0935,2440699,MATCHED,DATE_SCORE_TEAM,1,0.8,0.9,True,0,2,1,FT,16,133767,134007,AZ Alkmaar,Sparta Prague,UECL,AZ Alkmaar,Sparta Praha
202526-0941,2440700,MATCHED,DATE_SCORE_TEAM,1,1,1,True,0,1,3,FT,16,133797,133728,Samsunspor,Rayo Vallecano,UECL,Samsunspor,Rayo Vallecano
202526-0947,2440701,MATCHED,DATE_SCORE_TEAM,1,0.8695652174,0.9347826087,True,0,1,2,FT,16,134399,133882,Rijeka,Strasbourg,UECL,NK Rijeka,RC Strasbourg
202526-0524,2440266,MATCHED,DATE_SCORE_TEAM,1,0.5263157895,0.7631578947,True,0,2,0,FT,16,134620,134098,Ferencváros,Braga,UEL,Ferencváros,Sporting Braga
202526-0528,2440267,MATCHED,DATE_SCORE_TEAM,1,1,1,True,0,1,0,FT,16,133779,133653,Genk,Freiburg,UEL,Racing Genk,SC Freiburg
202526-0530,2440264,MATCHED,DATE_SCORE_TEAM,0.8695652174,0.4444444444,0.6570048309,True,0,1,1,FT,16,133937,133713,Celta Vigo,Lyon,UEL,Celta de Vigo,Olympique Lyon
202526-0534,2440265,MATCHED,DATE_SCORE_TEAM,1,1,1,True,0,0,1,FT,16,133720,133891,Nottingham Forest,FC Midtjylland,UEL,Nottingham Forest,FC Midtjylland
202526-0937,2440697,MATCHED,DATE_SCORE_TEAM,1,1,1,True,0,0,0,FT,16,133632,136251,Crystal Palace,AEK Larnaca,UECL,Crystal Palace,AEK Larnaca
202526-0939,2440698,MATCHED,DATE_SCORE_TEAM,1,1,1,True,0,2,1,FT,16,133674,137670,Fiorentina,Raków Częstochowa,UECL,Fiorentina,Raków Czestochowa
202526-0943,2440703,MATCHED,DATE_SCORE_TEAM,1,1,1,True,0,0,4,FT,16,134318,133753,Celje,AEK Athens,UECL,NK Celje,AEK Athens
202526-0945,2440704,MATCHED,DATE_SCORE_TEAM,1,0.5882352941,0.7941176471,True,0,0,0,FT,16,136677,133665,Sigma Olomouc,Mainz,UECL,Sigma Olomouc,FSV Mainz 05
202526-0266,2440256,MATCHED,DATE_SCORE_TEAM,0.7586206897,1,0.8793103448,True,0,5,0,AET,16,135708,135497,Sporting CP,Bodø/Glimt,UCL,Sporting CP Lisbon,Bodø/Glimt
202526-0254,2440251,MATCHED,DATE_SCORE_TEAM,1,0.5925925926,0.7962962963,True,0,0,3,FT,16,133610,133714,Chelsea,Paris SG,UCL,Chelsea,Paris Saint-Germain
202526-0258,2440249,MATCHED,DATE_SCORE_TEAM,1,1,1,True,0,1,2,FT,16,133613,133738,Manchester City,Real Madrid,UCL,Manchester City,Real Madrid
202526-0268,2440253,MATCHED,DATE_SCORE_TEAM,1,1,1,True,0,2,0,FT,16,133604,133666,Arsenal,Bayer Leverkusen,UCL,Arsenal,Bayer Leverkusen
202526-0525,2440274,MATCHED,DATE_SCORE_TEAM,0.5263157895,1,0.7631578947,True,0,4,0,FT,16,134098,134620,Braga,Ferencváros,UEL,Sporting Braga,Ferencváros
202526-0262,2440250,MATCHED,DATE_SCORE_TEAM,1,1,1,True,0,7,2,FT,16,133739,134777,Barcelona,Newcastle United,UCL,FC Barcelona,Newcastle United
202526-0256,2440252,MATCHED,DATE_SCORE_TEAM,1,1,1,True,0,4,0,FT,16,133602,133804,Liverpool,Galatasaray,UCL,Liverpool,Galatasaray
202526-0260,2440255,MATCHED,DATE_SCORE_TEAM,0.8888888889,1,0.9444444444,True,0,4,1,FT,16,133664,134782,Bayern Munich,Atalanta,UCL,Bayern München,Atalanta
202526-0264,2440254,MATCHED,DATE_SCORE_TEAM,1,1,1,True,0,3,2,FT,16,133616,133729,Tottenham Hotspur,Atlético Madrid,UCL,Tottenham Hotspur,Atlético Madrid
202526-0529,2440275,MATCHED,DATE_SCORE_TEAM,1,1,1,True,0,5,1,FT,16,133653,133779,Freiburg,Genk,UEL,SC Freiburg,Racing Genk
202526-0531,2440272,MATCHED,DATE_SCORE_TEAM,0.4444444444,0.8695652174,0.6570048309,True,0,0,2,FT,16,133713,133937,Lyon,Celta Vigo,UEL,Olympique Lyon,Celta de Vigo
202526-0535,2440273,MATCHED,DATE_SCORE_TEAM,1,1,1,True,0,1,2,PEN,16,133891,133720,FC Midtjylland,Nottingham Forest,UEL,FC Midtjylland,Nottingham Forest
202526-0938,2440705,MATCHED,DATE_SCORE_TEAM,1,1,1,True,0,1,2,AET,16,136251,133632,AEK Larnaca,Crystal Palace,UECL,AEK Larnaca,Crystal Palace
202526-0940,2440706,MATCHED,DATE_SCORE_TEAM,1,1,1,True,0,1,2,FT,16,137670,133674,Raków Częstochowa,Fiorentina,UECL,Raków Czestochowa,Fiorentina
202526-0944,2440711,MATCHED,DATE_SCORE_TEAM,1,1,1,True,0,0,2,FT,16,133753,134318,AEK Athens,Celje,UECL,AEK Athens,NK Celje
202526-0946,2440712,MATCHED,DATE_SCORE_TEAM,0.5882352941,1,0.7941176471,True,0,2,0,FT,16,133665,136677,Mainz,Sigma Olomouc,UECL,FSV Mainz 05,Sigma Olomouc
202526-0527,2440271,MATCHED,DATE_SCORE_TEAM,1,1,1,True,0,4,0,FT,16,133722,133746,Real Betis,Panathinaikos,UEL,Real Betis,Panathinaikos
202526-0533,2440270,MATCHED,DATE_SCORE_TEAM,1,0.8181818182,0.9090909091,True,0,2,0,FT,16,134114,133660,FC Porto,Stuttgart,UEL,FC Porto,VfB Stuttgart
202526-0537,2440269,MATCHED,DATE_SCORE_TEAM,0.7272727273,1,0.8636363636,True,0,3,4,AET,16,133682,134781,Roma,Bologna,UEL,AS Roma,Bologna
202526-0539,2440268,MATCHED,DATE_SCORE_TEAM,1,0.7142857143,0.8571428571,True,0,2,0,FT,16,133601,133711,Aston Villa,Lille,UEL,Aston Villa,Lille OSC
202526-0934,2440710,MATCHED,DATE_SCORE_TEAM,1,1,1,True,0,1,2,FT,16,134126,134010,Shakhtar Donetsk,Lech Poznań,UECL,Shakhtar Donetsk,Lech Poznan
202526-0936,2440707,MATCHED,DATE_SCORE_TEAM,0.8,1,0.9,True,0,0,4,FT,16,134007,133767,Sparta Prague,AZ Alkmaar,UECL,Sparta Praha,AZ Alkmaar
202526-0942,2440708,MATCHED,DATE_SCORE_TEAM,1,1,1,True,0,0,1,FT,16,133728,133797,Rayo Vallecano,Samsunspor,UECL,Rayo Vallecano,Samsunspor
202526-0948,2440709,MATCHED,DATE_SCORE_TEAM,0.8695652174,1,0.9347826087,True,0,1,1,FT,16,133882,134399,Strasbourg,Rijeka,UECL,RC Strasbourg,NK Rijeka
202526-0271,2452575,MATCHED,DATE_SCORE_TEAM,1,0.8888888889,0.9444444444,True,0,1,2,FT,125,133738,133664,Real Madrid,Bayern Munich,UCL,Real Madrid,Bayern München
202526-0275,2451168,MATCHED,DATE_SCORE_TEAM,0.7586206897,1,0.8793103448,True,0,0,1,FT,125,135708,133604,Sporting CP,Arsenal,UCL,Sporting CP Lisbon,Arsenal
202526-0540,2453345,MATCHED,DATE_SCORE_TEAM,0.5263157895,1,0.7631578947,True,0,1,1,FT,125,134098,133722,Braga,Real Betis,UEL,Sporting Braga,Real Betis
202526-0269,2452573,MATCHED,DATE_SCORE_TEAM,0.5925925926,1,0.7962962963,True,0,2,0,FT,125,133714,133602,Paris SG,Liverpool,UCL,Paris Saint-Germain,Liverpool
202526-0273,2452574,MATCHED,DATE_SCORE_TEAM,1,1,1,True,0,0,2,FT,125,133739,133729,Barcelona,Atlético Madrid,UCL,FC Barcelona,Atlético Madrid
202526-0953,2453316,MATCHED,DATE_SCORE_TEAM,1,1,1,True,0,3,0,FT,125,133728,133753,Rayo Vallecano,AEK Athens,UECL,Rayo Vallecano,AEK Athens
202526-0542,2453346,MATCHED,DATE_SCORE_TEAM,1,0.8695652174,0.9347826087,True,0,3,0,FT,125,133653,133937,Freiburg,Celta Vigo,UEL,SC Freiburg,Celta de Vigo
202526-0544,2453347,MATCHED,DATE_SCORE_TEAM,1,1,1,True,0,1,1,FT,125,134114,133720,FC Porto,Nottingham Forest,UEL,FC Porto,Nottingham Forest
202526-0546,2453348,MATCHED,DATE_SCORE_TEAM,1,1,1,True,0,1,3,FT,125,134781,133601,Bologna,Aston Villa,UEL,Bologna,Aston Villa
202526-0949,2453315,MATCHED,DATE_SCORE_TEAM,1,1,1,True,0,3,0,FT,125,134126,133767,Shakhtar Donetsk,AZ Alkmaar,UECL,Shakhtar Donetsk,AZ Alkmaar
202526-0951,2453313,MATCHED,DATE_SCORE_TEAM,1,1,1,True,0,3,0,FT,125,133632,133674,Crystal Palace,Fiorentina,UECL,Crystal Palace,Fiorentina
202526-0955,2453314,MATCHED,DATE_SCORE_TEAM,0.5882352941,0.8695652174,0.7289002558,True,0,2,0,FT,125,133665,133882,Mainz,Strasbourg,UECL,FSV Mainz 05,RC Strasbourg
202526-0270,2452576,MATCHED,DATE_SCORE_TEAM,1,0.5925925926,0.7962962963,True,0,0,2,FT,125,133602,133714,Liverpool,Paris SG,UCL,Liverpool,Paris Saint-Germain
202526-0274,2452578,MATCHED,DATE_SCORE_TEAM,1,1,1,True,0,1,2,FT,125,133729,133739,Atlético Madrid,Barcelona,UCL,Atlético Madrid,FC Barcelona
202526-0272,2452577,MATCHED,DATE_SCORE_TEAM,0.8888888889,1,0.9444444444,True,0,4,3,FT,125,133664,133738,Bayern Munich,Real Madrid,UCL,Bayern München,Real Madrid
202526-0276,2451169,MATCHED,DATE_SCORE_TEAM,1,0.7586206897,0.8793103448,True,0,0,0,FT,125,133604,135708,Arsenal,Sporting CP,UCL,Arsenal,Sporting CP Lisbon
202526-0543,2453349,MATCHED,DATE_SCORE_TEAM,0.8695652174,1,0.9347826087,True,0,1,3,FT,125,133937,133653,Celta Vigo,Freiburg,UEL,Celta de Vigo,SC Freiburg
202526-0950,2453318,MATCHED,DATE_SCORE_TEAM,1,1,1,True,0,2,2,FT,125,133767,134126,AZ Alkmaar,Shakhtar Donetsk,UECL,AZ Alkmaar,Shakhtar Donetsk
202526-0541,2453352,MATCHED,DATE_SCORE_TEAM,1,0.5263157895,0.7631578947,True,0,2,4,FT,125,133722,134098,Real Betis,Braga,UEL,Real Betis,Sporting Braga
202526-0545,2453350,MATCHED,DATE_SCORE_TEAM,1,1,1,True,0,1,0,FT,125,133720,134114,Nottingham Forest,FC Porto,UEL,Nottingham Forest,FC Porto
202526-0547,2453351,MATCHED,DATE_SCORE_TEAM,1,1,1,True,0,4,0,FT,125,133601,134781,Aston Villa,Bologna,UEL,Aston Villa,Bologna
202526-0952,2453319,MATCHED,DATE_SCORE_TEAM,1,1,1,True,0,2,1,FT,125,133674,133632,Fiorentina,Crystal Palace,UECL,Fiorentina,Crystal Palace
202526-0954,2453320,MATCHED,DATE_SCORE_TEAM,1,1,1,True,0,3,1,FT,125,133753,133728,AEK Athens,Rayo Vallecano,UECL,AEK Athens,Rayo Vallecano
202526-0956,2453317,MATCHED,DATE_SCORE_TEAM,0.8695652174,0.5882352941,0.7289002558,True,0,4,0,FT,125,133882,133665,Strasbourg,Mainz,UECL,RC Strasbourg,FSV Mainz 05
202526-0277,2466172,MATCHED,DATE_SCORE_TEAM,0.5925925926,0.8888888889,0.7407407407,True,0,5,4,FT,150,133714,133664,Paris SG,Bayern Munich,UCL,Paris Saint-Germain,Bayern München
202526-0279,2466173,MATCHED,DATE_SCORE_TEAM,1,1,1,True,0,1,1,FT,150,133729,133604,Atlético Madrid,Arsenal,UCL,Atlético Madrid,Arsenal
202526-0548,2466446,MATCHED,DATE_SCORE_TEAM,0.5263157895,1,0.7631578947,True,0,2,1,FT,150,134098,133653,Braga,Freiburg,UEL,Sporting Braga,SC Freiburg
202526-0550,2466445,MATCHED,DATE_SCORE_TEAM,1,1,1,True,0,1,0,FT,150,133720,133601,Nottingham Forest,Aston Villa,UEL,Nottingham Forest,Aston Villa
202526-0957,2466449,MATCHED,DATE_SCORE_TEAM,1,1,1,True,0,1,3,FT,150,134126,133632,Shakhtar Donetsk,Crystal Palace,UECL,Shakhtar Donetsk,Crystal Palace
202526-0959,2466450,MATCHED,DATE_SCORE_TEAM,1,0.8695652174,0.9347826087,True,0,1,0,FT,150,133728,133882,Rayo Vallecano,Strasbourg,UECL,Rayo Vallecano,RC Strasbourg
202526-0280,2466174,MATCHED,DATE_SCORE_TEAM,1,1,1,True,0,1,0,FT,150,133604,133729,Arsenal,Atlético Madrid,UCL,Arsenal,Atlético Madrid
202526-0278,2466175,MATCHED,DATE_SCORE_TEAM,0.8888888889,0.5925925926,0.7407407407,True,0,1,1,FT,150,133664,133714,Bayern Munich,Paris SG,UCL,Bayern München,Paris Saint-Germain
202526-0549,2466448,MATCHED,DATE_SCORE_TEAM,1,0.5263157895,0.7631578947,True,0,3,1,FT,150,133653,134098,Freiburg,Braga,UEL,SC Freiburg,Sporting Braga
202526-0551,2466447,MATCHED,DATE_SCORE_TEAM,1,1,1,True,0,4,0,FT,150,133601,133720,Aston Villa,Nottingham Forest,UEL,Aston Villa,Nottingham Forest
202526-0958,2466451,MATCHED,DATE_SCORE_TEAM,1,1,1,True,0,2,1,FT,150,133632,134126,Crystal Palace,Shakhtar Donetsk,UECL,Crystal Palace,Shakhtar Donetsk
202526-0960,2466452,MATCHED,DATE_SCORE_TEAM,0.8695652174,1,0.9347826087,True,0,0,1,FT,150,133882,133728,Strasbourg,Rayo Vallecano,UECL,RC Strasbourg,Rayo Vallecano
202526-0552,2470620,MATCHED,DATE_SCORE_TEAM,1,1,1,True,0,0,3,FT,200,133653,133601,Freiburg,Aston Villa,UEL,SC Freiburg,Aston Villa
202526-0961,2470622,MATCHED,DATE_SCORE_TEAM,1,1,1,True,0,1,0,FT,200,133632,133728,Crystal Palace,Rayo Vallecano,UECL,Crystal Palace,Rayo Vallecano
202526-0281,2470477,MATCHED,DATE_SCORE_TEAM,0.5925925926,1,0.7962962963,True,0,1,1,AP,200,133714,133604,Paris SG,Arsenal,UCL,Paris Saint-Germain,Arsenal
