match_id,season,competition,round,round_sequence,matchday,tie_id,leg_number,is_tie_decider,is_knockout,is_neutral,kickoff_date,kickoff_utc,event_order,home_team_id,away_team_id,home_team_name,away_team_name,uefa_match_id,uefa_home_team_id,uefa_away_team_id,home_goals,away_goals,actual_home_score,goal_difference,result_basis,decided_on_penalties,home_penalty_goals,away_penalty_goals,advanced_team_id,xg_home,xg_away,xg_total,xg_difference,xg_home_share,home_goals_minus_xg,away_goals_minus_xg,xg_result,xg_covered,xg_analysis_eligible,xg_home_raw,xg_away_raw,xg_provider,xg_type,xg_duration_scope,xg_in_match_penalties_included,xg_extra_time_included,xg_shootout_excluded,xg_scope_status,xg_missing_reason,xg_source_match_id,xg_source_url,xg_snapshot_utc,identity_match_method,identity_confidence,score_verified,chronology_verified,secondary_xg_home,secondary_xg_away,secondary_xg_type,secondary_xg_provider,secondary_xg_covered
UEFA-2048621,2026/27,UCL,1st Qualifying Round,-1,-1,UEFA-TIE-2048621,1,False,True,False,2026-07-07,2026-07-07 16:00:00+00:00,1,AO-UEFA-2609356,AO-UEFA-60457,Sabah,The New Saints,2048621,2609356,60457,2,0,1,2,UEFA_FIELD_SCORE_90_OR_120_EXCLUDES_SHOOTOUT,False,,,,,,,,,,,,False,False,,,FotMob,shot_based_expected_goals,,,,,NO_PUBLIC_XG,NO_PUBLIC_XG,5785662,https://www.fotmob.com/match/5785662,2026-08-19T10:40:27+00:00,UEFA_ID_PLUS_FOTMOB_UTC_SCORE_NAME,1,True,True,,,,,False
UEFA-2048624,2026/27,UCL,1st Qualifying Round,-1,-1,UEFA-TIE-2048624,1,False,True,False,2026-07-07,2026-07-07 16:00:00+00:00,2,AO-UEFA-2605572,AO-UEFA-63401,L. Red Imps,Inter Escaldes,2048624,2605572,63401,3,1,1,2,UEFA_FIELD_SCORE_90_OR_120_EXCLUDES_SHOOTOUT,False,,,,,,,,,,,,False,False,,,FotMob,shot_based_expected_goals,,,,,NO_PUBLIC_XG,NO_PUBLIC_XG,5785665,https://www.fotmob.com/match/5785665,2026-08-19T10:40:28+00:00,UEFA_ID_PLUS_FOTMOB_UTC_SCORE_NAME,0.8512820513,True,True,,,,,False
UEFA-2048626,2026/27,UCL,1st Qualifying Round,-1,-1,UEFA-TIE-2048626,1,False,True,False,2026-07-07,2026-07-07 16:00:00+00:00,3,AO-UEFA-2610304,AO-UEFA-2607924,Ararat-Armenia,Riga,2048626,2610304,2607924,2,0,1,2,UEFA_FIELD_SCORE_90_OR_120_EXCLUDES_SHOOTOUT,False,,,,,,,,,,,,False,False,,,FotMob,shot_based_expected_goals,,,,,NO_PUBLIC_XG,NO_PUBLIC_XG,5785667,https://www.fotmob.com/match/5785667,2026-08-19T10:40:28+00:00,UEFA_ID_PLUS_FOTMOB_UTC_SCORE_NAME,1,True,True,,,,,False
UEFA-2048628,2026/27,UCL,1st Qualifying Round,-1,-1,UEFA-TIE-2048628,1,False,True,False,2026-07-07,2026-07-07 16:00:00+00:00,4,AO-UEFA-2605907,AO-UEFA-2608290,Kauno Žalgiris,Drita,2048628,2605907,2608290,1,1,0.5,0,UEFA_FIELD_SCORE_90_OR_120_EXCLUDES_SHOOTOUT,False,,,,,,,,,,,,False,False,,,FotMob,shot_based_expected_goals,,,,,NO_PUBLIC_XG,NO_PUBLIC_XG,5785669,https://www.fotmob.com/match/5785669,2026-08-19T10:40:29+00:00,UEFA_ID_PLUS_FOTMOB_UTC_SCORE_NAME,1,True,True,,,,,False
UEFA-2048627,2026/27,UCL,1st Qualifying Round,-1,-1,UEFA-TIE-2048627,1,False,True,False,2026-07-07,2026-07-07 17:00:00+00:00,5,AO-UEFA-53080,AO-UEFA-52350,Vardar,KuPS Kuopio,2048627,53080,52350,0,2,0,2,UEFA_FIELD_SCORE_90_OR_120_EXCLUDES_SHOOTOUT,False,,,,,,,,,,,,False,False,,,FotMob,shot_based_expected_goals,,,,,NO_PUBLIC_XG,NO_PUBLIC_XG,5785668,https://www.fotmob.com/match/5785668,2026-08-19T10:40:29+00:00,UEFA_ID_PLUS_FOTMOB_UTC_SCORE_NAME,0.8157894737,True,True,,,,,False
UEFA-2048685,2026/27,UECL,1st Qualifying Round,-1,-1,UEFA-TIE-2048685,1,False,True,False,2026-07-07,2026-07-07 17:15:00+00:00,6,AO-UEFA-2603092,AO-UEFA-64508,UNA Strassen,La Fiorita,2048685,2603092,64508,1,0,1,1,UEFA_FIELD_SCORE_90_OR_120_EXCLUDES_SHOOTOUT,False,,,,,,,,,,,,False,False,,,FotMob,shot_based_expected_goals,,,,,NO_PUBLIC_XG,NO_PUBLIC_XG,5786625,https://www.fotmob.com/match/5786625,2026-08-19T10:40:50+00:00,UEFA_ID_PLUS_FOTMOB_UTC_SCORE_NAME,0.7941176471,True,True,,,,,False
UEFA-2048622,2026/27,UCL,1st Qualifying Round,-1,-1,UEFA-TIE-2048622,1,False,True,False,2026-07-07,2026-07-07 17:30:00+00:00,7,AO-UEFA-50092,AO-UEFA-52381,Floriana,Shamrock Rovers,2048622,50092,52381,2,0,1,2,UEFA_FIELD_SCORE_90_OR_120_EXCLUDES_SHOOTOUT,False,,,,,,,,,,,,False,False,,,FotMob,shot_based_expected_goals,,,,,NO_PUBLIC_XG,NO_PUBLIC_XG,5785663,https://www.fotmob.com/match/5785663,2026-08-19T10:40:27+00:00,UEFA_ID_PLUS_FOTMOB_UTC_SCORE_NAME,1,True,True,,,,,False
UEFA-2048669,2026/27,UECL,1st Qualifying Round,-1,-1,UEFA-TIE-2048669,1,False,True,False,2026-07-07,2026-07-07 18:00:00+00:00,8,AO-UEFA-50048,AO-UEFA-66168,ElbasanI,BATE,2048669,50048,66168,1,1,0.5,0,UEFA_FIELD_SCORE_90_OR_120_EXCLUDES_SHOOTOUT,False,,,,,,,,,,,,False,False,,,FotMob,shot_based_expected_goals,,,,,NO_PUBLIC_XG,NO_PUBLIC_XG,5786610,https://www.fotmob.com/match/5786610,2026-08-19T10:40:44+00:00,UEFA_ID_PLUS_FOTMOB_UTC_SCORE_NAME,0.75,True,True,,,,,False
UEFA-2048625,2026/27,UCL,1st Qualifying Round,-1,-1,UEFA-TIE-2048625,1,False,True,False,2026-07-07,2026-07-07 18:30:00+00:00,9,AO-UEFA-64514,AO-UEFA-85009,Tre Fiori,Larne,2048625,64514,85009,0,1,0,1,UEFA_FIELD_SCORE_90_OR_120_EXCLUDES_SHOOTOUT,False,,,,,,,,,,,,False,False,,,FotMob,shot_based_expected_goals,,,,,NO_PUBLIC_XG,NO_PUBLIC_XG,5785666,https://www.fotmob.com/match/5785666,2026-08-19T10:40:28+00:00,UEFA_ID_PLUS_FOTMOB_UTC_SCORE_NAME,1,True,True,,,,,False
UEFA-2048631,2026/27,UCL,1st Qualifying Round,-1,-1,UEFA-TIE-2048631,1,False,True,False,2026-07-07,2026-07-07 18:30:00+00:00,10,AO-UEFA-50104,AO-UEFA-50044,Borac,Levski Sofia,2048631,50104,50044,1,1,0.5,0,UEFA_FIELD_SCORE_90_OR_120_EXCLUDES_SHOOTOUT,False,,,,,,,,,,,,False,False,,,FotMob,shot_based_expected_goals,,,,,NO_PUBLIC_XG,NO_PUBLIC_XG,5785672,https://www.fotmob.com/match/5785672,2026-08-19T10:40:30+00:00,UEFA_ID_PLUS_FOTMOB_UTC_SCORE_NAME,0.7380952381,True,True,,,,,False
UEFA-2048634,2026/27,UCL,1st Qualifying Round,-1,-1,UEFA-TIE-2048634,1,False,True,False,2026-07-07,2026-07-07 18:45:00+00:00,11,AO-UEFA-57475,AO-UEFA-2605351,Klaksvík,Atert Bissen,2048634,57475,2605351,2,1,1,1,UEFA_FIELD_SCORE_90_OR_120_EXCLUDES_SHOOTOUT,False,,,,,,,,,,,,False,False,,,FotMob,shot_based_expected_goals,,,,,NO_PUBLIC_XG,NO_PUBLIC_XG,5785675,https://www.fotmob.com/match/5785675,2026-08-19T10:40:32+00:00,UEFA_ID_PLUS_FOTMOB_UTC_SCORE_NAME,1,True,True,,,,,False
UEFA-2048632,2026/27,UCL,1st Qualifying Round,-1,-1,UEFA-TIE-2048632,1,False,True,False,2026-07-07,2026-07-07 19:00:00+00:00,12,AO-UEFA-52697,AO-UEFA-52287,Víkingur R.,Győri ETO,2048632,52697,52287,1,0,1,1,UEFA_FIELD_SCORE_90_OR_120_EXCLUDES_SHOOTOUT,False,,,,3.28,0.34,3.62,2.94,0.9060773481,-2.28,-0.34,1,True,True,3.28,0.34,FotMob,shot_based_expected_goals,90_minutes,True,False,True,ELIGIBLE_90,,5785673,https://www.fotmob.com/match/5785673,2026-08-19T10:40:30+00:00,UEFA_ID_PLUS_FOTMOB_UTC_SCORE_NAME,0.8571428571,True,True,,,,,False
UEFA-2048633,2026/27,UCL,1st Qualifying Round,-1,-1,UEFA-TIE-2048633,1,False,True,False,2026-07-08,2026-07-08 15:00:00+00:00,13,AO-UEFA-79970,AO-UEFA-73936,Kairat Almaty,Sutjeska,2048633,79970,73936,2,1,1,1,UEFA_FIELD_SCORE_90_OR_120_EXCLUDES_SHOOTOUT,False,,,,,,,,,,,,False,False,,,FotMob,shot_based_expected_goals,,,,,NO_PUBLIC_XG,NO_PUBLIC_XG,5785674,https://www.fotmob.com/match/5785674,2026-08-19T10:40:32+00:00,UEFA_ID_PLUS_FOTMOB_UTC_SCORE_NAME,1,True,True,,,,,False
UEFA-2048623,2026/27,UCL,1st Qualifying Round,-1,-1,UEFA-TIE-2048623,1,False,True,False,2026-07-08,2026-07-08 16:00:00+00:00,14,AO-UEFA-59341,AO-UEFA-2605905,Flora Tallinn,Iberia Tbilisi,2048623,59341,2605905,2,3,0,1,UEFA_FIELD_SCORE_90_OR_120_EXCLUDES_SHOOTOUT,False,,,,,,,,,,,,False,False,,,FotMob,shot_based_expected_goals,,,,,NO_PUBLIC_XG,NO_PUBLIC_XG,5785664,https://www.fotmob.com/match/5785664,2026-08-19T10:40:27+00:00,UEFA_ID_PLUS_FOTMOB_UTC_SCORE_NAME,0.78,True,True,,,,,False
UEFA-2048665,2026/27,UECL,1st Qualifying Round,-1,-1,UEFA-TIE-2048665,1,False,True,False,2026-07-08,2026-07-08 16:00:00+00:00,15,AO-UEFA-2607480,AO-UEFA-64471,Zire,Torpedo Kutaisi,2048665,2607480,64471,3,0,1,3,UEFA_FIELD_SCORE_90_OR_120_EXCLUDES_SHOOTOUT,False,,,,,,,,,,,,False,False,,,FotMob,shot_based_expected_goals,,,,,NO_PUBLIC_XG,NO_PUBLIC_XG,5786607,https://www.fotmob.com/match/5786607,2026-08-19T10:40:43+00:00,UEFA_ID_PLUS_FOTMOB_UTC_SCORE_NAME,0.875,True,True,,,,,False
UEFA-2048629,2026/27,UCL,1st Qualifying Round,-1,-1,UEFA-TIE-2048629,1,False,True,False,2026-07-08,2026-07-08 17:00:00+00:00,16,AO-UEFA-2613945,AO-UEFA-2606501,ML Vitebsk,U. Craiova,2048629,2613945,2606501,1,4,0,3,UEFA_FIELD_SCORE_90_OR_120_EXCLUDES_SHOOTOUT,False,,,,,,,,,,,,False,False,,,FotMob,shot_based_expected_goals,,,,,NO_PUBLIC_XG,NO_PUBLIC_XG,5785670,https://www.fotmob.com/match/5785670,2026-08-19T10:40:29+00:00,UEFA_ID_PLUS_FOTMOB_UTC_SCORE_NAME,0.7,True,True,,,,,False
UEFA-2048630,2026/27,UCL,1st Qualifying Round,-1,-1,UEFA-TIE-2048630,1,False,True,False,2026-07-08,2026-07-08 17:00:00+00:00,17,AO-UEFA-2607112,AO-UEFA-88148,Petrocub,Egnatia,2048630,2607112,88148,1,1,0.5,0,UEFA_FIELD_SCORE_90_OR_120_EXCLUDES_SHOOTOUT,False,,,,,,,,,,,,False,False,,,FotMob,shot_based_expected_goals,,,,,NO_PUBLIC_XG,NO_PUBLIC_XG,5785671,https://www.fotmob.com/match/5785671,2026-08-19T10:40:30+00:00,UEFA_ID_PLUS_FOTMOB_UTC_SCORE_NAME,0.9210526316,True,True,,,,,False
UEFA-2048664,2026/27,UECL,1st Qualifying Round,-1,-1,UEFA-TIE-2048664,1,False,True,False,2026-07-08,2026-07-08 17:30:00+00:00,18,AO-UEFA-64275,AO-UEFA-2609552,Connah's Quay,Ballkani,2048664,64275,2609552,0,0,0.5,0,UEFA_FIELD_SCORE_90_OR_120_EXCLUDES_SHOOTOUT,False,,,,,,,,,,,,False,False,,,FotMob,shot_based_expected_goals,,,,,NO_PUBLIC_XG,NO_PUBLIC_XG,5786603,https://www.fotmob.com/match/5786603,2026-08-19T10:40:43+00:00,UEFA_ID_PLUS_FOTMOB_UTC_SCORE_NAME,0.8939393939,True,True,,,,,False
UEFA-2048666,2026/27,UECL,1st Qualifying Round,-1,-1,UEFA-TIE-2048666,1,False,True,False,2026-07-08,2026-07-08 17:30:00+00:00,19,AO-UEFA-52309,AO-UEFA-2602511,Differdange,Ilves,2048666,52309,2602511,0,0,0.5,0,UEFA_FIELD_SCORE_90_OR_120_EXCLUDES_SHOOTOUT,False,,,,,,,,,,,,False,False,,,FotMob,shot_based_expected_goals,,,,,NO_PUBLIC_XG,NO_PUBLIC_XG,5786605,https://www.fotmob.com/match/5786605,2026-08-19T10:40:43+00:00,UEFA_ID_PLUS_FOTMOB_UTC_SCORE_NAME,0.94,True,True,,,,,False
UEFA-2048671,2026/27,UECL,1st Qualifying Round,-1,-1,UEFA-TIE-2048671,1,False,True,False,2026-07-09,2026-07-09 14:00:00+00:00,20,AO-UEFA-88371,AO-UEFA-89562,At. Escaldes,Mornar,2048671,88371,89562,2,1,1,1,UEFA_FIELD_SCORE_90_OR_120_EXCLUDES_SHOOTOUT,False,,,,,,,,,,,,False,False,,,FotMob,shot_based_expected_goals,,,,,NO_PUBLIC_XG,NO_PUBLIC_XG,5786637,https://www.fotmob.com/match/5786637,2026-08-19T10:40:45+00:00,UEFA_ID_PLUS_FOTMOB_UTC_SCORE_NAME,0.9074074074,True,True,,,,,False
UEFA-2048650,2026/27,UEL,1st Qualifying Round,-1,-1,UEFA-TIE-2048650,1,False,True,False,2026-07-09,2026-07-09 16:00:00+00:00,21,AO-UEFA-60609,AO-UEFA-2610384,Qarabağ,Vestri,2048650,60609,2610384,3,0,1,3,UEFA_FIELD_SCORE_90_OR_120_EXCLUDES_SHOOTOUT,False,,,,2.43,0.14,2.57,2.29,0.9455252918,0.57,-0.14,1,True,True,2.43,0.14,FotMob,shot_based_expected_goals,90_minutes,True,False,True,ELIGIBLE_90,,5786500,https://www.fotmob.com/match/5786500,2026-08-19T10:40:37+00:00,UEFA_ID_PLUS_FOTMOB_UTC_SCORE_NAME,1,True,True,,,,,False
UEFA-2048668,2026/27,UECL,1st Qualifying Round,-1,-1,UEFA-TIE-2048668,1,False,True,False,2026-07-09,2026-07-09 16:00:00+00:00,22,AO-UEFA-2606320,AO-UEFA-2600105,Liepāja,Dečić,2048668,2606320,2600105,1,0,1,1,UEFA_FIELD_SCORE_90_OR_120_EXCLUDES_SHOOTOUT,False,,,,,,,,,,,,False,False,,,FotMob,shot_based_expected_goals,,,,,NO_PUBLIC_XG,NO_PUBLIC_XG,5786652,https://www.fotmob.com/match/5786652,2026-08-19T10:40:44+00:00,UEFA_ID_PLUS_FOTMOB_UTC_SCORE_NAME,0.8333333333,True,True,,,,,False
UEFA-2048676,2026/27,UECL,1st Qualifying Round,-1,-1,UEFA-TIE-2048676,1,False,True,False,2026-07-09,2026-07-09 16:00:00+00:00,23,AO-UEFA-2607108,AO-UEFA-2600598,Hegelmann,Paide,2048676,2607108,2600598,1,1,0.5,0,UEFA_FIELD_SCORE_90_OR_120_EXCLUDES_SHOOTOUT,False,,,,,,,,,,,,False,False,,,FotMob,shot_based_expected_goals,,,,,NO_PUBLIC_XG,NO_PUBLIC_XG,5786613,https://www.fotmob.com/match/5786613,2026-08-19T10:40:47+00:00,UEFA_ID_PLUS_FOTMOB_UTC_SCORE_NAME,0.7083333333,True,True,,,,,False
UEFA-2048677,2026/27,UECL,1st Qualifying Round,-1,-1,UEFA-TIE-2048677,1,False,True,False,2026-07-09,2026-07-09 16:00:00+00:00,24,AO-UEFA-2605268,AO-UEFA-79966,Alashkert,Elimai,2048677,2605268,79966,1,1,0.5,0,UEFA_FIELD_SCORE_90_OR_120_EXCLUDES_SHOOTOUT,False,,,,,,,,,,,,False,False,,,FotMob,shot_based_expected_goals,,,,,NO_PUBLIC_XG,NO_PUBLIC_XG,5786617,https://www.fotmob.com/match/5786617,2026-08-19T10:40:48+00:00,UEFA_ID_PLUS_FOTMOB_UTC_SCORE_NAME,0.8846153846,True,True,,,,,False
UEFA-2048679,2026/27,UECL,1st Qualifying Round,-1,-1,UEFA-TIE-2048679,1,False,True,False,2026-07-09,2026-07-09 16:00:00+00:00,25,AO-UEFA-64467,AO-UEFA-64516,Dila,Virtus,2048679,64467,64516,3,1,1,2,UEFA_FIELD_SCORE_90_OR_120_EXCLUDES_SHOOTOUT,False,,,,,,,,,,,,False,False,,,FotMob,shot_based_expected_goals,,,,,NO_PUBLIC_XG,NO_PUBLIC_XG,5786618,https://www.fotmob.com/match/5786618,2026-08-19T10:40:48+00:00,UEFA_ID_PLUS_FOTMOB_UTC_SCORE_NAME,0.5804195804,True,True,,,,,False
UEFA-2048682,2026/27,UECL,1st Qualifying Round,-1,-1,UEFA-TIE-2048682,1,False,True,False,2026-07-09,2026-07-09 16:00:00+00:00,26,AO-UEFA-2600371,AO-UEFA-50134,Kalju,Linfield,2048682,2600371,50134,1,0,1,1,UEFA_FIELD_SCORE_90_OR_120_EXCLUDES_SHOOTOUT,False,,,,,,,,,,,,False,False,,,FotMob,shot_based_expected_goals,,,,,NO_PUBLIC_XG,NO_PUBLIC_XG,5786622,https://www.fotmob.com/match/5786622,2026-08-19T10:40:49+00:00,UEFA_ID_PLUS_FOTMOB_UTC_SCORE_NAME,0.7631578947,True,True,,,,,False
UEFA-2048649,2026/27,UEL,1st Qualifying Round,-1,-1,UEFA-TIE-2048649,1,False,True,False,2026-07-09,2026-07-09 17:00:00+00:00,27,AO-UEFA-52723,AO-UEFA-53025,Dynamo Kyiv,U. Cluj,2048649,52723,53025,0,0,0.5,0,UEFA_FIELD_SCORE_90_OR_120_EXCLUDES_SHOOTOUT,False,,,,,,,,,,,,False,False,,,FotMob,shot_based_expected_goals,,,,,NO_PUBLIC_XG,NO_PUBLIC_XG,5786499,https://www.fotmob.com/match/5786499,2026-08-19T10:40:37+00:00,UEFA_ID_PLUS_FOTMOB_UTC_SCORE_NAME,0.75,True,True,,,,,False
UEFA-2048653,2026/27,UEL,1st Qualifying Round,-1,-1,UEFA-TIE-2048653,1,False,True,False,2026-07-09,2026-07-09 17:00:00+00:00,28,AO-UEFA-69606,AO-UEFA-77916,Sheriff,Aluminij,2048653,69606,77916,0,0,0.5,0,UEFA_FIELD_SCORE_90_OR_120_EXCLUDES_SHOOTOUT,False,,,,,,,,,,,,False,False,,,FotMob,shot_based_expected_goals,,,,,NO_PUBLIC_XG,NO_PUBLIC_XG,5786503,https://www.fotmob.com/match/5786503,2026-08-19T10:40:38+00:00,UEFA_ID_PLUS_FOTMOB_UTC_SCORE_NAME,1,True,True,,,,,False
UEFA-2048661,2026/27,UECL,1st Qualifying Round,-1,-1,UEFA-TIE-2048661,1,False,True,False,2026-07-09,2026-07-09 17:00:00+00:00,29,AO-UEFA-50163,AO-UEFA-2600714,Velež,Milsami,2048661,50163,2600714,1,1,0.5,0,UEFA_FIELD_SCORE_90_OR_120_EXCLUDES_SHOOTOUT,False,,,,,,,,,,,,False,False,,,FotMob,shot_based_expected_goals,,,,,NO_PUBLIC_XG,NO_PUBLIC_XG,5786601,https://www.fotmob.com/match/5786601,2026-08-19T10:40:41+00:00,UEFA_ID_PLUS_FOTMOB_UTC_SCORE_NAME,0.6441176471,True,True,,,,,False
UEFA-2048662,2026/27,UECL,1st Qualifying Round,-1,-1,UEFA-TIE-2048662,1,False,True,False,2026-07-09,2026-07-09 17:00:00+00:00,30,AO-UEFA-52375,AO-UEFA-2605575,Bohemians,St Joseph's,2048662,52375,2605575,2,0,1,2,UEFA_FIELD_SCORE_90_OR_120_EXCLUDES_SHOOTOUT,False,,,,,,,,,,,,False,False,,,FotMob,shot_based_expected_goals,,,,,NO_PUBLIC_XG,NO_PUBLIC_XG,5786604,https://www.fotmob.com/match/5786604,2026-08-19T10:40:42+00:00,UEFA_ID_PLUS_FOTMOB_UTC_SCORE_NAME,0.9705882353,True,True,,,,,False
UEFA-2048667,2026/27,UECL,1st Qualifying Round,-1,-1,UEFA-TIE-2048667,1,False,True,False,2026-07-09,2026-07-09 17:00:00+00:00,31,AO-UEFA-50161,AO-UEFA-59871,Dinamo-Minsk,Sileks,2048667,50161,59871,0,1,0,1,UEFA_FIELD_SCORE_90_OR_120_EXCLUDES_SHOOTOUT,False,,,,,,,,,,,,False,False,,,FotMob,shot_based_expected_goals,,,,,NO_PUBLIC_XG,NO_PUBLIC_XG,5786606,https://www.fotmob.com/match/5786606,2026-08-19T10:40:43+00:00,UEFA_ID_PLUS_FOTMOB_UTC_SCORE_NAME,1,True,True,,,,,False
UEFA-2048675,2026/27,UECL,1st Qualifying Round,-1,-1,UEFA-TIE-2048675,1,False,True,False,2026-07-09,2026-07-09 17:00:00+00:00,32,AO-UEFA-79948,AO-UEFA-77431,Marsaxlokk,Pyunik,2048675,79948,77431,0,3,0,3,UEFA_FIELD_SCORE_90_OR_120_EXCLUDES_SHOOTOUT,False,,,,,,,,,,,,False,False,,,FotMob,shot_based_expected_goals,,,,,NO_PUBLIC_XG,NO_PUBLIC_XG,5786614,https://www.fotmob.com/match/5786614,2026-08-19T10:40:46+00:00,UEFA_ID_PLUS_FOTMOB_UTC_SCORE_NAME,1,True,True,,,,,False
UEFA-2048672,2026/27,UECL,1st Qualifying Round,-1,-1,UEFA-TIE-2048672,1,False,True,False,2026-07-09,2026-07-09 17:15:00+00:00,33,AO-UEFA-2603085,AO-UEFA-52705,Mondorf,Dinamo Tbilisi,2048672,2603085,52705,1,2,0,1,UEFA_FIELD_SCORE_90_OR_120_EXCLUDES_SHOOTOUT,False,,,,,,,,,,,,False,False,,,FotMob,shot_based_expected_goals,,,,,NO_PUBLIC_XG,NO_PUBLIC_XG,5786611,https://www.fotmob.com/match/5786611,2026-08-19T10:40:45+00:00,UEFA_ID_PLUS_FOTMOB_UTC_SCORE_NAME,0.7592592593,True,True,,,,,False
UEFA-2048674,2026/27,UECL,1st Qualifying Round,-1,-1,UEFA-TIE-2048674,1,False,True,False,2026-07-09,2026-07-09 17:30:00+00:00,34,AO-UEFA-53071,AO-UEFA-77482,Caernarfon,Levadia Tallinn,2048674,53071,77482,0,5,0,5,UEFA_FIELD_SCORE_90_OR_120_EXCLUDES_SHOOTOUT,False,,,,,,,,,,,,False,False,,,FotMob,shot_based_expected_goals,,,,,NO_PUBLIC_XG,NO_PUBLIC_XG,5786616,https://www.fotmob.com/match/5786616,2026-08-19T10:40:46+00:00,UEFA_ID_PLUS_FOTMOB_UTC_SCORE_NAME,0.8181818182,True,True,,,,,False
UEFA-2048681,2026/27,UECL,1st Qualifying Round,-1,-1,UEFA-TIE-2048681,1,False,True,False,2026-07-09,2026-07-09 17:30:00+00:00,35,AO-UEFA-2606416,AO-UEFA-75807,Europa,Shkëndija,2048681,2606416,75807,0,5,0,5,UEFA_FIELD_SCORE_90_OR_120_EXCLUDES_SHOOTOUT,False,,,,,,,,,,,,False,False,,,FotMob,shot_based_expected_goals,,,,,NO_PUBLIC_XG,NO_PUBLIC_XG,5786621,https://www.fotmob.com/match/5786621,2026-08-19T10:40:48+00:00,UEFA_ID_PLUS_FOTMOB_UTC_SCORE_NAME,0.9285714286,True,True,,,,,False
UEFA-2048651,2026/27,UEL,1st Qualifying Round,-1,-1,UEFA-TIE-2048651,1,False,True,False,2026-07-09,2026-07-09 18:00:00+00:00,36,AO-UEFA-52359,AO-UEFA-61601,Hajduk Split,Žilina,2048651,52359,61601,2,0,1,2,UEFA_FIELD_SCORE_90_OR_120_EXCLUDES_SHOOTOUT,False,,,,,,,,,,,,False,False,,,FotMob,shot_based_expected_goals,,,,,NO_PUBLIC_XG,NO_PUBLIC_XG,5786501,https://www.fotmob.com/match/5786501,2026-08-19T10:40:38+00:00,UEFA_ID_PLUS_FOTMOB_UTC_SCORE_NAME,1,True,True,,,,,False
UEFA-2048652,2026/27,UEL,1st Qualifying Round,-1,-1,UEFA-TIE-2048652,1,False,True,False,2026-07-09,2026-07-09 18:00:00+00:00,37,AO-UEFA-2608297,AO-UEFA-50086,CSKA Sofia,Derry,2048652,2608297,50086,3,2,1,1,UEFA_FIELD_SCORE_90_OR_120_EXCLUDES_SHOOTOUT,False,,,,,,,,,,,,False,False,,,FotMob,shot_based_expected_goals,,,,,NO_PUBLIC_XG,NO_PUBLIC_XG,5786502,https://www.fotmob.com/match/5786502,2026-08-19T10:40:38+00:00,UEFA_ID_PLUS_FOTMOB_UTC_SCORE_NAME,0.8333333333,True,True,,,,,False
UEFA-2048654,2026/27,UEL,1st Qualifying Round,-1,-1,UEFA-TIE-2048654,1,False,True,False,2026-07-09,2026-07-09 18:00:00+00:00,38,AO-UEFA-52810,AO-UEFA-52298,Vojvodina,Ferencváros,2048654,52810,52298,1,2,0,1,UEFA_FIELD_SCORE_90_OR_120_EXCLUDES_SHOOTOUT,False,,,,0.85,0.83,1.68,0.02,0.505952381,0.15,1.17,1,True,True,0.85,0.83,FotMob,shot_based_expected_goals,90_minutes,True,False,True,ELIGIBLE_90,,5786504,https://www.fotmob.com/match/5786504,2026-08-19T10:40:39+00:00,UEFA_ID_PLUS_FOTMOB_UTC_SCORE_NAME,1,True,True,,,,,False
UEFA-2048686,2026/27,UECL,1st Qualifying Round,-1,-1,UEFA-TIE-2048686,1,False,True,False,2026-07-09,2026-07-09 18:00:00+00:00,39,AO-UEFA-52878,AO-UEFA-2611789,Vllaznia,Malisheva,2048686,52878,2611789,2,1,1,1,UEFA_FIELD_SCORE_90_OR_120_EXCLUDES_SHOOTOUT,False,,,,,,,,,,,,False,False,,,FotMob,shot_based_expected_goals,,,,,NO_PUBLIC_XG,NO_PUBLIC_XG,5786626,https://www.fotmob.com/match/5786626,2026-08-19T10:40:50+00:00,UEFA_ID_PLUS_FOTMOB_UTC_SCORE_NAME,1,True,True,,,,,False
UEFA-2048670,2026/27,UECL,1st Qualifying Round,-1,-1,UEFA-TIE-2048670,1,False,True,False,2026-07-09,2026-07-09 18:30:00+00:00,40,AO-UEFA-50056,AO-UEFA-2609104,Glentoran,RFS,2048670,50056,2609104,1,2,0,1,UEFA_FIELD_SCORE_90_OR_120_EXCLUDES_SHOOTOUT,False,,,,,,,,,,,,False,False,,,FotMob,shot_based_expected_goals,,,,,NO_PUBLIC_XG,NO_PUBLIC_XG,5786609,https://www.fotmob.com/match/5786609,2026-08-19T10:40:44+00:00,UEFA_ID_PLUS_FOTMOB_UTC_SCORE_NAME,1,True,True,,,,,False
UEFA-2048673,2026/27,UECL,1st Qualifying Round,-1,-1,UEFA-TIE-2048673,1,False,True,False,2026-07-09,2026-07-09 18:45:00+00:00,41,AO-UEFA-2600104,AO-UEFA-2602334,Petrovac,Žalgiris,2048673,2600104,2602334,1,3,0,2,UEFA_FIELD_SCORE_90_OR_120_EXCLUDES_SHOOTOUT,False,,,,,,,,,,,,False,False,,,FotMob,shot_based_expected_goals,,,,,NO_PUBLIC_XG,NO_PUBLIC_XG,5786615,https://www.fotmob.com/match/5786615,2026-08-19T10:40:45+00:00,UEFA_ID_PLUS_FOTMOB_UTC_SCORE_NAME,0.8333333333,True,True,,,,,False
UEFA-2048683,2026/27,UECL,1st Qualifying Round,-1,-1,UEFA-TIE-2048683,1,False,True,False,2026-07-09,2026-07-09 18:45:00+00:00,42,AO-UEFA-2606314,AO-UEFA-62180,Penybont,FC Santa Coloma,2048683,2606314,62180,0,1,0,1,UEFA_FIELD_SCORE_90_OR_120_EXCLUDES_SHOOTOUT,False,,,,,,,,,,,,False,False,,,FotMob,shot_based_expected_goals,,,,,NO_PUBLIC_XG,NO_PUBLIC_XG,5786623,https://www.fotmob.com/match/5786623,2026-08-19T10:40:49+00:00,UEFA_ID_PLUS_FOTMOB_UTC_SCORE_NAME,1,True,True,,,,,False
UEFA-2048684,2026/27,UECL,1st Qualifying Round,-1,-1,UEFA-TIE-2048684,1,False,True,False,2026-07-09,2026-07-09 18:45:00+00:00,43,AO-UEFA-64150,AO-UEFA-50060,Runavík,Hamrun Spartans ,2048684,64150,50060,1,1,0.5,0,UEFA_FIELD_SCORE_90_OR_120_EXCLUDES_SHOOTOUT,False,,,,,,,,,,,,False,False,,,FotMob,shot_based_expected_goals,,,,,NO_PUBLIC_XG,NO_PUBLIC_XG,5786624,https://www.fotmob.com/match/5786624,2026-08-19T10:40:50+00:00,UEFA_ID_PLUS_FOTMOB_UTC_SCORE_NAME,0.8888888889,True,True,,,,,False
UEFA-2048663,2026/27,UECL,1st Qualifying Round,-1,-1,UEFA-TIE-2048663,1,False,True,False,2026-07-09,2026-07-09 19:00:00+00:00,44,AO-UEFA-52792,AO-UEFA-2600605,Dinamo City,Astana,2048663,52792,2600605,0,1,0,1,UEFA_FIELD_SCORE_90_OR_120_EXCLUDES_SHOOTOUT,False,,,,,,,,,,,,False,False,,,FotMob,shot_based_expected_goals,,,,,NO_PUBLIC_XG,NO_PUBLIC_XG,5786602,https://www.fotmob.com/match/5786602,2026-08-19T10:40:42+00:00,UEFA_ID_PLUS_FOTMOB_UTC_SCORE_NAME,1,True,True,,,,,False
UEFA-2048678,2026/27,UECL,1st Qualifying Round,-1,-1,UEFA-TIE-2048678,1,False,True,False,2026-07-09,2026-07-09 19:00:00+00:00,45,AO-UEFA-52308,AO-UEFA-59325,Stjarnan,Víkingur,2048678,52308,59325,3,1,1,2,UEFA_FIELD_SCORE_90_OR_120_EXCLUDES_SHOOTOUT,False,,,,,,,,,,,,False,False,,,FotMob,shot_based_expected_goals,,,,,NO_PUBLIC_XG,NO_PUBLIC_XG,5786644,https://www.fotmob.com/match/5786644,2026-08-19T10:40:47+00:00,UEFA_ID_PLUS_FOTMOB_UTC_SCORE_NAME,1,True,True,,,,,False
UEFA-2048680,2026/27,UECL,1st Qualifying Round,-1,-1,UEFA-TIE-2048680,1,False,True,False,2026-07-09,2026-07-09 19:00:00+00:00,46,AO-UEFA-64378,AO-UEFA-64161,Sarajevo,Inter Turku,2048680,64378,64161,1,1,0.5,0,UEFA_FIELD_SCORE_90_OR_120_EXCLUDES_SHOOTOUT,False,,,,,,,,,,,,False,False,,,FotMob,shot_based_expected_goals,,,,,NO_PUBLIC_XG,NO_PUBLIC_XG,5786620,https://www.fotmob.com/match/5786620,2026-08-19T10:40:49+00:00,UEFA_ID_PLUS_FOTMOB_UTC_SCORE_NAME,1,True,True,,,,,False
UEFA-2048641,2026/27,UCL,1st Qualifying Round,-1,-1,UEFA-TIE-2048627,2,True,True,False,2026-07-14,2026-07-14 15:00:00+00:00,47,AO-UEFA-52350,AO-UEFA-53080,KuPS Kuopio,Vardar,2048641,52350,53080,2,3,0,1,UEFA_FIELD_SCORE_90_OR_120_EXCLUDES_SHOOTOUT,False,,,AO-UEFA-52350,,,,,,,,,False,False,,,FotMob,shot_based_expected_goals,,,,,NO_PUBLIC_XG,NO_PUBLIC_XG,5785682,https://www.fotmob.com/match/5785682,2026-08-19T10:40:34+00:00,UEFA_ID_PLUS_FOTMOB_UTC_SCORE_NAME,0.8157894737,True,True,,,,,False
UEFA-2048637,2026/27,UCL,1st Qualifying Round,-1,-1,UEFA-TIE-2048623,2,True,True,False,2026-07-14,2026-07-14 16:00:00+00:00,48,AO-UEFA-2605905,AO-UEFA-59341,Iberia Tbilisi,Flora Tallinn,2048637,2605905,59341,2,2,0.5,0,UEFA_FIELD_SCORE_90_OR_120_EXCLUDES_SHOOTOUT,False,,,AO-UEFA-2605905,,,,,,,,,False,False,,,FotMob,shot_based_expected_goals,,,,,NO_PUBLIC_XG,NO_PUBLIC_XG,5785678,https://www.fotmob.com/match/5785678,2026-08-19T10:40:33+00:00,UEFA_ID_PLUS_FOTMOB_UTC_SCORE_NAME,0.78,True,True,,,,,False
UEFA-2048638,2026/27,UCL,1st Qualifying Round,-1,-1,UEFA-TIE-2048624,2,True,True,False,2026-07-14,2026-07-14 16:00:00+00:00,49,AO-UEFA-63401,AO-UEFA-2605572,Inter Escaldes,L. Red Imps,2048638,63401,2605572,1,1,0.5,0,UEFA_FIELD_SCORE_90_OR_120_EXCLUDES_SHOOTOUT,False,,,AO-UEFA-2605572,,,,,,,,,False,False,,,FotMob,shot_based_expected_goals,,,,,NO_PUBLIC_XG,NO_PUBLIC_XG,5785679,https://www.fotmob.com/match/5785679,2026-08-19T10:40:33+00:00,UEFA_ID_PLUS_FOTMOB_UTC_SCORE_NAME,0.8512820513,True,True,,,,,False
UEFA-2048640,2026/27,UCL,1st Qualifying Round,-1,-1,UEFA-TIE-2048626,2,True,True,False,2026-07-14,2026-07-14 17:00:00+00:00,50,AO-UEFA-2607924,AO-UEFA-2610304,Riga,Ararat-Armenia,2048640,2607924,2610304,3,2,1,1,UEFA_FIELD_SCORE_90_OR_120_EXCLUDES_SHOOTOUT,False,,,AO-UEFA-2610304,,,,,,,,,False,False,,,FotMob,shot_based_expected_goals,,,,,NO_PUBLIC_XG,NO_PUBLIC_XG,5785681,https://www.fotmob.com/match/5785681,2026-08-19T10:40:34+00:00,UEFA_ID_PLUS_FOTMOB_UTC_SCORE_NAME,1,True,True,,,,,False
UEFA-2048646,2026/27,UCL,1st Qualifying Round,-1,-1,UEFA-TIE-2048632,2,True,True,False,2026-07-14,2026-07-14 17:00:00+00:00,51,AO-UEFA-52287,AO-UEFA-52697,Győri ETO,Víkingur R.,2048646,52287,52697,2,2,0.5,0,UEFA_FIELD_SCORE_90_OR_120_EXCLUDES_SHOOTOUT,False,,,AO-UEFA-52697,2.2,1.27,3.47,0.93,0.6340057637,-0.2,0.73,1,True,True,2.2,1.27,FotMob,shot_based_expected_goals,90_minutes,True,False,True,ELIGIBLE_90,,5785687,https://www.fotmob.com/match/5785687,2026-08-19T10:40:36+00:00,UEFA_ID_PLUS_FOTMOB_UTC_SCORE_NAME,0.8571428571,True,True,,,,,False
UEFA-2048635,2026/27,UCL,1st Qualifying Round,-1,-1,UEFA-TIE-2048621,2,True,True,False,2026-07-14,2026-07-14 17:30:00+00:00,52,AO-UEFA-60457,AO-UEFA-2609356,The New Saints,Sabah,2048635,60457,2609356,1,2,0,1,UEFA_FIELD_SCORE_90_OR_120_EXCLUDES_SHOOTOUT,False,,,AO-UEFA-2609356,,,,,,,,,False,False,,,FotMob,shot_based_expected_goals,,,,,NO_PUBLIC_XG,NO_PUBLIC_XG,5785676,https://www.fotmob.com/match/5785676,2026-08-19T10:40:32+00:00,UEFA_ID_PLUS_FOTMOB_UTC_SCORE_NAME,1,True,True,,,,,False
UEFA-2048645,2026/27,UCL,1st Qualifying Round,-1,-1,UEFA-TIE-2048631,2,True,True,False,2026-07-14,2026-07-14 17:30:00+00:00,53,AO-UEFA-50044,AO-UEFA-50104,Levski Sofia,Borac,2048645,50044,50104,4,0,1,4,UEFA_FIELD_SCORE_90_OR_120_EXCLUDES_SHOOTOUT,False,,,AO-UEFA-50044,,,,,,,,,False,False,,,FotMob,shot_based_expected_goals,,,,,NO_PUBLIC_XG,NO_PUBLIC_XG,5785686,https://www.fotmob.com/match/5785686,2026-08-19T10:40:36+00:00,UEFA_ID_PLUS_FOTMOB_UTC_SCORE_NAME,0.7380952381,True,True,,,,,False
UEFA-2048642,2026/27,UCL,1st Qualifying Round,-1,-1,UEFA-TIE-2048628,2,True,True,False,2026-07-14,2026-07-14 18:00:00+00:00,54,AO-UEFA-2608290,AO-UEFA-2605907,Drita,Kauno Žalgiris,2048642,2608290,2605907,2,3,0,1,UEFA_FIELD_SCORE_90_OR_120_EXCLUDES_SHOOTOUT,False,,,AO-UEFA-2605907,,,,,,,,,False,False,,,FotMob,shot_based_expected_goals,,,,,NO_PUBLIC_XG,NO_PUBLIC_XG,5785683,https://www.fotmob.com/match/5785683,2026-08-19T10:40:35+00:00,UEFA_ID_PLUS_FOTMOB_UTC_SCORE_NAME,1,True,True,,,,,False
UEFA-2048636,2026/27,UCL,1st Qualifying Round,-1,-1,UEFA-TIE-2048622,2,True,True,False,2026-07-14,2026-07-14 19:00:00+00:00,55,AO-UEFA-52381,AO-UEFA-50092,Shamrock Rovers,Floriana,2048636,52381,50092,5,1,1,4,UEFA_FIELD_SCORE_90_OR_120_EXCLUDES_SHOOTOUT,False,,,AO-UEFA-52381,,,,,,,,,False,False,,,FotMob,shot_based_expected_goals,,,,,NO_PUBLIC_XG,NO_PUBLIC_XG,5785677,https://www.fotmob.com/match/5785677,2026-08-19T10:40:32+00:00,UEFA_ID_PLUS_FOTMOB_UTC_SCORE_NAME,1,True,True,,,,,False
UEFA-2048639,2026/27,UCL,1st Qualifying Round,-1,-1,UEFA-TIE-2048625,2,True,True,False,2026-07-14,2026-07-14 19:00:00+00:00,56,AO-UEFA-85009,AO-UEFA-64514,Larne,Tre Fiori,2048639,85009,64514,2,1,1,1,UEFA_FIELD_SCORE_90_OR_120_EXCLUDES_SHOOTOUT,False,,,AO-UEFA-85009,,,,,,,,,False,False,,,FotMob,shot_based_expected_goals,,,,,NO_PUBLIC_XG,NO_PUBLIC_XG,5785680,https://www.fotmob.com/match/5785680,2026-08-19T10:40:33+00:00,UEFA_ID_PLUS_FOTMOB_UTC_SCORE_NAME,1,True,True,,,,,False
UEFA-2048711,2026/27,UECL,1st Qualifying Round,-1,-1,UEFA-TIE-2048685,2,True,True,False,2026-07-14,2026-07-14 19:00:00+00:00,57,AO-UEFA-64508,AO-UEFA-2603092,La Fiorita,UNA Strassen,2048711,64508,2603092,0,2,0,2,UEFA_FIELD_SCORE_90_OR_120_EXCLUDES_SHOOTOUT,False,,,AO-UEFA-2603092,,,,,,,,,False,False,,,FotMob,shot_based_expected_goals,,,,,NO_PUBLIC_XG,NO_PUBLIC_XG,5786650,https://www.fotmob.com/match/5786650,2026-08-19T10:40:59+00:00,UEFA_ID_PLUS_FOTMOB_UTC_SCORE_NAME,0.7941176471,True,True,,,,,False
UEFA-2048712,2026/27,UECL,1st Qualifying Round,-1,-1,UEFA-TIE-2048686,2,True,True,False,2026-07-15,2026-07-15 14:30:00+00:00,58,AO-UEFA-2611789,AO-UEFA-52878,Malisheva,Vllaznia,2048712,2611789,52878,5,0,1,5,UEFA_FIELD_SCORE_90_OR_120_EXCLUDES_SHOOTOUT,False,,,AO-UEFA-2611789,,,,,,,,,False,False,,,FotMob,shot_based_expected_goals,,,,,NO_PUBLIC_XG,NO_PUBLIC_XG,5786651,https://www.fotmob.com/match/5786651,2026-08-19T10:40:59+00:00,UEFA_ID_PLUS_FOTMOB_UTC_SCORE_NAME,1,True,True,,,,,False
UEFA-2048643,2026/27,UCL,1st Qualifying Round,-1,-1,UEFA-TIE-2048629,2,True,True,False,2026-07-15,2026-07-15 17:30:00+00:00,59,AO-UEFA-2606501,AO-UEFA-2613945,U. Craiova,ML Vitebsk,2048643,2606501,2613945,1,0,1,1,UEFA_FIELD_SCORE_90_OR_120_EXCLUDES_SHOOTOUT,False,,,AO-UEFA-2606501,,,,,,,,,False,False,,,FotMob,shot_based_expected_goals,,,,,NO_PUBLIC_XG,NO_PUBLIC_XG,5785684,https://www.fotmob.com/match/5785684,2026-08-19T10:40:35+00:00,UEFA_ID_PLUS_FOTMOB_UTC_SCORE_NAME,0.8,True,True,,,,,False
UEFA-2048648,2026/27,UCL,1st Qualifying Round,-1,-1,UEFA-TIE-2048634,2,True,True,False,2026-07-15,2026-07-15 18:15:00+00:00,60,AO-UEFA-2605351,AO-UEFA-57475,Atert Bissen,Klaksvík,2048648,2605351,57475,1,2,0,1,UEFA_FIELD_SCORE_90_OR_120_EXCLUDES_SHOOTOUT,False,,,AO-UEFA-57475,,,,,,,,,False,False,,,FotMob,shot_based_expected_goals,,,,,NO_PUBLIC_XG,NO_PUBLIC_XG,5785689,https://www.fotmob.com/match/5785689,2026-08-19T10:40:37+00:00,UEFA_ID_PLUS_FOTMOB_UTC_SCORE_NAME,1,True,True,,,,,False
UEFA-2048694,2026/27,UECL,1st Qualifying Round,-1,-1,UEFA-TIE-2048668,2,True,True,False,2026-07-15,2026-07-15 18:30:00+00:00,61,AO-UEFA-2600105,AO-UEFA-2606320,Dečić,Liepāja,2048694,2600105,2606320,1,2,0,1,UEFA_FIELD_SCORE_90_OR_120_EXCLUDES_SHOOTOUT,False,,,AO-UEFA-2606320,,,,,,,,,False,False,,,FotMob,shot_based_expected_goals,,,,,NO_PUBLIC_XG,NO_PUBLIC_XG,5786608,https://www.fotmob.com/match/5786608,2026-08-19T10:40:53+00:00,UEFA_ID_PLUS_FOTMOB_UTC_SCORE_NAME,0.8333333333,True,True,,,,,False
UEFA-2048644,2026/27,UCL,1st Qualifying Round,-1,-1,UEFA-TIE-2048630,2,True,True,False,2026-07-15,2026-07-15 19:00:00+00:00,62,AO-UEFA-88148,AO-UEFA-2607112,Egnatia,Petrocub,2048644,88148,2607112,6,1,1,5,UEFA_FIELD_SCORE_90_OR_120_EXCLUDES_SHOOTOUT,False,,,AO-UEFA-88148,,,,,,,,,False,False,,,FotMob,shot_based_expected_goals,,,,,NO_PUBLIC_XG,NO_PUBLIC_XG,5785685,https://www.fotmob.com/match/5785685,2026-08-19T10:40:35+00:00,UEFA_ID_PLUS_FOTMOB_UTC_SCORE_NAME,0.9210526316,True,True,,,,,False
UEFA-2048647,2026/27,UCL,1st Qualifying Round,-1,-1,UEFA-TIE-2048633,2,True,True,False,2026-07-15,2026-07-15 19:00:00+00:00,63,AO-UEFA-73936,AO-UEFA-79970,Sutjeska,Kairat Almaty,2048647,73936,79970,0,2,0,2,UEFA_FIELD_SCORE_90_OR_120_EXCLUDES_SHOOTOUT,False,,,AO-UEFA-79970,,,,,,,,,False,False,,,FotMob,shot_based_expected_goals,,,,,NO_PUBLIC_XG,NO_PUBLIC_XG,5785688,https://www.fotmob.com/match/5785688,2026-08-19T10:40:36+00:00,UEFA_ID_PLUS_FOTMOB_UTC_SCORE_NAME,1,True,True,,,,,False
UEFA-2048689,2026/27,UECL,1st Qualifying Round,-1,-1,UEFA-TIE-2048663,2,True,True,False,2026-07-16,2026-07-16 15:00:00+00:00,64,AO-UEFA-2600605,AO-UEFA-52792,Astana,Dinamo City,2048689,2600605,52792,1,4,0,3,UEFA_FIELD_SCORE_90_OR_120_EXCLUDES_SHOOTOUT,False,,,AO-UEFA-52792,,,,,,,,,False,False,,,FotMob,shot_based_expected_goals,,,,,NO_PUBLIC_XG,NO_PUBLIC_XG,5786628,https://www.fotmob.com/match/5786628,2026-08-19T10:40:51+00:00,UEFA_ID_PLUS_FOTMOB_UTC_SCORE_NAME,1,True,True,,,,,False
UEFA-2048703,2026/27,UECL,1st Qualifying Round,-1,-1,UEFA-TIE-2048677,2,True,True,False,2026-07-16,2026-07-16 15:00:00+00:00,65,AO-UEFA-79966,AO-UEFA-2605268,Elimai,Alashkert,2048703,79966,2605268,2,2,0.5,0,UEFA_FIELD_SCORE_90_OR_120_EXCLUDES_SHOOTOUT,True,5,6,AO-UEFA-2605268,,,,,,,,,False,False,,,FotMob,shot_based_expected_goals,,,,,NO_PUBLIC_XG,NO_PUBLIC_XG,5786642,https://www.fotmob.com/match/5786642,2026-08-19T10:40:56+00:00,UEFA_ID_PLUS_FOTMOB_UTC_SCORE_NAME,0.8846153846,True,True,,,,,False
UEFA-2048706,2026/27,UECL,1st Qualifying Round,-1,-1,UEFA-TIE-2048680,2,True,True,False,2026-07-16,2026-07-16 15:00:00+00:00,66,AO-UEFA-64161,AO-UEFA-64378,Inter Turku,Sarajevo,2048706,64161,64378,2,1,1,1,UEFA_FIELD_SCORE_90_OR_120_EXCLUDES_SHOOTOUT,False,,,AO-UEFA-64161,,,,,,,,,False,False,,,FotMob,shot_based_expected_goals,,,,,NO_PUBLIC_XG,NO_PUBLIC_XG,5786645,https://www.fotmob.com/match/5786645,2026-08-19T10:40:57+00:00,UEFA_ID_PLUS_FOTMOB_UTC_SCORE_NAME,1,True,True,,,,,False
UEFA-2048688,2026/27,UECL,1st Qualifying Round,-1,-1,UEFA-TIE-2048662,2,True,True,False,2026-07-16,2026-07-16 16:00:00+00:00,67,AO-UEFA-2605575,AO-UEFA-52375,St Joseph's,Bohemians,2048688,2605575,52375,0,0,0.5,0,UEFA_FIELD_SCORE_90_OR_120_EXCLUDES_SHOOTOUT,False,,,AO-UEFA-52375,,,,,,,,,False,False,,,FotMob,shot_based_expected_goals,,,,,NO_PUBLIC_XG,NO_PUBLIC_XG,5786630,https://www.fotmob.com/match/5786630,2026-08-19T10:40:51+00:00,UEFA_ID_PLUS_FOTMOB_UTC_SCORE_NAME,0.9705882353,True,True,,,,,False
UEFA-2048691,2026/27,UECL,1st Qualifying Round,-1,-1,UEFA-TIE-2048665,2,True,True,False,2026-07-16,2026-07-16 16:00:00+00:00,68,AO-UEFA-64471,AO-UEFA-2607480,Torpedo Kutaisi,Zire,2048691,64471,2607480,0,3,0,3,UEFA_FIELD_SCORE_90_OR_120_EXCLUDES_SHOOTOUT,False,,,AO-UEFA-2607480,,,,,,,,,False,False,,,FotMob,shot_based_expected_goals,,,,,NO_PUBLIC_XG,NO_PUBLIC_XG,5786633,https://www.fotmob.com/match/5786633,2026-08-19T10:40:52+00:00,UEFA_ID_PLUS_FOTMOB_UTC_SCORE_NAME,0.875,True,True,,,,,False
UEFA-2048692,2026/27,UECL,1st Qualifying Round,-1,-1,UEFA-TIE-2048666,2,True,True,False,2026-07-16,2026-07-16 16:00:00+00:00,69,AO-UEFA-2602511,AO-UEFA-52309,Ilves,Differdange,2048692,2602511,52309,3,1,1,2,UEFA_FIELD_SCORE_90_OR_120_EXCLUDES_SHOOTOUT,False,,,AO-UEFA-2602511,,,,,,,,,False,False,,,FotMob,shot_based_expected_goals,,,,,NO_PUBLIC_XG,NO_PUBLIC_XG,5786631,https://www.fotmob.com/match/5786631,2026-08-19T10:40:52+00:00,UEFA_ID_PLUS_FOTMOB_UTC_SCORE_NAME,0.94,True,True,,,,,False
UEFA-2048701,2026/27,UECL,1st Qualifying Round,-1,-1,UEFA-TIE-2048675,2,True,True,False,2026-07-16,2026-07-16 16:00:00+00:00,70,AO-UEFA-77431,AO-UEFA-79948,Pyunik,Marsaxlokk,2048701,77431,79948,1,0,1,1,UEFA_FIELD_SCORE_90_OR_120_EXCLUDES_SHOOTOUT,False,,,AO-UEFA-77431,,,,,,,,,False,False,,,FotMob,shot_based_expected_goals,,,,,NO_PUBLIC_XG,NO_PUBLIC_XG,5786639,https://www.fotmob.com/match/5786639,2026-08-19T10:40:56+00:00,UEFA_ID_PLUS_FOTMOB_UTC_SCORE_NAME,1,True,True,,,,,False
UEFA-2048702,2026/27,UECL,1st Qualifying Round,-1,-1,UEFA-TIE-2048676,2,True,True,False,2026-07-16,2026-07-16 16:00:00+00:00,71,AO-UEFA-2600598,AO-UEFA-2607108,Paide,Hegelmann,2048702,2600598,2607108,3,0,1,3,UEFA_FIELD_SCORE_90_OR_120_EXCLUDES_SHOOTOUT,False,,,AO-UEFA-2600598,,,,,,,,,False,False,,,FotMob,shot_based_expected_goals,,,,,NO_PUBLIC_XG,NO_PUBLIC_XG,5786638,https://www.fotmob.com/match/5786638,2026-08-19T10:40:56+00:00,UEFA_ID_PLUS_FOTMOB_UTC_SCORE_NAME,0.7083333333,True,True,,,,,False
UEFA-2048696,2026/27,UECL,1st Qualifying Round,-1,-1,UEFA-TIE-2048670,2,True,True,False,2026-07-16,2026-07-16 16:30:00+00:00,72,AO-UEFA-2609104,AO-UEFA-50056,RFS,Glentoran,2048696,2609104,50056,2,0,1,2,UEFA_FIELD_SCORE_90_OR_120_EXCLUDES_SHOOTOUT,False,,,AO-UEFA-2609104,,,,,,,,,False,False,,,FotMob,shot_based_expected_goals,,,,,NO_PUBLIC_XG,NO_PUBLIC_XG,5786634,https://www.fotmob.com/match/5786634,2026-08-19T10:40:54+00:00,UEFA_ID_PLUS_FOTMOB_UTC_SCORE_NAME,1,True,True,,,,,False
UEFA-2048700,2026/27,UECL,1st Qualifying Round,-1,-1,UEFA-TIE-2048674,2,True,True,False,2026-07-16,2026-07-16 16:30:00+00:00,73,AO-UEFA-77482,AO-UEFA-53071,Levadia Tallinn,Caernarfon,2048700,77482,53071,5,0,1,5,UEFA_FIELD_SCORE_90_OR_120_EXCLUDES_SHOOTOUT,False,,,AO-UEFA-77482,,,,,,,,,False,False,,,FotMob,shot_based_expected_goals,,,,,NO_PUBLIC_XG,NO_PUBLIC_XG,5786641,https://www.fotmob.com/match/5786641,2026-08-19T10:40:55+00:00,UEFA_ID_PLUS_FOTMOB_UTC_SCORE_NAME,0.8181818182,True,True,,,,,False
UEFA-2048687,2026/27,UECL,1st Qualifying Round,-1,-1,UEFA-TIE-2048661,2,True,True,False,2026-07-16,2026-07-16 17:00:00+00:00,74,AO-UEFA-2600714,AO-UEFA-50163,Milsami,Velež,2048687,2600714,50163,0,1,0,1,UEFA_FIELD_SCORE_90_OR_120_EXCLUDES_SHOOTOUT,False,,,AO-UEFA-50163,,,,,,,,,False,False,,,FotMob,shot_based_expected_goals,,,,,NO_PUBLIC_XG,NO_PUBLIC_XG,5786627,https://www.fotmob.com/match/5786627,2026-08-19T10:40:50+00:00,UEFA_ID_PLUS_FOTMOB_UTC_SCORE_NAME,0.6441176471,True,True,,,,,False
UEFA-2048695,2026/27,UECL,1st Qualifying Round,-1,-1,UEFA-TIE-2048669,2,True,True,False,2026-07-16,2026-07-16 17:00:00+00:00,75,AO-UEFA-66168,AO-UEFA-50048,BATE,ElbasanI,2048695,66168,50048,0,0,0.5,0,UEFA_FIELD_SCORE_90_OR_120_EXCLUDES_SHOOTOUT,True,5,4,AO-UEFA-66168,,,,,,,,,False,False,,,FotMob,shot_based_expected_goals,,,,,NO_PUBLIC_XG,NO_PUBLIC_XG,5786635,https://www.fotmob.com/match/5786635,2026-08-19T10:40:53+00:00,UEFA_ID_PLUS_FOTMOB_UTC_SCORE_NAME,0.75,True,True,,,,,False
UEFA-2048698,2026/27,UECL,1st Qualifying Round,-1,-1,UEFA-TIE-2048672,2,True,True,False,2026-07-16,2026-07-16 17:00:00+00:00,76,AO-UEFA-52705,AO-UEFA-2603085,Dinamo Tbilisi,Mondorf,2048698,52705,2603085,1,1,0.5,0,UEFA_FIELD_SCORE_90_OR_120_EXCLUDES_SHOOTOUT,False,,,AO-UEFA-52705,,,,,,,,,False,False,,,FotMob,shot_based_expected_goals,,,,,NO_PUBLIC_XG,NO_PUBLIC_XG,5786636,https://www.fotmob.com/match/5786636,2026-08-19T10:40:54+00:00,UEFA_ID_PLUS_FOTMOB_UTC_SCORE_NAME,0.7592592593,True,True,,,,,False
UEFA-2048699,2026/27,UECL,1st Qualifying Round,-1,-1,UEFA-TIE-2048673,2,True,True,False,2026-07-16,2026-07-16 17:00:00+00:00,77,AO-UEFA-2602334,AO-UEFA-2600104,Žalgiris,Petrovac,2048699,2602334,2600104,2,1,1,1,UEFA_FIELD_SCORE_90_OR_120_EXCLUDES_SHOOTOUT,False,,,AO-UEFA-2602334,,,,,,,,,False,False,,,FotMob,shot_based_expected_goals,,,,,NO_PUBLIC_XG,NO_PUBLIC_XG,5786640,https://www.fotmob.com/match/5786640,2026-08-19T10:40:55+00:00,UEFA_ID_PLUS_FOTMOB_UTC_SCORE_NAME,0.8333333333,True,True,,,,,False
UEFA-2048704,2026/27,UECL,1st Qualifying Round,-1,-1,UEFA-TIE-2048678,2,True,True,False,2026-07-16,2026-07-16 17:00:00+00:00,78,AO-UEFA-59325,AO-UEFA-52308,Víkingur,Stjarnan,2048704,59325,52308,2,2,0.5,0,UEFA_FIELD_SCORE_90_OR_120_EXCLUDES_SHOOTOUT,False,,,AO-UEFA-52308,,,,,,,,,False,False,,,FotMob,shot_based_expected_goals,,,,,NO_PUBLIC_XG,NO_PUBLIC_XG,5786619,https://www.fotmob.com/match/5786619,2026-08-19T10:40:56+00:00,UEFA_ID_PLUS_FOTMOB_UTC_SCORE_NAME,1,True,True,,,,,False
UEFA-2048709,2026/27,UECL,1st Qualifying Round,-1,-1,UEFA-TIE-2048683,2,True,True,False,2026-07-16,2026-07-16 17:00:00+00:00,79,AO-UEFA-62180,AO-UEFA-2606314,FC Santa Coloma,Penybont,2048709,62180,2606314,3,0,1,3,UEFA_FIELD_SCORE_90_OR_120_EXCLUDES_SHOOTOUT,False,,,AO-UEFA-62180,,,,,,,,,False,False,,,FotMob,shot_based_expected_goals,,,,,NO_PUBLIC_XG,NO_PUBLIC_XG,5786648,https://www.fotmob.com/match/5786648,2026-08-19T10:40:58+00:00,UEFA_ID_PLUS_FOTMOB_UTC_SCORE_NAME,1,True,True,,,,,False
UEFA-2048655,2026/27,UEL,1st Qualifying Round,-1,-1,UEFA-TIE-2048649,2,True,True,False,2026-07-16,2026-07-16 17:30:00+00:00,80,AO-UEFA-53025,AO-UEFA-52723,U. Cluj,Dynamo Kyiv,2048655,53025,52723,0,0,0.5,0,UEFA_FIELD_SCORE_90_OR_120_EXCLUDES_SHOOTOUT,True,2,4,AO-UEFA-52723,,,,,,,,,False,False,,,FotMob,shot_based_expected_goals,,,,,NO_PUBLIC_XG,NO_PUBLIC_XG,5786505,https://www.fotmob.com/match/5786505,2026-08-19T10:40:39+00:00,UEFA_ID_PLUS_FOTMOB_UTC_SCORE_NAME,0.75,True,True,,,,,False
UEFA-2048658,2026/27,UEL,1st Qualifying Round,-1,-1,UEFA-TIE-2048652,2,True,True,False,2026-07-16,2026-07-16 17:30:00+00:00,81,AO-UEFA-50086,AO-UEFA-2608297,Derry,CSKA Sofia,2048658,50086,2608297,1,2,0,1,UEFA_FIELD_SCORE_90_OR_120_EXCLUDES_SHOOTOUT,False,,,AO-UEFA-2608297,,,,,,,,,False,False,,,FotMob,shot_based_expected_goals,,,,,NO_PUBLIC_XG,NO_PUBLIC_XG,5786508,https://www.fotmob.com/match/5786508,2026-08-19T10:40:41+00:00,UEFA_ID_PLUS_FOTMOB_UTC_SCORE_NAME,0.8333333333,True,True,,,,,False
UEFA-2048710,2026/27,UECL,1st Qualifying Round,-1,-1,UEFA-TIE-2048684,2,True,True,False,2026-07-16,2026-07-16 17:30:00+00:00,82,AO-UEFA-50060,AO-UEFA-64150,Hamrun Spartans ,Runavík,2048710,50060,64150,1,2,0,1,UEFA_FIELD_SCORE_90_OR_120_EXCLUDES_SHOOTOUT,False,,,AO-UEFA-64150,,,,,,,,,False,False,,,FotMob,shot_based_expected_goals,,,,,NO_PUBLIC_XG,NO_PUBLIC_XG,5786649,https://www.fotmob.com/match/5786649,2026-08-19T10:40:59+00:00,UEFA_ID_PLUS_FOTMOB_UTC_SCORE_NAME,0.8888888889,True,True,,,,,False
UEFA-2048659,2026/27,UEL,1st Qualifying Round,-1,-1,UEFA-TIE-2048653,2,True,True,False,2026-07-16,2026-07-16 18:00:00+00:00,83,AO-UEFA-77916,AO-UEFA-69606,Aluminij,Sheriff,2048659,77916,69606,0,1,0,1,UEFA_FIELD_SCORE_90_OR_120_EXCLUDES_SHOOTOUT,False,,,AO-UEFA-69606,,,,,,,,,False,False,,,FotMob,shot_based_expected_goals,,,,,NO_PUBLIC_XG,NO_PUBLIC_XG,5786509,https://www.fotmob.com/match/5786509,2026-08-19T10:40:40+00:00,UEFA_ID_PLUS_FOTMOB_UTC_SCORE_NAME,1,True,True,,,,,False
UEFA-2048690,2026/27,UECL,1st Qualifying Round,-1,-1,UEFA-TIE-2048664,2,True,True,False,2026-07-16,2026-07-16 18:00:00+00:00,84,AO-UEFA-2609552,AO-UEFA-64275,Ballkani,Connah's Quay,2048690,2609552,64275,3,2,1,1,UEFA_FIELD_SCORE_90_OR_120_EXCLUDES_SHOOTOUT,False,,,AO-UEFA-2609552,,,,,,,,,False,False,,,FotMob,shot_based_expected_goals,,,,,NO_PUBLIC_XG,NO_PUBLIC_XG,5786629,https://www.fotmob.com/match/5786629,2026-08-19T10:40:52+00:00,UEFA_ID_PLUS_FOTMOB_UTC_SCORE_NAME,0.8939393939,True,True,,,,,False
UEFA-2048693,2026/27,UECL,1st Qualifying Round,-1,-1,UEFA-TIE-2048667,2,True,True,False,2026-07-16,2026-07-16 18:00:00+00:00,85,AO-UEFA-59871,AO-UEFA-50161,Sileks,Dinamo-Minsk,2048693,59871,50161,0,1,0,1,UEFA_FIELD_SCORE_90_OR_120_EXCLUDES_SHOOTOUT,True,5,6,AO-UEFA-50161,,,,,,,,,False,False,,,FotMob,shot_based_expected_goals,,,,,NO_PUBLIC_XG,NO_PUBLIC_XG,5786632,https://www.fotmob.com/match/5786632,2026-08-19T10:40:53+00:00,UEFA_ID_PLUS_FOTMOB_UTC_SCORE_NAME,1,True,True,,,,,False
UEFA-2048707,2026/27,UECL,1st Qualifying Round,-1,-1,UEFA-TIE-2048681,2,True,True,False,2026-07-16,2026-07-16 18:00:00+00:00,86,AO-UEFA-75807,AO-UEFA-2606416,Shkëndija,Europa,2048707,75807,2606416,1,0,1,1,UEFA_FIELD_SCORE_90_OR_120_EXCLUDES_SHOOTOUT,False,,,AO-UEFA-75807,,,,,,,,,False,False,,,FotMob,shot_based_expected_goals,,,,,NO_PUBLIC_XG,NO_PUBLIC_XG,5786646,https://www.fotmob.com/match/5786646,2026-08-19T10:40:57+00:00,UEFA_ID_PLUS_FOTMOB_UTC_SCORE_NAME,0.9285714286,True,True,,,,,False
UEFA-2048660,2026/27,UEL,1st Qualifying Round,-1,-1,UEFA-TIE-2048654,2,True,True,False,2026-07-16,2026-07-16 18:15:00+00:00,87,AO-UEFA-52298,AO-UEFA-52810,Ferencváros,Vojvodina,2048660,52298,52810,3,0,1,3,UEFA_FIELD_SCORE_90_OR_120_EXCLUDES_SHOOTOUT,False,,,AO-UEFA-52298,2.97,0.38,3.35,2.59,0.8865671642,0.03,-0.38,1,True,True,2.97,0.38,FotMob,shot_based_expected_goals,90_minutes,True,False,True,ELIGIBLE_90,,5786510,https://www.fotmob.com/match/5786510,2026-08-19T10:40:41+00:00,UEFA_ID_PLUS_FOTMOB_UTC_SCORE_NAME,1,True,True,,,,,False
UEFA-2048657,2026/27,UEL,1st Qualifying Round,-1,-1,UEFA-TIE-2048651,2,True,True,False,2026-07-16,2026-07-16 18:30:00+00:00,88,AO-UEFA-61601,AO-UEFA-52359,Žilina,Hajduk Split,2048657,61601,52359,2,1,1,1,UEFA_FIELD_SCORE_90_OR_120_EXCLUDES_SHOOTOUT,False,,,AO-UEFA-52359,,,,,,,,,False,False,,,FotMob,shot_based_expected_goals,,,,,NO_PUBLIC_XG,NO_PUBLIC_XG,5786507,https://www.fotmob.com/match/5786507,2026-08-19T10:40:40+00:00,UEFA_ID_PLUS_FOTMOB_UTC_SCORE_NAME,1,True,True,,,,,False
UEFA-2048697,2026/27,UECL,1st Qualifying Round,-1,-1,UEFA-TIE-2048671,2,True,True,False,2026-07-16,2026-07-16 18:45:00+00:00,89,AO-UEFA-89562,AO-UEFA-88371,Mornar,At. Escaldes,2048697,89562,88371,1,2,0,1,UEFA_FIELD_SCORE_90_OR_120_EXCLUDES_SHOOTOUT,False,,,AO-UEFA-88371,,,,,,,,,False,False,,,FotMob,shot_based_expected_goals,,,,,NO_PUBLIC_XG,NO_PUBLIC_XG,5786612,https://www.fotmob.com/match/5786612,2026-08-19T10:40:54+00:00,UEFA_ID_PLUS_FOTMOB_UTC_SCORE_NAME,0.9074074074,True,True,,,,,False
UEFA-2048708,2026/27,UECL,1st Qualifying Round,-1,-1,UEFA-TIE-2048682,2,True,True,False,2026-07-16,2026-07-16 18:45:00+00:00,90,AO-UEFA-50134,AO-UEFA-2600371,Linfield,Kalju,2048708,50134,2600371,2,2,0.5,0,UEFA_FIELD_SCORE_90_OR_120_EXCLUDES_SHOOTOUT,False,,,AO-UEFA-2600371,,,,,,,,,False,False,,,FotMob,shot_based_expected_goals,,,,,NO_PUBLIC_XG,NO_PUBLIC_XG,5786647,https://www.fotmob.com/match/5786647,2026-08-19T10:40:58+00:00,UEFA_ID_PLUS_FOTMOB_UTC_SCORE_NAME,0.7631578947,True,True,,,,,False
UEFA-2048705,2026/27,UECL,1st Qualifying Round,-1,-1,UEFA-TIE-2048679,2,True,True,False,2026-07-16,2026-07-16 19:00:00+00:00,91,AO-UEFA-64516,AO-UEFA-64467,Virtus,Dila,2048705,64516,64467,1,0,1,1,UEFA_FIELD_SCORE_90_OR_120_EXCLUDES_SHOOTOUT,False,,,AO-UEFA-64467,,,,,,,,,False,False,,,FotMob,shot_based_expected_goals,,,,,NO_PUBLIC_XG,NO_PUBLIC_XG,5786643,https://www.fotmob.com/match/5786643,2026-08-19T10:40:57+00:00,UEFA_ID_PLUS_FOTMOB_UTC_SCORE_NAME,0.5804195804,True,True,,,,,False
UEFA-2048656,2026/27,UEL,1st Qualifying Round,-1,-1,UEFA-TIE-2048650,2,True,True,False,2026-07-16,2026-07-16 20:00:00+00:00,92,AO-UEFA-2610384,AO-UEFA-60609,Vestri,Qarabağ,2048656,2610384,60609,0,3,0,3,UEFA_FIELD_SCORE_90_OR_120_EXCLUDES_SHOOTOUT,False,,,AO-UEFA-60609,0.41,3.41,3.82,-3,0.1073298429,-0.41,-0.41,0,True,True,0.41,3.41,FotMob,shot_based_expected_goals,90_minutes,True,False,True,ELIGIBLE_90,,5786506,https://www.fotmob.com/match/5786506,2026-08-19T10:40:39+00:00,UEFA_ID_PLUS_FOTMOB_UTC_SCORE_NAME,1,True,True,,,,,False
UEFA-2048713,2026/27,UCL,2nd Qualifying Round,-1,-1,UEFA-TIE-2048713,1,False,True,False,2026-07-21,2026-07-21 16:00:00+00:00,93,AO-UEFA-74233,AO-UEFA-2605572,Mjällby,L. Red Imps,2048713,74233,2605572,3,0,1,3,UEFA_FIELD_SCORE_90_OR_120_EXCLUDES_SHOOTOUT,False,,,,,,,,,,,,False,False,,,FotMob,shot_based_expected_goals,,,,,NO_PUBLIC_XG,NO_PUBLIC_XG,5787760,https://www.fotmob.com/match/5787760,2026-08-19T10:41:00+00:00,UEFA_ID_PLUS_FOTMOB_UTC_SCORE_NAME,0.8846153846,True,True,,,,,False
UEFA-2048715,2026/27,UCL,2nd Qualifying Round,-1,-1,UEFA-TIE-2048715,1,False,True,False,2026-07-21,2026-07-21 16:00:00+00:00,94,AO-UEFA-2609356,AO-UEFA-52350,Sabah,KuPS Kuopio,2048715,2609356,52350,1,0,1,1,UEFA_FIELD_SCORE_90_OR_120_EXCLUDES_SHOOTOUT,False,,,,,,,,,,,,False,False,,,FotMob,shot_based_expected_goals,,,,,NO_PUBLIC_XG,NO_PUBLIC_XG,5787762,https://www.fotmob.com/match/5787762,2026-08-19T10:41:00+00:00,UEFA_ID_PLUS_FOTMOB_UTC_SCORE_NAME,1,True,True,,,,,False
UEFA-2048718,2026/27,UCL,2nd Qualifying Round,-1,-1,UEFA-TIE-2048718,1,False,True,False,2026-07-21,2026-07-21 16:00:00+00:00,95,AO-UEFA-2610304,AO-UEFA-52381,Ararat-Armenia,Shamrock Rovers,2048718,2610304,52381,2,0,1,2,UEFA_FIELD_SCORE_90_OR_120_EXCLUDES_SHOOTOUT,False,,,,,,,,,,,,False,False,,,FotMob,shot_based_expected_goals,,,,,NO_PUBLIC_XG,NO_PUBLIC_XG,5787765,https://www.fotmob.com/match/5787765,2026-08-19T10:41:01+00:00,UEFA_ID_PLUS_FOTMOB_UTC_SCORE_NAME,1,True,True,,,,,False
UEFA-2048723,2026/27,UCL,2nd Qualifying Round,-1,-1,UEFA-TIE-2048723,1,False,True,False,2026-07-21,2026-07-21 16:00:00+00:00,96,AO-UEFA-2605905,AO-UEFA-52797,Iberia Tbilisi,S. Bratislava,2048723,2605905,52797,0,2,0,2,UEFA_FIELD_SCORE_90_OR_120_EXCLUDES_SHOOTOUT,False,,,,,,,,,,,,False,False,,,FotMob,shot_based_expected_goals,,,,,NO_PUBLIC_XG,NO_PUBLIC_XG,5787770,https://www.fotmob.com/match/5787770,2026-08-19T10:41:03+00:00,UEFA_ID_PLUS_FOTMOB_UTC_SCORE_NAME,0.6937931034,True,True,,,,,False
UEFA-2048717,2026/27,UCL,2nd Qualifying Round,-1,-1,UEFA-TIE-2048717,1,False,True,False,2026-07-21,2026-07-21 17:00:00+00:00,97,AO-UEFA-50019,AO-UEFA-64227,Aarhus,Lech Poznań,2048717,50019,64227,1,4,0,3,UEFA_FIELD_SCORE_90_OR_120_EXCLUDES_SHOOTOUT,False,,,,,,,,,,,,False,False,,,FotMob,shot_based_expected_goals,,,,,IDENTITY_AMBIGUOUS,IDENTITY_AMBIGUOUS,,,,UEFA_MATCH_ID_VERIFIED_FOTMOB_UNRESOLVED,,True,True,,,,,False
UEFA-2048827,2026/27,UECL,2nd Qualifying Round,-1,-1,UEFA-TIE-2048778,1,False,True,False,2026-07-21,2026-07-21 17:00:00+00:00,98,AO-UEFA-50066,AO-UEFA-77482,IFK Göteborg,Levadia Tallinn,2048827,50066,77482,1,2,0,1,UEFA_FIELD_SCORE_90_OR_120_EXCLUDES_SHOOTOUT,False,,,,,,,,,,,,False,False,,,FotMob,shot_based_expected_goals,,,,,NO_PUBLIC_XG,NO_PUBLIC_XG,5789157,https://www.fotmob.com/match/5789157,2026-08-19T10:41:40+00:00,UEFA_ID_PLUS_FOTMOB_UTC_SCORE_NAME,0.8181818182,True,True,,,,,False
UEFA-2048815,2026/27,UECL,2nd Qualifying Round,-1,-1,UEFA-TIE-2048766,1,False,True,False,2026-07-21,2026-07-21 17:30:00+00:00,99,AO-UEFA-50092,AO-UEFA-2608290,Floriana,Drita,2048815,50092,2608290,1,1,0.5,0,UEFA_FIELD_SCORE_90_OR_120_EXCLUDES_SHOOTOUT,False,,,,,,,,,,,,False,False,,,FotMob,shot_based_expected_goals,,,,,NO_PUBLIC_XG,NO_PUBLIC_XG,5789145,https://www.fotmob.com/match/5789145,2026-08-19T10:41:35+00:00,UEFA_ID_PLUS_FOTMOB_UTC_SCORE_NAME,1,True,True,,,,,False
UEFA-2048721,2026/27,UCL,2nd Qualifying Round,-1,-1,UEFA-TIE-2048721,1,False,True,False,2026-07-21,2026-07-21 18:00:00+00:00,100,AO-UEFA-80409,AO-UEFA-50164,Thun,GNK Dinamo,2048721,80409,50164,1,1,0.5,0,UEFA_FIELD_SCORE_90_OR_120_EXCLUDES_SHOOTOUT,False,,,,1.21,1.51,2.72,-0.3,0.4448529412,-0.21,-0.51,0,True,True,1.21,1.51,FotMob,shot_based_expected_goals,90_minutes,True,False,True,ELIGIBLE_90,,5787768,https://www.fotmob.com/match/5787768,2026-08-19T10:41:03+00:00,UEFA_ID_PLUS_FOTMOB_UTC_SCORE_NAME,0.7608695652,True,True,,,,,False
UEFA-2048725,2026/27,UCL,2nd Qualifying Round,-1,-1,UEFA-TIE-2048725,1,False,True,False,2026-07-21,2026-07-21 18:00:00+00:00,101,AO-UEFA-52692,AO-UEFA-50063,Fenerbahçe,Górnik Zabrze,2048725,52692,50063,1,0,1,1,UEFA_FIELD_SCORE_90_OR_120_EXCLUDES_SHOOTOUT,False,,,,1.61,0.06,1.67,1.55,0.9640718563,-0.61,-0.06,1,True,True,1.61,0.06,FotMob,shot_based_expected_goals,90_minutes,True,False,True,ELIGIBLE_90,,5787785,https://www.fotmob.com/match/5787785,2026-08-19T10:41:04+00:00,UEFA_ID_PLUS_FOTMOB_UTC_SCORE_NAME,1,True,True,,,,,False
UEFA-2048812,2026/27,UECL,2nd Qualifying Round,-1,-1,UEFA-TIE-2048763,1,False,True,False,2026-07-21,2026-07-21 18:15:00+00:00,102,AO-UEFA-2605351,AO-UEFA-52287,Atert Bissen,Győri ETO,2048812,2605351,52287,2,6,0,4,UEFA_FIELD_SCORE_90_OR_120_EXCLUDES_SHOOTOUT,False,,,,1.46,2.24,3.7,-0.78,0.3945945946,0.54,3.76,0,True,True,1.46,2.24,FotMob,shot_based_expected_goals,90_minutes,True,False,True,ELIGIBLE_90,,5789142,https://www.fotmob.com/match/5789142,2026-08-19T10:41:34+00:00,UEFA_ID_PLUS_FOTMOB_UTC_SCORE_NAME,1,True,True,,,,,False
UEFA-2048726,2026/27,UCL,2nd Qualifying Round,-1,-1,UEFA-TIE-2048726,1,False,True,False,2026-07-21,2026-07-21 18:30:00+00:00,103,AO-UEFA-50111,AO-UEFA-50120,Sturm Graz,Hearts,2048726,50111,50120,4,0,1,4,UEFA_FIELD_SCORE_90_OR_120_EXCLUDES_SHOOTOUT,False,,,,1.96,1.96,3.92,0,0.5,2.04,-1.96,0.5,True,True,1.96,1.96,FotMob,shot_based_expected_goals,90_minutes,True,False,True,ELIGIBLE_90,,5787786,https://www.fotmob.com/match/5787786,2026-08-19T10:41:04+00:00,UEFA_ID_PLUS_FOTMOB_UTC_SCORE_NAME,0.7,True,True,,,,,False
UEFA-2048716,2026/27,UCL,2nd Qualifying Round,-1,-1,UEFA-TIE-2048716,1,False,True,False,2026-07-21,2026-07-21 18:45:00+00:00,104,AO-UEFA-57475,AO-UEFA-2605907,Klaksvík,Kauno Žalgiris,2048716,57475,2605907,0,0,0.5,0,UEFA_FIELD_SCORE_90_OR_120_EXCLUDES_SHOOTOUT,False,,,,,,,,,,,,False,False,,,FotMob,shot_based_expected_goals,,,,,NO_PUBLIC_XG,NO_PUBLIC_XG,5787763,https://www.fotmob.com/match/5787763,2026-08-19T10:41:01+00:00,UEFA_ID_PLUS_FOTMOB_UTC_SCORE_NAME,1,True,True,,,,,False
UEFA-2048714,2026/27,UCL,2nd Qualifying Round,-1,-1,UEFA-TIE-2048714,1,False,True,False,2026-07-21,2026-07-21 19:00:00+00:00,105,AO-UEFA-85009,AO-UEFA-50069,Larne,Crvena Zvezda,2048714,85009,50069,0,4,0,4,UEFA_FIELD_SCORE_90_OR_120_EXCLUDES_SHOOTOUT,False,,,,,,,,,,,,False,False,,,FotMob,shot_based_expected_goals,,,,,NO_PUBLIC_XG,NO_PUBLIC_XG,5787761,https://www.fotmob.com/match/5787761,2026-08-19T10:41:00+00:00,UEFA_ID_PLUS_FOTMOB_UTC_SCORE_NAME,1,True,True,,,,,False
UEFA-2048722,2026/27,UCL,2nd Qualifying Round,-1,-1,UEFA-TIE-2048722,1,False,True,False,2026-07-21,2026-07-21 19:00:00+00:00,106,AO-UEFA-52697,AO-UEFA-59340,Víkingur R.,H. Beer-Sheva,2048722,52697,59340,2,1,1,1,UEFA_FIELD_SCORE_90_OR_120_EXCLUDES_SHOOTOUT,False,,,,,,,,,,,,False,False,,,FotMob,shot_based_expected_goals,,,,,NO_PUBLIC_XG,NO_PUBLIC_XG,5787769,https://www.fotmob.com/match/5787769,2026-08-19T10:41:02+00:00,UEFA_ID_PLUS_FOTMOB_UTC_SCORE_NAME,0.7709359606,True,True,,,,,False
UEFA-2048844,2026/27,UECL,2nd Qualifying Round,-1,-1,UEFA-TIE-2048795,1,False,True,False,2026-07-22,2026-07-22 16:00:00+00:00,107,AO-UEFA-59890,AO-UEFA-50161,Neftchi,Dinamo-Minsk,2048844,59890,50161,2,4,0,2,UEFA_FIELD_SCORE_90_OR_120_EXCLUDES_SHOOTOUT,False,,,,,,,,,,,,False,False,,,FotMob,shot_based_expected_goals,,,,,NO_PUBLIC_XG,NO_PUBLIC_XG,5789174,https://www.fotmob.com/match/5789174,2026-08-19T10:35:45+00:00,UEFA_ID_PLUS_FOTMOB_UTC_SCORE_NAME,1,True,True,,,,,False
UEFA-2048720,2026/27,UCL,2nd Qualifying Round,-1,-1,UEFA-TIE-2048720,1,False,True,False,2026-07-22,2026-07-22 17:00:00+00:00,108,AO-UEFA-50077,AO-UEFA-79970,Omonia,Kairat Almaty,2048720,50077,79970,1,0,1,1,UEFA_FIELD_SCORE_90_OR_120_EXCLUDES_SHOOTOUT,False,,,,,,,,,,,,False,False,,,FotMob,shot_based_expected_goals,,,,,NO_PUBLIC_XG,NO_PUBLIC_XG,5787767,https://www.fotmob.com/match/5787767,2026-08-19T10:35:43+00:00,UEFA_ID_PLUS_FOTMOB_UTC_SCORE_NAME,0.8,True,True,,,,,False
UEFA-2048853,2026/27,UECL,2nd Qualifying Round,-1,-1,UEFA-TIE-2048804,1,False,True,False,2026-07-22,2026-07-22 17:00:00+00:00,109,AO-UEFA-52375,AO-UEFA-2609552,Bohemians,Ballkani,2048853,52375,2609552,2,1,1,1,UEFA_FIELD_SCORE_90_OR_120_EXCLUDES_SHOOTOUT,False,,,,,,,,,,,,False,False,,,FotMob,shot_based_expected_goals,,,,,NO_PUBLIC_XG,NO_PUBLIC_XG,5789183,https://www.fotmob.com/match/5789183,2026-08-19T10:35:46+00:00,UEFA_ID_PLUS_FOTMOB_UTC_SCORE_NAME,0.9705882353,True,True,,,,,False
UEFA-2048719,2026/27,UCL,2nd Qualifying Round,-1,-1,UEFA-TIE-2048719,1,False,True,False,2026-07-22,2026-07-22 17:30:00+00:00,110,AO-UEFA-50044,AO-UEFA-2606501,Levski Sofia,U. Craiova,2048719,50044,2606501,1,0,1,1,UEFA_FIELD_SCORE_90_OR_120_EXCLUDES_SHOOTOUT,False,,,,,,,,,,,,False,False,,,FotMob,shot_based_expected_goals,,,,,NO_PUBLIC_XG,NO_PUBLIC_XG,5787766,https://www.fotmob.com/match/5787766,2026-08-19T10:35:44+00:00,UEFA_ID_PLUS_FOTMOB_UTC_SCORE_NAME,0.8,True,True,,,,,False
UEFA-2048818,2026/27,UECL,2nd Qualifying Round,-1,-1,UEFA-TIE-2048769,1,False,True,False,2026-07-22,2026-07-22 17:45:00+00:00,111,AO-UEFA-2600288,AO-UEFA-64161,Başakşehir,Inter Turku,2048818,2600288,64161,1,1,0.5,0,UEFA_FIELD_SCORE_90_OR_120_EXCLUDES_SHOOTOUT,False,,,,1.97,1.17,3.14,0.8,0.627388535,-0.97,-0.17,1,True,True,1.97,1.17,FotMob,shot_based_expected_goals,90_minutes,True,False,True,ELIGIBLE_90,,5789149,https://www.fotmob.com/match/5789149,2026-08-19T10:35:46+00:00,UEFA_ID_PLUS_FOTMOB_UTC_SCORE_NAME,1,True,True,,,,,False
UEFA-2048816,2026/27,UECL,2nd Qualifying Round,-1,-1,UEFA-TIE-2048767,1,False,True,False,2026-07-22,2026-07-22 18:00:00+00:00,112,AO-UEFA-53080,AO-UEFA-2607924,Vardar,Riga,2048816,53080,2607924,2,3,0,1,UEFA_FIELD_SCORE_90_OR_120_EXCLUDES_SHOOTOUT,False,,,,,,,,,,,,False,False,,,FotMob,shot_based_expected_goals,,,,,NO_PUBLIC_XG,NO_PUBLIC_XG,5789146,https://www.fotmob.com/match/5789146,2026-08-19T10:41:35+00:00,UEFA_ID_PLUS_FOTMOB_UTC_SCORE_NAME,0.8157894737,True,True,,,,,False
UEFA-2048856,2026/27,UECL,2nd Qualifying Round,-1,-1,UEFA-TIE-2048807,1,False,True,False,2026-07-22,2026-07-22 18:30:00+00:00,113,AO-UEFA-52904,AO-UEFA-2610262,Spartak Trnava,CSKA 1948,2048856,52904,2610262,0,0,0.5,0,UEFA_FIELD_SCORE_90_OR_120_EXCLUDES_SHOOTOUT,False,,,,,,,,,,,,False,False,,,FotMob,shot_based_expected_goals,,,,,NO_PUBLIC_XG,NO_PUBLIC_XG,5789186,https://www.fotmob.com/match/5789186,2026-08-19T10:41:49+00:00,UEFA_ID_PLUS_FOTMOB_UTC_SCORE_NAME,1,True,True,,,,,False
UEFA-2048724,2026/27,UCL,2nd Qualifying Round,-1,-1,UEFA-TIE-2048724,1,False,True,False,2026-07-22,2026-07-22 19:00:00+00:00,114,AO-UEFA-88148,AO-UEFA-59030,Egnatia,Celje,2048724,88148,59030,3,3,0.5,0,UEFA_FIELD_SCORE_90_OR_120_EXCLUDES_SHOOTOUT,False,,,,,,,,,,,,False,False,,,FotMob,shot_based_expected_goals,,,,,NO_PUBLIC_XG,NO_PUBLIC_XG,5787771,https://www.fotmob.com/match/5787771,2026-08-19T10:35:45+00:00,UEFA_ID_PLUS_FOTMOB_UTC_SCORE_NAME,1,True,True,,,,,False
UEFA-2048846,2026/27,UECL,2nd Qualifying Round,-1,-1,UEFA-TIE-2048797,1,False,True,False,2026-07-22,2026-07-22 19:00:00+00:00,115,AO-UEFA-77924,AO-UEFA-52336,Ž. Pančevo,Braga,2048846,77924,52336,0,1,0,1,UEFA_FIELD_SCORE_90_OR_120_EXCLUDES_SHOOTOUT,False,,,,,,,,,,,,False,False,,,FotMob,shot_based_expected_goals,,,,,NO_PUBLIC_XG,NO_PUBLIC_XG,5789176,https://www.fotmob.com/match/5789176,2026-08-19T10:41:46+00:00,UEFA_ID_PLUS_FOTMOB_UTC_SCORE_NAME,0.8333333333,True,True,,,,,False
UEFA-2048843,2026/27,UECL,2nd Qualifying Round,-1,-1,UEFA-TIE-2048794,1,False,True,False,2026-07-23,2026-07-23 14:30:00+00:00,116,AO-UEFA-2611789,AO-UEFA-52821,Malisheva,Hibernian,2048843,2611789,52821,2,0,1,2,UEFA_FIELD_SCORE_90_OR_120_EXCLUDES_SHOOTOUT,False,,,,,,,,,,,,False,False,,,FotMob,shot_based_expected_goals,,,,,NO_PUBLIC_XG,NO_PUBLIC_XG,5789173,https://www.fotmob.com/match/5789173,2026-08-19T10:41:45+00:00,UEFA_ID_PLUS_FOTMOB_UTC_SCORE_NAME,1,True,True,,,,,False
UEFA-2048824,2026/27,UECL,2nd Qualifying Round,-1,-1,UEFA-TIE-2048775,1,False,True,False,2026-07-23,2026-07-23 15:00:00+00:00,117,AO-UEFA-2606320,AO-UEFA-50110,Liepāja,Austria Wien,2048824,2606320,50110,0,2,0,2,UEFA_FIELD_SCORE_90_OR_120_EXCLUDES_SHOOTOUT,False,,,,1.1,1.06,2.16,0.04,0.5092592593,-1.1,0.94,1,True,True,1.1,1.06,FotMob,shot_based_expected_goals,90_minutes,True,False,True,ELIGIBLE_90,,5789154,https://www.fotmob.com/match/5789154,2026-08-19T10:41:38+00:00,UEFA_ID_PLUS_FOTMOB_UTC_SCORE_NAME,1,True,True,,,,,False
UEFA-2048852,2026/27,UECL,2nd Qualifying Round,-1,-1,UEFA-TIE-2048803,1,False,True,False,2026-07-23,2026-07-23 15:00:00+00:00,118,AO-UEFA-2605268,AO-UEFA-88131,Alashkert,CFR Cluj,2048852,2605268,88131,1,1,0.5,0,UEFA_FIELD_SCORE_90_OR_120_EXCLUDES_SHOOTOUT,False,,,,,,,,,,,,False,False,,,FotMob,shot_based_expected_goals,,,,,NO_PUBLIC_XG,NO_PUBLIC_XG,5789182,https://www.fotmob.com/match/5789182,2026-08-19T10:41:48+00:00,UEFA_ID_PLUS_FOTMOB_UTC_SCORE_NAME,1,True,True,,,,,False
UEFA-2048842,2026/27,UECL,2nd Qualifying Round,-1,-1,UEFA-TIE-2048793,1,False,True,False,2026-07-23,2026-07-23 15:30:00+00:00,119,AO-UEFA-2608927,AO-UEFA-79969,Panevėžys,Tobol,2048842,2608927,79969,1,1,0.5,0,UEFA_FIELD_SCORE_90_OR_120_EXCLUDES_SHOOTOUT,False,,,,,,,,,,,,False,False,,,FotMob,shot_based_expected_goals,,,,,NO_PUBLIC_XG,NO_PUBLIC_XG,5789172,https://www.fotmob.com/match/5789172,2026-08-19T10:41:44+00:00,UEFA_ID_PLUS_FOTMOB_UTC_SCORE_NAME,0.7631578947,True,True,,,,,False
UEFA-2048742,2026/27,UEL,2nd Qualifying Round,-1,-1,UEFA-TIE-2048742,1,False,True,False,2026-07-23,2026-07-23 16:00:00+00:00,120,AO-UEFA-60609,AO-UEFA-2608297,Qarabağ,CSKA Sofia,2048742,60609,2608297,0,0,0.5,0,UEFA_FIELD_SCORE_90_OR_120_EXCLUDES_SHOOTOUT,False,,,,1.14,0.6,1.74,0.54,0.6551724138,-1.14,-0.6,1,True,True,1.14,0.6,FotMob,shot_based_expected_goals,90_minutes,True,False,True,ELIGIBLE_90,,5788577,https://www.fotmob.com/match/5788577,2026-08-19T10:41:10+00:00,UEFA_ID_PLUS_FOTMOB_UTC_SCORE_NAME,1,True,True,,,,,False
UEFA-2048814,2026/27,UECL,2nd Qualifying Round,-1,-1,UEFA-TIE-2048765,1,False,True,False,2026-07-23,2026-07-23 16:00:00+00:00,121,AO-UEFA-59341,AO-UEFA-60457,Flora Tallinn,The New Saints,2048814,59341,60457,1,0,1,1,UEFA_FIELD_SCORE_90_OR_120_EXCLUDES_SHOOTOUT,False,,,,,,,,,,,,False,False,,,FotMob,shot_based_expected_goals,,,,,NO_PUBLIC_XG,NO_PUBLIC_XG,5789144,https://www.fotmob.com/match/5789144,2026-08-19T10:41:35+00:00,UEFA_ID_PLUS_FOTMOB_UTC_SCORE_NAME,1,True,True,,,,,False
UEFA-2048820,2026/27,UECL,2nd Qualifying Round,-1,-1,UEFA-TIE-2048771,1,False,True,False,2026-07-23,2026-07-23 16:00:00+00:00,122,AO-UEFA-50052,AO-UEFA-52377,HJK,Coleraine,2048820,50052,52377,5,0,1,5,UEFA_FIELD_SCORE_90_OR_120_EXCLUDES_SHOOTOUT,False,,,,,,,,,,,,False,False,,,FotMob,shot_based_expected_goals,,,,,NO_PUBLIC_XG,NO_PUBLIC_XG,5789150,https://www.fotmob.com/match/5789150,2026-08-19T10:41:37+00:00,UEFA_ID_PLUS_FOTMOB_UTC_SCORE_NAME,1,True,True,,,,,False
UEFA-2048825,2026/27,UECL,2nd Qualifying Round,-1,-1,UEFA-TIE-2048776,1,False,True,False,2026-07-23,2026-07-23 16:00:00+00:00,123,AO-UEFA-52958,AO-UEFA-77431,Debrecen,Pyunik,2048825,52958,77431,1,0,1,1,UEFA_FIELD_SCORE_90_OR_120_EXCLUDES_SHOOTOUT,False,,,,1.51,0.96,2.47,0.55,0.6113360324,-0.51,-0.96,1,True,True,1.51,0.96,FotMob,shot_based_expected_goals,90_minutes,True,False,True,ELIGIBLE_90,,5789155,https://www.fotmob.com/match/5789155,2026-08-19T10:41:39+00:00,UEFA_ID_PLUS_FOTMOB_UTC_SCORE_NAME,1,True,True,,,,,False
UEFA-2048830,2026/27,UECL,2nd Qualifying Round,-1,-1,UEFA-TIE-2048781,1,False,True,False,2026-07-23,2026-07-23 16:00:00+00:00,124,AO-UEFA-64467,AO-UEFA-52741,Dila,Apollon,2048830,64467,52741,0,4,0,4,UEFA_FIELD_SCORE_90_OR_120_EXCLUDES_SHOOTOUT,False,,,,,,,,,,,,False,False,,,FotMob,shot_based_expected_goals,,,,,NO_PUBLIC_XG,NO_PUBLIC_XG,5789160,https://www.fotmob.com/match/5789160,2026-08-19T10:41:40+00:00,UEFA_ID_PLUS_FOTMOB_UTC_SCORE_NAME,0.6120401338,True,True,,,,,False
UEFA-2048854,2026/27,UECL,2nd Qualifying Round,-1,-1,UEFA-TIE-2048805,1,False,True,False,2026-07-23,2026-07-23 16:00:00+00:00,125,AO-UEFA-2600598,AO-UEFA-2607480,Paide,Zire,2048854,2600598,2607480,1,0,1,1,UEFA_FIELD_SCORE_90_OR_120_EXCLUDES_SHOOTOUT,False,,,,,,,,,,,,False,False,,,FotMob,shot_based_expected_goals,,,,,NO_PUBLIC_XG,NO_PUBLIC_XG,5789184,https://www.fotmob.com/match/5789184,2026-08-19T10:41:49+00:00,UEFA_ID_PLUS_FOTMOB_UTC_SCORE_NAME,0.5833333333,True,True,,,,,False
UEFA-2048760,2026/27,UECL,2nd Qualifying Round,-1,-1,UEFA-TIE-2048760,1,False,True,False,2026-07-23,2026-07-23 16:30:00+00:00,126,AO-UEFA-54191,AO-UEFA-59034,AEK Larnaca,Beitar,2048760,54191,59034,0,1,0,1,UEFA_FIELD_SCORE_90_OR_120_EXCLUDES_SHOOTOUT,False,,,,,,,,,,,,False,False,,,FotMob,shot_based_expected_goals,,,,,NO_PUBLIC_XG,NO_PUBLIC_XG,5789188,https://www.fotmob.com/match/5789188,2026-08-19T10:41:16+00:00,UEFA_ID_PLUS_FOTMOB_UTC_SCORE_NAME,0.7727272727,True,True,,,,,False
UEFA-2048822,2026/27,UECL,2nd Qualifying Round,-1,-1,UEFA-TIE-2048773,1,False,True,False,2026-07-23,2026-07-23 16:30:00+00:00,127,AO-UEFA-2609104,AO-UEFA-2610384,RFS,Vestri,2048822,2609104,2610384,4,1,1,3,UEFA_FIELD_SCORE_90_OR_120_EXCLUDES_SHOOTOUT,False,,,,,,,,,,,,False,False,,,FotMob,shot_based_expected_goals,,,,,NO_PUBLIC_XG,NO_PUBLIC_XG,5789152,https://www.fotmob.com/match/5789152,2026-08-19T10:41:38+00:00,UEFA_ID_PLUS_FOTMOB_UTC_SCORE_NAME,1,True,True,,,,,False
UEFA-2048823,2026/27,UECL,2nd Qualifying Round,-1,-1,UEFA-TIE-2048774,1,False,True,False,2026-07-23,2026-07-23 16:30:00+00:00,128,AO-UEFA-60566,AO-UEFA-52641,Raków,Valletta,2048823,60566,52641,3,1,1,2,UEFA_FIELD_SCORE_90_OR_120_EXCLUDES_SHOOTOUT,False,,,,,,,,,,,,False,False,,,FotMob,shot_based_expected_goals,,,,,NO_PUBLIC_XG,NO_PUBLIC_XG,5789153,https://www.fotmob.com/match/5789153,2026-08-19T10:41:39+00:00,UEFA_ID_PLUS_FOTMOB_UTC_SCORE_NAME,0.7272727273,True,True,,,,,False
UEFA-2048838,2026/27,UECL,2nd Qualifying Round,-1,-1,UEFA-TIE-2048789,1,False,True,False,2026-07-23,2026-07-23 16:30:00+00:00,129,AO-UEFA-50156,AO-UEFA-50163,DAC 1904,Velež,2048838,50156,50163,1,0,1,1,UEFA_FIELD_SCORE_90_OR_120_EXCLUDES_SHOOTOUT,False,,,,,,,,,,,,False,False,,,FotMob,shot_based_expected_goals,,,,,IDENTITY_AMBIGUOUS,IDENTITY_AMBIGUOUS,,,,UEFA_MATCH_ID_VERIFIED_FOTMOB_UNRESOLVED,,True,True,,,,,False
UEFA-2048741,2026/27,UEL,2nd Qualifying Round,-1,-1,UEFA-TIE-2048741,1,False,True,False,2026-07-23,2026-07-23 17:00:00+00:00,130,AO-UEFA-52343,AO-UEFA-50074,Hammarby,Anderlecht,2048741,52343,50074,1,1,0.5,0,UEFA_FIELD_SCORE_90_OR_120_EXCLUDES_SHOOTOUT,False,,,,,,,,,,,,False,False,,,FotMob,shot_based_expected_goals,,,,,NO_PUBLIC_XG,NO_PUBLIC_XG,5788576,https://www.fotmob.com/match/5788576,2026-08-19T10:41:09+00:00,UEFA_ID_PLUS_FOTMOB_UTC_SCORE_NAME,1,True,True,,,,,False
UEFA-2048743,2026/27,UEL,2nd Qualifying Round,-1,-1,UEFA-TIE-2048743,1,False,True,False,2026-07-23,2026-07-23 17:00:00+00:00,131,AO-UEFA-53001,AO-UEFA-59878,Tromsø,Hradec Králové,2048743,53001,59878,0,1,0,1,UEFA_FIELD_SCORE_90_OR_120_EXCLUDES_SHOOTOUT,False,,,,,,,,,,,,False,False,,,FotMob,shot_based_expected_goals,,,,,NO_PUBLIC_XG,NO_PUBLIC_XG,5888324,https://www.fotmob.com/match/5888324,2026-08-19T10:41:10+00:00,UEFA_ID_PLUS_FOTMOB_UTC_SCORE_NAME,1,True,True,,,,,False
UEFA-2048747,2026/27,UEL,2nd Qualifying Round,-1,-1,UEFA-TIE-2048747,1,False,True,False,2026-07-23,2026-07-23 17:00:00+00:00,132,AO-UEFA-69606,AO-UEFA-57477,Sheriff,M. Tel-Aviv,2048747,69606,57477,0,5,0,5,UEFA_FIELD_SCORE_90_OR_120_EXCLUDES_SHOOTOUT,False,,,,,,,,,,,,False,False,,,FotMob,shot_based_expected_goals,,,,,NO_PUBLIC_XG,NO_PUBLIC_XG,5788582,https://www.fotmob.com/match/5788582,2026-08-19T10:41:11+00:00,UEFA_ID_PLUS_FOTMOB_UTC_SCORE_NAME,0.8846153846,True,True,,,,,False
UEFA-2048757,2026/27,UEL,2nd Qualifying Round,-1,-1,UEFA-TIE-2048757,1,False,True,False,2026-07-23,2026-07-23 17:00:00+00:00,133,AO-UEFA-52723,AO-UEFA-50130,Dynamo Kyiv,PAOK,2048757,52723,50130,2,3,0,1,UEFA_FIELD_SCORE_90_OR_120_EXCLUDES_SHOOTOUT,False,,,,1.33,2.01,3.34,-0.68,0.3982035928,0.67,0.99,0,True,True,1.33,2.01,FotMob,shot_based_expected_goals,90_minutes,True,False,True,ELIGIBLE_90,,5788584,https://www.fotmob.com/match/5788584,2026-08-19T10:41:15+00:00,UEFA_ID_PLUS_FOTMOB_UTC_SCORE_NAME,0.6904761905,True,True,,,,,False
UEFA-2048813,2026/27,UECL,2nd Qualifying Round,-1,-1,UEFA-TIE-2048764,1,False,True,False,2026-07-23,2026-07-23 17:00:00+00:00,134,AO-UEFA-2613945,AO-UEFA-73936,ML Vitebsk,Sutjeska,2048813,2613945,73936,3,0,1,3,UEFA_FIELD_SCORE_90_OR_120_EXCLUDES_SHOOTOUT,False,,,,,,,,,,,,False,False,,,FotMob,shot_based_expected_goals,,,,,NO_PUBLIC_XG,NO_PUBLIC_XG,5789143,https://www.fotmob.com/match/5789143,2026-08-19T10:41:35+00:00,UEFA_ID_PLUS_FOTMOB_UTC_SCORE_NAME,1,True,True,,,,,False
UEFA-2048826,2026/27,UECL,2nd Qualifying Round,-1,-1,UEFA-TIE-2048777,1,False,True,False,2026-07-23,2026-07-23 17:00:00+00:00,135,AO-UEFA-91862,AO-UEFA-79940,GAIS,Nordsjælland,2048826,91862,79940,1,0,1,1,UEFA_FIELD_SCORE_90_OR_120_EXCLUDES_SHOOTOUT,False,,,,1.07,0.49,1.56,0.58,0.6858974359,-0.07,-0.49,1,True,True,1.07,0.49,FotMob,shot_based_expected_goals,90_minutes,True,False,True,ELIGIBLE_90,,5789156,https://www.fotmob.com/match/5789156,2026-08-19T10:41:39+00:00,UEFA_ID_PLUS_FOTMOB_UTC_SCORE_NAME,1,True,True,,,,,False
UEFA-2048832,2026/27,UECL,2nd Qualifying Round,-1,-1,UEFA-TIE-2048783,1,False,True,False,2026-07-23,2026-07-23 17:00:00+00:00,136,AO-UEFA-53025,AO-UEFA-52770,U. Cluj,Brann,2048832,53025,52770,2,2,0.5,0,UEFA_FIELD_SCORE_90_OR_120_EXCLUDES_SHOOTOUT,False,,,,,,,,,,,,False,False,,,FotMob,shot_based_expected_goals,,,,,NO_PUBLIC_XG,NO_PUBLIC_XG,5789162,https://www.fotmob.com/match/5789162,2026-08-19T10:41:41+00:00,UEFA_ID_PLUS_FOTMOB_UTC_SCORE_NAME,0.75,True,True,,,,,False
UEFA-2048835,2026/27,UECL,2nd Qualifying Round,-1,-1,UEFA-TIE-2048786,1,False,True,False,2026-07-23,2026-07-23 17:00:00+00:00,137,AO-UEFA-59036,AO-UEFA-2609987,Zimbru,Noah,2048835,59036,2609987,1,1,0.5,0,UEFA_FIELD_SCORE_90_OR_120_EXCLUDES_SHOOTOUT,False,,,,,,,,,,,,False,False,,,FotMob,shot_based_expected_goals,,,,,NO_PUBLIC_XG,NO_PUBLIC_XG,5789165,https://www.fotmob.com/match/5789165,2026-08-19T10:41:42+00:00,UEFA_ID_PLUS_FOTMOB_UTC_SCORE_NAME,1,True,True,,,,,False
UEFA-2048836,2026/27,UECL,2nd Qualifying Round,-1,-1,UEFA-TIE-2048787,1,False,True,False,2026-07-23,2026-07-23 17:00:00+00:00,138,AO-UEFA-52705,AO-UEFA-2602334,Dinamo Tbilisi,Žalgiris,2048836,52705,2602334,3,0,1,3,UEFA_FIELD_SCORE_90_OR_120_EXCLUDES_SHOOTOUT,False,,,,,,,,,,,,False,False,,,FotMob,shot_based_expected_goals,,,,,NO_PUBLIC_XG,NO_PUBLIC_XG,5789166,https://www.fotmob.com/match/5789166,2026-08-19T10:41:43+00:00,UEFA_ID_PLUS_FOTMOB_UTC_SCORE_NAME,0.8333333333,True,True,,,,,False
UEFA-2048839,2026/27,UECL,2nd Qualifying Round,-1,-1,UEFA-TIE-2048790,1,False,True,False,2026-07-23,2026-07-23 17:00:00+00:00,139,AO-UEFA-66168,AO-UEFA-52824,BATE,Sion,2048839,66168,52824,1,1,0.5,0,UEFA_FIELD_SCORE_90_OR_120_EXCLUDES_SHOOTOUT,False,,,,0.58,1.36,1.94,-0.78,0.2989690722,0.42,-0.36,0,True,True,0.58,1.36,FotMob,shot_based_expected_goals,90_minutes,True,False,True,ELIGIBLE_90,,5789169,https://www.fotmob.com/match/5789169,2026-08-19T10:41:43+00:00,UEFA_ID_PLUS_FOTMOB_UTC_SCORE_NAME,0.75,True,True,,,,,False
UEFA-2048850,2026/27,UECL,2nd Qualifying Round,-1,-1,UEFA-TIE-2048801,1,False,True,False,2026-07-23,2026-07-23 17:00:00+00:00,140,AO-UEFA-62180,AO-UEFA-50042,FC Santa Coloma,SK Rapid,2048850,62180,50042,1,3,0,2,UEFA_FIELD_SCORE_90_OR_120_EXCLUDES_SHOOTOUT,False,,,,1.04,1.85,2.89,-0.81,0.3598615917,-0.04,1.15,0,True,True,1.04,1.85,FotMob,shot_based_expected_goals,90_minutes,True,False,True,ELIGIBLE_90,,5789180,https://www.fotmob.com/match/5789180,2026-08-19T10:41:47+00:00,UEFA_ID_PLUS_FOTMOB_UTC_SCORE_NAME,0.8333333333,True,True,,,,,False
UEFA-2048855,2026/27,UECL,2nd Qualifying Round,-1,-1,UEFA-TIE-2048806,1,False,True,False,2026-07-23,2026-07-23 17:30:00+00:00,141,AO-UEFA-57482,AO-UEFA-88371,Vaduz,At. Escaldes,2048855,57482,88371,4,0,1,4,UEFA_FIELD_SCORE_90_OR_120_EXCLUDES_SHOOTOUT,False,,,,,,,,,,,,False,False,,,FotMob,shot_based_expected_goals,,,,,NO_PUBLIC_XG,NO_PUBLIC_XG,5789185,https://www.fotmob.com/match/5789185,2026-08-19T10:41:49+00:00,UEFA_ID_PLUS_FOTMOB_UTC_SCORE_NAME,0.9074074074,True,True,,,,,False
UEFA-2048821,2026/27,UECL,2nd Qualifying Round,-1,-1,UEFA-TIE-2048772,1,False,True,False,2026-07-23,2026-07-23 17:45:00+00:00,142,AO-UEFA-50065,AO-UEFA-79556,FCSB,Auda,2048821,50065,79556,2,3,0,1,UEFA_FIELD_SCORE_90_OR_120_EXCLUDES_SHOOTOUT,False,,,,,,,,,,,,False,False,,,FotMob,shot_based_expected_goals,,,,,NO_PUBLIC_XG,NO_PUBLIC_XG,5789151,https://www.fotmob.com/match/5789151,2026-08-19T10:41:37+00:00,UEFA_ID_PLUS_FOTMOB_UTC_SCORE_NAME,1,True,True,,,,,False
UEFA-2048744,2026/27,UEL,2nd Qualifying Round,-1,-1,UEFA-TIE-2048744,1,False,True,False,2026-07-23,2026-07-23 18:00:00+00:00,143,AO-UEFA-52818,AO-UEFA-52298,Twente,Ferencváros,2048744,52818,52298,1,2,0,1,UEFA_FIELD_SCORE_90_OR_120_EXCLUDES_SHOOTOUT,False,,,,1.1,1.59,2.69,-0.49,0.4089219331,-0.1,0.41,0,True,True,1.1,1.59,FotMob,shot_based_expected_goals,90_minutes,True,False,True,ELIGIBLE_90,,5788579,https://www.fotmob.com/match/5788579,2026-08-19T10:41:10+00:00,UEFA_ID_PLUS_FOTMOB_UTC_SCORE_NAME,1,True,True,,,,,False
UEFA-2048745,2026/27,UEL,2nd Qualifying Round,-1,-1,UEFA-TIE-2048745,1,False,True,False,2026-07-23,2026-07-23 18:00:00+00:00,144,AO-UEFA-50157,AO-UEFA-75795,Beşiktaş,Midtjylland,2048745,50157,75795,1,0,1,1,UEFA_FIELD_SCORE_90_OR_120_EXCLUDES_SHOOTOUT,False,,,,2.91,0.73,3.64,2.18,0.7994505495,-1.91,-0.73,1,True,True,2.91,0.73,FotMob,shot_based_expected_goals,90_minutes,True,False,True,ELIGIBLE_90,,5788580,https://www.fotmob.com/match/5788580,2026-08-19T10:41:11+00:00,UEFA_ID_PLUS_FOTMOB_UTC_SCORE_NAME,1,True,True,,,,,False
UEFA-2048748,2026/27,UEL,2nd Qualifying Round,-1,-1,UEFA-TIE-2048748,1,False,True,False,2026-07-23,2026-07-23 18:00:00+00:00,145,AO-UEFA-51151,AO-UEFA-50147,St. Gallen,Benfica,2048748,51151,50147,2,1,1,1,UEFA_FIELD_SCORE_90_OR_120_EXCLUDES_SHOOTOUT,False,,,,1.78,1.75,3.53,0.03,0.5042492918,0.22,-0.75,1,True,True,1.78,1.75,FotMob,shot_based_expected_goals,90_minutes,True,False,True,ELIGIBLE_90,,5788583,https://www.fotmob.com/match/5788583,2026-08-19T10:41:12+00:00,UEFA_ID_PLUS_FOTMOB_UTC_SCORE_NAME,1,True,True,,,,,False
UEFA-2048829,2026/27,UECL,2nd Qualifying Round,-1,-1,UEFA-TIE-2048780,1,False,True,False,2026-07-23,2026-07-23 18:00:00+00:00,146,AO-UEFA-60514,AO-UEFA-62169,Varaždin,Jablonec,2048829,60514,62169,3,2,1,1,UEFA_FIELD_SCORE_90_OR_120_EXCLUDES_SHOOTOUT,False,,,,,,,,,,,,False,False,,,FotMob,shot_based_expected_goals,,,,,NO_PUBLIC_XG,NO_PUBLIC_XG,5888326,https://www.fotmob.com/match/5888326,2026-08-19T10:41:40+00:00,UEFA_ID_PLUS_FOTMOB_UTC_SCORE_NAME,1,True,True,,,,,False
UEFA-2048837,2026/27,UECL,2nd Qualifying Round,-1,-1,UEFA-TIE-2048788,1,False,True,False,2026-07-23,2026-07-23 18:00:00+00:00,147,AO-UEFA-77916,AO-UEFA-52792,Aluminij,Dinamo City,2048837,77916,52792,1,1,0.5,0,UEFA_FIELD_SCORE_90_OR_120_EXCLUDES_SHOOTOUT,False,,,,,,,,,,,,False,False,,,FotMob,shot_based_expected_goals,,,,,NO_PUBLIC_XG,NO_PUBLIC_XG,5789167,https://www.fotmob.com/match/5789167,2026-08-19T10:41:43+00:00,UEFA_ID_PLUS_FOTMOB_UTC_SCORE_NAME,1,True,True,,,,,False
UEFA-2048845,2026/27,UECL,2nd Qualifying Round,-1,-1,UEFA-TIE-2048796,1,False,True,False,2026-07-23,2026-07-23 18:00:00+00:00,148,AO-UEFA-93452,AO-UEFA-50084,Paksi,Panathinaikos,2048845,93452,50084,1,2,0,1,UEFA_FIELD_SCORE_90_OR_120_EXCLUDES_SHOOTOUT,False,,,,0.87,2.58,3.45,-1.71,0.252173913,0.13,-0.58,0,True,True,0.87,2.58,FotMob,shot_based_expected_goals,90_minutes,True,False,True,ELIGIBLE_90,,5789175,https://www.fotmob.com/match/5789175,2026-08-19T10:41:45+00:00,UEFA_ID_PLUS_FOTMOB_UTC_SCORE_NAME,0.8846153846,True,True,,,,,False
UEFA-2048847,2026/27,UECL,2nd Qualifying Round,-1,-1,UEFA-TIE-2048798,1,False,True,False,2026-07-23,2026-07-23 18:00:00+00:00,149,AO-UEFA-52810,AO-UEFA-50143,Vojvodina,Ajax,2048847,52810,50143,1,4,0,3,UEFA_FIELD_SCORE_90_OR_120_EXCLUDES_SHOOTOUT,False,,,,0.68,1.63,2.31,-0.95,0.2943722944,0.32,2.37,0,True,True,0.68,1.63,FotMob,shot_based_expected_goals,90_minutes,True,False,True,ELIGIBLE_90,,5789177,https://www.fotmob.com/match/5789177,2026-08-19T10:41:46+00:00,UEFA_ID_PLUS_FOTMOB_UTC_SCORE_NAME,1,True,True,,,,,False
UEFA-2048848,2026/27,UECL,2nd Qualifying Round,-1,-1,UEFA-TIE-2048799,1,False,True,False,2026-07-23,2026-07-23 18:00:00+00:00,150,AO-UEFA-2613172,AO-UEFA-52709,Polissya,Copenhagen,2048848,2613172,52709,3,3,0.5,0,UEFA_FIELD_SCORE_90_OR_120_EXCLUDES_SHOOTOUT,False,,,,2.87,0.87,3.74,2,0.7673796791,0.13,2.13,1,True,True,2.87,0.87,FotMob,shot_based_expected_goals,90_minutes,True,False,True,ELIGIBLE_90,,5789178,https://www.fotmob.com/match/5789178,2026-08-19T10:41:47+00:00,UEFA_ID_PLUS_FOTMOB_UTC_SCORE_NAME,0.5831578947,True,True,,,,,False
UEFA-2048811,2026/27,UECL,2nd Qualifying Round,-1,-1,UEFA-TIE-2048762,1,False,True,False,2026-07-23,2026-07-23 18:30:00+00:00,151,AO-UEFA-50104,AO-UEFA-2607112,Borac,Petrocub,2048811,50104,2607112,3,0,1,3,UEFA_FIELD_SCORE_90_OR_120_EXCLUDES_SHOOTOUT,False,,,,,,,,,,,,False,False,,,FotMob,shot_based_expected_goals,,,,,NO_PUBLIC_XG,NO_PUBLIC_XG,5789141,https://www.fotmob.com/match/5789141,2026-08-19T10:41:34+00:00,UEFA_ID_PLUS_FOTMOB_UTC_SCORE_NAME,0.6591478697,True,True,,,,,False
UEFA-2048819,2026/27,UECL,2nd Qualifying Round,-1,-1,UEFA-TIE-2048770,1,False,True,False,2026-07-23,2026-07-23 18:30:00+00:00,152,AO-UEFA-8538,AO-UEFA-2608311,Lugano,Dukagjini,2048819,8538,2608311,1,0,1,1,UEFA_FIELD_SCORE_90_OR_120_EXCLUDES_SHOOTOUT,False,,,,2.47,0.74,3.21,1.73,0.769470405,-1.47,-0.74,1,True,True,2.47,0.74,FotMob,shot_based_expected_goals,90_minutes,True,False,True,ELIGIBLE_90,,5789148,https://www.fotmob.com/match/5789148,2026-08-19T10:41:37+00:00,UEFA_ID_PLUS_FOTMOB_UTC_SCORE_NAME,1,True,True,,,,,False
UEFA-2048828,2026/27,UECL,2nd Qualifying Round,-1,-1,UEFA-TIE-2048779,1,False,True,False,2026-07-23,2026-07-23 18:30:00+00:00,153,AO-UEFA-61601,AO-UEFA-50145,Žilina,Katowice,2048828,61601,50145,2,1,1,1,UEFA_FIELD_SCORE_90_OR_120_EXCLUDES_SHOOTOUT,False,,,,,,,,,,,,False,False,,,FotMob,shot_based_expected_goals,,,,,NO_PUBLIC_XG,NO_PUBLIC_XG,5789158,https://www.fotmob.com/match/5789158,2026-08-19T10:41:40+00:00,UEFA_ID_PLUS_FOTMOB_UTC_SCORE_NAME,0.9,True,True,,,,,False
UEFA-2048849,2026/27,UECL,2nd Qualifying Round,-1,-1,UEFA-TIE-2048800,1,False,True,False,2026-07-23,2026-07-23 18:30:00+00:00,154,AO-UEFA-2612107,AO-UEFA-4608,LNZ Cherkasy,Gent,2048849,2612107,4608,0,0,0.5,0,UEFA_FIELD_SCORE_90_OR_120_EXCLUDES_SHOOTOUT,False,,,,,,,,,,,,False,False,,,FotMob,shot_based_expected_goals,,,,,NO_PUBLIC_XG,NO_PUBLIC_XG,5789179,https://www.fotmob.com/match/5789179,2026-08-19T10:41:47+00:00,UEFA_ID_PLUS_FOTMOB_UTC_SCORE_NAME,1,True,True,,,,,False
UEFA-2048851,2026/27,UECL,2nd Qualifying Round,-1,-1,UEFA-TIE-2048802,1,False,True,False,2026-07-23,2026-07-23 18:30:00+00:00,155,AO-UEFA-59869,AO-UEFA-2603104,H. Tel-Aviv,Ludogorets,2048851,59869,2603104,2,0,1,2,UEFA_FIELD_SCORE_90_OR_120_EXCLUDES_SHOOTOUT,False,,,,,,,,,,,,False,False,,,FotMob,shot_based_expected_goals,,,,,NO_PUBLIC_XG,NO_PUBLIC_XG,5789181,https://www.fotmob.com/match/5789181,2026-08-19T10:41:48+00:00,UEFA_ID_PLUS_FOTMOB_UTC_SCORE_NAME,0.7571428571,True,True,,,,,False
UEFA-2048759,2026/27,UECL,2nd Qualifying Round,-1,-1,UEFA-TIE-2048759,1,False,True,False,2026-07-23,2026-07-23 18:45:00+00:00,156,AO-UEFA-64150,AO-UEFA-69617,Runavík,Koper,2048759,64150,69617,0,2,0,2,UEFA_FIELD_SCORE_90_OR_120_EXCLUDES_SHOOTOUT,False,,,,,,,,,,,,False,False,,,FotMob,shot_based_expected_goals,,,,,NO_PUBLIC_XG,NO_PUBLIC_XG,5789187,https://www.fotmob.com/match/5789187,2026-08-19T10:41:16+00:00,UEFA_ID_PLUS_FOTMOB_UTC_SCORE_NAME,0.8888888889,True,True,,,,,False
UEFA-2048817,2026/27,UECL,2nd Qualifying Round,-1,-1,UEFA-TIE-2048768,1,False,True,False,2026-07-23,2026-07-23 18:45:00+00:00,157,AO-UEFA-52356,AO-UEFA-50086,Rijeka,Derry,2048817,52356,50086,1,0,1,1,UEFA_FIELD_SCORE_90_OR_120_EXCLUDES_SHOOTOUT,False,,,,,,,,,,,,False,False,,,FotMob,shot_based_expected_goals,,,,,NO_PUBLIC_XG,NO_PUBLIC_XG,5789147,https://www.fotmob.com/match/5789147,2026-08-19T10:41:36+00:00,UEFA_ID_PLUS_FOTMOB_UTC_SCORE_NAME,0.8333333333,True,True,,,,,False
UEFA-2048831,2026/27,UECL,2nd Qualifying Round,-1,-1,UEFA-TIE-2048782,1,False,True,False,2026-07-23,2026-07-23 18:45:00+00:00,158,AO-UEFA-2607248,AO-UEFA-75807,Bravo,Shkëndija,2048831,2607248,75807,2,1,1,1,UEFA_FIELD_SCORE_90_OR_120_EXCLUDES_SHOOTOUT,False,,,,,,,,,,,,False,False,,,FotMob,shot_based_expected_goals,,,,,NO_PUBLIC_XG,NO_PUBLIC_XG,5789161,https://www.fotmob.com/match/5789161,2026-08-19T10:41:41+00:00,UEFA_ID_PLUS_FOTMOB_UTC_SCORE_NAME,0.9285714286,True,True,,,,,False
UEFA-2048833,2026/27,UECL,2nd Qualifying Round,-1,-1,UEFA-TIE-2048784,1,False,True,False,2026-07-23,2026-07-23 18:45:00+00:00,159,AO-UEFA-53020,AO-UEFA-2600371,Shelbourne,Kalju,2048833,53020,2600371,5,2,1,3,UEFA_FIELD_SCORE_90_OR_120_EXCLUDES_SHOOTOUT,False,,,,,,,,,,,,False,False,,,FotMob,shot_based_expected_goals,,,,,NO_PUBLIC_XG,NO_PUBLIC_XG,5789163,https://www.fotmob.com/match/5789163,2026-08-19T10:41:42+00:00,UEFA_ID_PLUS_FOTMOB_UTC_SCORE_NAME,0.7631578947,True,True,,,,,False
UEFA-2048841,2026/27,UECL,2nd Qualifying Round,-1,-1,UEFA-TIE-2048792,1,False,True,False,2026-07-23,2026-07-23 18:45:00+00:00,160,AO-UEFA-53035,AO-UEFA-59025,Motherwell,H. Bóltfelag,2048841,53035,59025,2,0,1,2,UEFA_FIELD_SCORE_90_OR_120_EXCLUDES_SHOOTOUT,False,,,,,,,,,,,,False,False,,,FotMob,shot_based_expected_goals,,,,,NO_PUBLIC_XG,NO_PUBLIC_XG,5789171,https://www.fotmob.com/match/5789171,2026-08-19T10:41:44+00:00,UEFA_ID_PLUS_FOTMOB_UTC_SCORE_NAME,0.6818181818,True,True,,,,,False
UEFA-2048746,2026/27,UEL,2nd Qualifying Round,-1,-1,UEFA-TIE-2048746,1,False,True,False,2026-07-23,2026-07-23 19:00:00+00:00,161,AO-UEFA-52359,AO-UEFA-2609532,Hajduk Split,Pafos,2048746,52359,2609532,2,0,1,2,UEFA_FIELD_SCORE_90_OR_120_EXCLUDES_SHOOTOUT,False,,,,,,,,,,,,False,False,,,FotMob,shot_based_expected_goals,,,,,NO_PUBLIC_XG,NO_PUBLIC_XG,5788581,https://www.fotmob.com/match/5788581,2026-08-19T10:41:11+00:00,UEFA_ID_PLUS_FOTMOB_UTC_SCORE_NAME,1,True,True,,,,,False
UEFA-2048761,2026/27,UECL,2nd Qualifying Round,-1,-1,UEFA-TIE-2048761,1,False,True,False,2026-07-23,2026-07-23 19:00:00+00:00,162,AO-UEFA-50162,AO-UEFA-2603092,Partizan,UNA Strassen,2048761,50162,2603092,4,0,1,4,UEFA_FIELD_SCORE_90_OR_120_EXCLUDES_SHOOTOUT,False,,,,,,,,,,,,False,False,,,FotMob,shot_based_expected_goals,,,,,NO_PUBLIC_XG,NO_PUBLIC_XG,5789189,https://www.fotmob.com/match/5789189,2026-08-19T10:41:16+00:00,UEFA_ID_PLUS_FOTMOB_UTC_SCORE_NAME,0.8333333333,True,True,,,,,False
UEFA-2048840,2026/27,UECL,2nd Qualifying Round,-1,-1,UEFA-TIE-2048791,1,False,True,False,2026-07-23,2026-07-23 19:00:00+00:00,163,AO-UEFA-52308,AO-UEFA-2602511,Stjarnan,Ilves,2048840,52308,2602511,1,0,1,1,UEFA_FIELD_SCORE_90_OR_120_EXCLUDES_SHOOTOUT,False,,,,,,,,,,,,False,False,,,FotMob,shot_based_expected_goals,,,,,NO_PUBLIC_XG,NO_PUBLIC_XG,5789170,https://www.fotmob.com/match/5789170,2026-08-19T10:41:44+00:00,UEFA_ID_PLUS_FOTMOB_UTC_SCORE_NAME,1,True,True,,,,,False
UEFA-2048834,2026/27,UECL,2nd Qualifying Round,-1,-1,UEFA-TIE-2048785,1,False,True,False,2026-07-23,2026-07-23 19:15:00+00:00,164,AO-UEFA-50057,AO-UEFA-73390,Valur,Zrinjski,2048834,50057,73390,1,0,1,1,UEFA_FIELD_SCORE_90_OR_120_EXCLUDES_SHOOTOUT,False,,,,,,,,,,,,False,False,,,FotMob,shot_based_expected_goals,,,,,NO_PUBLIC_XG,NO_PUBLIC_XG,5789164,https://www.fotmob.com/match/5789164,2026-08-19T10:41:42+00:00,UEFA_ID_PLUS_FOTMOB_UTC_SCORE_NAME,0.847826087,True,True,,,,,False
UEFA-2048729,2026/27,UCL,2nd Qualifying Round,-1,-1,UEFA-TIE-2048715,2,True,True,False,2026-07-28,2026-07-28 15:00:00+00:00,165,AO-UEFA-52350,AO-UEFA-2609356,KuPS Kuopio,Sabah,2048729,52350,2609356,0,2,0,2,UEFA_FIELD_SCORE_90_OR_120_EXCLUDES_SHOOTOUT,False,,,AO-UEFA-2609356,,,,,,,,,False,False,,,FotMob,shot_based_expected_goals,,,,,NO_PUBLIC_XG,NO_PUBLIC_XG,5787774,https://www.fotmob.com/match/5787774,2026-08-19T10:41:06+00:00,UEFA_ID_PLUS_FOTMOB_UTC_SCORE_NAME,1,True,True,,,,,False
UEFA-2048727,2026/27,UCL,2nd Qualifying Round,-1,-1,UEFA-TIE-2048713,2,True,True,False,2026-07-28,2026-07-28 16:00:00+00:00,166,AO-UEFA-2605572,AO-UEFA-74233,L. Red Imps,Mjällby,2048727,2605572,74233,0,0,0.5,0,UEFA_FIELD_SCORE_90_OR_120_EXCLUDES_SHOOTOUT,False,,,AO-UEFA-74233,,,,,,,,,False,False,,,FotMob,shot_based_expected_goals,,,,,NO_PUBLIC_XG,NO_PUBLIC_XG,5787772,https://www.fotmob.com/match/5787772,2026-08-19T10:41:06+00:00,UEFA_ID_PLUS_FOTMOB_UTC_SCORE_NAME,0.8846153846,True,True,,,,,False
UEFA-2048767,2026/27,UECL,2nd Qualifying Round,-1,-1,UEFA-TIE-2048767,2,True,True,False,2026-07-28,2026-07-28 17:00:00+00:00,167,AO-UEFA-2607924,AO-UEFA-53080,Riga,Vardar,2048767,2607924,53080,5,2,1,3,UEFA_FIELD_SCORE_90_OR_120_EXCLUDES_SHOOTOUT,False,,,AO-UEFA-2607924,,,,,,,,,False,False,,,FotMob,shot_based_expected_goals,,,,,NO_PUBLIC_XG,NO_PUBLIC_XG,5789195,https://www.fotmob.com/match/5789195,2026-08-19T10:41:18+00:00,UEFA_ID_PLUS_FOTMOB_UTC_SCORE_NAME,0.8157894737,True,True,,,,,False
UEFA-2048781,2026/27,UECL,2nd Qualifying Round,-1,-1,UEFA-TIE-2048781,2,True,True,False,2026-07-28,2026-07-28 17:00:00+00:00,168,AO-UEFA-52741,AO-UEFA-64467,Apollon,Dila,2048781,52741,64467,3,0,1,3,UEFA_FIELD_SCORE_90_OR_120_EXCLUDES_SHOOTOUT,False,,,AO-UEFA-52741,,,,,,,,,False,False,,,FotMob,shot_based_expected_goals,,,,,NO_PUBLIC_XG,NO_PUBLIC_XG,5789209,https://www.fotmob.com/match/5789209,2026-08-19T10:41:23+00:00,UEFA_ID_PLUS_FOTMOB_UTC_SCORE_NAME,0.6120401338,True,True,,,,,False
UEFA-2048807,2026/27,UECL,2nd Qualifying Round,-1,-1,UEFA-TIE-2048807,2,True,True,False,2026-07-28,2026-07-28 17:30:00+00:00,169,AO-UEFA-2610262,AO-UEFA-52904,CSKA 1948,Spartak Trnava,2048807,2610262,52904,0,0,0.5,0,UEFA_FIELD_SCORE_90_OR_120_EXCLUDES_SHOOTOUT,True,5,3,AO-UEFA-2610262,,,,,,,,,False,False,,,FotMob,shot_based_expected_goals,,,,,NO_PUBLIC_XG,NO_PUBLIC_XG,5789235,https://www.fotmob.com/match/5789235,2026-08-19T10:41:32+00:00,UEFA_ID_PLUS_FOTMOB_UTC_SCORE_NAME,1,True,True,,,,,False
UEFA-2048735,2026/27,UCL,2nd Qualifying Round,-1,-1,UEFA-TIE-2048721,2,True,True,False,2026-07-28,2026-07-28 18:00:00+00:00,170,AO-UEFA-50164,AO-UEFA-80409,GNK Dinamo,Thun,2048735,50164,80409,3,2,1,1,UEFA_FIELD_SCORE_90_OR_120_EXCLUDES_SHOOTOUT,False,,,AO-UEFA-50164,2.65,1.1,3.75,1.55,0.7066666667,0.35,0.9,1,True,True,2.65,1.1,FotMob,shot_based_expected_goals,120_minutes_including_extra_time,True,True,True,ELIGIBLE_120,,5787780,https://www.fotmob.com/match/5787780,2026-08-19T10:41:07+00:00,UEFA_ID_PLUS_FOTMOB_UTC_SCORE_NAME,0.7608695652,True,True,,,,,False
UEFA-2048766,2026/27,UECL,2nd Qualifying Round,-1,-1,UEFA-TIE-2048766,2,True,True,False,2026-07-28,2026-07-28 18:00:00+00:00,171,AO-UEFA-2608290,AO-UEFA-50092,Drita,Floriana,2048766,2608290,50092,2,1,1,1,UEFA_FIELD_SCORE_90_OR_120_EXCLUDES_SHOOTOUT,False,,,AO-UEFA-2608290,,,,,,,,,False,False,,,FotMob,shot_based_expected_goals,,,,,NO_PUBLIC_XG,NO_PUBLIC_XG,5789194,https://www.fotmob.com/match/5789194,2026-08-19T10:41:18+00:00,UEFA_ID_PLUS_FOTMOB_UTC_SCORE_NAME,1,True,True,,,,,False
UEFA-2048738,2026/27,UCL,2nd Qualifying Round,-1,-1,UEFA-TIE-2048724,2,True,True,False,2026-07-28,2026-07-28 18:15:00+00:00,172,AO-UEFA-59030,AO-UEFA-88148,Celje,Egnatia,2048738,59030,88148,2,2,0.5,0,UEFA_FIELD_SCORE_90_OR_120_EXCLUDES_SHOOTOUT,True,4,1,AO-UEFA-59030,,,,,,,,,False,False,,,FotMob,shot_based_expected_goals,,,,,NO_PUBLIC_XG,NO_PUBLIC_XG,5787783,https://www.fotmob.com/match/5787783,2026-08-19T10:41:08+00:00,UEFA_ID_PLUS_FOTMOB_UTC_SCORE_NAME,1,True,True,,,,,False
UEFA-2048740,2026/27,UCL,2nd Qualifying Round,-1,-1,UEFA-TIE-2048726,2,True,True,False,2026-07-28,2026-07-28 18:45:00+00:00,173,AO-UEFA-50120,AO-UEFA-50111,Hearts,Sturm Graz,2048740,50120,50111,0,2,0,2,UEFA_FIELD_SCORE_90_OR_120_EXCLUDES_SHOOTOUT,False,,,AO-UEFA-50111,0.68,2.47,3.15,-1.79,0.2158730159,-0.68,-0.47,0,True,True,0.68,2.47,FotMob,shot_based_expected_goals,90_minutes,True,False,True,ELIGIBLE_90,,5787788,https://www.fotmob.com/match/5787788,2026-08-19T10:41:10+00:00,UEFA_ID_PLUS_FOTMOB_UTC_SCORE_NAME,0.7,True,True,,,,,False
UEFA-2048732,2026/27,UCL,2nd Qualifying Round,-1,-1,UEFA-TIE-2048718,2,True,True,False,2026-07-28,2026-07-28 19:00:00+00:00,174,AO-UEFA-52381,AO-UEFA-2610304,Shamrock Rovers,Ararat-Armenia,2048732,52381,2610304,2,1,1,1,UEFA_FIELD_SCORE_90_OR_120_EXCLUDES_SHOOTOUT,False,,,AO-UEFA-2610304,,,,,,,,,False,False,,,FotMob,shot_based_expected_goals,,,,,NO_PUBLIC_XG,NO_PUBLIC_XG,5787777,https://www.fotmob.com/match/5787777,2026-08-19T10:41:06+00:00,UEFA_ID_PLUS_FOTMOB_UTC_SCORE_NAME,1,True,True,,,,,False
UEFA-2048770,2026/27,UECL,2nd Qualifying Round,-1,-1,UEFA-TIE-2048770,2,True,True,False,2026-07-29,2026-07-29 14:30:00+00:00,175,AO-UEFA-2608311,AO-UEFA-8538,Dukagjini,Lugano,2048770,2608311,8538,1,5,0,4,UEFA_FIELD_SCORE_90_OR_120_EXCLUDES_SHOOTOUT,False,,,AO-UEFA-8538,1.34,3.28,4.62,-1.94,0.29004329,-0.34,1.72,0,True,True,1.34,3.28,FotMob,shot_based_expected_goals,90_minutes,True,False,True,ELIGIBLE_90,,5789198,https://www.fotmob.com/match/5789198,2026-08-19T10:41:20+00:00,UEFA_ID_PLUS_FOTMOB_UTC_SCORE_NAME,1,True,True,,,,,False
UEFA-2048734,2026/27,UCL,2nd Qualifying Round,-1,-1,UEFA-TIE-2048720,2,True,True,False,2026-07-29,2026-07-29 15:00:00+00:00,176,AO-UEFA-79970,AO-UEFA-50077,Kairat Almaty,Omonia,2048734,79970,50077,1,0,1,1,UEFA_FIELD_SCORE_90_OR_120_EXCLUDES_SHOOTOUT,True,6,5,AO-UEFA-79970,,,,,,,,,False,False,,,FotMob,shot_based_expected_goals,,,,,NO_PUBLIC_XG,NO_PUBLIC_XG,5787779,https://www.fotmob.com/match/5787779,2026-08-19T10:41:07+00:00,UEFA_ID_PLUS_FOTMOB_UTC_SCORE_NAME,0.8,True,True,,,,,False
UEFA-2048730,2026/27,UCL,2nd Qualifying Round,-1,-1,UEFA-TIE-2048716,2,True,True,False,2026-07-29,2026-07-29 16:00:00+00:00,177,AO-UEFA-2605907,AO-UEFA-57475,Kauno Žalgiris,Klaksvík,2048730,2605907,57475,1,0,1,1,UEFA_FIELD_SCORE_90_OR_120_EXCLUDES_SHOOTOUT,False,,,AO-UEFA-2605907,,,,,,,,,False,False,,,FotMob,shot_based_expected_goals,,,,,NO_PUBLIC_XG,NO_PUBLIC_XG,5787775,https://www.fotmob.com/match/5787775,2026-08-19T10:41:06+00:00,UEFA_ID_PLUS_FOTMOB_UTC_SCORE_NAME,1,True,True,,,,,False
UEFA-2048731,2026/27,UCL,2nd Qualifying Round,-1,-1,UEFA-TIE-2048717,2,True,True,False,2026-07-29,2026-07-29 17:00:00+00:00,178,AO-UEFA-64227,AO-UEFA-50019,Lech Poznań,Aarhus,2048731,64227,50019,1,4,0,3,UEFA_FIELD_SCORE_90_OR_120_EXCLUDES_SHOOTOUT,True,3,4,AO-UEFA-50019,,,,,,,,,False,False,,,FotMob,shot_based_expected_goals,,,,,IDENTITY_AMBIGUOUS,IDENTITY_AMBIGUOUS,,,,UEFA_MATCH_ID_VERIFIED_FOTMOB_UNRESOLVED,,True,True,,,,,False
UEFA-2048799,2026/27,UECL,2nd Qualifying Round,-1,-1,UEFA-TIE-2048799,2,True,True,False,2026-07-29,2026-07-29 17:00:00+00:00,179,AO-UEFA-52709,AO-UEFA-2613172,Copenhagen,Polissya,2048799,52709,2613172,2,1,1,1,UEFA_FIELD_SCORE_90_OR_120_EXCLUDES_SHOOTOUT,False,,,AO-UEFA-52709,1.86,1.48,3.34,0.38,0.5568862275,0.14,-0.48,1,True,True,1.86,1.48,FotMob,shot_based_expected_goals,90_minutes,True,False,True,ELIGIBLE_90,,5789227,https://www.fotmob.com/match/5789227,2026-08-19T10:41:29+00:00,UEFA_ID_PLUS_FOTMOB_UTC_SCORE_NAME,0.5831578947,True,True,,,,,False
UEFA-2048733,2026/27,UCL,2nd Qualifying Round,-1,-1,UEFA-TIE-2048719,2,True,True,False,2026-07-29,2026-07-29 17:30:00+00:00,180,AO-UEFA-2606501,AO-UEFA-50044,U. Craiova,Levski Sofia,2048733,2606501,50044,2,2,0.5,0,UEFA_FIELD_SCORE_90_OR_120_EXCLUDES_SHOOTOUT,False,,,AO-UEFA-50044,,,,,,,,,False,False,,,FotMob,shot_based_expected_goals,,,,,NO_PUBLIC_XG,NO_PUBLIC_XG,5787778,https://www.fotmob.com/match/5787778,2026-08-19T10:41:07+00:00,UEFA_ID_PLUS_FOTMOB_UTC_SCORE_NAME,0.8,True,True,,,,,False
UEFA-2048736,2026/27,UCL,2nd Qualifying Round,-1,-1,UEFA-TIE-2048722,2,True,True,False,2026-07-29,2026-07-29 17:30:00+00:00,181,AO-UEFA-59340,AO-UEFA-52697,H. Beer-Sheva,Víkingur R.,2048736,59340,52697,2,0,1,2,UEFA_FIELD_SCORE_90_OR_120_EXCLUDES_SHOOTOUT,False,,,AO-UEFA-59340,,,,,,,,,False,False,,,FotMob,shot_based_expected_goals,,,,,NO_PUBLIC_XG,NO_PUBLIC_XG,5787781,https://www.fotmob.com/match/5787781,2026-08-19T10:41:08+00:00,UEFA_ID_PLUS_FOTMOB_UTC_SCORE_NAME,0.7709359606,True,True,,,,,False
UEFA-2048728,2026/27,UCL,2nd Qualifying Round,-1,-1,UEFA-TIE-2048714,2,True,True,False,2026-07-29,2026-07-29 18:00:00+00:00,182,AO-UEFA-50069,AO-UEFA-85009,Crvena Zvezda,Larne,2048728,50069,85009,5,0,1,5,UEFA_FIELD_SCORE_90_OR_120_EXCLUDES_SHOOTOUT,False,,,AO-UEFA-50069,,,,,,,,,False,False,,,FotMob,shot_based_expected_goals,,,,,NO_PUBLIC_XG,NO_PUBLIC_XG,5787773,https://www.fotmob.com/match/5787773,2026-08-19T10:41:05+00:00,UEFA_ID_PLUS_FOTMOB_UTC_SCORE_NAME,1,True,True,,,,,False
UEFA-2048739,2026/27,UCL,2nd Qualifying Round,-1,-1,UEFA-TIE-2048725,2,True,True,False,2026-07-29,2026-07-29 18:00:00+00:00,183,AO-UEFA-50063,AO-UEFA-52692,Górnik Zabrze,Fenerbahçe,2048739,50063,52692,1,1,0.5,0,UEFA_FIELD_SCORE_90_OR_120_EXCLUDES_SHOOTOUT,False,,,AO-UEFA-52692,0.6,2.66,3.26,-2.06,0.1840490798,0.4,-1.66,0,True,True,0.6,2.66,FotMob,shot_based_expected_goals,90_minutes,True,False,True,ELIGIBLE_90,,5787787,https://www.fotmob.com/match/5787787,2026-08-19T10:41:09+00:00,UEFA_ID_PLUS_FOTMOB_UTC_SCORE_NAME,1,True,True,,,,,False
UEFA-2048737,2026/27,UCL,2nd Qualifying Round,-1,-1,UEFA-TIE-2048723,2,True,True,False,2026-07-29,2026-07-29 18:15:00+00:00,184,AO-UEFA-52797,AO-UEFA-2605905,S. Bratislava,Iberia Tbilisi,2048737,52797,2605905,1,1,0.5,0,UEFA_FIELD_SCORE_90_OR_120_EXCLUDES_SHOOTOUT,False,,,AO-UEFA-52797,,,,,,,,,False,False,,,FotMob,shot_based_expected_goals,,,,,NO_PUBLIC_XG,NO_PUBLIC_XG,5787782,https://www.fotmob.com/match/5787782,2026-08-19T10:41:08+00:00,UEFA_ID_PLUS_FOTMOB_UTC_SCORE_NAME,0.6937931034,True,True,,,,,False
UEFA-2048801,2026/27,UECL,2nd Qualifying Round,-1,-1,UEFA-TIE-2048801,2,True,True,False,2026-07-29,2026-07-29 18:30:00+00:00,185,AO-UEFA-50042,AO-UEFA-62180,SK Rapid,FC Santa Coloma,2048801,50042,62180,6,2,1,4,UEFA_FIELD_SCORE_90_OR_120_EXCLUDES_SHOOTOUT,False,,,AO-UEFA-50042,3.55,0.29,3.84,3.26,0.9244791667,2.45,1.71,1,True,True,3.55,0.29,FotMob,shot_based_expected_goals,90_minutes,True,False,True,ELIGIBLE_90,,5789229,https://www.fotmob.com/match/5789229,2026-08-19T10:41:30+00:00,UEFA_ID_PLUS_FOTMOB_UTC_SCORE_NAME,0.8333333333,True,True,,,,,False
UEFA-2048793,2026/27,UECL,2nd Qualifying Round,-1,-1,UEFA-TIE-2048793,2,True,True,False,2026-07-30,2026-07-30 14:00:00+00:00,186,AO-UEFA-79969,AO-UEFA-2608927,Tobol,Panevėžys,2048793,79969,2608927,1,1,0.5,0,UEFA_FIELD_SCORE_90_OR_120_EXCLUDES_SHOOTOUT,True,3,2,AO-UEFA-79969,,,,,,,,,False,False,,,FotMob,shot_based_expected_goals,,,,,NO_PUBLIC_XG,NO_PUBLIC_XG,5789221,https://www.fotmob.com/match/5789221,2026-08-19T10:41:27+00:00,UEFA_ID_PLUS_FOTMOB_UTC_SCORE_NAME,0.7631578947,True,True,,,,,False
UEFA-2048806,2026/27,UECL,2nd Qualifying Round,-1,-1,UEFA-TIE-2048806,2,True,True,False,2026-07-30,2026-07-30 14:00:00+00:00,187,AO-UEFA-88371,AO-UEFA-57482,At. Escaldes,Vaduz,2048806,88371,57482,0,2,0,2,UEFA_FIELD_SCORE_90_OR_120_EXCLUDES_SHOOTOUT,False,,,AO-UEFA-57482,,,,,,,,,False,False,,,FotMob,shot_based_expected_goals,,,,,NO_PUBLIC_XG,NO_PUBLIC_XG,5789234,https://www.fotmob.com/match/5789234,2026-08-19T10:41:32+00:00,UEFA_ID_PLUS_FOTMOB_UTC_SCORE_NAME,0.9074074074,True,True,,,,,False
UEFA-2048755,2026/27,UEL,2nd Qualifying Round,-1,-1,UEFA-TIE-2048747,2,True,True,False,2026-07-30,2026-07-30 16:00:00+00:00,188,AO-UEFA-57477,AO-UEFA-69606,M. Tel-Aviv,Sheriff,2048755,57477,69606,1,0,1,1,UEFA_FIELD_SCORE_90_OR_120_EXCLUDES_SHOOTOUT,False,,,AO-UEFA-57477,,,,,,,,,False,False,,,FotMob,shot_based_expected_goals,,,,,NO_PUBLIC_XG,NO_PUBLIC_XG,5788591,https://www.fotmob.com/match/5788591,2026-08-19T10:41:14+00:00,UEFA_ID_PLUS_FOTMOB_UTC_SCORE_NAME,0.8846153846,True,True,,,,,False
UEFA-2048769,2026/27,UECL,2nd Qualifying Round,-1,-1,UEFA-TIE-2048769,2,True,True,False,2026-07-30,2026-07-30 16:00:00+00:00,189,AO-UEFA-64161,AO-UEFA-2600288,Inter Turku,Başakşehir,2048769,64161,2600288,2,0,1,2,UEFA_FIELD_SCORE_90_OR_120_EXCLUDES_SHOOTOUT,False,,,AO-UEFA-64161,1.43,0.9,2.33,0.53,0.6137339056,0.57,-0.9,1,True,True,1.43,0.9,FotMob,shot_based_expected_goals,90_minutes,True,False,True,ELIGIBLE_90,,5789197,https://www.fotmob.com/match/5789197,2026-08-19T10:41:19+00:00,UEFA_ID_PLUS_FOTMOB_UTC_SCORE_NAME,1,True,True,,,,,False
UEFA-2048772,2026/27,UECL,2nd Qualifying Round,-1,-1,UEFA-TIE-2048772,2,True,True,False,2026-07-30,2026-07-30 16:00:00+00:00,190,AO-UEFA-79556,AO-UEFA-50065,Auda,FCSB,2048772,79556,50065,4,1,1,3,UEFA_FIELD_SCORE_90_OR_120_EXCLUDES_SHOOTOUT,False,,,AO-UEFA-79556,,,,,,,,,False,False,,,FotMob,shot_based_expected_goals,,,,,NO_PUBLIC_XG,NO_PUBLIC_XG,5789200,https://www.fotmob.com/match/5789200,2026-08-19T10:41:20+00:00,UEFA_ID_PLUS_FOTMOB_UTC_SCORE_NAME,1,True,True,,,,,False
UEFA-2048776,2026/27,UECL,2nd Qualifying Round,-1,-1,UEFA-TIE-2048776,2,True,True,False,2026-07-30,2026-07-30 16:00:00+00:00,191,AO-UEFA-77431,AO-UEFA-52958,Pyunik,Debrecen,2048776,77431,52958,0,0,0.5,0,UEFA_FIELD_SCORE_90_OR_120_EXCLUDES_SHOOTOUT,False,,,AO-UEFA-52958,1.33,1.79,3.12,-0.46,0.4262820513,-1.33,-1.79,0,True,True,1.33,1.79,FotMob,shot_based_expected_goals,90_minutes,True,False,True,ELIGIBLE_90,,5789204,https://www.fotmob.com/match/5789204,2026-08-19T10:41:22+00:00,UEFA_ID_PLUS_FOTMOB_UTC_SCORE_NAME,1,True,True,,,,,False
UEFA-2048780,2026/27,UECL,2nd Qualifying Round,-1,-1,UEFA-TIE-2048780,2,True,True,False,2026-07-30,2026-07-30 16:00:00+00:00,192,AO-UEFA-62169,AO-UEFA-60514,Jablonec,Varaždin,2048780,62169,60514,2,0,1,2,UEFA_FIELD_SCORE_90_OR_120_EXCLUDES_SHOOTOUT,False,,,AO-UEFA-62169,,,,,,,,,False,False,,,FotMob,shot_based_expected_goals,,,,,NO_PUBLIC_XG,NO_PUBLIC_XG,5888327,https://www.fotmob.com/match/5888327,2026-08-19T10:41:23+00:00,UEFA_ID_PLUS_FOTMOB_UTC_SCORE_NAME,1,True,True,,,,,False
UEFA-2048784,2026/27,UECL,2nd Qualifying Round,-1,-1,UEFA-TIE-2048784,2,True,True,False,2026-07-30,2026-07-30 16:00:00+00:00,193,AO-UEFA-2600371,AO-UEFA-53020,Kalju,Shelbourne,2048784,2600371,53020,2,1,1,1,UEFA_FIELD_SCORE_90_OR_120_EXCLUDES_SHOOTOUT,False,,,AO-UEFA-53020,,,,,,,,,False,False,,,FotMob,shot_based_expected_goals,,,,,NO_PUBLIC_XG,NO_PUBLIC_XG,5789212,https://www.fotmob.com/match/5789212,2026-08-19T10:41:24+00:00,UEFA_ID_PLUS_FOTMOB_UTC_SCORE_NAME,0.7631578947,True,True,,,,,False
UEFA-2048786,2026/27,UECL,2nd Qualifying Round,-1,-1,UEFA-TIE-2048786,2,True,True,False,2026-07-30,2026-07-30 16:00:00+00:00,194,AO-UEFA-2609987,AO-UEFA-59036,Noah,Zimbru,2048786,2609987,59036,2,1,1,1,UEFA_FIELD_SCORE_90_OR_120_EXCLUDES_SHOOTOUT,False,,,AO-UEFA-2609987,,,,,,,,,False,False,,,FotMob,shot_based_expected_goals,,,,,NO_PUBLIC_XG,NO_PUBLIC_XG,5789214,https://www.fotmob.com/match/5789214,2026-08-19T10:41:25+00:00,UEFA_ID_PLUS_FOTMOB_UTC_SCORE_NAME,1,True,True,,,,,False
UEFA-2048791,2026/27,UECL,2nd Qualifying Round,-1,-1,UEFA-TIE-2048791,2,True,True,False,2026-07-30,2026-07-30 16:00:00+00:00,195,AO-UEFA-2602511,AO-UEFA-52308,Ilves,Stjarnan,2048791,2602511,52308,2,1,1,1,UEFA_FIELD_SCORE_90_OR_120_EXCLUDES_SHOOTOUT,True,5,4,AO-UEFA-2602511,,,,,,,,,False,False,,,FotMob,shot_based_expected_goals,,,,,NO_PUBLIC_XG,NO_PUBLIC_XG,5789219,https://www.fotmob.com/match/5789219,2026-08-19T10:41:27+00:00,UEFA_ID_PLUS_FOTMOB_UTC_SCORE_NAME,1,True,True,,,,,False
UEFA-2048805,2026/27,UECL,2nd Qualifying Round,-1,-1,UEFA-TIE-2048805,2,True,True,False,2026-07-30,2026-07-30 16:00:00+00:00,196,AO-UEFA-2607480,AO-UEFA-2600598,Zire,Paide,2048805,2607480,2600598,1,1,0.5,0,UEFA_FIELD_SCORE_90_OR_120_EXCLUDES_SHOOTOUT,False,,,AO-UEFA-2600598,,,,,,,,,False,False,,,FotMob,shot_based_expected_goals,,,,,NO_PUBLIC_XG,NO_PUBLIC_XG,5789233,https://www.fotmob.com/match/5789233,2026-08-19T10:41:32+00:00,UEFA_ID_PLUS_FOTMOB_UTC_SCORE_NAME,0.5833333333,True,True,,,,,False
UEFA-2048778,2026/27,UECL,2nd Qualifying Round,-1,-1,UEFA-TIE-2048778,2,True,True,False,2026-07-30,2026-07-30 16:30:00+00:00,197,AO-UEFA-77482,AO-UEFA-50066,Levadia Tallinn,IFK Göteborg,2048778,77482,50066,1,3,0,2,UEFA_FIELD_SCORE_90_OR_120_EXCLUDES_SHOOTOUT,False,,,AO-UEFA-50066,,,,,,,,,False,False,,,FotMob,shot_based_expected_goals,,,,,NO_PUBLIC_XG,NO_PUBLIC_XG,5789206,https://www.fotmob.com/match/5789206,2026-08-19T10:41:22+00:00,UEFA_ID_PLUS_FOTMOB_UTC_SCORE_NAME,0.8181818182,True,True,,,,,False
UEFA-2048751,2026/27,UEL,2nd Qualifying Round,-1,-1,UEFA-TIE-2048743,2,True,True,False,2026-07-30,2026-07-30 17:00:00+00:00,198,AO-UEFA-59878,AO-UEFA-53001,Hradec Králové,Tromsø,2048751,59878,53001,3,1,1,2,UEFA_FIELD_SCORE_90_OR_120_EXCLUDES_SHOOTOUT,False,,,AO-UEFA-59878,,,,,,,,,False,False,,,FotMob,shot_based_expected_goals,,,,,NO_PUBLIC_XG,NO_PUBLIC_XG,5888325,https://www.fotmob.com/match/5888325,2026-08-19T10:41:13+00:00,UEFA_ID_PLUS_FOTMOB_UTC_SCORE_NAME,1,True,True,,,,,False
UEFA-2048753,2026/27,UEL,2nd Qualifying Round,-1,-1,UEFA-TIE-2048745,2,True,True,False,2026-07-30,2026-07-30 17:00:00+00:00,199,AO-UEFA-75795,AO-UEFA-50157,Midtjylland,Beşiktaş,2048753,75795,50157,0,2,0,2,UEFA_FIELD_SCORE_90_OR_120_EXCLUDES_SHOOTOUT,False,,,AO-UEFA-50157,1.28,1.88,3.16,-0.6,0.4050632911,-1.28,0.12,0,True,True,1.28,1.88,FotMob,shot_based_expected_goals,90_minutes,True,False,True,ELIGIBLE_90,,5788589,https://www.fotmob.com/match/5788589,2026-08-19T10:41:14+00:00,UEFA_ID_PLUS_FOTMOB_UTC_SCORE_NAME,1,True,True,,,,,False
UEFA-2048754,2026/27,UEL,2nd Qualifying Round,-1,-1,UEFA-TIE-2048746,2,True,True,False,2026-07-30,2026-07-30 17:00:00+00:00,200,AO-UEFA-2609532,AO-UEFA-52359,Pafos,Hajduk Split,2048754,2609532,52359,4,0,1,4,UEFA_FIELD_SCORE_90_OR_120_EXCLUDES_SHOOTOUT,False,,,AO-UEFA-2609532,,,,,,,,,False,False,,,FotMob,shot_based_expected_goals,,,,,NO_PUBLIC_XG,NO_PUBLIC_XG,5788590,https://www.fotmob.com/match/5788590,2026-08-19T10:41:14+00:00,UEFA_ID_PLUS_FOTMOB_UTC_SCORE_NAME,1,True,True,,,,,False
UEFA-2048762,2026/27,UECL,2nd Qualifying Round,-1,-1,UEFA-TIE-2048762,2,True,True,False,2026-07-30,2026-07-30 17:00:00+00:00,201,AO-UEFA-2607112,AO-UEFA-50104,Petrocub,Borac,2048762,2607112,50104,3,3,0.5,0,UEFA_FIELD_SCORE_90_OR_120_EXCLUDES_SHOOTOUT,False,,,AO-UEFA-50104,,,,,,,,,False,False,,,FotMob,shot_based_expected_goals,,,,,NO_PUBLIC_XG,NO_PUBLIC_XG,5789190,https://www.fotmob.com/match/5789190,2026-08-19T10:41:17+00:00,UEFA_ID_PLUS_FOTMOB_UTC_SCORE_NAME,0.6591478697,True,True,,,,,False
UEFA-2048763,2026/27,UECL,2nd Qualifying Round,-1,-1,UEFA-TIE-2048763,2,True,True,False,2026-07-30,2026-07-30 17:00:00+00:00,202,AO-UEFA-52287,AO-UEFA-2605351,Győri ETO,Atert Bissen,2048763,52287,2605351,1,1,0.5,0,UEFA_FIELD_SCORE_90_OR_120_EXCLUDES_SHOOTOUT,False,,,AO-UEFA-52287,2.24,1.11,3.35,1.13,0.6686567164,-1.24,-0.11,1,True,True,2.24,1.11,FotMob,shot_based_expected_goals,90_minutes,True,False,True,ELIGIBLE_90,,5789191,https://www.fotmob.com/match/5789191,2026-08-19T10:41:17+00:00,UEFA_ID_PLUS_FOTMOB_UTC_SCORE_NAME,1,True,True,,,,,False
UEFA-2048777,2026/27,UECL,2nd Qualifying Round,-1,-1,UEFA-TIE-2048777,2,True,True,False,2026-07-30,2026-07-30 17:00:00+00:00,203,AO-UEFA-79940,AO-UEFA-91862,Nordsjælland,GAIS,2048777,79940,91862,6,0,1,6,UEFA_FIELD_SCORE_90_OR_120_EXCLUDES_SHOOTOUT,False,,,AO-UEFA-79940,2.95,0.54,3.49,2.41,0.8452722063,3.05,-0.54,1,True,True,2.95,0.54,FotMob,shot_based_expected_goals,90_minutes,True,False,True,ELIGIBLE_90,,5789205,https://www.fotmob.com/match/5789205,2026-08-19T10:41:22+00:00,UEFA_ID_PLUS_FOTMOB_UTC_SCORE_NAME,1,True,True,,,,,False
UEFA-2048783,2026/27,UECL,2nd Qualifying Round,-1,-1,UEFA-TIE-2048783,2,True,True,False,2026-07-30,2026-07-30 17:00:00+00:00,204,AO-UEFA-52770,AO-UEFA-53025,Brann,U. Cluj,2048783,52770,53025,3,1,1,2,UEFA_FIELD_SCORE_90_OR_120_EXCLUDES_SHOOTOUT,False,,,AO-UEFA-52770,,,,,,,,,False,False,,,FotMob,shot_based_expected_goals,,,,,NO_PUBLIC_XG,NO_PUBLIC_XG,5789211,https://www.fotmob.com/match/5789211,2026-08-19T10:41:24+00:00,UEFA_ID_PLUS_FOTMOB_UTC_SCORE_NAME,0.75,True,True,,,,,False
UEFA-2048787,2026/27,UECL,2nd Qualifying Round,-1,-1,UEFA-TIE-2048787,2,True,True,False,2026-07-30,2026-07-30 17:00:00+00:00,205,AO-UEFA-2602334,AO-UEFA-52705,Žalgiris,Dinamo Tbilisi,2048787,2602334,52705,7,2,1,5,UEFA_FIELD_SCORE_90_OR_120_EXCLUDES_SHOOTOUT,False,,,AO-UEFA-2602334,,,,,,,,,False,False,,,FotMob,shot_based_expected_goals,,,,,NO_PUBLIC_XG,NO_PUBLIC_XG,5789215,https://www.fotmob.com/match/5789215,2026-08-19T10:41:26+00:00,UEFA_ID_PLUS_FOTMOB_UTC_SCORE_NAME,0.8333333333,True,True,,,,,False
UEFA-2048789,2026/27,UECL,2nd Qualifying Round,-1,-1,UEFA-TIE-2048789,2,True,True,False,2026-07-30,2026-07-30 17:00:00+00:00,206,AO-UEFA-50163,AO-UEFA-50156,Velež,DAC 1904,2048789,50163,50156,0,3,0,3,UEFA_FIELD_SCORE_90_OR_120_EXCLUDES_SHOOTOUT,False,,,AO-UEFA-50156,,,,,,,,,False,False,,,FotMob,shot_based_expected_goals,,,,,IDENTITY_AMBIGUOUS,IDENTITY_AMBIGUOUS,,,,UEFA_MATCH_ID_VERIFIED_FOTMOB_UNRESOLVED,,True,True,,,,,False
UEFA-2048792,2026/27,UECL,2nd Qualifying Round,-1,-1,UEFA-TIE-2048792,2,True,True,False,2026-07-30,2026-07-30 17:00:00+00:00,207,AO-UEFA-59025,AO-UEFA-53035,H. Bóltfelag,Motherwell,2048792,59025,53035,0,3,0,3,UEFA_FIELD_SCORE_90_OR_120_EXCLUDES_SHOOTOUT,False,,,AO-UEFA-53035,,,,,,,,,False,False,,,FotMob,shot_based_expected_goals,,,,,NO_PUBLIC_XG,NO_PUBLIC_XG,5789220,https://www.fotmob.com/match/5789220,2026-08-19T10:41:27+00:00,UEFA_ID_PLUS_FOTMOB_UTC_SCORE_NAME,0.6818181818,True,True,,,,,False
UEFA-2048795,2026/27,UECL,2nd Qualifying Round,-1,-1,UEFA-TIE-2048795,2,True,True,False,2026-07-30,2026-07-30 17:00:00+00:00,208,AO-UEFA-50161,AO-UEFA-59890,Dinamo-Minsk,Neftchi,2048795,50161,59890,0,1,0,1,UEFA_FIELD_SCORE_90_OR_120_EXCLUDES_SHOOTOUT,False,,,AO-UEFA-50161,,,,,,,,,False,False,,,FotMob,shot_based_expected_goals,,,,,NO_PUBLIC_XG,NO_PUBLIC_XG,5789223,https://www.fotmob.com/match/5789223,2026-08-19T10:41:28+00:00,UEFA_ID_PLUS_FOTMOB_UTC_SCORE_NAME,1,True,True,,,,,False
UEFA-2048765,2026/27,UECL,2nd Qualifying Round,-1,-1,UEFA-TIE-2048765,2,True,True,False,2026-07-30,2026-07-30 17:30:00+00:00,209,AO-UEFA-60457,AO-UEFA-59341,The New Saints,Flora Tallinn,2048765,60457,59341,1,0,1,1,UEFA_FIELD_SCORE_90_OR_120_EXCLUDES_SHOOTOUT,True,2,4,AO-UEFA-59341,,,,,,,,,False,False,,,FotMob,shot_based_expected_goals,,,,,NO_PUBLIC_XG,NO_PUBLIC_XG,5789193,https://www.fotmob.com/match/5789193,2026-08-19T10:41:18+00:00,UEFA_ID_PLUS_FOTMOB_UTC_SCORE_NAME,1,True,True,,,,,False
UEFA-2048768,2026/27,UECL,2nd Qualifying Round,-1,-1,UEFA-TIE-2048768,2,True,True,False,2026-07-30,2026-07-30 17:30:00+00:00,210,AO-UEFA-50086,AO-UEFA-52356,Derry,Rijeka,2048768,50086,52356,0,1,0,1,UEFA_FIELD_SCORE_90_OR_120_EXCLUDES_SHOOTOUT,False,,,AO-UEFA-52356,,,,,,,,,False,False,,,FotMob,shot_based_expected_goals,,,,,NO_PUBLIC_XG,NO_PUBLIC_XG,5789196,https://www.fotmob.com/match/5789196,2026-08-19T10:41:19+00:00,UEFA_ID_PLUS_FOTMOB_UTC_SCORE_NAME,0.8333333333,True,True,,,,,False
UEFA-2048774,2026/27,UECL,2nd Qualifying Round,-1,-1,UEFA-TIE-2048774,2,True,True,False,2026-07-30,2026-07-30 17:30:00+00:00,211,AO-UEFA-52641,AO-UEFA-60566,Valletta,Raków,2048774,52641,60566,0,4,0,4,UEFA_FIELD_SCORE_90_OR_120_EXCLUDES_SHOOTOUT,False,,,AO-UEFA-60566,,,,,,,,,False,False,,,FotMob,shot_based_expected_goals,,,,,NO_PUBLIC_XG,NO_PUBLIC_XG,5789202,https://www.fotmob.com/match/5789202,2026-08-19T10:41:21+00:00,UEFA_ID_PLUS_FOTMOB_UTC_SCORE_NAME,0.7272727273,True,True,,,,,False
UEFA-2048809,2026/27,UECL,2nd Qualifying Round,-1,-1,UEFA-TIE-2048760,2,True,True,False,2026-07-30,2026-07-30 17:30:00+00:00,212,AO-UEFA-59034,AO-UEFA-54191,Beitar,AEK Larnaca,2048809,59034,54191,2,3,0,1,UEFA_FIELD_SCORE_90_OR_120_EXCLUDES_SHOOTOUT,True,4,3,AO-UEFA-59034,,,,,,,,,False,False,,,FotMob,shot_based_expected_goals,,,,,NO_PUBLIC_XG,NO_PUBLIC_XG,5789237,https://www.fotmob.com/match/5789237,2026-08-19T10:41:33+00:00,UEFA_ID_PLUS_FOTMOB_UTC_SCORE_NAME,0.7727272727,True,True,,,,,False
UEFA-2048758,2026/27,UEL,2nd Qualifying Round,-1,-1,UEFA-TIE-2048757,2,True,True,False,2026-07-30,2026-07-30 17:45:00+00:00,213,AO-UEFA-50130,AO-UEFA-52723,PAOK,Dynamo Kyiv,2048758,50130,52723,2,0,1,2,UEFA_FIELD_SCORE_90_OR_120_EXCLUDES_SHOOTOUT,False,,,AO-UEFA-50130,0.59,0.53,1.12,0.06,0.5267857143,1.41,-0.53,1,True,True,0.59,0.53,FotMob,shot_based_expected_goals,90_minutes,True,False,True,ELIGIBLE_90,,5788593,https://www.fotmob.com/match/5788593,2026-08-19T10:41:15+00:00,UEFA_ID_PLUS_FOTMOB_UTC_SCORE_NAME,0.6904761905,True,True,,,,,False
UEFA-2048750,2026/27,UEL,2nd Qualifying Round,-1,-1,UEFA-TIE-2048742,2,True,True,False,2026-07-30,2026-07-30 18:00:00+00:00,214,AO-UEFA-2608297,AO-UEFA-60609,CSKA Sofia,Qarabağ,2048750,2608297,60609,0,0,0.5,0,UEFA_FIELD_SCORE_90_OR_120_EXCLUDES_SHOOTOUT,True,5,4,AO-UEFA-2608297,0.84,1.96,2.8,-1.12,0.3,-0.84,-1.96,0,True,True,0.84,1.96,FotMob,shot_based_expected_goals,120_minutes_including_extra_time,True,True,True,ELIGIBLE_120,,5788586,https://www.fotmob.com/match/5788586,2026-08-19T10:41:13+00:00,UEFA_ID_PLUS_FOTMOB_UTC_SCORE_NAME,1,True,True,,,,,False
UEFA-2048773,2026/27,UECL,2nd Qualifying Round,-1,-1,UEFA-TIE-2048773,2,True,True,False,2026-07-30,2026-07-30 18:00:00+00:00,215,AO-UEFA-2610384,AO-UEFA-2609104,Vestri,RFS,2048773,2610384,2609104,1,1,0.5,0,UEFA_FIELD_SCORE_90_OR_120_EXCLUDES_SHOOTOUT,False,,,AO-UEFA-2609104,,,,,,,,,False,False,,,FotMob,shot_based_expected_goals,,,,,NO_PUBLIC_XG,NO_PUBLIC_XG,5789201,https://www.fotmob.com/match/5789201,2026-08-19T10:41:21+00:00,UEFA_ID_PLUS_FOTMOB_UTC_SCORE_NAME,1,True,True,,,,,False
UEFA-2048782,2026/27,UECL,2nd Qualifying Round,-1,-1,UEFA-TIE-2048782,2,True,True,False,2026-07-30,2026-07-30 18:00:00+00:00,216,AO-UEFA-75807,AO-UEFA-2607248,Shkëndija,Bravo,2048782,75807,2607248,3,1,1,2,UEFA_FIELD_SCORE_90_OR_120_EXCLUDES_SHOOTOUT,False,,,AO-UEFA-75807,,,,,,,,,False,False,,,FotMob,shot_based_expected_goals,,,,,NO_PUBLIC_XG,NO_PUBLIC_XG,5789210,https://www.fotmob.com/match/5789210,2026-08-19T10:41:24+00:00,UEFA_ID_PLUS_FOTMOB_UTC_SCORE_NAME,0.9285714286,True,True,,,,,False
UEFA-2048798,2026/27,UECL,2nd Qualifying Round,-1,-1,UEFA-TIE-2048798,2,True,True,False,2026-07-30,2026-07-30 18:00:00+00:00,217,AO-UEFA-50143,AO-UEFA-52810,Ajax,Vojvodina,2048798,50143,52810,4,1,1,3,UEFA_FIELD_SCORE_90_OR_120_EXCLUDES_SHOOTOUT,False,,,AO-UEFA-50143,3.66,0.24,3.9,3.42,0.9384615385,0.34,0.76,1,True,True,3.66,0.24,FotMob,shot_based_expected_goals,90_minutes,True,False,True,ELIGIBLE_90,,5789226,https://www.fotmob.com/match/5789226,2026-08-19T10:41:29+00:00,UEFA_ID_PLUS_FOTMOB_UTC_SCORE_NAME,1,True,True,,,,,False
UEFA-2048802,2026/27,UECL,2nd Qualifying Round,-1,-1,UEFA-TIE-2048802,2,True,True,False,2026-07-30,2026-07-30 18:00:00+00:00,218,AO-UEFA-2603104,AO-UEFA-59869,Ludogorets,H. Tel-Aviv,2048802,2603104,59869,2,2,0.5,0,UEFA_FIELD_SCORE_90_OR_120_EXCLUDES_SHOOTOUT,False,,,AO-UEFA-59869,,,,,,,,,False,False,,,FotMob,shot_based_expected_goals,,,,,NO_PUBLIC_XG,NO_PUBLIC_XG,5789230,https://www.fotmob.com/match/5789230,2026-08-19T10:41:30+00:00,UEFA_ID_PLUS_FOTMOB_UTC_SCORE_NAME,0.7571428571,True,True,,,,,False
UEFA-2048804,2026/27,UECL,2nd Qualifying Round,-1,-1,UEFA-TIE-2048804,2,True,True,False,2026-07-30,2026-07-30 18:00:00+00:00,219,AO-UEFA-2609552,AO-UEFA-52375,Ballkani,Bohemians,2048804,2609552,52375,3,2,1,1,UEFA_FIELD_SCORE_90_OR_120_EXCLUDES_SHOOTOUT,True,4,5,AO-UEFA-52375,,,,,,,,,False,False,,,FotMob,shot_based_expected_goals,,,,,NO_PUBLIC_XG,NO_PUBLIC_XG,5789232,https://www.fotmob.com/match/5789232,2026-08-19T10:41:31+00:00,UEFA_ID_PLUS_FOTMOB_UTC_SCORE_NAME,0.9705882353,True,True,,,,,False
UEFA-2048790,2026/27,UECL,2nd Qualifying Round,-1,-1,UEFA-TIE-2048790,2,True,True,False,2026-07-30,2026-07-30 18:15:00+00:00,220,AO-UEFA-52824,AO-UEFA-66168,Sion,BATE,2048790,52824,66168,4,0,1,4,UEFA_FIELD_SCORE_90_OR_120_EXCLUDES_SHOOTOUT,False,,,AO-UEFA-52824,2.47,0.14,2.61,2.33,0.9463601533,1.53,-0.14,1,True,True,2.47,0.14,FotMob,shot_based_expected_goals,90_minutes,True,False,True,ELIGIBLE_90,,5789218,https://www.fotmob.com/match/5789218,2026-08-19T10:41:26+00:00,UEFA_ID_PLUS_FOTMOB_UTC_SCORE_NAME,0.75,True,True,,,,,False
UEFA-2048810,2026/27,UECL,2nd Qualifying Round,-1,-1,UEFA-TIE-2048761,2,True,True,False,2026-07-30,2026-07-30 18:15:00+00:00,221,AO-UEFA-2603092,AO-UEFA-50162,UNA Strassen,Partizan,2048810,2603092,50162,0,1,0,1,UEFA_FIELD_SCORE_90_OR_120_EXCLUDES_SHOOTOUT,False,,,AO-UEFA-50162,,,,,,,,,False,False,,,FotMob,shot_based_expected_goals,,,,,NO_PUBLIC_XG,NO_PUBLIC_XG,5789238,https://www.fotmob.com/match/5789238,2026-08-19T10:41:34+00:00,UEFA_ID_PLUS_FOTMOB_UTC_SCORE_NAME,0.8333333333,True,True,,,,,False
UEFA-2048749,2026/27,UEL,2nd Qualifying Round,-1,-1,UEFA-TIE-2048741,2,True,True,False,2026-07-30,2026-07-30 18:30:00+00:00,222,AO-UEFA-50074,AO-UEFA-52343,Anderlecht,Hammarby,2048749,50074,52343,3,1,1,2,UEFA_FIELD_SCORE_90_OR_120_EXCLUDES_SHOOTOUT,False,,,AO-UEFA-50074,,,,,,,,,False,False,,,FotMob,shot_based_expected_goals,,,,,NO_PUBLIC_XG,NO_PUBLIC_XG,5788585,https://www.fotmob.com/match/5788585,2026-08-19T10:41:12+00:00,UEFA_ID_PLUS_FOTMOB_UTC_SCORE_NAME,1,True,True,,,,,False
UEFA-2048752,2026/27,UEL,2nd Qualifying Round,-1,-1,UEFA-TIE-2048744,2,True,True,False,2026-07-30,2026-07-30 18:30:00+00:00,223,AO-UEFA-52298,AO-UEFA-52818,Ferencváros,Twente,2048752,52298,52818,2,2,0.5,0,UEFA_FIELD_SCORE_90_OR_120_EXCLUDES_SHOOTOUT,False,,,AO-UEFA-52298,1.76,1.31,3.07,0.45,0.5732899023,0.24,0.69,1,True,True,1.76,1.31,FotMob,shot_based_expected_goals,90_minutes,True,False,True,ELIGIBLE_90,,5788588,https://www.fotmob.com/match/5788588,2026-08-19T10:41:13+00:00,UEFA_ID_PLUS_FOTMOB_UTC_SCORE_NAME,1,True,True,,,,,False
UEFA-2048775,2026/27,UECL,2nd Qualifying Round,-1,-1,UEFA-TIE-2048775,2,True,True,False,2026-07-30,2026-07-30 18:30:00+00:00,224,AO-UEFA-50110,AO-UEFA-2606320,Austria Wien,Liepāja,2048775,50110,2606320,3,1,1,2,UEFA_FIELD_SCORE_90_OR_120_EXCLUDES_SHOOTOUT,False,,,AO-UEFA-50110,3.06,0.55,3.61,2.51,0.8476454294,-0.06,0.45,1,True,True,3.06,0.55,FotMob,shot_based_expected_goals,90_minutes,True,False,True,ELIGIBLE_90,,5789203,https://www.fotmob.com/match/5789203,2026-08-19T10:41:21+00:00,UEFA_ID_PLUS_FOTMOB_UTC_SCORE_NAME,1,True,True,,,,,False
UEFA-2048779,2026/27,UECL,2nd Qualifying Round,-1,-1,UEFA-TIE-2048779,2,True,True,False,2026-07-30,2026-07-30 18:30:00+00:00,225,AO-UEFA-50145,AO-UEFA-61601,Katowice,Žilina,2048779,50145,61601,3,1,1,2,UEFA_FIELD_SCORE_90_OR_120_EXCLUDES_SHOOTOUT,False,,,AO-UEFA-50145,,,,,,,,,False,False,,,FotMob,shot_based_expected_goals,,,,,NO_PUBLIC_XG,NO_PUBLIC_XG,5789207,https://www.fotmob.com/match/5789207,2026-08-19T10:41:23+00:00,UEFA_ID_PLUS_FOTMOB_UTC_SCORE_NAME,0.9,True,True,,,,,False
UEFA-2048785,2026/27,UECL,2nd Qualifying Round,-1,-1,UEFA-TIE-2048785,2,True,True,False,2026-07-30,2026-07-30 18:30:00+00:00,226,AO-UEFA-73390,AO-UEFA-50057,Zrinjski,Valur,2048785,73390,50057,2,2,0.5,0,UEFA_FIELD_SCORE_90_OR_120_EXCLUDES_SHOOTOUT,False,,,AO-UEFA-50057,,,,,,,,,False,False,,,FotMob,shot_based_expected_goals,,,,,NO_PUBLIC_XG,NO_PUBLIC_XG,5789213,https://www.fotmob.com/match/5789213,2026-08-19T10:41:25+00:00,UEFA_ID_PLUS_FOTMOB_UTC_SCORE_NAME,0.847826087,True,True,,,,,False
UEFA-2048796,2026/27,UECL,2nd Qualifying Round,-1,-1,UEFA-TIE-2048796,2,True,True,False,2026-07-30,2026-07-30 18:30:00+00:00,227,AO-UEFA-50084,AO-UEFA-93452,Panathinaikos,Paksi,2048796,50084,93452,2,2,0.5,0,UEFA_FIELD_SCORE_90_OR_120_EXCLUDES_SHOOTOUT,False,,,AO-UEFA-50084,1.73,0.43,2.16,1.3,0.8009259259,0.27,1.57,1,True,True,1.73,0.43,FotMob,shot_based_expected_goals,90_minutes,True,False,True,ELIGIBLE_90,,5789224,https://www.fotmob.com/match/5789224,2026-08-19T10:41:29+00:00,UEFA_ID_PLUS_FOTMOB_UTC_SCORE_NAME,0.8846153846,True,True,,,,,False
UEFA-2048800,2026/27,UECL,2nd Qualifying Round,-1,-1,UEFA-TIE-2048800,2,True,True,False,2026-07-30,2026-07-30 18:30:00+00:00,228,AO-UEFA-4608,AO-UEFA-2612107,Gent,LNZ Cherkasy,2048800,4608,2612107,0,0,0.5,0,UEFA_FIELD_SCORE_90_OR_120_EXCLUDES_SHOOTOUT,True,4,2,AO-UEFA-4608,,,,,,,,,False,False,,,FotMob,shot_based_expected_goals,,,,,NO_PUBLIC_XG,NO_PUBLIC_XG,5789228,https://www.fotmob.com/match/5789228,2026-08-19T10:41:30+00:00,UEFA_ID_PLUS_FOTMOB_UTC_SCORE_NAME,1,True,True,,,,,False
UEFA-2048803,2026/27,UECL,2nd Qualifying Round,-1,-1,UEFA-TIE-2048803,2,True,True,False,2026-07-30,2026-07-30 18:30:00+00:00,229,AO-UEFA-88131,AO-UEFA-2605268,CFR Cluj,Alashkert,2048803,88131,2605268,3,0,1,3,UEFA_FIELD_SCORE_90_OR_120_EXCLUDES_SHOOTOUT,False,,,AO-UEFA-88131,,,,,,,,,False,False,,,FotMob,shot_based_expected_goals,,,,,NO_PUBLIC_XG,NO_PUBLIC_XG,5789231,https://www.fotmob.com/match/5789231,2026-08-19T10:41:31+00:00,UEFA_ID_PLUS_FOTMOB_UTC_SCORE_NAME,1,True,True,,,,,False
UEFA-2048771,2026/27,UECL,2nd Qualifying Round,-1,-1,UEFA-TIE-2048771,2,True,True,False,2026-07-30,2026-07-30 18:45:00+00:00,230,AO-UEFA-52377,AO-UEFA-50052,Coleraine,HJK,2048771,52377,50052,0,3,0,3,UEFA_FIELD_SCORE_90_OR_120_EXCLUDES_SHOOTOUT,False,,,AO-UEFA-50052,,,,,,,,,False,False,,,FotMob,shot_based_expected_goals,,,,,NO_PUBLIC_XG,NO_PUBLIC_XG,5789199,https://www.fotmob.com/match/5789199,2026-08-19T10:41:20+00:00,UEFA_ID_PLUS_FOTMOB_UTC_SCORE_NAME,1,True,True,,,,,False
UEFA-2048808,2026/27,UECL,2nd Qualifying Round,-1,-1,UEFA-TIE-2048759,2,True,True,False,2026-07-30,2026-07-30 18:45:00+00:00,231,AO-UEFA-69617,AO-UEFA-64150,Koper,Runavík,2048808,69617,64150,1,3,0,2,UEFA_FIELD_SCORE_90_OR_120_EXCLUDES_SHOOTOUT,True,3,4,AO-UEFA-64150,,,,,,,,,False,False,,,FotMob,shot_based_expected_goals,,,,,NO_PUBLIC_XG,NO_PUBLIC_XG,5789236,https://www.fotmob.com/match/5789236,2026-08-19T10:41:33+00:00,UEFA_ID_PLUS_FOTMOB_UTC_SCORE_NAME,0.8888888889,True,True,,,,,False
UEFA-2048756,2026/27,UEL,2nd Qualifying Round,-1,-1,UEFA-TIE-2048748,2,True,True,False,2026-07-30,2026-07-30 19:00:00+00:00,232,AO-UEFA-50147,AO-UEFA-51151,Benfica,St. Gallen,2048756,50147,51151,5,0,1,5,UEFA_FIELD_SCORE_90_OR_120_EXCLUDES_SHOOTOUT,False,,,AO-UEFA-50147,4.01,1.04,5.05,2.97,0.7940594059,0.99,-1.04,1,True,True,4.01,1.04,FotMob,shot_based_expected_goals,90_minutes,True,False,True,ELIGIBLE_90,,5788592,https://www.fotmob.com/match/5788592,2026-08-19T10:41:15+00:00,UEFA_ID_PLUS_FOTMOB_UTC_SCORE_NAME,1,True,True,,,,,False
UEFA-2048764,2026/27,UECL,2nd Qualifying Round,-1,-1,UEFA-TIE-2048764,2,True,True,False,2026-07-30,2026-07-30 19:00:00+00:00,233,AO-UEFA-73936,AO-UEFA-2613945,Sutjeska,ML Vitebsk,2048764,73936,2613945,1,2,0,1,UEFA_FIELD_SCORE_90_OR_120_EXCLUDES_SHOOTOUT,False,,,AO-UEFA-2613945,,,,,,,,,False,False,,,FotMob,shot_based_expected_goals,,,,,NO_PUBLIC_XG,NO_PUBLIC_XG,5789192,https://www.fotmob.com/match/5789192,2026-08-19T10:41:18+00:00,UEFA_ID_PLUS_FOTMOB_UTC_SCORE_NAME,1,True,True,,,,,False
UEFA-2048788,2026/27,UECL,2nd Qualifying Round,-1,-1,UEFA-TIE-2048788,2,True,True,False,2026-07-30,2026-07-30 19:00:00+00:00,234,AO-UEFA-52792,AO-UEFA-77916,Dinamo City,Aluminij,2048788,52792,77916,3,0,1,3,UEFA_FIELD_SCORE_90_OR_120_EXCLUDES_SHOOTOUT,False,,,AO-UEFA-52792,,,,,,,,,False,False,,,FotMob,shot_based_expected_goals,,,,,NO_PUBLIC_XG,NO_PUBLIC_XG,5789216,https://www.fotmob.com/match/5789216,2026-08-19T10:41:26+00:00,UEFA_ID_PLUS_FOTMOB_UTC_SCORE_NAME,1,True,True,,,,,False
UEFA-2048794,2026/27,UECL,2nd Qualifying Round,-1,-1,UEFA-TIE-2048794,2,True,True,False,2026-07-30,2026-07-30 19:00:00+00:00,235,AO-UEFA-52821,AO-UEFA-2611789,Hibernian,Malisheva,2048794,52821,2611789,4,1,1,3,UEFA_FIELD_SCORE_90_OR_120_EXCLUDES_SHOOTOUT,False,,,AO-UEFA-52821,,,,,,,,,False,False,,,FotMob,shot_based_expected_goals,,,,,NO_PUBLIC_XG,NO_PUBLIC_XG,5789222,https://www.fotmob.com/match/5789222,2026-08-19T10:41:28+00:00,UEFA_ID_PLUS_FOTMOB_UTC_SCORE_NAME,1,True,True,,,,,False
UEFA-2048797,2026/27,UECL,2nd Qualifying Round,-1,-1,UEFA-TIE-2048797,2,True,True,False,2026-07-30,2026-07-30 19:00:00+00:00,236,AO-UEFA-52336,AO-UEFA-77924,Braga,Ž. Pančevo,2048797,52336,77924,4,0,1,4,UEFA_FIELD_SCORE_90_OR_120_EXCLUDES_SHOOTOUT,False,,,AO-UEFA-52336,,,,,,,,,False,False,,,FotMob,shot_based_expected_goals,,,,,NO_PUBLIC_XG,NO_PUBLIC_XG,5789225,https://www.fotmob.com/match/5789225,2026-08-19T10:41:29+00:00,UEFA_ID_PLUS_FOTMOB_UTC_SCORE_NAME,0.8333333333,True,True,,,,,False
UEFA-2049100,2026/27,UCL,3rd Qualifying Round,-1,-1,UEFA-TIE-2049100,1,False,True,False,2026-08-04,2026-08-04 16:00:00+00:00,237,AO-UEFA-74233,AO-UEFA-52797,Mjällby,S. Bratislava,2049100,74233,52797,1,2,0,1,UEFA_FIELD_SCORE_90_OR_120_EXCLUDES_SHOOTOUT,False,,,,,,,,,,,,False,False,,,FotMob,shot_based_expected_goals,,,,,NO_PUBLIC_XG,NO_PUBLIC_XG,5954863,https://www.fotmob.com/match/5954863,2026-08-19T10:41:50+00:00,UEFA_ID_PLUS_FOTMOB_UTC_SCORE_NAME,0.9137931034,True,True,,,,,False
UEFA-2049103,2026/27,UCL,3rd Qualifying Round,-1,-1,UEFA-TIE-2049103,1,False,True,False,2026-08-04,2026-08-04 16:00:00+00:00,238,AO-UEFA-2610304,AO-UEFA-59030,Ararat-Armenia,Celje,2049103,2610304,59030,2,1,1,1,UEFA_FIELD_SCORE_90_OR_120_EXCLUDES_SHOOTOUT,False,,,,,,,,,,,,False,False,,,FotMob,shot_based_expected_goals,,,,,NO_PUBLIC_XG,NO_PUBLIC_XG,5954866,https://www.fotmob.com/match/5954866,2026-08-19T10:41:51+00:00,UEFA_ID_PLUS_FOTMOB_UTC_SCORE_NAME,1,True,True,,,,,False
UEFA-2049154,2026/27,UECL,3rd Qualifying Round,-1,-1,UEFA-TIE-2049154,1,False,True,False,2026-08-04,2026-08-04 16:00:00+00:00,239,AO-UEFA-79556,AO-UEFA-52792,Auda,Dinamo City,2049154,79556,52792,1,0,1,1,UEFA_FIELD_SCORE_90_OR_120_EXCLUDES_SHOOTOUT,False,,,,,,,,,,,,False,False,,,FotMob,shot_based_expected_goals,,,,,NO_PUBLIC_XG,NO_PUBLIC_XG,5955328,https://www.fotmob.com/match/5955328,2026-08-19T10:42:09+00:00,UEFA_ID_PLUS_FOTMOB_UTC_SCORE_NAME,1,True,True,,,,,False
UEFA-2049101,2026/27,UCL,3rd Qualifying Round,-1,-1,UEFA-TIE-2049101,1,False,True,False,2026-08-04,2026-08-04 17:30:00+00:00,240,AO-UEFA-50044,AO-UEFA-79970,Levski Sofia,Kairat Almaty,2049101,50044,79970,1,0,1,1,UEFA_FIELD_SCORE_90_OR_120_EXCLUDES_SHOOTOUT,False,,,,,,,,,,,,False,False,,,FotMob,shot_based_expected_goals,,,,,NO_PUBLIC_XG,NO_PUBLIC_XG,5954864,https://www.fotmob.com/match/5954864,2026-08-19T10:41:50+00:00,UEFA_ID_PLUS_FOTMOB_UTC_SCORE_NAME,1,True,True,,,,,False
UEFA-2049104,2026/27,UCL,3rd Qualifying Round,-1,-1,UEFA-TIE-2049104,1,False,True,False,2026-08-04,2026-08-04 17:30:00+00:00,241,AO-UEFA-59340,AO-UEFA-50069,H. Beer-Sheva,Crvena Zvezda,2049104,59340,50069,1,0,1,1,UEFA_FIELD_SCORE_90_OR_120_EXCLUDES_SHOOTOUT,False,,,,,,,,,,,,False,False,,,FotMob,shot_based_expected_goals,,,,,NO_PUBLIC_XG,NO_PUBLIC_XG,5954867,https://www.fotmob.com/match/5954867,2026-08-19T10:41:51+00:00,UEFA_ID_PLUS_FOTMOB_UTC_SCORE_NAME,0.9137931034,True,True,,,,,False
UEFA-2049099,2026/27,UCL,3rd Qualifying Round,-1,-1,UEFA-TIE-2049099,1,False,True,False,2026-08-04,2026-08-04 18:00:00+00:00,242,AO-UEFA-50164,AO-UEFA-2605907,GNK Dinamo,Kauno Žalgiris,2049099,50164,2605907,5,0,1,5,UEFA_FIELD_SCORE_90_OR_120_EXCLUDES_SHOOTOUT,False,,,,,,,,,,,,False,False,,,FotMob,shot_based_expected_goals,,,,,NO_PUBLIC_XG,NO_PUBLIC_XG,5954862,https://www.fotmob.com/match/5954862,2026-08-19T10:41:50+00:00,UEFA_ID_PLUS_FOTMOB_UTC_SCORE_NAME,0.7608695652,True,True,,,,,False
UEFA-2049105,2026/27,UCL,3rd Qualifying Round,-1,-1,UEFA-TIE-2049105,1,False,True,False,2026-08-04,2026-08-04 18:00:00+00:00,243,AO-UEFA-2610,AO-UEFA-52330,Olympiacos,N.E.C.,2049105,2610,52330,0,0,0.5,0,UEFA_FIELD_SCORE_90_OR_120_EXCLUDES_SHOOTOUT,False,,,,0.59,1.36,1.95,-0.77,0.3025641026,-0.59,-1.36,0,True,True,0.59,1.36,FotMob,shot_based_expected_goals,90_minutes,True,False,True,ELIGIBLE_90,,5954868,https://www.fotmob.com/match/5954868,2026-08-19T10:41:51+00:00,UEFA_ID_PLUS_FOTMOB_UTC_SCORE_NAME,0.6764705882,True,True,,,,,False
UEFA-2049106,2026/27,UCL,3rd Qualifying Round,-1,-1,UEFA-TIE-2049106,1,False,True,False,2026-08-04,2026-08-04 18:00:00+00:00,244,AO-UEFA-64125,AO-UEFA-59333,Union SG,Bodø/Glimt,2049106,64125,59333,3,3,0.5,0,UEFA_FIELD_SCORE_90_OR_120_EXCLUDES_SHOOTOUT,False,,,,,,,,,,,,False,False,,,FotMob,shot_based_expected_goals,,,,,NO_PUBLIC_XG,NO_PUBLIC_XG,5954869,https://www.fotmob.com/match/5954869,2026-08-19T10:41:52+00:00,UEFA_ID_PLUS_FOTMOB_UTC_SCORE_NAME,0.82,True,True,,,,,False
UEFA-2049108,2026/27,UCL,3rd Qualifying Round,-1,-1,UEFA-TIE-2049108,1,False,True,False,2026-08-04,2026-08-04 18:00:00+00:00,245,AO-UEFA-50033,AO-UEFA-5312,Sparta Praha,Lyon,2049108,50033,5312,2,1,1,1,UEFA_FIELD_SCORE_90_OR_120_EXCLUDES_SHOOTOUT,False,,,,1.29,1.28,2.57,0.01,0.5019455253,0.71,-0.28,1,True,True,1.29,1.28,FotMob,shot_based_expected_goals,90_minutes,True,False,True,ELIGIBLE_90,,5954871,https://www.fotmob.com/match/5954871,2026-08-19T10:41:53+00:00,UEFA_ID_PLUS_FOTMOB_UTC_SCORE_NAME,0.9,True,True,,,,,False
UEFA-2049119,2026/27,UEL,3rd Qualifying Round,-1,-1,UEFA-TIE-2049119,1,False,True,False,2026-08-04,2026-08-04 19:00:00+00:00,246,AO-UEFA-85009,AO-UEFA-2605905,Larne,Iberia Tbilisi,2049119,85009,2605905,0,0,0.5,0,UEFA_FIELD_SCORE_90_OR_120_EXCLUDES_SHOOTOUT,False,,,,,,,,,,,,False,False,,,FotMob,shot_based_expected_goals,,,,,NO_PUBLIC_XG,NO_PUBLIC_XG,5955018,https://www.fotmob.com/match/5955018,2026-08-19T10:41:56+00:00,UEFA_ID_PLUS_FOTMOB_UTC_SCORE_NAME,0.78,True,True,,,,,False
UEFA-2049122,2026/27,UEL,3rd Qualifying Round,-1,-1,UEFA-TIE-2049122,1,False,True,False,2026-08-04,2026-08-04 19:00:00+00:00,247,AO-UEFA-52381,AO-UEFA-88148,Shamrock Rovers,Egnatia,2049122,52381,88148,3,1,1,2,UEFA_FIELD_SCORE_90_OR_120_EXCLUDES_SHOOTOUT,False,,,,,,,,,,,,False,False,,,FotMob,shot_based_expected_goals,,,,,NO_PUBLIC_XG,NO_PUBLIC_XG,5955024,https://www.fotmob.com/match/5955024,2026-08-19T10:41:57+00:00,UEFA_ID_PLUS_FOTMOB_UTC_SCORE_NAME,1,True,True,,,,,False
UEFA-2049102,2026/27,UCL,3rd Qualifying Round,-1,-1,UEFA-TIE-2049102,1,False,True,False,2026-08-05,2026-08-05 16:30:00+00:00,248,AO-UEFA-50019,AO-UEFA-2609356,Aarhus,Sabah,2049102,50019,2609356,2,1,1,1,UEFA_FIELD_SCORE_90_OR_120_EXCLUDES_SHOOTOUT,False,,,,,,,,,,,,False,False,,,FotMob,shot_based_expected_goals,,,,,IDENTITY_AMBIGUOUS,IDENTITY_AMBIGUOUS,,,,UEFA_MATCH_ID_VERIFIED_FOTMOB_UNRESOLVED,,True,True,,,,,False
UEFA-2049163,2026/27,UECL,3rd Qualifying Round,-1,-1,UEFA-TIE-2049163,1,False,True,False,2026-08-05,2026-08-05 17:00:00+00:00,249,AO-UEFA-52770,AO-UEFA-52741,Brann,Apollon,2049163,52770,52741,0,1,0,1,UEFA_FIELD_SCORE_90_OR_120_EXCLUDES_SHOOTOUT,False,,,,,,,,,,,,False,False,,,FotMob,shot_based_expected_goals,,,,,NO_PUBLIC_XG,NO_PUBLIC_XG,5955337,https://www.fotmob.com/match/5955337,2026-08-19T10:35:51+00:00,UEFA_ID_PLUS_FOTMOB_UTC_SCORE_NAME,0.8043478261,True,True,,,,,False
UEFA-2049107,2026/27,UCL,3rd Qualifying Round,-1,-1,UEFA-TIE-2049107,1,False,True,False,2026-08-05,2026-08-05 18:00:00+00:00,250,AO-UEFA-52692,AO-UEFA-50111,Fenerbahçe,Sturm Graz,2049107,52692,50111,2,0,1,2,UEFA_FIELD_SCORE_90_OR_120_EXCLUDES_SHOOTOUT,False,,,,1.37,0.16,1.53,1.21,0.8954248366,0.63,-0.16,1,True,True,1.37,0.16,FotMob,shot_based_expected_goals,90_minutes,True,False,True,ELIGIBLE_90,,5954870,https://www.fotmob.com/match/5954870,2026-08-19T10:35:50+00:00,UEFA_ID_PLUS_FOTMOB_UTC_SCORE_NAME,1,True,True,,,,,False
UEFA-2049143,2026/27,UEL,3rd Qualifying Round,-1,-1,UEFA-TIE-2049143,1,False,True,False,2026-08-05,2026-08-05 18:15:00+00:00,251,AO-UEFA-52298,AO-UEFA-50063,Ferencváros,Górnik Zabrze,2049143,52298,50063,1,0,1,1,UEFA_FIELD_SCORE_90_OR_120_EXCLUDES_SHOOTOUT,False,,,,1.41,0.65,2.06,0.76,0.6844660194,-0.41,-0.65,1,True,True,1.41,0.65,FotMob,shot_based_expected_goals,90_minutes,True,False,True,ELIGIBLE_90,,5955040,https://www.fotmob.com/match/5955040,2026-08-19T10:35:54+00:00,UEFA_ID_PLUS_FOTMOB_UTC_SCORE_NAME,1,True,True,,,,,False
UEFA-2049152,2026/27,UECL,3rd Qualifying Round,-1,-1,UEFA-TIE-2049152,1,False,True,False,2026-08-05,2026-08-05 18:30:00+00:00,252,AO-UEFA-50084,AO-UEFA-2610262,Panathinaikos,CSKA 1948,2049152,50084,2610262,1,1,0.5,0,UEFA_FIELD_SCORE_90_OR_120_EXCLUDES_SHOOTOUT,False,,,,0.95,1.24,2.19,-0.29,0.4337899543,0.05,-0.24,0,True,True,0.95,1.24,FotMob,shot_based_expected_goals,90_minutes,True,False,True,ELIGIBLE_90,,5955326,https://www.fotmob.com/match/5955326,2026-08-19T10:35:53+00:00,UEFA_ID_PLUS_FOTMOB_UTC_SCORE_NAME,1,True,True,,,,,False
UEFA-2049121,2026/27,UEL,3rd Qualifying Round,-1,-1,UEFA-TIE-2049121,1,False,True,False,2026-08-06,2026-08-06 15:00:00+00:00,253,AO-UEFA-52350,AO-UEFA-2606501,KuPS Kuopio,U. Craiova,2049121,52350,2606501,1,1,0.5,0,UEFA_FIELD_SCORE_90_OR_120_EXCLUDES_SHOOTOUT,False,,,,,,,,,,,,False,False,,,FotMob,shot_based_expected_goals,,,,,NO_PUBLIC_XG,NO_PUBLIC_XG,5955022,https://www.fotmob.com/match/5955022,2026-08-19T10:41:57+00:00,UEFA_ID_PLUS_FOTMOB_UTC_SCORE_NAME,0.8,True,True,,,,,False
UEFA-2049149,2026/27,UECL,3rd Qualifying Round,-1,-1,UEFA-TIE-2049149,1,False,True,False,2026-08-06,2026-08-06 15:00:00+00:00,254,AO-UEFA-64161,AO-UEFA-57482,Inter Turku,Vaduz,2049149,64161,57482,2,1,1,1,UEFA_FIELD_SCORE_90_OR_120_EXCLUDES_SHOOTOUT,False,,,,,,,,,,,,False,False,,,FotMob,shot_based_expected_goals,,,,,NO_PUBLIC_XG,NO_PUBLIC_XG,5955323,https://www.fotmob.com/match/5955323,2026-08-19T10:42:07+00:00,UEFA_ID_PLUS_FOTMOB_UTC_SCORE_NAME,1,True,True,,,,,False
UEFA-2049126,2026/27,UEL,3rd Qualifying Round,-1,-1,UEFA-TIE-2049126,1,False,True,False,2026-08-06,2026-08-06 16:00:00+00:00,255,AO-UEFA-2600277,AO-UEFA-50121,Jagiellonia,Rangers,2049126,2600277,50121,2,1,1,1,UEFA_FIELD_SCORE_90_OR_120_EXCLUDES_SHOOTOUT,False,,,,,,,,,,,,False,False,,,FotMob,shot_based_expected_goals,,,,,NO_PUBLIC_XG,NO_PUBLIC_XG,5955032,https://www.fotmob.com/match/5955032,2026-08-19T10:41:59+00:00,UEFA_ID_PLUS_FOTMOB_UTC_SCORE_NAME,0.84375,True,True,,,,,False
UEFA-2049130,2026/27,UEL,3rd Qualifying Round,-1,-1,UEFA-TIE-2049130,1,False,True,False,2026-08-06,2026-08-06 16:00:00+00:00,256,AO-UEFA-57477,AO-UEFA-2608297,M. Tel-Aviv,CSKA Sofia,2049130,57477,2608297,0,3,0,3,UEFA_FIELD_SCORE_90_OR_120_EXCLUDES_SHOOTOUT,False,,,,,,,,,,,,False,False,,,FotMob,shot_based_expected_goals,,,,,NO_PUBLIC_XG,NO_PUBLIC_XG,5955042,https://www.fotmob.com/match/5955042,2026-08-19T10:42:00+00:00,UEFA_ID_PLUS_FOTMOB_UTC_SCORE_NAME,0.8846153846,True,True,,,,,False
UEFA-2049155,2026/27,UECL,3rd Qualifying Round,-1,-1,UEFA-TIE-2049155,1,False,True,False,2026-08-06,2026-08-06 16:00:00+00:00,257,AO-UEFA-2609987,AO-UEFA-52824,Noah,Sion,2049155,2609987,52824,2,2,0.5,0,UEFA_FIELD_SCORE_90_OR_120_EXCLUDES_SHOOTOUT,False,,,,1.52,1.84,3.36,-0.32,0.4523809524,0.48,0.16,0,True,True,1.52,1.84,FotMob,shot_based_expected_goals,90_minutes,True,False,True,ELIGIBLE_90,,5955329,https://www.fotmob.com/match/5955329,2026-08-19T10:42:09+00:00,UEFA_ID_PLUS_FOTMOB_UTC_SCORE_NAME,1,True,True,,,,,False
UEFA-2049166,2026/27,UECL,3rd Qualifying Round,-1,-1,UEFA-TIE-2049166,1,False,True,False,2026-08-06,2026-08-06 16:00:00+00:00,258,AO-UEFA-50052,AO-UEFA-53035,HJK,Motherwell,2049166,50052,53035,1,1,0.5,0,UEFA_FIELD_SCORE_90_OR_120_EXCLUDES_SHOOTOUT,False,,,,,,,,,,,,False,False,,,FotMob,shot_based_expected_goals,,,,,NO_PUBLIC_XG,NO_PUBLIC_XG,5955340,https://www.fotmob.com/match/5955340,2026-08-19T10:42:13+00:00,UEFA_ID_PLUS_FOTMOB_UTC_SCORE_NAME,1,True,True,,,,,False
UEFA-2049169,2026/27,UECL,3rd Qualifying Round,-1,-1,UEFA-TIE-2049169,1,False,True,False,2026-08-06,2026-08-06 16:00:00+00:00,259,AO-UEFA-2600598,AO-UEFA-50042,Paide,SK Rapid,2049169,2600598,50042,1,4,0,3,UEFA_FIELD_SCORE_90_OR_120_EXCLUDES_SHOOTOUT,False,,,,,,,,,,,,False,False,,,FotMob,shot_based_expected_goals,,,,,IDENTITY_AMBIGUOUS,IDENTITY_AMBIGUOUS,,,,UEFA_MATCH_ID_VERIFIED_FOTMOB_UNRESOLVED,,True,True,,,,,False
UEFA-2049172,2026/27,UECL,3rd Qualifying Round,-1,-1,UEFA-TIE-2049172,1,False,True,False,2026-08-06,2026-08-06 16:00:00+00:00,260,AO-UEFA-62169,AO-UEFA-2609104,Jablonec,RFS,2049172,62169,2609104,2,0,1,2,UEFA_FIELD_SCORE_90_OR_120_EXCLUDES_SHOOTOUT,False,,,,,,,,,,,,False,False,,,FotMob,shot_based_expected_goals,,,,,NO_PUBLIC_XG,NO_PUBLIC_XG,5955346,https://www.fotmob.com/match/5955346,2026-08-19T10:42:15+00:00,UEFA_ID_PLUS_FOTMOB_UTC_SCORE_NAME,1,True,True,,,,,False
UEFA-2049161,2026/27,UECL,3rd Qualifying Round,-1,-1,UEFA-TIE-2049161,1,False,True,False,2026-08-06,2026-08-06 16:30:00+00:00,261,AO-UEFA-88131,AO-UEFA-53001,CFR Cluj,Tromsø,2049161,88131,53001,0,5,0,5,UEFA_FIELD_SCORE_90_OR_120_EXCLUDES_SHOOTOUT,False,,,,,,,,,,,,False,False,,,FotMob,shot_based_expected_goals,,,,,NO_PUBLIC_XG,NO_PUBLIC_XG,5955335,https://www.fotmob.com/match/5955335,2026-08-19T10:42:11+00:00,UEFA_ID_PLUS_FOTMOB_UTC_SCORE_NAME,1,True,True,,,,,False
UEFA-2049120,2026/27,UEL,3rd Qualifying Round,-1,-1,UEFA-TIE-2049120,1,False,True,False,2026-08-06,2026-08-06 17:00:00+00:00,262,AO-UEFA-2605572,AO-UEFA-50077,L. Red Imps,Omonia,2049120,2605572,50077,1,1,0.5,0,UEFA_FIELD_SCORE_90_OR_120_EXCLUDES_SHOOTOUT,False,,,,,,,,,,,,False,False,,,FotMob,shot_based_expected_goals,,,,,NO_PUBLIC_XG,NO_PUBLIC_XG,5955020,https://www.fotmob.com/match/5955020,2026-08-19T10:41:56+00:00,UEFA_ID_PLUS_FOTMOB_UTC_SCORE_NAME,0.6846153846,True,True,,,,,False
UEFA-2049123,2026/27,UEL,3rd Qualifying Round,-1,-1,UEFA-TIE-2049123,1,False,True,False,2026-08-06,2026-08-06 17:00:00+00:00,263,AO-UEFA-64227,AO-UEFA-57475,Lech Poznań,Klaksvík,2049123,64227,57475,1,0,1,1,UEFA_FIELD_SCORE_90_OR_120_EXCLUDES_SHOOTOUT,False,,,,,,,,,,,,False,False,,,FotMob,shot_based_expected_goals,,,,,NO_PUBLIC_XG,NO_PUBLIC_XG,5955026,https://www.fotmob.com/match/5955026,2026-08-19T10:41:57+00:00,UEFA_ID_PLUS_FOTMOB_UTC_SCORE_NAME,1,True,True,,,,,False
UEFA-2049125,2026/27,UEL,3rd Qualifying Round,-1,-1,UEFA-TIE-2049125,1,False,True,False,2026-08-06,2026-08-06 17:00:00+00:00,264,AO-UEFA-59878,AO-UEFA-50157,Hradec Králové,Beşiktaş,2049125,59878,50157,0,1,0,1,UEFA_FIELD_SCORE_90_OR_120_EXCLUDES_SHOOTOUT,False,,,,0.99,2.33,3.32,-1.34,0.2981927711,-0.99,-1.33,0,True,True,0.99,2.33,FotMob,shot_based_expected_goals,90_minutes,True,False,True,ELIGIBLE_90,,5955030,https://www.fotmob.com/match/5955030,2026-08-19T10:41:58+00:00,UEFA_ID_PLUS_FOTMOB_UTC_SCORE_NAME,1,True,True,,,,,False
UEFA-2049128,2026/27,UEL,3rd Qualifying Round,-1,-1,UEFA-TIE-2049128,1,False,True,False,2026-08-06,2026-08-06 17:00:00+00:00,265,AO-UEFA-50030,AO-UEFA-2609532,Salzburg,Pafos,2049128,50030,2609532,1,0,1,1,UEFA_FIELD_SCORE_90_OR_120_EXCLUDES_SHOOTOUT,False,,,,1.4,0.34,1.74,1.06,0.8045977011,-0.4,-0.34,1,True,True,1.4,0.34,FotMob,shot_based_expected_goals,90_minutes,True,False,True,ELIGIBLE_90,,5955037,https://www.fotmob.com/match/5955037,2026-08-19T10:42:00+00:00,UEFA_ID_PLUS_FOTMOB_UTC_SCORE_NAME,1,True,True,,,,,False
UEFA-2049147,2026/27,UECL,3rd Qualifying Round,-1,-1,UEFA-TIE-2049147,1,False,True,False,2026-08-06,2026-08-06 17:00:00+00:00,266,AO-UEFA-63401,AO-UEFA-59341,Inter Escaldes,Flora Tallinn,2049147,63401,59341,2,0,1,2,UEFA_FIELD_SCORE_90_OR_120_EXCLUDES_SHOOTOUT,False,,,,,,,,,,,,False,False,,,FotMob,shot_based_expected_goals,,,,,NO_PUBLIC_XG,NO_PUBLIC_XG,5955351,https://www.fotmob.com/match/5955351,2026-08-19T10:42:07+00:00,UEFA_ID_PLUS_FOTMOB_UTC_SCORE_NAME,0.9666666667,True,True,,,,,False
UEFA-2049148,2026/27,UECL,3rd Qualifying Round,-1,-1,UEFA-TIE-2049148,1,False,True,False,2026-08-06,2026-08-06 17:00:00+00:00,267,AO-UEFA-2607924,AO-UEFA-52287,Riga,Győri ETO,2049148,2607924,52287,1,0,1,1,UEFA_FIELD_SCORE_90_OR_120_EXCLUDES_SHOOTOUT,False,,,,1.14,0.18,1.32,0.96,0.8636363636,-0.14,-0.18,1,True,True,1.14,0.18,FotMob,shot_based_expected_goals,90_minutes,True,False,True,ELIGIBLE_90,,5955322,https://www.fotmob.com/match/5955322,2026-08-19T10:42:07+00:00,UEFA_ID_PLUS_FOTMOB_UTC_SCORE_NAME,1,True,True,,,,,False
UEFA-2049150,2026/27,UECL,3rd Qualifying Round,-1,-1,UEFA-TIE-2049150,1,False,True,False,2026-08-06,2026-08-06 17:00:00+00:00,268,AO-UEFA-2602334,AO-UEFA-52359,Žalgiris,Hajduk Split,2049150,2602334,52359,2,5,0,3,UEFA_FIELD_SCORE_90_OR_120_EXCLUDES_SHOOTOUT,False,,,,,,,,,,,,False,False,,,FotMob,shot_based_expected_goals,,,,,NO_PUBLIC_XG,NO_PUBLIC_XG,5955324,https://www.fotmob.com/match/5955324,2026-08-19T10:42:07+00:00,UEFA_ID_PLUS_FOTMOB_UTC_SCORE_NAME,0.8333333333,True,True,,,,,False
UEFA-2049158,2026/27,UECL,3rd Qualifying Round,-1,-1,UEFA-TIE-2049158,1,False,True,False,2026-08-06,2026-08-06 17:00:00+00:00,269,AO-UEFA-69606,AO-UEFA-51151,Sheriff,St. Gallen,2049158,69606,51151,1,3,0,2,UEFA_FIELD_SCORE_90_OR_120_EXCLUDES_SHOOTOUT,False,,,,1.81,3.13,4.94,-1.32,0.3663967611,-0.81,-0.13,0,True,True,1.81,3.13,FotMob,shot_based_expected_goals,90_minutes,True,False,True,ELIGIBLE_90,,5955332,https://www.fotmob.com/match/5955332,2026-08-19T10:42:10+00:00,UEFA_ID_PLUS_FOTMOB_UTC_SCORE_NAME,1,True,True,,,,,False
UEFA-2049162,2026/27,UECL,3rd Qualifying Round,-1,-1,UEFA-TIE-2049162,1,False,True,False,2026-08-06,2026-08-06 17:00:00+00:00,270,AO-UEFA-52723,AO-UEFA-60609,Dynamo Kyiv,Qarabağ,2049162,52723,60609,1,0,1,1,UEFA_FIELD_SCORE_90_OR_120_EXCLUDES_SHOOTOUT,False,,,,1.77,1.17,2.94,0.6,0.6020408163,-0.77,-1.17,1,True,True,1.77,1.17,FotMob,shot_based_expected_goals,90_minutes,True,False,True,ELIGIBLE_90,,5955336,https://www.fotmob.com/match/5955336,2026-08-19T10:42:12+00:00,UEFA_ID_PLUS_FOTMOB_UTC_SCORE_NAME,1,True,True,,,,,False
UEFA-2049165,2026/27,UECL,3rd Qualifying Round,-1,-1,UEFA-TIE-2049165,1,False,True,False,2026-08-06,2026-08-06 17:00:00+00:00,271,AO-UEFA-60566,AO-UEFA-52343,Raków,Hammarby,2049165,60566,52343,0,0,0.5,0,UEFA_FIELD_SCORE_90_OR_120_EXCLUDES_SHOOTOUT,False,,,,,,,,,,,,False,False,,,FotMob,shot_based_expected_goals,,,,,NO_PUBLIC_XG,NO_PUBLIC_XG,5955339,https://www.fotmob.com/match/5955339,2026-08-19T10:42:13+00:00,UEFA_ID_PLUS_FOTMOB_UTC_SCORE_NAME,0.7272727273,True,True,,,,,False
UEFA-2049168,2026/27,UECL,3rd Qualifying Round,-1,-1,UEFA-TIE-2049168,1,False,True,False,2026-08-06,2026-08-06 17:00:00+00:00,272,AO-UEFA-50066,AO-UEFA-4608,IFK Göteborg,Gent,2049168,50066,4608,0,1,0,1,UEFA_FIELD_SCORE_90_OR_120_EXCLUDES_SHOOTOUT,False,,,,,,,,,,,,False,False,,,FotMob,shot_based_expected_goals,,,,,NO_PUBLIC_XG,NO_PUBLIC_XG,5955342,https://www.fotmob.com/match/5955342,2026-08-19T10:42:14+00:00,UEFA_ID_PLUS_FOTMOB_UTC_SCORE_NAME,1,True,True,,,,,False
UEFA-2049171,2026/27,UECL,3rd Qualifying Round,-1,-1,UEFA-TIE-2049171,1,False,True,False,2026-08-06,2026-08-06 17:00:00+00:00,273,AO-UEFA-52958,AO-UEFA-52709,Debrecen,Copenhagen,2049171,52958,52709,0,3,0,3,UEFA_FIELD_SCORE_90_OR_120_EXCLUDES_SHOOTOUT,False,,,,0.36,1.69,2.05,-1.33,0.1756097561,-0.36,1.31,0,True,True,0.36,1.69,FotMob,shot_based_expected_goals,90_minutes,True,False,True,ELIGIBLE_90,,5955345,https://www.fotmob.com/match/5955345,2026-08-19T10:42:14+00:00,UEFA_ID_PLUS_FOTMOB_UTC_SCORE_NAME,0.7631578947,True,True,,,,,False
UEFA-2049160,2026/27,UECL,3rd Qualifying Round,-1,-1,UEFA-TIE-2049160,1,False,True,False,2026-08-06,2026-08-06 17:30:00+00:00,274,AO-UEFA-59034,AO-UEFA-50110,Beitar,Austria Wien,2049160,59034,50110,1,2,0,1,UEFA_FIELD_SCORE_90_OR_120_EXCLUDES_SHOOTOUT,False,,,,2.12,2.29,4.41,-0.17,0.4807256236,-1.12,-0.29,0,True,True,2.12,2.29,FotMob,shot_based_expected_goals,90_minutes,True,False,True,ELIGIBLE_90,,5955334,https://www.fotmob.com/match/5955334,2026-08-19T10:42:11+00:00,UEFA_ID_PLUS_FOTMOB_UTC_SCORE_NAME,0.7727272727,True,True,,,,,False
UEFA-2049127,2026/27,UEL,3rd Qualifying Round,-1,-1,UEFA-TIE-2049127,1,False,True,False,2026-08-06,2026-08-06 17:45:00+00:00,275,AO-UEFA-50130,AO-UEFA-50074,PAOK,Anderlecht,2049127,50130,50074,0,1,0,1,UEFA_FIELD_SCORE_90_OR_120_EXCLUDES_SHOOTOUT,False,,,,1.78,0.8,2.58,0.98,0.6899224806,-1.78,0.2,1,True,True,1.78,0.8,FotMob,shot_based_expected_goals,90_minutes,True,False,True,ELIGIBLE_90,,5955034,https://www.fotmob.com/match/5955034,2026-08-19T10:41:59+00:00,UEFA_ID_PLUS_FOTMOB_UTC_SCORE_NAME,0.6904761905,True,True,,,,,False
UEFA-2049124,2026/27,UEL,3rd Qualifying Round,-1,-1,UEFA-TIE-2049124,1,False,True,False,2026-08-06,2026-08-06 18:00:00+00:00,276,AO-UEFA-80409,AO-UEFA-52697,Thun,Víkingur R.,2049124,80409,52697,3,0,1,3,UEFA_FIELD_SCORE_90_OR_120_EXCLUDES_SHOOTOUT,False,,,,2.05,0.74,2.79,1.31,0.7347670251,0.95,-0.74,1,True,True,2.05,0.74,FotMob,shot_based_expected_goals,90_minutes,True,False,True,ELIGIBLE_90,,5955028,https://www.fotmob.com/match/5955028,2026-08-19T10:41:58+00:00,UEFA_ID_PLUS_FOTMOB_UTC_SCORE_NAME,0.8571428571,True,True,,,,,False
UEFA-2049153,2026/27,UECL,3rd Qualifying Round,-1,-1,UEFA-TIE-2049153,1,False,True,False,2026-08-06,2026-08-06 18:00:00+00:00,277,AO-UEFA-50143,AO-UEFA-53020,Ajax,Shelbourne,2049153,50143,53020,3,1,1,2,UEFA_FIELD_SCORE_90_OR_120_EXCLUDES_SHOOTOUT,False,,,,6.08,0.32,6.4,5.76,0.95,-3.08,0.68,1,True,True,6.08,0.32,FotMob,shot_based_expected_goals,90_minutes,True,False,True,ELIGIBLE_90,,5955327,https://www.fotmob.com/match/5955327,2026-08-19T10:42:08+00:00,UEFA_ID_PLUS_FOTMOB_UTC_SCORE_NAME,1,True,True,,,,,False
UEFA-2049159,2026/27,UECL,3rd Qualifying Round,-1,-1,UEFA-TIE-2049159,1,False,True,False,2026-08-06,2026-08-06 18:00:00+00:00,278,AO-UEFA-59869,AO-UEFA-50145,H. Tel-Aviv,Katowice,2049159,59869,50145,2,0,1,2,UEFA_FIELD_SCORE_90_OR_120_EXCLUDES_SHOOTOUT,False,,,,,,,,,,,,False,False,,,FotMob,shot_based_expected_goals,,,,,NO_PUBLIC_XG,NO_PUBLIC_XG,5955333,https://www.fotmob.com/match/5955333,2026-08-19T10:42:10+00:00,UEFA_ID_PLUS_FOTMOB_UTC_SCORE_NAME,0.8,True,True,,,,,False
UEFA-2049174,2026/27,UECL,3rd Qualifying Round,-1,-1,UEFA-TIE-2049174,1,False,True,False,2026-08-06,2026-08-06 18:00:00+00:00,279,AO-UEFA-52818,AO-UEFA-50156,Twente,DAC 1904,2049174,52818,50156,6,0,1,6,UEFA_FIELD_SCORE_90_OR_120_EXCLUDES_SHOOTOUT,False,,,,2.21,0.52,2.73,1.69,0.8095238095,3.79,-0.52,1,True,True,2.21,0.52,FotMob,shot_based_expected_goals,90_minutes,True,False,True,ELIGIBLE_90,,5955348,https://www.fotmob.com/match/5955348,2026-08-19T10:42:15+00:00,UEFA_ID_PLUS_FOTMOB_UTC_SCORE_NAME,0.75,True,True,,,,,False
UEFA-2049146,2026/27,UECL,3rd Qualifying Round,-1,-1,UEFA-TIE-2049146,1,False,True,False,2026-08-06,2026-08-06 18:30:00+00:00,280,AO-UEFA-50104,AO-UEFA-2613945,Borac,ML Vitebsk,2049146,50104,2613945,1,0,1,1,UEFA_FIELD_SCORE_90_OR_120_EXCLUDES_SHOOTOUT,False,,,,,,,,,,,,False,False,,,FotMob,shot_based_expected_goals,,,,,NO_PUBLIC_XG,NO_PUBLIC_XG,5955320,https://www.fotmob.com/match/5955320,2026-08-19T10:42:07+00:00,UEFA_ID_PLUS_FOTMOB_UTC_SCORE_NAME,0.7380952381,True,True,,,,,False
UEFA-2049156,2026/27,UECL,3rd Qualifying Round,-1,-1,UEFA-TIE-2049156,1,False,True,False,2026-08-06,2026-08-06 18:30:00+00:00,281,AO-UEFA-52336,AO-UEFA-50161,Braga,Dinamo-Minsk,2049156,52336,50161,1,0,1,1,UEFA_FIELD_SCORE_90_OR_120_EXCLUDES_SHOOTOUT,False,,,,,,,,,,,,False,False,,,FotMob,shot_based_expected_goals,,,,,NO_PUBLIC_XG,NO_PUBLIC_XG,5955330,https://www.fotmob.com/match/5955330,2026-08-19T10:42:09+00:00,UEFA_ID_PLUS_FOTMOB_UTC_SCORE_NAME,1,True,True,,,,,False
UEFA-2049157,2026/27,UECL,3rd Qualifying Round,-1,-1,UEFA-TIE-2049157,1,False,True,False,2026-08-06,2026-08-06 18:30:00+00:00,282,AO-UEFA-50057,AO-UEFA-79940,Valur,Nordsjælland,2049157,50057,79940,0,2,0,2,UEFA_FIELD_SCORE_90_OR_120_EXCLUDES_SHOOTOUT,False,,,,0.91,2.71,3.62,-1.8,0.2513812155,-0.91,-0.71,0,True,True,0.91,2.71,FotMob,shot_based_expected_goals,90_minutes,True,False,True,ELIGIBLE_90,,5955331,https://www.fotmob.com/match/5955331,2026-08-19T10:42:10+00:00,UEFA_ID_PLUS_FOTMOB_UTC_SCORE_NAME,1,True,True,,,,,False
UEFA-2049164,2026/27,UECL,3rd Qualifying Round,-1,-1,UEFA-TIE-2049164,1,False,True,False,2026-08-06,2026-08-06 18:30:00+00:00,283,AO-UEFA-8538,AO-UEFA-64150,Lugano,Runavík,2049164,8538,64150,2,0,1,2,UEFA_FIELD_SCORE_90_OR_120_EXCLUDES_SHOOTOUT,False,,,,2.98,0.54,3.52,2.44,0.8465909091,-0.98,-0.54,1,True,True,2.98,0.54,FotMob,shot_based_expected_goals,90_minutes,True,False,True,ELIGIBLE_90,,5955338,https://www.fotmob.com/match/5955338,2026-08-19T10:42:12+00:00,UEFA_ID_PLUS_FOTMOB_UTC_SCORE_NAME,0.8888888889,True,True,,,,,False
UEFA-2049170,2026/27,UECL,3rd Qualifying Round,-1,-1,UEFA-TIE-2049170,1,False,True,False,2026-08-06,2026-08-06 18:45:00+00:00,284,AO-UEFA-52375,AO-UEFA-75795,Bohemians,Midtjylland,2049170,52375,75795,0,2,0,2,UEFA_FIELD_SCORE_90_OR_120_EXCLUDES_SHOOTOUT,False,,,,0.87,0.65,1.52,0.22,0.5723684211,-0.87,1.35,1,True,True,0.87,0.65,FotMob,shot_based_expected_goals,90_minutes,True,False,True,ELIGIBLE_90,,5955344,https://www.fotmob.com/match/5955344,2026-08-19T10:42:14+00:00,UEFA_ID_PLUS_FOTMOB_UTC_SCORE_NAME,0.9705882353,True,True,,,,,False
UEFA-2049173,2026/27,UECL,3rd Qualifying Round,-1,-1,UEFA-TIE-2049173,1,False,True,False,2026-08-06,2026-08-06 18:45:00+00:00,285,AO-UEFA-52356,AO-UEFA-2602511,Rijeka,Ilves,2049173,52356,2602511,1,0,1,1,UEFA_FIELD_SCORE_90_OR_120_EXCLUDES_SHOOTOUT,False,,,,,,,,,,,,False,False,,,FotMob,shot_based_expected_goals,,,,,NO_PUBLIC_XG,NO_PUBLIC_XG,5955347,https://www.fotmob.com/match/5955347,2026-08-19T10:42:15+00:00,UEFA_ID_PLUS_FOTMOB_UTC_SCORE_NAME,1,True,True,,,,,False
UEFA-2049129,2026/27,UEL,3rd Qualifying Round,-1,-1,UEFA-TIE-2049129,1,False,True,False,2026-08-06,2026-08-06 19:00:00+00:00,286,AO-UEFA-50147,AO-UEFA-50120,Benfica,Hearts,2049129,50147,50120,6,1,1,5,UEFA_FIELD_SCORE_90_OR_120_EXCLUDES_SHOOTOUT,False,,,,3.65,1.2,4.85,2.45,0.7525773196,2.35,-0.2,1,True,True,3.65,1.2,FotMob,shot_based_expected_goals,90_minutes,True,False,True,ELIGIBLE_90,,5955038,https://www.fotmob.com/match/5955038,2026-08-19T10:42:00+00:00,UEFA_ID_PLUS_FOTMOB_UTC_SCORE_NAME,0.7,True,True,,,,,False
UEFA-2049145,2026/27,UECL,3rd Qualifying Round,-1,-1,UEFA-TIE-2049145,1,False,True,False,2026-08-06,2026-08-06 19:00:00+00:00,287,AO-UEFA-64514,AO-UEFA-2608290,Tre Fiori,Drita,2049145,64514,2608290,1,4,0,3,UEFA_FIELD_SCORE_90_OR_120_EXCLUDES_SHOOTOUT,False,,,,,,,,,,,,False,False,,,FotMob,shot_based_expected_goals,,,,,NO_PUBLIC_XG,NO_PUBLIC_XG,5955319,https://www.fotmob.com/match/5955319,2026-08-19T10:42:06+00:00,UEFA_ID_PLUS_FOTMOB_UTC_SCORE_NAME,1,True,True,,,,,False
UEFA-2049151,2026/27,UECL,3rd Qualifying Round,-1,-1,UEFA-TIE-2049151,1,False,True,False,2026-08-06,2026-08-06 19:00:00+00:00,288,AO-UEFA-50162,AO-UEFA-79969,Partizan,Tobol,2049151,50162,79969,3,0,1,3,UEFA_FIELD_SCORE_90_OR_120_EXCLUDES_SHOOTOUT,False,,,,,,,,,,,,False,False,,,FotMob,shot_based_expected_goals,,,,,NO_PUBLIC_XG,NO_PUBLIC_XG,5955325,https://www.fotmob.com/match/5955325,2026-08-19T10:42:08+00:00,UEFA_ID_PLUS_FOTMOB_UTC_SCORE_NAME,0.5964912281,True,True,,,,,False
UEFA-2049167,2026/27,UECL,3rd Qualifying Round,-1,-1,UEFA-TIE-2049167,1,False,True,False,2026-08-06,2026-08-06 19:00:00+00:00,289,AO-UEFA-52821,AO-UEFA-75807,Hibernian,Shkëndija,2049167,52821,75807,2,1,1,1,UEFA_FIELD_SCORE_90_OR_120_EXCLUDES_SHOOTOUT,False,,,,,,,,,,,,False,False,,,FotMob,shot_based_expected_goals,,,,,NO_PUBLIC_XG,NO_PUBLIC_XG,5955341,https://www.fotmob.com/match/5955341,2026-08-19T10:42:13+00:00,UEFA_ID_PLUS_FOTMOB_UTC_SCORE_NAME,0.9285714286,True,True,,,,,False
UEFA-2049111,2026/27,UCL,3rd Qualifying Round,-1,-1,UEFA-TIE-2049101,2,True,True,False,2026-08-11,2026-08-11 15:00:00+00:00,290,AO-UEFA-79970,AO-UEFA-50044,Kairat Almaty,Levski Sofia,2049111,79970,50044,0,1,0,1,UEFA_FIELD_SCORE_90_OR_120_EXCLUDES_SHOOTOUT,False,,,AO-UEFA-50044,1.34,1.04,2.38,0.3,0.5630252101,-1.34,-0.04,1,True,True,1.34,1.04,FotMob,shot_based_expected_goals,90_minutes,True,False,True,ELIGIBLE_90,,5954874,https://www.fotmob.com/match/5954874,2026-08-19T10:41:54+00:00,UEFA_ID_PLUS_FOTMOB_UTC_SCORE_NAME,1,True,True,,,,,False
UEFA-2049112,2026/27,UCL,3rd Qualifying Round,-1,-1,UEFA-TIE-2049102,2,True,True,False,2026-08-11,2026-08-11 16:00:00+00:00,291,AO-UEFA-2609356,AO-UEFA-50019,Sabah,Aarhus,2049112,2609356,50019,4,0,1,4,UEFA_FIELD_SCORE_90_OR_120_EXCLUDES_SHOOTOUT,False,,,AO-UEFA-2609356,,,,,,,,,False,False,,,FotMob,shot_based_expected_goals,,,,,IDENTITY_AMBIGUOUS,IDENTITY_AMBIGUOUS,,,,UEFA_MATCH_ID_VERIFIED_FOTMOB_UNRESOLVED,,True,True,,,,,False
UEFA-2049116,2026/27,UCL,3rd Qualifying Round,-1,-1,UEFA-TIE-2049106,2,True,True,False,2026-08-11,2026-08-11 16:00:00+00:00,292,AO-UEFA-59333,AO-UEFA-64125,Bodø/Glimt,Union SG,2049116,59333,64125,3,2,1,1,UEFA_FIELD_SCORE_90_OR_120_EXCLUDES_SHOOTOUT,False,,,AO-UEFA-59333,3.71,2.61,6.32,1.1,0.5870253165,-0.71,-0.61,1,True,True,3.71,2.61,FotMob,shot_based_expected_goals,120_minutes_including_extra_time,True,True,True,ELIGIBLE_120,,5954879,https://www.fotmob.com/match/5954879,2026-08-19T10:41:55+00:00,UEFA_ID_PLUS_FOTMOB_UTC_SCORE_NAME,0.82,True,True,,,,,False
UEFA-2049131,2026/27,UEL,3rd Qualifying Round,-1,-1,UEFA-TIE-2049119,2,True,True,False,2026-08-11,2026-08-11 16:00:00+00:00,293,AO-UEFA-2605905,AO-UEFA-85009,Iberia Tbilisi,Larne,2049131,2605905,85009,2,1,1,1,UEFA_FIELD_SCORE_90_OR_120_EXCLUDES_SHOOTOUT,False,,,AO-UEFA-2605905,,,,,,,,,False,False,,,FotMob,shot_based_expected_goals,,,,,NO_PUBLIC_XG,NO_PUBLIC_XG,5955019,https://www.fotmob.com/match/5955019,2026-08-19T10:42:00+00:00,UEFA_ID_PLUS_FOTMOB_UTC_SCORE_NAME,0.78,True,True,,,,,False
UEFA-2049109,2026/27,UCL,3rd Qualifying Round,-1,-1,UEFA-TIE-2049099,2,True,True,False,2026-08-11,2026-08-11 17:00:00+00:00,294,AO-UEFA-2605907,AO-UEFA-50164,Kauno Žalgiris,GNK Dinamo,2049109,2605907,50164,1,2,0,1,UEFA_FIELD_SCORE_90_OR_120_EXCLUDES_SHOOTOUT,False,,,AO-UEFA-50164,,,,,,,,,False,False,,,FotMob,shot_based_expected_goals,,,,,NO_PUBLIC_XG,NO_PUBLIC_XG,5954872,https://www.fotmob.com/match/5954872,2026-08-19T10:41:53+00:00,UEFA_ID_PLUS_FOTMOB_UTC_SCORE_NAME,0.7608695652,True,True,,,,,False
UEFA-2049193,2026/27,UECL,3rd Qualifying Round,-1,-1,UEFA-TIE-2049163,2,True,True,False,2026-08-11,2026-08-11 17:00:00+00:00,295,AO-UEFA-52741,AO-UEFA-52770,Apollon,Brann,2049193,52741,52770,2,4,0,2,UEFA_FIELD_SCORE_90_OR_120_EXCLUDES_SHOOTOUT,False,,,AO-UEFA-52770,,,,,,,,,False,False,,,FotMob,shot_based_expected_goals,,,,,NO_PUBLIC_XG,NO_PUBLIC_XG,5955367,https://www.fotmob.com/match/5955367,2026-08-19T10:42:22+00:00,UEFA_ID_PLUS_FOTMOB_UTC_SCORE_NAME,0.8043478261,True,True,,,,,False
UEFA-2049115,2026/27,UCL,3rd Qualifying Round,-1,-1,UEFA-TIE-2049105,2,True,True,False,2026-08-11,2026-08-11 17:30:00+00:00,296,AO-UEFA-52330,AO-UEFA-2610,N.E.C.,Olympiacos,2049115,52330,2610,2,1,1,1,UEFA_FIELD_SCORE_90_OR_120_EXCLUDES_SHOOTOUT,False,,,AO-UEFA-52330,1.9,1.08,2.98,0.82,0.6375838926,0.1,-0.08,1,True,True,1.9,1.08,FotMob,shot_based_expected_goals,120_minutes_including_extra_time,True,True,True,ELIGIBLE_120,,5954878,https://www.fotmob.com/match/5954878,2026-08-19T10:41:55+00:00,UEFA_ID_PLUS_FOTMOB_UTC_SCORE_NAME,0.6764705882,True,True,,,,,False
UEFA-2049182,2026/27,UECL,3rd Qualifying Round,-1,-1,UEFA-TIE-2049152,2,True,True,False,2026-08-11,2026-08-11 17:30:00+00:00,297,AO-UEFA-2610262,AO-UEFA-50084,CSKA 1948,Panathinaikos,2049182,2610262,50084,1,2,0,1,UEFA_FIELD_SCORE_90_OR_120_EXCLUDES_SHOOTOUT,False,,,AO-UEFA-50084,1.58,1.79,3.37,-0.21,0.46884273,-0.58,0.21,0,True,True,1.58,1.79,FotMob,shot_based_expected_goals,120_minutes_including_extra_time,True,True,True,ELIGIBLE_120,,5955356,https://www.fotmob.com/match/5955356,2026-08-19T10:42:18+00:00,UEFA_ID_PLUS_FOTMOB_UTC_SCORE_NAME,1,True,True,,,,,False
UEFA-2049114,2026/27,UCL,3rd Qualifying Round,-1,-1,UEFA-TIE-2049104,2,True,True,False,2026-08-11,2026-08-11 18:00:00+00:00,298,AO-UEFA-50069,AO-UEFA-59340,Crvena Zvezda,H. Beer-Sheva,2049114,50069,59340,0,2,0,2,UEFA_FIELD_SCORE_90_OR_120_EXCLUDES_SHOOTOUT,False,,,AO-UEFA-59340,,,,,,,,,False,False,,,FotMob,shot_based_expected_goals,,,,,NO_PUBLIC_XG,NO_PUBLIC_XG,5954877,https://www.fotmob.com/match/5954877,2026-08-19T10:41:54+00:00,UEFA_ID_PLUS_FOTMOB_UTC_SCORE_NAME,0.9137931034,True,True,,,,,False
UEFA-2049110,2026/27,UCL,3rd Qualifying Round,-1,-1,UEFA-TIE-2049100,2,True,True,False,2026-08-11,2026-08-11 18:15:00+00:00,299,AO-UEFA-52797,AO-UEFA-74233,S. Bratislava,Mjällby,2049110,52797,74233,2,0,1,2,UEFA_FIELD_SCORE_90_OR_120_EXCLUDES_SHOOTOUT,False,,,AO-UEFA-52797,,,,,,,,,False,False,,,FotMob,shot_based_expected_goals,,,,,NO_PUBLIC_XG,NO_PUBLIC_XG,5954873,https://www.fotmob.com/match/5954873,2026-08-19T10:41:53+00:00,UEFA_ID_PLUS_FOTMOB_UTC_SCORE_NAME,0.9137931034,True,True,,,,,False
UEFA-2049113,2026/27,UCL,3rd Qualifying Round,-1,-1,UEFA-TIE-2049103,2,True,True,False,2026-08-11,2026-08-11 18:15:00+00:00,300,AO-UEFA-59030,AO-UEFA-2610304,Celje,Ararat-Armenia,2049113,59030,2610304,2,0,1,2,UEFA_FIELD_SCORE_90_OR_120_EXCLUDES_SHOOTOUT,False,,,AO-UEFA-59030,,,,,,,,,False,False,,,FotMob,shot_based_expected_goals,,,,,NO_PUBLIC_XG,NO_PUBLIC_XG,5954876,https://www.fotmob.com/match/5954876,2026-08-19T10:41:54+00:00,UEFA_ID_PLUS_FOTMOB_UTC_SCORE_NAME,1,True,True,,,,,False
UEFA-2049117,2026/27,UCL,3rd Qualifying Round,-1,-1,UEFA-TIE-2049107,2,True,True,False,2026-08-11,2026-08-11 18:30:00+00:00,301,AO-UEFA-50111,AO-UEFA-52692,Sturm Graz,Fenerbahçe,2049117,50111,52692,0,1,0,1,UEFA_FIELD_SCORE_90_OR_120_EXCLUDES_SHOOTOUT,False,,,AO-UEFA-52692,1.35,2.17,3.52,-0.82,0.3835227273,-1.35,-1.17,0,True,True,1.35,2.17,FotMob,shot_based_expected_goals,90_minutes,True,False,True,ELIGIBLE_90,,5954880,https://www.fotmob.com/match/5954880,2026-08-19T10:41:56+00:00,UEFA_ID_PLUS_FOTMOB_UTC_SCORE_NAME,1,True,True,,,,,False
UEFA-2049118,2026/27,UCL,3rd Qualifying Round,-1,-1,UEFA-TIE-2049108,2,True,True,False,2026-08-11,2026-08-11 19:00:00+00:00,302,AO-UEFA-5312,AO-UEFA-50033,Lyon,Sparta Praha,2049118,5312,50033,3,0,1,3,UEFA_FIELD_SCORE_90_OR_120_EXCLUDES_SHOOTOUT,False,,,AO-UEFA-5312,3.32,0.55,3.87,2.77,0.857881137,-0.32,-0.55,1,True,True,3.32,0.55,FotMob,shot_based_expected_goals,90_minutes,True,False,True,ELIGIBLE_90,,5954881,https://www.fotmob.com/match/5954881,2026-08-19T10:41:56+00:00,UEFA_ID_PLUS_FOTMOB_UTC_SCORE_NAME,0.9,True,True,,,,,False
UEFA-2049189,2026/27,UECL,3rd Qualifying Round,-1,-1,UEFA-TIE-2049159,2,True,True,False,2026-08-12,2026-08-12 16:00:00+00:00,303,AO-UEFA-50145,AO-UEFA-59869,Katowice,H. Tel-Aviv,2049189,50145,59869,2,1,1,1,UEFA_FIELD_SCORE_90_OR_120_EXCLUDES_SHOOTOUT,False,,,AO-UEFA-59869,,,,,,,,,False,False,,,FotMob,shot_based_expected_goals,,,,,NO_PUBLIC_XG,NO_PUBLIC_XG,5955363,https://www.fotmob.com/match/5955363,2026-08-19T10:35:59+00:00,UEFA_ID_PLUS_FOTMOB_UTC_SCORE_NAME,0.8,True,True,,,,,False
UEFA-2049199,2026/27,UECL,3rd Qualifying Round,-1,-1,UEFA-TIE-2049169,2,True,True,False,2026-08-12,2026-08-12 16:00:00+00:00,304,AO-UEFA-50042,AO-UEFA-2600598,SK Rapid,Paide,2049199,50042,2600598,2,0,1,2,UEFA_FIELD_SCORE_90_OR_120_EXCLUDES_SHOOTOUT,False,,,AO-UEFA-50042,,,,,,,,,False,False,,,FotMob,shot_based_expected_goals,,,,,IDENTITY_AMBIGUOUS,IDENTITY_AMBIGUOUS,,,,UEFA_MATCH_ID_VERIFIED_FOTMOB_UNRESOLVED,,True,True,,,,,False
UEFA-2049201,2026/27,UECL,3rd Qualifying Round,-1,-1,UEFA-TIE-2049171,2,True,True,False,2026-08-12,2026-08-12 16:00:00+00:00,305,AO-UEFA-52709,AO-UEFA-52958,Copenhagen,Debrecen,2049201,52709,52958,5,1,1,4,UEFA_FIELD_SCORE_90_OR_120_EXCLUDES_SHOOTOUT,False,,,AO-UEFA-52709,4.84,0.42,5.26,4.42,0.9201520913,0.16,0.58,1,True,True,4.84,0.42,FotMob,shot_based_expected_goals,90_minutes,True,False,True,ELIGIBLE_90,,5955375,https://www.fotmob.com/match/5955375,2026-08-19T10:35:58+00:00,UEFA_ID_PLUS_FOTMOB_UTC_SCORE_NAME,0.7631578947,True,True,,,,,False
UEFA-2049181,2026/27,UECL,3rd Qualifying Round,-1,-1,UEFA-TIE-2049151,2,True,True,False,2026-08-13,2026-08-13 15:00:00+00:00,306,AO-UEFA-79969,AO-UEFA-50162,Tobol,Partizan,2049181,79969,50162,1,2,0,1,UEFA_FIELD_SCORE_90_OR_120_EXCLUDES_SHOOTOUT,False,,,AO-UEFA-50162,,,,,,,,,False,False,,,FotMob,shot_based_expected_goals,,,,,NO_PUBLIC_XG,NO_PUBLIC_XG,5955355,https://www.fotmob.com/match/5955355,2026-08-19T10:42:18+00:00,UEFA_ID_PLUS_FOTMOB_UTC_SCORE_NAME,0.5964912281,True,True,,,,,False
UEFA-2049177,2026/27,UECL,3rd Qualifying Round,-1,-1,UEFA-TIE-2049147,2,True,True,False,2026-08-13,2026-08-13 16:00:00+00:00,307,AO-UEFA-59341,AO-UEFA-63401,Flora Tallinn,Inter Escaldes,2049177,59341,63401,0,4,0,4,UEFA_FIELD_SCORE_90_OR_120_EXCLUDES_SHOOTOUT,False,,,AO-UEFA-63401,,,,,,,,,False,False,,,FotMob,shot_based_expected_goals,,,,,NO_PUBLIC_XG,NO_PUBLIC_XG,5955321,https://www.fotmob.com/match/5955321,2026-08-19T10:42:16+00:00,UEFA_ID_PLUS_FOTMOB_UTC_SCORE_NAME,0.9666666667,True,True,,,,,False
UEFA-2049192,2026/27,UECL,3rd Qualifying Round,-1,-1,UEFA-TIE-2049162,2,True,True,False,2026-08-13,2026-08-13 16:00:00+00:00,308,AO-UEFA-60609,AO-UEFA-52723,Qarabağ,Dynamo Kyiv,2049192,60609,52723,2,0,1,2,UEFA_FIELD_SCORE_90_OR_120_EXCLUDES_SHOOTOUT,False,,,AO-UEFA-60609,1.42,1.22,2.64,0.2,0.5378787879,0.58,-1.22,1,True,True,1.42,1.22,FotMob,shot_based_expected_goals,90_minutes,True,False,True,ELIGIBLE_90,,5955366,https://www.fotmob.com/match/5955366,2026-08-19T10:42:22+00:00,UEFA_ID_PLUS_FOTMOB_UTC_SCORE_NAME,1,True,True,,,,,False
UEFA-2049203,2026/27,UECL,3rd Qualifying Round,-1,-1,UEFA-TIE-2049173,2,True,True,False,2026-08-13,2026-08-13 16:00:00+00:00,309,AO-UEFA-2602511,AO-UEFA-52356,Ilves,Rijeka,2049203,2602511,52356,1,1,0.5,0,UEFA_FIELD_SCORE_90_OR_120_EXCLUDES_SHOOTOUT,False,,,AO-UEFA-52356,,,,,,,,,False,False,,,FotMob,shot_based_expected_goals,,,,,NO_PUBLIC_XG,NO_PUBLIC_XG,5955378,https://www.fotmob.com/match/5955378,2026-08-19T10:42:25+00:00,UEFA_ID_PLUS_FOTMOB_UTC_SCORE_NAME,1,True,True,,,,,False
UEFA-2049202,2026/27,UECL,3rd Qualifying Round,-1,-1,UEFA-TIE-2049172,2,True,True,False,2026-08-13,2026-08-13 16:30:00+00:00,310,AO-UEFA-2609104,AO-UEFA-62169,RFS,Jablonec,2049202,2609104,62169,1,2,0,1,UEFA_FIELD_SCORE_90_OR_120_EXCLUDES_SHOOTOUT,False,,,AO-UEFA-62169,,,,,,,,,False,False,,,FotMob,shot_based_expected_goals,,,,,NO_PUBLIC_XG,NO_PUBLIC_XG,5955376,https://www.fotmob.com/match/5955376,2026-08-19T10:42:25+00:00,UEFA_ID_PLUS_FOTMOB_UTC_SCORE_NAME,1,True,True,,,,,False
UEFA-2049132,2026/27,UEL,3rd Qualifying Round,-1,-1,UEFA-TIE-2049120,2,True,True,False,2026-08-13,2026-08-13 17:00:00+00:00,311,AO-UEFA-50077,AO-UEFA-2605572,Omonia,L. Red Imps,2049132,50077,2605572,1,0,1,1,UEFA_FIELD_SCORE_90_OR_120_EXCLUDES_SHOOTOUT,False,,,AO-UEFA-50077,,,,,,,,,False,False,,,FotMob,shot_based_expected_goals,,,,,NO_PUBLIC_XG,NO_PUBLIC_XG,5955021,https://www.fotmob.com/match/5955021,2026-08-19T10:42:01+00:00,UEFA_ID_PLUS_FOTMOB_UTC_SCORE_NAME,0.6846153846,True,True,,,,,False
UEFA-2049133,2026/27,UEL,3rd Qualifying Round,-1,-1,UEFA-TIE-2049121,2,True,True,False,2026-08-13,2026-08-13 17:00:00+00:00,312,AO-UEFA-2606501,AO-UEFA-52350,U. Craiova,KuPS Kuopio,2049133,2606501,52350,2,1,1,1,UEFA_FIELD_SCORE_90_OR_120_EXCLUDES_SHOOTOUT,False,,,AO-UEFA-2606501,,,,,,,,,False,False,,,FotMob,shot_based_expected_goals,,,,,NO_PUBLIC_XG,NO_PUBLIC_XG,5955023,https://www.fotmob.com/match/5955023,2026-08-19T10:42:01+00:00,UEFA_ID_PLUS_FOTMOB_UTC_SCORE_NAME,0.8,True,True,,,,,False
UEFA-2049137,2026/27,UEL,3rd Qualifying Round,-1,-1,UEFA-TIE-2049125,2,True,True,False,2026-08-13,2026-08-13 17:00:00+00:00,313,AO-UEFA-50157,AO-UEFA-59878,Beşiktaş,Hradec Králové,2049137,50157,59878,1,0,1,1,UEFA_FIELD_SCORE_90_OR_120_EXCLUDES_SHOOTOUT,False,,,AO-UEFA-50157,2.18,0.74,2.92,1.44,0.7465753425,-1.18,-0.74,1,True,True,2.18,0.74,FotMob,shot_based_expected_goals,90_minutes,True,False,True,ELIGIBLE_90,,5955031,https://www.fotmob.com/match/5955031,2026-08-19T10:42:02+00:00,UEFA_ID_PLUS_FOTMOB_UTC_SCORE_NAME,1,True,True,,,,,False
UEFA-2049140,2026/27,UEL,3rd Qualifying Round,-1,-1,UEFA-TIE-2049128,2,True,True,False,2026-08-13,2026-08-13 17:00:00+00:00,314,AO-UEFA-2609532,AO-UEFA-50030,Pafos,Salzburg,2049140,2609532,50030,3,3,0.5,0,UEFA_FIELD_SCORE_90_OR_120_EXCLUDES_SHOOTOUT,False,,,AO-UEFA-50030,1.47,2.91,4.38,-1.44,0.3356164384,1.53,0.09,0,True,True,1.47,2.91,FotMob,shot_based_expected_goals,90_minutes,True,False,True,ELIGIBLE_90,,5955036,https://www.fotmob.com/match/5955036,2026-08-19T10:42:04+00:00,UEFA_ID_PLUS_FOTMOB_UTC_SCORE_NAME,1,True,True,,,,,False
UEFA-2049144,2026/27,UEL,3rd Qualifying Round,-1,-1,UEFA-TIE-2049143,2,True,True,False,2026-08-13,2026-08-13 17:00:00+00:00,315,AO-UEFA-50063,AO-UEFA-52298,Górnik Zabrze,Ferencváros,2049144,50063,52298,1,1,0.5,0,UEFA_FIELD_SCORE_90_OR_120_EXCLUDES_SHOOTOUT,False,,,AO-UEFA-52298,1.95,0.77,2.72,1.18,0.7169117647,-0.95,0.23,1,True,True,1.95,0.77,FotMob,shot_based_expected_goals,90_minutes,True,False,True,ELIGIBLE_90,,5955041,https://www.fotmob.com/match/5955041,2026-08-19T10:42:06+00:00,UEFA_ID_PLUS_FOTMOB_UTC_SCORE_NAME,1,True,True,,,,,False
UEFA-2049176,2026/27,UECL,3rd Qualifying Round,-1,-1,UEFA-TIE-2049146,2,True,True,False,2026-08-13,2026-08-13 17:00:00+00:00,316,AO-UEFA-2613945,AO-UEFA-50104,ML Vitebsk,Borac,2049176,2613945,50104,2,1,1,1,UEFA_FIELD_SCORE_90_OR_120_EXCLUDES_SHOOTOUT,True,2,4,AO-UEFA-50104,,,,,,,,,False,False,,,FotMob,shot_based_expected_goals,,,,,NO_PUBLIC_XG,NO_PUBLIC_XG,5955350,https://www.fotmob.com/match/5955350,2026-08-19T10:42:16+00:00,UEFA_ID_PLUS_FOTMOB_UTC_SCORE_NAME,0.7380952381,True,True,,,,,False
UEFA-2049186,2026/27,UECL,3rd Qualifying Round,-1,-1,UEFA-TIE-2049156,2,True,True,False,2026-08-13,2026-08-13 17:00:00+00:00,317,AO-UEFA-50161,AO-UEFA-52336,Dinamo-Minsk,Braga,2049186,50161,52336,0,0,0.5,0,UEFA_FIELD_SCORE_90_OR_120_EXCLUDES_SHOOTOUT,False,,,AO-UEFA-52336,,,,,,,,,False,False,,,FotMob,shot_based_expected_goals,,,,,NO_PUBLIC_XG,NO_PUBLIC_XG,5955360,https://www.fotmob.com/match/5955360,2026-08-19T10:42:20+00:00,UEFA_ID_PLUS_FOTMOB_UTC_SCORE_NAME,1,True,True,,,,,False
UEFA-2049187,2026/27,UECL,3rd Qualifying Round,-1,-1,UEFA-TIE-2049157,2,True,True,False,2026-08-13,2026-08-13 17:00:00+00:00,318,AO-UEFA-79940,AO-UEFA-50057,Nordsjælland,Valur,2049187,79940,50057,5,0,1,5,UEFA_FIELD_SCORE_90_OR_120_EXCLUDES_SHOOTOUT,False,,,AO-UEFA-79940,5.2,0.4,5.6,4.8,0.9285714286,-0.2,-0.4,1,True,True,5.2,0.4,FotMob,shot_based_expected_goals,90_minutes,True,False,True,ELIGIBLE_90,,5955361,https://www.fotmob.com/match/5955361,2026-08-19T10:42:20+00:00,UEFA_ID_PLUS_FOTMOB_UTC_SCORE_NAME,1,True,True,,,,,False
UEFA-2049191,2026/27,UECL,3rd Qualifying Round,-1,-1,UEFA-TIE-2049161,2,True,True,False,2026-08-13,2026-08-13 17:00:00+00:00,319,AO-UEFA-53001,AO-UEFA-88131,Tromsø,CFR Cluj,2049191,53001,88131,2,1,1,1,UEFA_FIELD_SCORE_90_OR_120_EXCLUDES_SHOOTOUT,False,,,AO-UEFA-53001,,,,,,,,,False,False,,,FotMob,shot_based_expected_goals,,,,,NO_PUBLIC_XG,NO_PUBLIC_XG,5955365,https://www.fotmob.com/match/5955365,2026-08-19T10:42:21+00:00,UEFA_ID_PLUS_FOTMOB_UTC_SCORE_NAME,1,True,True,,,,,False
UEFA-2049195,2026/27,UECL,3rd Qualifying Round,-1,-1,UEFA-TIE-2049165,2,True,True,False,2026-08-13,2026-08-13 17:00:00+00:00,320,AO-UEFA-52343,AO-UEFA-60566,Hammarby,Raków,2049195,52343,60566,0,1,0,1,UEFA_FIELD_SCORE_90_OR_120_EXCLUDES_SHOOTOUT,False,,,AO-UEFA-60566,,,,,,,,,False,False,,,FotMob,shot_based_expected_goals,,,,,NO_PUBLIC_XG,NO_PUBLIC_XG,5955369,https://www.fotmob.com/match/5955369,2026-08-19T10:42:23+00:00,UEFA_ID_PLUS_FOTMOB_UTC_SCORE_NAME,0.7272727273,True,True,,,,,False
UEFA-2049200,2026/27,UECL,3rd Qualifying Round,-1,-1,UEFA-TIE-2049170,2,True,True,False,2026-08-13,2026-08-13 17:00:00+00:00,321,AO-UEFA-75795,AO-UEFA-52375,Midtjylland,Bohemians,2049200,75795,52375,3,2,1,1,UEFA_FIELD_SCORE_90_OR_120_EXCLUDES_SHOOTOUT,False,,,AO-UEFA-75795,2.82,0.81,3.63,2.01,0.7768595041,0.18,1.19,1,True,True,2.82,0.81,FotMob,shot_based_expected_goals,90_minutes,True,False,True,ELIGIBLE_90,,5955374,https://www.fotmob.com/match/5955374,2026-08-19T10:42:24+00:00,UEFA_ID_PLUS_FOTMOB_UTC_SCORE_NAME,0.9705882353,True,True,,,,,False
UEFA-2049204,2026/27,UECL,3rd Qualifying Round,-1,-1,UEFA-TIE-2049174,2,True,True,False,2026-08-13,2026-08-13 17:00:00+00:00,322,AO-UEFA-50156,AO-UEFA-52818,DAC 1904,Twente,2049204,50156,52818,3,3,0.5,0,UEFA_FIELD_SCORE_90_OR_120_EXCLUDES_SHOOTOUT,False,,,AO-UEFA-52818,2.09,1.64,3.73,0.45,0.5603217158,0.91,1.36,1,True,True,2.09,1.64,FotMob,shot_based_expected_goals,90_minutes,True,False,True,ELIGIBLE_90,,5955377,https://www.fotmob.com/match/5955377,2026-08-19T10:42:26+00:00,UEFA_ID_PLUS_FOTMOB_UTC_SCORE_NAME,0.75,True,True,,,,,False
UEFA-2049136,2026/27,UEL,3rd Qualifying Round,-1,-1,UEFA-TIE-2049124,2,True,True,False,2026-08-13,2026-08-13 17:30:00+00:00,323,AO-UEFA-52697,AO-UEFA-80409,Víkingur R.,Thun,2049136,52697,80409,3,2,1,1,UEFA_FIELD_SCORE_90_OR_120_EXCLUDES_SHOOTOUT,False,,,AO-UEFA-80409,1.7,1.11,2.81,0.59,0.6049822064,1.3,0.89,1,True,True,1.7,1.11,FotMob,shot_based_expected_goals,90_minutes,True,False,True,ELIGIBLE_90,,5955029,https://www.fotmob.com/match/5955029,2026-08-19T10:42:02+00:00,UEFA_ID_PLUS_FOTMOB_UTC_SCORE_NAME,0.8571428571,True,True,,,,,False
UEFA-2049179,2026/27,UECL,3rd Qualifying Round,-1,-1,UEFA-TIE-2049149,2,True,True,False,2026-08-13,2026-08-13 17:30:00+00:00,324,AO-UEFA-57482,AO-UEFA-64161,Vaduz,Inter Turku,2049179,57482,64161,2,2,0.5,0,UEFA_FIELD_SCORE_90_OR_120_EXCLUDES_SHOOTOUT,False,,,AO-UEFA-64161,,,,,,,,,False,False,,,FotMob,shot_based_expected_goals,,,,,NO_PUBLIC_XG,NO_PUBLIC_XG,5955353,https://www.fotmob.com/match/5955353,2026-08-19T10:42:17+00:00,UEFA_ID_PLUS_FOTMOB_UTC_SCORE_NAME,1,True,True,,,,,False
UEFA-2049194,2026/27,UECL,3rd Qualifying Round,-1,-1,UEFA-TIE-2049164,2,True,True,False,2026-08-13,2026-08-13 17:30:00+00:00,325,AO-UEFA-64150,AO-UEFA-8538,Runavík,Lugano,2049194,64150,8538,2,2,0.5,0,UEFA_FIELD_SCORE_90_OR_120_EXCLUDES_SHOOTOUT,False,,,AO-UEFA-8538,1.45,2.61,4.06,-1.16,0.3571428571,0.55,-0.61,0,True,True,1.45,2.61,FotMob,shot_based_expected_goals,90_minutes,True,False,True,ELIGIBLE_90,,5955368,https://www.fotmob.com/match/5955368,2026-08-19T10:42:23+00:00,UEFA_ID_PLUS_FOTMOB_UTC_SCORE_NAME,0.8888888889,True,True,,,,,False
UEFA-2049142,2026/27,UEL,3rd Qualifying Round,-1,-1,UEFA-TIE-2049130,2,True,True,False,2026-08-13,2026-08-13 18:00:00+00:00,326,AO-UEFA-2608297,AO-UEFA-57477,CSKA Sofia,M. Tel-Aviv,2049142,2608297,57477,1,3,0,2,UEFA_FIELD_SCORE_90_OR_120_EXCLUDES_SHOOTOUT,False,,,AO-UEFA-2608297,,,,,,,,,False,False,,,FotMob,shot_based_expected_goals,,,,,NO_PUBLIC_XG,NO_PUBLIC_XG,5955043,https://www.fotmob.com/match/5955043,2026-08-19T10:42:04+00:00,UEFA_ID_PLUS_FOTMOB_UTC_SCORE_NAME,0.8846153846,True,True,,,,,False
UEFA-2049175,2026/27,UECL,3rd Qualifying Round,-1,-1,UEFA-TIE-2049145,2,True,True,False,2026-08-13,2026-08-13 18:00:00+00:00,327,AO-UEFA-2608290,AO-UEFA-64514,Drita,Tre Fiori,2049175,2608290,64514,5,0,1,5,UEFA_FIELD_SCORE_90_OR_120_EXCLUDES_SHOOTOUT,False,,,AO-UEFA-2608290,,,,,,,,,False,False,,,FotMob,shot_based_expected_goals,,,,,NO_PUBLIC_XG,NO_PUBLIC_XG,5955349,https://www.fotmob.com/match/5955349,2026-08-19T10:42:16+00:00,UEFA_ID_PLUS_FOTMOB_UTC_SCORE_NAME,1,True,True,,,,,False
UEFA-2049188,2026/27,UECL,3rd Qualifying Round,-1,-1,UEFA-TIE-2049158,2,True,True,False,2026-08-13,2026-08-13 18:00:00+00:00,328,AO-UEFA-51151,AO-UEFA-69606,St. Gallen,Sheriff,2049188,51151,69606,5,1,1,4,UEFA_FIELD_SCORE_90_OR_120_EXCLUDES_SHOOTOUT,False,,,AO-UEFA-51151,3.53,1.14,4.67,2.39,0.755888651,1.47,-0.14,1,True,True,3.53,1.14,FotMob,shot_based_expected_goals,90_minutes,True,False,True,ELIGIBLE_90,,5955362,https://www.fotmob.com/match/5955362,2026-08-19T10:42:20+00:00,UEFA_ID_PLUS_FOTMOB_UTC_SCORE_NAME,1,True,True,,,,,False
UEFA-2049197,2026/27,UECL,3rd Qualifying Round,-1,-1,UEFA-TIE-2049167,2,True,True,False,2026-08-13,2026-08-13 18:00:00+00:00,329,AO-UEFA-75807,AO-UEFA-52821,Shkëndija,Hibernian,2049197,75807,52821,0,0,0.5,0,UEFA_FIELD_SCORE_90_OR_120_EXCLUDES_SHOOTOUT,False,,,AO-UEFA-52821,,,,,,,,,False,False,,,FotMob,shot_based_expected_goals,,,,,NO_PUBLIC_XG,NO_PUBLIC_XG,5955371,https://www.fotmob.com/match/5955371,2026-08-19T10:42:24+00:00,UEFA_ID_PLUS_FOTMOB_UTC_SCORE_NAME,0.9285714286,True,True,,,,,False
UEFA-2049185,2026/27,UECL,3rd Qualifying Round,-1,-1,UEFA-TIE-2049155,2,True,True,False,2026-08-13,2026-08-13 18:15:00+00:00,330,AO-UEFA-52824,AO-UEFA-2609987,Sion,Noah,2049185,52824,2609987,2,1,1,1,UEFA_FIELD_SCORE_90_OR_120_EXCLUDES_SHOOTOUT,False,,,AO-UEFA-52824,2.67,0.98,3.65,1.69,0.7315068493,-0.67,0.02,1,True,True,2.67,0.98,FotMob,shot_based_expected_goals,90_minutes,True,False,True,ELIGIBLE_90,,5955359,https://www.fotmob.com/match/5955359,2026-08-19T10:42:19+00:00,UEFA_ID_PLUS_FOTMOB_UTC_SCORE_NAME,1,True,True,,,,,False
UEFA-2049138,2026/27,UEL,3rd Qualifying Round,-1,-1,UEFA-TIE-2049126,2,True,True,False,2026-08-13,2026-08-13 18:30:00+00:00,331,AO-UEFA-50121,AO-UEFA-2600277,Rangers,Jagiellonia,2049138,50121,2600277,1,1,0.5,0,UEFA_FIELD_SCORE_90_OR_120_EXCLUDES_SHOOTOUT,False,,,AO-UEFA-2600277,,,,,,,,,False,False,,,FotMob,shot_based_expected_goals,,,,,NO_PUBLIC_XG,NO_PUBLIC_XG,5955033,https://www.fotmob.com/match/5955033,2026-08-19T10:42:03+00:00,UEFA_ID_PLUS_FOTMOB_UTC_SCORE_NAME,0.84375,True,True,,,,,False
UEFA-2049139,2026/27,UEL,3rd Qualifying Round,-1,-1,UEFA-TIE-2049127,2,True,True,False,2026-08-13,2026-08-13 18:30:00+00:00,332,AO-UEFA-50074,AO-UEFA-50130,Anderlecht,PAOK,2049139,50074,50130,3,2,1,1,UEFA_FIELD_SCORE_90_OR_120_EXCLUDES_SHOOTOUT,False,,,AO-UEFA-50074,2.12,2.19,4.31,-0.07,0.4918793503,0.88,-0.19,0,True,True,2.12,2.19,FotMob,shot_based_expected_goals,90_minutes,True,False,True,ELIGIBLE_90,,5955035,https://www.fotmob.com/match/5955035,2026-08-19T10:42:03+00:00,UEFA_ID_PLUS_FOTMOB_UTC_SCORE_NAME,0.6904761905,True,True,,,,,False
UEFA-2049178,2026/27,UECL,3rd Qualifying Round,-1,-1,UEFA-TIE-2049148,2,True,True,False,2026-08-13,2026-08-13 18:30:00+00:00,333,AO-UEFA-52287,AO-UEFA-2607924,Győri ETO,Riga,2049178,52287,2607924,1,1,0.5,0,UEFA_FIELD_SCORE_90_OR_120_EXCLUDES_SHOOTOUT,False,,,AO-UEFA-2607924,2.03,2.43,4.46,-0.4,0.4551569507,-1.03,-1.43,0,True,True,2.03,2.43,FotMob,shot_based_expected_goals,90_minutes,True,False,True,ELIGIBLE_90,,5955352,https://www.fotmob.com/match/5955352,2026-08-19T10:42:17+00:00,UEFA_ID_PLUS_FOTMOB_UTC_SCORE_NAME,1,True,True,,,,,False
UEFA-2049190,2026/27,UECL,3rd Qualifying Round,-1,-1,UEFA-TIE-2049160,2,True,True,False,2026-08-13,2026-08-13 18:30:00+00:00,334,AO-UEFA-50110,AO-UEFA-59034,Austria Wien,Beitar,2049190,50110,59034,1,2,0,1,UEFA_FIELD_SCORE_90_OR_120_EXCLUDES_SHOOTOUT,True,4,2,AO-UEFA-50110,1.38,1.71,3.09,-0.33,0.4466019417,-0.38,0.29,0,True,True,1.38,1.71,FotMob,shot_based_expected_goals,120_minutes_including_extra_time,True,True,True,ELIGIBLE_120,,5955364,https://www.fotmob.com/match/5955364,2026-08-19T10:42:21+00:00,UEFA_ID_PLUS_FOTMOB_UTC_SCORE_NAME,0.7727272727,True,True,,,,,False
UEFA-2049196,2026/27,UECL,3rd Qualifying Round,-1,-1,UEFA-TIE-2049166,2,True,True,False,2026-08-13,2026-08-13 18:30:00+00:00,335,AO-UEFA-53035,AO-UEFA-50052,Motherwell,HJK,2049196,53035,50052,2,0,1,2,UEFA_FIELD_SCORE_90_OR_120_EXCLUDES_SHOOTOUT,False,,,AO-UEFA-53035,,,,,,,,,False,False,,,FotMob,shot_based_expected_goals,,,,,NO_PUBLIC_XG,NO_PUBLIC_XG,5955370,https://www.fotmob.com/match/5955370,2026-08-19T10:42:23+00:00,UEFA_ID_PLUS_FOTMOB_UTC_SCORE_NAME,1,True,True,,,,,False
UEFA-2049198,2026/27,UECL,3rd Qualifying Round,-1,-1,UEFA-TIE-2049168,2,True,True,False,2026-08-13,2026-08-13 18:30:00+00:00,336,AO-UEFA-4608,AO-UEFA-50066,Gent,IFK Göteborg,2049198,4608,50066,1,1,0.5,0,UEFA_FIELD_SCORE_90_OR_120_EXCLUDES_SHOOTOUT,False,,,AO-UEFA-4608,,,,,,,,,False,False,,,FotMob,shot_based_expected_goals,,,,,NO_PUBLIC_XG,NO_PUBLIC_XG,5955372,https://www.fotmob.com/match/5955372,2026-08-19T10:42:24+00:00,UEFA_ID_PLUS_FOTMOB_UTC_SCORE_NAME,1,True,True,,,,,False
UEFA-2049141,2026/27,UEL,3rd Qualifying Round,-1,-1,UEFA-TIE-2049129,2,True,True,False,2026-08-13,2026-08-13 18:45:00+00:00,337,AO-UEFA-50120,AO-UEFA-50147,Hearts,Benfica,2049141,50120,50147,1,1,0.5,0,UEFA_FIELD_SCORE_90_OR_120_EXCLUDES_SHOOTOUT,False,,,AO-UEFA-50147,0.68,1.12,1.8,-0.44,0.3777777778,0.32,-0.12,0,True,True,0.68,1.12,FotMob,shot_based_expected_goals,90_minutes,True,False,True,ELIGIBLE_90,,5955039,https://www.fotmob.com/match/5955039,2026-08-19T10:42:04+00:00,UEFA_ID_PLUS_FOTMOB_UTC_SCORE_NAME,0.7,True,True,,,,,False
UEFA-2049183,2026/27,UECL,3rd Qualifying Round,-1,-1,UEFA-TIE-2049153,2,True,True,False,2026-08-13,2026-08-13 18:45:00+00:00,338,AO-UEFA-53020,AO-UEFA-50143,Shelbourne,Ajax,2049183,53020,50143,2,2,0.5,0,UEFA_FIELD_SCORE_90_OR_120_EXCLUDES_SHOOTOUT,False,,,AO-UEFA-50143,0.69,1.13,1.82,-0.44,0.3791208791,1.31,0.87,0,True,True,0.69,1.13,FotMob,shot_based_expected_goals,90_minutes,True,False,True,ELIGIBLE_90,,5955357,https://www.fotmob.com/match/5955357,2026-08-19T10:42:19+00:00,UEFA_ID_PLUS_FOTMOB_UTC_SCORE_NAME,1,True,True,,,,,False
UEFA-2049134,2026/27,UEL,3rd Qualifying Round,-1,-1,UEFA-TIE-2049122,2,True,True,False,2026-08-13,2026-08-13 19:00:00+00:00,339,AO-UEFA-88148,AO-UEFA-52381,Egnatia,Shamrock Rovers,2049134,88148,52381,5,1,1,4,UEFA_FIELD_SCORE_90_OR_120_EXCLUDES_SHOOTOUT,False,,,AO-UEFA-88148,,,,,,,,,False,False,,,FotMob,shot_based_expected_goals,,,,,NO_PUBLIC_XG,NO_PUBLIC_XG,5955025,https://www.fotmob.com/match/5955025,2026-08-19T10:42:01+00:00,UEFA_ID_PLUS_FOTMOB_UTC_SCORE_NAME,1,True,True,,,,,False
UEFA-2049180,2026/27,UECL,3rd Qualifying Round,-1,-1,UEFA-TIE-2049150,2,True,True,False,2026-08-13,2026-08-13 19:00:00+00:00,340,AO-UEFA-52359,AO-UEFA-2602334,Hajduk Split,Žalgiris,2049180,52359,2602334,4,0,1,4,UEFA_FIELD_SCORE_90_OR_120_EXCLUDES_SHOOTOUT,False,,,AO-UEFA-52359,,,,,,,,,False,False,,,FotMob,shot_based_expected_goals,,,,,NO_PUBLIC_XG,NO_PUBLIC_XG,5955354,https://www.fotmob.com/match/5955354,2026-08-19T10:42:18+00:00,UEFA_ID_PLUS_FOTMOB_UTC_SCORE_NAME,0.8333333333,True,True,,,,,False
UEFA-2049184,2026/27,UECL,3rd Qualifying Round,-1,-1,UEFA-TIE-2049154,2,True,True,False,2026-08-13,2026-08-13 19:00:00+00:00,341,AO-UEFA-52792,AO-UEFA-79556,Dinamo City,Auda,2049184,52792,79556,4,0,1,4,UEFA_FIELD_SCORE_90_OR_120_EXCLUDES_SHOOTOUT,False,,,AO-UEFA-52792,,,,,,,,,False,False,,,FotMob,shot_based_expected_goals,,,,,NO_PUBLIC_XG,NO_PUBLIC_XG,5955358,https://www.fotmob.com/match/5955358,2026-08-19T10:42:19+00:00,UEFA_ID_PLUS_FOTMOB_UTC_SCORE_NAME,1,True,True,,,,,False
UEFA-2049135,2026/27,UEL,3rd Qualifying Round,-1,-1,UEFA-TIE-2049123,2,True,True,False,2026-08-14,2026-08-14 18:00:00+00:00,342,AO-UEFA-57475,AO-UEFA-64227,Klaksvík,Lech Poznań,2049135,57475,64227,0,5,0,5,UEFA_FIELD_SCORE_90_OR_120_EXCLUDES_SHOOTOUT,False,,,AO-UEFA-64227,,,,,,,,,False,False,,,FotMob,shot_based_expected_goals,,,,,NO_PUBLIC_XG,NO_PUBLIC_XG,5955027,https://www.fotmob.com/match/5955027,2026-08-19T10:42:02+00:00,UEFA_ID_PLUS_FOTMOB_UTC_SCORE_NAME,1,True,True,,,,,False
