candidate,season,competition,teams,ranking_score,pairwise_accuracy,top_quartile_precision,rank_percentile_mae,zero_exposure_teams,zero_exposure_rank_mae,zero_exposure_mean_overrank,zero_exposure_extreme_overrank_count
country_current,2018/19,UCL,79,0.5486993683339222,0.7150997150997151,0.45,0.21246595096939594,1,0.5443037974683544,0.0,0
country_current,2018/19,UEL,213,0.3983467307048803,0.6548772361474191,0.5555555555555556,0.25010469703982896,30,0.23560250391236306,0.1650234741784038,4
country_current,2018/19,UECL,0,,,0.0,,0,0.0,0.0,0
country_current,2019/20,UCL,79,0.43859906837068213,0.6735959153902261,0.4,0.24835763499439184,3,0.31012658227848094,0.012658227848101259,0
country_current,2019/20,UEL,213,0.36647477459937855,0.6377687157025625,0.42592592592592593,0.25684939055302075,25,0.26028169014084507,0.18272300469483568,6
country_current,2019/20,UECL,0,,,0.0,,0,0.0,0.0,0
country_current,2020/21,UCL,79,0.47436658147735195,0.6937452326468345,0.55,0.22784810126582283,1,0.07594936708860761,0.07594936708860761,0
country_current,2020/21,UEL,213,0.42486918696819453,0.6806770743981243,0.5185185185185185,0.2440873724349225,34,0.23425849212924607,0.15644849489091409,7
country_current,2020/21,UECL,0,,,0.0,,0,0.0,0.0,0
country_current,2021/22,UCL,80,0.4528781510669788,0.6693324061196105,0.4,0.24500000000000002,0,0.0,0.0,0
country_current,2021/22,UEL,58,0.39378221222270715,0.6489434219495569,0.4,0.25891795481569563,1,0.03448275862068967,0.03448275862068967,0
country_current,2021/22,UECL,181,0.35534974420328447,0.6387478849407784,0.5,0.2581728274472696,31,0.2477276777757975,0.15879522366779533,4
country_current,2022/23,UCL,78,0.3596810580384805,0.6356531447711202,0.55,0.25476660092044706,2,0.16666666666666666,0.08012820512820512,0
country_current,2022/23,UEL,57,0.3559737546982147,0.6319396847155586,0.4,0.25238534933825796,5,0.21228070175438596,0.12280701754385963,0
country_current,2022/23,UECL,177,0.34510956537959897,0.6339292337363697,0.4666666666666667,0.26084458488939954,19,0.26984834968777877,0.18465655664585193,6
country_current,2023/24,UCL,78,0.4285030794746487,0.6683861459100958,0.45,0.232577251808021,2,0.141025641025641,0.11538461538461539,0
country_current,2023/24,UEL,57,0.66644851023963,0.7565698478561549,0.5333333333333333,0.18436441982148358,3,0.3333333333333333,0.10526315789473684,0
country_current,2023/24,UECL,178,0.3502162507537031,0.633656103286385,0.4666666666666667,0.2592160080797879,23,0.2900586223742062,0.17892037127503663,5
country_current,2024/25,UCL,81,0.4713238154266587,0.6767270288397049,0.38095238095238093,0.23014784331656762,6,0.12654320987654322,0.08641975308641973,0
country_current,2024/25,UEL,76,0.4414386443961296,0.6690251572327044,0.5263157894736842,0.2493074792243767,9,0.2858187134502923,0.17690058479532164,3
country_current,2024/25,UECL,164,0.36294339832960587,0.6444986072423399,0.4634146341463415,0.25301160023795366,31,0.2686860739575138,0.1960070810385523,7
country_current,2025/26,UCL,82,0.4332182888691667,0.6704918032786885,0.38095238095238093,0.24449732302201074,1,0.12804878048780488,0.12804878048780488,0
country_current,2025/26,UEL,77,0.4300506417158352,0.6661484648270501,0.55,0.2420306965761511,6,0.22727272727272732,0.16233766233766234,0
country_current,2025/26,UECL,164,0.328474240593087,0.6247219846022242,0.3902439024390244,0.26557852468768595,23,0.25795334040296924,0.1753711558854719,5
country_b15_g0.6_c100,2018/19,UCL,79,0.5552469172923415,0.7174145299145299,0.45,0.21278641243390484,1,0.5443037974683544,0.0,0
country_b15_g0.6_c100,2018/19,UEL,213,0.3900054498408716,0.6524168332564457,0.5370370370370371,0.25338887786814784,30,0.242018779342723,0.1765258215962441,4
country_b15_g0.6_c100,2018/19,UECL,0,,,0.0,,0,0.0,0.0,0
country_b15_g0.6_c100,2019/20,UCL,79,0.43592763729463013,0.6741429613420861,0.4,0.2473962506008652,3,0.2974683544303797,0.021097046413502112,0
country_b15_g0.6_c100,2019/20,UEL,213,0.35507202499675894,0.6328600916276494,0.42592592592592593,0.2578632987282064,25,0.26497652582159625,0.19098591549295776,6
country_b15_g0.6_c100,2019/20,UECL,0,,,0.0,,0,0.0,0.0,0
country_b15_g0.6_c100,2020/21,UCL,79,0.47740726737741623,0.6943173150266971,0.55,0.22624579394327832,1,0.12658227848101264,0.12658227848101264,0
country_b15_g0.6_c100,2020/21,UEL,213,0.42158606261561954,0.6799336650082919,0.5185185185185185,0.24417553836319955,34,0.2255592377796189,0.15976249654791494,7
country_b15_g0.6_c100,2020/21,UECL,0,,,0.0,,0,0.0,0.0,0
country_b15_g0.6_c100,2021/22,UCL,80,0.45502743180765604,0.6700278164116829,0.4,0.24515625000000002,0,0.0,0.0,0
country_b15_g0.6_c100,2021/22,UEL,58,0.3734899443404161,0.6428084526244036,0.4,0.26397146254458975,1,0.0517241379310345,0.0517241379310345,0
country_b15_g0.6_c100,2021/22,UECL,181,0.3549058799266035,0.637901861252115,0.5,0.2596685082872928,31,0.25004455533772946,0.1734984851185172,4
country_b15_g0.6_c100,2022/23,UCL,78,0.36690339537084843,0.6393747673985858,0.55,0.25427350427350426,2,0.1858974358974359,0.09294871794871795,0
country_b15_g0.6_c100,2022/23,UEL,57,0.32742737300401553,0.6199451679232351,0.4,0.2600800246229609,5,0.2192982456140351,0.12631578947368421,0
country_b15_g0.6_c100,2022/23,UECL,177,0.3320932497410826,0.6290334544915066,0.4444444444444444,0.26253630821283797,19,0.2627118644067797,0.196104668450788,6
country_b15_g0.6_c100,2023/24,UCL,78,0.4293666519789579,0.66930729550479,0.45,0.23175542406311642,2,0.10256410256410253,0.07692307692307693,0
country_b15_g0.6_c100,2023/24,UEL,57,0.6591493590297957,0.7524204702627939,0.5333333333333333,0.18436441982148355,3,0.38011695906432746,0.09941520467836258,0
country_b15_g0.6_c100,2023/24,UECL,178,0.34851704297397945,0.634206279342723,0.4444444444444444,0.2601944198964777,23,0.27955544699560336,0.18832437713727404,5
country_b15_g0.6_c100,2024/25,UCL,81,0.4718266782514174,0.6752179745137492,0.38095238095238093,0.2280140222527054,6,0.09979423868312758,0.06584362139917695,0
country_b15_g0.6_c100,2024/25,UEL,76,0.42869220895304205,0.6654874213836478,0.5263157894736842,0.25259695290858725,9,0.2931286549707602,0.18128654970760233,3
country_b15_g0.6_c100,2024/25,UECL,164,0.3552132837729193,0.6418001392757661,0.4634146341463415,0.2539782867340869,31,0.26573564122738,0.20859559402045635,7
country_b15_g0.6_c100,2025/26,UCL,82,0.4295753815194012,0.6675409836065573,0.38095238095238093,0.24434860202260558,1,0.21341463414634146,0.21341463414634146,0
country_b15_g0.6_c100,2025/26,UEL,77,0.41263219734065204,0.6577924601632336,0.55,0.24641592174059712,6,0.2792207792207792,0.16017316017316016,0
country_b15_g0.6_c100,2025/26,UECL,164,0.3144842474863434,0.6166809238665526,0.3902439024390244,0.27070939916716236,23,0.27757158006362664,0.18955461293743375,6
country_b15_g0.6_c140,2018/19,UCL,79,0.5403273840779819,0.7113603988603988,0.45,0.21599102707899373,1,0.5443037974683544,0.0,0
country_b15_g0.6_c140,2018/19,UEL,213,0.3871842732579474,0.6505202726946537,0.5370370370370371,0.25647468535784346,30,0.25062597809076687,0.19491392801251958,4
country_b15_g0.6_c140,2018/19,UECL,0,,,0.0,,0,0.0,0.0,0
country_b15_g0.6_c140,2019/20,UCL,79,0.42879259554216115,0.6719547775346463,0.4,0.2506008652459541,3,0.2974683544303797,0.021097046413502112,0
country_b15_g0.6_c140,2019/20,UEL,213,0.3409682687725582,0.6286814680561849,0.4444444444444444,0.261985055875157,25,0.27380281690140845,0.21633802816901407,8
country_b15_g0.6_c140,2019/20,UECL,0,,,0.0,,0,0.0,0.0,0
country_b15_g0.6_c140,2020/21,UCL,79,0.47256099771195925,0.6931731502669718,0.55,0.22880948565934953,1,0.13924050632911392,0.13924050632911392,0
country_b15_g0.6_c140,2020/21,UEL,213,0.39613507622978356,0.6683822267970493,0.5185185185185185,0.2491128303467125,34,0.246133664733499,0.19607843137254902,8
country_b15_g0.6_c140,2020/21,UECL,0,,,0.0,,0,0.0,0.0,0
country_b15_g0.6_c140,2021/22,UCL,80,0.45463750957318044,0.6696801112656467,0.4,0.24546874999999999,0,0.0,0.0,0
country_b15_g0.6_c140,2021/22,UEL,58,0.3961823729399674,0.6482617586912065,0.4,0.2612960760998811,1,0.10344827586206898,0.10344827586206898,0
country_b15_g0.6_c140,2021/22,UECL,181,0.3487901887610634,0.6354342921601804,0.4782608695652174,0.2615304783126278,31,0.2785599714845838,0.2214400285154161,6
country_b15_g0.6_c140,2022/23,UCL,78,0.34654151836776254,0.6319315221436547,0.55,0.25871137409598943,2,0.17307692307692307,0.09935897435897437,0
country_b15_g0.6_c140,2022/23,UEL,57,0.3395730560829898,0.6261137765592872,0.4,0.2573099415204679,5,0.2333333333333333,0.15614035087719297,0
country_b15_g0.6_c140,2022/23,UECL,177,0.32999426872308707,0.6260663155552258,0.4888888888888889,0.2636854033004564,19,0.2659827534939043,0.22271781147784717,6
country_b15_g0.6_c140,2023/24,UCL,78,0.42389538844699076,0.667096536477524,0.45,0.2292899408284024,2,0.11538461538461539,0.11538461538461539,0
country_b15_g0.6_c140,2023/24,UEL,57,0.6599676495241718,0.7551867219917012,0.5333333333333333,0.185595567867036,3,0.3567251461988305,0.12280701754385966,1
country_b15_g0.6_c140,2023/24,UECL,178,0.35543215352588564,0.6375806924882629,0.4444444444444444,0.2576063628329756,23,0.29836345872007813,0.23290180752320475,6
country_b15_g0.6_c140,2024/25,UCL,81,0.4572185132178526,0.6691817572099262,0.38095238095238093,0.23289132754153333,6,0.13065843621399179,0.10905349794238683,1
country_b15_g0.6_c140,2024/25,UEL,76,0.41875220127020035,0.6568396226415094,0.5263157894736842,0.2558864265927977,9,0.2872807017543859,0.20906432748538012,4
country_b15_g0.6_c140,2024/25,UECL,164,0.34917992244719065,0.6384923398328691,0.43902439024390244,0.25568857822724567,31,0.28225806451612906,0.2521636506687648,8
country_b15_g0.6_c140,2025/26,UCL,82,0.42346175514499224,0.6655737704918033,0.38095238095238093,0.24657941701368233,1,0.2378048780487805,0.2378048780487805,0
country_b15_g0.6_c140,2025/26,UEL,77,0.41744404032414445,0.6609016712009328,0.55,0.24742789677854618,6,0.2922077922077922,0.21645021645021645,2
country_b15_g0.6_c140,2025/26,UECL,164,0.30176957763386675,0.611633875106929,0.4146341463414634,0.2750223081499108,23,0.2852598091198303,0.22998409331919403,7
country_b15_g0.6_c180,2018/19,UCL,79,0.529649558745437,0.7063746438746439,0.45,0.21887518025957373,1,0.5443037974683544,0.0,0
country_b15_g0.6_c180,2018/19,UEL,213,0.3818128841150291,0.6480086114101185,0.5185185185185185,0.259119663206154,30,0.2662754303599374,0.21588419405320813,5
country_b15_g0.6_c180,2018/19,UECL,0,,,0.0,,0,0.0,0.0,0
country_b15_g0.6_c180,2019/20,UCL,79,0.42195330681570115,0.6679431072210066,0.4,0.25156224963948076,3,0.2974683544303797,0.021097046413502112,0
country_b15_g0.6_c180,2019/20,UEL,213,0.3247076889602561,0.6239993958616523,0.4074074074074074,0.2658202737552073,25,0.28356807511737087,0.23924882629107982,10
country_b15_g0.6_c180,2019/20,UECL,0,,,0.0,,0,0.0,0.0,0
country_b15_g0.6_c180,2020/21,UCL,79,0.46890765596415324,0.6924103737604882,0.55,0.2308924851786572,1,0.12658227848101264,0.12658227848101264,0
country_b15_g0.6_c180,2020/21,UEL,213,0.3678885965347019,0.655801452507577,0.5370370370370371,0.25585752385990435,34,0.2665700082850041,0.22611157138911903,10
country_b15_g0.6_c180,2020/21,UECL,0,,,0.0,,0,0.0,0.0,0
country_b15_g0.6_c180,2021/22,UCL,80,0.4476779884790567,0.6665507649513213,0.4,0.24718749999999998,0,0.0,0.0,0
country_b15_g0.6_c180,2021/22,UEL,58,0.4330887403326441,0.6639400136332652,0.4,0.2520808561236624,1,0.20689655172413793,0.20689655172413793,0
country_b15_g0.6_c180,2021/22,UECL,181,0.33613031851392633,0.6304991539763113,0.4782608695652174,0.26348402063429077,31,0.2999465335947247,0.25779718410265545,11
country_b15_g0.6_c180,2022/23,UCL,78,0.3407037656761627,0.6311871976181616,0.55,0.25986193293885596,2,0.14102564102564102,0.11217948717948717,0
country_b15_g0.6_c180,2022/23,UEL,57,0.34691923536462754,0.6309115832762165,0.4,0.2573099415204679,5,0.29298245614035084,0.2333333333333333,2
country_b15_g0.6_c180,2022/23,UECL,177,0.3106053018809542,0.6167198279059417,0.4444444444444444,0.26777107472309997,19,0.2778768956289028,0.2490336009515314,6
country_b15_g0.6_c180,2023/24,UCL,78,0.4170212368299038,0.6659911569638909,0.45,0.2291255752794214,2,0.17948717948717954,0.17948717948717954,0
country_b15_g0.6_c180,2023/24,UEL,57,0.6670376793955808,0.760027662517289,0.5333333333333333,0.18128654970760233,3,0.3157894736842105,0.15204678362573099,1
country_b15_g0.6_c180,2023/24,UECL,178,0.35670885567674426,0.6385343309859155,0.4222222222222222,0.25514455245549805,23,0.31717147044455307,0.27173913043478265,6
country_b15_g0.6_c180,2024/25,UCL,81,0.4398365020611829,0.6614688128772636,0.38095238095238093,0.2389879591525682,6,0.2006172839506173,0.1954732510288066,1
country_b15_g0.6_c180,2024/25,UEL,76,0.41470154445368773,0.6533018867924528,0.47368421052631576,0.2543282548476454,9,0.2843567251461988,0.22953216374269006,4
country_b15_g0.6_c180,2024/25,UECL,164,0.3306705157671819,0.6303098885793872,0.4146341463414634,0.2631246281975015,31,0.31372934697088906,0.29386309992132176,12
country_b15_g0.6_c180,2025/26,UCL,82,0.42334123562865084,0.6645901639344263,0.38095238095238093,0.24687685901249254,1,0.27439024390243905,0.27439024390243905,0
country_b15_g0.6_c180,2025/26,UEL,77,0.41680423848700415,0.6616789739603576,0.6,0.24287400910777532,6,0.3138528138528139,0.27272727272727276,3
country_b15_g0.6_c180,2025/26,UECL,164,0.2866888112902122,0.6068434559452524,0.4634146341463415,0.27907495538370014,23,0.29904559915164364,0.2659066808059385,8
country_b15_g0.6_c220,2018/19,UCL,79,0.5092501312444553,0.6971153846153846,0.45,0.22480371735298826,1,0.5443037974683544,0.0,0
country_b15_g0.6_c220,2018/19,UEL,213,0.3766563757437831,0.6468809267517556,0.5370370370370371,0.2596045758116776,30,0.28067292644757436,0.23521126760563377,6
country_b15_g0.6_c220,2018/19,UECL,0,,,0.0,,0,0.0,0.0,0
country_b15_g0.6_c220,2019/20,UCL,79,0.40955632580882073,0.6617432530999271,0.4,0.25412594135555194,3,0.2974683544303797,0.03375527426160337,0
country_b15_g0.6_c220,2019/20,UEL,213,0.30757484124354295,0.6168000805517797,0.4074074074074074,0.26985386497388086,25,0.28920187793427227,0.25727699530516435,11
country_b15_g0.6_c220,2019/20,UECL,0,,,0.0,,0,0.0,0.0,0
country_b15_g0.6_c220,2020/21,UCL,79,0.46116605083189754,0.6893592677345538,0.55,0.23489825348501842,1,0.16455696202531647,0.16455696202531647,0
country_b15_g0.6_c220,2020/21,UEL,213,0.33355188891486326,0.6403614113341339,0.5,0.26429941149242875,34,0.29142502071251036,0.2569041701187518,11
country_b15_g0.6_c220,2020/21,UECL,0,,,0.0,,0,0.0,0.0,0
country_b15_g0.6_c220,2021/22,UCL,80,0.44152194350445817,0.6648122392211405,0.4,0.24874999999999997,0,0.0,0.0,0
country_b15_g0.6_c220,2021/22,UEL,58,0.4272909495091324,0.6618950238582141,0.4,0.2529726516052319,1,0.2931034482758621,0.2931034482758621,0
country_b15_g0.6_c220,2021/22,UECL,181,0.3207365313478326,0.6238014664410604,0.45652173913043476,0.26629223772168126,31,0.31153092140438426,0.27971841026554983,13
country_b15_g0.6_c220,2022/23,UCL,78,0.3319662977526302,0.6267212504652029,0.55,0.26150558842866534,2,0.14743589743589744,0.13141025641025642,0
country_b15_g0.6_c220,2022/23,UEL,57,0.358705771900944,0.6322823851953393,0.4,0.2566943674976916,5,0.34561403508771926,0.2964912280701754,2
country_b15_g0.6_c220,2022/23,UECL,177,0.2801135703126857,0.6057414138417031,0.4444444444444444,0.27425069424494875,19,0.29214986619090094,0.27192982456140347,6
country_b15_g0.6_c220,2023/24,UCL,78,0.4011558479400036,0.6575165806927045,0.45,0.23175542406311633,2,0.29487179487179493,0.29487179487179493,1
country_b15_g0.6_c220,2023/24,UEL,57,0.655614344094091,0.7572614107883817,0.5333333333333333,0.18282548476454294,3,0.2982456140350877,0.19883040935672514,1
country_b15_g0.6_c220,2023/24,UECL,178,0.34778811505676627,0.6347197769953051,0.4,0.257448554475445,23,0.3350024425989252,0.30068392769907176,7
country_b15_g0.6_c220,2024/25,UCL,81,0.42967331175767565,0.6581153588195842,0.38095238095238093,0.2435604328608444,6,0.2788065843621399,0.2788065843621399,1
country_b15_g0.6_c220,2024/25,UEL,76,0.406821427097332,0.6529088050314465,0.5789473684210527,0.24757617728531858,9,0.2799707602339181,0.2616959064327486,4
country_b15_g0.6_c220,2024/25,UECL,164,0.3062093357326153,0.6198642061281338,0.43902439024390244,0.27078375966686496,31,0.3343823760818253,0.321498819826908,12
country_b15_g0.6_c220,2025/26,UCL,82,0.4221141278259021,0.6639344262295082,0.38095238095238093,0.24702558001189764,1,0.2621951219512195,0.2621951219512195,0
country_b15_g0.6_c220,2025/26,UEL,77,0.4020754670278376,0.654294597745822,0.55,0.24624725923427224,6,0.35281385281385286,0.35281385281385286,4
country_b15_g0.6_c220,2025/26,UECL,164,0.26950224661418787,0.6011976047904192,0.43902439024390244,0.28375966686496135,23,0.31601272534464475,0.29241781548250273,10
country_b15_g0.6_c260,2018/19,UCL,79,0.49239363315920914,0.6896367521367521,0.45,0.22961063932062165,1,0.5443037974683544,0.0,0
country_b15_g0.6_c260,2018/19,UEL,213,0.3725295306596709,0.6454969501255831,0.5185185185185185,0.2596045758116776,30,0.295226917057903,0.2541471048513302,11
country_b15_g0.6_c260,2018/19,UECL,0,,,0.0,,0,0.0,0.0,0
country_b15_g0.6_c260,2019/20,UCL,79,0.397935696495214,0.6584609773887673,0.4,0.2566896330716231,3,0.28481012658227844,0.0379746835443038,0
country_b15_g0.6_c260,2019/20,UEL,213,0.28957662846195,0.6105069727634295,0.3888888888888889,0.27338050210496156,25,0.30291079812206567,0.27737089201877935,11
country_b15_g0.6_c260,2019/20,UECL,0,,,0.0,,0,0.0,0.0,0
country_b15_g0.6_c260,2020/21,UCL,79,0.4454715929153022,0.683257055682685,0.55,0.23954494472039736,1,0.18987341772151897,0.18987341772151897,0
country_b15_g0.6_c260,2020/21,UEL,213,0.3071069350187487,0.6292102704866472,0.42592592592592593,0.2704269435076815,34,0.3117232808616405,0.2847970173985087,12
country_b15_g0.6_c260,2020/21,UECL,0,,,0.0,,0,0.0,0.0,0
country_b15_g0.6_c260,2021/22,UCL,80,0.43468058066320564,0.6609874826147427,0.4,0.2496875,0,0.0,0.0,0
country_b15_g0.6_c260,2021/22,UEL,58,0.44484017657169744,0.6639400136332652,0.5333333333333333,0.24881093935790727,1,0.3448275862068966,0.3448275862068966,0
country_b15_g0.6_c260,2021/22,UECL,181,0.30570152592963346,0.6171742808798646,0.43478260869565216,0.2681236836482403,31,0.32489752272322225,0.30074852967385496,14
country_b15_g0.6_c260,2022/23,UCL,78,0.31442749152600746,0.6196501674730183,0.55,0.26594345825115057,2,0.1923076923076923,0.1923076923076923,0
country_b15_g0.6_c260,2022/23,UEL,57,0.3491067643062708,0.6309115832762165,0.4666666666666667,0.2566943674976916,5,0.3982456140350877,0.3666666666666667,3
country_b15_g0.6_c260,2022/23,UECL,177,0.2533512880283519,0.5971367109264891,0.4,0.2791343483673274,19,0.3046387154326494,0.28887897710377647,7
country_b15_g0.6_c260,2023/24,UCL,78,0.3916162089611891,0.6538319823139278,0.45,0.23126232741617356,2,0.35897435897435903,0.35897435897435903,1
country_b15_g0.6_c260,2023/24,UEL,57,0.6450420309067526,0.7517289073305671,0.6,0.185595567867036,3,0.28654970760233917,0.260233918128655,1
country_b15_g0.6_c260,2023/24,UECL,178,0.3349596306912544,0.6291446596244131,0.4,0.26057315995455116,23,0.3489252564728872,0.32730825598436736,9
country_b15_g0.6_c260,2024/25,UCL,81,0.4128938163572542,0.6504024144869215,0.38095238095238093,0.24645633287608595,6,0.3487654320987654,0.3487654320987654,3
country_b15_g0.6_c260,2024/25,UEL,76,0.38186772213553893,0.6458333333333334,0.5789473684210527,0.24982686980609417,9,0.3150584795321637,0.3150584795321637,4
country_b15_g0.6_c260,2024/25,UECL,164,0.28700712272113965,0.6125522284122563,0.43902439024390244,0.2740184414039262,31,0.3475609756097561,0.33939811172305273,13
country_b15_g0.6_c260,2025/26,UCL,82,0.4148062626077466,0.658360655737705,0.38095238095238093,0.2501487209994051,1,0.2987804878048781,0.2987804878048781,0
country_b15_g0.6_c260,2025/26,UEL,77,0.3682992617088075,0.6410804508356005,0.55,0.2550177095631641,6,0.45021645021645024,0.45021645021645024,4
country_b15_g0.6_c260,2025/26,UECL,164,0.2539174108201427,0.5953806672369547,0.4634146341463415,0.28639946460440213,23,0.33510074231177095,0.31707317073170727,11
country_b15_g0.6_c300,2018/19,UCL,79,0.48323595747216996,0.6875,0.45,0.23249479250120172,1,0.5443037974683544,0.0,0
country_b15_g0.6_c300,2018/19,UEL,213,0.352147364795324,0.6375518991234814,0.5185185185185185,0.2635500011020741,30,0.31134585289514866,0.2749608763693271,14
country_b15_g0.6_c300,2018/19,UECL,0,,,0.0,,0,0.0,0.0,0
country_b15_g0.6_c300,2019/20,UCL,79,0.3865368819511142,0.6526258205689278,0.4,0.2595737862522032,3,0.28481012658227844,0.04641350210970465,0
country_b15_g0.6_c300,2019/20,UEL,213,0.2736756238361426,0.6048683481850677,0.4074074074074074,0.27725980294915026,25,0.3190610328638498,0.2970892018779343,11
country_b15_g0.6_c300,2019/20,UECL,0,,,0.0,,0,0.0,0.0,0
country_b15_g0.6_c300,2020/21,UCL,79,0.4419797934896781,0.6824942791762014,0.55,0.23922448325588852,1,0.21518987341772153,0.21518987341772153,0
country_b15_g0.6_c300,2020/21,UEL,213,0.2780245163922451,0.6174300909246869,0.4074074074074074,0.27692918071811146,34,0.3291217895608947,0.30723557028445175,13
country_b15_g0.6_c300,2020/21,UECL,0,,,0.0,,0,0.0,0.0,0
country_b15_g0.6_c300,2021/22,UCL,80,0.42772105956908185,0.6585535465924895,0.4,0.2515625,0,0.0,0.0,0
country_b15_g0.6_c300,2021/22,UEL,58,0.4358006102339641,0.6612133605998637,0.5333333333333333,0.25118906064209273,1,0.4310344827586208,0.4310344827586208,1
country_b15_g0.6_c300,2021/22,UECL,181,0.280965062048365,0.6073745064861816,0.45652173913043476,0.27377064192179723,31,0.3379076813402245,0.3178577793619675,17
country_b15_g0.6_c300,2022/23,UCL,78,0.3073506534709826,0.6163007071082992,0.55,0.2679158448389218,2,0.22435897435897434,0.22435897435897434,0
country_b15_g0.6_c300,2022/23,UEL,57,0.32517454469098,0.6213159698423578,0.5333333333333333,0.2597722376115728,5,0.4614035087719298,0.45087719298245615,4
country_b15_g0.6_c300,2022/23,UECL,177,0.2353963871509447,0.5889770788517172,0.4222222222222222,0.2815282964665326,19,0.3141540291406482,0.30211121022896226,9
country_b15_g0.6_c300,2023/24,UCL,78,0.37981919551813625,0.6494104642593957,0.45,0.23274161735700197,2,0.46153846153846156,0.46153846153846156,1
country_b15_g0.6_c300,2023/24,UEL,57,0.6246829634066764,0.7455048409405256,0.6666666666666666,0.18713450292397663,3,0.3216374269005848,0.31871345029239767,1
country_b15_g0.6_c300,2023/24,UECL,178,0.3244354643125544,0.6254768192488263,0.35555555555555557,0.26284560030299203,23,0.35723009281875917,0.3417195896433806,10
country_b15_g0.6_c300,2024/25,UCL,81,0.3766632934296504,0.6359825620389,0.38095238095238093,0.25301021185794853,6,0.44753086419753085,0.44753086419753085,4
country_b15_g0.6_c300,2024/25,UEL,76,0.3507758204961635,0.6379716981132075,0.5263157894736842,0.2532894736842105,9,0.3720760233918129,0.3720760233918129,4
country_b15_g0.6_c300,2024/25,UECL,164,0.27489891466061245,0.6079387186629527,0.4146341463414634,0.275059488399762,31,0.3573957513768686,0.35356018882769474,13
country_b15_g0.6_c300,2025/26,UCL,82,0.41787403211461843,0.6586885245901639,0.38095238095238093,0.24985127900059484,1,0.2987804878048781,0.2987804878048781,0
country_b15_g0.6_c300,2025/26,UEL,77,0.3545301930053514,0.6379712397979013,0.55,0.25990892224658463,6,0.5216450216450216,0.5216450216450216,4
country_b15_g0.6_c300,2025/26,UECL,164,0.23510983591704254,0.5890504704875963,0.3902439024390244,0.2898944080904224,23,0.3565747613997879,0.3410657476139978,11
country_b15_g0.6_c360,2018/19,UCL,79,0.4669311265969863,0.6796652421652422,0.45,0.2385835603268707,1,0.5443037974683544,0.0,0
country_b15_g0.6_c360,2018/19,UEL,213,0.33338720217521345,0.6298118816956276,0.5,0.2671648041614318,30,0.3266823161189358,0.2953051643192488,15
country_b15_g0.6_c360,2018/19,UECL,0,,,0.0,,0,0.0,0.0,0
country_b15_g0.6_c360,2019/20,UCL,79,0.376727739921813,0.6482494529540481,0.4,0.2624579394327832,3,0.27637130801687765,0.05485232067510548,0
country_b15_g0.6_c360,2019/20,UEL,213,0.2466146102808051,0.5941952373760258,0.3888888888888889,0.28285833939474087,25,0.3430985915492958,0.32347417840375586,11
country_b15_g0.6_c360,2019/20,UECL,0,,,0.0,,0,0.0,0.0,0
country_b15_g0.6_c360,2020/21,UCL,79,0.4395815113219006,0.6809687261632341,0.55,0.23890402179137962,1,0.2278481012658228,0.2278481012658228,0
country_b15_g0.6_c360,2020/21,UEL,213,0.23822324501700068,0.5991307828672728,0.37037037037037035,0.2849743216733893,34,0.35425296879315105,0.337959127312897,16
country_b15_g0.6_c360,2020/21,UECL,0,,,0.0,,0,0.0,0.0,0
country_b15_g0.6_c360,2021/22,UCL,80,0.4155389436980433,0.6543810848400556,0.4,0.25359375,0,0.0,0.0,0
country_b15_g0.6_c360,2021/22,UEL,58,0.4376085235015108,0.6598500340831629,0.4666666666666667,0.2505945303210464,1,0.5689655172413793,0.5689655172413793,1
country_b15_g0.6_c360,2021/22,UECL,181,0.24986586014086343,0.5953891708967851,0.391304347826087,0.2812185220231373,31,0.3489574050971307,0.3362145785065051,19
country_b15_g0.6_c360,2022/23,UCL,78,0.28581356148402987,0.608113137327875,0.5,0.272518080210388,2,0.30769230769230765,0.30769230769230765,1
country_b15_g0.6_c360,2022/23,UEL,57,0.31038423707061613,0.6213159698423578,0.4666666666666667,0.2600800246229609,5,0.5210526315789473,0.5210526315789473,4
country_b15_g0.6_c360,2022/23,UECL,177,0.21180836105326079,0.5806690898301313,0.4,0.28625235404896415,19,0.3221825750817723,0.31460005947071074,9
country_b15_g0.6_c360,2023/24,UCL,78,0.3571561761794284,0.6438835666912307,0.45,0.23849441157133464,2,0.5384615384615385,0.5384615384615385,2
country_b15_g0.6_c360,2023/24,UEL,57,0.5904784207417575,0.7295988934993084,0.6666666666666666,0.19544475223145585,3,0.3625730994152046,0.3625730994152046,1
country_b15_g0.6_c360,2023/24,UECL,178,0.29817357167390257,0.6157203638497653,0.35555555555555557,0.2688738795606615,23,0.3772594040058623,0.36724474841231075,12
country_b15_g0.6_c360,2024/25,UCL,81,0.3474128586970729,0.6259221998658618,0.42857142857142855,0.25605852766346593,6,0.5174897119341563,0.5174897119341563,4
country_b15_g0.6_c360,2024/25,UEL,76,0.2853984959729949,0.6155660377358491,0.5263157894736842,0.262292243767313,9,0.4685672514619884,0.4685672514619884,4
country_b15_g0.6_c360,2024/25,UECL,164,0.25187036408592545,0.5991469359331476,0.3902439024390244,0.280376264128495,31,0.37195121951219506,0.37018095987411487,13
country_b15_g0.6_c360,2025/26,UCL,82,0.40431010836637776,0.6534426229508197,0.38095238095238093,0.252528256989887,1,0.3231707317073171,0.3231707317073171,0
country_b15_g0.6_c360,2025/26,UEL,77,0.3152756844558078,0.6204819277108434,0.5,0.2680047225501771,6,0.5562770562770563,0.5562770562770563,4
country_b15_g0.6_c360,2025/26,UECL,164,0.21275449351611092,0.5807527801539778,0.3902439024390244,0.2932406305770375,23,0.3722163308589607,0.3588282078472959,11
country_b15_g0.8_c100,2018/19,UCL,79,0.5506742090844894,0.7156339031339032,0.45,0.21278641243390484,1,0.5443037974683544,0.0,0
country_b15_g0.8_c100,2018/19,UEL,213,0.4001722720407595,0.6560561791993439,0.5370370370370371,0.24900262293636624,30,0.23137715179968693,0.15837245696400623,4
country_b15_g0.8_c100,2018/19,UECL,0,,,0.0,,0,0.0,0.0,0
country_b15_g0.8_c100,2019/20,UCL,79,0.4383059845454531,0.6745076586433261,0.4,0.24707578913635636,3,0.3143459915611814,0.008438818565400852,0
country_b15_g0.8_c100,2019/20,UEL,213,0.37054254344815923,0.6389014751044656,0.4444444444444444,0.25587956534197365,25,0.26028169014084507,0.17258215962441312,5
country_b15_g0.8_c100,2019/20,UECL,0,,,0.0,,0,0.0,0.0,0
country_b15_g0.8_c100,2020/21,UCL,79,0.47744454637484285,0.6954614797864226,0.55,0.22576510174651498,1,0.08860759493670886,0.08860759493670886,0
country_b15_g0.8_c100,2020/21,UEL,213,0.43441475814575015,0.6846800480356836,0.5185185185185185,0.24084727457074215,34,0.2268019884009942,0.14146644573322287,6
country_b15_g0.8_c100,2020/21,UECL,0,,,0.0,,0,0.0,0.0,0
country_b15_g0.8_c100,2021/22,UCL,80,0.45574819715017145,0.6703755215577191,0.4,0.24421875,0,0.0,0.0,0
country_b15_g0.8_c100,2021/22,UEL,58,0.3838386892512005,0.6462167689161554,0.4,0.26040428061831156,1,0.03448275862068967,0.03448275862068967,0
country_b15_g0.8_c100,2021/22,UECL,181,0.35883300242998667,0.6401579244218838,0.5,0.2573486767803181,31,0.24238103724826235,0.145874175726252,4
country_b15_g0.8_c100,2022/23,UCL,78,0.3615893797916239,0.6363974692966133,0.55,0.25345167652859946,2,0.16666666666666666,0.0737179487179487,0
country_b15_g0.8_c100,2022/23,UEL,57,0.33993220262564766,0.6240575736806031,0.4,0.2588488765774084,5,0.21228070175438596,0.11228070175438595,0
country_b15_g0.8_c100,2022/23,UECL,177,0.3429655983596494,0.6328165566352645,0.4666666666666667,0.2596635704937917,19,0.2633065715135296,0.17187035385072852,6
country_b15_g0.8_c100,2023/24,UCL,78,0.4351567537120886,0.6707811348563006,0.45,0.23093359631821167,2,0.10256410256410253,0.07692307692307693,0
country_b15_g0.8_c100,2023/24,UEL,57,0.6556798073336413,0.7489626556016598,0.5333333333333333,0.18682671591258848,3,0.38011695906432746,0.09941520467836258,0
country_b15_g0.8_c100,2023/24,UECL,178,0.34270502895951294,0.6313453638497653,0.4444444444444444,0.2603206665825022,23,0.279799706888129,0.16023448949682462,5
country_b15_g0.8_c100,2024/25,UCL,81,0.4744300010472822,0.6765593561368209,0.42857142857142855,0.22862368541380892,6,0.11213991769547327,0.06995884773662552,0
country_b15_g0.8_c100,2024/25,UEL,76,0.43951700174256225,0.6686320754716981,0.5263157894736842,0.24948060941828254,9,0.29020467836257313,0.16374269005847952,2
country_b15_g0.8_c100,2024/25,UECL,164,0.3642474230213689,0.6451949860724234,0.5121951219512195,0.251598750743605,31,0.263375295043273,0.17968135326514553,7
country_b15_g0.8_c100,2025/26,UCL,82,0.4364011686721911,0.6711475409836065,0.38095238095238093,0.24345627602617492,1,0.12804878048780488,0.12804878048780488,0
country_b15_g0.8_c100,2025/26,UEL,77,0.40963312622905695,0.6574038087835212,0.55,0.24641592174059707,6,0.2705627705627706,0.15584415584415584,0
country_b15_g0.8_c100,2025/26,UECL,164,0.32504078392690156,0.6228400342172797,0.3902439024390244,0.26650803093396785,23,0.2624602332979851,0.16079003181336163,4
country_b15_g0.8_c140,2018/19,UCL,79,0.5446671661304744,0.7134971509971509,0.45,0.2143887197564493,1,0.5443037974683544,0.0,0
country_b15_g0.8_c140,2018/19,UEL,213,0.39773107523882784,0.6542621354246758,0.5555555555555556,0.2522427208005467,30,0.24389671361502346,0.17629107981220657,4
country_b15_g0.8_c140,2018/19,UECL,0,,,0.0,,0,0.0,0.0,0
country_b15_g0.8_c140,2019/20,UCL,79,0.434522810421087,0.6726841721371262,0.4,0.2502804037814453,3,0.31012658227848094,0.021097046413502112,0
country_b15_g0.8_c140,2019/20,UEL,213,0.36164917600836505,0.6365352665760459,0.4444444444444444,0.25792942317441425,25,0.26497652582159625,0.19417840375586856,6
country_b15_g0.8_c140,2019/20,UECL,0,,,0.0,,0,0.0,0.0,0
country_b15_g0.8_c140,2020/21,UCL,79,0.47570485982826854,0.6958428680396643,0.55,0.2280083319980772,1,0.07594936708860761,0.07594936708860761,0
country_b15_g0.8_c140,2020/21,UEL,213,0.4126132644095938,0.6759306913707326,0.5370370370370371,0.24673235028323304,34,0.24143882905274788,0.1732256282794808,7
country_b15_g0.8_c140,2020/21,UECL,0,,,0.0,,0,0.0,0.0,0
country_b15_g0.8_c140,2021/22,UCL,80,0.45045470742153393,0.6686369958275382,0.4,0.24578125,0,0.0,0.0,0
country_b15_g0.8_c140,2021/22,UEL,58,0.39923712294375313,0.6489434219495569,0.4,0.26010701545778836,1,0.06896551724137931,0.06896551724137931,0
country_b15_g0.8_c140,2021/22,UECL,181,0.35731996854457987,0.6392413987591653,0.5,0.25829492384237357,31,0.2546783104615933,0.1784886829442167,4
country_b15_g0.8_c140,2022/23,UCL,78,0.3559815604664328,0.634164495720134,0.55,0.2570677186061801,2,0.16666666666666666,0.08653846153846154,0
country_b15_g0.8_c140,2022/23,UEL,57,0.346625388193362,0.6281699794379713,0.4,0.25607879347491536,5,0.2263157894736842,0.14210526315789473,0
country_b15_g0.8_c140,2022/23,UECL,177,0.34488682980894914,0.6324456642682293,0.4888888888888889,0.2610680200453254,19,0.27192982456140347,0.2019030627415998,6
country_b15_g0.8_c140,2023/24,UCL,78,0.4306930188957984,0.6685703758290347,0.45,0.23126232741617356,2,0.11538461538461539,0.11538461538461539,0
country_b15_g0.8_c140,2023/24,UEL,57,0.6626843739655002,0.7558782849239281,0.5333333333333333,0.18374884579870732,3,0.3567251461988305,0.12280701754385966,1
country_b15_g0.8_c140,2023/24,UECL,178,0.3572792741208357,0.6364803403755869,0.4444444444444444,0.25899507637924507,23,0.29982901807523205,0.2009037616023449,5
country_b15_g0.8_c140,2024/25,UCL,81,0.4595831033555814,0.6708584842387659,0.38095238095238093,0.23350099070263677,6,0.1409465020576132,0.10802469135802469,1
country_b15_g0.8_c140,2024/25,UEL,76,0.43857691756671624,0.6662735849056604,0.5263157894736842,0.25069252077562326,9,0.2814327485380117,0.1929824561403509,3
country_b15_g0.8_c140,2024/25,UECL,164,0.3629309527068849,0.6442374651810585,0.4634146341463415,0.25394110648423557,31,0.27832415420928397,0.2183320220298977,7
country_b15_g0.8_c140,2025/26,UCL,82,0.42681438896321644,0.6678688524590164,0.38095238095238093,0.24583581201665672,1,0.1646341463414634,0.1646341463414634,0
country_b15_g0.8_c140,2025/26,UEL,77,0.4266145333231549,0.6628449280994948,0.6,0.24439197166469898,6,0.27705627705627706,0.2056277056277056,2
country_b15_g0.8_c140,2025/26,UECL,164,0.3264703579419439,0.6224123182207014,0.43902439024390244,0.2688875669244497,23,0.2672322375397667,0.19711028632025449,5
country_b15_g0.8_c180,2018/19,UCL,79,0.534050637154603,0.7081552706552706,0.45,0.21695241147252037,1,0.5443037974683544,0.0,0
country_b15_g0.8_c180,2018/19,UEL,213,0.39774808925887223,0.6548259777538572,0.5185185185185185,0.25349908527849413,30,0.25704225352112675,0.19522691705790296,4
country_b15_g0.8_c180,2018/19,UECL,0,,,0.0,,0,0.0,0.0,0
country_b15_g0.8_c180,2019/20,UCL,79,0.4300372228599493,0.6704959883296864,0.4,0.2506008652459541,3,0.30168776371308015,0.021097046413502112,0
country_b15_g0.8_c180,2019/20,UEL,213,0.3496275671991543,0.6329104364899562,0.42592592592592593,0.26083889880755584,25,0.27549295774647886,0.21690140845070424,9
country_b15_g0.8_c180,2019/20,UECL,0,,,0.0,,0,0.0,0.0,0
country_b15_g0.8_c180,2020/21,UCL,79,0.469628383247734,0.6935545385202135,0.55,0.23089248517865726,1,0.08860759493670886,0.08860759493670886,0
country_b15_g0.8_c180,2020/21,UEL,213,0.39353308730281156,0.6668954080173843,0.5370370370370371,0.2504794022350063,34,0.2559375863021265,0.20153272576636289,8
country_b15_g0.8_c180,2020/21,UECL,0,,,0.0,,0,0.0,0.0,0
country_b15_g0.8_c180,2021/22,UCL,80,0.44527937594576783,0.6651599443671766,0.4,0.24796875000000002,0,0.0,0.0,0
country_b15_g0.8_c180,2021/22,UEL,58,0.4270727530802905,0.6598500340831629,0.4,0.2532699167657551,1,0.15517241379310345,0.15517241379310345,0
country_b15_g0.8_c180,2021/22,UECL,181,0.3480469979975675,0.6350817822899041,0.45652173913043476,0.2607673758432283,31,0.27713420067724104,0.21591516663696309,9
country_b15_g0.8_c180,2022/23,UCL,78,0.34212168810235,0.6308150353554149,0.55,0.25986193293885596,2,0.1282051282051282,0.09294871794871795,0
country_b15_g0.8_c180,2022/23,UEL,57,0.36510511029739284,0.6391363947909527,0.4,0.25115420129270544,5,0.2719298245614035,0.20526315789473681,1
country_b15_g0.8_c180,2022/23,UECL,177,0.3356175189673251,0.6286625621244715,0.4888888888888889,0.26282358198474254,19,0.2743086529884032,0.22212310437109725,6
country_b15_g0.8_c180,2023/24,UCL,78,0.42250525388991744,0.6667280766396463,0.45,0.23159105851413542,2,0.17948717948717954,0.17948717948717954,0
country_b15_g0.8_c180,2023/24,UEL,57,0.6739440511681145,0.7648686030428768,0.5333333333333333,0.1809787626962142,3,0.3157894736842105,0.15204678362573099,1
country_b15_g0.8_c180,2023/24,UECL,178,0.360158323734681,0.6395613262910798,0.4666666666666667,0.2585216513066532,23,0.3157059110893991,0.237542745481192,5
country_b15_g0.8_c180,2024/25,UCL,81,0.4516594527498268,0.6668343393695506,0.38095238095238093,0.23776863283036126,6,0.21707818930041153,0.19238683127572012,1
country_b15_g0.8_c180,2024/25,UEL,76,0.43358617657435766,0.6611635220125787,0.47368421052631576,0.24896121883656508,9,0.2741228070175438,0.2149122807017544,4
country_b15_g0.8_c180,2024/25,UECL,164,0.36208603320882843,0.6432799442896936,0.43902439024390244,0.2561347412254611,31,0.29169944925255703,0.2490165224232887,7
country_b15_g0.8_c180,2025/26,UCL,82,0.42749368078259525,0.6672131147540984,0.38095238095238093,0.24509220701963116,1,0.18902439024390244,0.18902439024390244,0
country_b15_g0.8_c180,2025/26,UEL,77,0.4220026284137689,0.6632335794792071,0.6,0.24388598414572435,6,0.2965367965367965,0.25974025974025977,3
country_b15_g0.8_c180,2025/26,UECL,164,0.3099076825036982,0.6171086398631309,0.43902439024390244,0.27208506841165975,23,0.28446447507953343,0.22945387062566278,6
country_b15_g0.8_c220,2018/19,UCL,79,0.5220978476032466,0.7035256410256411,0.45,0.2214388719756449,1,0.5443037974683544,0.0,0
country_b15_g0.8_c220,2018/19,UEL,213,0.39030603086165666,0.6514429237787688,0.5185185185185185,0.255482818664727,30,0.2661189358372457,0.21040688575899844,5
country_b15_g0.8_c220,2018/19,UECL,0,,,0.0,,0,0.0,0.0,0
country_b15_g0.8_c220,2019/20,UCL,79,0.42117695512242737,0.6672137126185266,0.4,0.25284409549751635,3,0.30168776371308015,0.021097046413502112,0
country_b15_g0.8_c220,2019/20,UEL,213,0.3318860145419527,0.6264159492523788,0.4074074074074074,0.264497784831052,25,0.28319248826291077,0.23464788732394368,10
country_b15_g0.8_c220,2019/20,UECL,0,,,0.0,,0,0.0,0.0,0
country_b15_g0.8_c220,2020/21,UCL,79,0.4630424270357027,0.6905034324942791,0.55,0.23361640762698285,1,0.11392405063291142,0.11392405063291142,0
country_b15_g0.8_c220,2020/21,UEL,213,0.3697952597147042,0.6563161205466919,0.5185185185185185,0.25731226167647514,34,0.27568351284175635,0.2305302402651201,10
country_b15_g0.8_c220,2020/21,UECL,0,,,0.0,,0,0.0,0.0,0
country_b15_g0.8_c220,2021/22,UCL,80,0.4451494018676093,0.6668984700973575,0.4,0.24890625000000002,0,0.0,0.0,0
country_b15_g0.8_c220,2021/22,UEL,58,0.42351926838200915,0.6584867075664622,0.4,0.2541617122473246,1,0.2413793103448276,0.2413793103448276,0
country_b15_g0.8_c220,2021/22,UECL,181,0.336686942768517,0.6312041737168641,0.4782608695652174,0.26336192423918686,31,0.2928176795580111,0.2444305827838175,9
country_b15_g0.8_c220,2022/23,UCL,78,0.3313914643366084,0.6270934127279494,0.55,0.2608481262327416,2,0.12179487179487178,0.10576923076923075,0
country_b15_g0.8_c220,2022/23,UEL,57,0.37591215626282426,0.6391363947909527,0.4,0.2536164973838104,5,0.33157894736842103,0.27543859649122804,2
country_b15_g0.8_c220,2022/23,UECL,177,0.3219308021777396,0.6218381425710259,0.4444444444444444,0.26655814101950265,19,0.2787689562890277,0.24204579244721977,6
country_b15_g0.8_c220,2023/24,UCL,78,0.40818304189364907,0.6586219602063376,0.45,0.2332347140039448,2,0.29487179487179493,0.29487179487179493,1
country_b15_g0.8_c220,2023/24,UEL,57,0.6657938778441292,0.7607192254495159,0.5333333333333333,0.17974761465066177,3,0.2923976608187135,0.19883040935672514,1
country_b15_g0.8_c220,2023/24,UECL,178,0.3618986930518144,0.6405149647887324,0.4,0.2557757858856205,23,0.32523204689789936,0.2634342940889106,6
country_b15_g0.8_c220,2024/25,UCL,81,0.4390748311995107,0.6624748490945674,0.38095238095238093,0.24051211705532688,6,0.2623456790123457,0.2561728395061728,1
country_b15_g0.8_c220,2024/25,UEL,76,0.4353695715550066,0.664308176100629,0.5789473684210527,0.2441135734072022,9,0.2624269005847953,0.2353801169590643,4
country_b15_g0.8_c220,2024/25,UECL,164,0.35059180920253535,0.6381441504178273,0.4146341463414634,0.26137715645449144,31,0.310582218725413,0.2783241542092839,9
country_b15_g0.8_c220,2025/26,UCL,82,0.42179639455554757,0.6649180327868852,0.38095238095238093,0.24657941701368233,1,0.21341463414634146,0.21341463414634146,0
country_b15_g0.8_c220,2025/26,UEL,77,0.4041148353837221,0.6539059463661095,0.55,0.24692190925957166,6,0.3398268398268398,0.3398268398268398,4
country_b15_g0.8_c220,2025/26,UECL,164,0.3007944924675373,0.6140290846877673,0.4634146341463415,0.27703004164187983,23,0.3040827147401909,0.2612672322375397,7
country_b15_g0.8_c260,2018/19,UCL,79,0.5099243911678651,0.6988960113960114,0.45,0.22528440954975168,1,0.5443037974683544,0.0,0
country_b15_g0.8_c260,2018/19,UEL,213,0.3874955668098716,0.6506740478753396,0.5370370370370371,0.25585752385990435,30,0.27848200312989047,0.2270735524256651,7
country_b15_g0.8_c260,2018/19,UECL,0,,,0.0,,0,0.0,0.0,0
country_b15_g0.8_c260,2019/20,UCL,79,0.40924824974006124,0.6639314369073669,0.4,0.2554077872135876,3,0.30168776371308015,0.021097046413502112,0
country_b15_g0.8_c260,2019/20,UEL,213,0.31884906079077274,0.6220862910939938,0.4074074074074074,0.26709867971522405,25,0.29145539906103285,0.2501408450704225,11
country_b15_g0.8_c260,2019/20,UECL,0,,,0.0,,0,0.0,0.0,0
country_b15_g0.8_c260,2020/21,UCL,79,0.45685411346288834,0.6882151029748284,0.55,0.2353789456817817,1,0.11392405063291142,0.11392405063291142,0
country_b15_g0.8_c260,2020/21,UEL,213,0.34152039937688916,0.6437353462572196,0.48148148148148145,0.2637483744406974,34,0.29335818834576083,0.25386633526650093,10
country_b15_g0.8_c260,2020/21,UECL,0,,,0.0,,0,0.0,0.0,0
country_b15_g0.8_c260,2021/22,UCL,80,0.43626390125168213,0.663769123783032,0.4,0.25093750000000004,0,0.0,0.0,0
country_b15_g0.8_c260,2021/22,UEL,58,0.44540125310300505,0.6666666666666666,0.5333333333333333,0.24940546967895358,1,0.2931034482758621,0.2931034482758621,0
country_b15_g0.8_c260,2021/22,UECL,181,0.32725405807101454,0.6257050197405527,0.45652173913043476,0.2643386954000183,31,0.3015505257529853,0.2611833897700944,11
country_b15_g0.8_c260,2022/23,UCL,78,0.3261668672887652,0.6256047636769632,0.55,0.2619986850756082,2,0.1217948717948718,0.11217948717948717,0
country_b15_g0.8_c260,2022/23,UEL,57,0.37261453800751126,0.6370801919122687,0.4666666666666667,0.2505386272699292,5,0.38421052631578945,0.3385964912280701,3
country_b15_g0.8_c260,2022/23,UECL,177,0.3022280305414893,0.6144944737037312,0.4444444444444444,0.2710587634460085,19,0.2859054415700268,0.2582515611061552,6
country_b15_g0.8_c260,2023/24,UCL,78,0.4021633766556805,0.6575165806927045,0.45,0.23076923076923078,2,0.35897435897435903,0.35897435897435903,1
country_b15_g0.8_c260,2023/24,UEL,57,0.6629789585434755,0.7621023513139695,0.6,0.1775931055709449,3,0.27485380116959063,0.24853801169590642,1
country_b15_g0.8_c260,2023/24,UECL,178,0.3536777663641904,0.6363336267605634,0.4,0.25713293776038376,23,0.3352467024914509,0.2852955544699561,8
country_b15_g0.8_c260,2024/25,UCL,81,0.42259090956630535,0.6547619047619048,0.38095238095238093,0.2435604328608444,6,0.3302469135802469,0.3251028806584362,3
country_b15_g0.8_c260,2024/25,UEL,76,0.42148950519398715,0.6611635220125787,0.631578947368421,0.2408240997229917,9,0.2741228070175439,0.2726608187134503,4
country_b15_g0.8_c260,2024/25,UECL,164,0.3322690868633411,0.630658077994429,0.43902439024390244,0.266396490184414,31,0.32828481510621554,0.3021243115656963,12
country_b15_g0.8_c260,2025/26,UCL,82,0.4194626984663914,0.6619672131147541,0.38095238095238093,0.24881023200475907,1,0.24999999999999997,0.24999999999999997,0
country_b15_g0.8_c260,2025/26,UEL,77,0.3843342952521355,0.6461329187718616,0.55,0.25501770956316405,6,0.4264069264069264,0.4264069264069264,4
country_b15_g0.8_c260,2025/26,UECL,164,0.2866061769540825,0.6083832335329341,0.4634146341463415,0.280785246876859,23,0.31548250265111344,0.28168080593849415,9
country_b15_g0.8_c300,2018/19,UCL,79,0.49630434071498625,0.6931980056980057,0.45,0.22929017785611283,1,0.5443037974683544,0.0,0
country_b15_g0.8_c300,2018/19,UEL,213,0.38121676326458326,0.6485211953457378,0.5185185185185185,0.2572461372302674,30,0.2924100156494522,0.24460093896713614,8
country_b15_g0.8_c300,2018/19,UECL,0,,,0.0,,0,0.0,0.0,0
country_b15_g0.8_c300,2019/20,UCL,79,0.4042820635116588,0.6606491611962072,0.4,0.25572824867809646,3,0.29324894514767935,0.021097046413502112,0
country_b15_g0.8_c300,2019/20,UEL,213,0.30499317925883274,0.6162462870664048,0.42592592592592593,0.27066939981044325,25,0.30460093896713614,0.2664788732394366,11
country_b15_g0.8_c300,2019/20,UECL,0,,,0.0,,0,0.0,0.0,0
country_b15_g0.8_c300,2020/21,UCL,79,0.45266643941863444,0.6855453852021358,0.55,0.23601986861079952,1,0.10126582278481014,0.10126582278481014,0
country_b15_g0.8_c300,2020/21,UEL,213,0.32091153765014563,0.634356950877795,0.42592592592592593,0.2679803389979942,34,0.31144711405689035,0.27616680475006905,11
country_b15_g0.8_c300,2020/21,UECL,0,,,0.0,,0,0.0,0.0,0
country_b15_g0.8_c300,2021/22,UCL,80,0.4285717989897557,0.6609874826147427,0.4,0.2528125,0,0.0,0.0,0
country_b15_g0.8_c300,2021/22,UEL,58,0.446710431676056,0.6639400136332652,0.5333333333333333,0.25,1,0.36206896551724144,0.36206896551724144,1
country_b15_g0.8_c300,2021/22,UECL,181,0.3113764280906173,0.6194303440496334,0.45652173913043476,0.2683678764384481,31,0.31242202815897346,0.27793619675637143,11
country_b15_g0.8_c300,2022/23,UCL,78,0.31456800636103494,0.6196501674730183,0.55,0.26660092044707434,2,0.1730769230769231,0.1730769230769231,0
country_b15_g0.8_c300,2022/23,UEL,57,0.3464947894505773,0.6267991775188485,0.4666666666666667,0.2570021545090797,5,0.4333333333333333,0.4052631578947368,3
country_b15_g0.8_c300,2022/23,UECL,177,0.28183620502165224,0.6073733402566576,0.4222222222222222,0.27441029078489576,19,0.29601546238477555,0.27341659232827836,6
country_b15_g0.8_c300,2023/24,UCL,78,0.3874330517619227,0.6519896831245394,0.45,0.2325772518080211,2,0.4615384615384616,0.4615384615384616,1
country_b15_g0.8_c300,2023/24,UEL,57,0.6435036447773256,0.7538035961272476,0.6666666666666666,0.1822099107417667,3,0.304093567251462,0.30116959064327486,1
country_b15_g0.8_c300,2023/24,UECL,178,0.3490022760549646,0.6343529929577465,0.4,0.2581113495770736,23,0.3435515388373229,0.3038593063019052,8
country_b15_g0.8_c300,2024/25,UCL,81,0.39531854542971245,0.6453722334004024,0.38095238095238093,0.24828532235939646,6,0.4166666666666667,0.41358024691358025,4
country_b15_g0.8_c300,2024/25,UEL,76,0.3878814959074946,0.648191823899371,0.5263157894736842,0.24480609418282548,9,0.3282163742690059,0.3267543859649123,4
country_b15_g0.8_c300,2024/25,UECL,164,0.3199423889817125,0.6264798050139275,0.43902439024390244,0.2685529446757882,31,0.33693941778127445,0.3158929976396537,12
country_b15_g0.8_c300,2025/26,UCL,82,0.4221031715062347,0.661311475409836,0.38095238095238093,0.2482153480071386,1,0.24999999999999997,0.24999999999999997,0
country_b15_g0.8_c300,2025/26,UEL,77,0.3661266013035187,0.6403031480761757,0.55,0.25872828470231074,6,0.5064935064935064,0.5064935064935064,4
country_b15_g0.8_c300,2025/26,UECL,164,0.2731009719526326,0.6035072711719418,0.43902439024390244,0.2828301606186793,23,0.32714740190880165,0.2991781548250265,9
country_b15_g0.8_c360,2018/19,UCL,79,0.47542680163195045,0.6842948717948718,0.45,0.2366607915398173,1,0.5443037974683544,0.0,0
country_b15_g0.8_c360,2018/19,UEL,213,0.36252465672465045,0.6401148188015787,0.5,0.26154422623377194,30,0.3038341158059467,0.26103286384976526,10
country_b15_g0.8_c360,2018/19,UECL,0,,,0.0,,0,0.0,0.0,0
country_b15_g0.8_c360,2019/20,UCL,79,0.3931297098225665,0.6544493070751276,0.4,0.25893286332318544,3,0.2974683544303798,0.029535864978902964,0
country_b15_g0.8_c360,2019/20,UEL,213,0.2831337690557712,0.6077380053365554,0.4074074074074074,0.2751217791884326,25,0.32262910798122063,0.2892957746478873,11
country_b15_g0.8_c360,2019/20,UECL,0,,,0.0,,0,0.0,0.0,0
country_b15_g0.8_c360,2020/21,UCL,79,0.4513741008411793,0.6855453852021358,0.55,0.2344175612882551,1,0.13924050632911392,0.13924050632911392,0
country_b15_g0.8_c360,2020/21,UEL,213,0.2862697381209223,0.6197175044318637,0.4074074074074074,0.2746589080649783,34,0.33257387462027066,0.3043358188345761,13
country_b15_g0.8_c360,2020/21,UECL,0,,,0.0,,0,0.0,0.0,0
country_b15_g0.8_c360,2021/22,UCL,80,0.4246962082955747,0.6592489568845619,0.4,0.25218750000000006,0,0.0,0.0,0
country_b15_g0.8_c360,2021/22,UEL,58,0.44730267912576965,0.6625766871165644,0.5333333333333333,0.251486325802616,1,0.4655172413793104,0.4655172413793104,1
country_b15_g0.8_c360,2021/22,UECL,181,0.2940595707558087,0.6127326565143824,0.43478260869565216,0.27239705747687804,31,0.32311530921404386,0.2966494386027445,15
country_b15_g0.8_c360,2022/23,UCL,78,0.29939240417805757,0.6136955712690734,0.55,0.26955950032873116,2,0.2628205128205128,0.2628205128205128,0
country_b15_g0.8_c360,2022/23,UEL,57,0.3349694503998302,0.6288553803975325,0.5333333333333333,0.255155432440751,5,0.5,0.4964912280701753,4
country_b15_g0.8_c360,2022/23,UECL,177,0.2520466939716886,0.5966174616126401,0.4222222222222222,0.2792301062912956,19,0.3067201903062742,0.2890276538804639,9
country_b15_g0.8_c360,2023/24,UCL,78,0.3690807249029466,0.6460943257184967,0.45,0.23487836949375412,2,0.5384615384615385,0.5384615384615385,2
country_b15_g0.8_c360,2023/24,UEL,57,0.6093645653519567,0.7372060857538036,0.6666666666666666,0.1914435210834103,3,0.3625730994152046,0.3625730994152046,1
country_b15_g0.8_c360,2023/24,UECL,178,0.3331125100963043,0.6295848004694836,0.35555555555555557,0.2625615452594369,23,0.35698583292623354,0.32437713727405965,10
country_b15_g0.8_c360,2024/25,UCL,81,0.3729004120085533,0.6376592890677397,0.42857142857142855,0.2501143118427069,6,0.4701646090534979,0.4691358024691357,4
country_b15_g0.8_c360,2024/25,UEL,76,0.32940273026296013,0.6312893081761006,0.5263157894736842,0.2517313019390581,9,0.40423976608187134,0.40423976608187134,4
country_b15_g0.8_c360,2024/25,UECL,164,0.3021340857149847,0.6189937325905293,0.43902439024390244,0.27067221891731114,31,0.3479543666404406,0.33280881195908735,12
country_b15_g0.8_c360,2025/26,UCL,82,0.4169975265412265,0.659672131147541,0.38095238095238093,0.24881023200475907,1,0.2621951219512195,0.2621951219512195,0
country_b15_g0.8_c360,2025/26,UEL,77,0.3300444435297957,0.6270890011659541,0.5,0.2666554224995784,6,0.5497835497835498,0.5497835497835498,4
country_b15_g0.8_c360,2025/26,UECL,164,0.2522964005930668,0.5956372968349016,0.4146341463414634,0.28584176085663293,23,0.3419936373276776,0.3201219512195122,11
country_b15_g1.0_c100,2018/19,UCL,79,0.5542661755855637,0.7174145299145299,0.45,0.21150456657586925,1,0.5316455696202532,0.0,0
country_b15_g1.0_c100,2018/19,UEL,213,0.40966483492777517,0.6591829412066226,0.5370370370370371,0.24582864951839362,30,0.22386541471048513,0.14397496087636932,4
country_b15_g1.0_c100,2018/19,UECL,0,,,0.0,,0,0.0,0.0,0
country_b15_g1.0_c100,2019/20,UCL,79,0.4444305367923911,0.6763311451495259,0.4,0.24579394327832083,3,0.3523206751054852,0.0,0
country_b15_g1.0_c100,2019/20,UEL,213,0.3818217832423209,0.6438352716105321,0.4444444444444444,0.25391787343780997,25,0.2529577464788732,0.15136150234741785,4
country_b15_g1.0_c100,2019/20,UECL,0,,,0.0,,0,0.0,0.0,0
country_b15_g1.0_c100,2020/21,UCL,79,0.4749468535472611,0.6950800915331807,0.55,0.22576510174651498,1,0.05063291139240508,0.05063291139240508,0
country_b15_g1.0_c100,2020/21,UEL,213,0.44081265803832215,0.687596500257334,0.5370370370370371,0.2386431263638167,34,0.2239022369511185,0.12669152167909417,5
country_b15_g1.0_c100,2020/21,UECL,0,,,0.0,,0,0.0,0.0,0
country_b15_g1.0_c100,2021/22,UCL,80,0.4514590525709406,0.6686369958275382,0.4,0.24421875,0,0.0,0.0,0
country_b15_g1.0_c100,2021/22,UEL,58,0.38891954895137476,0.6482617586912065,0.4,0.2598097502972652,1,0.0,0.0,0
country_b15_g1.0_c100,2021/22,UECL,181,0.3675226963639932,0.6436830231246475,0.4782608695652174,0.2543878391990476,31,0.239351274282659,0.12635893780074853,3
country_b15_g1.0_c100,2022/23,UCL,78,0.36238137249814306,0.6371417938221065,0.55,0.2524654832347139,2,0.1346153846153846,0.04166666666666666,0
country_b15_g1.0_c100,2022/23,UEL,57,0.35031480267702897,0.6267991775188485,0.4,0.2570021545090797,5,0.20526315789473687,0.10526315789473684,0
country_b15_g1.0_c100,2022/23,UECL,177,0.34805779433691947,0.635041910837475,0.4444444444444444,0.25755689616649113,19,0.26033303597978,0.15075825156110614,4
country_b15_g1.0_c100,2023/24,UCL,78,0.430284905998309,0.6689388356669123,0.45,0.23224852071005914,2,0.10256410256410253,0.07692307692307693,0
country_b15_g1.0_c100,2023/24,UEL,57,0.6607204767789977,0.7531120331950207,0.5333333333333333,0.18621114188981225,3,0.37426900584795325,0.09941520467836258,0
country_b15_g1.0_c100,2023/24,UECL,178,0.34103798375239514,0.6300982981220657,0.4666666666666667,0.26129907839919203,23,0.2834636052760137,0.14191499755740108,5
country_b15_g1.0_c100,2024/25,UCL,81,0.4733727564183939,0.676224010731053,0.42857142857142855,0.22892851699436065,6,0.11419753086419754,0.07201646090534979,0
country_b15_g1.0_c100,2024/25,UEL,76,0.454115956002758,0.6764937106918238,0.5263157894736842,0.24584487534626037,9,0.29751461988304095,0.15204678362573099,1
country_b15_g1.0_c100,2024/25,UECL,164,0.372447705547514,0.648241643454039,0.5121951219512195,0.24836406900654373,31,0.25885129819040126,0.15686467348544456,6
country_b15_g1.0_c100,2025/26,UCL,82,0.4387677337203494,0.6721311475409836,0.38095238095238093,0.24211778703152884,1,0.042682926829268296,0.042682926829268296,0
country_b15_g1.0_c100,2025/26,UEL,77,0.4191101909416972,0.6609016712009328,0.55,0.2447292966773486,6,0.2489177489177489,0.14285714285714282,0
country_b15_g1.0_c100,2025/26,UECL,164,0.3356923498540088,0.6281437125748504,0.3902439024390244,0.2631246281975015,23,0.2454931071049841,0.1363997879109226,4
country_b15_g1.0_c140,2018/19,UCL,79,0.5438948320363868,0.7127849002849003,0.45,0.21438871975644927,1,0.5443037974683544,0.0,0
country_b15_g1.0_c140,2018/19,UEL,213,0.40852804632925044,0.6585165820903173,0.5555555555555556,0.2479666732791113,30,0.23654147104851334,0.16205007824726134,4
country_b15_g1.0_c140,2018/19,UECL,0,,,0.0,,0,0.0,0.0,0
country_b15_g1.0_c140,2019/20,UCL,79,0.4352991621143608,0.6726841721371262,0.4,0.2489985579234097,3,0.32700421940928265,0.0,0
country_b15_g1.0_c140,2019/20,UEL,213,0.3737498537067527,0.6406635452852036,0.4444444444444444,0.2561661046088739,25,0.2623474178403756,0.17521126760563377,4
country_b15_g1.0_c140,2019/20,UECL,0,,,0.0,,0,0.0,0.0,0
country_b15_g1.0_c140,2020/21,UCL,79,0.47499655887716324,0.6954614797864226,0.55,0.22768787053356832,1,0.06329113924050633,0.06329113924050633,0
country_b15_g1.0_c140,2020/21,UEL,213,0.4245969908037964,0.6803339623720478,0.5370370370370371,0.24353633538319117,34,0.24005799502899752,0.15534382767191382,7
country_b15_g1.0_c140,2020/21,UECL,0,,,0.0,,0,0.0,0.0,0
country_b15_g1.0_c140,2021/22,UCL,80,0.45264063509965435,0.6686369958275382,0.4,0.24562499999999998,0,0.0,0.0,0
country_b15_g1.0_c140,2021/22,UEL,58,0.4014190872321715,0.6496250852079073,0.4,0.25832342449464923,1,0.03448275862068967,0.03448275862068967,0
country_b15_g1.0_c140,2021/22,UECL,181,0.36143263246615986,0.6407924421883813,0.4782608695652174,0.2565550502121425,31,0.24648012831937263,0.151399037604705,4
country_b15_g1.0_c140,2022/23,UCL,78,0.35576440117593566,0.6334201711946409,0.55,0.2544378698224852,2,0.14743589743589744,0.0608974358974359,0
country_b15_g1.0_c140,2022/23,UEL,57,0.35233908319019136,0.6302261823166553,0.4,0.25607879347491536,5,0.2333333333333333,0.13859649122807016,0
country_b15_g1.0_c140,2022/23,UECL,177,0.34838586298531504,0.6347451969438469,0.4888888888888889,0.2603338759615691,19,0.2787689562890277,0.18465655664585193,6
country_b15_g1.0_c140,2023/24,UCL,78,0.43481240845483204,0.66930729550479,0.45,0.23126232741617356,2,0.12820512820512822,0.12820512820512822,0
country_b15_g1.0_c140,2023/24,UEL,57,0.6644518814333524,0.7572614107883817,0.5333333333333333,0.18436441982148358,3,0.3508771929824562,0.1286549707602339,1
country_b15_g1.0_c140,2023/24,UECL,178,0.35223500667006125,0.6336927816901409,0.4666666666666667,0.25984724150991034,23,0.29909623839765515,0.1757449926722032,5
country_b15_g1.0_c140,2024/25,UCL,81,0.46160664683883,0.6721998658618377,0.38095238095238093,0.2341106538637403,6,0.14506172839506173,0.11213991769547323,1
country_b15_g1.0_c140,2024/25,UEL,76,0.4514201263808469,0.6721698113207547,0.5263157894736842,0.24844182825484765,9,0.2799707602339181,0.1812865497076023,3
country_b15_g1.0_c140,2024/25,UECL,164,0.36905558193256727,0.6472841225626741,0.4634146341463415,0.25197055324211776,31,0.2777340676632573,0.1956136900078678,7
country_b15_g1.0_c140,2025/26,UCL,82,0.4308682272401543,0.6698360655737705,0.38095238095238093,0.2455383700178465,1,0.11585365853658536,0.11585365853658536,0
country_b15_g1.0_c140,2025/26,UEL,77,0.42417528881905764,0.6620676253400699,0.6,0.24405464665204923,6,0.26623376623376627,0.19913419913419914,2
country_b15_g1.0_c140,2025/26,UECL,164,0.3338468496804475,0.6272027373823781,0.43902439024390244,0.2647233789411065,23,0.2598091198303287,0.17643160127253446,5
country_b15_g1.0_c180,2018/19,UCL,79,0.5341119335112766,0.7088675213675214,0.45,0.21663195000801153,1,0.5443037974683544,0.0,0
country_b15_g1.0_c180,2018/19,UEL,213,0.4058662974156316,0.6583115485160695,0.5370370370370371,0.24966386739844387,30,0.24968701095461662,0.18051643192488268,4
country_b15_g1.0_c180,2018/19,UECL,0,,,0.0,,0,0.0,0.0,0
country_b15_g1.0_c180,2019/20,UCL,79,0.43109700453648186,0.6712253829321663,0.4,0.24963948085242743,3,0.3143459915611814,0.008438818565400852,0
country_b15_g1.0_c180,2019/20,UEL,213,0.36491672923014096,0.6388511302421588,0.4444444444444444,0.2577090083537217,25,0.2644131455399061,0.19305164319248827,5
country_b15_g1.0_c180,2019/20,UECL,0,,,0.0,,0,0.0,0.0,0
country_b15_g1.0_c180,2020/21,UCL,79,0.47324444599811344,0.6954614797864226,0.55,0.22993110078513054,1,0.06329113924050633,0.06329113924050633,0
country_b15_g1.0_c180,2020/21,UEL,213,0.4140013358451029,0.6756447646823355,0.5370370370370371,0.2468425576935793,34,0.2512427506213753,0.1797155481911074,7
country_b15_g1.0_c180,2020/21,UECL,0,,,0.0,,0,0.0,0.0,0
country_b15_g1.0_c180,2021/22,UCL,80,0.4440741617664798,0.6662030598052852,0.4,0.248125,0,0.0,0.0,0
country_b15_g1.0_c180,2021/22,UEL,58,0.4266987020594188,0.6598500340831629,0.4,0.25326991676575505,1,0.10344827586206898,0.10344827586206898,0
country_b15_g1.0_c180,2021/22,UECL,181,0.3568361257302763,0.6390298928369994,0.4782608695652174,0.2577149659656299,31,0.2564605239707716,0.17786490821600423,5
country_b15_g1.0_c180,2022/23,UCL,78,0.3508336078740592,0.6330480089318943,0.55,0.25739644970414194,2,0.12179487179487178,0.0737179487179487,0
country_b15_g1.0_c180,2022/23,UEL,57,0.36464801469764646,0.6391363947909527,0.4,0.25423207140658666,5,0.26842105263157895,0.19122807017543858,1
country_b15_g1.0_c180,2022/23,UECL,177,0.34831344649436485,0.6342259476299977,0.4888888888888889,0.26113185866130423,19,0.2879869164436515,0.20874219446922396,6
country_b15_g1.0_c180,2023/24,UCL,78,0.4273898551317436,0.6663596168017686,0.45,0.23290598290598288,2,0.17948717948717954,0.17948717948717954,0
country_b15_g1.0_c180,2023/24,UEL,57,0.6770208234269686,0.7669432918395575,0.6,0.1794398276392736,3,0.30994152046783624,0.15204678362573099,1
country_b15_g1.0_c180,2023/24,UECL,178,0.3556790832493203,0.6361869131455399,0.4444444444444444,0.2611097083701553,23,0.31912554958475814,0.21189545676599902,5
country_b15_g1.0_c180,2024/25,UCL,81,0.45252343760784314,0.6675050301810865,0.38095238095238093,0.23776863283036118,6,0.22736625514403289,0.198559670781893,1
country_b15_g1.0_c180,2024/25,UEL,76,0.454212729373801,0.6729559748427673,0.5789473684210527,0.24567174515235454,9,0.2580409356725146,0.195906432748538,3
country_b15_g1.0_c180,2024/25,UECL,164,0.3698714616442748,0.6458043175487466,0.43902439024390244,0.2529000594883998,31,0.2857985837922895,0.2199055861526357,7
country_b15_g1.0_c180,2025/26,UCL,82,0.43078057668281516,0.6695081967213115,0.38095238095238093,0.2443486020226056,1,0.11585365853658536,0.11585365853658536,0
country_b15_g1.0_c180,2025/26,UEL,77,0.43014677263236684,0.6671200932763311,0.6,0.24118738404452691,6,0.2878787878787879,0.2510822510822511,3
country_b15_g1.0_c180,2025/26,UECL,164,0.3249540178739655,0.6229255774165954,0.43902439024390244,0.26903628792385487,23,0.27279957582184516,0.19976139978791094,5
country_b15_g1.0_c220,2018/19,UCL,79,0.5256898141043208,0.7049501424501424,0.45,0.22015702611760932,1,0.5443037974683544,0.0,0
country_b15_g1.0_c220,2018/19,UEL,213,0.40301676413263343,0.6575939310062022,0.5185185185185185,0.2510965637329454,30,0.2603286384976526,0.19538341158059466,5
country_b15_g1.0_c220,2018/19,UECL,0,,,0.0,,0,0.0,0.0,0
country_b15_g1.0_c220,2019/20,UCL,79,0.42111533990867545,0.6675784099197666,0.4,0.25284409549751635,3,0.3143459915611814,0.021097046413502112,0
country_b15_g1.0_c220,2019/20,UEL,213,0.35118447127889807,0.6335649196999447,0.4074074074074074,0.2605303180585863,25,0.27305164319248826,0.2123943661971831,7
country_b15_g1.0_c220,2019/20,UECL,0,,,0.0,,0,0.0,0.0,0
country_b15_g1.0_c220,2020/21,UCL,79,0.46290573737847185,0.6901220442410374,0.55,0.23233456176894732,1,0.07594936708860761,0.07594936708860761,0
country_b15_g1.0_c220,2020/21,UEL,213,0.3925546001431148,0.6665522959913078,0.5185185185185185,0.2521986378364081,34,0.2650510908588788,0.20533001933167636,10
country_b15_g1.0_c220,2020/21,UECL,0,,,0.0,,0,0.0,0.0,0
country_b15_g1.0_c220,2021/22,UCL,80,0.44128562699871543,0.6651599443671766,0.4,0.24859375,0,0.0,0.0,0
country_b15_g1.0_c220,2021/22,UEL,58,0.4347407990081609,0.6625766871165644,0.4666666666666667,0.25237812128418546,1,0.18965517241379312,0.18965517241379312,0
country_b15_g1.0_c220,2021/22,UECL,181,0.3466190466409471,0.63529328821207,0.45652173913043476,0.2602484661640365,31,0.271787560149706,0.2056674389591873,8
country_b15_g1.0_c220,2022/23,UCL,78,0.3426837474424602,0.6308150353554149,0.55,0.2590401051939514,2,0.11538461538461539,0.08653846153846154,0
country_b15_g1.0_c220,2022/23,UEL,57,0.3807116600601609,0.6405071967100754,0.4,0.2505386272699292,5,0.31052631578947365,0.24736842105263154,2
country_b15_g1.0_c220,2022/23,UECL,177,0.3401227024800747,0.6305170239596469,0.4666666666666667,0.26333429091257304,19,0.292447219744276,0.2256913470115968,6
country_b15_g1.0_c220,2023/24,UCL,78,0.4169064550774848,0.6612011790714812,0.45,0.23487836949375407,2,0.29487179487179493,0.29487179487179493,1
country_b15_g1.0_c220,2023/24,UEL,57,0.6736494665901392,0.7676348547717843,0.5333333333333333,0.17605417051400432,3,0.2923976608187135,0.19883040935672514,1
country_b15_g1.0_c220,2023/24,UECL,178,0.3576750086557725,0.6375073356807511,0.4222222222222222,0.2604784749400328,23,0.3288959452857841,0.23632144601856372,5
country_b15_g1.0_c220,2024/25,UCL,81,0.4432924414932481,0.664822266934943,0.38095238095238093,0.24081694863587869,6,0.2788065843621399,0.26028806584362135,2
country_b15_g1.0_c220,2024/25,UEL,76,0.45154454928647353,0.6721698113207547,0.5789473684210527,0.24047783933518002,9,0.2492690058479532,0.21637426900584797,4
country_b15_g1.0_c220,2024/25,UECL,164,0.36642540699753723,0.6451079387186629,0.4146341463414634,0.2559116597263534,31,0.29681353265145555,0.24488591660110148,7
country_b15_g1.0_c220,2025/26,UCL,82,0.4200652960480984,0.6645901639344263,0.38095238095238093,0.24717430101130278,1,0.1646341463414634,0.1646341463414634,0
country_b15_g1.0_c220,2025/26,UEL,77,0.42072302473948825,0.6609016712009328,0.6,0.24422330915837415,6,0.33116883116883117,0.33116883116883117,4
country_b15_g1.0_c220,2025/26,UECL,164,0.3175307000116551,0.6208725406330197,0.4634146341463415,0.27059785841760853,23,0.29162248144220565,0.23316542948038174,6
country_b15_g1.0_c260,2018/19,UCL,79,0.5142519139490229,0.7010327635327636,0.45,0.22336164076269827,1,0.5443037974683544,0.0,0
country_b15_g1.0_c260,2018/19,UEL,213,0.3973592873934123,0.6545184273924856,0.5185185185185185,0.2521545548722696,30,0.26940532081377155,0.210093896713615,6
country_b15_g1.0_c260,2018/19,UECL,0,,,0.0,,0,0.0,0.0,0
country_b15_g1.0_c260,2019/20,UCL,79,0.4152249254739947,0.6657549234135668,0.4,0.25508732574907866,3,0.30168776371308015,0.021097046413502112,0
country_b15_g1.0_c260,2019/20,UEL,213,0.3393686925938936,0.6295876755777073,0.4074074074074074,0.26302100553241203,25,0.28187793427230046,0.22948356807511736,9
country_b15_g1.0_c260,2019/20,UECL,0,,,0.0,,0,0.0,0.0,0
country_b15_g1.0_c260,2020/21,UCL,79,0.4595630539425541,0.6893592677345538,0.55,0.23473802275276398,1,0.07594936708860761,0.07594936708860761,0
country_b15_g1.0_c260,2020/21,UEL,213,0.37289842499176484,0.6576313833133185,0.5,0.2571359298199211,34,0.2787213476940072,0.2272852803093068,10
country_b15_g1.0_c260,2020/21,UECL,0,,,0.0,,0,0.0,0.0,0
country_b15_g1.0_c260,2021/22,UCL,80,0.43888701446542655,0.6644645340751043,0.4,0.24984375,0,0.0,0.0,0
country_b15_g1.0_c260,2021/22,UEL,58,0.4472403372889577,0.6687116564417178,0.5333333333333333,0.24881093935790727,1,0.2586206896551724,0.2586206896551724,0
country_b15_g1.0_c260,2021/22,UECL,181,0.3352067117857749,0.6304286520022561,0.4782608695652174,0.26281249046121913,31,0.2842630547139547,0.22803421849937622,9
country_b15_g1.0_c260,2022/23,UCL,78,0.3310976605906416,0.6270934127279494,0.55,0.26101249178172253,2,0.10897435897435898,0.09294871794871795,0
country_b15_g1.0_c260,2022/23,UEL,57,0.38714364814230584,0.6411925976696368,0.4666666666666667,0.24653739612188366,5,0.356140350877193,0.3,3
country_b15_g1.0_c260,2022/23,UECL,177,0.33237962404620386,0.6263630294488539,0.4444444444444444,0.26489833700405374,19,0.29244721974427595,0.23936961046684507,6
country_b15_g1.0_c260,2023/24,UCL,78,0.4111546139284937,0.6582535003684599,0.45,0.23356344510190666,2,0.35256410256410253,0.35256410256410253,1
country_b15_g1.0_c260,2023/24,UEL,57,0.6725038598980128,0.7676348547717843,0.6,0.17266851338873498,3,0.26900584795321636,0.24269005847953215,1
country_b15_g1.0_c260,2023/24,UECL,178,0.3611277116009158,0.6384609741784038,0.4,0.2576379245044817,23,0.3352467024914509,0.25586223742061553,6
country_b15_g1.0_c260,2024/25,UCL,81,0.4286388035724193,0.6577800134138162,0.38095238095238093,0.2431031854900168,6,0.3220164609053498,0.3148148148148148,3
country_b15_g1.0_c260,2024/25,UEL,76,0.4368764711898185,0.6674528301886793,0.631578947368421,0.2387465373961219,9,0.266812865497076,0.2521929824561403,4
country_b15_g1.0_c260,2024/25,UECL,164,0.3583426664637568,0.6403203342618384,0.4146341463414634,0.25962968471148123,31,0.3084185680566483,0.26573564122737997,7
country_b15_g1.0_c260,2025/26,UCL,82,0.42094180162149036,0.6626229508196722,0.42857142857142855,0.24702558001189764,1,0.17682926829268292,0.17682926829268292,0
country_b15_g1.0_c260,2025/26,UEL,77,0.39446449100685643,0.6492421298095609,0.55,0.25265643447461633,6,0.409090909090909,0.409090909090909,4
country_b15_g1.0_c260,2025/26,UECL,164,0.30717661769461446,0.6172797262617622,0.4634146341463415,0.2735350981558596,23,0.30408271474019083,0.2526511134676564,7
country_b15_g1.0_c300,2018/19,UCL,79,0.5093727239578025,0.6999643874643875,0.45,0.22624579394327832,1,0.5443037974683544,0.0,0
country_b15_g1.0_c300,2018/19,UEL,213,0.3892996830834727,0.6516992157465785,0.5370370370370371,0.2544909519716106,30,0.27942097026604074,0.22496087636932707,6
country_b15_g1.0_c300,2018/19,UECL,0,,,0.0,,0,0.0,0.0,0
country_b15_g1.0_c300,2019/20,UCL,79,0.41280960909492054,0.6646608315098468,0.4,0.2560487101426054,3,0.30168776371308015,0.021097046413502112,0
country_b15_g1.0_c300,2019/20,UEL,213,0.3274154846491293,0.624855258520868,0.4074074074074074,0.265621900416584,25,0.29295774647887324,0.24431924882629105,10
country_b15_g1.0_c300,2019/20,UECL,0,,,0.0,,0,0.0,0.0,0
country_b15_g1.0_c300,2020/21,UCL,79,0.4585689473445116,0.6893592677345538,0.55,0.23425733055600054,1,0.07594936708860761,0.07594936708860761,0
country_b15_g1.0_c300,2020/21,UEL,213,0.35229278833805916,0.6485389146222909,0.46296296296296297,0.2616544336441182,34,0.29404860535763605,0.2486191659762497,10
country_b15_g1.0_c300,2020/21,UECL,0,,,0.0,,0,0.0,0.0,0
country_b15_g1.0_c300,2021/22,UCL,80,0.435224108626414,0.663769123783032,0.4,0.25078125,0,0.0,0.0,0
country_b15_g1.0_c300,2021/22,UEL,58,0.45281993168362755,0.6680299931833674,0.5333333333333333,0.25029726516052314,1,0.2931034482758621,0.2931034482758621,0
country_b15_g1.0_c300,2021/22,UECL,181,0.3250767654066487,0.6266920473773265,0.4782608695652174,0.2652238942645218,31,0.2922830155052576,0.24443058278381743,9
country_b15_g1.0_c300,2022/23,UCL,78,0.32794246384047715,0.627465574990696,0.55,0.26249178172255094,2,0.12179487179487183,0.12179487179487183,0
country_b15_g1.0_c300,2022/23,UEL,57,0.3878619412276216,0.639821795750514,0.4666666666666667,0.2471529701446599,5,0.38421052631578945,0.34561403508771926,3
country_b15_g1.0_c300,2022/23,UECL,177,0.31917568386295286,0.6211705363103628,0.4444444444444444,0.26840946088288803,19,0.2933392804044008,0.24858757062146894,6
country_b15_g1.0_c300,2023/24,UCL,78,0.3969216766285511,0.6542004421518055,0.45,0.23504273504273507,2,0.4615384615384616,0.4615384615384616,1
country_b15_g1.0_c300,2023/24,UEL,57,0.6521120607781615,0.7593360995850622,0.6666666666666666,0.17790089258233302,3,0.304093567251462,0.30116959064327486,1
country_b15_g1.0_c300,2023/24,UECL,178,0.3553588294158701,0.6363336267605634,0.4222222222222222,0.25814291124857974,23,0.34281875915974597,0.27467024914509036,7
country_b15_g1.0_c300,2024/25,UCL,81,0.4036855566862912,0.648054996646546,0.38095238095238093,0.2470659960371894,6,0.4125514403292181,0.40534979423868317,4
country_b15_g1.0_c300,2024/25,UEL,76,0.4186692526664492,0.6607704402515723,0.5263157894736842,0.2399584487534626,9,0.2872807017543859,0.2843567251461988,4
country_b15_g1.0_c300,2024/25,UECL,164,0.3498450718392776,0.6375348189415042,0.4634146341463415,0.2624553837001785,31,0.3190401258851298,0.2829464988198269,9
country_b15_g1.0_c300,2025/26,UCL,82,0.4176987309999401,0.660655737704918,0.38095238095238093,0.24791790600832833,1,0.20121951219512194,0.20121951219512194,0
country_b15_g1.0_c300,2025/26,UEL,77,0.3733377011762872,0.6426350563544501,0.55,0.2580536346770113,6,0.49567099567099565,0.49567099567099565,4
country_b15_g1.0_c300,2025/26,UECL,164,0.2993415053905916,0.61437125748503,0.4634146341463415,0.2762120761451517,23,0.31097560975609756,0.2678950159066808,7
country_b15_g1.0_c360,2018/19,UCL,79,0.4928840040125981,0.6917735042735043,0.45,0.23137317737542057,1,0.5443037974683544,0.0,0
country_b15_g1.0_c360,2018/19,UEL,213,0.3805116266560748,0.6473422522938131,0.5185185185185185,0.2560118142343891,30,0.292566510172144,0.24209702660406887,9
country_b15_g1.0_c360,2018/19,UECL,0,,,0.0,,0,0.0,0.0,0
country_b15_g1.0_c360,2019/20,UCL,79,0.4011643336958131,0.6573668854850474,0.4,0.2589328633231854,3,0.30168776371308015,0.021097046413502112,0
country_b15_g1.0_c360,2019/20,UEL,213,0.31156656508523994,0.6182097366963701,0.4074074074074074,0.26985386497388086,25,0.31117370892018775,0.2663849765258216,10
country_b15_g1.0_c360,2019/20,UECL,0,,,0.0,,0,0.0,0.0,0
country_b15_g1.0_c360,2020/21,UCL,79,0.45403333599094287,0.6866895499618612,0.55,0.23537894568178164,1,0.08860759493670886,0.08860759493670886,0
country_b15_g1.0_c360,2020/21,UEL,213,0.3210360254694083,0.634356950877795,0.4444444444444444,0.2684652516035178,34,0.31489919911626624,0.2747859707263187,11
country_b15_g1.0_c360,2020/21,UECL,0,,,0.0,,0,0.0,0.0,0
country_b15_g1.0_c360,2021/22,UCL,80,0.4238454688749008,0.6602920723226704,0.4,0.25375,0,0.0,0.0,0
country_b15_g1.0_c360,2021/22,UEL,58,0.44967166892462385,0.665303340149966,0.4666666666666667,0.25148632580261593,1,0.39655172413793105,0.39655172413793105,1
country_b15_g1.0_c360,2021/22,UECL,181,0.3098951720171668,0.6194303440496334,0.45652173913043476,0.26946674399438353,31,0.3033327392621636,0.261718053822848,10
country_b15_g1.0_c360,2022/23,UCL,78,0.3092028944781642,0.6189058429475252,0.55,0.2674227481919789,2,0.17307692307692307,0.17307692307692307,0
country_b15_g1.0_c360,2022/23,UEL,57,0.37153709837953786,0.6425633995887594,0.6,0.24561403508771928,5,0.4473684210526315,0.43684210526315786,3
country_b15_g1.0_c360,2022/23,UECL,177,0.29666293293392326,0.6120465840812996,0.4444444444444444,0.27287816400140447,19,0.2942313410645257,0.26300921796015464,7
country_b15_g1.0_c360,2023/24,UCL,78,0.37666907409064,0.6483050847457628,0.45,0.23586456278763968,2,0.5384615384615385,0.5384615384615385,2
country_b15_g1.0_c360,2023/24,UEL,57,0.6291344636960822,0.7468879668049793,0.6666666666666666,0.18590335487842416,3,0.3625730994152046,0.3625730994152046,1
country_b15_g1.0_c360,2023/24,UECL,178,0.3482388426742147,0.6333259976525821,0.4,0.2597841181668981,23,0.3467269174401563,0.2940889106008794,8
country_b15_g1.0_c360,2024/25,UCL,81,0.3831090751993245,0.6413480885311871,0.42857142857142855,0.24919981710105166,6,0.46810699588477367,0.46090534979423864,4
country_b15_g1.0_c360,2024/25,UEL,76,0.3730613453706291,0.6450471698113207,0.5263157894736842,0.24324792243767307,9,0.35307017543859653,0.35307017543859653,4
country_b15_g1.0_c360,2024/25,UECL,164,0.3361783952446922,0.6334435933147632,0.4634146341463415,0.2656900654372398,31,0.33143194335169157,0.3016325727773406,11
country_b15_g1.0_c360,2025/26,UCL,82,0.41535407859111656,0.660655737704918,0.38095238095238093,0.2482153480071386,1,0.21341463414634146,0.21341463414634146,0
country_b15_g1.0_c360,2025/26,UEL,77,0.3389350232250573,0.6290322580645161,0.5,0.26463147242368024,6,0.538961038961039,0.538961038961039,4
country_b15_g1.0_c360,2025/26,UECL,164,0.27943489381696757,0.6054747647562019,0.4146341463414634,0.28111986912552056,23,0.3287380699893956,0.29148992576882293,8
country_b15_g1.2_c100,2018/19,UCL,79,0.5501225418744268,0.7156339031339032,0.45,0.21278641243390484,1,0.5189873417721519,0.0,0
country_b15_g1.2_c100,2018/19,UEL,213,0.41193778197593406,0.6604131426521093,0.5555555555555556,0.24505719764596973,30,0.21697965571205008,0.13098591549295774,3
country_b15_g1.2_c100,2018/19,UECL,0,,,0.0,,0,0.0,0.0,0
country_b15_g1.2_c100,2019/20,UCL,79,0.4420768356270689,0.674872355944566,0.4,0.24547348181381193,3,0.36075949367088606,0.0,0
country_b15_g1.2_c100,2019/20,UEL,213,0.38372571189122967,0.6448925137189749,0.4444444444444444,0.25402808084815626,25,0.2495774647887324,0.13784037558685447,3
country_b15_g1.2_c100,2019/20,UECL,0,,,0.0,,0,0.0,0.0,0
country_b15_g1.2_c100,2020/21,UCL,79,0.47828953698317894,0.6962242562929062,0.55,0.22544464028200606,1,0.012658227848101278,0.012658227848101278,0
country_b15_g1.2_c100,2020/21,UEL,213,0.44647588629286217,0.689769543089152,0.5370370370370371,0.2360422314796447,34,0.22183098591549294,0.11564484948909141,5
country_b15_g1.2_c100,2020/21,UECL,0,,,0.0,,0,0.0,0.0,0
country_b15_g1.2_c100,2021/22,UCL,80,0.447618909352621,0.6675938803894298,0.4,0.24500000000000002,0,0.0,0.0,0
country_b15_g1.2_c100,2021/22,UEL,58,0.37754216373319316,0.6414451261077028,0.4,0.2609988109393579,1,0.017241379310344834,0.0,0
country_b15_g1.2_c100,2021/22,UECL,181,0.3645694100334667,0.6428369994359842,0.4782608695652174,0.2539299777174079,31,0.23917305293174124,0.11094279094635535,3
country_b15_g1.2_c100,2022/23,UCL,78,0.36514057289504803,0.6378861183475996,0.55,0.2516436554898092,2,0.10256410256410256,0.009615384615384609,0
country_b15_g1.2_c100,2022/23,UEL,57,0.3519472869618373,0.6295407813570939,0.4,0.2573099415204679,5,0.21228070175438596,0.10877192982456141,0
country_b15_g1.2_c100,2022/23,UECL,177,0.3448978020045476,0.6336325198427416,0.4444444444444444,0.2577803313224169,19,0.26628010704727917,0.13812072554267027,4
country_b15_g1.2_c100,2023/24,UCL,78,0.4226072821142898,0.6652542372881356,0.45,0.23553583168967784,2,0.11538461538461539,0.08333333333333334,0
country_b15_g1.2_c100,2023/24,UEL,57,0.6591820906495708,0.7510373443983402,0.5333333333333333,0.18621114188981228,3,0.37426900584795325,0.09941520467836258,0
country_b15_g1.2_c100,2023/24,UECL,178,0.3333238560604667,0.627237382629108,0.4666666666666667,0.2648971089508901,23,0.29250122129946265,0.13141182217879824,5
country_b15_g1.2_c100,2024/25,UCL,81,0.4697121889936407,0.6745472837022133,0.42857142857142855,0.22969059594573996,6,0.11419753086419754,0.07201646090534979,0
country_b15_g1.2_c100,2024/25,UEL,76,0.4645674800753982,0.6784591194968553,0.5263157894736842,0.24307479224376727,9,0.2902046783625731,0.13450292397660818,1
country_b15_g1.2_c100,2024/25,UECL,164,0.37223612996125754,0.6475452646239555,0.5121951219512195,0.24672813801308743,31,0.25314712824547597,0.1371951219512195,6
country_b15_g1.2_c100,2025/26,UCL,82,0.440181098957444,0.6718032786885246,0.38095238095238093,0.24152290303390844,1,0.0060975609756097615,0.0,0
country_b15_g1.2_c100,2025/26,UEL,77,0.42221589569281565,0.6620676253400699,0.55,0.24405464665204926,6,0.24242424242424243,0.14069264069264067,0
country_b15_g1.2_c100,2025/26,UECL,164,0.3399507726425549,0.6292557741659538,0.3902439024390244,0.2631989886972041,23,0.23594909862142097,0.1173117709437964,4
country_b15_g1.2_c140,2018/19,UCL,79,0.54530464823988,0.7134971509971509,0.45,0.2140682582919404,1,0.5189873417721519,0.0,0
country_b15_g1.2_c140,2018/19,UEL,213,0.41279037342482766,0.6604644010456713,0.5555555555555556,0.2456082346977011,30,0.2307511737089202,0.1490610328638498,3
country_b15_g1.2_c140,2018/19,UECL,0,,,0.0,,0,0.0,0.0,0
country_b15_g1.2_c140,2019/20,UCL,79,0.43618642119238804,0.6737782640408461,0.4,0.2489985579234097,3,0.36075949367088606,0.0,0
country_b15_g1.2_c140,2019/20,UEL,213,0.37979548607444796,0.6435835472989981,0.4444444444444444,0.2549317816129957,25,0.25990610328638497,0.1588732394366197,4
country_b15_g1.2_c140,2019/20,UECL,0,,,0.0,,0,0.0,0.0,0
country_b15_g1.2_c140,2020/21,UCL,79,0.4783889476429831,0.6966056445461479,0.55,0.22608556321102388,1,0.025316455696202528,0.025316455696202528,0
country_b15_g1.2_c140,2020/21,UEL,213,0.4320236889954563,0.683364785269057,0.5370370370370371,0.2416407679252353,34,0.2390914112123723,0.14153548743441036,5
country_b15_g1.2_c140,2020/21,UECL,0,,,0.0,,0,0.0,0.0,0
country_b15_g1.2_c140,2021/22,UCL,80,0.44755983022618534,0.6665507649513213,0.4,0.2459375,0,0.0,0.0,0
country_b15_g1.2_c140,2021/22,UEL,58,0.4070298525452474,0.6509884117246081,0.4,0.2571343638525565,1,0.03448275862068967,0.03448275862068967,0
country_b15_g1.2_c140,2021/22,UECL,181,0.36533310261112806,0.642272983643542,0.45652173913043476,0.25460150789047953,31,0.2448761361611121,0.13402245589021564,3
country_b15_g1.2_c140,2022/23,UCL,78,0.35843418304145946,0.6349088202456271,0.55,0.2531229454306377,2,0.12179487179487178,0.03525641025641024,0
country_b15_g1.2_c140,2022/23,UEL,57,0.36154629455651055,0.6329677861549006,0.4,0.25423207140658666,5,0.2263157894736842,0.13157894736842107,0
country_b15_g1.2_c140,2022/23,UECL,177,0.3491989026791649,0.6347451969438469,0.4666666666666667,0.25873791056209905,19,0.27639012786202793,0.16800475765685405,4
country_b15_g1.2_c140,2023/24,UCL,78,0.4307440330079846,0.6674649963154016,0.45,0.232577251808021,2,0.12820512820512822,0.12820512820512822,0
country_b15_g1.2_c140,2023/24,UEL,57,0.660164039242822,0.7531120331950207,0.5333333333333333,0.1868267159125885,3,0.3567251461988305,0.1345029239766082,1
country_b15_g1.2_c140,2023/24,UECL,178,0.3453242093010972,0.6312720070422535,0.4666666666666667,0.2607940916550941,23,0.3010503175378603,0.1601123595505618,5
country_b15_g1.2_c140,2024/25,UCL,81,0.45928752958836533,0.6708584842387659,0.38095238095238093,0.23502514860539558,6,0.1491769547325103,0.11419753086419752,1
country_b15_g1.2_c140,2024/25,UEL,76,0.4663232255214634,0.6761006289308176,0.5263157894736842,0.24324792243767313,9,0.27119883040935666,0.162280701754386,3
country_b15_g1.2_c140,2024/25,UECL,164,0.3704356632076251,0.6471970752089137,0.4878048780487805,0.25048334324806665,31,0.2730133752950432,0.17555074744295832,7
country_b15_g1.2_c140,2025/26,UCL,82,0.4361929985985105,0.6724590163934426,0.38095238095238093,0.24390243902439024,1,0.042682926829268296,0.042682926829268296,0
country_b15_g1.2_c140,2025/26,UEL,77,0.4303467107064731,0.6651768363777691,0.6,0.2430426716141002,6,0.25757575757575757,0.19047619047619047,1
country_b15_g1.2_c140,2025/26,UECL,164,0.34467470219129787,0.6313943541488451,0.43902439024390244,0.2604848304580607,23,0.24734888653234358,0.1554878048780488,5
country_b15_g1.2_c180,2018/19,UCL,79,0.5370664179029452,0.7095797720797721,0.45,0.21567056561448483,1,0.5443037974683544,0.0,0
country_b15_g1.2_c180,2018/19,UEL,213,0.4134198921664719,0.6611820185555385,0.5370370370370371,0.24655601842667899,30,0.24139280125195614,0.16463223787167447,4
country_b15_g1.2_c180,2018/19,UECL,0,,,0.0,,0,0.0,0.0,0
country_b15_g1.2_c180,2019/20,UCL,79,0.4387865832127179,0.6745076586433261,0.4,0.24867809645890085,3,0.3481012658227847,0.0,0
country_b15_g1.2_c180,2019/20,UEL,213,0.37655115149473195,0.642626994915169,0.4444444444444444,0.2556591505212811,25,0.2630985915492958,0.175962441314554,4
country_b15_g1.2_c180,2019/20,UECL,0,,,0.0,,0,0.0,0.0,0
country_b15_g1.2_c180,2020/21,UCL,79,0.4721260760753157,0.6943173150266971,0.55,0.22929017785611275,1,0.037974683544303806,0.037974683544303806,0
country_b15_g1.2_c180,2020/21,UEL,213,0.42315925324350373,0.6801052210213301,0.5370370370370371,0.24413145539906106,34,0.25069041701187517,0.16418116542391603,7
country_b15_g1.2_c180,2020/21,UECL,0,,,0.0,,0,0.0,0.0,0
country_b15_g1.2_c180,2021/22,UCL,80,0.44338884389982586,0.6655076495132128,0.4,0.24781250000000005,0,0.0,0.0,0
country_b15_g1.2_c180,2021/22,UEL,58,0.4270415821618846,0.6591683708248125,0.4,0.25267538644470866,1,0.08620689655172412,0.08620689655172412,0
country_b15_g1.2_c180,2021/22,UECL,181,0.3615259157206125,0.641215454032713,0.4782608695652174,0.2562498092243827,31,0.2507574407414008,0.1543396898948494,5
country_b15_g1.2_c180,2022/23,UCL,78,0.356007108618256,0.6352809825083736,0.55,0.25312294543063774,2,0.10897435897435898,0.04807692307692307,0
country_b15_g1.2_c180,2022/23,UEL,57,0.3685659769811866,0.6384509938313914,0.4,0.2530009233610342,5,0.26140350877192986,0.17719298245614035,1
country_b15_g1.2_c180,2022/23,UECL,177,0.3556966369126045,0.6377865143535346,0.4888888888888889,0.25940821602987646,19,0.2903657448706512,0.19298245614035087,6
country_b15_g1.2_c180,2023/24,UCL,78,0.43138170941031173,0.667096536477524,0.45,0.23191978961209733,2,0.17948717948717954,0.17948717948717954,0
country_b15_g1.2_c180,2023/24,UEL,57,0.6793120368112215,0.7669432918395575,0.6,0.1794398276392736,3,0.30994152046783624,0.15204678362573099,1
country_b15_g1.2_c180,2023/24,UECL,178,0.34999322983590986,0.6328125,0.4444444444444444,0.262056558515339,23,0.3166829506595017,0.1896678065461651,5
country_b15_g1.2_c180,2024/25,UCL,81,0.45620674147622825,0.6695171026156942,0.38095238095238093,0.23776863283036126,6,0.23148148148148148,0.2006172839506173,1
country_b15_g1.2_c180,2024/25,UEL,76,0.46339237485559076,0.6780660377358491,0.5789473684210527,0.24290166204986152,9,0.256578947368421,0.18567251461988304,3
country_b15_g1.2_c180,2024/25,UECL,164,0.37319029436986473,0.6478064066852368,0.4634146341463415,0.2514500297441999,31,0.28029110936270657,0.19817073170731708,7
country_b15_g1.2_c180,2025/26,UCL,82,0.4301779791011081,0.6698360655737705,0.38095238095238093,0.24434860202260558,1,0.06707317073170732,0.06707317073170732,0
country_b15_g1.2_c180,2025/26,UEL,77,0.4358916599616888,0.6686746987951807,0.6,0.23950075898127846,6,0.27922077922077926,0.24242424242424243,3
country_b15_g1.2_c180,2025/26,UECL,164,0.3423237553284103,0.6303678357570573,0.43902439024390244,0.26316180844735276,23,0.26405090137857895,0.18305938494167548,5
country_b15_g1.2_c220,2018/19,UCL,79,0.524439368428179,0.7045940170940171,0.45,0.21983656465310047,1,0.5443037974683544,0.0,0
country_b15_g1.2_c220,2018/19,UEL,213,0.41072348506387363,0.6603106258649853,0.5185185185185185,0.24759196808393397,30,0.252660406885759,0.18082942097026605,4
country_b15_g1.2_c220,2018/19,UECL,0,,,0.0,,0,0.0,0.0,0
country_b15_g1.2_c220,2019/20,UCL,79,0.4258350652820704,0.6690371991247265,0.4,0.2515622496394808,3,0.33544303797468356,0.0,0
country_b15_g1.2_c220,2019/20,UEL,213,0.3653076809599597,0.6389518199667724,0.4444444444444444,0.2578632987282065,25,0.26629107981220657,0.191924882629108,6
country_b15_g1.2_c220,2019/20,UECL,0,,,0.0,,0,0.0,0.0,0
country_b15_g1.2_c220,2020/21,UCL,79,0.4654904145333822,0.6912662090007627,0.55,0.23169363883992944,1,0.037974683544303806,0.037974683544303806,0
country_b15_g1.2_c220,2020/21,UEL,213,0.4110497490008233,0.673814833876594,0.5370370370370371,0.24805483920738833,34,0.2615990057995029,0.18420325876829605,8
country_b15_g1.2_c220,2020/21,UECL,0,,,0.0,,0,0.0,0.0,0
country_b15_g1.2_c220,2021/22,UCL,80,0.4410611263182598,0.6662030598052852,0.4,0.24906250000000002,0,0.0,0.0,0
country_b15_g1.2_c220,2021/22,UEL,58,0.4460870133079365,0.667348329925017,0.4666666666666667,0.24940546967895363,1,0.13793103448275865,0.13793103448275865,0
country_b15_g1.2_c220,2021/22,UECL,181,0.3567623191992808,0.6383953750705019,0.4782608695652174,0.2576844418668539,31,0.2585991801817858,0.1760826947068259,7
country_b15_g1.2_c220,2022/23,UCL,78,0.34749957406113235,0.6326758466691478,0.55,0.25608152531229456,2,0.08974358974358976,0.0608974358974359,0
country_b15_g1.2_c220,2022/23,UEL,57,0.3813973034597804,0.6405071967100754,0.4,0.24992305324715297,5,0.2964912280701754,0.22982456140350874,1
country_b15_g1.2_c220,2022/23,UECL,177,0.35060224649621474,0.635041910837475,0.4666666666666667,0.2618340834370711,19,0.30077311923877487,0.2123104371097235,6
country_b15_g1.2_c220,2023/24,UCL,78,0.4181435472979996,0.6612011790714812,0.45,0.23652202498356337,2,0.3076923076923077,0.3076923076923077,1
country_b15_g1.2_c220,2023/24,UEL,57,0.6818651031536749,0.7710926694329184,0.5333333333333333,0.1742074484456756,3,0.2865497076023392,0.1929824561403509,1
country_b15_g1.2_c220,2023/24,UECL,178,0.35477331483148133,0.6360401995305164,0.4444444444444444,0.26237217523040024,23,0.32938446507083535,0.21360527601367854,5
country_b15_g1.2_c220,2024/25,UCL,81,0.4472144780197693,0.6664989939637826,0.38095238095238093,0.24112178021643046,6,0.28497942386831276,0.26028806584362135,2
country_b15_g1.2_c220,2024/25,UEL,76,0.4582910357248974,0.6757075471698113,0.5789473684210527,0.24030470914127425,9,0.2463450292397661,0.20321637426900588,3
country_b15_g1.2_c220,2024/25,UECL,164,0.3715447064767597,0.6454561281337048,0.43902439024390244,0.2528256989886972,31,0.2881589299763966,0.2171518489378442,7
country_b15_g1.2_c220,2025/26,UCL,82,0.4257516259554787,0.6668852459016393,0.38095238095238093,0.2462819750148721,1,0.11585365853658536,0.11585365853658536,0
country_b15_g1.2_c220,2025/26,UEL,77,0.4220826036434113,0.6616789739603576,0.6,0.24422330915837404,6,0.32251082251082247,0.32251082251082247,4
country_b15_g1.2_c220,2025/26,UECL,164,0.3278778961340183,0.6247219846022242,0.4634146341463415,0.2683298631766805,23,0.28207847295864263,0.20771474019088015,5
country_b15_g1.2_c260,2018/19,UCL,79,0.517181879798022,0.7024572649572649,0.45,0.22240025636917163,1,0.5443037974683544,0.0,0
country_b15_g1.2_c260,2018/19,UEL,213,0.40389204094158626,0.6576964477933261,0.5185185185185185,0.24995040666534415,30,0.26189358372456967,0.19507042253521126,6
country_b15_g1.2_c260,2018/19,UECL,0,,,0.0,,0,0.0,0.0,0
country_b15_g1.2_c260,2019/20,UCL,79,0.4160752154237708,0.6653902261123268,0.4,0.254125941355552,3,0.31856540084388185,0.008438818565400852,0
country_b15_g1.2_c260,2019/20,UEL,213,0.35588844265405306,0.6353269898806827,0.42592592592592593,0.2595825343296083,25,0.2707981220657277,0.20732394366197185,7
country_b15_g1.2_c260,2019/20,UECL,0,,,0.0,,0,0.0,0.0,0
country_b15_g1.2_c260,2020/21,UCL,79,0.4601098125714774,0.6885964912280702,0.55,0.23361640762698288,1,0.05063291139240508,0.05063291139240508,0
country_b15_g1.2_c260,2020/21,UEL,213,0.3949437342495859,0.6680391147709728,0.5,0.2524851771033085,34,0.27319801159900575,0.2048467274233637,10
country_b15_g1.2_c260,2020/21,UECL,0,,,0.0,,0,0.0,0.0,0
country_b15_g1.2_c260,2021/22,UCL,80,0.4396786747596647,0.6651599443671766,0.4,0.24859375,0,0.0,0.0,0
country_b15_g1.2_c260,2021/22,UEL,58,0.45038860004796133,0.6680299931833674,0.5333333333333333,0.2482164090368609,1,0.18965517241379312,0.18965517241379312,0
country_b15_g1.2_c260,2021/22,UECL,181,0.3481577077940607,0.6355047941342358,0.45652173913043476,0.2596685082872928,31,0.26751024772767773,0.1933701657458563,8
country_b15_g1.2_c260,2022/23,UCL,78,0.34674590358234814,0.6323036844064012,0.55,0.2562458908612755,2,0.08333333333333334,0.06730769230769232,0
country_b15_g1.2_c260,2022/23,UEL,57,0.39566521610900557,0.6446196024674434,0.4666666666666667,0.2453062480763312,5,0.34561403508771926,0.2859649122807017,2
country_b15_g1.2_c260,2022/23,UECL,177,0.3433770556945937,0.6326681996884504,0.4444444444444444,0.26260014682881677,19,0.3055307760927743,0.22747546833184656,6
country_b15_g1.2_c260,2023/24,UCL,78,0.4136160448414766,0.6589904200442152,0.45,0.23553583168967782,2,0.34615384615384615,0.34615384615384615,1
country_b15_g1.2_c260,2023/24,UEL,57,0.6745332203240655,0.7683264177040111,0.6,0.17174515235457063,3,0.2631578947368421,0.23684210526315788,1
country_b15_g1.2_c260,2023/24,UECL,178,0.35671424715542194,0.6370671948356808,0.4222222222222222,0.2612359550561798,23,0.3413531998045921,0.23534440644846114,6
country_b15_g1.2_c260,2024/25,UCL,81,0.43218568877901253,0.6604627766599598,0.38095238095238093,0.24173144337753386,6,0.32407407407407407,0.31378600823045266,3
country_b15_g1.2_c260,2024/25,UEL,76,0.44963673140019794,0.6729559748427673,0.631578947368421,0.23805401662049855,9,0.2521929824561403,0.23099415204678364,4
country_b15_g1.2_c260,2024/25,UECL,164,0.36937640242937425,0.6452820334261838,0.43902439024390244,0.2546475312314099,31,0.29681353265145555,0.23564122738001572,7
country_b15_g1.2_c260,2025/26,UCL,82,0.42654048097153147,0.6649180327868852,0.42857142857142855,0.24509220701963116,1,0.11585365853658536,0.11585365853658536,0
country_b15_g1.2_c260,2025/26,UEL,77,0.3990230790964809,0.650408083948698,0.55,0.25198178444931696,6,0.4004329004329004,0.4004329004329004,4
country_b15_g1.2_c260,2025/26,UECL,164,0.31848237211608116,0.6217279726261762,0.4634146341463415,0.2697798929208804,23,0.2974549310710498,0.23051431601272535,7
country_b15_g1.2_c300,2018/19,UCL,79,0.5119716894807641,0.7003205128205128,0.45,0.22464348662073388,1,0.5443037974683544,0.0,0
country_b15_g1.2_c300,2018/19,UEL,213,0.40144202205518703,0.6561586959864678,0.5185185185185185,0.25036919482465997,30,0.2692488262910798,0.20633802816901406,6
country_b15_g1.2_c300,2018/19,UECL,0,,,0.0,,0,0.0,0.0,0
country_b15_g1.2_c300,2019/20,UCL,79,0.4108502452976104,0.6635667396061269,0.4,0.2560487101426054,3,0.32700421940928265,0.016877637130801686,0
country_b15_g1.2_c300,2019/20,UEL,213,0.34516017496066326,0.6315007803453657,0.42592592592592593,0.2623377195882651,25,0.28356807511737087,0.2245070422535211,7
country_b15_g1.2_c300,2019/20,UECL,0,,,0.0,,0,0.0,0.0,0
country_b15_g1.2_c300,2020/21,UCL,79,0.45935180629047007,0.6901220442410374,0.55,0.23393686909149178,1,0.05063291139240508,0.05063291139240508,0
country_b15_g1.2_c300,2020/21,UEL,213,0.3764182697053212,0.6596900554697775,0.5185185185185185,0.2562322290550817,34,0.2859016846175089,0.22542115437724386,10
country_b15_g1.2_c300,2020/21,UECL,0,,,0.0,,0,0.0,0.0,0
country_b15_g1.2_c300,2021/22,UCL,80,0.4366656393114447,0.6651599443671766,0.45,0.24953124999999998,0,0.0,0.0,0
country_b15_g1.2_c300,2021/22,UEL,58,0.4497651816798418,0.6666666666666666,0.5333333333333333,0.2508917954815696,1,0.27586206896551724,0.27586206896551724,0
country_b15_g1.2_c300,2021/22,UECL,181,0.33989752686681934,0.6316271855611957,0.43478260869565216,0.2615304783126278,31,0.27570842986989846,0.21137052218855817,8
country_b15_g1.2_c300,2022/23,UCL,78,0.3382128208734012,0.6293263863044287,0.55,0.2593688362919132,2,0.08333333333333334,0.0737179487179487,0
country_b15_g1.2_c300,2022/23,UEL,57,0.39226964879660414,0.6411925976696368,0.4666666666666667,0.2459218220991074,5,0.38421052631578945,0.32807017543859646,3
country_b15_g1.2_c300,2022/23,UECL,177,0.3397233145602888,0.6299977746457978,0.4444444444444444,0.26438762807622335,19,0.3049360689860243,0.2369907820398454,6
country_b15_g1.2_c300,2023/24,UCL,78,0.4025077219129372,0.6556742815033162,0.45,0.23717948717948717,2,0.45512820512820523,0.45512820512820523,1
country_b15_g1.2_c300,2023/24,UEL,57,0.6647791976311028,0.7648686030428768,0.6666666666666666,0.1742074484456756,3,0.29239766081871343,0.28947368421052627,1
country_b15_g1.2_c300,2023/24,UECL,178,0.35767608695150804,0.636993838028169,0.4222222222222222,0.25899507637924507,23,0.34550561797752816,0.2497557401074744,6
country_b15_g1.2_c300,2024/25,UCL,81,0.4056863637259079,0.6500670690811536,0.38095238095238093,0.24615150129553418,6,0.404320987654321,0.397119341563786,4
country_b15_g1.2_c300,2024/25,UEL,76,0.4390607844219311,0.6682389937106918,0.5789473684210527,0.2352839335180055,9,0.2697368421052631,0.2609649122807018,4
country_b15_g1.2_c300,2024/25,UECL,164,0.3645253752621371,0.6432799442896936,0.43902439024390244,0.25806811421772746,31,0.30763178599527924,0.25354051927616045,7
country_b15_g1.2_c300,2025/26,UCL,82,0.41952843638439574,0.6622950819672131,0.38095238095238093,0.24717430101130278,1,0.1524390243902439,0.1524390243902439,0
country_b15_g1.2_c300,2025/26,UEL,77,0.3842676492274334,0.6461329187718616,0.55,0.25636700961376285,6,0.4783549783549783,0.4783549783549783,4
country_b15_g1.2_c300,2025/26,UECL,164,0.31559154759048025,0.6206159110350727,0.4634146341463415,0.2703004164187983,23,0.3011664899257688,0.24337221633085895,7
country_b15_g1.2_c360,2018/19,UCL,79,0.49629208144365144,0.6931980056980057,0.45,0.22977087005287616,1,0.5443037974683544,0.0,0
country_b15_g1.2_c360,2018/19,UEL,213,0.3906998739182409,0.652211799682198,0.5185185185185185,0.2528157993343472,30,0.2812989045383411,0.22292644757433486,7
country_b15_g1.2_c360,2018/19,UECL,0,,,0.0,,0,0.0,0.0,0
country_b15_g1.2_c360,2019/20,UCL,79,0.4035550039893865,0.6588256746900073,0.4,0.25861240185867646,3,0.3143459915611814,0.021097046413502112,0
country_b15_g1.2_c360,2019/20,UEL,213,0.32980261206522987,0.6255600865931632,0.42592592592592593,0.2653353611496837,25,0.2970892018779343,0.24347417840375588,9
country_b15_g1.2_c360,2019/20,UECL,0,,,0.0,,0,0.0,0.0,0
country_b15_g1.2_c360,2020/21,UCL,79,0.45696595045516814,0.688977879481312,0.55,0.23441756128825506,1,0.05063291139240508,0.05063291139240508,0
country_b15_g1.2_c360,2020/21,UEL,213,0.35111241160619033,0.6469949105049465,0.4444444444444444,0.2620952632855033,34,0.30205744269538803,0.249861916597625,10
country_b15_g1.2_c360,2020/21,UECL,0,,,0.0,,0,0.0,0.0,0
country_b15_g1.2_c360,2021/22,UCL,80,0.42850090403803287,0.6623783031988874,0.4,0.25171874999999994,0,0.0,0.0,0
country_b15_g1.2_c360,2021/22,UEL,58,0.46195301077657885,0.6714383094751193,0.4666666666666667,0.24910820451843046,1,0.2931034482758621,0.2931034482758621,0
country_b15_g1.2_c360,2021/22,UECL,181,0.32235514957619127,0.6251410039481106,0.4782608695652174,0.26607856903024935,31,0.28782748173231154,0.23266797362324004,9
country_b15_g1.2_c360,2022/23,UCL,78,0.31548773982666994,0.6207666542612579,0.55,0.26512163050624593,2,0.1217948717948718,0.1217948717948718,0
country_b15_g1.2_c360,2022/23,UEL,57,0.37816498457585984,0.641877998629198,0.6,0.24622960911049555,5,0.443859649122807,0.4052631578947368,3
country_b15_g1.2_c360,2022/23,UECL,177,0.32816191205813533,0.6247311030338996,0.4444444444444444,0.26703693063934375,19,0.3022598870056497,0.24710080285459415,7
country_b15_g1.2_c360,2023/24,UCL,78,0.38544350138666195,0.6494104642593957,0.45,0.2383300460223537,2,0.5384615384615385,0.5384615384615385,2
country_b15_g1.2_c360,2023/24,UEL,57,0.6418016005490234,0.7517289073305671,0.6,0.18159433671899045,3,0.3625730994152046,0.3625730994152046,1
country_b15_g1.2_c360,2023/24,UECL,178,0.35147049499357574,0.6347197769953051,0.4222222222222222,0.2602259815679839,23,0.35161211529066927,0.26831949193942356,6
country_b15_g1.2_c360,2024/25,UCL,81,0.3883611936783183,0.6447015425888666,0.42857142857142855,0.24828532235939643,6,0.4578189300411522,0.45061728395061723,4
country_b15_g1.2_c360,2024/25,UEL,76,0.40824537812839273,0.6584119496855346,0.5263157894736842,0.2370152354570637,9,0.3135964912280702,0.31067251461988304,4
country_b15_g1.2_c360,2024/25,UECL,164,0.35737052504455274,0.641016713091922,0.4634146341463415,0.2608194527067222,31,0.31707317073170727,0.27252163650668754,8
country_b15_g1.2_c360,2025/26,UCL,82,0.414543310935729,0.660655737704918,0.38095238095238093,0.2485127900059488,1,0.17682926829268292,0.17682926829268292,0
country_b15_g1.2_c360,2025/26,UEL,77,0.3543835717510067,0.6352506801399145,0.5,0.26193287232248275,6,0.5238095238095238,0.5238095238095238,4
country_b15_g1.2_c360,2025/26,UECL,164,0.3028713687822616,0.6165098374679213,0.43902439024390244,0.2742043426531826,23,0.31018027571580065,0.2599416755037116,7
country_b15_g1.4_c100,2018/19,UCL,79,0.5513975060932381,0.7159900284900285,0.45,0.21310687389841373,1,0.5063291139240507,0.0,0
country_b15_g1.4_c100,2018/19,UEL,213,0.41270404302682434,0.6612332769491004,0.5555555555555556,0.24499107319976196,30,0.21353677621283262,0.12230046948356806,3
country_b15_g1.4_c100,2018/19,UECL,0,,,0.0,,0,0.0,0.0,0
country_b15_g1.4_c100,2019/20,UCL,79,0.43852779931495994,0.674872355944566,0.4,0.2461144047428297,3,0.3860759493670886,0.0,0
country_b15_g1.4_c100,2019/20,UEL,213,0.39027525154471054,0.6470573427981674,0.4444444444444444,0.25330071193987086,25,0.24375586854460096,0.1235680751173709,3
country_b15_g1.4_c100,2019/20,UECL,0,,,0.0,,0,0.0,0.0,0
country_b15_g1.4_c100,2020/21,UCL,79,0.4786499006249693,0.6962242562929062,0.55,0.22480371735298826,1,0.0,0.0,0
country_b15_g1.4_c100,2020/21,UEL,213,0.4508948813693831,0.6913707325441757,0.5370370370370371,0.23370583438030373,34,0.21824081745374208,0.10625517812758906,4
country_b15_g1.4_c100,2020/21,UECL,0,,,0.0,,0,0.0,0.0,0
country_b15_g1.4_c100,2021/22,UCL,80,0.44419232001935116,0.6662030598052852,0.4,0.2459375,0,0.0,0.0,0
country_b15_g1.4_c100,2021/22,UEL,58,0.38000466628726537,0.6414451261077028,0.4,0.2604042806183115,1,0.017241379310344834,0.0,0
country_b15_g1.4_c100,2021/22,UECL,181,0.36177706294413875,0.6419204737732657,0.5,0.25417417050761576,31,0.2395294956335769,0.09730885760114062,3
country_b15_g1.4_c100,2022/23,UCL,78,0.36553656924830746,0.637513956084853,0.55,0.2516436554898092,2,0.10897435897435896,0.0,0
country_b15_g1.4_c100,2022/23,UEL,57,0.3538083190465188,0.6309115832762165,0.4,0.25669436749769164,5,0.21578947368421053,0.10175438596491229,0
country_b15_g1.4_c100,2022/23,UECL,177,0.3412265053572851,0.6317038795341592,0.4444444444444444,0.2578122506304063,19,0.2722271781147785,0.12696996729110913,4
country_b15_g1.4_c100,2023/24,UCL,78,0.4237295925823857,0.6656226971260133,0.45,0.23586456278763968,2,0.12820512820512817,0.08974358974358973,0
country_b15_g1.4_c100,2023/24,UEL,57,0.661767888611799,0.7517289073305671,0.5333333333333333,0.18559556786703602,3,0.37426900584795325,0.09941520467836258,0
country_b15_g1.4_c100,2023/24,UECL,178,0.32947002710170914,0.6262103873239436,0.4666666666666667,0.26675924756975133,23,0.29494382022471916,0.12127503663898388,5
country_b15_g1.4_c100,2024/25,UCL,81,0.47043975518986486,0.6748826291079812,0.42857142857142855,0.22999542752629173,6,0.11419753086419754,0.07201646090534979,0
country_b15_g1.4_c100,2024/25,UEL,76,0.4723093497588355,0.6819968553459119,0.5263157894736842,0.24151662049861491,9,0.2887426900584795,0.1257309941520468,1
country_b15_g1.4_c100,2024/25,UECL,164,0.366183408777963,0.6444986072423399,0.5365853658536586,0.24784354550862583,31,0.2543273013375295,0.12401652242328874,6
country_b15_g1.4_c100,2025/26,UCL,82,0.438756777400682,0.6708196721311476,0.38095238095238093,0.24211778703152886,1,0.0060975609756097615,0.0,0
country_b15_g1.4_c100,2025/26,UEL,77,0.42278905150525375,0.6620676253400699,0.55,0.24405464665204923,6,0.2359307359307359,0.13419913419913418,0
country_b15_g1.4_c100,2025/26,UECL,164,0.3404562193318811,0.6289136013686912,0.3902439024390244,0.26345925044616303,23,0.2287910922587487,0.10326086956521739,4
country_b15_g1.4_c140,2018/19,UCL,79,0.5449123515571689,0.7134971509971509,0.45,0.2143887197564493,1,0.5189873417721519,0.0,0
country_b15_g1.4_c140,2018/19,UEL,213,0.41625115113164457,0.6618483776718438,0.5555555555555556,0.24448411911216908,30,0.22386541471048516,0.13794992175273865,3
country_b15_g1.4_c140,2018/19,UECL,0,,,0.0,,0,0.0,0.0,0
country_b15_g1.4_c140,2019/20,UCL,79,0.43195961752900836,0.6723194748358862,0.4,0.24963948085242743,3,0.3691983122362869,0.0,0
country_b15_g1.4_c140,2019/20,UEL,213,0.38111330089406187,0.6440869959220662,0.42592592592592593,0.25517423791575744,25,0.2535211267605634,0.14553990610328638,4
country_b15_g1.4_c140,2019/20,UECL,0,,,0.0,,0,0.0,0.0,0
country_b15_g1.4_c140,2020/21,UCL,79,0.4757918441555973,0.6958428680396643,0.55,0.22576510174651496,1,0.01265822784810125,0.0,0
country_b15_g1.4_c140,2020/21,UEL,213,0.43660845282612487,0.6850803453994396,0.5370370370370371,0.2393043708258943,34,0.23605357636012153,0.13028169014084506,5
country_b15_g1.4_c140,2020/21,UECL,0,,,0.0,,0,0.0,0.0,0
country_b15_g1.4_c140,2021/22,UCL,80,0.4513527101433564,0.6682892906815021,0.4,0.2453125,0,0.0,0.0,0
country_b15_g1.4_c140,2021/22,UEL,58,0.41195485765339174,0.6523517382413088,0.4,0.2559453032104637,1,0.017241379310344834,0.017241379310344834,0
country_b15_g1.4_c140,2021/22,UECL,181,0.3677072126914819,0.6436830231246475,0.45652173913043476,0.25283111016147247,31,0.24291570130101586,0.11878453038674032,3
country_b15_g1.4_c140,2022/23,UCL,78,0.36307117259736926,0.6371417938221065,0.55,0.25164365548980927,2,0.10256410256410256,0.009615384615384609,0
country_b15_g1.4_c140,2022/23,UEL,57,0.3631461291556227,0.6322823851953393,0.4,0.25300092336103414,5,0.22280701754385962,0.12456140350877191,0
country_b15_g1.4_c140,2022/23,UECL,177,0.34928777746351286,0.6355611601513241,0.4666666666666667,0.2568546713907242,19,0.275795420755278,0.15343443354148084,4
country_b15_g1.4_c140,2023/24,UCL,78,0.4283336162071879,0.6667280766396463,0.45,0.2342209072978303,2,0.12820512820512822,0.12820512820512822,0
country_b15_g1.4_c140,2023/24,UEL,57,0.6645173446729025,0.7544951590594744,0.5333333333333333,0.18621114188981225,3,0.3567251461988305,0.1345029239766082,1
country_b15_g1.4_c140,2023/24,UECL,178,0.33713886637274554,0.628337734741784,0.4444444444444444,0.2631927786895594,23,0.30446995603321936,0.14838788470933073,5
country_b15_g1.4_c140,2024/25,UCL,81,0.45743450943235675,0.6698524480214622,0.38095238095238093,0.23563481176649903,6,0.15329218106995884,0.11625514403292181,1
country_b15_g1.4_c140,2024/25,UEL,76,0.4722402259223762,0.6808176100628931,0.5263157894736842,0.24168975069252072,9,0.2741228070175439,0.15204678362573099,2
country_b15_g1.4_c140,2024/25,UECL,164,0.37333825899554723,0.6486768802228412,0.5121951219512195,0.2488102320047591,31,0.27183320220298973,0.16079858379228953,6
country_b15_g1.4_c140,2025/26,UCL,82,0.43554657573813393,0.6708196721311476,0.38095238095238093,0.24360499702558003,1,0.0060975609756097615,0.0,0
country_b15_g1.4_c140,2025/26,UEL,77,0.4347453483368125,0.6675087446560435,0.6,0.24169337156350143,6,0.2510822510822511,0.183982683982684,1
country_b15_g1.4_c140,2025/26,UECL,164,0.35105545017943957,0.6347305389221557,0.4146341463414634,0.2582540154669839,23,0.23462354188759282,0.13666489925768824,5
country_b15_g1.4_c180,2018/19,UCL,79,0.5358404907694726,0.7099358974358975,0.45,0.21663195000801155,1,0.5189873417721519,0.0,0
country_b15_g1.4_c180,2018/19,UEL,213,0.4189670928498494,0.663488646265826,0.5555555555555556,0.24494699023562347,30,0.23841940532081377,0.1551643192488263,3
country_b15_g1.4_c180,2018/19,UECL,0,,,0.0,,0,0.0,0.0,0
country_b15_g1.4_c180,2019/20,UCL,79,0.43624803640613996,0.6730488694383662,0.4,0.2493190193879186,3,0.36075949367088606,0.0,0
country_b15_g1.4_c180,2019/20,UEL,213,0.38128712694407757,0.6445904445451341,0.4444444444444444,0.25484361568471864,25,0.2587793427230047,0.1620657276995305,4
country_b15_g1.4_c180,2019/20,UECL,0,,,0.0,,0,0.0,0.0,0
country_b15_g1.4_c180,2020/21,UCL,79,0.4702869788689371,0.6939359267734554,0.55,0.22993110078513054,1,0.012658227848101278,0.012658227848101278,0
country_b15_g1.4_c180,2020/21,UEL,213,0.4286392973494914,0.6819351518270715,0.5370370370370371,0.24258855165421322,34,0.24737641535487434,0.15057995028997515,6
country_b15_g1.4_c180,2020/21,UECL,0,,,0.0,,0,0.0,0.0,0
country_b15_g1.4_c180,2021/22,UCL,80,0.4467563541066599,0.6662030598052852,0.4,0.24656250000000002,0,0.0,0.0,0
country_b15_g1.4_c180,2021/22,UEL,58,0.42994047757364046,0.6605316973415133,0.4,0.2502972651605232,1,0.03448275862068967,0.03448275862068967,0
country_b15_g1.4_c180,2021/22,UECL,181,0.36989783153505523,0.643824027072758,0.4782608695652174,0.253746833124752,31,0.24737123507396183,0.1365175548030654,4
country_b15_g1.4_c180,2022/23,UCL,78,0.36060577594643095,0.6363974692966133,0.55,0.25147928994082835,2,0.10256410256410255,0.02884615384615384,0
country_b15_g1.4_c180,2022/23,UEL,57,0.3702964103230834,0.6391363947909527,0.4,0.25176977531548167,5,0.2543859649122807,0.16666666666666666,1
country_b15_g1.4_c180,2022/23,UECL,177,0.35247520028488094,0.6366738372524293,0.4666666666666667,0.2583548788662262,19,0.2900683913172763,0.1769253642581029,4
country_b15_g1.4_c180,2023/24,UCL,78,0.4315092446907772,0.668201915991157,0.45,0.23191978961209728,2,0.17948717948717954,0.17948717948717954,0
country_b15_g1.4_c180,2023/24,UEL,57,0.6835016841424268,0.7690179806362379,0.6,0.17759310557094488,3,0.30409356725146197,0.15204678362573099,1
country_b15_g1.4_c180,2023/24,UECL,178,0.34796926874033407,0.6319322183098591,0.4444444444444444,0.26234061355889404,23,0.3186370297997069,0.17525647288715193,5
country_b15_g1.4_c180,2024/25,UCL,81,0.45226196850607503,0.6681757209926223,0.38095238095238093,0.23853071178174062,6,0.23559670781893005,0.20267489711934158,1
country_b15_g1.4_c180,2024/25,UEL,76,0.4743277657834458,0.6816037735849056,0.5789473684210527,0.2411703601108033,9,0.256578947368421,0.17251461988304093,3
country_b15_g1.4_c180,2024/25,UECL,164,0.3713829133813872,0.648241643454039,0.4634146341463415,0.2509666864961333,31,0.2804878048780488,0.18440204563335957,7
country_b15_g1.4_c180,2025/26,UCL,82,0.4375844511962702,0.6724590163934426,0.38095238095238093,0.2433075550267698,1,0.0060975609756097615,0.0,0
country_b15_g1.4_c180,2025/26,UEL,77,0.43759779819406286,0.6702293043140303,0.6,0.2384887839433294,6,0.27705627705627706,0.24025974025974026,2
country_b15_g1.4_c180,2025/26,UECL,164,0.34792774055693365,0.6325064157399487,0.4634146341463415,0.2604104699583581,23,0.2563626723223754,0.1663573700954401,5
country_b15_g1.4_c220,2018/19,UCL,79,0.5264989260124127,0.7056623931623932,0.45,0.22015702611760932,1,0.5189873417721519,0.0,0
country_b15_g1.4_c220,2018/19,UEL,213,0.41742700896138246,0.6633861294787021,0.5370370370370371,0.24507923912803897,30,0.24608763693270735,0.16690140845070423,3
country_b15_g1.4_c220,2018/19,UECL,0,,,0.0,,0,0.0,0.0,0
country_b15_g1.4_c220,2019/20,UCL,79,0.4276219064808752,0.6697665937272064,0.4,0.25188271110398974,3,0.35654008438818563,0.0,0
country_b15_g1.4_c220,2019/20,UEL,213,0.3754065351942673,0.6418214771182601,0.4444444444444444,0.25579139941369655,25,0.26366197183098594,0.17727699530516433,5
country_b15_g1.4_c220,2019/20,UECL,0,,,0.0,,0,0.0,0.0,0
country_b15_g1.4_c220,2020/21,UCL,79,0.47188997575828057,0.694698703279939,0.55,0.2302515622496394,1,0.0,0.0,0
country_b15_g1.4_c220,2020/21,UEL,213,0.42111907203973264,0.678847143592383,0.5370370370370371,0.24565231766183956,34,0.2578707539353769,0.16873791770229218,7
country_b15_g1.4_c220,2020/21,UECL,0,,,0.0,,0,0.0,0.0,0
country_b15_g1.4_c220,2021/22,UCL,80,0.4403285451504573,0.6655076495132128,0.4,0.24906250000000002,0,0.0,0.0,0
country_b15_g1.4_c220,2021/22,UEL,58,0.4430946051409627,0.6646216768916156,0.5333333333333333,0.24910820451843046,1,0.08620689655172412,0.08620689655172412,0
country_b15_g1.4_c220,2021/22,UECL,181,0.3632050143007591,0.6418499717992103,0.45652173913043476,0.2551509416684472,31,0.2504009980395651,0.15184459098199965,5
country_b15_g1.4_c220,2022/23,UCL,78,0.3520088228579261,0.634164495720134,0.55,0.2537804076265615,2,0.08974358974358976,0.04807692307692307,0
country_b15_g1.4_c220,2022/23,UEL,57,0.38887408148420277,0.6425633995887594,0.4,0.24899969221298862,5,0.29298245614035084,0.21578947368421053,1
country_b15_g1.4_c220,2022/23,UECL,177,0.35417808504177023,0.6365254803056153,0.4888888888888889,0.2608445848893996,19,0.29988105857865,0.19744275944097534,4
country_b15_g1.4_c220,2023/24,UCL,78,0.4237295925823857,0.6619380987472365,0.45,0.23422090729783035,2,0.3012820512820513,0.3012820512820513,1
country_b15_g1.4_c220,2023/24,UEL,57,0.683632610621527,0.7717842323651453,0.6,0.1757463835026162,3,0.2807017543859649,0.1871345029239766,1
country_b15_g1.4_c220,2023/24,UECL,178,0.3495069184591892,0.6328125,0.4444444444444444,0.26300340866052263,23,0.32449926722032246,0.1925989252564729,5
country_b15_g1.4_c220,2024/25,UCL,81,0.4470212182488973,0.6678403755868545,0.38095238095238093,0.2414266117969822,6,0.2911522633744856,0.26028806584362135,2
country_b15_g1.4_c220,2024/25,UEL,76,0.47253054603550504,0.6819968553459119,0.5789473684210527,0.23840027700831024,9,0.23757309941520466,0.1871345029239766,3
country_b15_g1.4_c220,2024/25,UECL,164,0.37708024289364994,0.6485898328690808,0.43902439024390244,0.25100386674598446,31,0.28186467348544453,0.19699055861526354,7
country_b15_g1.4_c220,2025/26,UCL,82,0.42886322074102023,0.6675409836065573,0.38095238095238093,0.24464604402141585,1,0.042682926829268296,0.042682926829268296,0
country_b15_g1.4_c220,2025/26,UEL,77,0.42953362920510746,0.6651768363777691,0.6,0.24186203406982631,6,0.3051948051948052,0.3051948051948052,4
country_b15_g1.4_c220,2025/26,UECL,164,0.3446292533064266,0.6314798973481608,0.43902439024390244,0.26286436644854255,23,0.26855779427359494,0.18862672322375396,5
country_b15_g1.4_c260,2018/19,UCL,79,0.5222572181305979,0.7038817663817664,0.45,0.2207979490466272,1,0.5316455696202532,0.0,0
country_b15_g1.4_c260,2018/19,UEL,213,0.41180229996446915,0.6610282433748527,0.5185185185185185,0.24677643324737156,30,0.25375586854460097,0.17926447574334903,5
country_b15_g1.4_c260,2018/19,UECL,0,,,0.0,,0,0.0,0.0,0
country_b15_g1.4_c260,2019/20,UCL,79,0.4192299143678676,0.6672137126185266,0.4,0.25348501842653415,3,0.36075949367088606,0.0,0
country_b15_g1.4_c260,2019/20,UEL,213,0.3670591196083133,0.6394552685898404,0.4074074074074074,0.25744451056889067,25,0.26854460093896715,0.19051643192488263,5
country_b15_g1.4_c260,2019/20,UECL,0,,,0.0,,0,0.0,0.0,0
country_b15_g1.4_c260,2020/21,UCL,79,0.46203589410518464,0.6905034324942791,0.55,0.23329594616247398,1,0.025316455696202528,0.025316455696202528,0
country_b15_g1.4_c260,2020/21,UEL,213,0.4084077691681814,0.6734145365128381,0.5185185185185185,0.2491128303467125,34,0.26850317591825457,0.18696492681579674,8
country_b15_g1.4_c260,2020/21,UECL,0,,,0.0,,0,0.0,0.0,0
country_b15_g1.4_c260,2021/22,UCL,80,0.44086025728837847,0.6658553546592489,0.45,0.24874999999999997,0,0.0,0.0,0
country_b15_g1.4_c260,2021/22,UEL,58,0.4456817913686588,0.667348329925017,0.5333333333333333,0.2494054696789536,1,0.17241379310344826,0.17241379310344826,0
country_b15_g1.4_c260,2021/22,UECL,181,0.3548874282938546,0.6382543711223915,0.4782608695652174,0.25740972497787,31,0.2568169666726074,0.16868650864373552,7
country_b15_g1.4_c260,2022/23,UCL,78,0.3490580113223472,0.6330480089318943,0.55,0.25493096646942803,2,0.08333333333333334,0.05448717948717949,0
country_b15_g1.4_c260,2022/23,UEL,57,0.3987016368787492,0.6473612063056888,0.4666666666666667,0.2440751000307787,5,0.32456140350877194,0.25789473684210523,2
country_b15_g1.4_c260,2022/23,UECL,177,0.3538609885889732,0.6368221941992434,0.4444444444444444,0.26135529381723005,19,0.307612250966399,0.21231043710972344,6
country_b15_g1.4_c260,2023/24,UCL,78,0.4182965896345581,0.6615696389093588,0.45,0.23586456278763968,2,0.34615384615384615,0.34615384615384615,1
country_b15_g1.4_c260,2023/24,UEL,57,0.6778718455411197,0.7717842323651453,0.6,0.17082179132040629,3,0.2631578947368421,0.23684210526315788,1
country_b15_g1.4_c260,2023/24,UECL,178,0.3528819841113748,0.63449970657277,0.4444444444444444,0.26369776543365736,23,0.33353688324377145,0.2109184171958965,5
country_b15_g1.4_c260,2024/25,UCL,81,0.43239031677170053,0.6597920858484239,0.38095238095238093,0.2432556012802926,6,0.3343621399176955,0.31378600823045266,3
country_b15_g1.4_c260,2024/25,UEL,76,0.4653278422764501,0.6804245283018868,0.631578947368421,0.23580332409972302,9,0.23903508771929824,0.20760233918128657,3
country_b15_g1.4_c260,2024/25,UECL,164,0.37622011207893447,0.6483286908077994,0.4146341463414634,0.25152439024390244,31,0.2889457120377656,0.2133162863886703,7
country_b15_g1.4_c260,2025/26,UCL,82,0.42976163895374697,0.6672131147540984,0.42857142857142855,0.2444973230220107,1,0.06707317073170732,0.06707317073170732,0
country_b15_g1.4_c260,2025/26,UEL,77,0.40840683937453814,0.6539059463661095,0.6,0.2492831843481194,6,0.3852813852813852,0.3852813852813852,4
country_b15_g1.4_c260,2025/26,UECL,164,0.3315468606581732,0.6276304533789564,0.4634146341463415,0.26669393218322424,23,0.28552492046659594,0.21036585365853658,5
country_b15_g1.4_c300,2018/19,UCL,79,0.5136021725682826,0.7017450142450142,0.45,0.22464348662073394,1,0.5316455696202532,0.0,0
country_b15_g1.4_c300,2018/19,UEL,213,0.4071366775789497,0.658772874058127,0.5185185185185185,0.24842954440256562,30,0.26173708920187794,0.1918622848200313,6
country_b15_g1.4_c300,2018/19,UECL,0,,,0.0,,0,0.0,0.0,0
country_b15_g1.4_c300,2019/20,UCL,79,0.41428837422496595,0.6646608315098468,0.4,0.25476686428456974,3,0.34388185654008435,0.0,0
country_b15_g1.4_c300,2019/20,UEL,213,0.35951996377838896,0.6361828525398983,0.4074074074074074,0.25967070025788536,25,0.2766197183098591,0.2047887323943662,7
country_b15_g1.4_c300,2019/20,UECL,0,,,0.0,,0,0.0,0.0,0
country_b15_g1.4_c300,2020/21,UCL,79,0.4602713548936594,0.6897406559877955,0.55,0.23297548469796506,1,0.025316455696202528,0.025316455696202528,0
country_b15_g1.4_c300,2020/21,UEL,213,0.39618022725231405,0.6678675587579345,0.5185185185185185,0.25200026449778484,34,0.2772024302678818,0.2032587682960508,9
country_b15_g1.4_c300,2020/21,UECL,0,,,0.0,,0,0.0,0.0,0
country_b15_g1.4_c300,2021/22,UCL,80,0.43755182620798005,0.6651599443671766,0.45,0.24906250000000002,0,0.0,0.0,0
country_b15_g1.4_c300,2021/22,UEL,58,0.45166660770260636,0.6680299931833674,0.5333333333333333,0.2508917954815696,1,0.20689655172413793,0.20689655172413793,0
country_b15_g1.4_c300,2021/22,UECL,181,0.3495354297059759,0.6357868020304569,0.45652173913043476,0.2590885504105491,31,0.2655498128675815,0.18410265549812863,7
country_b15_g1.4_c300,2022/23,UCL,78,0.3379317912033461,0.6293263863044287,0.55,0.25854700854700846,2,0.07692307692307693,0.0608974358974359,0
country_b15_g1.4_c300,2022/23,UEL,57,0.39879958593583764,0.641877998629198,0.4666666666666667,0.24469067405355494,5,0.37017543859649127,0.3105263157894737,3
country_b15_g1.4_c300,2022/23,UECL,177,0.3468486583819634,0.6337066983161487,0.4222222222222222,0.26240863098088035,19,0.3102884329467738,0.22390722569134702,6
country_b15_g1.4_c300,2023/24,UCL,78,0.4077621754681131,0.6575165806927045,0.45,0.23783694937541092,2,0.4487179487179488,0.4487179487179488,1
country_b15_g1.4_c300,2023/24,UEL,57,0.673485808491264,0.7676348547717843,0.6666666666666666,0.17174515235457063,3,0.28654970760233917,0.28654970760233917,1
country_b15_g1.4_c300,2023/24,UECL,178,0.3548315428011995,0.635306631455399,0.4222222222222222,0.262056558515339,23,0.343551538837323,0.22874938935026873,6
country_b15_g1.4_c300,2024/25,UCL,81,0.4075052792164685,0.6510731052984574,0.38095238095238093,0.24660874866636184,6,0.40226337448559674,0.39197530864197533,4
country_b15_g1.4_c300,2024/25,UEL,76,0.4497888038404083,0.6737421383647799,0.5789473684210527,0.23511080332409967,9,0.2595029239766082,0.2404970760233918,4
country_b15_g1.4_c300,2024/25,UECL,164,0.37158757473279863,0.6458043175487466,0.43902439024390244,0.2535693039857228,31,0.29583005507474425,0.2281667977970103,7
country_b15_g1.4_c300,2025/26,UCL,82,0.42459025607073436,0.6649180327868852,0.38095238095238093,0.24657941701368233,1,0.11585365853658536,0.11585365853658536,0
country_b15_g1.4_c300,2025/26,UEL,77,0.39567744865643484,0.6507967353284104,0.55,0.2540057345252151,6,0.4653679653679654,0.4653679653679654,4
country_b15_g1.4_c300,2025/26,UECL,164,0.3244306670784779,0.6242942686056459,0.4878048780487805,0.2672144556811421,23,0.29772004241781547,0.2265376458112407,7
country_b15_g1.4_c360,2018/19,UCL,79,0.4972728231504295,0.6939102564102564,0.45,0.22912994712385837,1,0.5443037974683544,0.0,0
country_b15_g1.4_c360,2018/19,UEL,213,0.4005112921438672,0.656004920805782,0.5185185185185185,0.24966386739844387,30,0.27128325508607193,0.2066510172143975,7
country_b15_g1.4_c360,2018/19,UECL,0,,,0.0,,0,0.0,0.0,0
country_b15_g1.4_c360,2019/20,UCL,79,0.406894548574739,0.6602844638949672,0.4,0.2576510174651498,3,0.3227848101265822,0.0,0
country_b15_g1.4_c360,2019/20,UEL,213,0.34793950916831556,0.6320042289684338,0.42592592592592593,0.2624258855165421,25,0.28845070422535213,0.22384976525821598,7
country_b15_g1.4_c360,2019/20,UECL,0,,,0.0,,0,0.0,0.0,0
country_b15_g1.4_c360,2020/21,UCL,79,0.4575996934114202,0.6882151029748284,0.55,0.23409709982374616,1,0.037974683544303806,0.037974683544303806,0
country_b15_g1.4_c360,2020/21,UEL,213,0.3732893038439575,0.6576313833133185,0.46296296296296297,0.2568493905530208,34,0.2932201049433858,0.22832090582711959,10
country_b15_g1.4_c360,2020/21,UECL,0,,,0.0,,0,0.0,0.0,0
country_b15_g1.4_c360,2021/22,UCL,80,0.42894990539894406,0.6620305980528511,0.4,0.25109375,0,0.0,0.0,0
country_b15_g1.4_c360,2021/22,UEL,58,0.45830601332307946,0.6700749829584185,0.4666666666666667,0.2520808561236623,1,0.2931034482758621,0.2931034482758621,0
country_b15_g1.4_c360,2021/22,UECL,181,0.3358607196576513,0.6300761421319797,0.45652173913043476,0.26232410488080343,31,0.2744608804134735,0.20441988950276244,8
country_b15_g1.4_c360,2022/23,UCL,78,0.33191520144898384,0.6282098995161891,0.55,0.2595332018408942,2,0.07692307692307693,0.07692307692307693,0
country_b15_g1.4_c360,2022/23,UEL,57,0.38698039971382503,0.641877998629198,0.6,0.24376731301939056,5,0.419298245614035,0.3771929824561403,3
country_b15_g1.4_c360,2022/23,UECL,177,0.3410333947147513,0.6311104517469031,0.4666666666666667,0.26378116122442463,19,0.3150460898007731,0.23728813559322037,6
country_b15_g1.4_c360,2023/24,UCL,78,0.3963350143384102,0.6534635224760501,0.45,0.23882314266929647,2,0.5384615384615385,0.5384615384615385,2
country_b15_g1.4_c360,2023/24,UEL,57,0.6451729573858527,0.7551867219917012,0.6,0.17913204062788549,3,0.3625730994152046,0.3625730994152046,1
country_b15_g1.4_c360,2023/24,UECL,178,0.3515448973993268,0.6348664906103286,0.4,0.2617725034717838,23,0.3518563751831949,0.24926722032242307,6
country_b15_g1.4_c360,2024/25,UCL,81,0.39012326805979886,0.6460429242119383,0.42857142857142855,0.24706599603718946,6,0.4495884773662551,0.44238683127572015,4
country_b15_g1.4_c360,2024/25,UEL,76,0.42894105476429534,0.6666666666666666,0.5263157894736842,0.2333795013850416,9,0.2843567251461988,0.2755847953216375,4
country_b15_g1.4_c360,2024/25,UECL,164,0.3675275360318269,0.6444986072423399,0.43902439024390244,0.2559488399762046,31,0.30605822187254134,0.2465578284815106,7
country_b15_g1.4_c360,2025/26,UCL,82,0.4191887904747064,0.6632786885245902,0.38095238095238093,0.24687685901249254,1,0.11585365853658536,0.11585365853658536,0
country_b15_g1.4_c360,2025/26,UEL,77,0.362127839821392,0.6371939370384765,0.5,0.26058357227188395,6,0.5151515151515151,0.5151515151515151,4
country_b15_g1.4_c360,2025/26,UECL,164,0.31604741367812855,0.6215568862275449,0.4634146341463415,0.2694452706722189,23,0.30355249204665957,0.23966065747613996,7
country_b15_g1.6_c100,2018/19,UCL,79,0.5524763219706939,0.7170584045584045,0.45,0.21214548950488704,1,0.4810126582278481,0.0,0
country_b15_g1.6_c100,2018/19,UEL,213,0.4131060780189856,0.6614895689169101,0.5555555555555556,0.2440873724349225,30,0.21087636932707354,0.11502347417840374,3
country_b15_g1.6_c100,2018/19,UECL,0,,,0.0,,0,0.0,0.0,0
country_b15_g1.6_c100,2019/20,UCL,79,0.4373201411254229,0.6737782640408461,0.4,0.2461144047428297,3,0.4198312236286919,0.0,0
country_b15_g1.6_c100,2019/20,UEL,213,0.3914361836477037,0.6477118260081559,0.4444444444444444,0.25332275342194005,25,0.23793427230046948,0.11136150234741785,2
country_b15_g1.6_c100,2019/20,UECL,0,,,0.0,,0,0.0,0.0,0
country_b15_g1.6_c100,2020/21,UCL,79,0.48178133640880305,0.6977498093058734,0.55,0.22384233295946163,1,0.025316455696202528,0.0,0
country_b15_g1.6_c100,2020/21,UEL,213,0.4533601271995485,0.6924572539600846,0.5370370370370371,0.23196455729683269,34,0.21741231703949185,0.09914388290527477,4
country_b15_g1.6_c100,2020/21,UECL,0,,,0.0,,0,0.0,0.0,0
country_b15_g1.6_c100,2021/22,UCL,80,0.4424672095274291,0.6658553546592489,0.4,0.2453125,0,0.0,0.0,0
country_b15_g1.6_c100,2021/22,UEL,58,0.3812826739419104,0.6428084526244036,0.4,0.26040428061831156,1,0.06896551724137931,0.0,0
country_b15_g1.6_c100,2021/22,UECL,181,0.3573363699959121,0.6402989283699944,0.4782608695652174,0.2545099355941515,31,0.24380680805560503,0.08643735519515239,3
country_b15_g1.6_c100,2022/23,UCL,78,0.36722274726863835,0.6382582806103461,0.55,0.25098619329388555,2,0.14102564102564102,0.0,0
country_b15_g1.6_c100,2022/23,UEL,57,0.3639950209837231,0.6343385880740233,0.4,0.2536164973838104,5,0.20877192982456144,0.08771929824561404,0
country_b15_g1.6_c100,2022/23,UECL,177,0.33851527582489244,0.630813737853275,0.4666666666666667,0.25845063679019437,19,0.27757954207552776,0.11983348201011002,3
country_b15_g1.6_c100,2023/24,UCL,78,0.4181435472979996,0.6626750184229919,0.45,0.23750821827744906,2,0.1346153846153846,0.09615384615384617,0
country_b15_g1.6_c100,2023/24,UEL,57,0.6615387672733737,0.7496542185338866,0.5333333333333333,0.18436441982148355,3,0.37426900584795325,0.09941520467836258,0
country_b15_g1.6_c100,2023/24,UECL,178,0.3263666919748752,0.6252567488262911,0.4666666666666667,0.26909481126120444,23,0.30129457743038596,0.11272594040058623,4
country_b15_g1.6_c100,2024/25,UCL,81,0.4727133995530656,0.675888665325285,0.42857142857142855,0.22999542752629173,6,0.11213991769547327,0.07201646090534979,0
country_b15_g1.6_c100,2024/25,UEL,76,0.4789728875935082,0.6855345911949685,0.5263157894736842,0.2397853185595568,9,0.28581871345029236,0.11549707602339182,1
country_b15_g1.6_c100,2024/25,UECL,164,0.364540586578796,0.6436281337047354,0.5365853658536586,0.24940511600237955,31,0.2551140833988985,0.114771833202203,5
country_b15_g1.6_c100,2025/26,UCL,82,0.437989835023964,0.6701639344262295,0.38095238095238093,0.2424152290303391,1,0.0060975609756097615,0.0,0
country_b15_g1.6_c100,2025/26,UEL,77,0.4247351154265554,0.6628449280994948,0.55,0.2433799966267499,6,0.2316017316017316,0.12987012987012989,0
country_b15_g1.6_c100,2025/26,UECL,164,0.3401105323590721,0.6286569717707442,0.3902439024390244,0.2638310529446758,23,0.22958642629904555,0.09689819724284199,3
country_b15_g1.6_c140,2018/19,UCL,79,0.5448265366578258,0.7131410256410257,0.45,0.21470918122095817,1,0.4936708860759494,0.0,0
country_b15_g1.6_c140,2018/19,UEL,213,0.41571615472358053,0.6618996360654057,0.5555555555555556,0.24505719764596973,30,0.22214397496087637,0.1304381846635368,3
country_b15_g1.6_c140,2018/19,UECL,0,,,0.0,,0,0.0,0.0,0
country_b15_g1.6_c140,2019/20,UCL,79,0.4278560442931324,0.6712253829321663,0.4,0.2509213267104631,3,0.39451476793248946,0.0,0
country_b15_g1.6_c140,2019/20,UEL,213,0.38645735375302925,0.6460001006897246,0.42592592592592593,0.25435870307919506,25,0.24676056338028168,0.13164319248826292,3
country_b15_g1.6_c140,2019/20,UECL,0,,,0.0,,0,0.0,0.0,0
country_b15_g1.6_c140,2020/21,UCL,79,0.47700962473819924,0.6966056445461479,0.55,0.22576510174651496,1,0.01265822784810125,0.0,0
country_b15_g1.6_c140,2020/21,UEL,213,0.4427135160868563,0.6876536855950134,0.5370370370370371,0.23687980779827636,34,0.2320491576912455,0.12130626898646782,5
country_b15_g1.6_c140,2020/21,UECL,0,,,0.0,,0,0.0,0.0,0
country_b15_g1.6_c140,2021/22,UCL,80,0.4435424496285586,0.6655076495132128,0.4,0.246875,0,0.0,0.0,0
country_b15_g1.6_c140,2021/22,UEL,58,0.4144173602074639,0.6523517382413088,0.4,0.25475624256837104,1,0.0,0.0,0
country_b15_g1.6_c140,2021/22,UECL,181,0.3660732181024991,0.643824027072758,0.45652173913043476,0.25283111016147247,31,0.24612368561753695,0.10853680270896453,3
country_b15_g1.6_c140,2022/23,UCL,78,0.3654726988687495,0.6378861183475996,0.55,0.2513149243918474,2,0.10256410256410257,0.0,0
country_b15_g1.6_c140,2022/23,UEL,57,0.36954546755207157,0.6350239890335847,0.4,0.25115420129270544,5,0.21578947368421048,0.1175438596491228,0
country_b15_g1.6_c140,2022/23,UECL,177,0.34696386643574767,0.6343001261034048,0.4666666666666667,0.2573972996265441,19,0.2784716027356527,0.14198632173654474,4
country_b15_g1.6_c140,2023/24,UCL,78,0.41626877867515766,0.6626750184229919,0.45,0.23717948717948717,2,0.141025641025641,0.1346153846153846,0
country_b15_g1.6_c140,2023/24,UEL,57,0.6656629513650291,0.7551867219917012,0.5333333333333333,0.18682671591258848,3,0.3567251461988305,0.1345029239766082,1
country_b15_g1.6_c140,2023/24,UECL,178,0.33241269616395014,0.6264304577464789,0.4444444444444444,0.2645183688928166,23,0.30666829506595017,0.13666340986809966,5
country_b15_g1.6_c140,2024/25,UCL,81,0.4574572458759887,0.6695171026156942,0.38095238095238093,0.23624447492760248,6,0.15534979423868314,0.1183127572016461,1
country_b15_g1.6_c140,2024/25,UEL,76,0.4834382874287764,0.6855345911949685,0.5263157894736842,0.23822714681440438,9,0.2799707602339181,0.14181286549707603,2
country_b15_g1.6_c140,2024/25,UECL,164,0.3750433093083191,0.6485898328690808,0.5365853658536586,0.24806662700773352,31,0.2684893784421715,0.14624311565696302,6
country_b15_g1.6_c140,2025/26,UCL,82,0.43436329321405476,0.6695081967213115,0.38095238095238093,0.24360499702558003,1,0.0060975609756097615,0.0,0
country_b15_g1.6_c140,2025/26,UEL,77,0.434572068672587,0.6678973960357559,0.6,0.2420306965761511,6,0.2489177489177489,0.1818181818181818,1
country_b15_g1.6_c140,2025/26,UECL,164,0.35530560953437273,0.6359281437125749,0.4146341463414634,0.25773349196906603,23,0.22189819724284202,0.11930010604453871,5
country_b15_g1.6_c180,2018/19,UCL,79,0.534675859992674,0.7099358974358975,0.45,0.21743310366928373,1,0.5189873417721519,0.0,0
country_b15_g1.6_c180,2018/19,UEL,213,0.418897146323,0.6640012302014455,0.5555555555555556,0.24417553836319955,30,0.23137715179968704,0.1435837245696401,3
country_b15_g1.6_c180,2018/19,UECL,0,,,0.0,,0,0.0,0.0,0
country_b15_g1.6_c180,2019/20,UCL,79,0.42672232436009755,0.6708606856309264,0.4,0.25124178817497195,3,0.38185654008438813,0.0,0
country_b15_g1.6_c180,2019/20,UEL,213,0.3841392547322418,0.6457987212404974,0.4444444444444444,0.2545350349357491,25,0.2525821596244131,0.14892018779342725,4
country_b15_g1.6_c180,2019/20,UECL,0,,,0.0,,0,0.0,0.0,0
country_b15_g1.6_c180,2020/21,UCL,79,0.4744995055781421,0.6954614797864226,0.55,0.22768787053356832,1,0.01265822784810125,0.0,0
country_b15_g1.6_c180,2020/21,UEL,213,0.43087943308161186,0.6823354491908274,0.5370370370370371,0.24106768939143466,34,0.24516708091687378,0.14008561170947256,6
country_b15_g1.6_c180,2020/21,UECL,0,,,0.0,,0,0.0,0.0,0
country_b15_g1.6_c180,2021/22,UCL,80,0.44855235955030487,0.6665507649513213,0.4,0.24656250000000002,0,0.0,0.0,0
country_b15_g1.6_c180,2021/22,UEL,58,0.4310314597178497,0.6605316973415133,0.4,0.25029726516052325,1,0.03448275862068967,0.03448275862068967,0
country_b15_g1.6_c180,2021/22,UECL,181,0.3688788913710347,0.6434010152284264,0.4782608695652174,0.2528311101614725,31,0.24737123507396183,0.12368561753698092,4
country_b15_g1.6_c180,2022/23,UCL,78,0.3654982470205727,0.6382582806103461,0.55,0.2503287310979618,2,0.08974358974358973,0.009615384615384609,0
country_b15_g1.6_c180,2022/23,UEL,57,0.3809728575457302,0.6405071967100754,0.4,0.24930747922437674,5,0.25087719298245614,0.15964912280701754,1
country_b15_g1.6_c180,2022/23,UECL,177,0.3498517483172764,0.6356353386247311,0.4666666666666667,0.25771649270643815,19,0.2894736842105263,0.16443651501635448,4
country_b15_g1.6_c180,2023/24,UCL,78,0.4287289755766307,0.6659911569638909,0.45,0.23356344510190657,2,0.18589743589743593,0.18589743589743593,0
country_b15_g1.6_c180,2023/24,UEL,57,0.6792465735716714,0.7648686030428768,0.6,0.18190212373037862,3,0.2982456140350877,0.15204678362573099,1
country_b15_g1.6_c180,2023/24,UECL,178,0.3371906245680506,0.6276775234741784,0.4666666666666667,0.2649917939654084,23,0.3186370297997069,0.16328773815339523,5
country_b15_g1.6_c180,2024/25,UCL,81,0.4523188096151551,0.6688464118041583,0.38095238095238093,0.23883554336229235,6,0.24176954732510292,0.20679012345679015,1
country_b15_g1.6_c180,2024/25,UEL,76,0.475903789254717,0.6816037735849056,0.5789473684210527,0.23943905817174518,9,0.256578947368421,0.16228070175438597,2
country_b15_g1.6_c180,2024/25,UECL,164,0.3778601685841635,0.6496344011142061,0.5121951219512195,0.2491448542534206,31,0.275177025963808,0.1676829268292683,6
country_b15_g1.6_c180,2025/26,UCL,82,0.43757349487660285,0.6714754098360656,0.38095238095238093,0.2433075550267698,1,0.0060975609756097615,0.0,0
country_b15_g1.6_c180,2025/26,UEL,77,0.4467682911930734,0.6721725612125923,0.6,0.2364648338674313,6,0.25974025974025977,0.2272727272727273,2
country_b15_g1.6_c180,2025/26,UECL,164,0.35383471835126556,0.6347305389221557,0.4634146341463415,0.2586258179654967,23,0.24469777306468715,0.14832979851537648,5
country_b15_g1.6_c220,2018/19,UCL,79,0.5246845538548734,0.7056623931623932,0.45,0.22031725684986378,1,0.5189873417721519,0.0,0
country_b15_g1.6_c220,2018/19,UEL,213,0.4180955969342398,0.6642575221692553,0.5370370370370371,0.2444400361480306,30,0.24092331768388103,0.15657276995305164,3
country_b15_g1.6_c220,2018/19,UECL,0,,,0.0,,0,0.0,0.0,0
country_b15_g1.6_c220,2019/20,UCL,79,0.42392499365576175,0.6694018964259665,0.4,0.25220317256849867,3,0.3776371308016877,0.0,0
country_b15_g1.6_c220,2019/20,UEL,213,0.3817182406493512,0.6443387202336002,0.4444444444444444,0.2548656571667879,25,0.2589671361502347,0.1643192488262911,5
country_b15_g1.6_c220,2019/20,UECL,0,,,0.0,,0,0.0,0.0,0
country_b15_g1.6_c220,2020/21,UCL,79,0.47362966230485487,0.6954614797864226,0.55,0.22961063932062165,1,0.01265822784810125,0.0,0
country_b15_g1.6_c220,2020/21,UEL,213,0.4278078735203227,0.6811917424372391,0.5370370370370371,0.24307346425973683,34,0.25497100248550125,0.1567937033968517,7
country_b15_g1.6_c220,2020/21,UECL,0,,,0.0,,0,0.0,0.0,0
country_b15_g1.6_c220,2021/22,UCL,80,0.44357789710441997,0.6665507649513213,0.45,0.2478125,0,0.0,0.0,0
country_b15_g1.6_c220,2021/22,UEL,58,0.440008684218771,0.6618950238582141,0.5333333333333333,0.24910820451843046,1,0.08620689655172412,0.08620689655172412,0
country_b15_g1.6_c220,2021/22,UECL,181,0.3681613278752456,0.643542019176537,0.4782608695652174,0.2529226824578005,31,0.2507574407414008,0.13749777223311352,5
country_b15_g1.6_c220,2022/23,UCL,78,0.3607590648573702,0.6367696315593598,0.55,0.2518080210387903,2,0.0641025641025641,0.016025641025641024,0
country_b15_g1.6_c220,2022/23,UEL,57,0.39204110099673095,0.6439342015078822,0.4,0.247460757156048,5,0.2894736842105263,0.2087719298245614,1
country_b15_g1.6_c220,2022/23,UECL,177,0.3523896171592125,0.6365996587790224,0.4888888888888889,0.2596954898017811,19,0.29898899791852507,0.18287243532560216,4
country_b15_g1.6_c220,2023/24,UCL,78,0.4211406263889373,0.6615696389093588,0.45,0.23520710059171593,2,0.3012820512820513,0.3012820512820513,1
country_b15_g1.6_c220,2023/24,UEL,57,0.6820614928723251,0.7697095435684648,0.6,0.17697753154816864,3,0.2807017543859649,0.1871345029239766,1
country_b15_g1.6_c220,2023/24,UECL,178,0.34298754244221985,0.6296581572769953,0.4444444444444444,0.26420275217775535,23,0.32743038593063023,0.18063019052271617,5
country_b15_g1.6_c220,2024/25,UCL,81,0.4450772523183607,0.6675050301810865,0.38095238095238093,0.2420362749580857,6,0.29320987654320985,0.2623456790123457,2
country_b15_g1.6_c220,2024/25,UEL,76,0.48307884347918817,0.6871069182389937,0.5789473684210527,0.23597645429362887,9,0.23464912280701755,0.17543859649122806,3
country_b15_g1.6_c220,2024/25,UECL,164,0.37215315914311786,0.6480675487465181,0.43902439024390244,0.25148720999405116,31,0.2828481510621558,0.18459874114870178,7
country_b15_g1.6_c220,2025/26,UCL,82,0.4344071184927244,0.6685245901639344,0.38095238095238093,0.24464604402141585,1,0.0060975609756097615,0.0,0
country_b15_g1.6_c220,2025/26,UEL,77,0.43735787250513525,0.6675087446560435,0.6,0.24085005903187728,6,0.29870129870129863,0.29870129870129863,4
country_b15_g1.6_c220,2025/26,UECL,164,0.3530428059633568,0.6345594525235244,0.4634146341463415,0.26018738845925043,23,0.2627253446447508,0.17431071049840932,5
country_b15_g1.6_c260,2018/19,UCL,79,0.5200628085616822,0.7031695156695157,0.45,0.221438871975645,1,0.5189873417721519,0.0,0
country_b15_g1.6_c260,2018/19,UEL,213,0.41661915808371686,0.6629248039366447,0.5,0.24510128061010825,30,0.25046948356807514,0.168622848200313,4
country_b15_g1.6_c260,2018/19,UECL,0,,,0.0,,0,0.0,0.0,0
country_b15_g1.6_c260,2019/20,UCL,79,0.41775114923782225,0.6668490153172867,0.4,0.25348501842653415,3,0.3691983122362869,0.0,0
country_b15_g1.6_c260,2019/20,UEL,213,0.3759437016159766,0.642626994915169,0.42592592592592593,0.2559897727523199,25,0.26478873239436623,0.1771830985915493,5
country_b15_g1.6_c260,2019/20,UECL,0,,,0.0,,0,0.0,0.0,0
country_b15_g1.6_c260,2020/21,UCL,79,0.4664099631365715,0.6931731502669718,0.55,0.23201410030443836,1,0.0,0.0,0
country_b15_g1.6_c260,2020/21,UEL,213,0.4165968746259992,0.676674100760565,0.5185185185185185,0.24666622583702527,34,0.265879591273129,0.1735017950842309,7
country_b15_g1.6_c260,2020/21,UECL,0,,,0.0,,0,0.0,0.0,0
country_b15_g1.6_c260,2021/22,UCL,80,0.4385679871826738,0.6655076495132128,0.45,0.24937500000000004,0,0.0,0.0,0
country_b15_g1.6_c260,2021/22,UEL,58,0.4450583730005393,0.6659850034083163,0.5333333333333333,0.24821640903686087,1,0.10344827586206898,0.10344827586206898,0
country_b15_g1.6_c260,2021/22,UECL,181,0.3625059024377188,0.6419909757473209,0.45652173913043476,0.2550593693721193,31,0.2532525396542506,0.1490821600427731,5
country_b15_g1.6_c260,2022/23,UCL,78,0.35148508574555065,0.6334201711946409,0.55,0.2536160420775806,2,0.07051282051282051,0.04166666666666666,0
country_b15_g1.6_c260,2022/23,UEL,57,0.40640696270304466,0.6521590130226183,0.4666666666666667,0.24222837796244998,5,0.3070175438596491,0.24035087719298245,1
country_b15_g1.6_c260,2022/23,UECL,177,0.3514964804374936,0.6360062309917662,0.4444444444444444,0.2616744868971241,19,0.3085043116265239,0.20041629497472493,4
country_b15_g1.6_c260,2023/24,UCL,78,0.4215359857583802,0.6626750184229919,0.45,0.23422090729783035,2,0.34615384615384615,0.34615384615384615,1
country_b15_g1.6_c260,2023/24,UEL,57,0.6818323715338998,0.7717842323651453,0.6,0.17020621729763008,3,0.2514619883040936,0.23099415204678364,1
country_b15_g1.6_c260,2023/24,UECL,178,0.3463324158138108,0.6312720070422535,0.4444444444444444,0.2647077389218533,23,0.3323155837811432,0.19528578407425504,5
country_b15_g1.6_c260,2024/25,UCL,81,0.4318787467899804,0.6601274312541918,0.38095238095238093,0.2435604328608444,6,0.3405349794238683,0.31378600823045266,3
country_b15_g1.6_c260,2024/25,UEL,76,0.475433747166794,0.6843553459119497,0.631578947368421,0.23476454293628812,9,0.23903508771929824,0.19736842105263155,3
country_b15_g1.6_c260,2024/25,UECL,164,0.3765381668818035,0.6485898328690808,0.4146341463414634,0.2511525877453896,31,0.28520849724626285,0.19679386309992128,7
country_b15_g1.6_c260,2025/26,UCL,82,0.4308353582811521,0.6672131147540984,0.42857142857142855,0.24464604402141585,1,0.0060975609756097615,0.0,0
country_b15_g1.6_c260,2025/26,UEL,77,0.41761731998836993,0.6574038087835212,0.6,0.24827120931017033,6,0.367965367965368,0.367965367965368,4
country_b15_g1.6_c260,2025/26,UECL,164,0.34768947822109325,0.6325064157399487,0.4878048780487805,0.2619720404521118,23,0.2733297985153764,0.19154294803817604,5
country_b15_g1.6_c300,2018/19,UCL,79,0.5190575483122349,0.7031695156695157,0.45,0.22336164076269835,1,0.5189873417721519,0.0,0
country_b15_g1.6_c300,2018/19,UEL,213,0.41583714331056326,0.6620021528525296,0.5185185185185185,0.24543190284114705,30,0.25892018779342724,0.1800469483568075,4
country_b15_g1.6_c300,2018/19,UECL,0,,,0.0,,0,0.0,0.0,0
country_b15_g1.6_c300,2019/20,UCL,79,0.41957495956487817,0.6664843180160467,0.4,0.25444640282006087,3,0.36497890295358654,0.0,0
country_b15_g1.6_c300,2019/20,UEL,213,0.3693408218388446,0.6394552685898404,0.42592592592592593,0.2573783861226829,25,0.27023474178403756,0.18863849765258217,5
country_b15_g1.6_c300,2019/20,UECL,0,,,0.0,,0,0.0,0.0,0
country_b15_g1.6_c300,2020/21,UCL,79,0.4615761198035901,0.6905034324942791,0.55,0.23297548469796514,1,0.0,0.0,0
country_b15_g1.6_c300,2020/21,UEL,213,0.40692294554153546,0.6728998684737233,0.5,0.24913487182878175,34,0.2748550124275062,0.18882905274785972,8
country_b15_g1.6_c300,2020/21,UECL,0,,,0.0,,0,0.0,0.0,0
country_b15_g1.6_c300,2021/22,UCL,80,0.43614574299881076,0.6644645340751043,0.45,0.2496875,0,0.0,0.0,0
country_b15_g1.6_c300,2021/22,UEL,58,0.4620465235317967,0.6721199727334697,0.5333333333333333,0.24791914387633768,1,0.17241379310344826,0.17241379310344826,0
country_b15_g1.6_c300,2021/22,UECL,181,0.3560375800685338,0.6387478849407784,0.45652173913043476,0.2564940020145905,31,0.2555694172161825,0.1611121012297273,6
country_b15_g1.6_c300,2022/23,UCL,78,0.34316916232710093,0.6304428730926684,0.55,0.2555884286653518,2,0.07051282051282048,0.04807692307692307,0
country_b15_g1.6_c300,2022/23,UEL,57,0.39817924190761045,0.6411925976696368,0.4666666666666667,0.2440751000307787,5,0.35964912280701755,0.2964912280701754,3
country_b15_g1.6_c300,2022/23,UECL,177,0.35440959836889885,0.6367480157258364,0.4222222222222222,0.2614510517411983,19,0.3114778471602736,0.21052631578947373,4
country_b15_g1.6_c300,2023/24,UCL,78,0.41443227063645544,0.6608327192336035,0.45,0.23586456278763968,2,0.4230769230769232,0.4230769230769232,1
country_b15_g1.6_c300,2023/24,UEL,57,0.6784282830772954,0.7710926694329184,0.6666666666666666,0.17020621729763005,3,0.27485380116959063,0.27485380116959063,1
country_b15_g1.6_c300,2023/24,UECL,178,0.3469039125536377,0.6317855046948356,0.4222222222222222,0.2648971089508901,23,0.3403761602344895,0.20994137762579385,6
country_b15_g1.6_c300,2024/25,UCL,81,0.406038778602204,0.6507377598926894,0.38095238095238093,0.24721841182746535,6,0.4104938271604939,0.39197530864197533,4
country_b15_g1.6_c300,2024/25,UEL,76,0.4635444472958012,0.6796383647798742,0.5789473684210527,0.23286011080332417,9,0.2463450292397661,0.2185672514619883,3
country_b15_g1.6_c300,2024/25,UECL,164,0.3794352312818497,0.6504178272980501,0.4146341463414634,0.2500371802498512,31,0.28697875688434304,0.2072187254130606,7
country_b15_g1.6_c300,2025/26,UCL,82,0.4283044484379828,0.6665573770491803,0.38095238095238093,0.2452409280190363,1,0.042682926829268296,0.042682926829268296,0
country_b15_g1.6_c300,2025/26,UEL,77,0.40387490969479456,0.65235134084726,0.55,0.25198178444931696,6,0.4480519480519481,0.4480519480519481,4
country_b15_g1.6_c300,2025/26,UECL,164,0.33750617353205387,0.6297690333618478,0.4878048780487805,0.26427721594289116,23,0.2841993637327677,0.20638918345705196,6
country_b15_g1.6_c360,2018/19,UCL,79,0.5025320505530263,0.6956908831908832,0.45,0.22816856273033168,1,0.5316455696202532,0.0,0
country_b15_g1.6_c360,2018/19,UEL,213,0.40689659085165597,0.6587216156645651,0.5370370370370371,0.24730542881703363,30,0.2650234741784038,0.19319248826291077,7
country_b15_g1.6_c360,2018/19,UECL,0,,,0.0,,0,0.0,0.0,0
country_b15_g1.6_c360,2019/20,UCL,79,0.41173750437563766,0.662837345003647,0.4,0.2566896330716232,3,0.36075949367088606,0.0,0
country_b15_g1.6_c360,2019/20,UEL,213,0.35950678563019284,0.6363338871268187,0.42592592592592593,0.2599351980427164,25,0.28469483568075116,0.20788732394366197,6
country_b15_g1.6_c360,2019/20,UECL,0,,,0.0,,0,0.0,0.0,0
country_b15_g1.6_c360,2020/21,UCL,79,0.45762454607637126,0.6874523264683448,0.55,0.23409709982374624,1,0.0,0.0,0
country_b15_g1.6_c360,2020/21,UEL,213,0.3890753913498359,0.6643792531594899,0.5185185185185185,0.2531905045295246,34,0.2871444352388842,0.2103700635183651,10
country_b15_g1.6_c360,2020/21,UECL,0,,,0.0,,0,0.0,0.0,0
country_b15_g1.6_c360,2021/22,UCL,80,0.4300251455000736,0.6620305980528511,0.4,0.2509375,0,0.0,0.0,0
country_b15_g1.6_c360,2021/22,UEL,58,0.4635738985336896,0.6741649625085208,0.4666666666666667,0.25089179548156954,1,0.2413793103448276,0.2413793103448276,0
country_b15_g1.6_c360,2021/22,UECL,181,0.3479096358426593,0.6352227862380146,0.45652173913043476,0.2590275022129972,31,0.2641240420602388,0.17929067902334697,7
country_b15_g1.6_c360,2022/23,UCL,78,0.3328860312182652,0.6267212504652029,0.55,0.2580539119000657,2,0.0641025641025641,0.0641025641025641,0
country_b15_g1.6_c360,2022/23,UEL,57,0.40692935767418337,0.6507882111034955,0.6,0.24130501692828563,5,0.39473684210526316,0.3385964912280702,3
country_b15_g1.6_c360,2022/23,UECL,177,0.34532571763288966,0.6334099844225206,0.4222222222222222,0.26260014682881677,19,0.31504608980077314,0.22360987213797204,6
country_b15_g1.6_c360,2023/24,UCL,78,0.39646254961887556,0.6534635224760501,0.45,0.24013806706114393,2,0.5384615384615385,0.5384615384615385,2
country_b15_g1.6_c360,2023/24,UEL,57,0.6526684983143374,0.7586445366528354,0.6,0.1763619575253924,3,0.3508771929824561,0.3508771929824561,1
country_b15_g1.6_c360,2023/24,UECL,178,0.3541500598963493,0.6356734154929577,0.4,0.2627193536169676,23,0.3477039570102589,0.22752808988764048,6
country_b15_g1.6_c360,2024/25,UCL,81,0.3919080788849114,0.6463782696177063,0.42857142857142855,0.24767565919829293,6,0.4454732510288066,0.43827160493827155,4
country_b15_g1.6_c360,2024/25,UEL,76,0.4452819297032645,0.6721698113207547,0.5789473684210527,0.23095567867036007,9,0.266812865497076,0.2536549707602339,4
country_b15_g1.6_c360,2024/25,UECL,164,0.3752410564248855,0.6478934540389972,0.43902439024390244,0.2527141582391434,31,0.29523996852871764,0.22423288749016523,7
country_b15_g1.6_c360,2025/26,UCL,82,0.4221141278259021,0.6659016393442623,0.42857142857142855,0.2456870910172516,1,0.06707317073170732,0.06707317073170732,0
country_b15_g1.6_c360,2025/26,UEL,77,0.36687303678018235,0.6391371939370385,0.5,0.25957159723393486,6,0.5,0.5,4
country_b15_g1.6_c360,2025/26,UECL,164,0.32727328824133667,0.6253207869974337,0.4878048780487805,0.2652810826888757,23,0.29453870625662776,0.22216330858960767,7
country_b15_g2.0_c100,2018/19,UCL,79,0.5538861381741872,0.7177706552706553,0.45,0.21134433584361484,1,0.4683544303797469,0.0,0
country_b15_g2.0_c100,2018/19,UEL,213,0.41513767804206964,0.6626685119688349,0.5370370370370371,0.24296325684939057,30,0.20133020344287952,0.09859154929577466,3
country_b15_g2.0_c100,2018/19,UECL,0,,,0.0,,0,0.0,0.0,0
country_b15_g2.0_c100,2019/20,UCL,79,0.43589066816637895,0.6734135667396062,0.4,0.24643486620733857,3,0.4535864978902953,0.0,0
country_b15_g2.0_c100,2019/20,UEL,213,0.3930715290857579,0.6479132054573831,0.4444444444444444,0.2528157993343473,25,0.2326760563380282,0.09568075117370892,2
country_b15_g2.0_c100,2019/20,UECL,0,,,0.0,,0,0.0,0.0,0
country_b15_g2.0_c100,2020/21,UCL,79,0.4808617878056138,0.6977498093058734,0.55,0.22448325588847942,1,0.03797468354430379,0.0,0
country_b15_g2.0_c100,2020/21,UEL,213,0.4570470306964676,0.693315034025276,0.5370370370370371,0.22923141352024512,34,0.2143744821872411,0.0864402098867716,3
country_b15_g2.0_c100,2020/21,UECL,0,,,0.0,,0,0.0,0.0,0
country_b15_g2.0_c100,2021/22,UCL,80,0.4407893623366556,0.6648122392211405,0.4,0.2453125,0,0.0,0.0,0
country_b15_g2.0_c100,2021/22,UEL,58,0.3865193882341145,0.643490115882754,0.4,0.25832342449464923,1,0.13793103448275862,0.0,0
country_b15_g2.0_c100,2021/22,UECL,181,0.34900238253767535,0.6370558375634517,0.4782608695652174,0.25457098379170356,31,0.24754945642487972,0.06879344145428622,2
country_b15_g2.0_c100,2022/23,UCL,78,0.36275182069957934,0.6363974692966133,0.55,0.252301117685733,2,0.16025641025641024,0.0,0
country_b15_g2.0_c100,2022/23,UEL,57,0.3706882065514374,0.6363947909527073,0.4,0.2517697753154817,5,0.21578947368421053,0.0736842105263158,0
country_b15_g2.0_c100,2022/23,UECL,177,0.33743341733887905,0.6303686670128329,0.4666666666666667,0.25864215263813084,19,0.27817424918227773,0.10139756170086234,2
country_b15_g2.0_c100,2023/24,UCL,78,0.4135522772012439,0.6600957995578481,0.45,0.23783694937541086,2,0.1346153846153846,0.09615384615384617,0
country_b15_g2.0_c100,2023/24,UEL,57,0.661767888611799,0.7517289073305671,0.5333333333333333,0.1843644198214835,3,0.368421052631579,0.09941520467836258,0
country_b15_g2.0_c100,2023/24,UECL,178,0.3186762867891284,0.6221024061032864,0.5111111111111111,0.2725034717838657,23,0.31057645334636047,0.10295554469956035,3
country_b15_g2.0_c100,2024/25,UCL,81,0.4716561549241774,0.6748826291079812,0.42857142857142855,0.23045267489711935,6,0.1183127572016461,0.07201646090534979,0
country_b15_g2.0_c100,2024/25,UEL,76,0.48793133679862827,0.6886792452830188,0.5263157894736842,0.2356301939058172,9,0.27997076023391815,0.09649122807017545,1
country_b15_g2.0_c100,2024/25,UECL,164,0.35497958263515905,0.6397110027855153,0.5365853658536586,0.2529000594883998,31,0.261801730920535,0.10139653815892997,4
country_b15_g2.0_c100,2025/26,UCL,82,0.43545892518079476,0.6681967213114755,0.38095238095238093,0.24330755502676976,1,0.01829268292682927,0.0,0
country_b15_g2.0_c100,2025/26,UEL,77,0.43021341865706897,0.6651768363777691,0.55,0.24304267161410012,6,0.21428571428571427,0.12554112554112554,0
country_b15_g2.0_c100,2025/26,UECL,164,0.33649941187020804,0.6268605645851155,0.4146341463414634,0.26661957168352174,23,0.22932131495227995,0.08364262990455992,3
country_b15_g2.0_c140,2018/19,UCL,79,0.5445445734171271,0.7138532763532763,0.45,0.21390802755968594,1,0.4810126582278481,0.0,0
country_b15_g2.0_c140,2018/19,UEL,213,0.4171875523829792,0.663437387872264,0.5555555555555556,0.2432718375983601,30,0.2168231611893584,0.11674491392801255,3
country_b15_g2.0_c140,2018/19,UECL,0,,,0.0,,0,0.0,0.0,0
country_b15_g2.0_c140,2019/20,UCL,79,0.42912531769642137,0.6704959883296864,0.4,0.25028040378144534,3,0.44936708860759494,0.0,0
country_b15_g2.0_c140,2019/20,UEL,213,0.3917041393276919,0.6482656194935307,0.42592592592592593,0.25330071193987086,25,0.2384976525821596,0.11183098591549295,2
country_b15_g2.0_c140,2019/20,UECL,0,,,0.0,,0,0.0,0.0,0
country_b15_g2.0_c140,2020/21,UCL,79,0.48087421413808934,0.6981311975591151,0.55,0.2251241788174971,1,0.03797468354430379,0.0,0
country_b15_g2.0_c140,2020/21,UEL,213,0.4480942279432769,0.6893120603877166,0.5370370370370371,0.23394829068306555,34,0.2255592377796189,0.10535763601215134,4
country_b15_g2.0_c140,2020/21,UECL,0,,,0.0,,0,0.0,0.0,0
country_b15_g2.0_c140,2021/22,UCL,80,0.4385207238815253,0.6634214186369958,0.4,0.246875,0,0.0,0.0,0
country_b15_g2.0_c140,2021/22,UEL,58,0.412952327042383,0.6509884117246081,0.4,0.254756242568371,1,0.051724137931034475,0.0,0
country_b15_g2.0_c140,2021/22,UECL,181,0.3621788985017806,0.6419909757473209,0.4782608695652174,0.251884863099417,31,0.25271787560149706,0.08902156478346106,3
country_b15_g2.0_c140,2022/23,UCL,78,0.3657792766906279,0.637513956084853,0.55,0.25098619329388555,2,0.14102564102564102,0.0,0
country_b15_g2.0_c140,2022/23,UEL,57,0.37173299649371483,0.6363947909527073,0.4,0.25146198830409355,5,0.21578947368421053,0.11052631578947367,0
country_b15_g2.0_c140,2022/23,UECL,177,0.33822231820241216,0.630887916326682,0.4666666666666667,0.25896134571802487,19,0.28590544157002673,0.12756467439785907,4
country_b15_g2.0_c140,2023/24,UCL,78,0.41223866381244995,0.6593588798820929,0.45,0.23750821827744914,2,0.14743589743589744,0.14102564102564105,0
country_b15_g2.0_c140,2023/24,UEL,57,0.6693943560193839,0.7551867219917012,0.6,0.18559556786703602,3,0.3450292397660819,0.1345029239766082,1
country_b15_g2.0_c140,2023/24,UECL,178,0.3235652796539876,0.6225425469483568,0.4444444444444444,0.2699785380633758,23,0.3169272105520273,0.12310698583292624,4
country_b15_g2.0_c140,2024/25,UCL,81,0.4608563441989738,0.6708584842387659,0.38095238095238093,0.23654930650815426,6,0.16358024691358025,0.12654320987654322,1
country_b15_g2.0_c140,2024/25,UEL,76,0.49375156382849805,0.6890723270440252,0.5263157894736842,0.2370152354570637,9,0.27850877192982454,0.12280701754385964,1
country_b15_g2.0_c140,2024/25,UECL,164,0.36946905317629697,0.6464136490250696,0.5365853658536586,0.24966537775133854,31,0.26534225019669555,0.12313139260424863,5
country_b15_g2.0_c140,2025/26,UCL,82,0.43497684711542917,0.6681967213114755,0.38095238095238093,0.24360499702558003,1,0.0060975609756097615,0.0,0
country_b15_g2.0_c140,2025/26,UEL,77,0.446221793790516,0.6725612125923047,0.6,0.23832012143700457,6,0.22294372294372292,0.1688311688311688,0
country_b15_g2.0_c140,2025/26,UECL,164,0.35282657945048435,0.6344739093242088,0.4146341463414634,0.2591091612135633,23,0.21420996818663837,0.09848886532343586,4
country_b15_g2.0_c180,2018/19,UCL,79,0.5360856761961672,0.7102920227920227,0.45,0.21711264220477483,1,0.4810126582278481,0.0,0
country_b15_g2.0_c180,2018/19,UEL,213,0.41973839509186395,0.6650776564662464,0.5555555555555556,0.24336000352663714,30,0.2266823161189358,0.12973395931142412,3
country_b15_g2.0_c180,2018/19,UECL,0,,,0.0,,0,0.0,0.0,0
country_b15_g2.0_c180,2019/20,UCL,79,0.42318561109073904,0.6686725018234865,0.4,0.2525236340330076,3,0.4451476793248945,0.0,0
country_b15_g2.0_c180,2019/20,UEL,213,0.38852506795809005,0.6473090671097015,0.4444444444444444,0.25440278604333355,25,0.2431924882629108,0.12685446009389673,2
country_b15_g2.0_c180,2019/20,UECL,0,,,0.0,,0,0.0,0.0,0
country_b15_g2.0_c180,2020/21,UCL,79,0.4761522077973876,0.6962242562929062,0.55,0.2267264861400416,1,0.025316455696202528,0.0,0
country_b15_g2.0_c180,2020/21,UEL,213,0.4399173777630031,0.6854234574255161,0.5370370370370371,0.2372545129934537,34,0.23853907760287213,0.12413697873515603,5
country_b15_g2.0_c180,2020/21,UECL,0,,,0.0,,0,0.0,0.0,0
country_b15_g2.0_c180,2021/22,UCL,80,0.44094296806538846,0.6655076495132128,0.45,0.24718749999999998,0,0.0,0.0,0
country_b15_g2.0_c180,2021/22,UEL,58,0.43022101583929423,0.6598500340831629,0.4,0.24970273483947686,1,0.0,0.0,0
country_b15_g2.0_c180,2021/22,UECL,181,0.36651913256059665,0.6439650310208686,0.4782608695652174,0.251854339000641,31,0.2537872037070041,0.10336838353234716,4
country_b15_g2.0_c180,2022/23,UCL,78,0.3691260845794663,0.6397469296613323,0.55,0.2503287310979617,2,0.1282051282051282,0.0,0
country_b15_g2.0_c180,2022/23,UEL,57,0.3970365029082446,0.6466758053461275,0.4,0.24376731301939059,5,0.24385964912280703,0.1456140350877193,0
country_b15_g2.0_c180,2022/23,UECL,177,0.3436272217542398,0.6327423781618574,0.4444444444444444,0.25813144371030033,19,0.2903657448706512,0.1446625037169194,4
country_b15_g2.0_c180,2023/24,UCL,78,0.4114351915455177,0.6597273397199706,0.45,0.23717948717948714,2,0.18589743589743593,0.18589743589743593,0
country_b15_g2.0_c180,2023/24,UEL,57,0.6852364599905041,0.7655601659751037,0.6,0.18128654970760236,3,0.2865497076023392,0.14619883040935674,1
country_b15_g2.0_c180,2023/24,UECL,178,0.3279140463553501,0.6239363262910798,0.4444444444444444,0.267201110970837,23,0.3232779677576942,0.14130434782608697,5
country_b15_g2.0_c180,2024/25,UCL,81,0.45501307818554787,0.6698524480214622,0.38095238095238093,0.23883554336229235,6,0.24794238683127576,0.2109053497942387,1
country_b15_g2.0_c180,2024/25,UEL,76,0.4909036617663765,0.6898584905660378,0.5789473684210527,0.23614958448753462,9,0.2609649122807018,0.14035087719298245,2
country_b15_g2.0_c180,2024/25,UECL,164,0.3732635852592215,0.6476323119777159,0.5609756097560976,0.25,31,0.2777340676632573,0.14712824547600314,6
country_b15_g2.0_c180,2025/26,UCL,82,0.43334435548498657,0.6681967213114755,0.38095238095238093,0.24479476502082095,1,0.0060975609756097615,0.0,0
country_b15_g2.0_c180,2025/26,UEL,77,0.4528330794409655,0.6752817722502915,0.6,0.2344408837915332,6,0.235930735930736,0.21212121212121213,1
country_b15_g2.0_c180,2025/26,UECL,164,0.35883134120923627,0.6363558597091531,0.4146341463414634,0.25691552647233784,23,0.22401908801696704,0.12022799575821846,5
country_b15_g2.0_c220,2018/19,UCL,79,0.5291714471633826,0.7067307692307693,0.45,0.21951610318859152,1,0.4810126582278481,0.0,0
country_b15_g2.0_c220,2018/19,UEL,213,0.41893243466087,0.6647188477113127,0.5370370370370371,0.2435363353831912,30,0.23309859154929577,0.13896713615023473,3
country_b15_g2.0_c220,2018/19,UECL,0,,,0.0,,0,0.0,0.0,0
country_b15_g2.0_c220,2019/20,UCL,79,0.4228035967654773,0.6679431072210066,0.4,0.2531645569620254,3,0.4198312236286919,0.0,0
country_b15_g2.0_c220,2019/20,UEL,213,0.3849293160931437,0.645395962342043,0.4444444444444444,0.25473340827437235,25,0.24845070422535212,0.14,3
country_b15_g2.0_c220,2019/20,UECL,0,,,0.0,,0,0.0,0.0,0
country_b15_g2.0_c220,2020/21,UCL,79,0.47662440843145776,0.6973684210526315,0.55,0.22768787053356826,1,0.03797468354430379,0.0,0
country_b15_g2.0_c220,2020/21,UEL,213,0.4331473044418582,0.6834219706067365,0.5370370370370371,0.24018603010866452,34,0.2477906655619994,0.13856669428334717,6
country_b15_g2.0_c220,2020/21,UECL,0,,,0.0,,0,0.0,0.0,0
country_b15_g2.0_c220,2021/22,UCL,80,0.43931238417576346,0.6648122392211405,0.45,0.2484375,0,0.0,0.0,0
country_b15_g2.0_c220,2021/22,UEL,58,0.4428452377937149,0.6646216768916156,0.5333333333333333,0.2479191438763377,1,0.03448275862068967,0.03448275862068967,0
country_b15_g2.0_c220,2021/22,UECL,181,0.3701438533050402,0.6447405527354766,0.4782608695652174,0.2517627667043131,31,0.2525396542505792,0.11522010336838352,5
country_b15_g2.0_c220,2022/23,UCL,78,0.36401645421482737,0.6378861183475996,0.55,0.2506574621959237,2,0.10256410256410256,0.0,0
country_b15_g2.0_c220,2022/23,UEL,57,0.4017054079627965,0.6480466072652502,0.4,0.24376731301939059,5,0.2614035087719298,0.17368421052631577,1
country_b15_g2.0_c220,2022/23,UECL,177,0.3489948198410326,0.6352644462576961,0.4444444444444444,0.258418717482205,19,0.29631281593815045,0.1607195955991674,4
country_b15_g2.0_c220,2023/24,UCL,78,0.42174004220712485,0.6619380987472365,0.45,0.23520710059171593,2,0.28205128205128205,0.28205128205128205,1
country_b15_g2.0_c220,2023/24,UEL,57,0.685956555625555,0.7690179806362379,0.6,0.1782086795937211,3,0.25146198830409355,0.16959064327485382,1
country_b15_g2.0_c220,2023/24,UECL,178,0.33467819550428307,0.6267972417840375,0.4666666666666667,0.2667592475697513,23,0.330361504640938,0.1591353199804592,5
country_b15_g2.0_c220,2024/25,UCL,81,0.4453955625292088,0.6675050301810865,0.38095238095238093,0.2423411065386374,6,0.2952674897119341,0.2602880658436214,2
country_b15_g2.0_c220,2024/25,UEL,76,0.4885396265594698,0.6898584905660378,0.5789473684210527,0.23459141274238227,9,0.2478070175438597,0.16081871345029242,2
country_b15_g2.0_c220,2024/25,UECL,164,0.3743532686707901,0.647458217270195,0.4878048780487805,0.25040898274836404,31,0.2818646734854445,0.16237214791502752,6
country_b15_g2.0_c220,2025/26,UCL,82,0.43515214823010756,0.6678688524590164,0.42857142857142855,0.2443486020226056,1,0.0060975609756097615,0.0,0
country_b15_g2.0_c220,2025/26,UEL,77,0.44876767193413675,0.6702293043140303,0.6,0.23848878394332945,6,0.28787878787878785,0.28787878787878785,4
country_b15_g2.0_c220,2025/26,UECL,164,0.3632178472187833,0.6387510692899915,0.5121951219512195,0.2572501487209994,23,0.2468186638388123,0.14687168610816545,5
country_b15_g2.0_c260,2018/19,UCL,79,0.5225636999139661,0.7045940170940171,0.45,0.221438871975645,1,0.4936708860759494,0.0,0
country_b15_g2.0_c260,2018/19,UEL,213,0.4195329665535496,0.6648726228919986,0.5370370370370371,0.2436245013114682,30,0.2387323943661972,0.14765258215962443,3
country_b15_g2.0_c260,2018/19,UECL,0,,,0.0,,0,0.0,0.0,0
country_b15_g2.0_c260,2019/20,UCL,79,0.41634632236427915,0.6657549234135668,0.4,0.25508732574907866,3,0.419831223628692,0.0,0
country_b15_g2.0_c260,2019/20,UEL,213,0.38402943683060736,0.6449428585812818,0.4444444444444444,0.2547334082743724,25,0.25314553990610333,0.152018779342723,5
country_b15_g2.0_c260,2019/20,UECL,0,,,0.0,,0,0.0,0.0,0
country_b15_g2.0_c260,2020/21,UCL,79,0.46909405095128615,0.6939359267734554,0.55,0.2297708700528761,1,0.03797468354430379,0.0,0
country_b15_g2.0_c260,2020/21,UEL,213,0.42830001966590514,0.6818779664893921,0.5370370370370371,0.24223588794110512,34,0.257732670533002,0.15237503452085058,6
country_b15_g2.0_c260,2020/21,UECL,0,,,0.0,,0,0.0,0.0,0
country_b15_g2.0_c260,2021/22,UCL,80,0.4410729421435469,0.6655076495132128,0.45,0.24875000000000003,0,0.0,0.0,0
country_b15_g2.0_c260,2021/22,UEL,58,0.4545655031143623,0.6687116564417178,0.5333333333333333,0.2458382877526754,1,0.06896551724137931,0.06896551724137931,0
country_b15_g2.0_c260,2021/22,UECL,181,0.37073328046229553,0.643824027072758,0.4782608695652174,0.251762766704313,31,0.25307431830333277,0.1257351630725361,5
country_b15_g2.0_c260,2022/23,UCL,78,0.3611295130588065,0.6371417938221065,0.55,0.2508218277449047,2,0.057692307692307696,0.0,0
country_b15_g2.0_c260,2022/23,UEL,57,0.4005626689634307,0.6487320082248115,0.4666666666666667,0.24345952600800247,5,0.3035087719298245,0.22280701754385968,1
country_b15_g2.0_c260,2022/23,UECL,177,0.3502390668219039,0.6357836955715451,0.4444444444444444,0.25918478087395064,19,0.30255724055902466,0.17395182872435325,4
country_b15_g2.0_c260,2023/24,UCL,78,0.42407393783964237,0.6630434782608695,0.45,0.2352071005917159,2,0.33974358974358976,0.33974358974358976,1
country_b15_g2.0_c260,2023/24,UEL,57,0.6878877211922826,0.7731673582295989,0.6,0.17236072637734684,3,0.22807017543859653,0.20467836257309943,1
country_b15_g2.0_c260,2023/24,UECL,178,0.33603037835662836,0.6261370305164319,0.4444444444444444,0.26691705592728193,23,0.33158280410356616,0.17159257449926724,5
country_b15_g2.0_c260,2024/25,UCL,81,0.4295141566522516,0.6584507042253521,0.38095238095238093,0.2441700960219479,6,0.34670781893004116,0.31378600823045266,3
country_b15_g2.0_c260,2024/25,UEL,76,0.4913045800178402,0.6918238993710691,0.631578947368421,0.23216759002770088,9,0.23464912280701755,0.17543859649122806,2
country_b15_g2.0_c260,2024/25,UECL,164,0.37513596005524175,0.6487639275766016,0.43902439024390244,0.25011154074955383,31,0.28560188827694727,0.1755507474429583,6
country_b15_g2.0_c260,2025/26,UCL,82,0.43327861756698216,0.6672131147540984,0.42857142857142855,0.24434860202260558,1,0.0060975609756097615,0.0,0
country_b15_g2.0_c260,2025/26,UEL,77,0.43583834314192715,0.6651768363777691,0.6,0.24523528419632318,6,0.33982683982683975,0.33982683982683975,4
country_b15_g2.0_c260,2025/26,UECL,164,0.36062726078111984,0.6378100940975192,0.4634146341463415,0.2589976204640095,23,0.26033934252386004,0.16463414634146342,5
country_b15_g2.0_c300,2018/19,UCL,79,0.5152939520124745,0.7021011396011396,0.45,0.2240025636917161,1,0.4936708860759494,0.0,0
country_b15_g2.0_c300,2018/19,UEL,213,0.415932295793034,0.6625147367881491,0.5185185185185185,0.2444620776300999,30,0.24593114241001565,0.15672926447574334,4
country_b15_g2.0_c300,2018/19,UECL,0,,,0.0,,0,0.0,0.0,0
country_b15_g2.0_c300,2019/20,UCL,79,0.4133025308049357,0.6646608315098468,0.4,0.2560487101426053,3,0.4113924050632911,0.0,0
country_b15_g2.0_c300,2019/20,UEL,213,0.38192971855135593,0.6440869959220662,0.42592592592592593,0.25543873570058856,25,0.25896713615023476,0.16215962441314552,5
country_b15_g2.0_c300,2019/20,UECL,0,,,0.0,,0,0.0,0.0,0
country_b15_g2.0_c300,2020/21,UCL,79,0.47113196947727315,0.6950800915331807,0.55,0.23009133151738503,1,0.03797468354430379,0.0,0
country_b15_g2.0_c300,2020/21,UEL,213,0.4181829655460349,0.6770743981243209,0.5370370370370371,0.24463840948665388,34,0.26657000828500416,0.16576912455122894,6
country_b15_g2.0_c300,2020/21,UECL,0,,,0.0,,0,0.0,0.0,0
country_b15_g2.0_c300,2021/22,UCL,80,0.4375872736838414,0.6644645340751043,0.45,0.24937500000000004,0,0.0,0.0,0
country_b15_g2.0_c300,2021/22,UEL,58,0.4559681944426312,0.6700749829584185,0.5333333333333333,0.24821640903686087,1,0.08620689655172412,0.08620689655172412,0
country_b15_g2.0_c300,2021/22,UECL,181,0.3689926764396527,0.6446700507614214,0.43478260869565216,0.2521595799884009,31,0.25556941721618254,0.13544822669755838,5
country_b15_g2.0_c300,2022/23,UCL,78,0.35189385617472174,0.6334201711946409,0.55,0.25213675213675213,2,0.03205128205128206,0.0,0
country_b15_g2.0_c300,2022/23,UEL,57,0.4074844023310182,0.6487320082248115,0.4666666666666667,0.24161280393967377,5,0.331578947368421,0.2649122807017544,2
country_b15_g2.0_c300,2022/23,UECL,177,0.35365690575084086,0.6373414435130925,0.4666666666666667,0.26030195665357975,19,0.30969372584002375,0.18584597085935176,4
country_b15_g2.0_c300,2023/24,UCL,78,0.41558008816064435,0.6615696389093588,0.45,0.23668639053254437,2,0.4230769230769232,0.4230769230769232,1
country_b15_g2.0_c300,2023/24,UEL,57,0.6883786954889082,0.7759336099585062,0.6666666666666666,0.16743613419513698,3,0.27485380116959063,0.27485380116959063,1
country_b15_g2.0_c300,2023/24,UECL,178,0.3414822415954304,0.6287778755868545,0.4444444444444444,0.2660964524681227,23,0.33866634098681003,0.18404982901807523,6
country_b15_g2.0_c300,2024/25,UCL,81,0.40213947851931475,0.6497317236753857,0.38095238095238093,0.24782807498856885,6,0.4207818930041152,0.39197530864197533,4
country_b15_g2.0_c300,2024/25,UEL,76,0.47935998107767996,0.6867138364779874,0.5789473684210527,0.2314750692520776,9,0.23757309941520466,0.19444444444444445,3
country_b15_g2.0_c300,2024/25,UECL,164,0.3778781455947604,0.6495473537604457,0.43902439024390244,0.2501859012492564,31,0.2881589299763965,0.18440204563335957,6
country_b15_g2.0_c300,2025/26,UCL,82,0.43240211199359024,0.6675409836065573,0.38095238095238093,0.2452409280190363,1,0.0060975609756097615,0.0,0
country_b15_g2.0_c300,2025/26,UEL,77,0.41639103313385106,0.6566265060240963,0.6,0.24928318434811936,6,0.4242424242424243,0.4242424242424243,4
country_b15_g2.0_c300,2025/26,UECL,164,0.3592417584120133,0.6378956372968348,0.4878048780487805,0.2594809637120761,23,0.2725344644750795,0.18001060445387065,5
country_b15_g2.0_c360,2018/19,UCL,79,0.5067369806208368,0.6988960113960114,0.45,0.22704694760455058,1,0.5063291139240507,0.0,0
country_b15_g2.0_c360,2018/19,UEL,213,0.4151666648910342,0.6619508944589677,0.5370370370370371,0.24395512354250698,30,0.25422535211267605,0.17034428794992176,4
country_b15_g2.0_c360,2018/19,UECL,0,,,0.0,,0,0.0,0.0,0
country_b15_g2.0_c360,2019/20,UCL,79,0.40726423985725035,0.6617432530999271,0.4,0.2579714789296587,3,0.4029535864978902,0.0,0
country_b15_g2.0_c360,2019/20,UEL,213,0.37457756691964356,0.6415194079444193,0.42592592592592593,0.25676122462474377,25,0.26835680751173707,0.17671361502347419,5
country_b15_g2.0_c360,2019/20,UECL,0,,,0.0,,0,0.0,0.0,0
country_b15_g2.0_c360,2020/21,UCL,79,0.4623838314144995,0.688977879481312,0.55,0.23281525396571068,1,0.03797468354430379,0.0,0
country_b15_g2.0_c360,2020/21,UEL,213,0.40572773347369234,0.6715274203694173,0.5,0.24856179329498118,34,0.2801021817177575,0.18365092515879589,8
country_b15_g2.0_c360,2020/21,UECL,0,,,0.0,,0,0.0,0.0,0
country_b15_g2.0_c360,2021/22,UCL,80,0.4354604251321567,0.6634214186369958,0.4,0.24937500000000004,0,0.0,0.0,0
country_b15_g2.0_c360,2021/22,UEL,58,0.46762611792646663,0.6741649625085208,0.4666666666666667,0.24910820451843046,1,0.17241379310344826,0.17241379310344826,0
country_b15_g2.0_c360,2021/22,UECL,181,0.36181294111892814,0.6419909757473209,0.45652173913043476,0.25435731510027165,31,0.2589556228836215,0.14845838531456065,6
country_b15_g2.0_c360,2022/23,UCL,78,0.34086982866301346,0.6285820617789356,0.55,0.2536160420775806,2,0.03205128205128205,0.016025641025641024,0
country_b15_g2.0_c360,2022/23,UEL,57,0.4089536381873457,0.6494174091843729,0.6,0.24068944290550937,5,0.37017543859649116,0.3105263157894737,3
country_b15_g2.0_c360,2022/23,UECL,177,0.3503147749715337,0.6357836955715451,0.4222222222222222,0.2619298413610393,19,0.3186143324412727,0.20190306274159978,4
country_b15_g2.0_c360,2023/24,UCL,78,0.3989877481720912,0.6553058216654385,0.45,0.23948060486522024,2,0.5384615384615385,0.5384615384615385,2
country_b15_g2.0_c360,2023/24,UEL,57,0.669525282498484,0.7676348547717843,0.6,0.1711295783317944,3,0.3508771929824561,0.3508771929824561,1
country_b15_g2.0_c360,2023/24,UECL,178,0.3442825756205824,0.6302450117370892,0.4444444444444444,0.2657808357530615,23,0.34379579872984856,0.19699560332193453,6
country_b15_g2.0_c360,2024/25,UCL,81,0.3907371520378631,0.6470489604292421,0.42857142857142855,0.24782807498856885,6,0.4495884773662551,0.4331275720164609,4
country_b15_g2.0_c360,2024/25,UEL,76,0.46759510411231386,0.6804245283018868,0.5789473684210527,0.22974376731301946,9,0.2551169590643274,0.22002923976608188,3
country_b15_g2.0_c360,2024/25,UECL,164,0.3751732969234046,0.648241643454039,0.4146341463414634,0.25156157049375377,31,0.290912667191188,0.19600708103855233,7
country_b15_g2.0_c360,2025/26,UCL,82,0.42801958412663044,0.6681967213114755,0.42857142857142855,0.2455383700178465,1,0.0060975609756097615,0.0,0
country_b15_g2.0_c360,2025/26,UEL,77,0.38188172154309785,0.6441896618732996,0.55,0.25451172204418954,6,0.4718614718614718,0.4718614718614718,4
country_b15_g2.0_c360,2025/26,UECL,164,0.3494674936868155,0.6337040205303678,0.4878048780487805,0.26081945270672224,23,0.28472958642629914,0.19856839872746554,6
country_b20_g0.6_c100,2018/19,UCL,79,0.5566309238045997,0.7175925925925926,0.45,0.21182502804037814,1,0.5443037974683544,0.0,0
country_b20_g0.6_c100,2018/19,UEL,213,0.391842964005671,0.6533394843405608,0.5370370370370371,0.2521545548722696,30,0.23920187793427233,0.17292644757433492,4
country_b20_g0.6_c100,2018/19,UECL,0,,,0.0,,0,0.0,0.0,0
country_b20_g0.6_c100,2019/20,UCL,79,0.4409034633410496,0.675054704595186,0.4,0.24611440474282964,3,0.2974683544303797,0.021097046413502112,0
country_b20_g0.6_c100,2019/20,UEL,213,0.35802632916674393,0.6343452650657,0.42592592592592593,0.2570698053737133,25,0.26460093896713616,0.18760563380281692,6
country_b20_g0.6_c100,2019/20,UECL,0,,,0.0,,0,0.0,0.0,0
country_b20_g0.6_c100,2020/21,UCL,79,0.4787157184391613,0.6948893974065599,0.55,0.22544464028200614,1,0.11392405063291142,0.11392405063291142,0
country_b20_g0.6_c100,2020/21,UEL,213,0.42590314538414303,0.6817064104763538,0.5,0.2429852983314598,34,0.222245236122618,0.1524440762220381,7
country_b20_g0.6_c100,2020/21,UECL,0,,,0.0,,0,0.0,0.0,0
country_b20_g0.6_c100,2021/22,UCL,80,0.4532326175161951,0.6696801112656467,0.4,0.24484375000000003,0,0.0,0.0,0
country_b20_g0.6_c100,2021/22,UEL,58,0.3784149494485605,0.6448534423994546,0.4,0.2621878715814507,1,0.0517241379310345,0.0517241379310345,0
country_b20_g0.6_c100,2021/22,UECL,181,0.3481577077940607,0.6350817822899041,0.5,0.2607368517444522,31,0.2504009980395651,0.16717162716093384,4
country_b20_g0.6_c100,2022/23,UCL,78,0.37121568391420845,0.6416077409750651,0.55,0.2541091387245233,2,0.1858974358974359,0.09294871794871795,0
country_b20_g0.6_c100,2022/23,UEL,57,0.3344579604813823,0.6223440712816998,0.4,0.2597722376115728,5,0.22280701754385962,0.12280701754385963,0
country_b20_g0.6_c100,2022/23,UECL,177,0.33164338972154356,0.6291076329649136,0.4444444444444444,0.2626001468288167,19,0.2609277430865299,0.1889681831697889,6
country_b20_g0.6_c100,2023/24,UCL,78,0.43254592230310984,0.6698599852616065,0.45,0.23159105851413542,2,0.1282051282051282,0.08333333333333334,0
country_b20_g0.6_c100,2023/24,UEL,57,0.6636008593192013,0.7538035961272476,0.5333333333333333,0.1825176977531548,3,0.3742690058479532,0.08771929824561403,0
country_b20_g0.6_c100,2023/24,UECL,178,0.3437421666015503,0.6329958920187794,0.4222222222222222,0.2613306400706981,23,0.2746702491450904,0.1774548119198828,5
country_b20_g0.6_c100,2024/25,UCL,81,0.4697663778310617,0.6743796109993293,0.38095238095238093,0.22969059594573996,6,0.10390946502057613,0.06584362139917695,0
country_b20_g0.6_c100,2024/25,UEL,76,0.4382451231517118,0.6690251572327044,0.5263157894736842,0.2493074792243767,9,0.2902046783625731,0.17105263157894735,2
country_b20_g0.6_c100,2024/25,UECL,164,0.35384426527361346,0.641016713091922,0.5121951219512195,0.25323468173706126,31,0.2612116443745082,0.19856412273800156,7
country_b20_g0.6_c100,2025/26,UCL,82,0.43262354646016427,0.669672131147541,0.38095238095238093,0.24405116002379534,1,0.17682926829268292,0.17682926829268292,0
country_b20_g0.6_c100,2025/26,UEL,77,0.41297604240893016,0.6587640886125146,0.55,0.24540394670264798,6,0.2489177489177489,0.13636363636363635,0
country_b20_g0.6_c100,2025/26,UECL,164,0.3140807164782437,0.6169375534644995,0.3902439024390244,0.2703375966686496,23,0.2767762460233298,0.18067338282078468,5
country_b20_g0.6_c140,2018/19,UCL,79,0.5438202971170295,0.7136752136752137,0.45,0.21470918122095817,1,0.5443037974683544,0.0,0
country_b20_g0.6_c140,2018/19,UEL,213,0.3887955639710448,0.6511353734173971,0.5555555555555556,0.2555930260750733,30,0.24812206572769954,0.19068857589984353,4
country_b20_g0.6_c140,2018/19,UECL,0,,,0.0,,0,0.0,0.0,0
country_b20_g0.6_c140,2019/20,UCL,79,0.4335096826874642,0.6725018234865062,0.4,0.2486780964589008,3,0.2974683544303797,0.021097046413502112,0
country_b20_g0.6_c140,2019/20,UEL,213,0.34547320561074435,0.6301666414942355,0.4444444444444444,0.26105931362824836,25,0.27248826291079814,0.21220657276995303,7
country_b20_g0.6_c140,2019/20,UECL,0,,,0.0,,0,0.0,0.0,0
country_b20_g0.6_c140,2020/21,UCL,79,0.4752861132921345,0.6941266209000763,0.55,0.22800833199807727,1,0.13924050632911392,0.13924050632911392,0
country_b20_g0.6_c140,2020/21,UEL,213,0.4011468397306692,0.6710127523303026,0.5185185185185185,0.24842954440256562,34,0.2408864954432477,0.18751726042529684,7
country_b20_g0.6_c140,2020/21,UECL,0,,,0.0,,0,0.0,0.0,0
country_b20_g0.6_c140,2021/22,UCL,80,0.45402425925277795,0.6700278164116829,0.4,0.24515625000000002,0,0.0,0.0,0
country_b20_g0.6_c140,2021/22,UEL,58,0.39119502599501105,0.6462167689161554,0.4,0.2618906064209275,1,0.10344827586206898,0.10344827586206898,0
country_b20_g0.6_c140,2021/22,UECL,181,0.3517455252730064,0.636350817822899,0.5,0.26113366502854,31,0.26947068258777407,0.20860809124933163,6
country_b20_g0.6_c140,2022/23,UCL,78,0.35213181784738945,0.634164495720134,0.55,0.25904010519395126,2,0.1794871794871795,0.09935897435897437,0
country_b20_g0.6_c140,2022/23,UEL,57,0.34353442602353623,0.6278272789581906,0.4,0.25423207140658666,5,0.22631578947368425,0.14035087719298245,0
country_b20_g0.6_c140,2022/23,UECL,177,0.3313219043905071,0.62695645723611,0.4888888888888889,0.2636534839924671,19,0.2644959857270294,0.21498661909009817,6
country_b20_g0.6_c140,2023/24,UCL,78,0.4259778968877866,0.6680176860722181,0.45,0.23060486522024976,2,0.13461538461538455,0.12179487179487178,0
country_b20_g0.6_c140,2023/24,UEL,57,0.6620952048095495,0.7551867219917012,0.5333333333333333,0.18436441982148355,3,0.3450292397660819,0.11695906432748537,1
country_b20_g0.6_c140,2023/24,UECL,178,0.355236793027591,0.6369571596244131,0.4444444444444444,0.25785885620502463,23,0.2932340009770396,0.2233756717147045,5
country_b20_g0.6_c140,2024/25,UCL,81,0.46018302094720553,0.6710261569416499,0.38095238095238093,0.23167200121932635,6,0.12860082304526751,0.10082304526748971,1
country_b20_g0.6_c140,2024/25,UEL,76,0.42408856144485524,0.6595911949685535,0.5263157894736842,0.25380886426592797,9,0.277046783625731,0.19736842105263158,3
country_b20_g0.6_c140,2024/25,UECL,164,0.3484871161157238,0.6388405292479109,0.43902439024390244,0.2559116597263534,31,0.2789142407553108,0.24173878835562543,7
country_b20_g0.6_c140,2025/26,UCL,82,0.42580893814365334,0.6663934426229509,0.38095238095238093,0.2456870910172516,1,0.2378048780487805,0.2378048780487805,0
country_b20_g0.6_c140,2025/26,UEL,77,0.4305438190572525,0.6649825106879129,0.55,0.2433799966267499,6,0.2662337662337662,0.19480519480519484,1
country_b20_g0.6_c140,2025/26,UECL,164,0.3091502010891768,0.6152266894781865,0.4146341463414634,0.2729402141582391,23,0.27836691410392367,0.21858430540827148,7
country_b20_g0.6_c180,2018/19,UCL,79,0.5328117394467541,0.707977207977208,0.45,0.21823425733055596,1,0.5443037974683544,0.0,0
country_b20_g0.6_c180,2018/19,UEL,213,0.3855484067381192,0.6498026551847865,0.5185185185185185,0.25814983799510677,30,0.2600156494522692,0.20712050078247263,4
country_b20_g0.6_c180,2018/19,UECL,0,,,0.0,,0,0.0,0.0,0
country_b20_g0.6_c180,2019/20,UCL,79,0.42789040939073936,0.6703136396790663,0.4,0.2506008652459541,3,0.2974683544303797,0.021097046413502112,0
country_b20_g0.6_c180,2019/20,UEL,213,0.3321457092059094,0.626239742234305,0.4074074074074074,0.264233287046221,25,0.2811267605633803,0.23380281690140844,10
country_b20_g0.6_c180,2019/20,UECL,0,,,0.0,,0,0.0,0.0,0
country_b20_g0.6_c180,2020/21,UCL,79,0.46708488359272254,0.6906941266209001,0.55,0.23105271591091164,1,0.13924050632911392,0.13924050632911392,0
country_b20_g0.6_c180,2020/21,UEL,213,0.3774922190269395,0.6599187968204953,0.5185185185185185,0.2535652097247019,34,0.25938967136150237,0.21616956641811652,9
country_b20_g0.6_c180,2020/21,UECL,0,,,0.0,,0,0.0,0.0,0
country_b20_g0.6_c180,2021/22,UCL,80,0.44945164205788846,0.6675938803894298,0.4,0.24640625000000002,0,0.0,0.0,0
country_b20_g0.6_c180,2021/22,UEL,58,0.42632465103854716,0.6598500340831629,0.4,0.25445897740784784,1,0.17241379310344826,0.17241379310344826,0
country_b20_g0.6_c180,2021/22,UECL,181,0.3403342155085425,0.6324027072758037,0.45652173913043476,0.262995635053875,31,0.2919265728034218,0.24567813224024235,9
country_b20_g0.6_c180,2022/23,UCL,78,0.3404311342348016,0.6304428730926684,0.55,0.25986193293885596,2,0.141025641025641,0.10576923076923075,0
country_b20_g0.6_c180,2022/23,UEL,57,0.35972840771025677,0.6374228923920493,0.4,0.25238534933825796,5,0.2649122807017544,0.20175438596491224,1
country_b20_g0.6_c180,2022/23,UECL,177,0.314606861615732,0.6192418960017803,0.4666666666666667,0.2665262217115133,19,0.27074041034790364,0.23981564079690748,6
country_b20_g0.6_c180,2023/24,UCL,78,0.41506094590620085,0.664701547531319,0.45,0.2297830374753451,2,0.17948717948717954,0.17948717948717954,0
country_b20_g0.6_c180,2023/24,UEL,57,0.6669067529164807,0.7614107883817427,0.5333333333333333,0.18251769775315482,3,0.3216374269005848,0.15204678362573099,1
country_b20_g0.6_c180,2023/24,UECL,178,0.3582387667583694,0.6390845070422535,0.4666666666666667,0.25552329251357153,23,0.3135075720566683,0.2617244748412311,6
country_b20_g0.6_c180,2024/25,UCL,81,0.44700732625160755,0.6639839034205232,0.38095238095238093,0.23731138545953356,6,0.198559670781893,0.1810699588477366,1
country_b20_g0.6_c180,2024/25,UEL,76,0.42602402886571455,0.6591981132075472,0.5263157894736842,0.251904432132964,9,0.2799707602339181,0.2222222222222222,4
country_b20_g0.6_c180,2024/25,UECL,164,0.3388099530266912,0.6327472144846796,0.43902439024390244,0.2606335514574658,31,0.30468135326514556,0.28166797797010223,11
country_b20_g0.6_c180,2025/26,UCL,82,0.42320141920582444,0.6654098360655738,0.38095238095238093,0.2456870910172516,1,0.27439024390243905,0.27439024390243905,0
country_b20_g0.6_c180,2025/26,UEL,77,0.429024299680994,0.6677030703458997,0.6,0.23966942148760334,6,0.2683982683982684,0.23593073593073596,3
country_b20_g0.6_c180,2025/26,UECL,164,0.29545080539782226,0.6104362703165098,0.4146341463414634,0.2761748958953004,23,0.2924178154825027,0.25623011664899265,8
country_b20_g0.6_c220,2018/19,UCL,79,0.5191307256828036,0.7022792022792023,0.45,0.22191956417240827,1,0.5443037974683544,0.0,0
country_b20_g0.6_c220,2018/19,UEL,213,0.3800528782637655,0.6478035778358706,0.5370370370370371,0.2590094557958077,30,0.2748826291079813,0.22754303599374023,6
country_b20_g0.6_c220,2018/19,UECL,0,,,0.0,,0,0.0,0.0,0
country_b20_g0.6_c220,2019/20,UCL,79,0.41788415957288716,0.6648431801604668,0.4,0.25252363403300754,3,0.29324894514767935,0.025316455696202538,0
country_b20_g0.6_c220,2019/20,UEL,213,0.31522810982847527,0.6199969793082616,0.4074074074074074,0.2680905464083405,25,0.2863849765258216,0.2506103286384977,11
country_b20_g0.6_c220,2019/20,UECL,0,,,0.0,,0,0.0,0.0,0
country_b20_g0.6_c220,2020/21,UCL,79,0.46143100554237027,0.6884057971014492,0.55,0.23457779202050952,1,0.1518987341772152,0.1518987341772152,0
country_b20_g0.6_c220,2020/21,UEL,213,0.3435263948064585,0.6444787556470521,0.5185185185185185,0.2622054706958496,34,0.2864540182270091,0.24917149958574977,11
country_b20_g0.6_c220,2020/21,UECL,0,,,0.0,,0,0.0,0.0,0
country_b20_g0.6_c220,2021/22,UCL,80,0.44467816054177634,0.6655076495132128,0.4,0.24750000000000005,0,0.0,0.0,0
country_b20_g0.6_c220,2021/22,UEL,58,0.422365944400988,0.6571233810497614,0.4,0.254756242568371,1,0.2586206896551724,0.2586206896551724,0
country_b20_g0.6_c220,2021/22,UECL,181,0.32692602904436807,0.626269035532995,0.5,0.26501022557308995,31,0.3076100516841918,0.2729459989306719,13
country_b20_g0.6_c220,2022/23,UCL,78,0.33502787095082276,0.6282098995161891,0.55,0.2611768573307035,2,0.14102564102564102,0.125,0
country_b20_g0.6_c220,2022/23,UEL,57,0.36867427662590485,0.636737491432488,0.4,0.2533087103724223,5,0.3245614035087719,0.2719298245614035,2
country_b20_g0.6_c220,2022/23,UECL,177,0.2914138345595946,0.6098954083524961,0.4444444444444444,0.27227169714960575,19,0.2859054415700268,0.2624145108534047,6
country_b20_g0.6_c220,2023/24,UCL,78,0.4037103777127297,0.6588061901252763,0.45,0.23175542406311636,2,0.27564102564102566,0.27564102564102566,1
country_b20_g0.6_c220,2023/24,UEL,57,0.6732894187726138,0.7655601659751037,0.5333333333333333,0.17820867959372114,3,0.26315789473684215,0.16959064327485382,1
country_b20_g0.6_c220,2023/24,UECL,178,0.3533012532119491,0.6372505868544601,0.4,0.2563123343012246,23,0.32767464582315586,0.29140205178309725,7
country_b20_g0.6_c220,2024/25,UCL,81,0.43387710418653774,0.6602951039570758,0.38095238095238093,0.24127419600670627,6,0.25205761316872427,0.25205761316872427,2
country_b20_g0.6_c220,2024/25,UEL,76,0.4156139790949499,0.6556603773584906,0.5263157894736842,0.25034626038781166,9,0.27266081871345027,0.24269005847953215,4
country_b20_g0.6_c220,2024/25,UECL,164,0.3166235562561226,0.6244777158774373,0.4146341463414634,0.2685529446757882,31,0.32651455546813535,0.3117623918174665,12
country_b20_g0.6_c220,2025/26,UCL,82,0.42045147276298805,0.6634426229508197,0.38095238095238093,0.24717430101130278,1,0.27439024390243905,0.27439024390243905,0
country_b20_g0.6_c220,2025/26,UEL,77,0.4198538669541004,0.661095996890789,0.6,0.24354865913307472,6,0.3203463203463203,0.3203463203463203,4
country_b20_g0.6_c220,2025/26,UECL,164,0.2751172497541952,0.6035928143712574,0.43902439024390244,0.2831276026174896,23,0.31177094379639453,0.28579003181336166,10
country_b20_g0.6_c260,2018/19,UCL,79,0.5013429559950866,0.6940883190883191,0.45,0.22704694760455052,1,0.5443037974683544,0.0,0
country_b20_g0.6_c260,2018/19,UEL,213,0.37543829793837935,0.6467271515710697,0.5370370370370371,0.2593400780268465,30,0.2892801251956182,0.2466353677621283,10
country_b20_g0.6_c260,2018/19,UECL,0,,,0.0,,0,0.0,0.0,0
country_b20_g0.6_c260,2019/20,UCL,79,0.39755126277552755,0.6586433260393874,0.4,0.257010094536132,3,0.29324894514767935,0.03375527426160337,0
country_b20_g0.6_c260,2019/20,UEL,213,0.29812727149491475,0.6134521472083774,0.3888888888888889,0.27163922502149046,25,0.2946478873239437,0.2675117370892019,11
country_b20_g0.6_c260,2019/20,UECL,0,,,0.0,,0,0.0,0.0,0
country_b20_g0.6_c260,2020/21,UCL,79,0.45546647485188885,0.6872616323417239,0.55,0.23730171446883502,1,0.18987341772151897,0.18987341772151897,0
country_b20_g0.6_c260,2020/21,UEL,213,0.31736976243993154,0.6332132441242065,0.48148148148148145,0.268134629372479,34,0.3064761115713891,0.27526926263463136,12
country_b20_g0.6_c260,2020/21,UECL,0,,,0.0,,0,0.0,0.0,0
country_b20_g0.6_c260,2021/22,UCL,80,0.43956202812475526,0.6641168289290682,0.4,0.24875000000000003,0,0.0,0.0,0
country_b20_g0.6_c260,2021/22,UEL,58,0.4396034622794933,0.6639400136332652,0.5333333333333333,0.25059453032104634,1,0.3275862068965517,0.3275862068965517,0
country_b20_g0.6_c260,2021/22,UECL,181,0.31213602030544557,0.6198533558939651,0.45652173913043476,0.2677573944629285,31,0.3195508821956871,0.2916592407770451,14
country_b20_g0.6_c260,2022/23,UCL,78,0.3240808339901374,0.6229996278377372,0.55,0.26380670611439844,2,0.16666666666666666,0.16666666666666666,0
country_b20_g0.6_c260,2022/23,UEL,57,0.3636463065054311,0.6360520904729267,0.4,0.2545398584179748,5,0.35964912280701755,0.32456140350877194,2
country_b20_g0.6_c260,2022/23,UECL,177,0.2675251703025114,0.6021066686447593,0.4444444444444444,0.27651696511219637,19,0.2995837050252751,0.28203984537615223,7
country_b20_g0.6_c260,2023/24,UCL,78,0.3906508475665337,0.652542372881356,0.45,0.232577251808021,2,0.33974358974358976,0.33974358974358976,1
country_b20_g0.6_c260,2023/24,UEL,57,0.6565308294477923,0.7579529737206085,0.6,0.18005540166204986,3,0.23976608187134504,0.21929824561403508,1
country_b20_g0.6_c260,2023/24,UECL,178,0.33953250228942433,0.6316021126760564,0.4,0.25908976139376344,23,0.3440400586223742,0.3182706399609184,9
country_b20_g0.6_c260,2024/25,UCL,81,0.4198942702990609,0.6545942320590208,0.38095238095238093,0.2438652644413961,6,0.324074074074074,0.324074074074074,3
country_b20_g0.6_c260,2024/25,UEL,76,0.39816712277263255,0.6505503144654088,0.631578947368421,0.24688365650969524,9,0.2872807017543859,0.2850877192982456,4
country_b20_g0.6_c260,2024/25,UECL,164,0.29972516629499396,0.617775069637883,0.43902439024390244,0.27182480666270076,31,0.3420535011801731,0.3323170731707317,13
country_b20_g0.6_c260,2025/26,UCL,82,0.418665650969433,0.6604918032786885,0.38095238095238093,0.24836406900654373,1,0.27439024390243905,0.27439024390243905,0
country_b20_g0.6_c260,2025/26,UEL,77,0.4025126853004833,0.6537116206762534,0.55,0.24894585933546973,6,0.4134199134199134,0.4134199134199134,4
country_b20_g0.6_c260,2025/26,UECL,164,0.26161479923061626,0.5987168520102651,0.4634146341463415,0.2846891731112433,23,0.32608695652173914,0.30699893955461294,11
country_b20_g0.6_c300,2018/19,UCL,79,0.48407006316945395,0.6876780626780626,0.45,0.23249479250120172,1,0.5443037974683544,0.0,0
country_b20_g0.6_c300,2018/19,UEL,213,0.3617552449293075,0.6410887282792558,0.5185185185185185,0.2622054706958496,30,0.3027386541471048,0.26384976525821596,12
country_b20_g0.6_c300,2018/19,UECL,0,,,0.0,,0,0.0,0.0,0
country_b20_g0.6_c300,2019/20,UCL,79,0.38963991747619126,0.6553610503282276,0.4,0.25989424771671205,3,0.29324894514767924,0.04641350210970465,0
country_b20_g0.6_c300,2019/20,UEL,213,0.2816978909800365,0.607461108593868,0.4074074074074074,0.2752319865987789,25,0.3123004694835681,0.28929577464788736,11
country_b20_g0.6_c300,2019/20,UECL,0,,,0.0,,0,0.0,0.0,0
country_b20_g0.6_c300,2020/21,UCL,79,0.44620902617603747,0.683066361556064,0.55,0.2397051754526518,1,0.18987341772151897,0.18987341772151897,0
country_b20_g0.6_c300,2020/21,UEL,213,0.2901359556787484,0.6221192886143992,0.42592592592592593,0.2740637880491084,34,0.32249378624689307,0.2983982325324495,13
country_b20_g0.6_c300,2020/21,UECL,0,,,0.0,,0,0.0,0.0,0
country_b20_g0.6_c300,2021/22,UCL,80,0.43500122647817296,0.6620305980528511,0.4,0.24906250000000002,0,0.0,0.0,0
country_b20_g0.6_c300,2021/22,UEL,58,0.44540125310300505,0.6639400136332652,0.5333333333333333,0.24999999999999997,1,0.39655172413793105,0.39655172413793105,1
country_b20_g0.6_c300,2021/22,UECL,181,0.294595693196234,0.6130146644106035,0.43478260869565216,0.27084032843930284,31,0.3314917127071823,0.30965959721974695,14
country_b20_g0.6_c300,2022/23,UCL,78,0.3093527900978735,0.6170450316337923,0.55,0.2679158448389218,2,0.21794871794871795,0.21794871794871795,0
country_b20_g0.6_c300,2022/23,UEL,57,0.35476573590303595,0.6353666895133653,0.5333333333333333,0.25300092336103414,5,0.4192982456140351,0.4052631578947368,4
country_b20_g0.6_c300,2022/23,UECL,177,0.24288271620781032,0.5929827164156962,0.4222222222222222,0.2803792013789141,19,0.307909604519774,0.2949747249479631,7
country_b20_g0.6_c300,2023/24,UCL,78,0.37728523468253616,0.6481208548268239,0.45,0.2337278106508876,2,0.4230769230769232,0.4230769230769232,1
country_b20_g0.6_c300,2023/24,UEL,57,0.6471695861921303,0.7538035961272476,0.6,0.18251769775315482,3,0.27485380116959063,0.27485380116959063,1
country_b20_g0.6_c300,2023/24,UECL,178,0.33266807528865744,0.6288145539906104,0.4,0.26120439338467366,23,0.35283341475329755,0.33561309233023934,10
country_b20_g0.6_c300,2024/25,UCL,81,0.3950775821881975,0.6435278336686787,0.38095238095238093,0.2490474013107758,6,0.4063786008230453,0.4063786008230453,4
country_b20_g0.6_c300,2024/25,UEL,76,0.3730475206033373,0.6426886792452831,0.5789473684210527,0.25069252077562326,9,0.3472222222222222,0.3472222222222222,4
country_b20_g0.6_c300,2024/25,UECL,164,0.2837519009561235,0.6110724233983287,0.4146341463414634,0.27472486615110053,31,0.3526750590086546,0.3460857592446892,13
country_b20_g0.6_c300,2025/26,UCL,82,0.4139874552280341,0.6572131147540984,0.38095238095238093,0.2498512790005949,1,0.2987804878048781,0.2987804878048781,0
country_b20_g0.6_c300,2025/26,UEL,77,0.3680036005186119,0.6408861251457443,0.55,0.2577163096643616,6,0.5021645021645021,0.5021645021645021,4
country_b20_g0.6_c300,2025/26,UECL,164,0.24269566797374112,0.5921300256629598,0.4146341463414634,0.2889277215942891,23,0.3465005302226936,0.3307264050901379,11
country_b20_g0.6_c360,2018/19,UCL,79,0.4753661924056503,0.6834045584045584,0.45,0.23601986861079952,1,0.5443037974683544,0.0,0
country_b20_g0.6_c360,2018/19,UEL,213,0.34088093278145287,0.632323542980163,0.5,0.26582027375520734,30,0.3197965571205008,0.28685446009389676,15
country_b20_g0.6_c360,2018/19,UECL,0,,,0.0,,0,0.0,0.0,0
country_b20_g0.6_c360,2019/20,UCL,79,0.3775017942365553,0.6473377097009482,0.4,0.26309886236180097,3,0.27215189873417717,0.04641350210970465,0
country_b20_g0.6_c360,2019/20,UEL,213,0.25462308015102225,0.5973417912702009,0.4074074074074074,0.28142564306023937,25,0.3342723004694836,0.31408450704225355,11
country_b20_g0.6_c360,2019/20,UECL,0,,,0.0,,0,0.0,0.0,0
country_b20_g0.6_c360,2020/21,UCL,79,0.43982200789498027,0.6811594202898551,0.55,0.2387437910591252,1,0.21518987341772153,0.21518987341772153,0
country_b20_g0.6_c360,2020/21,UEL,213,0.25445632764593107,0.6055927260250472,0.3888888888888889,0.28157993343472415,34,0.34569179784589893,0.3271195802264568,14
country_b20_g0.6_c360,2020/21,UECL,0,,,0.0,,0,0.0,0.0,0
country_b20_g0.6_c360,2021/22,UCL,80,0.42016089780431953,0.6557719054242003,0.4,0.25234375,0,0.0,0.0,0
country_b20_g0.6_c360,2021/22,UEL,58,0.43573826839715213,0.6584867075664622,0.5333333333333333,0.25475624256837104,1,0.5,0.5,1
country_b20_g0.6_c360,2021/22,UECL,181,0.26230431079501415,0.5999012972363226,0.43478260869565216,0.2782576844418668,31,0.345036535376938,0.3292639458207092,19
country_b20_g0.6_c360,2022/23,UCL,78,0.29536561918544585,0.6125790844808336,0.5,0.2720249835634451,2,0.27564102564102566,0.27564102564102566,0
country_b20_g0.6_c360,2022/23,UEL,57,0.3276669359030801,0.6264564770390678,0.5333333333333333,0.2566943674976916,5,0.4964912280701754,0.49298245614035086,4
country_b20_g0.6_c360,2022/23,UECL,177,0.22107328301664542,0.58393294266004,0.4,0.28398608318171664,19,0.31950639310139756,0.3104371097234612,9
country_b20_g0.6_c360,2023/24,UCL,78,0.3576321722262002,0.6422254974207812,0.45,0.23767258382643,2,0.5384615384615385,0.5384615384615385,2
country_b20_g0.6_c360,2023/24,UEL,57,0.6134887494436121,0.7406639004149378,0.6666666666666666,0.19082794706063405,3,0.3508771929824561,0.3508771929824561,1
country_b20_g0.6_c360,2023/24,UECL,178,0.3098610543189402,0.6200117370892019,0.35555555555555557,0.26638050751167774,23,0.3691988275525159,0.3574743527112848,12
country_b20_g0.6_c360,2024/25,UCL,81,0.35308360789523857,0.6294433266264252,0.42857142857142855,0.2540771223898796,6,0.4989711934156378,0.4989711934156378,4
country_b20_g0.6_c360,2024/25,UEL,76,0.3140019394998369,0.6269654088050315,0.5263157894736842,0.25779085872576174,9,0.4349415204678363,0.4349415204678363,4
country_b20_g0.6_c360,2024/25,UECL,164,0.2601508517362723,0.6020194986072424,0.3902439024390244,0.2789262343842951,31,0.36624704956726994,0.3636900078678207,13
country_b20_g0.6_c360,2025/26,UCL,82,0.4086519017712161,0.6552459016393443,0.42857142857142855,0.25044616299821537,1,0.31097560975609756,0.31097560975609756,0
country_b20_g0.6_c360,2025/26,UEL,77,0.334014351312829,0.6276719782355228,0.55,0.2642941474110305,6,0.5454545454545454,0.5454545454545454,4
country_b20_g0.6_c360,2025/26,UECL,164,0.22051936663442367,0.5831479897348161,0.4146341463414634,0.2922367638310529,23,0.3666489925768822,0.35246553552492044,11
country_b20_g0.8_c100,2018/19,UCL,79,0.5535171446862811,0.7172364672364673,0.45,0.21182502804037814,1,0.5443037974683544,0.0,0
country_b20_g0.8_c100,2018/19,UEL,213,0.4024187528355159,0.656876313496335,0.5370370370370371,0.2477903414225573,30,0.22856025039123626,0.1538341158059468,4
country_b20_g0.8_c100,2018/19,UECL,0,,,0.0,,0,0.0,0.0,0
country_b20_g0.8_c100,2019/20,UCL,79,0.44262867882688617,0.674325309992706,0.4,0.24547348181381193,3,0.3227848101265823,0.004219409282700426,0
country_b20_g0.8_c100,2019/20,UEL,213,0.37456176236513367,0.6410411317525047,0.42592592592592593,0.2546011593819568,25,0.25370892018779345,0.16450704225352117,5
country_b20_g0.8_c100,2019/20,UECL,0,,,0.0,,0,0.0,0.0,0
country_b20_g0.8_c100,2020/21,UCL,79,0.477522812301065,0.6948893974065599,0.55,0.22512417881749722,1,0.08860759493670886,0.08860759493670886,0
country_b20_g0.8_c100,2020/21,UEL,213,0.43941039628144635,0.6869674615428604,0.5,0.23945866120037912,34,0.22293565313449323,0.13249102457884562,6
country_b20_g0.8_c100,2020/21,UECL,0,,,0.0,,0,0.0,0.0,0
country_b20_g0.8_c100,2021/22,UCL,80,0.4512003432073552,0.6679415855354659,0.4,0.24484374999999997,0,0.0,0.0,0
country_b20_g0.8_c100,2021/22,UEL,58,0.387236319357452,0.6489434219495569,0.4,0.2598097502972652,1,0.0,0.0,0
country_b20_g0.8_c100,2021/22,UECL,181,0.358318406894435,0.6401579244218838,0.4782608695652174,0.2565550502121425,31,0.2373908394225628,0.1350917839957227,4
country_b20_g0.8_c100,2022/23,UCL,78,0.36383250145997725,0.637513956084853,0.55,0.2531229454306377,2,0.15384615384615385,0.0608974358974359,0
country_b20_g0.8_c100,2022/23,UEL,57,0.35104373204762035,0.6264564770390678,0.4,0.25700215450907976,5,0.2017543859649123,0.10175438596491229,0
country_b20_g0.8_c100,2022/23,UECL,177,0.3460158687360362,0.6339292337363697,0.4444444444444444,0.2583548788662262,19,0.25557537912578054,0.15908415105560514,5
country_b20_g0.8_c100,2023/24,UCL,78,0.42823525707907245,0.6683861459100958,0.45,0.23257725180802097,2,0.1282051282051282,0.08333333333333334,0
country_b20_g0.8_c100,2023/24,UEL,57,0.6648446608706531,0.7531120331950207,0.5333333333333333,0.18313327177593106,3,0.3625730994152047,0.08771929824561403,0
country_b20_g0.8_c100,2023/24,UECL,178,0.3398225636879802,0.6300616197183099,0.4444444444444444,0.2608572149981063,23,0.2741817293600391,0.14814362481680507,5
country_b20_g0.8_c100,2024/25,UCL,81,0.4724833675051323,0.675720992622401,0.42857142857142855,0.2290809327846365,6,0.11625514403292181,0.0699588477366255,0
country_b20_g0.8_c100,2024/25,UEL,76,0.45360443961295954,0.675314465408805,0.5263157894736842,0.2454986149584487,9,0.2916666666666667,0.15058479532163743,2
country_b20_g0.8_c100,2024/25,UECL,164,0.3642681657259038,0.645717270194986,0.5121951219512195,0.25022308149910766,31,0.25609756097560976,0.16453579858379228,7
country_b20_g0.8_c100,2025/26,UCL,82,0.43691828353423534,0.670655737704918,0.38095238095238093,0.24301011302795952,1,0.10365853658536583,0.10365853658536583,0
country_b20_g0.8_c100,2025/26,UEL,77,0.4192673857913339,0.6618732996502138,0.55,0.24304267161410015,6,0.22510822510822512,0.11904761904761903,0
country_b20_g0.8_c100,2025/26,UECL,164,0.3235974375225043,0.6234388366124893,0.3902439024390244,0.2675118976799524,23,0.2571580063626723,0.14779957582184516,4
country_b20_g0.8_c140,2018/19,UCL,79,0.5464069404003571,0.7140313390313391,0.45,0.21342733536292263,1,0.5443037974683544,0.0,0
country_b20_g0.8_c140,2018/19,UEL,213,0.3977802268522896,0.6547234609667333,0.5555555555555556,0.2510304392867376,30,0.2381064162754303,0.1692488262910798,4
country_b20_g0.8_c140,2018/19,UECL,0,,,0.0,,0,0.0,0.0,0
country_b20_g0.8_c140,2019/20,UCL,79,0.4384142238543425,0.6732312180889861,0.4,0.24931901938791853,3,0.310126582278481,0.016877637130801686,0
country_b20_g0.8_c140,2019/20,UEL,213,0.3645451177840066,0.6370135427679605,0.42592592592592593,0.25726817871233665,25,0.2615962441314554,0.18723004694835685,6
country_b20_g0.8_c140,2019/20,UECL,0,,,0.0,,0,0.0,0.0,0
country_b20_g0.8_c140,2020/21,UCL,79,0.474441138110983,0.6941266209000763,0.55,0.22848902419484063,1,0.07594936708860761,0.07594936708860761,0
country_b20_g0.8_c140,2020/21,UEL,213,0.41939559300828266,0.6782752902155887,0.5370370370370371,0.2452996539487315,34,0.23812482739574706,0.16425020712510355,7
country_b20_g0.8_c140,2020/21,UECL,0,,,0.0,,0,0.0,0.0,0
country_b20_g0.8_c140,2021/22,UCL,80,0.45565480491917265,0.6703755215577191,0.4,0.24468750000000003,0,0.0,0.0,0
country_b20_g0.8_c140,2021/22,UEL,58,0.3988942428412874,0.6496250852079073,0.4,0.25832342449464923,1,0.03448275862068967,0.03448275862068967,0
country_b20_g0.8_c140,2021/22,UECL,181,0.3560550066105744,0.6389593908629442,0.5,0.25844754433625344,31,0.25218321154874357,0.16752806986276958,4
country_b20_g0.8_c140,2022/23,UCL,78,0.3599237578077372,0.6363974692966133,0.55,0.25509533201840884,2,0.16666666666666666,0.08012820512820512,0
country_b20_g0.8_c140,2022/23,UEL,57,0.3612302689150736,0.634681288553804,0.4,0.25207756232686984,5,0.21228070175438596,0.12456140350877191,0
country_b20_g0.8_c140,2022/23,UECL,177,0.34684756116240345,0.6340775906831837,0.4666666666666667,0.26020619872961154,19,0.27074041034790364,0.19149568837347605,6
country_b20_g0.8_c140,2023/24,UCL,78,0.43531342039073145,0.6713338246131172,0.45,0.23093359631821167,2,0.14743589743589744,0.12820512820512822,0
country_b20_g0.8_c140,2023/24,UEL,57,0.6674304588328812,0.7572614107883817,0.5333333333333333,0.18190212373037862,3,0.3274853801169591,0.11111111111111112,0
country_b20_g0.8_c140,2023/24,UECL,178,0.35339614318619783,0.6354900234741784,0.4444444444444444,0.25965787148087366,23,0.2951880801172448,0.18966780654616508,5
country_b20_g0.8_c140,2024/25,UCL,81,0.4635479956063057,0.6730382293762576,0.38095238095238093,0.23258649596098155,6,0.13683127572016465,0.10082304526748971,1
country_b20_g0.8_c140,2024/25,UEL,76,0.44337411181698894,0.6690251572327044,0.5263157894736842,0.2496537396121884,9,0.2799707602339181,0.18274853801169588,3
country_b20_g0.8_c140,2024/25,UECL,164,0.3621662383330302,0.6434540389972145,0.4634146341463415,0.25368084473527663,31,0.2738001573564122,0.20584185680566483,7
country_b20_g0.8_c140,2025/26,UCL,82,0.431122579676624,0.6693442622950819,0.38095238095238093,0.24464604402141585,1,0.12804878048780488,0.12804878048780488,0
country_b20_g0.8_c140,2025/26,UEL,77,0.4329697184123319,0.6673144189661874,0.55,0.24203069657615112,6,0.23593073593073596,0.17316017316017315,1
country_b20_g0.8_c140,2025/26,UECL,164,0.33028668703219655,0.6247219846022242,0.4146341463414634,0.2662105889351577,23,0.25874867444326616,0.1825291622481442,5
country_b20_g0.8_c180,2018/19,UCL,79,0.5386347515774677,0.7111823361823362,0.45,0.21567056561448483,1,0.5443037974683544,0.0,0
country_b20_g0.8_c180,2018/19,UEL,213,0.3991930206648685,0.6557998872315342,0.5370370370370371,0.25263946747779326,30,0.2520344287949922,0.1875586854460094,4
country_b20_g0.8_c180,2018/19,UECL,0,,,0.0,,0,0.0,0.0,0
country_b20_g0.8_c180,2019/20,UCL,79,0.4334234219131724,0.6717724288840262,0.4,0.25060086524595415,3,0.30168776371308015,0.021097046413502112,0
country_b20_g0.8_c180,2019/20,UEL,213,0.3555005182132897,0.6347983688264612,0.4444444444444444,0.2595164098834006,25,0.2696713615023474,0.20788732394366197,7
country_b20_g0.8_c180,2019/20,UECL,0,,,0.0,,0,0.0,0.0,0
country_b20_g0.8_c180,2020/21,UCL,79,0.4719310647787387,0.6937452326468345,0.55,0.2297708700528761,1,0.08860759493670886,0.08860759493670886,0
country_b20_g0.8_c180,2020/21,UEL,213,0.40155255391883615,0.6706124549665465,0.5370370370370371,0.24906874738257404,34,0.2517950842308755,0.19172880419773547,8
country_b20_g0.8_c180,2020/21,UECL,0,,,0.0,,0,0.0,0.0,0
country_b20_g0.8_c180,2021/22,UCL,80,0.4490144667705217,0.6675938803894298,0.4,0.24609375,0,0.0,0.0,0
country_b20_g0.8_c180,2021/22,UEL,58,0.4242673704237526,0.6578050443081118,0.4,0.25445897740784784,1,0.10344827586206898,0.10344827586206898,0
country_b20_g0.8_c180,2021/22,UECL,181,0.35384901140637687,0.6377608573040046,0.45652173913043476,0.2595464118921889,31,0.2673320263767599,0.2007663518089467,6
country_b20_g0.8_c180,2022/23,UCL,78,0.3484274529482077,0.6330480089318943,0.55,0.2600262984878369,2,0.14102564102564102,0.09294871794871795,0
country_b20_g0.8_c180,2022/23,UEL,57,0.35682263277050247,0.636737491432488,0.4,0.255155432440751,5,0.2614035087719298,0.18421052631578944,1
country_b20_g0.8_c180,2022/23,UECL,177,0.33913191321752895,0.630813737853275,0.5111111111111111,0.26247246959685916,19,0.2722271781147785,0.21349985132322333,6
country_b20_g0.8_c180,2023/24,UCL,78,0.4257738417292523,0.6665438467207074,0.45,0.23224852071005914,2,0.17948717948717954,0.17948717948717954,0
country_b20_g0.8_c180,2023/24,UEL,57,0.6747296100427156,0.7655601659751037,0.5333333333333333,0.1806709756848261,3,0.3099415204678363,0.14619883040935674,1
country_b20_g0.8_c180,2023/24,UECL,178,0.35732437246106336,0.6371038732394366,0.4444444444444444,0.2603522282540083,23,0.31253053248656565,0.22679531021006352,5
country_b20_g0.8_c180,2024/25,UCL,81,0.4576706581105126,0.6693494299128102,0.38095238095238093,0.23609205913732664,6,0.20679012345679015,0.17798353909465023,1
country_b20_g0.8_c180,2024/25,UEL,76,0.4441344740180408,0.6682389937106918,0.5263157894736842,0.24792243767313013,9,0.26827485380116955,0.2046783625730994,4
country_b20_g0.8_c180,2024/25,UECL,164,0.3593258706587128,0.64258356545961,0.43902439024390244,0.25553985722784056,31,0.28835562549173877,0.238985051140834,7
country_b20_g0.8_c180,2025/26,UCL,82,0.42460378233205176,0.6667213114754098,0.38095238095238093,0.2452409280190363,1,0.18902439024390244,0.18902439024390244,0
country_b20_g0.8_c180,2025/26,UEL,77,0.4337561363351323,0.6688690244850369,0.6,0.23933209647495365,6,0.25974025974025977,0.22943722943722947,2
country_b20_g0.8_c180,2025/26,UECL,164,0.3148864012555075,0.6192472198460223,0.4146341463414634,0.27134146341463417,23,0.27439024390243905,0.21328207847295863,5
country_b20_g0.8_c220,2018/19,UCL,79,0.5304334987028415,0.707977207977208,0.45,0.21855471879506486,1,0.5443037974683544,0.0,0
country_b20_g0.8_c220,2018/19,UEL,213,0.39452865857713015,0.6536982930954944,0.5185185185185185,0.25499790605920347,30,0.26314553990610334,0.20367762128325506,5
country_b20_g0.8_c220,2018/19,UECL,0,,,0.0,,0,0.0,0.0,0
country_b20_g0.8_c220,2019/20,UCL,79,0.4276069811323519,0.6688548504741065,0.4,0.25124178817497195,3,0.30168776371308015,0.021097046413502112,0
country_b20_g0.8_c220,2019/20,UEL,213,0.34226275869450296,0.6305190555303831,0.42592592592592593,0.2623156781061958,25,0.2783098591549296,0.2259154929577465,10
country_b20_g0.8_c220,2019/20,UECL,0,,,0.0,,0,0.0,0.0,0
country_b20_g0.8_c220,2020/21,UCL,79,0.4632700691719354,0.6891685736079328,0.55,0.23297548469796509,1,0.10126582278481014,0.10126582278481014,0
country_b20_g0.8_c220,2020/21,UEL,213,0.3844951426214203,0.6630639903928632,0.5185185185185185,0.2537635830633252,34,0.2667080916873792,0.21692902513117923,10
country_b20_g0.8_c220,2020/21,UECL,0,,,0.0,,0,0.0,0.0,0
country_b20_g0.8_c220,2021/22,UCL,80,0.44363839229074203,0.6658553546592489,0.4,0.24828125,0,0.0,0.0,0
country_b20_g0.8_c220,2021/22,UEL,58,0.4351771918658446,0.6632583503749148,0.4,0.2520808561236623,1,0.18965517241379312,0.18965517241379312,0
country_b20_g0.8_c220,2021/22,UECL,181,0.34180419558420194,0.6336717428087987,0.4782608695652174,0.2622630566832514,31,0.2846194974157904,0.23070753876314384,9
country_b20_g0.8_c220,2022/23,UCL,78,0.3380552312304988,0.6296985485671753,0.55,0.26051939513477973,2,0.1217948717948718,0.09294871794871795,0
country_b20_g0.8_c220,2022/23,UEL,57,0.38046062216805426,0.6435915010281015,0.4,0.24961526623576488,5,0.2964912280701754,0.2333333333333333,2
country_b20_g0.8_c220,2022/23,UECL,177,0.32811582883662155,0.6251761738743417,0.4666666666666667,0.2643557087682339,19,0.27490336009515315,0.23074635741897118,6
country_b20_g0.8_c220,2023/24,UCL,78,0.4120383788704114,0.6617538688282977,0.45,0.2332347140039447,2,0.2564102564102564,0.2564102564102564,1
country_b20_g0.8_c220,2023/24,UEL,57,0.6876913314736323,0.7731673582295989,0.6,0.1757463835026162,3,0.2456140350877193,0.15789473684210528,1
country_b20_g0.8_c220,2023/24,UECL,178,0.35922648512668587,0.6388644366197183,0.4444444444444444,0.257953541219543,23,0.3215681485100147,0.25293111871030777,5
country_b20_g0.8_c220,2024/25,UCL,81,0.4428352124006286,0.6649899396378269,0.38095238095238093,0.2402072854747752,6,0.26440329218106995,0.24588477366255143,2
country_b20_g0.8_c220,2024/25,UEL,76,0.4424202028738512,0.6662735849056604,0.5263157894736842,0.24497922437673125,9,0.2580409356725146,0.2222222222222222,4
country_b20_g0.8_c220,2024/25,UECL,164,0.35819331899110524,0.6415389972144847,0.4146341463414634,0.25769631171921475,31,0.30212431156569636,0.26553894571203773,9
country_b20_g0.8_c220,2025/26,UCL,82,0.42051720853453,0.6640983606557377,0.38095238095238093,0.2462819750148721,1,0.21341463414634146,0.21341463414634146,0
country_b20_g0.8_c220,2025/26,UEL,77,0.4308104014039645,0.6653711620676254,0.6,0.24051273401922754,6,0.2965367965367965,0.2965367965367965,3
country_b20_g0.8_c220,2025/26,UECL,164,0.3058090194316694,0.6161676646706586,0.4634146341463415,0.274390243902439,23,0.29904559915164375,0.25013255567338283,6
country_b20_g0.8_c260,2018/19,UCL,79,0.5188365103330412,0.7033475783475783,0.45,0.22272071783368041,1,0.5443037974683544,0.0,0
country_b20_g0.8_c260,2018/19,UEL,213,0.390584556671273,0.6517504741401404,0.5370370370370371,0.25482157420264934,30,0.27050078247261344,0.21713615023474178,6
country_b20_g0.8_c260,2018/19,UECL,0,,,0.0,,0,0.0,0.0,0
country_b20_g0.8_c260,2019/20,UCL,79,0.4176869920887916,0.6663019693654267,0.4,0.25508732574907866,3,0.30168776371308015,0.021097046413502112,0
country_b20_g0.8_c260,2019/20,UEL,213,0.32760301467372177,0.6251321552635554,0.3888888888888889,0.265533734488307,25,0.28694835680751174,0.24328638497652583,11
country_b20_g0.8_c260,2019/20,UECL,0,,,0.0,,0,0.0,0.0,0
country_b20_g0.8_c260,2020/21,UCL,79,0.4609960918461894,0.6899313501144165,0.55,0.2340970998237462,1,0.11392405063291142,0.11392405063291142,0
country_b20_g0.8_c260,2020/21,UEL,213,0.3580250331556101,0.6508263281294676,0.5185185185185185,0.2600233639709934,34,0.2838304335818835,0.24130074565037282,10
country_b20_g0.8_c260,2020/21,UECL,0,,,0.0,,0,0.0,0.0,0
country_b20_g0.8_c260,2021/22,UCL,80,0.44175972010989595,0.6658553546592489,0.4,0.24937499999999999,0,0.0,0.0,0
country_b20_g0.8_c260,2021/22,UEL,58,0.43801374544078847,0.6639400136332652,0.5333333333333333,0.2505945303210464,1,0.2586206896551724,0.2586206896551724,0
country_b20_g0.8_c260,2021/22,UECL,181,0.33090133081104,0.6283840947546532,0.4782608695652174,0.26452183999267415,31,0.2953127784708608,0.25049010871502403,9
country_b20_g0.8_c260,2022/23,UCL,78,0.331323506051641,0.6282098995161891,0.55,0.26117685733070356,2,0.12179487179487178,0.10576923076923075,0
country_b20_g0.8_c260,2022/23,UEL,57,0.3808524120475717,0.6415352981494175,0.4,0.25146198830409355,5,0.34210526315789475,0.28596491228070176,2
country_b20_g0.8_c260,2022/23,UECL,177,0.3137038499179743,0.6184259327943031,0.4444444444444444,0.26866481534680325,19,0.2814451382694023,0.24858757062146894,6
country_b20_g0.8_c260,2023/24,UCL,78,0.40684772577519474,0.6588061901252763,0.45,0.23126232741617359,2,0.33974358974358976,0.33974358974358976,1
country_b20_g0.8_c260,2023/24,UEL,57,0.6752860475788914,0.7662517289073306,0.6,0.1742074484456756,3,0.23976608187134507,0.20467836257309943,1
country_b20_g0.8_c260,2023/24,UECL,178,0.35928902624607706,0.6387177230046949,0.4,0.2559967175861634,23,0.3274303859306302,0.2713727405959941,6
country_b20_g0.8_c260,2024/25,UCL,81,0.43552548704319155,0.6623071763916835,0.38095238095238093,0.23975003810394752,6,0.301440329218107,0.2962962962962963,3
country_b20_g0.8_c260,2024/25,UEL,76,0.4299779123111843,0.6619496855345912,0.631578947368421,0.24238227146814406,9,0.2711988304093567,0.2543859649122807,4
country_b20_g0.8_c260,2024/25,UECL,164,0.34317974944871793,0.6344011142061281,0.4146341463414634,0.2638310529446758,31,0.32081038552320995,0.2905192761605036,10
country_b20_g0.8_c260,2025/26,UCL,82,0.41735093553859487,0.6604918032786885,0.42857142857142855,0.24762046400951815,1,0.2378048780487805,0.2378048780487805,0
country_b20_g0.8_c260,2025/26,UEL,77,0.41093668745658324,0.6560435289545278,0.55,0.24860853432282004,6,0.3896103896103896,0.3896103896103896,4
country_b20_g0.8_c260,2025/26,UECL,164,0.2963487651837641,0.6124037639007699,0.43902439024390244,0.2787403331350386,23,0.3072640509013786,0.2698833510074231,7
country_b20_g0.8_c300,2018/19,UCL,79,0.5037824916035331,0.6958689458689459,0.45,0.22656625540778724,1,0.5443037974683544,0.0,0
country_b20_g0.8_c300,2018/19,UEL,213,0.3856656144317587,0.6504177559075298,0.5370370370370371,0.25654080980405125,30,0.28270735524256646,0.23223787167449134,7
country_b20_g0.8_c300,2018/19,UECL,0,,,0.0,,0,0.0,0.0,0
country_b20_g0.8_c300,2019/20,UCL,79,0.40372506962127125,0.6611962071480671,0.4,0.2579714789296587,3,0.30168776371308015,0.021097046413502112,0
country_b20_g0.8_c300,2019/20,UEL,213,0.31347980937721476,0.6195438755475003,0.4074074074074074,0.26861954197800264,25,0.2961502347417841,0.256056338028169,11
country_b20_g0.8_c300,2019/20,UECL,0,,,0.0,,0,0.0,0.0,0
country_b20_g0.8_c300,2020/21,UCL,79,0.45719370353100747,0.6876430205949656,0.55,0.23521871494952726,1,0.11392405063291142,0.11392405063291142,0
country_b20_g0.8_c300,2020/21,UEL,213,0.3354469418319292,0.641047635386287,0.48148148148148145,0.2651810707751989,34,0.2999861916597625,0.262151339409003,11
country_b20_g0.8_c300,2020/21,UECL,0,,,0.0,,0,0.0,0.0,0
country_b20_g0.8_c300,2021/22,UCL,80,0.4324136213988944,0.6620305980528511,0.4,0.2515625,0,0.0,0.0,0
country_b20_g0.8_c300,2021/22,UEL,58,0.4511367020897048,0.6659850034083163,0.5333333333333333,0.25118906064209273,1,0.31034482758620696,0.31034482758620696,0
country_b20_g0.8_c300,2021/22,UECL,181,0.32118244580593014,0.6233079526226735,0.45652173913043476,0.2655596593510577,31,0.30582783817501336,0.26759935840313664,11
country_b20_g0.8_c300,2022/23,UCL,78,0.3231228085851766,0.6241161146259769,0.55,0.26397107166337935,2,0.14743589743589744,0.14743589743589744,0
country_b20_g0.8_c300,2022/23,UEL,57,0.3911695455415308,0.6442769019876627,0.4666666666666667,0.24684518313327175,5,0.37368421052631573,0.3385964912280701,3
country_b20_g0.8_c300,2022/23,UECL,177,0.29462759065039906,0.6114531562940435,0.4444444444444444,0.2724312936895528,19,0.28917633065715137,0.2627118644067797,6
country_b20_g0.8_c300,2023/24,UCL,78,0.3937116749445484,0.6554900515843773,0.45,0.23109796186719264,2,0.41666666666666674,0.41666666666666674,1
country_b20_g0.8_c300,2023/24,UEL,57,0.6618660834711242,0.7607192254495159,0.6,0.1772853185595568,3,0.2631578947368421,0.2631578947368421,1
country_b20_g0.8_c300,2023/24,UECL,178,0.35241165970336713,0.6359301643192489,0.4,0.2573223077894205,23,0.3386663409868099,0.29311187103077674,8
country_b20_g0.8_c300,2024/25,UCL,81,0.4087080031890794,0.6502347417840375,0.38095238095238093,0.24493217497332723,6,0.37551440329218105,0.3724279835390946,3
country_b20_g0.8_c300,2024/25,UEL,76,0.4101531960146684,0.6572327044025157,0.5789473684210527,0.2422091412742382,9,0.2945906432748538,0.2916666666666667,4
country_b20_g0.8_c300,2024/25,UECL,164,0.3258692710908286,0.6287430362116991,0.43902439024390244,0.26832986317668056,31,0.33103855232100704,0.30743509047993706,12
country_b20_g0.8_c300,2025/26,UCL,82,0.42155802491727684,0.6621311475409836,0.38095238095238093,0.24732302201070788,1,0.24999999999999997,0.24999999999999997,0
country_b20_g0.8_c300,2025/26,UEL,77,0.3864111115590771,0.6459385930820054,0.6,0.254005734525215,6,0.4675324675324675,0.4675324675324675,4
country_b20_g0.8_c300,2025/26,UECL,164,0.28140847721152984,0.6062446535500428,0.4634146341463415,0.2815660321237359,23,0.32131495227995754,0.28936903499469774,9
country_b20_g0.8_c360,2018/19,UCL,79,0.48940271638389693,0.6901709401709402,0.45,0.2315334081076751,1,0.5443037974683544,0.0,0
country_b20_g0.8_c360,2018/19,UEL,213,0.3728880853783852,0.6445230406479061,0.5185185185185185,0.259295995062708,30,0.2974178403755869,0.252112676056338,9
country_b20_g0.8_c360,2018/19,UECL,0,,,0.0,,0,0.0,0.0,0
country_b20_g0.8_c360,2019/20,UCL,79,0.39392831025527075,0.6546316557257477,0.4,0.26021470918122097,3,0.2974683544303798,0.025316455696202538,0
country_b20_g0.8_c360,2019/20,UEL,213,0.29450955717276234,0.6121431807884006,0.3888888888888889,0.2727633406070224,25,0.3139906103286385,0.2785915492957746,11
country_b20_g0.8_c360,2019/20,UECL,0,,,0.0,,0,0.0,0.0,0
country_b20_g0.8_c360,2020/21,UCL,79,0.45295640151964456,0.6857360793287567,0.55,0.23521871494952737,1,0.10126582278481014,0.10126582278481014,0
country_b20_g0.8_c360,2020/21,UEL,213,0.3018036249152375,0.6259507062389204,0.42592592592592593,0.2720139302166678,34,0.32263186964926815,0.2909417288041978,11
country_b20_g0.8_c360,2020/21,UECL,0,,,0.0,,0,0.0,0.0,0
country_b20_g0.8_c360,2021/22,UCL,80,0.42608048750623084,0.6592489568845619,0.4,0.25187499999999996,0,0.0,0.0,0
country_b20_g0.8_c360,2021/22,UEL,58,0.44346865616183445,0.6618950238582141,0.5333333333333333,0.25326991676575505,1,0.4137931034482759,0.4137931034482759,1
country_b20_g0.8_c360,2021/22,UECL,181,0.30332844093998795,0.6172447828539199,0.45652173913043476,0.2700772259699032,31,0.31473890572090535,0.2863126002495099,12
country_b20_g0.8_c360,2022/23,UCL,78,0.3083436700046481,0.6174171938965389,0.55,0.2682445759368836,2,0.20512820512820512,0.20512820512820512,0
country_b20_g0.8_c360,2022/23,UEL,57,0.35159876771027,0.63262508567512,0.6,0.25146198830409355,5,0.4403508771929824,0.4298245614035087,3
country_b20_g0.8_c360,2022/23,UECL,177,0.2647810241833232,0.601068170017061,0.4222222222222222,0.2776341408918254,19,0.30136782634552484,0.2815938150460898,8
country_b20_g0.8_c360,2023/24,UCL,78,0.3727705142999645,0.6473839351510685,0.45,0.23422090729783035,2,0.5384615384615385,0.5384615384615385,2
country_b20_g0.8_c360,2023/24,UEL,57,0.6366954678641168,0.7496542185338866,0.6,0.18436441982148355,3,0.34502923976608185,0.34502923976608185,1
country_b20_g0.8_c360,2023/24,UECL,178,0.3396036697701109,0.6315287558685446,0.37777777777777777,0.26107814669864915,23,0.35283341475329744,0.31680508060576446,9
country_b20_g0.8_c360,2024/25,UCL,81,0.3780139775824229,0.6401743796109993,0.42857142857142855,0.24813290656912057,6,0.4619341563786008,0.46090534979423864,4
country_b20_g0.8_c360,2024/25,UEL,76,0.36545772336011045,0.6438679245283019,0.5263157894736842,0.24584487534626032,9,0.3574561403508772,0.3574561403508772,4
country_b20_g0.8_c360,2024/25,UECL,164,0.31111014539073645,0.6223885793871866,0.4146341463414634,0.26985425342058306,31,0.3418568056648308,0.3238591660110149,12
country_b20_g0.8_c360,2025/26,UCL,82,0.41566371740235264,0.6588524590163934,0.42857142857142855,0.24851279000594884,1,0.24999999999999997,0.24999999999999997,0
country_b20_g0.8_c360,2025/26,UEL,77,0.3557941290392013,0.6350563544500583,0.55,0.26092089728453366,6,0.5216450216450216,0.5216450216450216,4
country_b20_g0.8_c360,2025/26,UECL,164,0.2616478529650681,0.5996578272027374,0.4146341463414634,0.2849866151100535,23,0.3366914103923648,0.31243372216330856,10
country_b20_g1.0_c100,2018/19,UCL,79,0.5562018597528628,0.7183048433048433,0.45,0.21086364364685148,1,0.5316455696202532,0.0,0
country_b20_g1.0_c100,2018/19,UEL,213,0.4112925095120265,0.6599518171100518,0.5370370370370371,0.24485882430734643,30,0.22057902973395932,0.13881064162754303,3
country_b20_g1.0_c100,2018/19,UECL,0,,,0.0,,0,0.0,0.0,0
country_b20_g1.0_c100,2019/20,UCL,79,0.4457587126369039,0.675419401896426,0.4,0.24483255888479416,3,0.36075949367088606,0.0,0
country_b20_g1.0_c100,2019/20,UEL,213,0.38367601784040556,0.6454211347731964,0.42592592592592593,0.25327867045780156,25,0.24845070422535215,0.14384976525821597,3
country_b20_g1.0_c100,2019/20,UECL,0,,,0.0,,0,0.0,0.0,0
country_b20_g1.0_c100,2020/21,UCL,79,0.47747310787864433,0.6952707856598017,0.55,0.22624579394327832,1,0.05063291139240508,0.05063291139240508,0
country_b20_g1.0_c100,2020/21,UEL,213,0.44629657223195535,0.6895408017384342,0.5370370370370371,0.23654918556723756,34,0.21865506766086718,0.11723280861640431,5
country_b20_g1.0_c100,2020/21,UECL,0,,,0.0,,0,0.0,0.0,0
country_b20_g1.0_c100,2021/22,UCL,80,0.4475257076838135,0.6668984700973575,0.4,0.2446875,0,0.0,0.0,0
country_b20_g1.0_c100,2021/22,UEL,58,0.3808462810842267,0.6441717791411042,0.4,0.26040428061831156,1,0.017241379310344834,0.0,0
country_b20_g1.0_c100,2021/22,UECL,181,0.36194005236675364,0.6416384658770445,0.5,0.25530356216232714,31,0.23649973266797364,0.11620032079843164,3
country_b20_g1.0_c100,2022/23,UCL,78,0.36439454303088753,0.6382582806103461,0.55,0.2526298487836949,2,0.1282051282051282,0.02243589743589744,0
country_b20_g1.0_c100,2022/23,UEL,57,0.3560390530114676,0.630568882796436,0.4,0.2557710064635273,5,0.20526315789473687,0.09473684210526316,0
country_b20_g1.0_c100,2022/23,UECL,177,0.34852301543029646,0.6347451969438469,0.4444444444444444,0.2570781065466501,19,0.25854891465953017,0.1385667558727327,4
country_b20_g1.0_c100,2023/24,UCL,78,0.4233506867216573,0.6658069270449521,0.45,0.2358645627876397,2,0.13461538461538458,0.08974358974358973,0
country_b20_g1.0_c100,2023/24,UEL,57,0.6629789585434755,0.7510373443983402,0.5333333333333333,0.1837488457987073,3,0.3567251461988304,0.08187134502923976,0
country_b20_g1.0_c100,2023/24,UECL,178,0.33270905050481037,0.6268339201877934,0.4666666666666667,0.26464461557884106,23,0.2824865657059111,0.13153395212506108,5
country_b20_g1.0_c100,2024/25,UCL,81,0.46943670125973097,0.6740442655935613,0.42857142857142855,0.22969059594574,6,0.1183127572016461,0.07201646090534979,0
country_b20_g1.0_c100,2024/25,UEL,76,0.462438465912453,0.6788522012578616,0.5263157894736842,0.24324792243767313,9,0.2931286549707602,0.13596491228070176,1
country_b20_g1.0_c100,2024/25,UECL,164,0.3681359886981851,0.6451949860724234,0.5121951219512195,0.24769482450922073,31,0.2488198269079465,0.138375295043273,6
country_b20_g1.0_c100,2025/26,UCL,82,0.43938337496705676,0.6716393442622951,0.38095238095238093,0.24122546103509812,1,0.030487804878048773,0.030487804878048773,0
country_b20_g1.0_c100,2025/26,UEL,77,0.4244657415522184,0.6630392537893509,0.55,0.24203069657615117,6,0.20995670995670998,0.11255411255411256,0
country_b20_g1.0_c100,2025/26,UECL,164,0.3301117776873889,0.625491873396065,0.3902439024390244,0.26598750743605,23,0.24257688229056207,0.12248144220572642,4
country_b20_g1.0_c140,2018/19,UCL,79,0.5488464760088034,0.7154558404558404,0.45,0.21278641243390484,1,0.5443037974683544,0.0,0
country_b20_g1.0_c140,2018/19,UEL,213,0.4077523330450022,0.6584653236967554,0.5555555555555556,0.24706297251427184,30,0.2305946791862285,0.1538341158059468,4
country_b20_g1.0_c140,2018/19,UECL,0,,,0.0,,0,0.0,0.0,0
country_b20_g1.0_c140,2019/20,UCL,79,0.4358510465610996,0.6728665207877462,0.4,0.2493190193879186,3,0.3396624472573839,0.0,0
country_b20_g1.0_c140,2019/20,UEL,213,0.37913269577754627,0.6431052711070835,0.42592592592592593,0.25517423791575744,25,0.2580281690140845,0.1671361502347418,4
country_b20_g1.0_c140,2019/20,UECL,0,,,0.0,,0,0.0,0.0,0
country_b20_g1.0_c140,2020/21,UCL,79,0.4753606699257655,0.6941266209000763,0.55,0.2268867168722961,1,0.06329113924050633,0.06329113924050633,0
country_b20_g1.0_c140,2020/21,UEL,213,0.4315308978352662,0.6832504145936982,0.5370370370370371,0.24232405386938216,34,0.23619165976249654,0.1452637392985363,5
country_b20_g1.0_c140,2020/21,UECL,0,,,0.0,,0,0.0,0.0,0
country_b20_g1.0_c140,2021/22,UCL,80,0.45157844075318593,0.6682892906815021,0.4,0.24453125,0,0.0,0.0,0
country_b20_g1.0_c140,2021/22,UEL,58,0.40391276070464965,0.6509884117246081,0.4,0.2565398335315101,1,0.03448275862068967,0.03448275862068967,0
country_b20_g1.0_c140,2021/22,UECL,181,0.3621307192384919,0.6412859560067682,0.4782608695652174,0.2560666646317268,31,0.24380680805560506,0.1418641953306006,4
country_b20_g1.0_c140,2022/23,UCL,78,0.3557723143862404,0.634164495720134,0.55,0.25476660092044706,2,0.15384615384615385,0.0608974358974359,0
country_b20_g1.0_c140,2022/23,UEL,57,0.36449518457771884,0.636737491432488,0.4,0.2520775623268698,5,0.22280701754385962,0.12456140350877191,0
country_b20_g1.0_c140,2022/23,UECL,177,0.34911661121217596,0.635116089310882,0.4666666666666667,0.2589294264100354,19,0.26865893547427894,0.16830211121022895,4
country_b20_g1.0_c140,2023/24,UCL,78,0.42847757257983193,0.6669123065585851,0.45,0.23389217619986843,2,0.15384615384615383,0.12820512820512822,0
country_b20_g1.0_c140,2023/24,UEL,57,0.6680523596086071,0.7565698478561549,0.5333333333333333,0.18436441982148355,3,0.32163742690058483,0.10526315789473684,0
country_b20_g1.0_c140,2023/24,UECL,178,0.34469537952468543,0.6313086854460094,0.4666666666666667,0.26047847494003284,23,0.2907914020517831,0.16231069858329264,5
country_b20_g1.0_c140,2024/25,UCL,81,0.46650371659065043,0.6750503018108652,0.38095238095238093,0.23228166438042983,6,0.13888888888888892,0.10082304526748971,1
country_b20_g1.0_c140,2024/25,UEL,76,0.4537841615877536,0.6721698113207547,0.5263157894736842,0.24601800554016617,9,0.27850877192982454,0.16520467836257308,3
country_b20_g1.0_c140,2024/25,UECL,164,0.36838766684654234,0.6467618384401114,0.4878048780487805,0.25122694824509223,31,0.27124311565696296,0.1806648308418568,7
country_b20_g1.0_c140,2025/26,UCL,82,0.44033654365441444,0.6732786885245902,0.38095238095238093,0.24301011302795958,1,0.07926829268292682,0.07926829268292682,0
country_b20_g1.0_c140,2025/26,UEL,77,0.4355555671754385,0.6684803731053245,0.55,0.24101872153820206,6,0.2272727272727273,0.16450216450216448,0
country_b20_g1.0_c140,2025/26,UECL,164,0.33627492192372255,0.6287425149700598,0.3902439024390244,0.26249256395002973,23,0.24840933191940606,0.1599946977730647,5
country_b20_g1.0_c180,2018/19,UCL,79,0.541442056373117,0.7118945868945868,0.45,0.21470918122095817,1,0.5443037974683544,0.0,0
country_b20_g1.0_c180,2018/19,UEL,213,0.4096660952255563,0.6592341996001845,0.5555555555555556,0.24820912958187313,30,0.24264475743348982,0.17034428794992174,4
country_b20_g1.0_c180,2018/19,UECL,0,,,0.0,,0,0.0,0.0,0
country_b20_g1.0_c180,2019/20,UCL,79,0.436627393529726,0.6721371261852662,0.4,0.24995994231693638,3,0.31856540084388185,0.004219409282700426,0
country_b20_g1.0_c180,2019/20,UEL,213,0.37093275249089125,0.6403866485425163,0.46296296296296297,0.2563424364654279,25,0.26103286384976526,0.18516431924882631,5
country_b20_g1.0_c180,2019/20,UECL,0,,,0.0,,0,0.0,0.0,0
country_b20_g1.0_c180,2020/21,UCL,79,0.4753606699257655,0.6952707856598017,0.55,0.22880948565934942,1,0.06329113924050633,0.06329113924050633,0
country_b20_g1.0_c180,2020/21,UEL,213,0.42221043675575565,0.6790186996054212,0.5370370370370371,0.24477065837906942,34,0.24696216514774924,0.16846175089754212,7
country_b20_g1.0_c180,2020/21,UECL,0,,,0.0,,0,0.0,0.0,0
country_b20_g1.0_c180,2021/22,UCL,80,0.4480455918093307,0.6679415855354659,0.4,0.24656249999999996,0,0.0,0.0,0
country_b20_g1.0_c180,2021/22,UEL,58,0.423799806647663,0.656441717791411,0.4,0.25326991676575505,1,0.08620689655172412,0.08620689655172412,0
country_b20_g1.0_c180,2021/22,UECL,181,0.3601738210764041,0.6400169204737732,0.4782608695652174,0.2569518634962303,31,0.25057921939048294,0.1637854214934949,5
country_b20_g1.0_c180,2022/23,UCL,78,0.35540187789632227,0.6334201711946409,0.55,0.2557527942143326,2,0.1474358974358974,0.0737179487179487,0
country_b20_g1.0_c180,2022/23,UEL,57,0.3684783816861461,0.6415352981494175,0.4,0.2533087103724223,5,0.25087719298245614,0.1631578947368421,1
country_b20_g1.0_c180,2022/23,UECL,177,0.34843304342638864,0.6342259476299977,0.4666666666666667,0.2607807462734208,19,0.28293190603627716,0.1965506987808504,6
country_b20_g1.0_c180,2023/24,UCL,78,0.4294340811354615,0.6683861459100958,0.45,0.23224852071005914,2,0.17948717948717954,0.17948717948717954,0
country_b20_g1.0_c180,2023/24,UEL,57,0.6830761730853514,0.7676348547717843,0.5333333333333333,0.18005540166204984,3,0.31578947368421056,0.14619883040935674,1
country_b20_g1.0_c180,2023/24,UECL,178,0.35378540773965006,0.6346830985915493,0.4444444444444444,0.26104658502714306,23,0.31179775280898875,0.1962628236443576,5
country_b20_g1.0_c180,2024/25,UCL,81,0.4589666280805714,0.670355466130114,0.38095238095238093,0.2363968907178784,6,0.21296296296296294,0.18004115226337447,1
country_b20_g1.0_c180,2024/25,UEL,76,0.45591317575069884,0.6737421383647799,0.5263157894736842,0.24601800554016623,9,0.2638888888888889,0.1871345029239766,3
country_b20_g1.0_c180,2024/25,UECL,164,0.37081594612409885,0.6469359331476323,0.4634146341463415,0.2523423557406306,31,0.279110936270653,0.20662863886703386,7
country_b20_g1.0_c180,2025/26,UCL,82,0.43068434119967797,0.669016393442623,0.38095238095238093,0.24464604402141585,1,0.11585365853658536,0.11585365853658536,0
country_b20_g1.0_c180,2025/26,UEL,77,0.4380347829998603,0.6696463272444617,0.6,0.23730814639905554,6,0.2489177489177489,0.21861471861471862,2
country_b20_g1.0_c180,2025/26,UECL,164,0.33086237290723286,0.625491873396065,0.4146341463414634,0.26624776918500886,23,0.26643690349946975,0.18862672322375396,5
country_b20_g1.0_c220,2018/19,UCL,79,0.5288030553062417,0.7065527065527065,0.45,0.218234257330556,1,0.5443037974683544,0.0,0
country_b20_g1.0_c220,2018/19,UEL,213,0.40632315536126934,0.6590291660259368,0.5185185185185185,0.24972999184465164,30,0.2539123630672927,0.18693270735524256,4
country_b20_g1.0_c220,2018/19,UECL,0,,,0.0,,0,0.0,0.0,0
country_b20_g1.0_c220,2019/20,UCL,79,0.4309711513297333,0.6699489423778264,0.4,0.25124178817497195,3,0.3143459915611814,0.012658227848101259,0
country_b20_g1.0_c220,2019/20,UEL,213,0.35984052033852937,0.6366611287318129,0.4444444444444444,0.2588331239392537,25,0.26816901408450705,0.20206572769953052,6
country_b20_g1.0_c220,2019/20,UECL,0,,,0.0,,0,0.0,0.0,0
country_b20_g1.0_c220,2020/21,UCL,79,0.46756950171132416,0.6922196796338673,0.55,0.23169363883992952,1,0.06329113924050633,0.06329113924050633,0
country_b20_g1.0_c220,2020/21,UEL,213,0.40739638626349817,0.673128609824441,0.5370370370370371,0.24876016663360442,34,0.2589754211543772,0.19090030378348524,8
country_b20_g1.0_c220,2020/21,UECL,0,,,0.0,,0,0.0,0.0,0
country_b20_g1.0_c220,2021/22,UCL,80,0.44206692436588335,0.6651599443671766,0.4,0.24765624999999997,0,0.0,0.0,0
country_b20_g1.0_c220,2021/22,UEL,58,0.4394476076874634,0.6639400136332652,0.4666666666666667,0.2508917954815696,1,0.12068965517241378,0.12068965517241378,0
country_b20_g1.0_c220,2021/22,UECL,181,0.35441896184017513,0.6381838691483361,0.4782608695652174,0.2586917371264614,31,0.26198538584922476,0.18766708251648548,7
country_b20_g1.0_c220,2022/23,UCL,78,0.35029240906986475,0.6337923334573874,0.55,0.2564102564102564,2,0.10897435897435895,0.0737179487179487,0
country_b20_g1.0_c220,2022/23,UEL,57,0.3794811474692607,0.6435915010281015,0.4,0.24869190520160048,5,0.27894736842105256,0.2087719298245614,1
country_b20_g1.0_c220,2022/23,UECL,177,0.3463439373844317,0.6334099844225206,0.4888888888888889,0.26154680966516647,19,0.2894736842105263,0.21558132619684808,6
country_b20_g1.0_c220,2023/24,UCL,78,0.41430849250910556,0.6610169491525424,0.45,0.23553583168967784,2,0.2692307692307693,0.2692307692307693,1
country_b20_g1.0_c220,2023/24,UEL,57,0.6938448759913401,0.7759336099585062,0.6,0.17359187442289936,3,0.23976608187134504,0.15204678362573099,1
country_b20_g1.0_c220,2023/24,UECL,178,0.3561457958490875,0.6368838028169014,0.4444444444444444,0.2611097083701553,23,0.3210796287249634,0.22020029311187106,5
country_b20_g1.0_c220,2024/25,UCL,81,0.4470869033550321,0.6676727028839705,0.38095238095238093,0.2392927907331199,6,0.2664609053497942,0.2417695473251029,2
country_b20_g1.0_c220,2024/25,UEL,76,0.45341089287087355,0.6733490566037735,0.5789473684210527,0.24203601108033243,9,0.25511695906432746,0.2046783625730994,3
country_b20_g1.0_c220,2024/25,UECL,164,0.3659953415901795,0.6438022284122563,0.43902439024390244,0.2545731707317073,31,0.29051927616050355,0.2293469708890637,7
country_b20_g1.0_c220,2025/26,UCL,82,0.42534878774286006,0.6660655737704918,0.38095238095238093,0.2447947650208209,1,0.11585365853658536,0.11585365853658536,0
country_b20_g1.0_c220,2025/26,UEL,77,0.43571551658346575,0.6661484648270501,0.6,0.2405127340192276,6,0.2792207792207792,0.2792207792207792,3
country_b20_g1.0_c220,2025/26,UECL,164,0.3226609150463687,0.6224978614200171,0.43902439024390244,0.2704119571683522,23,0.27995758218451744,0.21354718981972431,5
country_b20_g1.0_c260,2018/19,UCL,79,0.5252724711090931,0.7054843304843305,0.45,0.21983656465310047,1,0.5443037974683544,0.0,0
country_b20_g1.0_c260,2018/19,UEL,213,0.40052137452611575,0.6563637295607155,0.5185185185185185,0.25158147633846906,30,0.2640845070422535,0.20133020344287947,6
country_b20_g1.0_c260,2018/19,UECL,0,,,0.0,,0,0.0,0.0,0
country_b20_g1.0_c260,2019/20,UCL,79,0.41905484150970485,0.6663019693654267,0.4,0.25540778721358764,3,0.31012658227848094,0.021097046413502112,0
country_b20_g1.0_c260,2019/20,UEL,213,0.3477944415652356,0.6322307808488143,0.4074074074074074,0.26121360400273314,25,0.2756807511737089,0.21906103286384976,7
country_b20_g1.0_c260,2019/20,UECL,0,,,0.0,,0,0.0,0.0,0
country_b20_g1.0_c260,2020/21,UCL,79,0.4629345643205958,0.6899313501144165,0.55,0.2321743310366928,1,0.06329113924050633,0.06329113924050633,0
country_b20_g1.0_c260,2020/21,UEL,213,0.38834974991630994,0.664665179847887,0.5185185185185185,0.2535211267605634,34,0.2697459265396299,0.2125103562551781,10
country_b20_g1.0_c260,2020/21,UECL,0,,,0.0,,0,0.0,0.0,0
country_b20_g1.0_c260,2021/22,UCL,80,0.43895943516108765,0.6648122392211405,0.4,0.24921875,0,0.0,0.0,0
country_b20_g1.0_c260,2021/22,UEL,58,0.4407256153421084,0.6646216768916156,0.4666666666666667,0.2511890606420928,1,0.18965517241379312,0.18965517241379312,0
country_b20_g1.0_c260,2021/22,UECL,181,0.3426560459627745,0.6336717428087987,0.45652173913043476,0.2610115686334361,31,0.2744608804134735,0.21163785421493495,8
country_b20_g1.0_c260,2022/23,UCL,78,0.3414658016721593,0.6304428730926684,0.55,0.2595332018408942,2,0.10897435897435895,0.08653846153846154,0
country_b20_g1.0_c260,2022/23,UEL,57,0.3868925060234655,0.6429061000685401,0.4,0.24838411819021242,5,0.33508771929824566,0.2719298245614035,2
country_b20_g1.0_c260,2022/23,UECL,177,0.33831119298676016,0.6299235961723908,0.4444444444444444,0.2636854033004564,19,0.29363663395777584,0.2298542967588463,6
country_b20_g1.0_c260,2023/24,UCL,78,0.4142702321668804,0.6599115696389094,0.45,0.2335634451019066,2,0.33974358974358976,0.33974358974358976,1
country_b20_g1.0_c260,2023/24,UEL,57,0.6842217797774778,0.7717842323651453,0.6,0.17020621729763002,3,0.2456140350877193,0.20467836257309943,1
country_b20_g1.0_c260,2023/24,UECL,178,0.3598702273383506,0.6385710093896714,0.4222222222222222,0.25965787148087366,23,0.33280410356619444,0.24462628236443576,5
country_b20_g1.0_c260,2024/25,UCL,81,0.437492178313544,0.6626425217974514,0.38095238095238093,0.24005486968449935,6,0.30967078189300407,0.29320987654320985,3
country_b20_g1.0_c260,2024/25,UEL,76,0.4544615751850543,0.6733490566037735,0.631578947368421,0.23805401662049855,9,0.24780701754385964,0.2222222222222222,4
country_b20_g1.0_c260,2024/25,UECL,164,0.3650245830179445,0.6448467966573816,0.4146341463414634,0.2570270672218917,31,0.3007474429583006,0.2509834775767113,7
country_b20_g1.0_c260,2025/26,UCL,82,0.4204624287249117,0.6624590163934426,0.42857142857142855,0.24583581201665677,1,0.1646341463414634,0.1646341463414634,0
country_b20_g1.0_c260,2025/26,UEL,77,0.4181077525831366,0.6607073455110766,0.55,0.24658458424692192,6,0.3701298701298701,0.3701298701298701,4
country_b20_g1.0_c260,2025/26,UECL,164,0.3134306597006908,0.6198460222412319,0.4634146341463415,0.27134146341463417,23,0.2961293743372216,0.2397932131495228,7
country_b20_g1.0_c300,2018/19,UCL,79,0.5144968339240462,0.7019230769230769,0.45,0.2240025636917161,1,0.5443037974683544,0.0,0
country_b20_g1.0_c300,2018/19,UEL,213,0.3947422790510214,0.6536470347019324,0.5185185185185185,0.2530362141550398,30,0.2717527386541471,0.21338028169014087,6
country_b20_g1.0_c300,2018/19,UECL,0,,,0.0,,0,0.0,0.0,0
country_b20_g1.0_c300,2019/20,UCL,79,0.41061360859686163,0.6630196936542669,0.4,0.25797147892965877,3,0.30168776371308015,0.021097046413502112,0
country_b20_g1.0_c300,2019/20,UEL,213,0.3366451041217521,0.6289583647988722,0.4074074074074074,0.2633957107275893,25,0.2856338028169014,0.23464788732394368,9
country_b20_g1.0_c300,2019/20,UECL,0,,,0.0,,0,0.0,0.0,0
country_b20_g1.0_c300,2020/21,UCL,79,0.45961679412401557,0.6891685736079328,0.55,0.23393686909149178,1,0.07594936708860761,0.07594936708860761,0
country_b20_g1.0_c300,2020/21,UEL,213,0.36912637956664524,0.6557442671698976,0.5,0.2581057550309683,34,0.2832780999723833,0.23322286661143335,10
country_b20_g1.0_c300,2020/21,UECL,0,,,0.0,,0,0.0,0.0,0
country_b20_g1.0_c300,2021/22,UCL,80,0.4365254322098028,0.6634214186369958,0.4,0.25015624999999997,0,0.0,0.0,0
country_b20_g1.0_c300,2021/22,UEL,58,0.44970283984302983,0.6680299931833674,0.5333333333333333,0.2517835909631392,1,0.27586206896551724,0.27586206896551724,0
country_b20_g1.0_c300,2021/22,UECL,181,0.3336260219136222,0.629653130287648,0.45652173913043476,0.2628735386587711,31,0.2844412760648726,0.23052931741222596,9
country_b20_g1.0_c300,2022/23,UCL,78,0.33108080628238423,0.6270934127279494,0.55,0.2613412228796844,2,0.10256410256410259,0.09294871794871795,0
country_b20_g1.0_c300,2022/23,UEL,57,0.39564247999935487,0.6456477039067855,0.4666666666666667,0.24561403508771934,5,0.36315789473684207,0.31052631578947365,3
country_b20_g1.0_c300,2022/23,UECL,177,0.3318310142662782,0.6259179586084118,0.4444444444444444,0.2655367231638418,19,0.29185251263752604,0.24145108534046986,6
country_b20_g1.0_c300,2023/24,UCL,78,0.3998333297005778,0.6558585114222549,0.45,0.23487836949375407,2,0.4102564102564103,0.4102564102564103,1
country_b20_g1.0_c300,2023/24,UEL,57,0.676562580750118,0.7697095435684648,0.6,0.1698984302862419,3,0.2573099415204678,0.2573099415204678,1
country_b20_g1.0_c300,2023/24,UECL,178,0.3592006060427998,0.6379107981220657,0.4,0.2575432394899634,23,0.33744504152418175,0.2609916951636541,6
country_b20_g1.0_c300,2024/25,UCL,81,0.41754106166921723,0.6545942320590208,0.38095238095238093,0.2438652644413961,6,0.3611111111111111,0.3539094650205761,3
country_b20_g1.0_c300,2024/25,UEL,76,0.4359363870139726,0.6674528301886793,0.631578947368421,0.23736149584487537,9,0.266812865497076,0.256578947368421,4
country_b20_g1.0_c300,2024/25,UECL,164,0.3576014604883751,0.6403203342618384,0.43902439024390244,0.2604476502082094,31,0.3111723052714398,0.270456333595594,8
country_b20_g1.0_c300,2025/26,UCL,82,0.4198927187048819,0.6621311475409836,0.38095238095238093,0.24643069601427722,1,0.17682926829268292,0.17682926829268292,0
country_b20_g1.0_c300,2025/26,UEL,77,0.40057996328682116,0.651379712397979,0.6,0.2523191094619666,6,0.44588744588744583,0.44588744588744583,4
country_b20_g1.0_c300,2025/26,UECL,164,0.30589991720141196,0.6168520102651839,0.4634146341463415,0.27398126115407495,23,0.3040827147401909,0.25503711558854725,7
country_b20_g1.0_c360,2018/19,UCL,79,0.5053638991085058,0.6976495726495726,0.45,0.22688671687229606,1,0.5443037974683544,0.0,0
country_b20_g1.0_c360,2018/19,UEL,213,0.38647409545831474,0.650315239120406,0.5185185185185185,0.25552690162886554,30,0.2848982785602504,0.23176838810641626,8
country_b20_g1.0_c360,2018/19,UECL,0,,,0.0,,0,0.0,0.0,0
country_b20_g1.0_c360,2019/20,UCL,79,0.40211076084523845,0.6582786287381474,0.4,0.259894247716712,3,0.30168776371308015,0.021097046413502112,0
country_b20_g1.0_c360,2019/20,UEL,213,0.32132206018102033,0.6225645672859085,0.42592592592592593,0.26758359232074763,25,0.30065727699530514,0.25399061032863846,10
country_b20_g1.0_c360,2019/20,UECL,0,,,0.0,,0,0.0,0.0,0
country_b20_g1.0_c360,2020/21,UCL,79,0.45119189452371045,0.6853546910755148,0.55,0.2363403300753084,1,0.08860759493670886,0.08860759493670886,0
country_b20_g1.0_c360,2020/21,UEL,213,0.33908546923328,0.6423628981529136,0.46296296296296297,0.26440961890277503,34,0.30385252692626347,0.2602181717757525,10
country_b20_g1.0_c360,2020/21,UECL,0,,,0.0,,0,0.0,0.0,0
country_b20_g1.0_c360,2021/22,UCL,80,0.42561968112224974,0.6602920723226704,0.4,0.2534375,0,0.0,0.0,0
country_b20_g1.0_c360,2021/22,UEL,58,0.4471156536153338,0.6632583503749148,0.4666666666666667,0.2541617122473246,1,0.31034482758620696,0.31034482758620696,0
country_b20_g1.0_c360,2021/22,UECL,181,0.32023731217290496,0.6235194585448393,0.4782608695652174,0.26708586428985687,31,0.2992336481910533,0.2533416503297095,9
country_b20_g1.0_c360,2022/23,UCL,78,0.31957172775078857,0.6237439523632303,0.55,0.26512163050624593,2,0.1346153846153846,0.1346153846153846,0
country_b20_g1.0_c360,2022/23,UEL,57,0.3845417667463609,0.6422206991089787,0.5333333333333333,0.24622960911049555,5,0.41228070175438597,0.3771929824561403,3
country_b20_g1.0_c360,2022/23,UECL,177,0.31202400677184194,0.617684148060233,0.4444444444444444,0.26978199112643236,19,0.29185251263752604,0.2537912578055308,7
country_b20_g1.0_c360,2023/24,UCL,78,0.3826034222518367,0.6495946941783346,0.45,0.23635765943458248,2,0.5320512820512822,0.5320512820512822,2
country_b20_g1.0_c360,2023/24,UEL,57,0.645434810344053,0.7544951590594744,0.6,0.18036318867343792,3,0.33918128654970764,0.33918128654970764,1
country_b20_g1.0_c360,2023/24,UECL,178,0.35049876408612546,0.6344630281690141,0.4,0.2595947481378614,23,0.34574987787005373,0.28334147532975085,7
country_b20_g1.0_c360,2024/25,UCL,81,0.3890865631160835,0.6441985244802146,0.42857142857142855,0.24691358024691357,6,0.4578189300411522,0.45061728395061723,4
country_b20_g1.0_c360,2024/25,UEL,76,0.4049136092110564,0.6560534591194969,0.5263157894736842,0.2396121883656509,9,0.31359649122807015,0.31067251461988304,4
country_b20_g1.0_c360,2024/25,UECL,164,0.3442445416148447,0.6350974930362117,0.4634146341463415,0.263868233194527,31,0.3243509047993705,0.2904209284028324,9
country_b20_g1.0_c360,2025/26,UCL,82,0.4179644694063193,0.6618032786885246,0.42857142857142855,0.24702558001189764,1,0.20121951219512194,0.20121951219512194,0
country_b20_g1.0_c360,2025/26,UEL,77,0.36877668932407687,0.6408861251457443,0.55,0.2594029347276101,6,0.5043290043290044,0.5043290043290044,4
country_b20_g1.0_c360,2025/26,UECL,164,0.29382566345393984,0.6122326775021386,0.43902439024390244,0.27788518738845924,23,0.31680805938494166,0.27584835630965004,7
country_b20_g1.2_c100,2018/19,UCL,79,0.5543507548439411,0.7175925925925926,0.45,0.21182502804037814,1,0.5189873417721519,0.0,0
country_b20_g1.2_c100,2018/19,UEL,213,0.4119434533159489,0.6605156594392332,0.5370370370370371,0.24496903171769274,30,0.21478873239436627,0.1245696400625978,3
country_b20_g1.2_c100,2018/19,UECL,0,,,0.0,,0,0.0,0.0,0
country_b20_g1.2_c100,2019/20,UCL,79,0.44188930076152766,0.6739606126914661,0.4,0.2457939432783208,3,0.36497890295358654,0.0,0
country_b20_g1.2_c100,2019/20,UEL,213,0.38727239611972136,0.6459245833962645,0.42592592592592593,0.25310233860124753,25,0.2430046948356808,0.12769953051643193,3
country_b20_g1.2_c100,2019/20,UECL,0,,,0.0,,0,0.0,0.0,0
country_b20_g1.2_c100,2020/21,UCL,79,0.4777589083075633,0.6948893974065599,0.55,0.22496394808524278,1,0.0,0.0,0
country_b20_g1.2_c100,2020/21,UEL,213,0.4523216536813469,0.6922285126093669,0.5370370370370371,0.2339703321651348,34,0.21658381662524165,0.10666942833471416,4
country_b20_g1.2_c100,2020/21,UECL,0,,,0.0,,0,0.0,0.0,0
country_b20_g1.2_c100,2021/22,UCL,80,0.44853002928992614,0.6672461752433936,0.4,0.2440625,0,0.0,0.0,0
country_b20_g1.2_c100,2021/22,UEL,58,0.37897602597986807,0.6407634628493524,0.4,0.26040428061831156,1,0.03448275862068964,0.0,0
country_b20_g1.2_c100,2021/22,UECL,181,0.3565706272368343,0.6394529046813311,0.5,0.2557614236439669,31,0.23346996970237033,0.09659597219746925,3
country_b20_g1.2_c100,2022/23,UCL,78,0.37000218506792476,0.6397469296613323,0.55,0.2513149243918474,2,0.10897435897435896,0.0,0
country_b20_g1.2_c100,2022/23,UEL,57,0.3625035860235053,0.6353666895133653,0.4,0.2533087103724223,5,0.21578947368421053,0.09122807017543859,0
country_b20_g1.2_c100,2022/23,UECL,177,0.3451940512857075,0.6329649135820785,0.4666666666666667,0.25704618723866063,19,0.2653880463871543,0.12340172465060957,4
country_b20_g1.2_c100,2023/24,UCL,78,0.42286605572013836,0.6643330876934415,0.45,0.23717948717948714,2,0.14743589743589744,0.09615384615384617,0
country_b20_g1.2_c100,2023/24,UEL,57,0.6676268485515315,0.7538035961272476,0.5333333333333333,0.1825176977531548,3,0.3508771929824562,0.07602339181286549,0
country_b20_g1.2_c100,2023/24,UECL,178,0.32796023861172563,0.626100352112676,0.4666666666666667,0.26698017927029416,23,0.28566194430874453,0.11809965803615045,5
country_b20_g1.2_c100,2024/25,UCL,81,0.4685727212796917,0.6733735747820255,0.42857142857142855,0.230909922267947,6,0.1183127572016461,0.07201646090534979,0
country_b20_g1.2_c100,2024/25,UEL,76,0.47091304826235836,0.6831761006289309,0.5263157894736842,0.24099722991689754,9,0.2916666666666667,0.11988304093567252,1
country_b20_g1.2_c100,2024/25,UECL,164,0.36541039732229436,0.6438892757660167,0.5365853658536586,0.24862433075550266,31,0.24881982690794652,0.12027930763178599,6
country_b20_g1.2_c100,2025/26,UCL,82,0.4397339657486136,0.670655737704918,0.38095238095238093,0.24122546103509812,1,0.0060975609756097615,0.0,0
country_b20_g1.2_c100,2025/26,UEL,77,0.42523883035768323,0.6626506024096386,0.55,0.2420306965761511,6,0.20346320346320348,0.10606060606060606,0
country_b20_g1.2_c100,2025/26,UECL,164,0.33166117148981916,0.625491873396065,0.4146341463414634,0.2658387864366448,23,0.23515376458112405,0.10485153764581125,4
country_b20_g1.2_c140,2018/19,UCL,79,0.5465050121836112,0.7143874643874644,0.45,0.21374779682743153,1,0.5189873417721519,0.0,0
country_b20_g1.2_c140,2018/19,UEL,213,0.413440056930969,0.6608232098006048,0.5555555555555556,0.24477065837906944,30,0.22308294209702664,0.13967136150234744,3
country_b20_g1.2_c140,2018/19,UECL,0,,,0.0,,0,0.0,0.0,0
country_b20_g1.2_c140,2019/20,UCL,79,0.43684920694933355,0.6732312180889861,0.4,0.2486780964589008,3,0.36075949367088606,0.0,0
country_b20_g1.2_c140,2019/20,UEL,213,0.38238330465677434,0.6445149272516739,0.42592592592592593,0.25440278604333355,25,0.25502347417840376,0.15023474178403756,3
country_b20_g1.2_c140,2019/20,UECL,0,,,0.0,,0,0.0,0.0,0
country_b20_g1.2_c140,2020/21,UCL,79,0.47810683926450803,0.6960335621662853,0.55,0.22592533247876942,1,0.012658227848101278,0.012658227848101278,0
country_b20_g1.2_c140,2020/21,UEL,213,0.43999155444287463,0.6865671641791045,0.5370370370370371,0.23903987304106328,34,0.23218724109362057,0.13014360673847006,5
country_b20_g1.2_c140,2020/21,UECL,0,,,0.0,,0,0.0,0.0,0
country_b20_g1.2_c140,2021/22,UCL,80,0.4475729698770423,0.6675938803894298,0.4,0.24500000000000002,0,0.0,0.0,0
country_b20_g1.2_c140,2021/22,UEL,58,0.4035698806021839,0.6489434219495569,0.4,0.2565398335315101,1,0.017241379310344834,0.017241379310344834,0
country_b20_g1.2_c140,2021/22,UECL,181,0.3665058063813892,0.6433305132543711,0.45652173913043476,0.25377735722352796,31,0.24184637319550886,0.12261628943147389,3
country_b20_g1.2_c140,2022/23,UCL,78,0.3635259333303898,0.637513956084853,0.55,0.25197238658777116,2,0.10897435897435898,0.016025641025641024,0
country_b20_g1.2_c140,2022/23,UEL,57,0.369261961445181,0.6381082933516107,0.4,0.2505386272699292,5,0.21228070175438596,0.11228070175438595,0
country_b20_g1.2_c140,2022/23,UECL,177,0.3502478445783828,0.6362287664119872,0.4444444444444444,0.2570142679306713,19,0.26925364258102885,0.15194766577460603,4
country_b20_g1.2_c140,2023/24,UCL,78,0.4196394335258145,0.6643330876934415,0.45,0.23553583168967782,2,0.15384615384615383,0.12820512820512822,0
country_b20_g1.2_c140,2023/24,UEL,57,0.6754824372975415,0.760027662517289,0.5333333333333333,0.18436441982148355,3,0.31578947368421056,0.09941520467836258,0
country_b20_g1.2_c140,2023/24,UECL,178,0.3385641932340225,0.6286678403755869,0.4666666666666667,0.2619934351723267,23,0.29567659990229606,0.14692232535417685,5
country_b20_g1.2_c140,2024/25,UCL,81,0.4665832936940751,0.6740442655935613,0.38095238095238093,0.23197683279987807,6,0.1409465020576132,0.10082304526748971,1
country_b20_g1.2_c140,2024/25,UEL,76,0.466737968540219,0.6784591194968553,0.5263157894736842,0.2437673130193905,9,0.2858187134502923,0.14912280701754385,2
country_b20_g1.2_c140,2024/25,UECL,164,0.37097773921947136,0.6471970752089137,0.5365853658536586,0.24866151100535397,31,0.26514555468135326,0.1576514555468135,6
country_b20_g1.2_c140,2025/26,UCL,82,0.44579261269239256,0.6752459016393443,0.38095238095238093,0.24063057703747773,1,0.006097560975609755,0.006097560975609755,0
country_b20_g1.2_c140,2025/26,UEL,77,0.4378481753571619,0.6704236300038865,0.55,0.23966942148760328,6,0.2142857142857143,0.15151515151515152,0
country_b20_g1.2_c140,2025/26,UECL,164,0.3497704862526241,0.6341317365269461,0.4146341463414634,0.2583655562165378,23,0.2317073170731707,0.1357370095440085,5
country_b20_g1.2_c180,2018/19,UCL,79,0.5430602407968101,0.7133190883190883,0.45,0.21470918122095817,1,0.5189873417721519,0.0,0
country_b20_g1.2_c180,2018/19,UEL,213,0.41473375260323686,0.6613357937362243,0.5555555555555556,0.24571844210804739,30,0.23528951486697966,0.15594679186228483,4
country_b20_g1.2_c180,2018/19,UECL,0,,,0.0,,0,0.0,0.0,0
country_b20_g1.2_c180,2019/20,UCL,79,0.4365164868199223,0.6725018234865062,0.4,0.2506008652459542,3,0.35654008438818563,0.0,0
country_b20_g1.2_c180,2019/20,UEL,213,0.37958702798383215,0.6440618234909128,0.4444444444444444,0.2548876986488572,25,0.26009389671361505,0.16676056338028167,4
country_b20_g1.2_c180,2019/20,UECL,0,,,0.0,,0,0.0,0.0,0
country_b20_g1.2_c180,2020/21,UCL,79,0.47160798603300425,0.6937452326468345,0.55,0.22784810126582278,1,0.037974683544303806,0.037974683544303806,0
country_b20_g1.2_c180,2020/21,UEL,213,0.4273673285433464,0.6814204837879567,0.5370370370370371,0.24342612797284485,34,0.24585749792874895,0.15175365921016293,6
country_b20_g1.2_c180,2020/21,UECL,0,,,0.0,,0,0.0,0.0,0
country_b20_g1.2_c180,2021/22,UCL,80,0.44926259328497314,0.6679415855354659,0.4,0.2459375,0,0.0,0.0,0
country_b20_g1.2_c180,2021/22,UEL,58,0.425077814302308,0.6571233810497614,0.4,0.2520808561236623,1,0.03448275862068967,0.03448275862068967,0
country_b20_g1.2_c180,2021/22,UECL,181,0.364267008274527,0.6418499717992103,0.4782608695652174,0.2552119898659992,31,0.24576724291570132,0.1415077526287649,4
country_b20_g1.2_c180,2022/23,UCL,78,0.35565735133764514,0.634164495720134,0.55,0.2537804076265614,2,0.1346153846153846,0.04807692307692307,0
country_b20_g1.2_c180,2022/23,UEL,57,0.3686416274692784,0.6387936943111721,0.4,0.25146198830409355,5,0.2473684210526316,0.15263157894736842,0
country_b20_g1.2_c180,2022/23,UECL,177,0.35340783691075456,0.6365996587790224,0.4888888888888889,0.258418717482205,19,0.28055307760927745,0.17633065715135293,4
country_b20_g1.2_c180,2023/24,UCL,78,0.4289749570287593,0.6676492262343404,0.45,0.2322485207100592,2,0.17948717948717954,0.17948717948717954,0
country_b20_g1.2_c180,2023/24,UEL,57,0.6823888090700755,0.7662517289073306,0.6,0.17943982763927363,3,0.304093567251462,0.1345029239766082,1
country_b20_g1.2_c180,2023/24,UECL,178,0.34578014445757443,0.630575117370892,0.4444444444444444,0.2620249968438328,23,0.3103321934538349,0.17525647288715193,5
country_b20_g1.2_c180,2024/25,UCL,81,0.4593645135976947,0.670690811535882,0.38095238095238093,0.23609205913732664,6,0.212962962962963,0.17798353909465023,1
country_b20_g1.2_c180,2024/25,UEL,76,0.464401582867896,0.6776729559748428,0.5263157894736842,0.24428670360110802,9,0.2697368421052631,0.17105263157894737,3
country_b20_g1.2_c180,2024/25,UECL,164,0.36883985780540396,0.6471970752089137,0.4634146341463415,0.2511154074955384,31,0.27871754523996856,0.1869590873328088,7
country_b20_g1.2_c180,2025/26,UCL,82,0.4377399806785092,0.6729508196721311,0.38095238095238093,0.2427126710291493,1,0.042682926829268296,0.042682926829268296,0
country_b20_g1.2_c180,2025/26,UEL,77,0.44343307552077876,0.6723668869024485,0.6,0.2349468713105077,6,0.2272727272727273,0.19913419913419914,2
country_b20_g1.2_c180,2025/26,UECL,164,0.3416736985508574,0.6300256629597947,0.43902439024390244,0.2618233194527067,23,0.2534464475079533,0.167152704135737,5
country_b20_g1.2_c220,2018/19,UCL,79,0.5365629851562244,0.7097578347578347,0.45,0.21599102707899373,1,0.5443037974683544,0.0,0
country_b20_g1.2_c220,2018/19,UEL,213,0.4134009876997558,0.6614895689169101,0.5370370370370371,0.24673235028323304,30,0.2449921752738654,0.16932707355242566,4
country_b20_g1.2_c220,2018/19,UECL,0,,,0.0,,0,0.0,0.0,0
country_b20_g1.2_c220,2019/20,UCL,79,0.43162426862079994,0.6706783369803063,0.4,0.251241788174972,3,0.3438818565400843,0.0,0
country_b20_g1.2_c220,2019/20,UEL,213,0.3732634014054575,0.6410411317525047,0.4444444444444444,0.2564526438757742,25,0.26497652582159625,0.18159624413145536,4
country_b20_g1.2_c220,2019/20,UECL,0,,,0.0,,0,0.0,0.0,0
country_b20_g1.2_c220,2020/21,UCL,79,0.47089969801350956,0.6937452326468345,0.55,0.22961063932062167,1,0.037974683544303806,0.037974683544303806,0
country_b20_g1.2_c220,2020/21,UEL,213,0.42017993077109816,0.6785040315663065,0.5370370370370371,0.2455421102514933,34,0.25497100248550125,0.17053300193316764,7
country_b20_g1.2_c220,2020/21,UECL,0,,,0.0,,0,0.0,0.0,0
country_b20_g1.2_c220,2021/22,UCL,80,0.4410389716631563,0.6648122392211405,0.4,0.2484375,0,0.0,0.0,0
country_b20_g1.2_c220,2021/22,UEL,58,0.4358006102339641,0.6618950238582141,0.4666666666666667,0.2508917954815696,1,0.08620689655172412,0.08620689655172412,0
country_b20_g1.2_c220,2021/22,UECL,181,0.3601030898175334,0.6405104342921601,0.4782608695652174,0.2563719056194866,31,0.25129210479415437,0.15834967029050082,6
country_b20_g1.2_c220,2022/23,UCL,78,0.35385626357631883,0.6345366579828805,0.55,0.25345167652859957,2,0.09615384615384615,0.04807692307692307,0
country_b20_g1.2_c220,2022/23,UEL,57,0.38601097879455126,0.6463331048663468,0.4,0.24776854416743616,5,0.26140350877192986,0.18070175438596492,1
country_b20_g1.2_c220,2022/23,UECL,177,0.3548737222427159,0.6377865143535346,0.4888888888888889,0.2600466021896645,19,0.29393398751115074,0.1977401129943503,6
country_b20_g1.2_c220,2023/24,UCL,78,0.42379705738095114,0.6643330876934415,0.45,0.23323471400394474,2,0.2564102564102565,0.2564102564102565,1
country_b20_g1.2_c220,2023/24,UEL,57,0.6918482471850625,0.7745504840940526,0.6,0.1745152354570637,3,0.23976608187134507,0.14619883040935674,1
country_b20_g1.2_c220,2023/24,UECL,178,0.35368512628959176,0.6344630281690141,0.4444444444444444,0.26180406514329,23,0.3215681485100147,0.19699560332193453,5
country_b20_g1.2_c220,2024/25,UCL,81,0.4510543903686333,0.670020120724346,0.38095238095238093,0.23929279073311993,6,0.2705761316872428,0.2397119341563786,2
country_b20_g1.2_c220,2024/25,UEL,76,0.46465042867914935,0.6788522012578616,0.5789473684210527,0.24168975069252077,9,0.2492690058479532,0.1871345029239766,3
country_b20_g1.2_c220,2024/25,UECL,164,0.3735982342257185,0.6471100278551533,0.43902439024390244,0.2517474717430101,31,0.2828481510621558,0.2030881195908733,7
country_b20_g1.2_c220,2025/26,UCL,82,0.43047617792312864,0.6686885245901639,0.38095238095238093,0.24390243902439024,1,0.07926829268292682,0.07926829268292682,0
country_b20_g1.2_c220,2025/26,UEL,77,0.44471267078499654,0.6700349786241742,0.65,0.23747680890538037,6,0.2727272727272727,0.2727272727272727,3
country_b20_g1.2_c220,2025/26,UECL,164,0.33807359597347725,0.6285714285714286,0.43902439024390244,0.26476055919095776,23,0.26961823966065745,0.1918080593849417,5
country_b20_g1.2_c260,2018/19,UCL,79,0.5243040122494587,0.7054843304843305,0.45,0.21983656465310047,1,0.5443037974683544,0.0,0
country_b20_g1.2_c260,2018/19,UEL,213,0.41181679338895144,0.660669434619919,0.5185185185185185,0.24768013401221098,30,0.25328638497652584,0.1822378716744914,4
country_b20_g1.2_c260,2018/19,UECL,0,,,0.0,,0,0.0,0.0,0
country_b20_g1.2_c260,2019/20,UCL,79,0.42416887312843476,0.6684901531728665,0.4,0.25316455696202533,3,0.32700421940928265,0.0,0
country_b20_g1.2_c260,2019/20,UEL,213,0.36607817521488584,0.639178371847153,0.4444444444444444,0.2575547179792369,25,0.26591549295774647,0.19511737089201875,6
country_b20_g1.2_c260,2019/20,UECL,0,,,0.0,,0,0.0,0.0,0
country_b20_g1.2_c260,2020/21,UCL,79,0.4642890098315593,0.6910755148741419,0.55,0.23201410030443834,1,0.037974683544303806,0.037974683544303806,0
country_b20_g1.2_c260,2020/21,UEL,213,0.4087167311652115,0.6730142391490822,0.5185185185185185,0.24873812515153523,34,0.26463684065175364,0.1882076774371721,8
country_b20_g1.2_c260,2020/21,UECL,0,,,0.0,,0,0.0,0.0,0
country_b20_g1.2_c260,2021/22,UCL,80,0.44054271863425354,0.6648122392211405,0.4,0.24906249999999996,0,0.0,0.0,0
country_b20_g1.2_c260,2021/22,UEL,58,0.44003985513717697,0.6618950238582141,0.4666666666666667,0.2505945303210464,1,0.15517241379310345,0.15517241379310345,0
country_b20_g1.2_c260,2021/22,UECL,181,0.3560796087875729,0.6382543711223915,0.4782608695652174,0.25777601416318185,31,0.2593120655854571,0.1783995722687578,7
country_b20_g1.2_c260,2022/23,UCL,78,0.3461920603366325,0.6315593598809081,0.55,0.2567389875082183,2,0.08974358974358976,0.0608974358974359,0
country_b20_g1.2_c260,2022/23,UEL,57,0.39609956819212516,0.6470185058259081,0.4,0.24592182209910743,5,0.2964912280701754,0.22982456140350874,1
country_b20_g1.2_c260,2022/23,UECL,177,0.34887961178724813,0.6343743045768118,0.4666666666666667,0.26202559928500746,19,0.3013678263455248,0.21409455842997324,6
country_b20_g1.2_c260,2023/24,UCL,78,0.4165658527003914,0.6610169491525424,0.45,0.23553583168967776,2,0.326923076923077,0.326923076923077,1
country_b20_g1.2_c260,2023/24,UEL,57,0.6908008353522613,0.7745504840940526,0.6,0.17174515235457066,3,0.23976608187134504,0.1871345029239766,1
country_b20_g1.2_c260,2023/24,UECL,178,0.3521862960145264,0.6348298122065728,0.4222222222222222,0.2630665320035349,23,0.3325598436736688,0.21726917440156326,5
country_b20_g1.2_c260,2024/25,UCL,81,0.44260784924798674,0.6649899396378269,0.38095238095238093,0.24096936442615455,6,0.31378600823045266,0.2890946502057613,3
country_b20_g1.2_c260,2024/25,UEL,76,0.45910669699511664,0.6761006289308176,0.5789473684210527,0.23891966759002767,9,0.2492690058479532,0.20906432748538015,3
country_b20_g1.2_c260,2024/25,UECL,164,0.37160693459036453,0.645891364902507,0.43902439024390244,0.25234235574063063,31,0.2871754523996853,0.21931549960660895,7
country_b20_g1.2_c260,2025/26,UCL,82,0.42569937852441686,0.6650819672131147,0.42857142857142855,0.2453896490184414,1,0.11585365853658536,0.11585365853658536,0
country_b20_g1.2_c260,2025/26,UEL,77,0.43118361668936134,0.6642052079284881,0.65,0.24354865913307466,6,0.3441558441558441,0.3441558441558441,4
country_b20_g1.2_c260,2025/26,UECL,164,0.3225107960023999,0.623267750213858,0.4634146341463415,0.26981707317073167,23,0.28764581124072114,0.21460763520678688,5
country_b20_g1.2_c300,2018/19,UCL,79,0.520785687025217,0.7037037037037037,0.45,0.2217593334401539,1,0.5443037974683544,0.0,0
country_b20_g1.2_c300,2018/19,UEL,213,0.40403886563308083,0.657850222974012,0.5185185185185185,0.24999448962948267,30,0.2625195618153365,0.1960093896713615,6
country_b20_g1.2_c300,2018/19,UECL,0,,,0.0,,0,0.0,0.0,0
country_b20_g1.2_c300,2019/20,UCL,79,0.41366970460034364,0.6641137855579868,0.4,0.2563691716071142,3,0.31856540084388185,0.008438818565400852,0
country_b20_g1.2_c300,2019/20,UEL,213,0.3555325222775447,0.6353521623118361,0.42592592592592593,0.25956049284753907,25,0.27286384976525824,0.21023474178403756,7
country_b20_g1.2_c300,2019/20,UECL,0,,,0.0,,0,0.0,0.0,0
country_b20_g1.2_c300,2020/21,UCL,79,0.4579765481841332,0.686880244088482,0.55,0.23425733055600062,1,0.05063291139240508,0.05063291139240508,0
country_b20_g1.2_c300,2020/21,UEL,213,0.3939865325719393,0.667524446731858,0.5,0.25255130154951616,34,0.2748550124275062,0.2065037282518641,10
country_b20_g1.2_c300,2020/21,UECL,0,,,0.0,,0,0.0,0.0,0
country_b20_g1.2_c300,2021/22,UCL,80,0.4373997827845362,0.663769123783032,0.4,0.24921875,0,0.0,0.0,0
country_b20_g1.2_c300,2021/22,UEL,58,0.4479260974938891,0.667348329925017,0.5333333333333333,0.2523781212841855,1,0.20689655172413793,0.20689655172413793,0
country_b20_g1.2_c300,2021/22,UECL,181,0.34691324767422066,0.6350817822899041,0.45652173913043476,0.2600958456701566,31,0.2685795758331848,0.19497415790411685,8
country_b20_g1.2_c300,2022/23,UCL,78,0.3460515499439049,0.6323036844064012,0.55,0.25690335305719925,2,0.08333333333333334,0.06730769230769232,0
country_b20_g1.2_c300,2022/23,UEL,57,0.4038374183125945,0.6477039067854695,0.4666666666666667,0.24315173899661435,5,0.34561403508771926,0.2859649122807017,2
country_b20_g1.2_c300,2022/23,UECL,177,0.34636478455606884,0.6335583413693346,0.4444444444444444,0.26189792205304985,19,0.30523342253939933,0.22747546833184656,6
country_b20_g1.2_c300,2023/24,UCL,78,0.4072303291974466,0.6573323507737656,0.45,0.23668639053254437,2,0.4102564102564103,0.4102564102564103,1
country_b20_g1.2_c300,2023/24,UEL,57,0.6872658204165567,0.7738589211618258,0.6,0.1677439212065251,3,0.23391812865497075,0.23391812865497075,1
country_b20_g1.2_c300,2023/24,UECL,178,0.3568143388494764,0.6371038732394366,0.4,0.2611728317131675,23,0.34208597948216907,0.23632144601856372,5
country_b20_g1.2_c300,2024/25,UCL,81,0.42387312547029415,0.6592890677397719,0.38095238095238093,0.24218869074836155,6,0.3590534979423869,0.34670781893004116,3
country_b20_g1.2_c300,2024/25,UEL,76,0.45410213123546617,0.6749213836477987,0.631578947368421,0.23666897506925208,9,0.2521929824561403,0.23099415204678364,4
country_b20_g1.2_c300,2024/25,UECL,164,0.36886198335690784,0.6454561281337048,0.43902439024390244,0.2550193337299226,31,0.29779701022816674,0.2370180959874115,7
country_b20_g1.2_c300,2025/26,UCL,82,0.4250420208089978,0.6640983606557377,0.38095238095238093,0.2447947650208209,1,0.11585365853658536,0.11585365853658536,0
country_b20_g1.2_c300,2025/26,UEL,77,0.4164282837988509,0.6560435289545278,0.6,0.2492831843481194,6,0.41774891774891776,0.41774891774891776,4
country_b20_g1.2_c300,2025/26,UECL,164,0.31842177360291946,0.6222412318220701,0.4634146341463415,0.269854253420583,23,0.2982502651113467,0.23157476139978792,7
country_b20_g1.2_c360,2018/19,UCL,79,0.5071291912070801,0.6972934472934473,0.45,0.2252844095497516,1,0.5443037974683544,0.0,0
country_b20_g1.2_c360,2018/19,UEL,213,0.39839084112721773,0.6552873032959147,0.5185185185185185,0.2512067711432917,30,0.2734741784037559,0.21134585289514865,6
country_b20_g1.2_c360,2018/19,UECL,0,,,0.0,,0,0.0,0.0,0
country_b20_g1.2_c360,2019/20,UCL,79,0.40240651207138195,0.6579139314369074,0.4,0.259894247716712,3,0.32700421940928265,0.021097046413502112,0
country_b20_g1.2_c360,2019/20,UEL,213,0.3410666852343082,0.6301162966319287,0.42592592592592593,0.2629769225682735,25,0.2888262910798122,0.2315492957746479,8
country_b20_g1.2_c360,2019/20,UECL,0,,,0.0,,0,0.0,0.0,0
country_b20_g1.2_c360,2020/21,UCL,79,0.4573428167982695,0.6880244088482075,0.55,0.23489825348501842,1,0.05063291139240508,0.05063291139240508,0
country_b20_g1.2_c360,2020/21,UEL,213,0.3695488641346092,0.6559158231829358,0.48148148148148145,0.25737838612268293,34,0.2904584368958852,0.23218724109362054,10
country_b20_g1.2_c360,2020/21,UECL,0,,,0.0,,0,0.0,0.0,0
country_b20_g1.2_c360,2021/22,UCL,80,0.43286261223456823,0.6634214186369958,0.45,0.25078125,0,0.0,0.0,0
country_b20_g1.2_c360,2021/22,UEL,58,0.4492041051485342,0.6659850034083163,0.4666666666666667,0.2544589774078478,1,0.27586206896551724,0.27586206896551724,0
country_b20_g1.2_c360,2021/22,UECL,181,0.3344009904890745,0.6301466441060349,0.43478260869565216,0.2627209181648912,31,0.27945107823917303,0.21814293352343606,8
country_b20_g1.2_c360,2022/23,UCL,78,0.33030161228634947,0.6267212504652029,0.55,0.2621630506245891,2,0.08333333333333334,0.08333333333333334,0
country_b20_g1.2_c360,2022/23,UEL,57,0.40096429252946664,0.6463331048663468,0.5333333333333333,0.2425361649738381,5,0.38421052631578945,0.3350877192982456,3
country_b20_g1.2_c360,2022/23,UECL,177,0.33703073776041365,0.6294043468585416,0.4444444444444444,0.2644195473842127,19,0.30434136187927446,0.23996431757359496,6
country_b20_g1.2_c360,2023/24,UCL,78,0.39545889723949845,0.6543846720707442,0.45,0.23783694937541086,2,0.5,0.5,1
country_b20_g1.2_c360,2023/24,UEL,57,0.6618333518513492,0.7634854771784232,0.6,0.1742074484456756,3,0.3157894736842105,0.3157894736842105,1
country_b20_g1.2_c360,2023/24,UECL,178,0.35575545300047334,0.6363703051643192,0.4222222222222222,0.25918444640828175,23,0.34452857840742546,0.25366389838788467,6
country_b20_g1.2_c360,2024/25,UCL,81,0.3951457911339901,0.647887323943662,0.42857142857142855,0.24447492760249961,6,0.4393004115226337,0.43209876543209874,4
country_b20_g1.2_c360,2024/25,UEL,76,0.4314295128768287,0.6662735849056604,0.5789473684210527,0.2359764542936288,9,0.277046783625731,0.2697368421052631,4
country_b20_g1.2_c360,2024/25,UECL,164,0.3625520526373801,0.6429317548746518,0.43902439024390244,0.25899762046400954,31,0.31018882769472855,0.25835955940204564,7
country_b20_g1.2_c360,2025/26,UCL,82,0.4185232234644255,0.6631147540983606,0.42857142857142855,0.24643069601427717,1,0.1646341463414634,0.1646341463414634,0
country_b20_g1.2_c360,2025/26,UEL,77,0.38374528809195685,0.6455499417022931,0.55,0.25586102209478834,6,0.4913419913419914,0.4913419913419914,4
country_b20_g1.2_c360,2025/26,UECL,164,0.3129128178609452,0.6202737382378101,0.4634146341463415,0.27111838191552645,23,0.3038176033934253,0.24893955461293746,7
country_b20_g1.4_c100,2018/19,UCL,79,0.5563612264006508,0.7193732193732194,0.45,0.21150456657586925,1,0.4936708860759494,0.0,0
country_b20_g1.4_c100,2018/19,UEL,213,0.4135837308780109,0.661540827310472,0.5185185185185185,0.24366858427560673,30,0.20931142410015652,0.11525821596244132,3
country_b20_g1.4_c100,2018/19,UECL,0,,,0.0,,0,0.0,0.0,0
country_b20_g1.4_c100,2019/20,UCL,79,0.43885785069355754,0.6739606126914661,0.4,0.24675532767184744,3,0.39451476793248946,0.0,0
country_b20_g1.4_c100,2019/20,UEL,213,0.3930820750780019,0.6482404470623773,0.42592592592592593,0.2526835504419317,25,0.2368075117370892,0.1143661971830986,2
country_b20_g1.4_c100,2019/20,UECL,0,,,0.0,,0,0.0,0.0,0
country_b20_g1.4_c100,2020/21,UCL,79,0.47915063213534226,0.6960335621662853,0.55,0.22464348662073383,1,0.0,0.0,0
country_b20_g1.4_c100,2020/21,UEL,213,0.4573566377081055,0.693600960713673,0.5370370370370371,0.23174414247614009,34,0.21534106600386632,0.09748688207677438,3
country_b20_g1.4_c100,2020/21,UECL,0,,,0.0,,0,0.0,0.0,0
country_b20_g1.4_c100,2021/22,UCL,80,0.44465452944516193,0.6662030598052852,0.4,0.2446875,0,0.0,0.0,0
country_b20_g1.4_c100,2021/22,UEL,58,0.37763567648841107,0.6400817995910021,0.4,0.25980975029726516,1,0.10344827586206896,0.0,0
country_b20_g1.4_c100,2021/22,UECL,181,0.3509029007108083,0.6372673434856176,0.4782608695652174,0.2563108574219346,31,0.23739083942256284,0.08349670290500802,3
country_b20_g1.4_c100,2022/23,UCL,78,0.3665149725938675,0.6367696315593598,0.55,0.25164365548980927,2,0.14102564102564102,0.0,0
country_b20_g1.4_c100,2022/23,UEL,57,0.3750735113246896,0.6401644962302947,0.4,0.24961526623576488,5,0.21228070175438596,0.08070175438596491,0
country_b20_g1.4_c100,2022/23,UECL,177,0.34208343383352896,0.6322973073214153,0.4666666666666667,0.25774841201442755,19,0.2710377639012786,0.11299435028248589,3
country_b20_g1.4_c100,2023/24,UCL,78,0.4173565664397118,0.6635961680176861,0.45,0.23816568047337272,2,0.14743589743589744,0.09615384615384617,0
country_b20_g1.4_c100,2023/24,UEL,57,0.6669394845362556,0.7524204702627939,0.5333333333333333,0.1825176977531548,3,0.3450292397660819,0.07602339181286549,0
country_b20_g1.4_c100,2023/24,UECL,178,0.3260796918493415,0.6254401408450704,0.4888888888888889,0.2691579346042166,23,0.2966536394723987,0.11003908158280411,4
country_b20_g1.4_c100,2024/25,UCL,81,0.4729494619680482,0.6753856472166331,0.42857142857142855,0.23030025910684349,6,0.12037037037037036,0.07201646090534979,0
country_b20_g1.4_c100,2024/25,UEL,76,0.4798853222347704,0.6867138364779874,0.5263157894736842,0.23822714681440438,9,0.28581871345029236,0.1067251461988304,1
country_b20_g1.4_c100,2024/25,UECL,164,0.3585888132242381,0.6409296657381616,0.5121951219512195,0.2513756692444973,31,0.254720692368214,0.11123131392604249,6
country_b20_g1.4_c100,2025/26,UCL,82,0.44006264460632316,0.67,0.38095238095238093,0.24152290303390833,1,0.0060975609756097615,0.0,0
country_b20_g1.4_c100,2025/26,UEL,77,0.4271982106060166,0.6630392537893509,0.55,0.2430426716141002,6,0.1926406926406927,0.10173160173160173,0
country_b20_g1.4_c100,2025/26,UECL,164,0.3329075727264408,0.625491873396065,0.4146341463414634,0.2671029149315884,23,0.23488865323435842,0.09424708377518556,3
country_b20_g1.4_c140,2018/19,UCL,79,0.5469463352082548,0.7143874643874644,0.45,0.21374779682743147,1,0.5189873417721519,0.0,0
country_b20_g1.4_c140,2018/19,UEL,213,0.4144835834936946,0.661540827310472,0.5555555555555556,0.2449690317176927,30,0.2197965571205008,0.13012519561815336,3
country_b20_g1.4_c140,2018/19,UECL,0,,,0.0,,0,0.0,0.0,0
country_b20_g1.4_c140,2019/20,UCL,79,0.4309341824264653,0.6710430342815463,0.4,0.2502804037814453,3,0.3776371308016877,0.0,0
country_b20_g1.4_c140,2019/20,UEL,213,0.38647166698267593,0.6460756179831848,0.4444444444444444,0.25402808084815626,25,0.24600938967136152,0.13370892018779343,3
country_b20_g1.4_c140,2019/20,UECL,0,,,0.0,,0,0.0,0.0,0
country_b20_g1.4_c140,2020/21,UCL,79,0.47550978319302756,0.6941266209000763,0.55,0.22528440954975162,1,0.01265822784810125,0.0,0
country_b20_g1.4_c140,2020/21,UEL,213,0.44623271578580503,0.6890833190369989,0.5370370370370371,0.23643897815689127,34,0.22790665561999446,0.11854460093896713,5
country_b20_g1.4_c140,2020/21,UECL,0,,,0.0,,0,0.0,0.0,0
country_b20_g1.4_c140,2021/22,UCL,80,0.4434138968729051,0.6655076495132128,0.4,0.24593749999999998,0,0.0,0.0,0
country_b20_g1.4_c140,2021/22,UEL,58,0.40936767142569563,0.6509884117246081,0.4,0.2556480380499406,1,0.017241379310344834,0.0,0
country_b20_g1.4_c140,2021/22,UECL,181,0.3632347419312989,0.6419909757473209,0.4782608695652174,0.253746833124752,31,0.2430939226519337,0.108002138656211,3
country_b20_g1.4_c140,2022/23,UCL,78,0.3654292104682452,0.6382582806103461,0.55,0.25164365548980927,2,0.09615384615384616,0.0,0
country_b20_g1.4_c140,2022/23,UEL,57,0.3684783816861461,0.636737491432488,0.4,0.2508464142813174,5,0.2087719298245614,0.10877192982456141,0
country_b20_g1.4_c140,2022/23,UECL,177,0.3438258184945729,0.6331132705288925,0.4666666666666667,0.2573653803185547,19,0.27192982456140347,0.13722866488254537,4
country_b20_g1.4_c140,2023/24,UCL,78,0.41386212184981175,0.6624907885040531,0.45,0.23783694937541092,2,0.16025641025641021,0.1346153846153846,0
country_b20_g1.4_c140,2023/24,UEL,57,0.6752860475788914,0.760027662517289,0.5333333333333333,0.18436441982148355,3,0.31578947368421056,0.09941520467836258,0
country_b20_g1.4_c140,2023/24,UECL,178,0.33242006740141644,0.6267605633802817,0.4666666666666667,0.2651180406514329,23,0.3008060576453346,0.1342208109428432,5
country_b20_g1.4_c140,2024/25,UCL,81,0.46613993554642336,0.6730382293762576,0.38095238095238093,0.23289132754153333,6,0.14506172839506173,0.10288065843621398,1
country_b20_g1.4_c140,2024/25,UEL,76,0.47143838941944866,0.6812106918238994,0.5263157894736842,0.24238227146814398,9,0.28581871345029236,0.13742690058479534,1
country_b20_g1.4_c140,2024/25,UECL,164,0.3736424853287263,0.648241643454039,0.5365853658536586,0.24706276026174895,31,0.26101494885916604,0.13975216365066875,6
country_b20_g1.4_c140,2025/26,UCL,82,0.44284545893493044,0.6726229508196722,0.38095238095238093,0.24063057703747767,1,0.0060975609756097615,0.0,0
country_b20_g1.4_c140,2025/26,UEL,77,0.43891450474401,0.6704236300038865,0.55,0.23966942148760328,6,0.2056277056277057,0.1471861471861472,0
country_b20_g1.4_c140,2025/26,UECL,164,0.3511876651172469,0.63464499572284,0.3902439024390244,0.25884889946460443,23,0.2216330858960763,0.11611876988335101,5
country_b20_g1.4_c180,2018/19,UCL,79,0.5440654765751649,0.7136752136752137,0.45,0.21470918122095817,1,0.5189873417721519,0.0,0
country_b20_g1.4_c180,2018/19,UEL,213,0.41589889790183565,0.6624634783945871,0.5555555555555556,0.24457228504044612,30,0.22887323943661972,0.14374021909233176,3
country_b20_g1.4_c180,2018/19,UECL,0,,,0.0,,0,0.0,0.0,0
country_b20_g1.4_c180,2019/20,UCL,79,0.43116831881382883,0.6706783369803063,0.4,0.25124178817497195,3,0.36497890295358654,0.0,0
country_b20_g1.4_c180,2019/20,UEL,213,0.3824636285827475,0.6447163067009012,0.4444444444444444,0.2548215742026494,25,0.2525821596244131,0.15248826291079814,4
country_b20_g1.4_c180,2019/20,UECL,0,,,0.0,,0,0.0,0.0,0
country_b20_g1.4_c180,2020/21,UCL,79,0.47450326863900877,0.6948893974065599,0.55,0.22640602467553272,1,0.01265822784810125,0.0,0
country_b20_g1.4_c180,2020/21,UEL,213,0.4333866048612699,0.6831932292560188,0.5370370370370371,0.24093544049901916,34,0.24185307925987296,0.13815244407622201,5
country_b20_g1.4_c180,2020/21,UECL,0,,,0.0,,0,0.0,0.0,0
country_b20_g1.4_c180,2021/22,UCL,80,0.4499478950867911,0.6675938803894298,0.4,0.2453125,0,0.0,0.0,0
country_b20_g1.4_c180,2021/22,UEL,58,0.42934823012392687,0.6591683708248125,0.4,0.25089179548156954,1,0.03448275862068967,0.03448275862068967,0
country_b20_g1.4_c180,2021/22,UECL,181,0.36778204431318556,0.6433305132543711,0.45652173913043476,0.25313635114923233,31,0.2443414721083586,0.12395294956335767,4
country_b20_g1.4_c180,2022/23,UCL,78,0.3590551481072395,0.6352809825083736,0.55,0.2526298487836949,2,0.10256410256410256,0.016025641025641024,0
country_b20_g1.4_c180,2022/23,UEL,57,0.37726100481866187,0.6408498971898561,0.4,0.24961526623576488,5,0.23333333333333334,0.1385964912280702,0
country_b20_g1.4_c180,2022/23,UECL,177,0.35129678647760065,0.6364513018322083,0.4666666666666667,0.2572696223945865,19,0.28085043116265246,0.160273565269105,4
country_b20_g1.4_c180,2023/24,UCL,78,0.42745729678716043,0.6669123065585851,0.45,0.2335634451019066,2,0.1730769230769231,0.1730769230769231,0
country_b20_g1.4_c180,2023/24,UEL,57,0.6795084265298716,0.76417704011065,0.6,0.1825176977531548,3,0.304093567251462,0.1345029239766082,1
country_b20_g1.4_c180,2023/24,UECL,178,0.3385728195953178,0.6285211267605634,0.4666666666666667,0.26325590203257165,23,0.3110649731314118,0.15962383976551053,5
country_b20_g1.4_c180,2024/25,UCL,81,0.45688625523389803,0.6696847753185782,0.38095238095238093,0.23700655387898187,6,0.212962962962963,0.17592592592592593,1
country_b20_g1.4_c180,2024/25,UEL,76,0.4739130227646903,0.6800314465408805,0.5263157894736842,0.24082409972299165,9,0.26973684210526316,0.15935672514619884,3
country_b20_g1.4_c180,2024/25,UECL,164,0.37412648176787483,0.6486768802228412,0.5121951219512195,0.24925639500297445,31,0.2738001573564123,0.16689614476789927,6
country_b20_g1.4_c180,2025/26,UCL,82,0.4381672631935315,0.6722950819672131,0.38095238095238093,0.24241522903033905,1,0.0060975609756097615,0.0,0
country_b20_g1.4_c180,2025/26,UEL,77,0.4480582792362324,0.6746987951807228,0.65,0.23427222128520828,6,0.21212121212121215,0.19047619047619047,1
country_b20_g1.4_c180,2025/26,UECL,164,0.35091084009121276,0.6340461933276305,0.43902439024390244,0.25858863771564544,23,0.24151643690349947,0.1475344644750795,5
country_b20_g1.4_c220,2018/19,UCL,79,0.5378746952572482,0.7118945868945868,0.45,0.21631148854350263,1,0.5189873417721519,0.0,0
country_b20_g1.4_c220,2018/19,UEL,213,0.41879191145828076,0.6637961966271977,0.5370370370370371,0.24494699023562344,30,0.23982785602503912,0.15735524256651018,3
country_b20_g1.4_c220,2018/19,UECL,0,,,0.0,,0,0.0,0.0,0
country_b20_g1.4_c220,2019/20,UCL,79,0.4332755463001007,0.6710430342815463,0.4,0.25124178817497195,3,0.36075949367088606,0.0,0
country_b20_g1.4_c220,2019/20,UEL,213,0.3815085269004724,0.6442128580778331,0.4444444444444444,0.2549317816129957,25,0.2589671361502347,0.16619718309859152,4
country_b20_g1.4_c220,2019/20,UECL,0,,,0.0,,0,0.0,0.0,0
country_b20_g1.4_c220,2020/21,UCL,79,0.467047605275907,0.6914569031273837,0.55,0.2305720237141483,1,0.012658227848101278,0.012658227848101278,0
country_b20_g1.4_c220,2020/21,UEL,213,0.4286147867944034,0.6817635958140332,0.5370370370370371,0.2430734642597368,34,0.2512427506213753,0.15527478597072633,7
country_b20_g1.4_c220,2020/21,UECL,0,,,0.0,,0,0.0,0.0,0
country_b20_g1.4_c220,2021/22,UCL,80,0.4445127428654755,0.6648122392211405,0.4,0.24718749999999998,0,0.0,0.0,0
country_b20_g1.4_c220,2021/22,UEL,58,0.4311249724730676,0.6578050443081118,0.4666666666666667,0.2502972651605232,1,0.06896551724137931,0.06896551724137931,0
country_b20_g1.4_c220,2021/22,UECL,181,0.36866464741300625,0.6434715172024816,0.4782608695652174,0.2539299777174079,31,0.24665834967029052,0.13776510425949026,4
country_b20_g1.4_c220,2022/23,UCL,78,0.36043470469038297,0.6356531447711202,0.55,0.2518080210387902,2,0.09615384615384613,0.02884615384615384,0
country_b20_g1.4_c220,2022/23,UEL,57,0.3900594742162314,0.6490747087045922,0.4,0.2471529701446599,5,0.25438596491228066,0.17017543859649123,1
country_b20_g1.4_c220,2022/23,UECL,177,0.3535647393078133,0.6371189080928714,0.4666666666666667,0.258737910562099,19,0.2939339875111508,0.18138566755872731,4
country_b20_g1.4_c220,2023/24,UCL,78,0.42222838334971863,0.6643330876934415,0.45,0.2329059829059829,2,0.25,0.25,1
country_b20_g1.4_c220,2023/24,UEL,57,0.6968234533908689,0.7759336099585062,0.6,0.17266851338873498,3,0.2456140350877193,0.14619883040935674,1
country_b20_g1.4_c220,2023/24,UECL,178,0.34759275862475786,0.6323356807511737,0.4444444444444444,0.26237217523040024,23,0.31985832926233515,0.17867611138251102,5
country_b20_g1.4_c220,2024/25,UCL,81,0.44901949015248827,0.6693494299128102,0.38095238095238093,0.2399024538942235,6,0.2726337448559671,0.23971193415637862,2
country_b20_g1.4_c220,2024/25,UEL,76,0.4770650697072325,0.6839622641509434,0.5789473684210527,0.239612188365651,9,0.25073099415204675,0.17397660818713448,3
country_b20_g1.4_c220,2024/25,UECL,164,0.37199413174168333,0.6480675487465181,0.4634146341463415,0.2509666864961333,31,0.2800944138473642,0.1861723052714398,7
country_b20_g1.4_c220,2025/26,UCL,82,0.43997499691093395,0.6716393442622951,0.42857142857142855,0.24226650803093397,1,0.006097560975609755,0.006097560975609755,0
country_b20_g1.4_c220,2025/26,UEL,77,0.4523369259009603,0.672755538282161,0.65,0.23545285882948222,6,0.2619047619047619,0.2619047619047619,2
country_b20_g1.4_c220,2025/26,UECL,164,0.3488862988560372,0.6336184773310521,0.4634146341463415,0.2609681737061273,23,0.26139978791092255,0.17404559915164364,5
country_b20_g1.4_c260,2018/19,UCL,79,0.527111317045108,0.7065527065527065,0.45,0.21951610318859158,1,0.5189873417721519,0.0,0
country_b20_g1.4_c260,2018/19,UEL,213,0.4176696162842384,0.663488646265826,0.5370370370370371,0.24525557098459297,30,0.2468701095461659,0.16799687010954617,3
country_b20_g1.4_c260,2018/19,UECL,0,,,0.0,,0,0.0,0.0,0
country_b20_g1.4_c260,2019/20,UCL,79,0.42591873454978324,0.6684901531728665,0.4,0.25380547989104313,3,0.36075949367088606,0.0,0
country_b20_g1.4_c260,2019/20,UEL,213,0.37681020476171173,0.6426018224840155,0.4444444444444444,0.25561506755714253,25,0.2636619718309859,0.17934272300469484,5
country_b20_g1.4_c260,2019/20,UECL,0,,,0.0,,0,0.0,0.0,0
country_b20_g1.4_c260,2020/21,UCL,79,0.4681908069915826,0.6922196796338673,0.55,0.2312129466431661,1,0.0,0.0,0
country_b20_g1.4_c260,2020/21,UEL,213,0.4201425199238586,0.6783324755532681,0.5370370370370371,0.24582864951839362,34,0.2585611709472521,0.16956641811654238,7
country_b20_g1.4_c260,2020/21,UECL,0,,,0.0,,0,0.0,0.0,0
country_b20_g1.4_c260,2021/22,UCL,80,0.4387349397432507,0.6644645340751043,0.4,0.24937500000000004,0,0.0,0.0,0
country_b20_g1.4_c260,2021/22,UEL,58,0.44533891126619307,0.6646216768916156,0.4666666666666667,0.24910820451843046,1,0.08620689655172412,0.08620689655172412,0
country_b20_g1.4_c260,2021/22,UECL,181,0.36216249705044823,0.6414269599548788,0.45652173913043476,0.2552119898659992,31,0.2498663339868116,0.1516663696310818,5
country_b20_g1.4_c260,2022/23,UCL,78,0.3509438663452381,0.6334201711946409,0.55,0.2544378698224853,2,0.08974358974358976,0.04807692307692307,0
country_b20_g1.4_c260,2022/23,UEL,57,0.39929918554151755,0.6483893077450309,0.4,0.24561403508771928,5,0.28947368421052627,0.21228070175438596,1
country_b20_g1.4_c260,2022/23,UECL,177,0.3541901544569286,0.6369705511460574,0.4888888888888889,0.2604615531935268,19,0.29869164436515017,0.19655069878085044,4
country_b20_g1.4_c260,2023/24,UCL,78,0.42137390237335615,0.6617538688282977,0.45,0.23405654174884938,2,0.32051282051282054,0.32051282051282054,1
country_b20_g1.4_c260,2023/24,UEL,57,0.6927320009189887,0.7759336099585062,0.6,0.17328408741151125,3,0.2280701754385965,0.17543859649122806,1
country_b20_g1.4_c260,2023/24,UECL,178,0.3493428316725499,0.6327758215962441,0.4444444444444444,0.2629402853175104,23,0.3259648265754764,0.19382022471910113,5
country_b20_g1.4_c260,2024/25,UCL,81,0.4445859086759712,0.6666666666666666,0.38095238095238093,0.24035970126505107,6,0.31584362139917693,0.28497942386831276,3
country_b20_g1.4_c260,2024/25,UEL,76,0.47854431980746076,0.6843553459119497,0.5789473684210527,0.23632271468144042,9,0.2361111111111111,0.1871345029239766,3
country_b20_g1.4_c260,2024/25,UECL,164,0.3761800095168336,0.6481545961002786,0.43902439024390244,0.25122694824509223,31,0.28206136900078677,0.19718725413060578,7
country_b20_g1.4_c260,2025/26,UCL,82,0.42931484595922165,0.6670491803278689,0.42857142857142855,0.24405116002379534,1,0.042682926829268296,0.042682926829268296,0
country_b20_g1.4_c260,2025/26,UEL,77,0.4419402143791915,0.6677030703458997,0.65,0.2405127340192276,6,0.3246753246753246,0.3246753246753246,4
country_b20_g1.4_c260,2025/26,UECL,164,0.3449515272173321,0.632164242942686,0.43902439024390244,0.2629759071980964,23,0.2706786850477201,0.19127783669141044,5
country_b20_g1.4_c300,2018/19,UCL,79,0.5249905147322376,0.7051282051282052,0.45,0.2201570261176094,1,0.5316455696202532,0.0,0
country_b20_g1.4_c300,2018/19,UEL,213,0.41223773284782866,0.6611820185555385,0.5185185185185185,0.24710705547841036,30,0.25422535211267605,0.17879499217527386,5
country_b20_g1.4_c300,2018/19,UECL,0,,,0.0,,0,0.0,0.0,0
country_b20_g1.4_c300,2019/20,UCL,79,0.41792112847615515,0.6670313639679066,0.4,0.2557282486780964,3,0.35654008438818563,0.0,0
country_b20_g1.4_c300,2019/20,UEL,213,0.3688060510446164,0.6401349242309823,0.4074074074074074,0.2573343031585444,25,0.27079812206572773,0.19230046948356808,5
country_b20_g1.4_c300,2019/20,UECL,0,,,0.0,,0,0.0,0.0,0
country_b20_g1.4_c300,2020/21,UCL,79,0.46165467544326333,0.6887871853546911,0.55,0.23361640762698288,1,0.0,0.0,0
country_b20_g1.4_c300,2020/21,UEL,213,0.40922177760294554,0.6736432778635558,0.5185185185185185,0.24898058145429694,34,0.2679508423087545,0.1855840927920464,7
country_b20_g1.4_c300,2020/21,UECL,0,,,0.0,,0,0.0,0.0,0
country_b20_g1.4_c300,2021/22,UCL,80,0.43867586200171466,0.6648122392211405,0.45,0.24937500000000004,0,0.0,0.0,0
country_b20_g1.4_c300,2021/22,UEL,58,0.4428764087121209,0.6646216768916156,0.5333333333333333,0.2529726516052319,1,0.15517241379310345,0.15517241379310345,0
country_b20_g1.4_c300,2021/22,UECL,181,0.35504734244434477,0.6381838691483361,0.4782608695652174,0.2571044839901102,31,0.25646052397077174,0.1667260737836393,7
country_b20_g1.4_c300,2022/23,UCL,78,0.3464475337779554,0.6319315221436547,0.55,0.2555884286653518,2,0.07692307692307693,0.04807692307692307,0
country_b20_g1.4_c300,2022/23,UEL,57,0.41206500578246064,0.6538725154215216,0.4666666666666667,0.2406894429055094,5,0.3175438596491228,0.25087719298245614,2
country_b20_g1.4_c300,2022/23,UECL,177,0.35459612569407356,0.6367480157258364,0.4444444444444444,0.26119569727728303,19,0.3058281296461493,0.20963425512934886,6
country_b20_g1.4_c300,2023/24,UCL,78,0.413836614954995,0.6606484893146647,0.45,0.2360289283366206,2,0.4038461538461539,0.4038461538461539,1
country_b20_g1.4_c300,2023/24,UEL,57,0.692142831763038,0.7786998616874136,0.6,0.1665127731609726,3,0.21637426900584797,0.21637426900584797,1
country_b20_g1.4_c300,2023/24,UECL,178,0.3524213643598244,0.6346830985915493,0.4222222222222222,0.26357151874763285,23,0.3337811431362971,0.2101856375183195,5
country_b20_g1.4_c300,2024/25,UCL,81,0.42544193122352325,0.6589537223340041,0.38095238095238093,0.2431031854900168,6,0.36728395061728397,0.3425925925925926,3
country_b20_g1.4_c300,2024/25,UEL,76,0.46653059703084127,0.6808176100628931,0.631578947368421,0.23511080332409975,9,0.24195906432748535,0.20760233918128657,3
country_b20_g1.4_c300,2024/25,UECL,164,0.3770014206164171,0.6486768802228412,0.4146341463414634,0.2513756692444973,31,0.2873721479150276,0.21154602675059012,7
country_b20_g1.4_c300,2025/26,UCL,82,0.4285041047768715,0.6663934426229509,0.38095238095238093,0.24419988102320048,1,0.06707317073170732,0.06707317073170732,0
country_b20_g1.4_c300,2025/26,UEL,77,0.4271582232540098,0.6595413913719393,0.6,0.2465845842469219,6,0.4004329004329004,0.4004329004329004,4
country_b20_g1.4_c300,2025/26,UECL,164,0.3316542852951417,0.6275449101796408,0.4634146341463415,0.2668426531826294,23,0.2852598091198303,0.2098356309650053,5
country_b20_g1.4_c360,2018/19,UCL,79,0.5108559189707368,0.6994301994301995,0.45,0.22480371735298832,1,0.5316455696202532,0.0,0
country_b20_g1.4_c360,2018/19,UEL,213,0.406171919627541,0.6581065149418217,0.5185185185185185,0.2487381251515352,30,0.26314553990610334,0.19420970266040688,6
country_b20_g1.4_c360,2018/19,UECL,0,,,0.0,,0,0.0,0.0,0
country_b20_g1.4_c360,2019/20,UCL,79,0.40913485246614456,0.6604668125455871,0.4,0.25733055600064086,3,0.34388185654008435,0.0,0
country_b20_g1.4_c360,2019/20,UEL,213,0.35782865700516925,0.6356542314856769,0.42592592592592593,0.26008948841720114,25,0.28018779342723005,0.2092018779342723,7
country_b20_g1.4_c360,2019/20,UECL,0,,,0.0,,0,0.0,0.0,0
country_b20_g1.4_c360,2020/21,UCL,79,0.45760376501597805,0.6876430205949656,0.55,0.23425733055600062,1,0.025316455696202528,0.025316455696202528,0
country_b20_g1.4_c360,2020/21,UEL,213,0.39293902884923165,0.6659804426145136,0.5185185185185185,0.2523749696929622,34,0.2791355979011323,0.20733222866611434,10
country_b20_g1.4_c360,2020/21,UECL,0,,,0.0,,0,0.0,0.0,0
country_b20_g1.4_c360,2021/22,UCL,80,0.4330398454591764,0.6630737134909597,0.45,0.250625,0,0.0,0.0,0
country_b20_g1.4_c360,2021/22,UEL,58,0.4500768908639015,0.6666666666666666,0.4666666666666667,0.25475624256837104,1,0.22413793103448273,0.22413793103448273,0
country_b20_g1.4_c360,2021/22,UECL,181,0.3469306742162612,0.6346587704455725,0.45652173913043476,0.2595158877934129,31,0.2662626982712529,0.1865977544109784,7
country_b20_g1.4_c360,2022/23,UCL,78,0.3360625383881804,0.6282098995161891,0.55,0.25986193293885596,2,0.07692307692307693,0.0608974358974359,0
country_b20_g1.4_c360,2022/23,UEL,57,0.4031191368668125,0.6463331048663468,0.5333333333333333,0.2419205909510619,5,0.37368421052631573,0.3140350877192982,3
country_b20_g1.4_c360,2022/23,UECL,177,0.3460718269335886,0.6335583413693346,0.4222222222222222,0.26202559928500746,19,0.3105857865001487,0.22598870056497178,6
country_b20_g1.4_c360,2023/24,UCL,78,0.3995655073050015,0.6547531319086219,0.45,0.23948060486522024,2,0.49358974358974367,0.49358974358974367,1
country_b20_g1.4_c360,2023/24,UEL,57,0.6697544038369092,0.7669432918395575,0.6,0.1723607263773469,3,0.30409356725146197,0.30409356725146197,1
country_b20_g1.4_c360,2023/24,UECL,178,0.3561457958490875,0.6360035211267606,0.4,0.2617725034717838,23,0.34623839765510506,0.23216902784562776,6
country_b20_g1.4_c360,2024/25,UCL,81,0.4003751436447538,0.6502347417840375,0.42857142857142855,0.2446273433927755,6,0.4248971193415638,0.4166666666666667,4
country_b20_g1.4_c360,2024/25,UEL,76,0.4458763946968142,0.6733490566037735,0.5789473684210527,0.2345914127423822,9,0.2595029239766082,0.24195906432748535,4
country_b20_g1.4_c360,2024/25,UECL,164,0.3703181212152605,0.6448467966573816,0.43902439024390244,0.2542013682331945,31,0.29701022816679773,0.23131392604248624,7
country_b20_g1.4_c360,2025/26,UCL,82,0.4236506136446941,0.6667213114754098,0.42857142857142855,0.2453896490184414,1,0.11585365853658536,0.11585365853658536,0
country_b20_g1.4_c360,2025/26,UEL,77,0.40000681124139026,0.6509910610182666,0.55,0.25282509698094113,6,0.46536796536796543,0.46536796536796543,4
country_b20_g1.4_c360,2025/26,UECL,164,0.3232434871160825,0.6237810094097519,0.4634146341463415,0.2671400951814396,23,0.29931071049840935,0.22892364793213152,7
country_b20_g1.6_c100,2018/19,UCL,79,0.5529654909054768,0.717948717948718,0.45,0.2119852587726326,1,0.4810126582278481,0.0,0
country_b20_g1.6_c100,2018/19,UEL,213,0.41203041386284267,0.6610795017684146,0.5185185185185185,0.2433379620445679,30,0.20649452269170576,0.10704225352112676,3
country_b20_g1.6_c100,2018/19,UECL,0,,,0.0,,0,0.0,0.0,0
country_b20_g1.6_c100,2019/20,UCL,79,0.4377734295310318,0.6728665207877462,0.4,0.24707578913635633,3,0.4282700421940928,0.0,0
country_b20_g1.6_c100,2019/20,UEL,213,0.3923164876585698,0.6471328600916276,0.42592592592592593,0.2527496748881395,25,0.2339906103286385,0.10262910798122066,2
country_b20_g1.6_c100,2019/20,UECL,0,,,0.0,,0,0.0,0.0,0
country_b20_g1.6_c100,2020/21,UCL,79,0.47961039804273353,0.6964149504195271,0.55,0.224323025156225,1,0.025316455696202528,0.0,0
country_b20_g1.6_c100,2020/21,UEL,213,0.45854604464448034,0.6940584434151084,0.5370370370370371,0.22995878242853052,34,0.21396023198011593,0.08933996133664734,3
country_b20_g1.6_c100,2020/21,UECL,0,,,0.0,,0,0.0,0.0,0
country_b20_g1.6_c100,2021/22,UCL,80,0.4429767215855384,0.6655076495132128,0.4,0.24468750000000003,0,0.0,0.0,0
country_b20_g1.6_c100,2021/22,UEL,58,0.37763567648841107,0.6400817995910021,0.4,0.25980975029726516,1,0.13793103448275862,0.0,0
country_b20_g1.6_c100,2021/22,UECL,181,0.34641505359000135,0.6352227862380146,0.4782608695652174,0.2567687189035744,31,0.24255925859918018,0.07369452860452681,3
country_b20_g1.6_c100,2022/23,UCL,78,0.36601679938328785,0.6371417938221065,0.55,0.25197238658777116,2,0.16025641025641024,0.0,0
country_b20_g1.6_c100,2022/23,UEL,57,0.37468172144517214,0.6394790952707334,0.4,0.25023084025854114,5,0.21578947368421053,0.07017543859649122,0
country_b20_g1.6_c100,2022/23,UECL,177,0.34000200832849103,0.6316297010607522,0.4666666666666667,0.2574611382425229,19,0.2722271781147785,0.10199226880761227,2
country_b20_g1.6_c100,2023/24,UCL,78,0.41387487529722017,0.6613854089904201,0.45,0.23783694937541086,2,0.14743589743589744,0.09615384615384617,0
country_b20_g1.6_c100,2023/24,UEL,57,0.6670704110153558,0.7531120331950207,0.5333333333333333,0.1825176977531548,3,0.3450292397660819,0.07602339181286549,0
country_b20_g1.6_c100,2023/24,UECL,178,0.3196530526843131,0.6223591549295775,0.4888888888888889,0.27165130665320036,23,0.3054469956033219,0.10368832437713726,4
country_b20_g1.6_c100,2024/25,UCL,81,0.4733814519580679,0.675720992622401,0.42857142857142855,0.22999542752629173,6,0.12448559670781893,0.07201646090534979,0
country_b20_g1.6_c100,2024/25,UEL,76,0.4836041846362786,0.6875,0.5263157894736842,0.23666897506925208,9,0.27997076023391815,0.09649122807017545,1
country_b20_g1.6_c100,2024/25,UECL,164,0.3511850505522346,0.637883008356546,0.4634146341463415,0.2540154669839381,31,0.25786782061369,0.10188827694728561,4
country_b20_g1.6_c100,2025/26,UCL,82,0.4405008830832692,0.670327868852459,0.38095238095238093,0.24122546103509812,1,0.0060975609756097615,0.0,0
country_b20_g1.6_c100,2025/26,UEL,77,0.4321566422548602,0.6661484648270501,0.55,0.2420306965761511,6,0.17532467532467533,0.08874458874458875,0
country_b20_g1.6_c100,2025/26,UECL,164,0.32589329482797214,0.6229255774165954,0.4146341463414634,0.2697427126710292,23,0.2317073170731707,0.08390774125132555,3
country_b20_g1.6_c140,2018/19,UCL,79,0.5497046041122771,0.7161680911680912,0.45,0.21246595096939594,1,0.4810126582278481,0.0,0
country_b20_g1.6_c140,2018/19,UEL,213,0.41378285792741987,0.6614383105233482,0.5555555555555556,0.24450616059423835,30,0.21635367762128327,0.12190923317683881,3
country_b20_g1.6_c140,2018/19,UECL,0,,,0.0,,0,0.0,0.0,0
country_b20_g1.6_c140,2019/20,UCL,79,0.4325115222992302,0.6714077315827863,0.4,0.2496394808524275,3,0.41561181434599154,0.0,0
country_b20_g1.6_c140,2019/20,UEL,213,0.3925831881940277,0.6482907919246841,0.4444444444444444,0.2530141726729705,25,0.2405633802816901,0.11943661971830988,2
country_b20_g1.6_c140,2019/20,UECL,0,,,0.0,,0,0.0,0.0,0
country_b20_g1.6_c140,2020/21,UCL,79,0.4781441175813235,0.6956521739130435,0.55,0.22464348662073383,1,0.025316455696202528,0.0,0
country_b20_g1.6_c140,2020/21,UEL,213,0.4494829443933936,0.6902842111282668,0.5370370370370371,0.2342127884678966,34,0.2232118199392433,0.10818834576083955,4
country_b20_g1.6_c140,2020/21,UECL,0,,,0.0,,0,0.0,0.0,0
country_b20_g1.6_c140,2021/22,UCL,80,0.44173608901328154,0.6651599443671766,0.4,0.24562499999999998,0,0.0,0.0,0
country_b20_g1.6_c140,2021/22,UEL,58,0.40999108979381516,0.6516700749829584,0.4,0.2538644470868014,1,0.03448275862068964,0.0,0
country_b20_g1.6_c140,2021/22,UECL,181,0.3594214044965338,0.6410744500846024,0.5,0.2541131223100638,31,0.24487613616111212,0.09303154517911245,3
country_b20_g1.6_c140,2022/23,UCL,78,0.3651226423386578,0.6371417938221065,0.55,0.2519723865877711,2,0.14102564102564102,0.0,0
country_b20_g1.6_c140,2022/23,UEL,57,0.3683477850596403,0.6374228923920493,0.4,0.2508464142813174,5,0.21578947368421048,0.10526315789473684,0
country_b20_g1.6_c140,2022/23,UECL,177,0.33936781542289696,0.631332987167124,0.4666666666666667,0.25809952440231093,19,0.27757954207552776,0.12578055307760927,4
country_b20_g1.6_c140,2023/24,UCL,78,0.4142064649298384,0.6621223286661754,0.45,0.23717948717948717,2,0.16666666666666666,0.14102564102564105,0
country_b20_g1.6_c140,2023/24,UEL,57,0.6778063823015695,0.760027662517289,0.5333333333333333,0.18190212373037862,3,0.304093567251462,0.09941520467836258,0
country_b20_g1.6_c140,2023/24,UECL,178,0.3260311685670552,0.6241197183098591,0.4666666666666667,0.26874763287463704,23,0.30520273571079626,0.12335124572545189,5
country_b20_g1.6_c140,2024/25,UCL,81,0.46907292021550384,0.6743796109993293,0.38095238095238093,0.23258649596098152,6,0.14506172839506173,0.10288065843621398,1
country_b20_g1.6_c140,2024/25,UEL,76,0.48274704906418375,0.6859276729559748,0.5263157894736842,0.23943905817174513,9,0.2814327485380117,0.12280701754385964,1
country_b20_g1.6_c140,2024/25,UECL,164,0.3673159604455706,0.6448467966573816,0.5365853658536586,0.24854997025580014,31,0.25885129819040126,0.12293469708890636,6
country_b20_g1.6_c140,2025/26,UCL,82,0.440632354626353,0.670655737704918,0.38095238095238093,0.24092801903628794,1,0.0060975609756097615,0.0,0
country_b20_g1.6_c140,2025/26,UEL,77,0.4474851271908015,0.6743101438010105,0.55,0.23764547141170522,6,0.18831168831168832,0.1341991341991342,0
country_b20_g1.6_c140,2025/26,UECL,164,0.3476963644157708,0.63267750213858,0.3902439024390244,0.26033610945865554,23,0.21580063626723223,0.1014050901378579,5
country_b20_g1.6_c180,2018/19,UCL,79,0.547142478774763,0.7154558404558404,0.45,0.21438871975644927,1,0.4936708860759494,0.0,0
country_b20_g1.6_c180,2018/19,UEL,213,0.41646477160553586,0.6628222871495207,0.5555555555555556,0.2449690317176927,30,0.2251173708920188,0.134037558685446,3
country_b20_g1.6_c180,2018/19,UECL,0,,,0.0,,0,0.0,0.0,0
country_b20_g1.6_c180,2019/20,UCL,79,0.4273728447449884,0.6703136396790663,0.4,0.25220317256849867,3,0.39029535864978904,0.0,0
country_b20_g1.6_c180,2019/20,UEL,213,0.38783654619354874,0.6468307909177868,0.4444444444444444,0.2538737904736714,25,0.24582159624413147,0.13615023474178403,3
country_b20_g1.6_c180,2019/20,UECL,0,,,0.0,,0,0.0,0.0,0
country_b20_g1.6_c180,2020/21,UCL,79,0.4732979363953073,0.6941266209000763,0.55,0.22608556321102385,1,0.025316455696202528,0.0,0
country_b20_g1.6_c180,2020/21,UEL,213,0.44173373889794443,0.6865099788414251,0.5370370370370371,0.2379818819017391,34,0.23646782656724663,0.12655343827671914,5
country_b20_g1.6_c180,2020/21,UECL,0,,,0.0,,0,0.0,0.0,0
country_b20_g1.6_c180,2021/22,UCL,80,0.44315395481014647,0.6648122392211405,0.4,0.246875,0,0.0,0.0,0
country_b20_g1.6_c180,2021/22,UEL,58,0.4295664265527687,0.6591683708248125,0.4,0.24970273483947683,1,0.0,0.0,0
country_b20_g1.6_c180,2021/22,UECL,181,0.3667323514279169,0.6434715172024816,0.45652173913043476,0.2524648209761607,31,0.24523257886294778,0.11014079486722508,4
country_b20_g1.6_c180,2022/23,UCL,78,0.3655058525006421,0.6378861183475996,0.55,0.2513149243918474,2,0.10256410256410257,0.0,0
country_b20_g1.6_c180,2022/23,UEL,57,0.3808524120475717,0.6408498971898561,0.4,0.24838411819021236,5,0.2263157894736842,0.1280701754385965,0
country_b20_g1.6_c180,2022/23,UECL,177,0.347957947356973,0.6344484830502188,0.4666666666666667,0.2569823486226818,19,0.28203984537615223,0.1473386856972941,4
country_b20_g1.6_c180,2023/24,UCL,78,0.4093984152568737,0.6595431098010317,0.45,0.23717948717948717,2,0.16666666666666666,0.16025641025641027,0
country_b20_g1.6_c180,2023/24,UEL,57,0.689000596264634,0.7669432918395575,0.6,0.1806709756848261,3,0.2923976608187135,0.12280701754385966,1
country_b20_g1.6_c180,2023/24,UECL,178,0.3307864502311114,0.625293427230047,0.4444444444444444,0.2653389723519758,23,0.31326331216414266,0.14545676599902296,5
country_b20_g1.6_c180,2024/25,UCL,81,0.45780707600209775,0.670690811535882,0.38095238095238093,0.23700655387898184,6,0.2088477366255144,0.17181069958847736,1
country_b20_g1.6_c180,2024/25,UEL,76,0.4819452125612564,0.6863207547169812,0.5263157894736842,0.2392659279778393,9,0.2785087719298246,0.1476608187134503,2
country_b20_g1.6_c180,2024/25,UECL,164,0.3735069663257647,0.648241643454039,0.5365853658536586,0.24884741225461035,31,0.2708497246262785,0.15076711250983477,6
country_b20_g1.6_c180,2025/26,UCL,82,0.43666629640999144,0.67,0.38095238095238093,0.24271267102914937,1,0.0060975609756097615,0.0,0
country_b20_g1.6_c180,2025/26,UEL,77,0.4552693317147926,0.6774193548387096,0.65,0.23191094619666044,6,0.2012987012987013,0.17965367965367962,1
country_b20_g1.6_c180,2025/26,UECL,164,0.35557554836572947,0.6357570573139435,0.4146341463414634,0.2576219512195122,23,0.22375397667020144,0.12393955461293743,5
country_b20_g1.6_c220,2018/19,UCL,79,0.5364036185084364,0.7104700854700855,0.45,0.216792180740266,1,0.5189873417721519,0.0,0
country_b20_g1.6_c220,2018/19,UEL,213,0.4202790628399428,0.6646675893177508,0.5555555555555556,0.24395512354250698,30,0.23153364632237874,0.1440532081377152,3
country_b20_g1.6_c220,2018/19,UECL,0,,,0.0,,0,0.0,0.0,0
country_b20_g1.6_c220,2019/20,UCL,79,0.4234294950630762,0.6688548504741065,0.4,0.25316455696202533,3,0.3860759493670886,0.0,0
country_b20_g1.6_c220,2019/20,UEL,213,0.384607900887829,0.6457232039470372,0.4444444444444444,0.254270537150918,25,0.2523943661971831,0.15098591549295773,4
country_b20_g1.6_c220,2019/20,UECL,0,,,0.0,,0,0.0,0.0,0
country_b20_g1.6_c220,2020/21,UCL,79,0.47189378646192315,0.6933638443935927,0.55,0.2283287934625861,1,0.01265822784810125,0.0,0
country_b20_g1.6_c220,2020/21,UEL,213,0.43154766821506335,0.6827929318922629,0.5370370370370371,0.24113381383764243,34,0.24668599834299912,0.14188069594034797,6
country_b20_g1.6_c220,2020/21,UECL,0,,,0.0,,0,0.0,0.0,0
country_b20_g1.6_c220,2021/22,UCL,80,0.4478092808431865,0.6662030598052852,0.4,0.246875,0,0.0,0.0,0
country_b20_g1.6_c220,2021/22,UEL,58,0.4338368423743875,0.6605316973415133,0.4666666666666667,0.2485136741973841,1,0.03448275862068967,0.03448275862068967,0
country_b20_g1.6_c220,2021/22,UECL,181,0.3686687477758393,0.6433305132543711,0.4782608695652174,0.25283111016147247,31,0.2475494564248797,0.1240420602388166,4
country_b20_g1.6_c220,2022/23,UCL,78,0.3646500164722105,0.637513956084853,0.55,0.2509861932938855,2,0.08974358974358973,0.009615384615384609,0
country_b20_g1.6_c220,2022/23,UEL,57,0.3961648665053781,0.6490747087045922,0.4,0.2453062480763312,5,0.25087719298245614,0.15964912280701754,1
country_b20_g1.6_c220,2022/23,UECL,177,0.3500766783270459,0.6355611601513241,0.4666666666666667,0.25771649270643815,19,0.2891763306571513,0.16413916146297952,4
country_b20_g1.6_c220,2023/24,UCL,78,0.42170549200597446,0.6632277081798084,0.45,0.23454963839579226,2,0.25,0.25,1
country_b20_g1.6_c220,2023/24,UEL,57,0.693026585496964,0.7717842323651453,0.6,0.17759310557094493,3,0.2456140350877193,0.14619883040935674,1
country_b20_g1.6_c220,2023/24,UECL,178,0.3356926932178361,0.6270539906103286,0.4666666666666667,0.26518116399444513,23,0.31985832926233515,0.1647532975085491,5
country_b20_g1.6_c220,2024/25,UCL,81,0.44974705224094236,0.6690140845070423,0.38095238095238093,0.23990245389422343,6,0.2726337448559671,0.23765432098765435,2
country_b20_g1.6_c220,2024/25,UEL,76,0.47807427771953775,0.6831761006289309,0.5789473684210527,0.2387465373961219,9,0.2536549707602339,0.16228070175438597,2
country_b20_g1.6_c220,2024/25,UECL,164,0.37775092367361285,0.6496344011142061,0.5121951219512195,0.2491448542534206,31,0.2749803304484657,0.167486231313926,6
country_b20_g1.6_c220,2025/26,UCL,82,0.43878079706125594,0.67,0.42857142857142855,0.2425639500297442,1,0.0060975609756097615,0.0,0
country_b20_g1.6_c220,2025/26,UEL,77,0.46149402951051827,0.6754760979401477,0.65,0.23342890875358413,6,0.24458874458874455,0.24458874458874455,2
country_b20_g1.6_c220,2025/26,UECL,164,0.35604931855953925,0.6360136869118905,0.4634146341463415,0.25870017846519927,23,0.24787910922587486,0.15204135737009544,5
country_b20_g1.6_c260,2018/19,UCL,79,0.5265474042913968,0.7072649572649573,0.45,0.21967633392084604,1,0.5189873417721519,0.0,0
country_b20_g1.6_c260,2018/19,UEL,213,0.41945545824001385,0.6645138141370649,0.5370370370370371,0.24430778725561506,30,0.24061032863849763,0.15563380281690142,3
country_b20_g1.6_c260,2018/19,UECL,0,,,0.0,,0,0.0,0.0,0
country_b20_g1.6_c260,2019/20,UCL,79,0.4196586669297477,0.6677607585703865,0.4,0.25476686428456985,3,0.38185654008438813,0.0,0
country_b20_g1.6_c260,2019/20,UEL,213,0.3846656337096222,0.6456225142224236,0.4444444444444444,0.2542484956688488,25,0.2580281690140845,0.1645070422535211,4
country_b20_g1.6_c260,2019/20,UECL,0,,,0.0,,0,0.0,0.0,0
country_b20_g1.6_c260,2020/21,UCL,79,0.47107366349198193,0.6933638443935927,0.55,0.2302515622496394,1,0.01265822784810125,0.0,0
country_b20_g1.6_c260,2020/21,UEL,213,0.42847223856612854,0.6813632984502773,0.5370370370370371,0.2428971324031828,34,0.25510908588787634,0.15582711958022644,7
country_b20_g1.6_c260,2020/21,UECL,0,,,0.0,,0,0.0,0.0,0
country_b20_g1.6_c260,2021/22,UCL,80,0.44252773074986446,0.6651599443671766,0.45,0.248125,0,0.0,0.0,0
country_b20_g1.6_c260,2021/22,UEL,58,0.44275172503849697,0.6625766871165644,0.4666666666666667,0.2491082045184304,1,0.06896551724137931,0.06896551724137931,0
country_b20_g1.6_c260,2021/22,UECL,181,0.3677020872379405,0.6431895093062606,0.4782608695652174,0.2532279234455602,31,0.24968811263589377,0.1360720014257708,5
country_b20_g1.6_c260,2022/23,UCL,78,0.3585825222407921,0.6352809825083736,0.55,0.25279421433267585,2,0.07692307692307693,0.016025641025641024,0
country_b20_g1.6_c260,2022/23,UEL,57,0.4005725026499492,0.6490747087045922,0.4,0.24469067405355494,5,0.2789473684210526,0.19473684210526315,1
country_b20_g1.6_c260,2022/23,UECL,177,0.35301393508876794,0.6371189080928714,0.4666666666666667,0.2591209422579719,19,0.2977995837050253,0.1804936068986025,4
country_b20_g1.6_c260,2023/24,UCL,78,0.419460885262097,0.6624907885040531,0.45,0.23471400394477313,2,0.3012820512820513,0.3012820512820513,1
country_b20_g1.6_c260,2023/24,UEL,57,0.6963979423337934,0.7752420470262794,0.6,0.17266851338873498,3,0.21637426900584797,0.16374269005847952,1
country_b20_g1.6_c260,2023/24,UECL,178,0.34395782563393384,0.6302083333333334,0.4444444444444444,0.26413962883474307,23,0.32767464582315586,0.17965315095261356,5
country_b20_g1.6_c260,2024/25,UCL,81,0.44247143135640155,0.6659959758551308,0.38095238095238093,0.24005486968449935,6,0.3117283950617284,0.2788065843621399,3
country_b20_g1.6_c260,2024/25,UEL,76,0.4846963412523349,0.6871069182389937,0.5263157894736842,0.2356301939058172,9,0.23757309941520466,0.17543859649122806,3
country_b20_g1.6_c260,2024/25,UECL,164,0.3723329292490873,0.6480675487465181,0.4634146341463415,0.2510410469958358,31,0.28324154209284025,0.1838119590873328,6
country_b20_g1.6_c260,2025/26,UCL,82,0.43504481404529105,0.6680327868852459,0.42857142857142855,0.24315883402736466,1,0.0060975609756097615,0.0,0
country_b20_g1.6_c260,2025/26,UEL,77,0.448204899526924,0.6696463272444617,0.65,0.23882610895597917,6,0.30735930735930733,0.30735930735930733,4
country_b20_g1.6_c260,2025/26,UECL,164,0.35300975222890496,0.6347305389221557,0.4634146341463415,0.26018738845925043,23,0.2621951219512195,0.1735153764581124,5
country_b20_g1.6_c300,2018/19,UCL,79,0.5244143430056196,0.7065527065527065,0.45,0.22095817977888166,1,0.5189873417721519,0.0,0
country_b20_g1.6_c300,2018/19,UEL,213,0.41740747434577585,0.6633348710851402,0.5185185185185185,0.24523352950252372,30,0.24906103286384979,0.16658841940532082,4
country_b20_g1.6_c300,2018/19,UECL,0,,,0.0,,0,0.0,0.0,0
country_b20_g1.6_c300,2019/20,UCL,79,0.41793345144391114,0.6666666666666666,0.4,0.2554077872135875,3,0.37341772151898733,0.0,0
country_b20_g1.6_c300,2019/20,UEL,213,0.3786294161788704,0.6435080300055379,0.4444444444444444,0.25550486014679624,25,0.26366197183098594,0.17502347417840375,5
country_b20_g1.6_c300,2019/20,UECL,0,,,0.0,,0,0.0,0.0,0
country_b20_g1.6_c300,2020/21,UCL,79,0.4657677163985745,0.6918382913806255,0.55,0.23297548469796509,1,0.025316455696202528,0.0,0
country_b20_g1.6_c300,2020/21,UEL,213,0.4191795131147438,0.6776462515011151,0.5370370370370371,0.24563027617977032,34,0.2636702568351284,0.17046396023198016,7
country_b20_g1.6_c300,2020/21,UECL,0,,,0.0,,0,0.0,0.0,0
country_b20_g1.6_c300,2021/22,UCL,80,0.4334297585533143,0.6630737134909597,0.45,0.250625,0,0.0,0.0,0
country_b20_g1.6_c300,2021/22,UEL,58,0.45020157453752546,0.6659850034083163,0.5333333333333333,0.2511890606420928,1,0.10344827586206898,0.10344827586206898,0
country_b20_g1.6_c300,2021/22,UECL,181,0.3652859484385476,0.6434715172024816,0.43478260869565216,0.2540825982112878,31,0.25271787560149706,0.14694350383175905,5
country_b20_g1.6_c300,2022/23,UCL,78,0.3511737924424287,0.6334201711946409,0.55,0.25460223537146615,2,0.0641025641025641,0.03525641025641024,0
country_b20_g1.6_c300,2022/23,UEL,57,0.41281593638486896,0.654557916381083,0.4666666666666667,0.2409972299168975,5,0.2964912280701754,0.22982456140350874,1
country_b20_g1.6_c300,2022/23,UECL,177,0.3515337859025285,0.6364513018322083,0.4666666666666667,0.2608445848893996,19,0.3073148974130241,0.19714540588760038,4
country_b20_g1.6_c300,2023/24,UCL,78,0.4116812823429763,0.6595431098010317,0.45,0.23635765943458245,2,0.4038461538461539,0.4038461538461539,1
country_b20_g1.6_c300,2023/24,UEL,57,0.6965943320524437,0.7793914246196404,0.6,0.16682056017236074,3,0.2222222222222222,0.20760233918128654,1
country_b20_g1.6_c300,2023/24,UECL,178,0.34516120303463377,0.6306484741784038,0.4444444444444444,0.2645814922358288,23,0.3315828041035662,0.19284318514899854,5
country_b20_g1.6_c300,2024/25,UCL,81,0.4268743190851672,0.6592890677397719,0.42857142857142855,0.24279835390946503,6,0.36522633744855965,0.33641975308641975,3
country_b20_g1.6_c300,2024/25,UEL,76,0.47676092482681187,0.684748427672956,0.631578947368421,0.2344182825484765,9,0.2419590643274854,0.195906432748538,3
country_b20_g1.6_c300,2024/25,UECL,164,0.376713788446866,0.6486768802228412,0.43902439024390244,0.25078078524687686,31,0.2848151062155783,0.19463021243115655,7
country_b20_g1.6_c300,2025/26,UCL,82,0.4312650071816315,0.6677049180327869,0.38095238095238093,0.24315883402736466,1,0.0060975609756097615,0.0,0
country_b20_g1.6_c300,2025/26,UEL,77,0.43611539010353373,0.6649825106879129,0.65,0.24422330915837415,6,0.3701298701298701,0.3701298701298701,4
country_b20_g1.6_c300,2025/26,UECL,164,0.34934078770475013,0.6335329341317365,0.4634146341463415,0.2613027959547888,23,0.2704135737009544,0.18756627783669141,5
country_b20_g1.6_c360,2018/19,UCL,79,0.5174635053674834,0.7019230769230769,0.45,0.22320141003044383,1,0.5189873417721519,0.0,0
country_b20_g1.6_c360,2018/19,UEL,213,0.4163463036141153,0.6621559280332154,0.5185185185185185,0.24547598580528557,30,0.2587636932707355,0.1803599374021909,4
country_b20_g1.6_c360,2018/19,UECL,0,,,0.0,,0,0.0,0.0,0
country_b20_g1.6_c360,2019/20,UCL,79,0.4160603603450028,0.6633843909555069,0.4,0.2563691716071142,3,0.36497890295358654,0.0,0
country_b20_g1.6_c360,2019/20,UEL,213,0.36969588953703825,0.6396314756079142,0.42592592592592593,0.2575767594613062,25,0.271924882629108,0.19098591549295776,5
country_b20_g1.6_c360,2019/20,UECL,0,,,0.0,,0,0.0,0.0,0
country_b20_g1.6_c360,2020/21,UCL,79,0.45590138854806983,0.686880244088482,0.55,0.23553917641403627,1,0.0,0.0,0
country_b20_g1.6_c360,2020/21,UEL,213,0.4068223232627532,0.6725567564476468,0.5,0.24902466441843546,34,0.27568351284175646,0.18965755316210992,8
country_b20_g1.6_c360,2020/21,UECL,0,,,0.0,,0,0.0,0.0,0
country_b20_g1.6_c360,2021/22,UCL,80,0.4353911395723108,0.6641168289290682,0.45,0.25,0,0.0,0.0,0
country_b20_g1.6_c360,2021/22,UEL,58,0.45949050822250664,0.6693933197000682,0.4666666666666667,0.25237812128418546,1,0.17241379310344826,0.17241379310344826,0
country_b20_g1.6_c360,2021/22,UECL,181,0.35581308520342264,0.6388183869148336,0.45652173913043476,0.2566160984096944,31,0.25556941721618254,0.16137943325610407,6
country_b20_g1.6_c360,2022/23,UCL,78,0.3400862450890157,0.6293263863044287,0.55,0.2569033530571993,2,0.07051282051282048,0.04807692307692307,0
country_b20_g1.6_c360,2022/23,UEL,57,0.40942042409571794,0.6497601096641535,0.5333333333333333,0.24007386888273316,5,0.35964912280701755,0.2964912280701754,3
country_b20_g1.6_c360,2022/23,UECL,177,0.3538829329801702,0.6366738372524293,0.4222222222222222,0.2614510517411983,19,0.31088314005352363,0.20993160868272379,4
country_b20_g1.6_c360,2023/24,UCL,78,0.4057509292980728,0.6584377302873987,0.45,0.23717948717948714,2,0.4551282051282052,0.4551282051282052,1
country_b20_g1.6_c360,2023/24,UEL,57,0.6810795442790738,0.7724757952973721,0.6,0.16897506925207753,3,0.2807017543859649,0.2807017543859649,1
country_b20_g1.6_c360,2023/24,UECL,178,0.34696842572600756,0.6318221830985915,0.4222222222222222,0.2648971089508901,23,0.33988764044943814,0.20994137762579387,6
country_b20_g1.6_c360,2024/25,UCL,81,0.39784004449279664,0.6495640509725017,0.42857142857142855,0.24554183813443073,6,0.4351851851851853,0.41460905349794236,4
country_b20_g1.6_c360,2024/25,UEL,76,0.46351679776121746,0.6812106918238994,0.5789473684210527,0.2323407202216067,9,0.24488304093567248,0.21710526315789472,3
country_b20_g1.6_c360,2024/25,UECL,164,0.378680196836778,0.6498955431754875,0.43902439024390244,0.2501859012492564,31,0.2867820613690008,0.20721872541306058,7
country_b20_g1.6_c360,2025/26,UCL,82,0.4306405173519834,0.669016393442623,0.42857142857142855,0.24345627602617487,1,0.042682926829268296,0.042682926829268296,0
country_b20_g1.6_c360,2025/26,UEL,77,0.4094704845496671,0.6537116206762534,0.55,0.25012649687974364,6,0.44588744588744583,0.44588744588744583,4
country_b20_g1.6_c360,2025/26,UECL,164,0.33701312199314715,0.6300256629597947,0.4878048780487805,0.26450029744199877,23,0.28499469777306474,0.20718451749734887,6
country_b20_g2.0_c100,2018/19,UCL,79,0.5567412545607605,0.7186609686609686,0.45,0.21038295145008815,1,0.4556962025316456,0.0,0
country_b20_g2.0_c100,2018/19,UEL,213,0.41507025211078247,0.6623097032139013,0.5185185185185185,0.2419713901562741,30,0.19115805946791864,0.08575899843505477,3
country_b20_g2.0_c100,2018/19,UECL,0,,,0.0,,0,0.0,0.0,0
country_b20_g2.0_c100,2019/20,UCL,79,0.43592498436763544,0.6717724288840262,0.4,0.24707578913635642,3,0.46202531645569617,0.0,0
country_b20_g2.0_c100,2019/20,UEL,213,0.39566938403727936,0.6492976891708201,0.42592592592592593,0.25105248076880693,25,0.22741784037558688,0.08488262910798122,1
country_b20_g2.0_c100,2019/20,UECL,0,,,0.0,,0,0.0,0.0,0
country_b20_g2.0_c100,2020/21,UCL,79,0.4772121596609358,0.6948893974065599,0.55,0.22416279442397052,1,0.03797468354430379,0.0,0
country_b20_g2.0_c100,2020/21,UEL,213,0.46333914819339683,0.696059930233888,0.5370370370370371,0.22641010381538054,34,0.2110604805302403,0.07415078707539353,2
country_b20_g2.0_c100,2020/21,UECL,0,,,0.0,,0,0.0,0.0,0
country_b20_g2.0_c100,2021/22,UCL,80,0.4462850751115567,0.6662030598052852,0.4,0.24375,0,0.0,0.0,0
country_b20_g2.0_c100,2021/22,UEL,58,0.38352698006714075,0.6421267893660532,0.4,0.25951248513674197,1,0.1724137931034483,0.0,0
country_b20_g2.0_c100,2021/22,UECL,181,0.3308346999150024,0.6300056401579244,0.4782608695652174,0.25771496596562987,31,0.24648012831937266,0.055070397433612535,1
country_b20_g2.0_c100,2022/23,UCL,78,0.36712810885304237,0.6382582806103461,0.55,0.25131492439184744,2,0.20512820512820512,0.0,0
country_b20_g2.0_c100,2022/23,UEL,57,0.3740613874692695,0.6381082933516107,0.4,0.24899969221298862,5,0.21578947368421048,0.04912280701754386,0
country_b20_g2.0_c100,2022/23,UECL,177,0.3325200681498648,0.6285883836510645,0.4888888888888889,0.25921670018194004,19,0.26717216770740404,0.079988105857865,2
country_b20_g2.0_c100,2023/24,UCL,78,0.4073196033293054,0.6584377302873987,0.45,0.2365220249835634,2,0.14743589743589744,0.09615384615384617,0
country_b20_g2.0_c100,2023/24,UEL,57,0.6715546429245366,0.7572614107883817,0.5333333333333333,0.18005540166204984,3,0.3450292397660819,0.07017543859649122,0
country_b20_g2.0_c100,2023/24,UECL,178,0.312714223317374,0.6189847417840375,0.4888888888888889,0.2746181037747759,23,0.31057645334636047,0.09196384953590621,3
country_b20_g2.0_c100,2024/25,UCL,81,0.47108508411638467,0.6737089201877934,0.38095238095238093,0.23151958542905043,6,0.13271604938271606,0.07201646090534979,0
country_b20_g2.0_c100,2024/25,UEL,76,0.48815253307529793,0.6898584905660378,0.5263157894736842,0.2356301939058172,9,0.27119883040935666,0.0804093567251462,0
country_b20_g2.0_c100,2024/25,UECL,164,0.33665962598990273,0.6331824512534819,0.4634146341463415,0.25892325996430693,31,0.27104642014162084,0.08998819826907947,4
country_b20_g2.0_c100,2025/26,UCL,82,0.43940528689090413,0.669672131147541,0.38095238095238093,0.24211778703152884,1,0.01829268292682927,0.0,0
country_b20_g2.0_c100,2025/26,UEL,77,0.4359421115781709,0.6677030703458997,0.55,0.2420306965761511,6,0.15800865800865804,0.06926406926406926,0
country_b20_g2.0_c100,2025/26,UECL,164,0.31968607894570256,0.621300256629598,0.4146341463414634,0.27204788816180847,23,0.22879109225874866,0.06720572640509015,2
country_b20_g2.0_c140,2018/19,UCL,79,0.5561528238612358,0.7197293447293447,0.45,0.21134433584361484,1,0.4683544303797469,0.0,0
country_b20_g2.0_c140,2018/19,UEL,213,0.41658260944806585,0.6632836126915782,0.5370370370370371,0.24261059313628253,30,0.20539906103286387,0.102660406885759,3
country_b20_g2.0_c140,2018/19,UECL,0,,,0.0,,0,0.0,0.0,0
country_b20_g2.0_c140,2019/20,UCL,79,0.4338670487523875,0.6721371261852662,0.4,0.24867809645890085,3,0.4535864978902953,0.0,0
country_b20_g2.0_c140,2019/20,UEL,213,0.3937334519151908,0.6487942405477521,0.4444444444444444,0.25250721858537767,25,0.23305164319248825,0.10037558685446007,2
country_b20_g2.0_c140,2019/20,UECL,0,,,0.0,,0,0.0,0.0,0
country_b20_g2.0_c140,2020/21,UCL,79,0.476280201740548,0.6948893974065599,0.55,0.22544464028200606,1,0.03797468354430379,0.0,0
country_b20_g2.0_c140,2020/21,UEL,213,0.45588148930057315,0.6921713272716875,0.5370370370370371,0.23073023430095438,34,0.21796465064899204,0.09127312896989782,3
country_b20_g2.0_c140,2020/21,UECL,0,,,0.0,,0,0.0,0.0,0
country_b20_g2.0_c140,2021/22,UCL,80,0.4388294641297084,0.663769123783032,0.4,0.24593749999999998,0,0.0,0.0,0
country_b20_g2.0_c140,2021/22,UEL,58,0.4048790591752349,0.6503067484662577,0.4,0.2544589774078478,1,0.13793103448275862,0.0,0
country_b20_g2.0_c140,2021/22,UECL,181,0.34960411078342996,0.6371968415115623,0.4782608695652174,0.2543878391990477,31,0.24861878453038674,0.07111031901621814,2
country_b20_g2.0_c140,2022/23,UCL,78,0.362389076516503,0.6356531447711202,0.55,0.2526298487836949,2,0.16025641025641024,0.0,0
country_b20_g2.0_c140,2022/23,UEL,57,0.38111360530058336,0.6429061000685401,0.4,0.24776854416743616,5,0.2192982456140351,0.0807017543859649,0
country_b20_g2.0_c140,2022/23,UECL,177,0.33615405933209236,0.6300719531192048,0.4666666666666667,0.2587059912541096,19,0.27817424918227773,0.10496580434136189,2
country_b20_g2.0_c140,2023/24,UCL,78,0.4069114930122367,0.658069270449521,0.45,0.23882314266929655,2,0.1794871794871795,0.14102564102564105,0
country_b20_g2.0_c140,2023/24,UEL,57,0.6776099925829193,0.760027662517289,0.5333333333333333,0.1806709756848261,3,0.30409356725146197,0.0935672514619883,0
country_b20_g2.0_c140,2023/24,UECL,178,0.3184529101690989,0.6213321596244131,0.5111111111111111,0.27275596515591466,23,0.31497313141182215,0.10906204201270152,3
country_b20_g2.0_c140,2024/25,UCL,81,0.4715284422640364,0.6750503018108652,0.38095238095238093,0.23289132754153333,6,0.15123456790123455,0.10288065843621397,1
country_b20_g2.0_c140,2024/25,UEL,76,0.4962538467083233,0.6918238993710691,0.5263157894736842,0.2332063711911357,9,0.27119883040935666,0.09649122807017545,1
country_b20_g2.0_c140,2024/25,UECL,164,0.3564052978601937,0.6404073816155988,0.5365853658536586,0.25237953599048185,31,0.2612116443745083,0.10454366640440597,4
country_b20_g2.0_c140,2025/26,UCL,82,0.44173890678064176,0.67,0.38095238095238093,0.24152290303390833,1,0.01829268292682927,0.0,0
country_b20_g2.0_c140,2025/26,UEL,77,0.45116396357542743,0.6754760979401477,0.55,0.23595884634845674,6,0.17316017316017318,0.12121212121212122,0
country_b20_g2.0_c140,2025/26,UECL,164,0.3406972361455925,0.6293413173652694,0.4146341463414634,0.26446311719214755,23,0.21898197242842,0.08523329798515376,3
country_b20_g2.0_c180,2018/19,UCL,79,0.546149501969315,0.7147435897435898,0.45,0.21390802755968594,1,0.4810126582278481,0.0,0
country_b20_g2.0_c180,2018/19,UEL,213,0.4187175538891976,0.6644112973499411,0.5555555555555556,0.24280896647490577,30,0.2179186228482003,0.11737089201877933,3
country_b20_g2.0_c180,2018/19,UECL,0,,,0.0,,0,0.0,0.0,0
country_b20_g2.0_c180,2019/20,UCL,79,0.42930755068267656,0.6695842450765864,0.4,0.251241788174972,3,0.4535864978902953,0.0,0
country_b20_g2.0_c180,2019/20,UEL,213,0.3928103542971707,0.6488949302723657,0.4444444444444444,0.2529039652626243,25,0.23549295774647888,0.11314553990610328,2
country_b20_g2.0_c180,2019/20,UECL,0,,,0.0,,0,0.0,0.0,0
country_b20_g2.0_c180,2020/21,UCL,79,0.47923761487457844,0.6964149504195271,0.55,0.22576510174651496,1,0.03797468354430379,0.0,0
country_b20_g2.0_c180,2020/21,UEL,213,0.447878148049738,0.6886258363355635,0.5370370370370371,0.2345654521810047,34,0.22790665561999446,0.10742888704777685,4
country_b20_g2.0_c180,2020/21,UECL,0,,,0.0,,0,0.0,0.0,0
country_b20_g2.0_c180,2021/22,UCL,80,0.4353084307341603,0.6620305980528511,0.4,0.24749999999999997,0,0.0,0.0,0
country_b20_g2.0_c180,2021/22,UEL,58,0.4195917326628561,0.6550783912747103,0.4,0.25148632580261593,1,0.051724137931034475,0.0,0
country_b20_g2.0_c180,2021/22,UECL,181,0.35979453751434415,0.641497461928934,0.4782608695652174,0.2526174414700406,31,0.2532525396542506,0.08813045802887184,3
country_b20_g2.0_c180,2022/23,UCL,78,0.36228688713997387,0.6360253070338667,0.55,0.2526298487836948,2,0.1474358974358974,0.0,0
country_b20_g2.0_c180,2022/23,UEL,57,0.38248486987889435,0.6408498971898561,0.4,0.24869190520160048,5,0.21578947368421048,0.11052631578947367,0
country_b20_g2.0_c180,2022/23,UECL,177,0.33724689001370434,0.630665380906461,0.4666666666666667,0.25915286156596123,19,0.2856080880166518,0.12667261373773417,4
country_b20_g2.0_c180,2023/24,UCL,78,0.40638860166849256,0.6584377302873987,0.45,0.2388231426692966,2,0.17307692307692304,0.16666666666666666,0
country_b20_g2.0_c180,2023/24,UEL,57,0.6883786954889082,0.7627939142461964,0.6,0.1806709756848261,3,0.2923976608187135,0.11695906432748537,1
country_b20_g2.0_c180,2023/24,UECL,178,0.3214829195740872,0.6214788732394366,0.4444444444444444,0.27079914152253504,23,0.3210796287249633,0.1270151441133366,4
country_b20_g2.0_c180,2024/25,UCL,81,0.4636616771826267,0.6730382293762576,0.38095238095238093,0.23609205913732662,6,0.20679012345679015,0.1697530864197531,1
country_b20_g2.0_c180,2024/25,UEL,76,0.5000833072481663,0.6941823899371069,0.5263157894736842,0.23459141274238227,9,0.2741228070175438,0.12280701754385964,1
country_b20_g2.0_c180,2024/25,UECL,164,0.3694814987990179,0.6462395543175488,0.5365853658536586,0.2498140987507436,31,0.2655389457120378,0.12332808811959088,5
country_b20_g2.0_c180,2025/26,UCL,82,0.44074191424558945,0.6693442622950819,0.38095238095238093,0.2418203450327186,1,0.01829268292682927,0.0,0
country_b20_g2.0_c180,2025/26,UEL,77,0.46809194259164094,0.6824718227749709,0.65,0.22887502108281332,6,0.17532467532467533,0.16017316017316016,0
country_b20_g2.0_c180,2025/26,UECL,164,0.35296843506084014,0.63464499572284,0.4146341463414634,0.2591463414634146,23,0.21288441145281017,0.09875397667020147,4
country_b20_g2.0_c220,2018/19,UCL,79,0.5388308951439759,0.7108262108262108,0.45,0.21631148854350263,1,0.4810126582278481,0.0,0
country_b20_g2.0_c220,2018/19,UEL,213,0.4207044133410538,0.6652314316469322,0.5555555555555556,0.2432718375983601,30,0.22464788732394367,0.12738654147104853,3
country_b20_g2.0_c220,2018/19,UECL,0,,,0.0,,0,0.0,0.0,0
country_b20_g2.0_c220,2019/20,UCL,79,0.4261528709371468,0.6695842450765864,0.4,0.2528440954975165,3,0.4451476793248945,0.0,0
country_b20_g2.0_c220,2019/20,UEL,213,0.3903868308431979,0.6479887227508433,0.4444444444444444,0.2537856245453944,25,0.2403755868544601,0.12535211267605634,2
country_b20_g2.0_c220,2019/20,UECL,0,,,0.0,,0,0.0,0.0,0
country_b20_g2.0_c220,2020/21,UCL,79,0.4743914336885623,0.6945080091533181,0.55,0.22832879346258605,1,0.03797468354430379,0.0,0
country_b20_g2.0_c220,2020/21,UEL,213,0.44111129980163105,0.6859953108023102,0.5370370370370371,0.23707818113689966,34,0.23826291079812206,0.12261806130903068,4
country_b20_g2.0_c220,2020/21,UECL,0,,,0.0,,0,0.0,0.0,0
country_b20_g2.0_c220,2021/22,UCL,80,0.4364899855648812,0.6634214186369958,0.45,0.2478125,0,0.0,0.0,0
country_b20_g2.0_c220,2021/22,UEL,58,0.4350836791106266,0.6605316973415133,0.4666666666666667,0.246730083234245,1,0.0,0.0,0
country_b20_g2.0_c220,2021/22,UECL,181,0.3635924985884852,0.6427664974619289,0.4782608695652174,0.2520374835932969,31,0.25467831046159334,0.101318837996792,4
country_b20_g2.0_c220,2022/23,UCL,78,0.36567191023750195,0.6378861183475996,0.55,0.2519723865877711,2,0.13461538461538464,0.0,0
country_b20_g2.0_c220,2022/23,UEL,57,0.4037721199993416,0.6518163125428376,0.4,0.24192059095106186,5,0.24035087719298245,0.14210526315789473,0
country_b20_g2.0_c220,2022/23,UECL,177,0.34486378819819224,0.6334841628959276,0.4666666666666667,0.2574292189345335,19,0.2865001486767767,0.13960749330954508,4
country_b20_g2.0_c220,2023/24,UCL,78,0.40286865018377566,0.656963890935888,0.45,0.23882314266929647,2,0.25,0.25,1
country_b20_g2.0_c220,2023/24,UEL,57,0.698361839520296,0.7717842323651453,0.6,0.1775931055709449,3,0.23976608187134504,0.14035087719298245,1
country_b20_g2.0_c220,2023/24,UECL,178,0.3261195887703325,0.6232394366197183,0.4444444444444444,0.2675482893574043,23,0.3235222276502199,0.13922813873961898,5
country_b20_g2.0_c220,2024/25,UCL,81,0.4494287438272437,0.6686787391012743,0.38095238095238093,0.24081694863587869,6,0.2746913580246914,0.23765432098765435,2
country_b20_g2.0_c220,2024/25,UEL,76,0.494124832545378,0.6914308176100629,0.5789473684210527,0.23476454293628812,9,0.2580409356725146,0.13596491228070176,2
country_b20_g2.0_c220,2024/25,UECL,164,0.3731432775729188,0.6477193593314763,0.5609756097560976,0.2496281975014872,31,0.27498033044846576,0.1422108575924469,6
country_b20_g2.0_c220,2025/26,UCL,82,0.43413546920562807,0.6663934426229509,0.42857142857142855,0.24375371802498513,1,0.0060975609756097615,0.0,0
country_b20_g2.0_c220,2025/26,UEL,77,0.46581266352725315,0.6770307034589973,0.65,0.23275425872828465,6,0.22510822510822512,0.22510822510822512,1
country_b20_g2.0_c220,2025/26,UECL,164,0.36363101889943134,0.6384088964927288,0.4146341463414634,0.2564693634741225,23,0.22216330858960767,0.11850477200424178,5
country_b20_g2.0_c260,2018/19,UCL,79,0.5286559476313605,0.7065527065527065,0.45,0.21999679538535488,1,0.4810126582278481,0.0,0
country_b20_g2.0_c260,2018/19,UEL,213,0.4223780887943141,0.6658977907632375,0.5555555555555556,0.24300733981352907,30,0.2302816901408451,0.13583724569640063,3
country_b20_g2.0_c260,2018/19,UECL,0,,,0.0,,0,0.0,0.0,0
country_b20_g2.0_c260,2019/20,UCL,79,0.4204350138983742,0.6663019693654267,0.4,0.25540778721358764,3,0.4367088607594936,0.0,0
country_b20_g2.0_c260,2019/20,UEL,213,0.38893284227694863,0.6469314806424005,0.4444444444444444,0.2540501223302255,25,0.2463849765258216,0.13718309859154929,3
country_b20_g2.0_c260,2019/20,UECL,0,,,0.0,,0,0.0,0.0,0
country_b20_g2.0_c260,2020/21,UCL,79,0.4697192179810185,0.6929824561403509,0.55,0.23025156224963947,1,0.03797468354430379,0.0,0
country_b20_g2.0_c260,2020/21,UEL,213,0.4349449601531797,0.6838794533081718,0.5370370370370371,0.23934845379003283,34,0.2465479149406241,0.13456227561447115,6
country_b20_g2.0_c260,2020/21,UECL,0,,,0.0,,0,0.0,0.0,0
country_b20_g2.0_c260,2021/22,UCL,80,0.4403300387647238,0.6648122392211405,0.45,0.24781250000000005,0,0.0,0.0,0
country_b20_g2.0_c260,2021/22,UEL,58,0.4451207148373512,0.6646216768916156,0.4666666666666667,0.2479191438763377,1,0.03448275862068967,0.03448275862068967,0
country_b20_g2.0_c260,2021/22,UECL,181,0.36709113317581143,0.6439650310208686,0.4782608695652174,0.252037483593297,31,0.2528960969524149,0.1101407948672251,4
country_b20_g2.0_c260,2022/23,UCL,78,0.36624672548047843,0.6386304428730927,0.55,0.25131492439184744,2,0.11538461538461538,0.0,0
country_b20_g2.0_c260,2022/23,UEL,57,0.40631875421620484,0.6504455106237149,0.4,0.24222837796244998,5,0.2543859649122807,0.1631578947368421,1
country_b20_g2.0_c260,2022/23,UECL,177,0.3467169920347812,0.6339292337363697,0.4666666666666667,0.25787608924638517,19,0.29363663395777584,0.15388046387154328,4
country_b20_g2.0_c260,2023/24,UCL,78,0.4145380545624566,0.6610169491525424,0.45,0.2366863905325444,2,0.2884615384615385,0.2884615384615385,1
country_b20_g2.0_c260,2023/24,UEL,57,0.6989182770564717,0.7731673582295989,0.6,0.17389966143428745,3,0.1929824561403509,0.14619883040935674,1
country_b20_g2.0_c260,2023/24,UECL,178,0.3295356278432871,0.6245598591549296,0.4666666666666667,0.2673273576568615,23,0.32938446507083535,0.15595994137762578,5
country_b20_g2.0_c260,2024/25,UCL,81,0.44391518737567764,0.6659959758551308,0.38095238095238093,0.24096936442615455,6,0.3137860082304527,0.2767489711934156,2
country_b20_g2.0_c260,2024/25,UEL,76,0.4915396010618017,0.6906446540880503,0.5263157894736842,0.23441828254847644,9,0.25365497076023386,0.15789473684210525,2
country_b20_g2.0_c260,2024/25,UECL,164,0.37362727401206736,0.6476323119777159,0.5121951219512195,0.2508923259964307,31,0.2826514555468136,0.1594217151848938,6
country_b20_g2.0_c260,2025/26,UCL,82,0.4340368655483151,0.6654098360655738,0.42857142857142855,0.24405116002379534,1,0.0060975609756097615,0.0,0
country_b20_g2.0_c260,2025/26,UEL,77,0.46301354888677687,0.6754760979401477,0.65,0.23511553381683253,6,0.27705627705627706,0.27705627705627706,2
country_b20_g2.0_c260,2025/26,UECL,164,0.3611685156827688,0.6381522668947819,0.4878048780487805,0.25747323022010715,23,0.24072110286320256,0.1402439024390244,5
country_b20_g2.0_c300,2018/19,UCL,79,0.5254686146756015,0.7061965811965812,0.45,0.22095817977888163,1,0.4810126582278481,0.0,0
country_b20_g2.0_c300,2018/19,UEL,213,0.4187515819292865,0.6648213644984367,0.5370370370370371,0.24399920650664553,30,0.23685446009389674,0.1440532081377152,3
country_b20_g2.0_c300,2018/19,UECL,0,,,0.0,,0,0.0,0.0,0
country_b20_g2.0_c300,2019/20,UCL,79,0.41730498008835637,0.6663019693654267,0.4,0.257010094536132,3,0.4198312236286919,0.0,0
country_b20_g2.0_c300,2019/20,UEL,213,0.3871876794790465,0.6464783768816392,0.4444444444444444,0.25407216381229475,25,0.25145539906103287,0.1468544600938967,3
country_b20_g2.0_c300,2019/20,UECL,0,,,0.0,,0,0.0,0.0,0
country_b20_g2.0_c300,2020/21,UCL,79,0.4679422848794792,0.6929824561403509,0.55,0.2307322544464028,1,0.03797468354430379,0.0,0
country_b20_g2.0_c300,2020/21,UEL,213,0.4301912024953255,0.6820495225024303,0.5370370370370371,0.24122197976591944,34,0.2519331676332505,0.14450428058547363,6
country_b20_g2.0_c300,2020/21,UECL,0,,,0.0,,0,0.0,0.0,0
country_b20_g2.0_c300,2021/22,UCL,80,0.4373997827845362,0.663769123783032,0.45,0.24937499999999999,0,0.0,0.0,0
country_b20_g2.0_c300,2021/22,UEL,58,0.4479884393307011,0.6639400136332652,0.5333333333333333,0.2508917954815696,1,0.0517241379310345,0.0517241379310345,0
country_b20_g2.0_c300,2021/22,UECL,181,0.37048623360160243,0.6442470389170897,0.4782608695652174,0.2514880498153292,31,0.2528960969524149,0.11994296916770632,5
country_b20_g2.0_c300,2022/23,UCL,78,0.36102229360542565,0.6367696315593598,0.55,0.2519723865877712,2,0.09615384615384615,0.0,0
country_b20_g2.0_c300,2022/23,UEL,57,0.413893358553542,0.6559287183002056,0.4666666666666667,0.23915050784856884,5,0.27543859649122804,0.19122807017543858,1
country_b20_g2.0_c300,2022/23,UECL,177,0.34971130421361546,0.6354128032045101,0.4444444444444444,0.2585144754061732,19,0.2969075230449004,0.16532857567647935,4
country_b20_g2.0_c300,2023/24,UCL,78,0.41140070649999166,0.659174649963154,0.45,0.23668639053254437,2,0.40384615384615385,0.40384615384615385,1
country_b20_g2.0_c300,2023/24,UEL,57,0.6951868724021169,0.7759336099585062,0.6,0.17236072637734684,3,0.2222222222222222,0.195906432748538,1
country_b20_g2.0_c300,2023/24,UECL,178,0.3348354485641117,0.6265404929577465,0.4444444444444444,0.26691705592728193,23,0.3291402051783097,0.16475329750854908,5
country_b20_g2.0_c300,2024/25,UCL,81,0.43068265189191907,0.6596244131455399,0.42857142857142855,0.24188385916780977,6,0.3549382716049383,0.3220164609053498,3
country_b20_g2.0_c300,2024/25,UEL,76,0.4878207386602935,0.6878930817610063,0.5789473684210527,0.233898891966759,9,0.2463450292397661,0.17105263157894737,2
country_b20_g2.0_c300,2024/25,UECL,164,0.37420115550420063,0.6478064066852368,0.4634146341463415,0.25066924449732303,31,0.28324154209284025,0.16807631785995278,6
country_b20_g2.0_c300,2025/26,UCL,82,0.43446414806333755,0.6673770491803279,0.42857142857142855,0.24345627602617487,1,0.0060975609756097615,0.0,0
country_b20_g2.0_c300,2025/26,UEL,77,0.45545593935749107,0.6708122813835989,0.65,0.23882610895597903,6,0.3376623376623376,0.3376623376623376,4
country_b20_g2.0_c300,2025/26,UECL,164,0.36047025554247364,0.6380667236954662,0.4878048780487805,0.2584770969660916,23,0.2550371155885472,0.15747613997879112,5
country_b20_g2.0_c360,2018/19,UCL,79,0.517120254126094,0.7022792022792023,0.45,0.22320141003044383,1,0.4936708860759494,0.0,0
country_b20_g2.0_c360,2018/19,UEL,213,0.41950713044903765,0.6640524885950074,0.5185185185185185,0.2440653309528533,30,0.24342723004694836,0.15375586854460094,4
country_b20_g2.0_c360,2018/19,UECL,0,,,0.0,,0,0.0,0.0,0
country_b20_g2.0_c360,2019/20,UCL,79,0.4065839981406576,0.6611962071480671,0.4,0.2589328633231854,3,0.41561181434599154,0.0,0
country_b20_g2.0_c360,2019/20,UEL,213,0.38350219184435413,0.6448169964255148,0.42592592592592593,0.2550640305054112,25,0.25840375586854464,0.16112676056338027,5
country_b20_g2.0_c360,2019/20,UECL,0,,,0.0,,0,0.0,0.0,0
country_b20_g2.0_c360,2020/21,UCL,79,0.46527067217436774,0.6906941266209001,0.55,0.23201410030443842,1,0.03797468354430379,0.0,0
country_b20_g2.0_c360,2020/21,UEL,213,0.42003157741135516,0.6777606221764739,0.5370370370370371,0.24417553836319955,34,0.2654653410660039,0.16300745650372825,6
country_b20_g2.0_c360,2020/21,UECL,0,,,0.0,,0,0.0,0.0,0
country_b20_g2.0_c360,2021/22,UCL,80,0.4345167889975774,0.663769123783032,0.45,0.25,0,0.0,0.0,0
country_b20_g2.0_c360,2021/22,UEL,58,0.4509808474976749,0.6659850034083163,0.4666666666666667,0.25267538644470866,1,0.08620689655172412,0.08620689655172412,0
country_b20_g2.0_c360,2021/22,UECL,181,0.3709167716990759,0.6447405527354766,0.43478260869565216,0.2515185739141052,31,0.25396542505792197,0.13179468900374264,5
country_b20_g2.0_c360,2022/23,UCL,78,0.3508927716569735,0.6334201711946409,0.55,0.25378040762656146,2,0.03846153846153845,0.0,0
country_b20_g2.0_c360,2022/23,UEL,57,0.42006404915594153,0.6579849211788896,0.5333333333333333,0.23668821175746385,5,0.32105263157894737,0.2473684210526316,2
country_b20_g2.0_c360,2022/23,UECL,177,0.35232488120518135,0.6370447296194645,0.4666666666666667,0.2599189249577069,19,0.3052334225393994,0.18049360689860244,4
country_b20_g2.0_c360,2023/24,UCL,78,0.4066181637218437,0.659174649963154,0.45,0.23701512163050617,2,0.44230769230769235,0.44230769230769235,1
country_b20_g2.0_c360,2023/24,UEL,57,0.6963652107140185,0.7780082987551867,0.6,0.16620498614958448,3,0.25146198830409355,0.25146198830409355,1
country_b20_g2.0_c360,2023/24,UECL,178,0.3386623180937569,0.6277142018779343,0.4444444444444444,0.2667276858982452,23,0.33744504152418175,0.18160723009281873,5
country_b20_g2.0_c360,2024/25,UCL,81,0.3975558405519942,0.6492287055667337,0.42857142857142855,0.24584666971498245,6,0.4331275720164609,0.40226337448559674,3
country_b20_g2.0_c360,2024/25,UEL,76,0.48114337605832885,0.6882861635220126,0.631578947368421,0.2323407202216067,9,0.2404970760233918,0.19005847953216373,3
country_b20_g2.0_c360,2024/25,UECL,164,0.3769405753497813,0.6492862116991643,0.43902439024390244,0.25011154074955383,31,0.28776553894571205,0.18243509047993706,6
country_b20_g2.0_c360,2025/26,UCL,82,0.43225104375476003,0.6683606557377049,0.38095238095238093,0.24360499702558003,1,0.0060975609756097615,0.0,0
country_b20_g2.0_c360,2025/26,UEL,77,0.42741147648338623,0.6603186941313641,0.6,0.24675324675324675,6,0.4090909090909091,0.4090909090909091,4
country_b20_g2.0_c360,2025/26,UECL,164,0.3572957197961609,0.6369546621043627,0.4878048780487805,0.2598527662105889,23,0.27041357370095437,0.1768292682926829,5
country_b25_g0.6_c100,2018/19,UCL,79,0.5560424931050748,0.717948717948718,0.45,0.21150456657586922,1,0.5443037974683544,0.0,0
country_b25_g0.6_c100,2018/19,UEL,213,0.3927012267945793,0.6536470347019324,0.5370370370370371,0.2515373933743305,30,0.23701095461658847,0.169170579029734,4
country_b25_g0.6_c100,2018/19,UECL,0,,,0.0,,0,0.0,0.0,0
country_b25_g0.6_c100,2019/20,UCL,79,0.443195535343661,0.675419401896426,0.4,0.24547348181381184,3,0.30168776371308015,0.021097046413502112,0
country_b25_g0.6_c100,2019/20,UEL,213,0.36133027815306357,0.6355535417610633,0.42592592592592593,0.2563424364654279,25,0.26084507042253524,0.18253521126760563,6
country_b25_g0.6_c100,2019/20,UECL,0,,,0.0,,0,0.0,0.0,0
country_b25_g0.6_c100,2020/21,UCL,79,0.48084058249764533,0.6960335621662853,0.55,0.22416279442397055,1,0.11392405063291142,0.11392405063291142,0
country_b25_g0.6_c100,2020/21,UEL,213,0.43044275819228117,0.6830788585806599,0.5,0.24190526571006632,34,0.22127865230599283,0.14761115713891187,7
country_b25_g0.6_c100,2020/21,UECL,0,,,0.0,,0,0.0,0.0,0
country_b25_g0.6_c100,2021/22,UCL,80,0.45356345286879685,0.6696801112656467,0.4,0.24484374999999997,0,0.0,0.0,0
country_b25_g0.6_c100,2021/22,UEL,58,0.37395750811650574,0.643490115882754,0.4,0.2627824019024971,1,0.0517241379310345,0.0517241379310345,0
country_b25_g0.6_c100,2021/22,UECL,181,0.348743034588483,0.6356457980823463,0.5,0.2600653215713806,31,0.24772767777579757,0.16111210122972733,4
country_b25_g0.6_c100,2022/23,UCL,78,0.3707813790639595,0.6416077409750651,0.55,0.2541091387245233,2,0.1858974358974359,0.09294871794871795,0
country_b25_g0.6_c100,2022/23,UEL,57,0.34846444867413057,0.6264564770390678,0.4,0.2585410895660203,5,0.21578947368421053,0.11228070175438595,0
country_b25_g0.6_c100,2022/23,UECL,177,0.33398595348182614,0.6300719531192048,0.4444444444444444,0.26221711513294393,19,0.2582515611061552,0.18212905144216474,6
country_b25_g0.6_c100,2023/24,UCL,78,0.4296381362939959,0.6694915254237288,0.45,0.23191978961209722,2,0.1282051282051282,0.08333333333333334,0
country_b25_g0.6_c100,2023/24,UEL,57,0.664059101996052,0.7538035961272476,0.5333333333333333,0.1825176977531548,3,0.3742690058479532,0.08771929824561403,0
country_b25_g0.6_c100,2023/24,UECL,178,0.34270269006546195,0.6318955399061033,0.4666666666666667,0.2612359550561798,23,0.27247191011235955,0.17012701514411335,5
country_b25_g0.6_c100,2024/25,UCL,81,0.4747228945586552,0.6773977196512407,0.38095238095238093,0.22816643804298128,6,0.09979423868312759,0.06172839506172839,0
country_b25_g0.6_c100,2024/25,UEL,76,0.4439824015778305,0.6709905660377359,0.5263157894736842,0.2472299168975069,9,0.2945906432748538,0.1652046783625731,2
country_b25_g0.6_c100,2024/25,UECL,164,0.35368247217824095,0.6408426183844012,0.5121951219512195,0.25219363474122547,31,0.25629425649095205,0.18833595594020455,7
country_b25_g0.6_c100,2025/26,UCL,82,0.43531086620905873,0.6701639344262295,0.38095238095238093,0.24330755502676976,1,0.1646341463414634,0.1646341463414634,0
country_b25_g0.6_c100,2025/26,UEL,77,0.410910029221912,0.657209483093665,0.55,0.2447292966773487,6,0.23376623376623376,0.12121212121212122,0
country_b25_g0.6_c100,2025/26,UECL,164,0.3148643654325396,0.6180496150556031,0.3902439024390244,0.27059785841760853,23,0.27545068928950156,0.173780487804878,5
country_b25_g0.6_c140,2018/19,UCL,79,0.5483561170925328,0.7150997150997151,0.45,0.21342733536292258,1,0.5443037974683544,0.0,0
country_b25_g0.6_c140,2018/19,UEL,213,0.3868339104748101,0.6504177559075298,0.5555555555555556,0.25550486014679624,30,0.24702660406885754,0.18771517996870107,4
country_b25_g0.6_c140,2018/19,UECL,0,,,0.0,,0,0.0,0.0,0
country_b25_g0.6_c140,2019/20,UCL,79,0.4362084126260229,0.6739606126914661,0.4,0.24803717352988305,3,0.2974683544303797,0.021097046413502112,0
country_b25_g0.6_c140,2019/20,UEL,213,0.35039492866861804,0.6313749181895988,0.42592592592592593,0.2596927417399546,25,0.27154929577464787,0.2088262910798122,6
country_b25_g0.6_c140,2019/20,UECL,0,,,0.0,,0,0.0,0.0,0
country_b25_g0.6_c140,2020/21,UCL,79,0.4753606699257655,0.6941266209000763,0.55,0.22768787053356837,1,0.13924050632911392,0.13924050632911392,0
country_b25_g0.6_c140,2020/21,UEL,213,0.40549230314192614,0.6725567564476468,0.5185185185185185,0.24706297251427184,34,0.23784866059099694,0.18178679922673296,7
country_b25_g0.6_c140,2020/21,UECL,0,,,0.0,,0,0.0,0.0,0
country_b25_g0.6_c140,2021/22,UCL,80,0.4532208019678878,0.6700278164116829,0.4,0.24484374999999997,0,0.0,0.0,0
country_b25_g0.6_c140,2021/22,UEL,58,0.392722400996904,0.6489434219495569,0.4,0.2604042806183115,1,0.08620689655172412,0.08620689655172412,0
country_b25_g0.6_c140,2021/22,UECL,181,0.352168887735522,0.6369148336153412,0.5217391304347826,0.261194713226092,31,0.26733202637675996,0.2020139012653716,6
country_b25_g0.6_c140,2022/23,UCL,78,0.35704968159285483,0.6356531447711202,0.55,0.2583826429980276,2,0.1794871794871795,0.09935897435897437,0
country_b25_g0.6_c140,2022/23,UEL,57,0.34800736048136016,0.6319396847155586,0.4,0.2536164973838104,5,0.22280701754385968,0.13333333333333333,0
country_b25_g0.6_c140,2022/23,UECL,177,0.33238511014400307,0.6277724204435873,0.4666666666666667,0.26282358198474254,19,0.2627118644067796,0.20933690157597382,6
country_b25_g0.6_c140,2023/24,UCL,78,0.427444543339752,0.6687546057479735,0.45,0.23027613412228795,2,0.141025641025641,0.11538461538461539,0
country_b25_g0.6_c140,2023/24,UEL,57,0.6653356351672786,0.7565698478561549,0.5333333333333333,0.18313327177593108,3,0.33918128654970764,0.11111111111111112,0
country_b25_g0.6_c140,2023/24,UECL,178,0.3531416655279853,0.6363703051643192,0.4444444444444444,0.25931069309430627,23,0.29250122129946265,0.216780654616512,5
country_b25_g0.6_c140,2024/25,UCL,81,0.46301369219759725,0.6723675385647216,0.38095238095238093,0.23075750647767107,6,0.12037037037037039,0.08847736625514402,0
country_b25_g0.6_c140,2024/25,UEL,76,0.4231208277344256,0.6599842767295597,0.5263157894736842,0.2545013850415513,9,0.28289473684210525,0.19444444444444445,3
country_b25_g0.6_c140,2024/25,UECL,164,0.35133439802488614,0.6403203342618384,0.4634146341463415,0.25453599048185604,31,0.2763571990558615,0.23465774980330445,7
country_b25_g0.6_c140,2025/26,UCL,82,0.4297124001321748,0.6675409836065573,0.38095238095238093,0.2446460440214158,1,0.21341463414634146,0.21341463414634146,0
country_b25_g0.6_c140,2025/26,UEL,77,0.431330236980053,0.6657598134473377,0.55,0.2433799966267498,6,0.2445887445887446,0.17532467532467533,0
country_b25_g0.6_c140,2025/26,UECL,164,0.3118151584293568,0.6162532078699743,0.4146341463414634,0.27204788816180847,23,0.27332979851537653,0.21063096500530226,6
country_b25_g0.6_c180,2018/19,UCL,79,0.5372862645577235,0.709045584045584,0.45,0.21759333440153822,1,0.5443037974683544,0.0,0
country_b25_g0.6_c180,2018/19,UEL,213,0.385390239366595,0.6500076887590343,0.5185185185185185,0.2578412572461372,30,0.2576682316118936,0.20383411580594682,4
country_b25_g0.6_c180,2018/19,UECL,0,,,0.0,,0,0.0,0.0,0
country_b25_g0.6_c180,2019/20,UCL,79,0.42685528009923746,0.6703136396790663,0.4,0.2518827111039897,3,0.2974683544303797,0.021097046413502112,0
country_b25_g0.6_c180,2019/20,UEL,213,0.33505933411445304,0.6270452600312139,0.4074074074074074,0.2633957107275893,25,0.2792488262910798,0.22985915492957748,9
country_b25_g0.6_c180,2019/20,UECL,0,,,0.0,,0,0.0,0.0,0
country_b25_g0.6_c180,2020/21,UCL,79,0.4686629990045791,0.6914569031273837,0.55,0.2307322544464028,1,0.13924050632911392,0.13924050632911392,0
country_b25_g0.6_c180,2020/21,UEL,213,0.38405975776130474,0.6627780637044661,0.5185185185185185,0.2518239326412308,34,0.25469483568075124,0.21009389671361503,8
country_b25_g0.6_c180,2020/21,UECL,0,,,0.0,,0,0.0,0.0,0
country_b25_g0.6_c180,2021/22,UCL,80,0.45081043011321736,0.6682892906815021,0.4,0.24578125,0,0.0,0.0,0
country_b25_g0.6_c180,2021/22,UEL,58,0.42994047757364046,0.6612133605998637,0.4,0.25386444708680145,1,0.15517241379310345,0.15517241379310345,0
country_b25_g0.6_c180,2021/22,UECL,181,0.3421322246108484,0.6327552171460801,0.4782608695652174,0.2626598699673392,31,0.2888968098378187,0.23979682765995364,9
country_b25_g0.6_c180,2022/23,UCL,78,0.344812503753489,0.6311871976181616,0.55,0.2588757396449704,2,0.14102564102564105,0.09935897435897437,0
country_b25_g0.6_c180,2022/23,UEL,57,0.3591733720476071,0.6374228923920493,0.4,0.25238534933825796,5,0.2543859649122807,0.187719298245614,1
country_b25_g0.6_c180,2022/23,UECL,177,0.3211144708252102,0.622283213411468,0.4888888888888889,0.26464298254013846,19,0.268658935474279,0.2338685697294083,6
country_b25_g0.6_c180,2023/24,UCL,78,0.4136708201386859,0.6643330876934415,0.45,0.23044049967126887,2,0.17948717948717954,0.17948717948717954,0
country_b25_g0.6_c180,2023/24,UEL,57,0.6731912239132887,0.76417704011065,0.5333333333333333,0.18128654970760236,3,0.31578947368421056,0.14619883040935674,1
country_b25_g0.6_c180,2023/24,UECL,178,0.35656309607674963,0.6386443661971831,0.4666666666666667,0.2562176492867062,23,0.3100879335613092,0.25488519785051295,6
country_b25_g0.6_c180,2024/25,UCL,81,0.45599953893859463,0.6686787391012743,0.38095238095238093,0.23609205913732662,6,0.17592592592592596,0.15843621399176955,1
country_b25_g0.6_c180,2024/25,UEL,76,0.4238535404008938,0.6572327044025157,0.5263157894736842,0.25311634349030465,9,0.2814327485380117,0.21637426900584794,4
country_b25_g0.6_c180,2024/25,UECL,164,0.34062563109698274,0.633791782729805,0.43902439024390244,0.25988994646044017,31,0.29878048780487804,0.27301337529504327,11
country_b25_g0.6_c180,2025/26,UCL,82,0.42554915725699693,0.6665573770491803,0.38095238095238093,0.24494348602022606,1,0.27439024390243905,0.27439024390243905,0
country_b25_g0.6_c180,2025/26,UEL,77,0.43017060377185573,0.6665371162067625,0.6,0.24135604655085174,6,0.2619047619047619,0.22510822510822512,2
country_b25_g0.6_c180,2025/26,UECL,164,0.2979477395878721,0.6118905047048759,0.4146341463414634,0.27528256989886973,23,0.28658536585365857,0.24695121951219512,7
country_b25_g0.6_c220,2018/19,UCL,79,0.5225754970696047,0.7040598290598291,0.45,0.22063771831437268,1,0.5443037974683544,0.0,0
country_b25_g0.6_c220,2018/19,UEL,213,0.38119659850008614,0.6482649033779281,0.5185185185185185,0.2590535387599462,30,0.2709702660406886,0.2220657276995305,5
country_b25_g0.6_c220,2018/19,UECL,0,,,0.0,,0,0.0,0.0,0
country_b25_g0.6_c220,2019/20,UCL,79,0.4209649015118811,0.6663019693654267,0.4,0.2515622496394808,3,0.29324894514767935,0.021097046413502112,0
country_b25_g0.6_c220,2019/20,UEL,213,0.3200155413226125,0.6219100840759201,0.4074074074074074,0.2670545967510855,25,0.28413145539906104,0.24591549295774645,11
country_b25_g0.6_c220,2019/20,UECL,0,,,0.0,,0,0.0,0.0,0
country_b25_g0.6_c220,2020/21,UCL,79,0.46788015435145336,0.6914569031273837,0.55,0.23233456176894726,1,0.12658227848101264,0.12658227848101264,0
country_b25_g0.6_c220,2020/21,UEL,213,0.35606676880700155,0.6507691427917882,0.5185185185185185,0.2593400780268465,34,0.27789284727975694,0.23909141121237223,11
country_b25_g0.6_c220,2020/21,UECL,0,,,0.0,,0,0.0,0.0,0
country_b25_g0.6_c220,2021/22,UCL,80,0.4449735492494566,0.6658553546592489,0.4,0.2475,0,0.0,0.0,0
country_b25_g0.6_c220,2021/22,UEL,58,0.4270104112434786,0.6591683708248125,0.4,0.25356718192627825,1,0.2586206896551724,0.2586206896551724,0
country_b25_g0.6_c220,2021/22,UECL,181,0.33446044575015416,0.6295826283135928,0.5,0.26378926162205063,31,0.30422384601675273,0.26635180894671184,11
country_b25_g0.6_c220,2022/23,UCL,78,0.3383490256880201,0.6296985485671753,0.55,0.26084812623274156,2,0.14743589743589744,0.11858974358974358,0
country_b25_g0.6_c220,2022/23,UEL,57,0.36746625783072606,0.6374228923920493,0.4,0.252693136349646,5,0.3070175438596491,0.24736842105263154,2
country_b25_g0.6_c220,2022/23,UECL,177,0.29987559180516804,0.6129367257621838,0.4444444444444444,0.2704522965942098,19,0.2826345524829022,0.2567647933392805,6
country_b25_g0.6_c220,2023/24,UCL,78,0.4041312414772067,0.660280029476787,0.45,0.23076923076923073,2,0.25,0.25,1
country_b25_g0.6_c220,2023/24,UEL,57,0.6798684743473973,0.7676348547717843,0.5333333333333333,0.17759310557094493,3,0.2573099415204678,0.15204678362573099,1
country_b25_g0.6_c220,2023/24,UECL,178,0.3581460333744445,0.6391578638497653,0.4222222222222222,0.2551761141270042,23,0.3230337078651685,0.2828529555446996,7
country_b25_g0.6_c220,2024/25,UCL,81,0.4394475014262643,0.6619718309859155,0.38095238095238093,0.23929279073312,6,0.23353909465020575,0.23045267489711932,1
country_b25_g0.6_c220,2024/25,UEL,76,0.41790889046539736,0.6560534591194969,0.5263157894736842,0.2515581717451523,9,0.2741228070175439,0.23391812865497075,4
country_b25_g0.6_c220,2024/25,UECL,164,0.32403423316297114,0.6270891364902507,0.4146341463414634,0.2666939321832243,31,0.32140047206923683,0.3046813532651455,12
country_b25_g0.6_c220,2025/26,UCL,82,0.42368665386547005,0.6652459016393443,0.38095238095238093,0.24583581201665672,1,0.27439024390243905,0.27439024390243905,0
country_b25_g0.6_c220,2025/26,UEL,77,0.4305438190572525,0.6657598134473377,0.6,0.23950075898127843,6,0.29437229437229434,0.29437229437229434,3
country_b25_g0.6_c220,2025/26,UECL,164,0.28143739922917516,0.6059024807527802,0.4634146341463415,0.2814916716240334,23,0.3093849416755037,0.28128313891834567,10
country_b25_g0.6_c260,2018/19,UCL,79,0.508024096229274,0.6969373219373219,0.45,0.22512417881749722,1,0.5443037974683544,0.0,0
country_b25_g0.6_c260,2018/19,UEL,213,0.37513519632203224,0.6467784099646318,0.5370370370370371,0.25956049284753907,30,0.2853677621283255,0.24115805946791863,10
country_b25_g0.6_c260,2018/19,UECL,0,,,0.0,,0,0.0,0.0,0
country_b25_g0.6_c260,2019/20,UCL,79,0.40602946459163874,0.6604668125455871,0.4,0.25540778721358753,3,0.2974683544303797,0.03375527426160337,0
country_b25_g0.6_c260,2019/20,UEL,213,0.3030257759179368,0.6154155968383427,0.3888888888888889,0.270647358328374,25,0.29258215962441314,0.26347417840375587,11
country_b25_g0.6_c260,2019/20,UECL,0,,,0.0,,0,0.0,0.0,0
country_b25_g0.6_c260,2020/21,UCL,79,0.4602132471930637,0.6884057971014492,0.55,0.23601986861079952,1,0.16455696202531647,0.16455696202531647,0
country_b25_g0.6_c260,2020/21,UEL,213,0.3266728081250376,0.6371590324240864,0.46296296296296297,0.2660186470938306,34,0.29901960784313725,0.26615575807787906,11
country_b25_g0.6_c260,2020/21,UECL,0,,,0.0,,0,0.0,0.0,0
country_b25_g0.6_c260,2021/22,UCL,80,0.43820324006942635,0.6627260083449235,0.4,0.24906249999999996,0,0.0,0.0,0
country_b25_g0.6_c260,2021/22,UEL,58,0.43003399032885836,0.6591683708248125,0.5333333333333333,0.2523781212841855,1,0.31034482758620696,0.31034482758620696,0
country_b25_g0.6_c260,2021/22,UECL,181,0.315441937839617,0.6211928934010152,0.45652173913043476,0.2670248160923049,31,0.314026020317234,0.28435216538941366,13
country_b25_g0.6_c260,2022/23,UCL,78,0.33042934900701093,0.6259769259397097,0.55,0.2624917817225509,2,0.14102564102564102,0.13782051282051283,0
country_b25_g0.6_c260,2022/23,UEL,57,0.37301661445722306,0.6401644962302947,0.4,0.2526931363496461,5,0.356140350877193,0.31052631578947365,2
country_b25_g0.6_c260,2022/23,UECL,177,0.27353244739269744,0.6042578443735628,0.4444444444444444,0.27530403140859905,19,0.2954207552780255,0.276092774308653,6
country_b25_g0.6_c260,2023/24,UCL,78,0.3939539904453079,0.6551215917464996,0.45,0.2324128862590401,2,0.33333333333333337,0.33333333333333337,1
country_b25_g0.6_c260,2023/24,UEL,57,0.6662848521407548,0.7621023513139695,0.6,0.1772853185595568,3,0.25146198830409355,0.20467836257309943,1
country_b25_g0.6_c260,2023/24,UECL,178,0.3431954709544582,0.6330692488262911,0.4,0.2581113495770736,23,0.3396433805569126,0.3097215437225208,7
country_b25_g0.6_c260,2024/25,UCL,81,0.4227363097070847,0.6552649228705567,0.38095238095238093,0.24401768023167203,6,0.31172839506172834,0.31172839506172834,3
country_b25_g0.6_c260,2024/25,UEL,76,0.40554954850648167,0.6540880503144654,0.5789473684210527,0.2468836565096953,9,0.2741228070175439,0.2675438596491228,4
country_b25_g0.6_c260,2024/25,UECL,164,0.30144542792442475,0.6182103064066853,0.43902439024390244,0.2716760856632956,31,0.3391030684500394,0.32779307631786003,12
country_b25_g0.6_c260,2025/26,UCL,82,0.41912899850738056,0.661311475409836,0.38095238095238093,0.24717430101130278,1,0.27439024390243905,0.27439024390243905,0
country_b25_g0.6_c260,2025/26,UEL,77,0.41031021894180997,0.6560435289545278,0.55,0.247596559284871,6,0.3917748917748918,0.3917748917748918,4
country_b25_g0.6_c260,2025/26,UECL,164,0.26716644937959083,0.6009409751924722,0.4634146341463415,0.28387120761451523,23,0.3207847295864263,0.3006362672322376,11
country_b25_g0.6_c300,2018/19,UCL,79,0.49317848003918074,0.6905270655270656,0.45,0.22961063932062167,1,0.5443037974683544,0.0,0
country_b25_g0.6_c300,2018/19,UEL,213,0.36953758372741186,0.6444205238607822,0.5185185185185185,0.2603760276841015,30,0.2980438184663537,0.25790297339593116,12
country_b25_g0.6_c300,2018/19,UECL,0,,,0.0,,0,0.0,0.0,0
country_b25_g0.6_c300,2019/20,UCL,79,0.39581372432193496,0.6575492341356673,0.4,0.2579714789296587,3,0.28481012658227844,0.0379746835443038,0
country_b25_g0.6_c300,2019/20,UEL,213,0.2873337439422657,0.6095755928107537,0.3888888888888889,0.2740858295311777,25,0.3072300469483568,0.28225352112676055,11
country_b25_g0.6_c300,2019/20,UECL,0,,,0.0,,0,0.0,0.0,0
country_b25_g0.6_c300,2020/21,UCL,79,0.44555044257896353,0.6826849733028223,0.55,0.24002563691716064,1,0.18987341772151897,0.18987341772151897,0
country_b25_g0.6_c300,2020/21,UEL,213,0.3001059464680906,0.6264081889403557,0.42592592592592593,0.2719918887345985,34,0.3164181165423916,0.29018227009113506,13
country_b25_g0.6_c300,2020/21,UECL,0,,,0.0,,0,0.0,0.0,0
country_b25_g0.6_c300,2021/22,UCL,80,0.4341386914517467,0.6609874826147427,0.4,0.24874999999999997,0,0.0,0.0,0
country_b25_g0.6_c300,2021/22,UEL,58,0.4398528296267411,0.6618950238582141,0.4666666666666667,0.25237812128418546,1,0.3793103448275862,0.3793103448275862,1
country_b25_g0.6_c300,2021/22,UECL,181,0.30495525989401273,0.6173857868020305,0.43478260869565216,0.2684594487347761,31,0.32561040812689357,0.30235252183211553,14
country_b25_g0.6_c300,2022/23,UCL,78,0.3140279540740821,0.6196501674730183,0.55,0.2666009204470743,2,0.19871794871794868,0.19871794871794868,0
country_b25_g0.6_c300,2022/23,UEL,57,0.35310062891508687,0.6333104866346813,0.4666666666666667,0.25577100646352724,5,0.4052631578947368,0.37368421052631573,3
country_b25_g0.6_c300,2022/23,UECL,177,0.25099775207247077,0.5963207477190119,0.4,0.279262025599285,19,0.3046387154326494,0.2897710377639013,7
country_b25_g0.6_c300,2023/24,UCL,78,0.38024403448128374,0.6503316138540899,0.45,0.2324128862590401,2,0.41025641025641035,0.41025641025641035,1
country_b25_g0.6_c300,2023/24,UEL,57,0.6515883548617609,0.7551867219917012,0.6,0.18251769775315482,3,0.2631578947368421,0.260233918128655,1
country_b25_g0.6_c300,2023/24,UECL,178,0.33683352949914486,0.6301349765258216,0.4,0.2600681732104532,23,0.34941377625793846,0.3302393746946751,9
country_b25_g0.6_c300,2024/25,UCL,81,0.4033990735748911,0.6462105969148223,0.38095238095238093,0.24752324340801707,6,0.37551440329218105,0.37551440329218105,3
country_b25_g0.6_c300,2024/25,UEL,76,0.3772640746273521,0.6438679245283019,0.5789473684210527,0.24913434903047094,9,0.32090643274853803,0.32090643274853803,4
country_b25_g0.6_c300,2024/25,UECL,164,0.2876943976647306,0.6129004178272981,0.43902439024390244,0.2742043426531826,31,0.3485444531864674,0.34097167584579074,13
country_b25_g0.6_c300,2025/26,UCL,82,0.4207395161459362,0.66,0.42857142857142855,0.24791790600832841,1,0.2987804878048781,0.2987804878048781,0
country_b25_g0.6_c300,2025/26,UEL,77,0.37865356526975724,0.6436066848037311,0.55,0.2543430595378647,6,0.4783549783549783,0.4783549783549783,4
country_b25_g0.6_c300,2025/26,UECL,164,0.2519686177264193,0.595038494439692,0.43902439024390244,0.2868456276026175,23,0.3414634146341463,0.32370095440084834,11
country_b25_g0.6_c360,2018/19,UCL,79,0.48066206870137307,0.6848290598290598,0.45,0.2344175612882551,1,0.5443037974683544,0.0,0
country_b25_g0.6_c360,2018/19,UEL,213,0.3446731688046911,0.6336562612127736,0.5185185185185185,0.2650047389186449,30,0.31557120500782465,0.2813771517996869,14
country_b25_g0.6_c360,2018/19,UECL,0,,,0.0,,0,0.0,0.0,0
country_b25_g0.6_c360,2019/20,UCL,79,0.38266511772630907,0.650255288110868,0.4,0.2618170165037654,3,0.27215189873417717,0.04641350210970465,0
country_b25_g0.6_c360,2019/20,UEL,213,0.26181771930166886,0.600110758697075,0.4074074074074074,0.27988273931539154,25,0.3290140845070422,0.30826291079812207,11
country_b25_g0.6_c360,2019/20,UECL,0,,,0.0,,0,0.0,0.0,0
country_b25_g0.6_c360,2020/21,UCL,79,0.4406172786537111,0.6823035850495804,0.55,0.24018586764941516,1,0.21518987341772153,0.21518987341772153,0
country_b25_g0.6_c360,2020/21,UEL,213,0.264592087189421,0.6102247383770801,0.4074074074074074,0.2794639511560757,34,0.33933996133664734,0.3192488262910798,13
country_b25_g0.6_c360,2020/21,UECL,0,,,0.0,,0,0.0,0.0,0
country_b25_g0.6_c360,2021/22,UCL,80,0.42370556229648193,0.6575104311543811,0.4,0.25109375,0,0.0,0.0,0
country_b25_g0.6_c360,2021/22,UEL,58,0.4391982403402156,0.6598500340831629,0.5333333333333333,0.25267538644470866,1,0.5,0.5,1
country_b25_g0.6_c360,2021/22,UECL,181,0.27084844184844636,0.6027918781725888,0.43478260869565216,0.276151521626324,31,0.3420067724113348,0.3244519693459276,18
country_b25_g0.6_c360,2022/23,UCL,78,0.3003218039471097,0.6140677335318199,0.5,0.27103879026955946,2,0.26282051282051283,0.26282051282051283,0
country_b25_g0.6_c360,2022/23,UEL,57,0.32694865445729815,0.6237148732008225,0.5333333333333333,0.2566943674976916,5,0.47894736842105257,0.4754385964912281,4
country_b25_g0.6_c360,2022/23,UECL,177,0.22853986212143373,0.5866033677026927,0.4,0.2823581984742571,19,0.3174249182277728,0.30746357418971154,9
country_b25_g0.6_c360,2023/24,UCL,78,0.36154748058057734,0.6429624170965365,0.45,0.2361932938856016,2,0.5384615384615385,0.5384615384615385,2
country_b25_g0.6_c360,2023/24,UEL,57,0.624453842068251,0.7448132780082988,0.6666666666666666,0.18805786395814098,3,0.33918128654970764,0.33918128654970764,1
country_b25_g0.6_c360,2023/24,UECL,178,0.3178339687461583,0.6230927230046949,0.35555555555555557,0.26473930059335943,23,0.36455788959452845,0.3513678553981436,11
country_b25_g0.6_c360,2024/25,UCL,81,0.35866537329259723,0.630449362843729,0.42857142857142855,0.2531626276482244,6,0.4907407407407407,0.4907407407407407,4
country_b25_g0.6_c360,2024/25,UEL,76,0.33241652953258394,0.6332547169811321,0.5263157894736842,0.25432825484764543,9,0.4071637426900585,0.4071637426900585,4
country_b25_g0.6_c360,2024/25,UECL,164,0.26605560829388436,0.6045438718662952,0.43902439024390244,0.27717876264128494,31,0.3627065302911094,0.35985444531864674,13
country_b25_g0.6_c360,2025/26,UCL,82,0.41424266608019805,0.6577049180327869,0.42857142857142855,0.24940511600237952,1,0.31097560975609756,0.31097560975609756,0
country_b25_g0.6_c360,2025/26,UEL,77,0.34082553027132123,0.6300038865137971,0.55,0.26328217237308144,6,0.5324675324675324,0.5324675324675324,4
country_b25_g0.6_c360,2025/26,UECL,164,0.22752262662140849,0.5862275449101796,0.4146341463414634,0.2908610945865556,23,0.3629374337221633,0.3479586426299046,11
country_b25_g0.8_c100,2018/19,UCL,79,0.5590459414672325,0.7193732193732194,0.45,0.21022272071783368,1,0.5443037974683544,0.0,0
country_b25_g0.8_c100,2018/19,UEL,213,0.40432243263382145,0.6575426726126403,0.5185185185185185,0.2469968480680641,30,0.22574334898278564,0.1498435054773083,4
country_b25_g0.8_c100,2018/19,UECL,0,,,0.0,,0,0.0,0.0,0
country_b25_g0.8_c100,2019/20,UCL,79,0.443700777021656,0.675054704595186,0.4,0.2445120974202852,3,0.3312236286919831,0.0,0
country_b25_g0.8_c100,2019/20,UEL,213,0.3767681602067101,0.6421487187232543,0.42592592592592593,0.254182371222641,25,0.2501408450704225,0.15774647887323945,5
country_b25_g0.8_c100,2019/20,UECL,0,,,0.0,,0,0.0,0.0,0
country_b25_g0.8_c100,2020/21,UCL,79,0.4752861132921345,0.6937452326468345,0.55,0.22544464028200606,1,0.08860759493670886,0.08860759493670886,0
country_b25_g0.8_c100,2020/21,UEL,213,0.44082233325743586,0.6871962028935781,0.5,0.2391721219334788,34,0.22031206848936757,0.12669152167909414,6
country_b25_g0.8_c100,2020/21,UECL,0,,,0.0,,0,0.0,0.0,0
country_b25_g0.8_c100,2021/22,UCL,80,0.4536579772552545,0.6689847009735744,0.4,0.24421875,0,0.0,0.0,0
country_b25_g0.8_c100,2021/22,UEL,58,0.3731782351563564,0.6414451261077028,0.4,0.2615933412604043,1,0.017241379310344834,0.0,0
country_b25_g0.8_c100,2021/22,UECL,181,0.3569950147900582,0.6395234066553863,0.4782608695652174,0.25716553218766214,31,0.23632151131705578,0.13027980752094098,4
country_b25_g0.8_c100,2022/23,UCL,78,0.36200586635451865,0.6378861183475996,0.55,0.25378040762656146,2,0.16025641025641027,0.0608974358974359,0
country_b25_g0.8_c100,2022/23,UEL,57,0.3530679797584604,0.6291980808773132,0.4,0.2570021545090797,5,0.2087719298245614,0.09824561403508772,0
country_b25_g0.8_c100,2022/23,UECL,177,0.3500064562752155,0.635338624731103,0.4222222222222222,0.25682275208273486,19,0.252007136485281,0.15016354445435623,4
country_b25_g0.8_c100,2023/24,UCL,78,0.4236057556698252,0.6672807663964628,0.45,0.2345496383957922,2,0.1346153846153846,0.08333333333333334,0
country_b25_g0.8_c100,2023/24,UEL,57,0.6656629513650291,0.7551867219917012,0.5333333333333333,0.18159433671899045,3,0.3684210526315789,0.08187134502923976,0
country_b25_g0.8_c100,2023/24,UECL,178,0.3385997769743657,0.6298415492957746,0.4666666666666667,0.26167781845726545,23,0.26978505129457747,0.1388617489008305,5
country_b25_g0.8_c100,2024/25,UCL,81,0.47499573034182535,0.676391683433937,0.42857142857142855,0.228471269623533,6,0.11213991769547327,0.06584362139917695,0
country_b25_g0.8_c100,2024/25,UEL,76,0.4589131502530307,0.6768867924528302,0.5263157894736842,0.24394044321329636,9,0.2945906432748538,0.14035087719298245,1
country_b25_g0.8_c100,2024/25,UECL,164,0.3626101322100779,0.6438022284122563,0.5121951219512195,0.24947947650208205,31,0.25000000000000006,0.15135719905586154,7
country_b25_g0.8_c100,2025/26,UCL,82,0.4401533750270288,0.6718032786885246,0.38095238095238093,0.2416716240333135,1,0.07926829268292682,0.07926829268292682,0
country_b25_g0.8_c100,2025/26,UEL,77,0.41007029482976914,0.6568208317139526,0.55,0.2447292966773486,6,0.22077922077922082,0.11038961038961038,0
country_b25_g0.8_c100,2025/26,UECL,164,0.32153433359713496,0.6221556886227545,0.4146341463414634,0.26832986317668056,23,0.25477200424178154,0.13812301166489926,4
country_b25_g0.8_c180,2018/19,UCL,79,0.544114512466792,0.7136752136752137,0.45,0.2150296426854671,1,0.5443037974683544,0.0,0
country_b25_g0.8_c180,2018/19,UEL,213,0.3987078060191567,0.6553385616894767,0.5370370370370371,0.25202230597985414,30,0.24921752738654146,0.18270735524256654,4
country_b25_g0.8_c180,2018/19,UECL,0,,,0.0,,0,0.0,0.0,0
country_b25_g0.8_c180,2019/20,UCL,79,0.43476662539857375,0.6725018234865062,0.4,0.250921326710463,3,0.3059071729957806,0.021097046413502112,0
country_b25_g0.8_c180,2019/20,UEL,213,0.3583840216495933,0.6356542314856769,0.46296296296296297,0.25876699949304593,25,0.2670422535211268,0.20131455399061032,7
country_b25_g0.8_c180,2019/20,UECL,0,,,0.0,,0,0.0,0.0,0
country_b25_g0.8_c180,2020/21,UCL,79,0.47344704966256934,0.6941266209000763,0.55,0.22848902419484057,1,0.07594936708860761,0.07594936708860761,0
country_b25_g0.8_c180,2020/21,UEL,213,0.4077182485526798,0.6735289071881969,0.5370370370370371,0.24796667327911132,34,0.2483429991714996,0.1842723004694836,7
country_b25_g0.8_c180,2020/21,UECL,0,,,0.0,,0,0.0,0.0,0
country_b25_g0.8_c180,2021/22,UCL,80,0.4475257076838135,0.6675938803894298,0.4,0.24609375,0,0.0,0.0,0
country_b25_g0.8_c180,2021/22,UEL,58,0.42688572756985466,0.6598500340831629,0.4,0.25326991676575505,1,0.08620689655172412,0.08620689655172412,0
country_b25_g0.8_c180,2021/22,UECL,181,0.3532483082513305,0.6374788494077834,0.45652173913043476,0.25960746008974084,31,0.26234182855106036,0.18989484940295842,5
country_b25_g0.8_c180,2022/23,UCL,78,0.3591828848279009,0.6356531447711202,0.55,0.2567389875082183,2,0.16025641025641024,0.08653846153846154,0
country_b25_g0.8_c180,2022/23,UEL,57,0.353688313734363,0.6339958875942426,0.4,0.2545398584179748,5,0.2473684210526316,0.1631578947368421,1
country_b25_g0.8_c180,2022/23,UECL,177,0.3425552382442651,0.6323714857948224,0.4888888888888889,0.26141913243320886,19,0.2704430567945286,0.20576865893547433,6
country_b25_g0.8_c180,2023/24,UCL,78,0.4247408124891724,0.6669123065585851,0.45,0.23290598290598288,2,0.1666666666666667,0.1666666666666667,0
country_b25_g0.8_c180,2023/24,UEL,57,0.6761698013128175,0.7648686030428768,0.5333333333333333,0.1806709756848261,3,0.304093567251462,0.1345029239766082,1
country_b25_g0.8_c180,2023/24,UECL,178,0.35707528627866036,0.6371038732394366,0.4444444444444444,0.25965787148087366,23,0.30593551538837316,0.21409379579872984,5
country_b25_g0.8_c180,2024/25,UCL,81,0.4612402596069904,0.6710261569416499,0.38095238095238093,0.23487273281511967,6,0.17592592592592593,0.14506172839506173,1
country_b25_g0.8_c180,2024/25,UEL,76,0.4421298827607223,0.6662735849056604,0.5263157894736842,0.24896121883656502,9,0.27266081871345027,0.19736842105263158,3
country_b25_g0.8_c180,2024/25,UECL,164,0.35969370795246575,0.6436281337047354,0.4634146341463415,0.2552052349791791,31,0.28402832415420926,0.2289535798583792,7
country_b25_g0.8_c180,2025/26,UCL,82,0.4304135778795732,0.6698360655737705,0.38095238095238093,0.24419988102320048,1,0.17682926829268292,0.17682926829268292,0
country_b25_g0.8_c180,2025/26,UEL,77,0.434169338972536,0.6673144189661874,0.6,0.24000674650025303,6,0.2467532467532468,0.20995670995670998,2
country_b25_g0.8_c180,2025/26,UECL,164,0.32087188166916253,0.6205303678357571,0.4146341463414634,0.27048631766805475,23,0.2701484623541887,0.20559384941675504,5
country_b25_g0.8_c220,2018/19,UCL,79,0.5363300646709959,0.7101139601139601,0.45,0.21663195000801147,1,0.5443037974683544,0.0,0
country_b25_g0.8_c220,2018/19,UEL,213,0.39734542411782053,0.6550822697216669,0.5185185185185185,0.25371950009918665,30,0.25845070422535216,0.19726134585289515,4
country_b25_g0.8_c220,2018/19,UECL,0,,,0.0,,0,0.0,0.0,0
country_b25_g0.8_c220,2019/20,UCL,79,0.42968956268311187,0.6699489423778264,0.4,0.25124178817497195,3,0.30168776371308015,0.021097046413502112,0
country_b25_g0.8_c220,2019/20,UEL,213,0.3471286315225984,0.6320294013995872,0.42592592592592593,0.261544226233772,25,0.2768075117370892,0.21990610328638496,10
country_b25_g0.8_c220,2019/20,UECL,0,,,0.0,,0,0.0,0.0,0
country_b25_g0.8_c220,2020/21,UCL,79,0.4670973096983277,0.6910755148741419,0.55,0.23169363883992947,1,0.08860759493670886,0.08860759493670886,0
country_b25_g0.8_c220,2020/21,UEL,213,0.3898745644486257,0.6652942185623606,0.5370370370370371,0.2518239326412308,34,0.26008008837337754,0.20767743717205192,9
country_b25_g0.8_c220,2020/21,UECL,0,,,0.0,,0,0.0,0.0,0
country_b25_g0.8_c220,2021/22,UCL,80,0.4437092855805853,0.6655076495132128,0.4,0.24765625,0,0.0,0.0,0
country_b25_g0.8_c220,2021/22,UEL,58,0.43414855155844734,0.6618950238582141,0.4,0.251486325802616,1,0.15517241379310345,0.15517241379310345,0
country_b25_g0.8_c220,2021/22,UECL,181,0.34788298348424423,0.6358573040045121,0.45652173913043476,0.26070632764567625,31,0.2778470860809125,0.2194795936553199,9
country_b25_g0.8_c220,2022/23,UCL,78,0.3401501134493464,0.6296985485671753,0.55,0.26051939513477973,2,0.1217948717948718,0.09294871794871795,0
country_b25_g0.8_c220,2022/23,UEL,57,0.38173393927648597,0.6463331048663468,0.4,0.24838411819021236,5,0.2719298245614035,0.2087719298245614,1
country_b25_g0.8_c220,2022/23,UECL,177,0.3350996313350753,0.6281433128106224,0.4888888888888889,0.26288742060072134,19,0.27371394588165326,0.22360987213797204,6
country_b25_g0.8_c220,2023/24,UCL,78,0.4103549238125033,0.6617538688282977,0.45,0.23389217619986846,2,0.2307692307692308,0.2307692307692308,1
country_b25_g0.8_c220,2023/24,UEL,57,0.6893606440821594,0.7731673582295989,0.5333333333333333,0.17543859649122806,3,0.2631578947368421,0.14619883040935674,1
country_b25_g0.8_c220,2023/24,UECL,178,0.3600017793481045,0.6395980046948356,0.4666666666666667,0.25845852796364094,23,0.31888128969223256,0.2438935026868588,5
country_b25_g0.8_c220,2024/25,UCL,81,0.4513840669399641,0.6676727028839705,0.38095238095238093,0.238073464410913,6,0.2417695473251029,0.21707818930041153,1
country_b25_g0.8_c220,2024/25,UEL,76,0.43942022837151923,0.6647012578616353,0.5263157894736842,0.24619113573407195,9,0.26681286549707595,0.21783625730994152,4
country_b25_g0.8_c220,2024/25,UECL,164,0.3575793349368711,0.6413649025069638,0.4146341463414634,0.25725014872099944,31,0.295633359559402,0.2551140833988985,7
country_b25_g0.8_c220,2025/26,UCL,82,0.4285948980972587,0.6668852459016393,0.38095238095238093,0.24464604402141585,1,0.18902439024390244,0.18902439024390244,0
country_b25_g0.8_c220,2025/26,UEL,77,0.4364486180369238,0.6677030703458997,0.65,0.23882610895597903,6,0.2705627705627706,0.2683982683982684,3
country_b25_g0.8_c220,2025/26,UECL,164,0.30909097981495054,0.6175363558597091,0.43902439024390244,0.2729030339083878,23,0.29215270413573696,0.23926299045599148,6
country_b25_g0.8_c260,2018/19,UCL,79,0.5235316969563324,0.7047720797720798,0.45,0.2207979490466271,1,0.5443037974683544,0.0,0
country_b25_g0.8_c260,2018/19,UEL,213,0.3910414146169108,0.6516992157465785,0.5185185185185185,0.255218320879896,30,0.26752738654147107,0.21212832550860722,6
country_b25_g0.8_c260,2018/19,UECL,0,,,0.0,,0,0.0,0.0,0
country_b25_g0.8_c260,2019/20,UCL,79,0.4195724061554558,0.6659372720641867,0.4,0.254125941355552,3,0.30168776371308015,0.021097046413502112,0
country_b25_g0.8_c260,2019/20,UEL,213,0.3324676324404739,0.6265418114081458,0.4074074074074074,0.26418920408208246,25,0.28244131455399063,0.23577464788732397,10
country_b25_g0.8_c260,2019/20,UECL,0,,,0.0,,0,0.0,0.0,0
country_b25_g0.8_c260,2020/21,UCL,79,0.46192804976657714,0.6895499618611747,0.55,0.23409709982374616,1,0.11392405063291142,0.11392405063291142,0
country_b25_g0.8_c260,2020/21,UEL,213,0.36859295248617774,0.655801452507577,0.5185185185185185,0.2575326764971677,34,0.27720243026788177,0.23191107428887048,10
country_b25_g0.8_c260,2020/21,UECL,0,,,0.0,,0,0.0,0.0,0
country_b25_g0.8_c260,2021/22,UCL,80,0.4440991986747232,0.6665507649513213,0.4,0.24828124999999995,0,0.0,0.0,0
country_b25_g0.8_c260,2021/22,UEL,58,0.4311873143098795,0.6605316973415133,0.4666666666666667,0.25237812128418546,1,0.2413793103448276,0.2413793103448276,0
country_b25_g0.8_c260,2021/22,UECL,181,0.336709494764099,0.6311336717428088,0.4782608695652174,0.26311773144897893,31,0.2915701301015862,0.2440741400819818,9
country_b25_g0.8_c260,2022/23,UCL,78,0.33221766309627104,0.6278377372534425,0.55,0.2608481262327416,2,0.12179487179487178,0.10576923076923075,0
country_b25_g0.8_c260,2022/23,UEL,57,0.38734959421623577,0.6435915010281015,0.4,0.2502308402585411,5,0.3280701754385965,0.2719298245614035,2
country_b25_g0.8_c260,2022/23,UECL,177,0.32071727734454397,0.6211705363103628,0.4444444444444444,0.26668581825146026,19,0.27817424918227773,0.24174843889384479,6
country_b25_g0.8_c260,2023/24,UCL,78,0.4021417036814972,0.6565954310980103,0.45,0.23323471400394474,2,0.3141025641025641,0.3141025641025641,1
country_b25_g0.8_c260,2023/24,UEL,57,0.6776427242026943,0.7662517289073306,0.6,0.1754385964912281,3,0.23976608187134504,0.1871345029239766,1
country_b25_g0.8_c260,2023/24,UECL,178,0.3620839673057672,0.640331572769953,0.4,0.25587047090013887,23,0.3254763067904251,0.26526624328285303,6
country_b25_g0.8_c260,2024/25,UCL,81,0.43649178044191966,0.6623071763916835,0.38095238095238093,0.24066453284560282,6,0.28086419753086417,0.2746913580246914,3
country_b25_g0.8_c260,2024/25,UEL,76,0.4368902959571103,0.6658805031446541,0.5789473684210527,0.2427285318559556,9,0.2580409356725146,0.2353801169590643,4
country_b25_g0.8_c260,2024/25,UECL,164,0.3500981328346039,0.6377959610027855,0.4146341463414634,0.2617489589530042,31,0.31294256490951994,0.28029110936270657,9
country_b25_g0.8_c260,2025/26,UCL,82,0.42041083907684323,0.6629508196721311,0.42857142857142855,0.24583581201665672,1,0.21341463414634146,0.21341463414634146,0
country_b25_g0.8_c260,2025/26,UEL,77,0.41745462583369214,0.6583754372328022,0.6,0.24624725923427224,6,0.35714285714285704,0.35714285714285704,4
country_b25_g0.8_c260,2025/26,UECL,164,0.3003482670524374,0.6141146278870829,0.4634146341463415,0.2773646638905413,23,0.3048780487804878,0.2636532343584306,7
country_b25_g0.8_c300,2018/19,UCL,79,0.5128663905274464,0.7008547008547008,0.45,0.22464348662073383,1,0.5443037974683544,0.0,0
country_b25_g0.8_c300,2018/19,UEL,213,0.3879839322000361,0.6507765646624635,0.5370370370370371,0.25585752385990435,30,0.2772300469483568,0.22550860719874802,6
country_b25_g0.8_c300,2018/19,UECL,0,,,0.0,,0,0.0,0.0,0
country_b25_g0.8_c300,2019/20,UCL,79,0.4112051110491485,0.6633843909555069,0.4,0.2566896330716232,3,0.30168776371308015,0.021097046413502112,0
country_b25_g0.8_c300,2019/20,UEL,213,0.321519732342595,0.6229169813220561,0.4074074074074074,0.26676805748418525,25,0.2907042253521126,0.24929577464788735,11
country_b25_g0.8_c300,2019/20,UECL,0,,,0.0,,0,0.0,0.0,0
country_b25_g0.8_c300,2020/21,UCL,79,0.45878424504846915,0.6880244088482075,0.55,0.23521871494952726,1,0.11392405063291142,0.11392405063291142,0
country_b25_g0.8_c300,2020/21,UEL,213,0.34534856107286804,0.6454509063876022,0.48148148148148145,0.2628667151579272,34,0.2921154377243856,0.2523474178403756,10
country_b25_g0.8_c300,2020/21,UECL,0,,,0.0,,0,0.0,0.0,0
country_b25_g0.8_c300,2021/22,UCL,80,0.43742341388115064,0.6644645340751043,0.4,0.25,0,0.0,0.0,0
country_b25_g0.8_c300,2021/22,UEL,58,0.44293875054893284,0.665303340149966,0.4666666666666667,0.25297265160523186,1,0.2931034482758621,0.2931034482758621,0
country_b25_g0.8_c300,2021/22,UECL,181,0.3285897512638907,0.6266920473773265,0.45652173913043476,0.2643997435975703,31,0.29976831224380684,0.2586882908572447,9
country_b25_g0.8_c300,2022/23,UCL,78,0.3292541711769257,0.627465574990696,0.55,0.2616699539776463,2,0.1217948717948718,0.11217948717948717,0
country_b25_g0.8_c300,2022/23,UEL,57,0.38555389060178097,0.6422206991089787,0.4666666666666667,0.24807633117882422,5,0.3771929824561403,0.3280701754385965,3
country_b25_g0.8_c300,2022/23,UECL,177,0.30496778778243805,0.6155329723314295,0.4444444444444444,0.2701331035143158,19,0.28382396669640203,0.25542670234909304,6
country_b25_g0.8_c300,2023/24,UCL,78,0.39406877147198344,0.6558585114222549,0.45,0.23159105851413544,2,0.3974358974358975,0.3974358974358975,1
country_b25_g0.8_c300,2023/24,UEL,57,0.6713582532058864,0.7662517289073306,0.6,0.17389966143428742,3,0.23391812865497078,0.23099415204678364,1
country_b25_g0.8_c300,2023/24,UECL,178,0.35737720892399727,0.6379841549295775,0.4,0.25637545764423686,23,0.3340254030288227,0.28358573522227654,8
country_b25_g0.8_c300,2024/25,UCL,81,0.4226453644460279,0.6545942320590208,0.38095238095238093,0.2421886907483615,6,0.3343621399176954,0.3292181069958848,3
country_b25_g0.8_c300,2024/25,UEL,76,0.4218765986781589,0.6607704402515723,0.631578947368421,0.24117036011080337,9,0.27266081871345027,0.26973684210526316,4
country_b25_g0.8_c300,2024/25,UECL,164,0.3354980345359463,0.6317896935933147,0.43902439024390244,0.26583878643664494,31,0.3276947285601889,0.30035405192761605,11
country_b25_g0.8_c300,2025/26,UCL,82,0.42323746187104294,0.6636065573770492,0.42857142857142855,0.24657941701368233,1,0.24999999999999997,0.24999999999999997,0
country_b25_g0.8_c300,2025/26,UEL,77,0.4047919643648711,0.6544889234356782,0.6,0.24995783437341884,6,0.435064935064935,0.435064935064935,4
country_b25_g0.8_c300,2025/26,UECL,164,0.2879007815534465,0.609153122326775,0.4634146341463415,0.2804134443783462,23,0.31574761399787904,0.28168080593849415,9
country_b25_g0.8_c360,2018/19,UCL,79,0.4956057566747203,0.6923076923076923,0.45,0.22929017785611278,1,0.5443037974683544,0.0,0
country_b25_g0.8_c360,2018/19,UEL,213,0.3781107593831374,0.6468296683581937,0.5185185185185185,0.25821596244131456,30,0.2939749608763694,0.24741784037558684,9
country_b25_g0.8_c360,2018/19,UECL,0,,,0.0,,0,0.0,0.0,0
country_b25_g0.8_c360,2019/20,UCL,79,0.39859871503478544,0.6571845368344275,0.4,0.25861240185867646,3,0.29324894514767935,0.021097046413502112,0
country_b25_g0.8_c360,2019/20,UEL,213,0.30094425668002184,0.6147611136283542,0.42592592592592593,0.2716171835394212,25,0.3100469483568076,0.27276995305164314,11
country_b25_g0.8_c360,2019/20,UECL,0,,,0.0,,0,0.0,0.0,0
country_b25_g0.8_c360,2020/21,UCL,79,0.45157710379747074,0.6849733028222731,0.55,0.2358596378785451,1,0.10126582278481014,0.10126582278481014,0
country_b25_g0.8_c360,2020/21,UEL,213,0.3142188660819102,0.6313261279807857,0.4444444444444444,0.26921466199387245,34,0.3158657829328915,0.2818282242474454,11
country_b25_g0.8_c360,2020/21,UECL,0,,,0.0,,0,0.0,0.0,0
country_b25_g0.8_c360,2021/22,UCL,80,0.42825454839475713,0.6609874826147427,0.4,0.25218749999999995,0,0.0,0.0,0
country_b25_g0.8_c360,2021/22,UEL,58,0.44362451075386433,0.6612133605998637,0.5333333333333333,0.25208085612366227,1,0.3793103448275862,0.3793103448275862,1
country_b25_g0.8_c360,2021/22,UECL,181,0.3087142675212396,0.6184433164128595,0.45652173913043476,0.26897835841396783,31,0.31224380680805564,0.27989663161646766,11
country_b25_g0.8_c360,2022/23,UCL,78,0.3138618963372223,0.6192780052102717,0.55,0.26791584483892183,2,0.19230769230769235,0.19230769230769235,0
country_b25_g0.8_c360,2022/23,UEL,57,0.35891217879459547,0.634681288553804,0.6,0.2505386272699292,5,0.4228070175438596,0.4052631578947368,3
country_b25_g0.8_c360,2022/23,UECL,177,0.27847322707070793,0.6063348416289592,0.4222222222222222,0.27488908040473686,19,0.2966101694915254,0.2750520368718406,7
country_b25_g0.8_c360,2023/24,UCL,78,0.3762266985476394,0.6484893146647015,0.45,0.23422090729783035,2,0.5,0.5,1
country_b25_g0.8_c360,2023/24,UEL,57,0.6433399866784504,0.7531120331950207,0.6,0.18251769775315482,3,0.3216374269005848,0.3216374269005848,1
country_b25_g0.8_c360,2023/24,UECL,178,0.3466007270757937,0.6332159624413145,0.4,0.259247569751294,23,0.34721543722520765,0.30898876404494385,8
country_b25_g0.8_c360,2024/25,UCL,81,0.38389131507821606,0.6425217974513749,0.42857142857142855,0.24752324340801704,6,0.4454732510288066,0.44238683127572015,4
country_b25_g0.8_c360,2024/25,UEL,76,0.3841488087386945,0.648191823899371,0.5263157894736842,0.24549861495844877,9,0.3355263157894737,0.3355263157894737,4
country_b25_g0.8_c360,2024/25,UECL,164,0.31888589389739974,0.6260445682451253,0.43902439024390244,0.2685901249256395,31,0.33870967741935476,0.31835169158143195,12
country_b25_g0.8_c360,2025/26,UCL,82,0.4192495134327146,0.6619672131147541,0.42857142857142855,0.247471743010113,1,0.24999999999999997,0.24999999999999997,0
country_b25_g0.8_c360,2025/26,UEL,77,0.36629747349965497,0.639720171006607,0.55,0.25906560971496034,6,0.5108225108225108,0.5108225108225108,4
country_b25_g0.8_c360,2025/26,UECL,164,0.26738818484820526,0.6013686911890505,0.43902439024390244,0.2843917311124331,23,0.3319194061505833,0.30554082714740194,9
country_b25_g1.0_c100,2018/19,UCL,79,0.5550617752725336,0.7183048433048433,0.45,0.21118410511136035,1,0.5316455696202532,0.0,0
country_b25_g1.0_c100,2018/19,UEL,213,0.4108904745198653,0.65964426674868,0.5185185185185185,0.24494699023562344,30,0.21729264475743346,0.13341158059467917,3
country_b25_g1.0_c100,2018/19,UECL,0,,,0.0,,0,0.0,0.0,0
country_b25_g1.0_c100,2019/20,UCL,79,0.44450176992579443,0.675054704595186,0.4,0.24483255888479416,3,0.36075949367088606,0.0,0
country_b25_g1.0_c100,2019/20,UEL,213,0.3832292160021796,0.6449680310124352,0.42592592592592593,0.25349908527849413,25,0.24751173708920188,0.13971830985915493,3
country_b25_g1.0_c100,2019/20,UECL,0,,,0.0,,0,0.0,0.0,0
country_b25_g1.0_c100,2020/21,UCL,79,0.47842991801024237,0.6952707856598017,0.55,0.22528440954975168,1,0.05063291139240508,0.05063291139240508,0
country_b25_g1.0_c100,2020/21,UEL,213,0.4499770255827988,0.6909704351804198,0.5185185185185185,0.23524873812515154,34,0.21589339961336648,0.11246893123446562,5
country_b25_g1.0_c100,2020/21,UECL,0,,,0.0,,0,0.0,0.0,0
country_b25_g1.0_c100,2021/22,UCL,80,0.4465450171743152,0.6665507649513213,0.4,0.24500000000000002,0,0.0,0.0,0
country_b25_g1.0_c100,2021/22,UEL,58,0.3712144672967798,0.6387184730743013,0.4,0.2615933412604043,1,0.017241379310344834,0.0,0
country_b25_g1.0_c100,2021/22,UECL,181,0.3570226922391815,0.6393824027072758,0.5,0.2565245261133665,31,0.2341828551060417,0.10818036000712884,3
country_b25_g1.0_c100,2022/23,UCL,78,0.36725584557370383,0.6397469296613323,0.55,0.2519723865877711,2,0.1282051282051282,0.02243589743589744,0
country_b25_g1.0_c100,2022/23,UEL,57,0.3510763812042468,0.6291980808773132,0.4,0.25761772853185594,5,0.21578947368421053,0.09122807017543859,0
country_b25_g1.0_c100,2022/23,UECL,177,0.34803475272616263,0.635190267784289,0.4444444444444444,0.25675891346675606,19,0.25884626821290513,0.12905144216473388,4
country_b25_g1.0_c100,2023/24,UCL,78,0.42257272642974525,0.6658069270449521,0.45,0.23586456278763968,2,0.1346153846153846,0.08333333333333334,0
country_b25_g1.0_c100,2023/24,UEL,57,0.6626843739655002,0.7524204702627939,0.5333333333333333,0.18313327177593106,3,0.3625730994152047,0.07602339181286549,0
country_b25_g1.0_c100,2023/24,UECL,178,0.3281176697053656,0.6258069248826291,0.4666666666666667,0.2661595758111349,23,0.28028822667318026,0.12176355642403518,5
country_b25_g1.0_c100,2024/25,UCL,81,0.47309724801726555,0.6753856472166331,0.42857142857142855,0.22877610120408473,6,0.11213991769547327,0.06584362139917695,0
country_b25_g1.0_c100,2024/25,UEL,76,0.4641665618239345,0.6800314465408805,0.5263157894736842,0.2418628808864266,9,0.29020467836257313,0.12280701754385964,1
country_b25_g1.0_c100,2024/25,UECL,164,0.36481577312562613,0.6436281337047354,0.5365853658536586,0.24895895300416418,31,0.24508261211644372,0.12598347757671124,6
country_b25_g1.0_c100,2025/26,UCL,82,0.4421144815392837,0.6724590163934426,0.38095238095238093,0.2404818560380725,1,0.018292682926829264,0.018292682926829264,0
country_b25_g1.0_c100,2025/26,UEL,77,0.41128324450730885,0.6564321803342402,0.55,0.246415921740597,6,0.21645021645021645,0.10606060606060606,0
country_b25_g1.0_c100,2025/26,UECL,164,0.3271507139760777,0.623267750213858,0.4146341463414634,0.26732599643069604,23,0.24284199363732767,0.11386532343584306,4
country_b25_g1.0_c140,2018/19,UCL,79,0.551482155183758,0.7165242165242165,0.45,0.21118410511136035,1,0.5316455696202532,0.0,0
country_b25_g1.0_c140,2018/19,UEL,213,0.40792373354322764,0.6584140653031934,0.5555555555555556,0.24620335471357094,30,0.2265258215962441,0.14913928012519564,4
country_b25_g1.0_c140,2018/19,UECL,0,,,0.0,,0,0.0,0.0,0
country_b25_g1.0_c140,2019/20,UCL,79,0.4379089821763475,0.6735959153902261,0.4,0.24835763499439195,3,0.3481012658227847,0.0,0
country_b25_g1.0_c140,2019/20,UEL,213,0.3797608539798836,0.6433569954186176,0.4444444444444444,0.25440278604333355,25,0.2557746478873239,0.15906103286384976,4
country_b25_g1.0_c140,2019/20,UECL,0,,,0.0,,0,0.0,0.0,0
country_b25_g1.0_c140,2020/21,UCL,79,0.4737328500914883,0.6937452326468345,0.55,0.22624579394327832,1,0.05063291139240508,0.05063291139240508,0
country_b25_g1.0_c140,2020/21,UEL,213,0.43772561812645105,0.6860524961399898,0.5370370370370371,0.24023011307280304,34,0.23094449047224525,0.13656448494890916,5
country_b25_g1.0_c140,2020/21,UECL,0,,,0.0,,0,0.0,0.0,0
country_b25_g1.0_c140,2021/22,UCL,80,0.44877815580437763,0.6675938803894298,0.4,0.24453125,0,0.0,0.0,0
country_b25_g1.0_c140,2021/22,UEL,58,0.3983019953915738,0.6496250852079073,0.4,0.25772889417360284,1,0.03448275862068967,0.03448275862068967,0
country_b25_g1.0_c140,2021/22,UECL,181,0.36352996805528076,0.6417089678510999,0.45652173913043476,0.2551814657672232,31,0.2420245945464267,0.1340224558902156,4
country_b25_g1.0_c140,2022/23,UCL,78,0.35936171623682683,0.6356531447711202,0.55,0.2537804076265614,2,0.14102564102564102,0.04807692307692307,0
country_b25_g1.0_c140,2022/23,UEL,57,0.3652461151801273,0.6353666895133653,0.4,0.25053862726992926,5,0.21228070175438596,0.11228070175438595,0
country_b25_g1.0_c140,2022/23,UECL,177,0.34697922750958565,0.6345226615236258,0.4666666666666667,0.25809952440231093,19,0.2647933392804044,0.16027356526910497,4
country_b25_g1.0_c140,2023/24,UCL,78,0.42333793327424896,0.6658069270449521,0.45,0.23422090729783024,2,0.15384615384615383,0.12820512820512822,0
country_b25_g1.0_c140,2023/24,UEL,57,0.6683142125668073,0.7558782849239281,0.5333333333333333,0.18497999384425975,3,0.3274853801169591,0.09941520467836258,0
country_b25_g1.0_c140,2023/24,UECL,178,0.3422206921280847,0.6302816901408451,0.4666666666666667,0.2606047216260573,23,0.2900586223742062,0.15425012212994624,5
country_b25_g1.0_c140,2024/25,UCL,81,0.47109645227401675,0.675720992622401,0.38095238095238093,0.23014784331656762,6,0.12448559670781893,0.08230452674897118,0
country_b25_g1.0_c140,2024/25,UEL,76,0.45782099363697437,0.6749213836477987,0.5263157894736842,0.24601800554016617,9,0.2814327485380117,0.15350877192982457,2
country_b25_g1.0_c140,2024/25,UECL,164,0.369149615526459,0.6476323119777159,0.5121951219512195,0.2498140987507436,31,0.2667191188040913,0.1696498819826908,7
country_b25_g1.0_c140,2025/26,UCL,82,0.4432758071834122,0.6740983606557377,0.38095238095238093,0.24137418203450328,1,0.042682926829268296,0.042682926829268296,0
country_b25_g1.0_c140,2025/26,UEL,77,0.43367616163111883,0.6684803731053245,0.55,0.2413560465508517,6,0.21645021645021648,0.15151515151515152,0
country_b25_g1.0_c140,2025/26,UECL,164,0.3388035326092888,0.6305389221556886,0.3902439024390244,0.2611168947055324,23,0.24257688229056198,0.14846235418875928,5
country_b25_g1.0_c180,2018/19,UCL,79,0.5444455047352745,0.7126068376068376,0.45,0.21470918122095817,1,0.5443037974683544,0.0,0
country_b25_g1.0_c180,2018/19,UEL,213,0.40949721532289296,0.6593367163873084,0.5555555555555556,0.24787850735083428,30,0.2388888888888889,0.16486697965571206,4
country_b25_g1.0_c180,2018/19,UECL,0,,,0.0,,0,0.0,0.0,0
country_b25_g1.0_c180,2019/20,UCL,79,0.4351856063022768,0.6717724288840262,0.4,0.24995994231693633,3,0.3312236286919831,0.0,0
country_b25_g1.0_c180,2019/20,UEL,213,0.3729352028641763,0.6408397523032775,0.4444444444444444,0.25629835350128943,25,0.26215962441314555,0.17953051643192489,4
country_b25_g1.0_c180,2019/20,UECL,0,,,0.0,,0,0.0,0.0,0
country_b25_g1.0_c180,2020/21,UCL,79,0.4743914336885623,0.6945080091533181,0.55,0.22816856273033168,1,0.06329113924050633,0.06329113924050633,0
country_b25_g1.0_c180,2020/21,UEL,213,0.4239829368973816,0.6798764796706125,0.5370370370370371,0.24402124798871475,34,0.24226732946699805,0.15962441314553988,7
country_b25_g1.0_c180,2020/21,UECL,0,,,0.0,,0,0.0,0.0,0
country_b25_g1.0_c180,2021/22,UCL,80,0.4514839163667282,0.6686369958275382,0.4,0.2453125,0,0.0,0.0,0
country_b25_g1.0_c180,2021/22,UEL,58,0.41613176071979263,0.6550783912747103,0.4,0.25386444708680145,1,0.03448275862068967,0.03448275862068967,0
country_b25_g1.0_c180,2021/22,UECL,181,0.3600436345564538,0.6400874224478286,0.4782608695652174,0.25698238759500625,31,0.2479058991267154,0.15514168597397968,4
country_b25_g1.0_c180,2022/23,UCL,78,0.35390735826458347,0.6326758466691478,0.55,0.2550953320184089,2,0.14743589743589744,0.0608974358974359,0
country_b25_g1.0_c180,2022/23,UEL,57,0.35675733445724955,0.6339958875942426,0.4,0.255155432440751,5,0.2403508771929824,0.14561403508771925,0
country_b25_g1.0_c180,2022/23,UECL,177,0.34928229136571365,0.635041910837475,0.4888888888888889,0.2597912477257493,19,0.2790663098424026,0.18644067796610173,6
country_b25_g1.0_c180,2023/24,UCL,78,0.4299697259266141,0.6683861459100958,0.45,0.23159105851413542,2,0.15384615384615388,0.15384615384615388,0
country_b25_g1.0_c180,2023/24,UEL,57,0.6770862866665187,0.7634854771784232,0.5333333333333333,0.18128654970760236,3,0.29824561403508776,0.1286549707602339,1
country_b25_g1.0_c180,2023/24,UECL,178,0.3509764488428549,0.6332159624413145,0.4444444444444444,0.26044691326852665,23,0.30666829506595017,0.18551538837322912,5
country_b25_g1.0_c180,2024/25,UCL,81,0.4647530203153078,0.6733735747820255,0.38095238095238093,0.23456790123456794,6,0.1738683127572017,0.14094650205761317,1
country_b25_g1.0_c180,2024/25,UEL,76,0.4554846079646514,0.6733490566037735,0.5263157894736842,0.24774930747922436,9,0.27266081871345027,0.17982456140350875,3
country_b25_g1.0_c180,2024/25,UECL,164,0.36839319823441824,0.6463266016713092,0.43902439024390244,0.252267995240928,31,0.2791109362706531,0.1995476003147128,7
country_b25_g1.0_c180,2025/26,UCL,82,0.434905497823844,0.6718032786885246,0.38095238095238093,0.24390243902439024,1,0.10365853658536583,0.10365853658536583,0
country_b25_g1.0_c180,2025/26,UEL,77,0.43868790974930477,0.6692576758647493,0.6,0.2376454714117052,6,0.2316017316017316,0.196969696969697,2
country_b25_g1.0_c180,2025/26,UECL,164,0.33323260111521735,0.6269461077844312,0.43902439024390244,0.2645746579417014,23,0.2608695652173913,0.18040827147401906,5
country_b25_g1.0_c220,2018/19,UCL,79,0.538205687525731,0.7108262108262108,0.45,0.21567056561448483,1,0.5443037974683544,0.0,0
country_b25_g1.0_c220,2018/19,UEL,213,0.4067232999067589,0.6586703572710031,0.5370370370370371,0.2492671207211973,30,0.25015649452269173,0.18020344287949927,4
country_b25_g1.0_c220,2018/19,UECL,0,,,0.0,,0,0.0,0.0,0
country_b25_g1.0_c220,2019/20,UCL,79,0.4288885697789734,0.6692195477753464,0.4,0.2515622496394809,3,0.3143459915611814,0.008438818565400852,0
country_b25_g1.0_c220,2019/20,UEL,213,0.3648425673223762,0.6385742334994714,0.4444444444444444,0.2578412572461372,25,0.26441314553990614,0.1939906103286385,5
country_b25_g1.0_c220,2019/20,UECL,0,,,0.0,,0,0.0,0.0,0
country_b25_g1.0_c220,2020/21,UCL,79,0.47354645850741073,0.6948893974065599,0.55,0.2294504085883672,1,0.06329113924050633,0.06329113924050633,0
country_b25_g1.0_c220,2020/21,UEL,213,0.4150004634722422,0.6761594327214502,0.5370370370370371,0.2467103088011638,34,0.25207125103562555,0.18012979839823254,8
country_b25_g1.0_c220,2020/21,UECL,0,,,0.0,,0,0.0,0.0,0
country_b25_g1.0_c220,2021/22,UCL,80,0.4458006376309611,0.6672461752433936,0.4,0.24718749999999998,0,0.0,0.0,0
country_b25_g1.0_c220,2021/22,UEL,58,0.43745266890948087,0.6625766871165644,0.4,0.2497027348394768,1,0.08620689655172412,0.08620689655172412,0
country_b25_g1.0_c220,2021/22,UECL,181,0.3571539038498401,0.6395234066553863,0.4782608695652174,0.25737920087909405,31,0.25592585991801814,0.1771520228123329,5
country_b25_g1.0_c220,2022/23,UCL,78,0.3522212335518524,0.6337923334573874,0.55,0.25706771860618016,2,0.12179487179487178,0.0737179487179487,0
country_b25_g1.0_c220,2022/23,UEL,57,0.374453177348787,0.6422206991089787,0.4,0.25146198830409355,5,0.2719298245614035,0.19122807017543858,1
country_b25_g1.0_c220,2022/23,UECL,177,0.3494688186908883,0.6349677323640679,0.4888888888888889,0.2608126655814102,19,0.28768956289027653,0.20725542670234912,6
country_b25_g1.0_c220,2023/24,UCL,78,0.4192440766561543,0.6628592483419308,0.45,0.23389217619986843,2,0.2307692307692308,0.2307692307692308,1
country_b25_g1.0_c220,2023/24,UEL,57,0.6877240630934074,0.7717842323651453,0.6,0.1757463835026162,3,0.28070175438596495,0.14619883040935674,1
country_b25_g1.0_c220,2023/24,UECL,178,0.355328448116354,0.6359301643192489,0.4444444444444444,0.26136220174220426,23,0.3186370297997069,0.21067415730337077,5
country_b25_g1.0_c220,2024/25,UCL,81,0.45385095714612866,0.6693494299128102,0.38095238095238093,0.2374638012498095,6,0.24176954732510283,0.21090534979423867,1
country_b25_g1.0_c220,2024/25,UEL,76,0.4589684493221981,0.6764937106918238,0.5789473684210527,0.24428670360110805,9,0.25073099415204675,0.1915204678362573,3
country_b25_g1.0_c220,2024/25,UECL,164,0.37003048904570934,0.6461525069637883,0.43902439024390244,0.2527513384889946,31,0.28481510621557826,0.21872541306058219,7
country_b25_g1.0_c220,2025/26,UCL,82,0.43299917082310474,0.6701639344262295,0.38095238095238093,0.24390243902439024,1,0.11585365853658536,0.11585365853658536,0
country_b25_g1.0_c220,2025/26,UEL,77,0.44692530426270627,0.6723668869024485,0.65,0.23545285882948222,6,0.24458874458874455,0.24242424242424243,2
country_b25_g1.0_c220,2025/26,UECL,164,0.3283323849827312,0.6242942686056459,0.4146341463414634,0.26877602617489593,23,0.27545068928950156,0.20373806998939556,5
country_b25_g1.0_c260,2018/19,UCL,79,0.5279204092569545,0.7065527065527065,0.45,0.21919564172408268,1,0.5443037974683544,0.0,0
country_b25_g1.0_c260,2018/19,UEL,213,0.4050433229645932,0.6581577733353837,0.5185185185185185,0.2505234851991448,30,0.2581377151799687,0.1927230046948357,4
country_b25_g1.0_c260,2018/19,UECL,0,,,0.0,,0,0.0,0.0,0
country_b25_g1.0_c260,2019/20,UCL,79,0.42133459054456035,0.6663019693654267,0.4,0.25444640282006087,3,0.3143459915611814,0.021097046413502112,0
country_b25_g1.0_c260,2019/20,UEL,213,0.3527199298071393,0.6342445753410865,0.42592592592592593,0.26017765434547824,25,0.2726760563380282,0.2114553990610329,7
country_b25_g1.0_c260,2019/20,UECL,0,,,0.0,,0,0.0,0.0,0
country_b25_g1.0_c260,2020/21,UCL,79,0.46256178115244073,0.6903127383676583,0.55,0.23233456176894732,1,0.07594936708860761,0.07594936708860761,0
country_b25_g1.0_c260,2020/21,UEL,213,0.3963201954221586,0.6679819294332933,0.5185185185185185,0.251493310410192,34,0.26311792322562827,0.20111847555923776,9
country_b25_g1.0_c260,2020/21,UECL,0,,,0.0,,0,0.0,0.0,0
country_b25_g1.0_c260,2021/22,UCL,80,0.44158248688528784,0.6651599443671766,0.4,0.24734375000000003,0,0.0,0.0,0
country_b25_g1.0_c260,2021/22,UEL,58,0.44493368932691535,0.667348329925017,0.4666666666666667,0.24940546967895366,1,0.17241379310344826,0.17241379310344826,0
country_b25_g1.0_c260,2021/22,UECL,181,0.3497578743896705,0.636350817822899,0.45652173913043476,0.259393791398309,31,0.26911423988593836,0.2008554624844056,8
country_b25_g1.0_c260,2022/23,UCL,78,0.34656249682655066,0.6319315221436547,0.55,0.2580539119000657,2,0.10256410256410256,0.0737179487179487,0
country_b25_g1.0_c260,2022/23,UEL,57,0.3864680669873216,0.6449623029472241,0.4,0.24776854416743616,5,0.29999999999999993,0.2333333333333333,1
country_b25_g1.0_c260,2022/23,UECL,177,0.3423950441885268,0.6320005934277872,0.4666666666666667,0.2626001468288167,19,0.29185251263752604,0.22271781147784717,6
country_b25_g1.0_c260,2023/24,UCL,78,0.4162597699625899,0.6621223286661754,0.45,0.2342209072978303,2,0.29487179487179493,0.29487179487179493,1
country_b25_g1.0_c260,2023/24,UEL,57,0.6935830230331398,0.7766251728907331,0.6,0.17174515235457066,3,0.23391812865497075,0.17543859649122806,1
country_b25_g1.0_c260,2023/24,UECL,178,0.35811152792926315,0.6373239436619719,0.4222222222222222,0.26047847494003284,23,0.3274303859306302,0.23241328773815342,5
country_b25_g1.0_c260,2024/25,UCL,81,0.444563172360707,0.6670020120724346,0.38095238095238093,0.24035970126505102,6,0.28497942386831276,0.2623456790123457,2
country_b25_g1.0_c260,2024/25,UEL,76,0.45433715227942767,0.6733490566037735,0.5263157894736842,0.24082409972299165,9,0.24780701754385964,0.21345029239766083,4
country_b25_g1.0_c260,2024/25,UECL,164,0.36431656536981866,0.6441504178272981,0.4146341463414634,0.25531677572873285,31,0.2942564909520063,0.23937844217151846,7
country_b25_g1.0_c260,2025/26,UCL,82,0.42667761519421626,0.6659016393442623,0.42857142857142855,0.24434860202260558,1,0.14024390243902438,0.14024390243902438,0
country_b25_g1.0_c260,2025/26,UEL,77,0.4345825416099397,0.6665371162067625,0.6,0.24287400910777532,6,0.32900432900432897,0.32900432900432897,4
country_b25_g1.0_c260,2025/26,UECL,164,0.31582843268738514,0.620786997433704,0.4634146341463415,0.2714901844140392,23,0.29029692470837754,0.229984093319194,6
country_b25_g1.0_c300,2018/19,UCL,79,0.517696425852712,0.7037037037037037,0.45,0.22240025636917166,1,0.5443037974683544,0.0,0
country_b25_g1.0_c300,2018/19,UEL,213,0.3976258403741085,0.6548772361474191,0.5185185185185185,0.2524190526571007,30,0.2669014084507042,0.20586854460093892,6
country_b25_g1.0_c300,2018/19,UECL,0,,,0.0,,0,0.0,0.0,0
country_b25_g1.0_c300,2019/20,UCL,79,0.4187344443480495,0.6663019693654267,0.4,0.2554077872135876,3,0.3059071729957806,0.021097046413502112,0
country_b25_g1.0_c300,2019/20,UEL,213,0.34328626121998956,0.6309218144288375,0.42592592592592593,0.26218342921378035,25,0.28131455399061034,0.22619718309859155,9
country_b25_g1.0_c300,2019/20,UECL,0,,,0.0,,0,0.0,0.0,0
country_b25_g1.0_c300,2020/21,UCL,79,0.45693275531329886,0.6864988558352403,0.55,0.2344175612882551,1,0.06329113924050633,0.06329113924050633,0
country_b25_g1.0_c300,2020/21,UEL,213,0.38070955188954153,0.6610625035740836,0.5,0.2555048601467963,34,0.2751311792322563,0.22107152720243026,10
country_b25_g1.0_c300,2020/21,UECL,0,,,0.0,,0,0.0,0.0,0
country_b25_g1.0_c300,2021/22,UCL,80,0.4402355143782661,0.6651599443671766,0.4,0.24890624999999997,0,0.0,0.0,0
country_b25_g1.0_c300,2021/22,UEL,58,0.44019570972920685,0.6646216768916156,0.4666666666666667,0.2523781212841855,1,0.20689655172413793,0.20689655172413793,0
country_b25_g1.0_c300,2021/22,UECL,181,0.33977554107253516,0.6325437112239143,0.4782608695652174,0.26168309880650775,31,0.27820352878274823,0.21894492960256637,9
country_b25_g1.0_c300,2022/23,UCL,78,0.338336252015954,0.6296985485671753,0.55,0.26084812623274156,2,0.10897435897435898,0.09294871794871795,0
country_b25_g1.0_c300,2022/23,UEL,57,0.39182252867405987,0.6442769019876627,0.4666666666666667,0.24776854416743616,5,0.33508771929824566,0.2754385964912281,2
country_b25_g1.0_c300,2022/23,UECL,177,0.33744987563227685,0.6291818114383206,0.4444444444444444,0.26384499984040344,19,0.2927445732976509,0.2346119536128457,6
country_b25_g1.0_c300,2023/24,UCL,78,0.4032385001586192,0.6562269712601326,0.45,0.23537146614069693,2,0.39102564102564114,0.39102564102564114,1
country_b25_g1.0_c300,2023/24,UEL,57,0.6817996399141247,0.7683264177040111,0.6,0.1698984302862419,3,0.2105263157894737,0.20467836257309943,1
country_b25_g1.0_c300,2023/24,UECL,178,0.3626673249883646,0.6397447183098591,0.4,0.25820603459159197,23,0.33378114313629703,0.25073277967757696,5
country_b25_g1.0_c300,2024/25,UCL,81,0.4325356615859505,0.6599597585513078,0.38095238095238093,0.24035970126505107,6,0.31995884773662553,0.3117283950617284,3
country_b25_g1.0_c300,2024/25,UEL,76,0.44439714459658597,0.6702044025157232,0.631578947368421,0.23874653739612184,9,0.2624269005847953,0.2412280701754386,4
country_b25_g1.0_c300,2024/25,UECL,164,0.3622989916420538,0.6431928969359332,0.4146341463414634,0.2582168352171326,31,0.3072383949645948,0.2606215578284815,7
country_b25_g1.0_c300,2025/26,UCL,82,0.4250232739464482,0.6655737704918033,0.42857142857142855,0.24419988102320048,1,0.17682926829268292,0.17682926829268292,0
country_b25_g1.0_c300,2025/26,UEL,77,0.41368248562771703,0.6556548775748154,0.6,0.24860853432281999,6,0.4069264069264069,0.4069264069264069,4
country_b25_g1.0_c300,2025/26,UECL,164,0.31143504048316056,0.6189905902480752,0.4634146341463415,0.27241969066032123,23,0.30143160127253443,0.24801166489925772,7
country_b25_g1.0_c360,2018/19,UCL,79,0.5115301624806089,0.7004985754985755,0.45,0.22528440954975162,1,0.5443037974683544,0.0,0
country_b25_g1.0_c360,2018/19,UEL,213,0.3910325925324433,0.6523655748628838,0.5370370370370371,0.2544468690074721,30,0.27801251956181533,0.2232394366197183,6
country_b25_g1.0_c360,2018/19,UECL,0,,,0.0,,0,0.0,0.0,0
country_b25_g1.0_c360,2019/20,UCL,79,0.4076684193031835,0.661560904449307,0.4,0.2586124018586765,3,0.30168776371308015,0.021097046413502112,0
country_b25_g1.0_c360,2019/20,UEL,213,0.32984078904888153,0.6259376730604642,0.42592592592592593,0.26529127818554515,25,0.29239436619718306,0.2444131455399061,10
country_b25_g1.0_c360,2019/20,UECL,0,,,0.0,,0,0.0,0.0,0
country_b25_g1.0_c360,2020/21,UCL,79,0.4535031501662721,0.6861174675819984,0.55,0.2355391764140362,1,0.07594936708860761,0.07594936708860761,0
country_b25_g1.0_c360,2020/21,UEL,213,0.3526688318542775,0.6485960999599703,0.46296296296296297,0.26150014326963344,34,0.29515327257663637,0.24882629107981225,10
country_b25_g1.0_c360,2020/21,UECL,0,,,0.0,,0,0.0,0.0,0
country_b25_g1.0_c360,2021/22,UCL,80,0.4346467600289567,0.6634214186369958,0.4,0.25046875,0,0.0,0.0,0
country_b25_g1.0_c360,2021/22,UEL,58,0.4500768908639015,0.665303340149966,0.5333333333333333,0.2541617122473246,1,0.2931034482758621,0.2931034482758621,0
country_b25_g1.0_c360,2021/22,UECL,181,0.3259583434157611,0.6266215454032713,0.45652173913043476,0.2651628460669699,31,0.2933523436107647,0.24460880413473532,9
country_b25_g1.0_c360,2022/23,UCL,78,0.32531988018055336,0.6259769259397097,0.55,0.26314924391847466,2,0.11538461538461539,0.11538461538461539,0
country_b25_g1.0_c360,2022/23,UEL,57,0.4011275383125989,0.6463331048663468,0.5333333333333333,0.24253616497383812,5,0.3807017543859649,0.3421052631578947,3
country_b25_g1.0_c360,2022/23,UECL,177,0.3211440957533262,0.622209034938061,0.4444444444444444,0.26793067126304704,19,0.292149866190901,0.24695212607790668,6
country_b25_g1.0_c360,2023/24,UCL,78,0.38427412386233645,0.6503316138540899,0.45,0.23717948717948714,2,0.4871794871794872,0.4871794871794872,1
country_b25_g1.0_c360,2023/24,UEL,57,0.6673977272131062,0.7634854771784232,0.6,0.17543859649122806,3,0.29239766081871343,0.29239766081871343,1
country_b25_g1.0_c360,2023/24,UECL,178,0.35586328251666516,0.6362969483568075,0.4222222222222222,0.2580482262340614,23,0.34135319980459206,0.2724719101123595,7
country_b25_g1.0_c360,2024/25,UCL,81,0.39610071637508604,0.647551978537894,0.42857142857142855,0.24538942234415484,6,0.4331275720164609,0.4259259259259259,4
country_b25_g1.0_c360,2024/25,UEL,76,0.4209779888041886,0.6635220125786163,0.5263157894736842,0.238573407202216,9,0.2872807017543859,0.2843567251461988,4
country_b25_g1.0_c360,2024/25,UECL,164,0.3524116358137338,0.6385793871866295,0.4634146341463415,0.2620835812016657,31,0.31825334382376086,0.28156963021243114,9
country_b25_g1.0_c360,2025/26,UCL,82,0.4189317922659248,0.6622950819672131,0.42857142857142855,0.24687685901249254,1,0.20121951219512194,0.20121951219512194,0
country_b25_g1.0_c360,2025/26,UEL,77,0.3869709344871724,0.6467158958414302,0.55,0.25501770956316416,6,0.48484848484848486,0.48484848484848486,4
country_b25_g1.0_c360,2025/26,UECL,164,0.2990633031256219,0.6144568006843456,0.4634146341463415,0.27658387864366446,23,0.3130965005302227,0.26895546129374337,7
country_b25_g1.2_c100,2018/19,UCL,79,0.556765772506574,0.7197293447293447,0.45,0.21118410511136035,1,0.5189873417721519,0.0,0
country_b25_g1.2_c100,2018/19,UEL,213,0.4113076330853993,0.6604644010456713,0.5185185185185185,0.24488086578941567,30,0.21244131455399062,0.1199530516431925,3
country_b25_g1.2_c100,2018/19,UECL,0,,,0.0,,0,0.0,0.0,0
country_b25_g1.2_c100,2019/20,UCL,79,0.44368845405390006,0.6757840991976659,0.4,0.2448325588847941,3,0.3691983122362869,0.0,0
country_b25_g1.2_c100,2019/20,UEL,213,0.3905154746308894,0.647032170367014,0.42592592592592593,0.2522427208005466,25,0.23812206572769953,0.12,2
country_b25_g1.2_c100,2019/20,UECL,0,,,0.0,,0,0.0,0.0,0
country_b25_g1.2_c100,2020/21,UCL,79,0.47801985652527185,0.6952707856598017,0.55,0.22432302515622496,1,0.0,0.0,0
country_b25_g1.2_c100,2020/21,UEL,213,0.4568367559343971,0.6937153313890319,0.5185185185185185,0.23262580175891026,34,0.2127174813587407,0.09983429991714994,3
country_b25_g1.2_c100,2020/21,UECL,0,,,0.0,,0,0.0,0.0,0
country_b25_g1.2_c100,2021/22,UCL,80,0.4452689379571368,0.6658553546592489,0.4,0.2446875,0,0.0,0.0,0
country_b25_g1.2_c100,2021/22,UEL,58,0.3731158933195444,0.6414451261077028,0.4,0.2615933412604043,1,0.10344827586206896,0.0,0
country_b25_g1.2_c100,2021/22,UECL,181,0.35072453492756933,0.6367738296672307,0.4782608695652174,0.25719605628643816,31,0.2345392978078774,0.08893245410800212,3
country_b25_g1.2_c100,2022/23,UCL,78,0.3687120441892443,0.6390026051358392,0.55,0.2519723865877712,2,0.12179487179487179,0.0,0
country_b25_g1.2_c100,2022/23,UEL,57,0.36162205879459103,0.6333104866346813,0.4,0.25515543244075106,5,0.21929824561403505,0.08070175438596491,0
country_b25_g1.2_c100,2022/23,UECL,177,0.34331231974056253,0.6324456642682293,0.4666666666666667,0.25762073478246994,19,0.2639012786202795,0.11388641094261077,3
country_b25_g1.2_c100,2023/24,UCL,78,0.4204556541599518,0.6650700073691967,0.45,0.23750821827744895,2,0.1346153846153846,0.08333333333333334,0
country_b25_g1.2_c100,2023/24,UEL,57,0.662651642345725,0.7517289073305671,0.5333333333333333,0.1825176977531548,3,0.3567251461988304,0.07017543859649122,0
country_b25_g1.2_c100,2023/24,UECL,178,0.3244428397935507,0.6250733568075117,0.4666666666666667,0.2690632495896983,23,0.2883488031265266,0.11003908158280412,4
country_b25_g1.2_c100,2024/25,UCL,81,0.4732222977512185,0.6750503018108652,0.42857142857142855,0.22938576436518823,6,0.11419753086419754,0.06584362139917695,0
country_b25_g1.2_c100,2024/25,UEL,76,0.47648442948097475,0.6859276729559748,0.5263157894736842,0.23891966759002767,9,0.2887426900584795,0.1067251461988304,1
country_b25_g1.2_c100,2024/25,UECL,164,0.3612770677319659,0.6420612813370473,0.5121951219512195,0.2503346222486615,31,0.24901652242328876,0.11221479150275374,6
country_b25_g1.2_c100,2025/26,UCL,82,0.44088742048133645,0.6708196721311476,0.38095238095238093,0.2404818560380725,1,0.0060975609756097615,0.0,0
country_b25_g1.2_c100,2025/26,UEL,77,0.4202137531221615,0.661095996890789,0.55,0.24540394670264798,6,0.19696969696969702,0.09307359307359309,0
country_b25_g1.2_c100,2025/26,UECL,164,0.3263092209864911,0.6233532934131737,0.4146341463414634,0.26866448542534205,23,0.24125132555673384,0.09769353128313893,4
country_b25_g1.2_c140,2018/19,UCL,79,0.5509672783216739,0.7165242165242165,0.45,0.21214548950488704,1,0.5189873417721519,0.0,0
country_b25_g1.2_c140,2018/19,UEL,213,0.4126372472444277,0.6604644010456713,0.5555555555555556,0.24479269986113866,30,0.21838810641627543,0.1338810641627543,3
country_b25_g1.2_c140,2018/19,UECL,0,,,0.0,,0,0.0,0.0,0
country_b25_g1.2_c140,2019/20,UCL,79,0.4378103984342997,0.6725018234865062,0.4,0.2477167120653741,3,0.36075949367088606,0.0,0
country_b25_g1.2_c140,2019/20,UEL,213,0.38278053157193864,0.644766651563208,0.4444444444444444,0.2541382882585025,25,0.2507042253521126,0.14253521126760563,3
country_b25_g1.2_c140,2019/20,UECL,0,,,0.0,,0,0.0,0.0,0
country_b25_g1.2_c140,2020/21,UCL,79,0.4765784282750721,0.6948893974065599,0.55,0.22560487101426052,1,0.012658227848101278,0.012658227848101278,0
country_b25_g1.2_c140,2020/21,UEL,213,0.44584764206508065,0.689369245725396,0.5370370370370371,0.2367475589058608,34,0.226111571389119,0.12130626898646782,5
country_b25_g1.2_c140,2020/21,UECL,0,,,0.0,,0,0.0,0.0,0
country_b25_g1.2_c140,2021/22,UCL,80,0.4450208114426854,0.6672461752433936,0.4,0.24500000000000002,0,0.0,0.0,0
country_b25_g1.2_c140,2021/22,UEL,58,0.3998293703934667,0.6482617586912065,0.4,0.2571343638525565,1,0.017241379310344834,0.0,0
country_b25_g1.2_c140,2021/22,UECL,181,0.3647846790822035,0.6431895093062606,0.45652173913043476,0.25399102591495987,31,0.23881661022990558,0.11361611121012297,3
country_b25_g1.2_c140,2022/23,UCL,78,0.3651481896827901,0.637513956084853,0.55,0.252301117685733,2,0.10256410256410256,0.009615384615384609,0
country_b25_g1.2_c140,2022/23,UEL,57,0.3670418187945822,0.6360520904729267,0.4,0.25146198830409355,5,0.2087719298245614,0.10877192982456141,0
country_b25_g1.2_c140,2022/23,UECL,177,0.3462353126480064,0.6344484830502188,0.4444444444444444,0.2570142679306713,19,0.2653880463871543,0.13975617008623253,4
country_b25_g1.2_c140,2023/24,UCL,78,0.41465283558913224,0.6624907885040531,0.45,0.23717948717948714,2,0.16025641025641027,0.12820512820512822,0
country_b25_g1.2_c140,2023/24,UEL,57,0.670310841373085,0.7565698478561549,0.5333333333333333,0.18559556786703602,3,0.32748538011695905,0.0935672514619883,0
country_b25_g1.2_c140,2023/24,UECL,178,0.33534224729021295,0.6279342723004695,0.4666666666666667,0.26385557379118796,23,0.2954323400097704,0.13812896922325357,5
country_b25_g1.2_c140,2024/25,UCL,81,0.47075540754505396,0.675720992622401,0.38095238095238093,0.22984301173601587,6,0.12448559670781893,0.08230452674897118,0
country_b25_g1.2_c140,2024/25,UEL,76,0.4670559381879317,0.6792452830188679,0.5263157894736842,0.242382271468144,9,0.28581871345029236,0.1388888888888889,1
country_b25_g1.2_c140,2024/25,UECL,164,0.37291925636394146,0.6478064066852368,0.5365853658536586,0.24709994051160028,31,0.257081038552321,0.14348937844217152,6
country_b25_g1.2_c140,2025/26,UCL,82,0.4453136050117888,0.6731147540983606,0.38095238095238093,0.24048185603807257,1,0.0060975609756097615,0.0,0
country_b25_g1.2_c140,2025/26,UEL,77,0.43619536480754734,0.6696463272444617,0.55,0.24068139652555237,6,0.2012987012987013,0.13636363636363635,0
country_b25_g1.2_c140,2025/26,UECL,164,0.3460712224718883,0.632164242942686,0.3902439024390244,0.26015020820939916,23,0.2245493107104984,0.12062566277836692,4
country_b25_g1.2_c180,2018/19,UCL,79,0.5480986786614908,0.7147435897435898,0.45,0.21374779682743153,1,0.5189873417721519,0.0,0
country_b25_g1.2_c180,2018/19,UEL,213,0.41340980978422326,0.6613357937362243,0.5555555555555556,0.24534373691287004,30,0.23059467918622847,0.14906103286384978,3
country_b25_g1.2_c180,2018/19,UECL,0,,,0.0,,0,0.0,0.0,0
country_b25_g1.2_c180,2019/20,UCL,79,0.43432299855935863,0.6725018234865062,0.4,0.25060086524595415,3,0.36075949367088606,0.0,0
country_b25_g1.2_c180,2019/20,UEL,213,0.3807674131772352,0.6439611337662992,0.4444444444444444,0.2547113667923031,25,0.2584037558685446,0.1596244131455399,4
country_b25_g1.2_c180,2019/20,UECL,0,,,0.0,,0,0.0,0.0,0
country_b25_g1.2_c180,2020/21,UCL,79,0.47711275081609444,0.6948893974065599,0.55,0.22656625540778721,1,0.012658227848101278,0.012658227848101278,0
country_b25_g1.2_c180,2020/21,UEL,213,0.43183018461318273,0.6829644879053011,0.5370370370370371,0.24186118274592783,34,0.24005799502899752,0.14236398784866058,5
country_b25_g1.2_c180,2020/21,UECL,0,,,0.0,,0,0.0,0.0,0
country_b25_g1.2_c180,2021/22,UCL,80,0.44719487233121175,0.6665507649513213,0.4,0.24515624999999996,0,0.0,0.0,0
country_b25_g1.2_c180,2021/22,UEL,58,0.4170668882719719,0.6557600545330606,0.4,0.2526753864447087,1,0.03448275862068967,0.03448275862068967,0
country_b25_g1.2_c180,2021/22,UECL,181,0.3648666863388651,0.6419204737732657,0.45652173913043476,0.25447941149537556,31,0.2443414721083586,0.13330957048654427,3
country_b25_g1.2_c180,2022/23,UCL,78,0.35813544371847705,0.6345366579828805,0.55,0.25345167652859957,2,0.11538461538461538,0.02884615384615384,0
country_b25_g1.2_c180,2022/23,UEL,57,0.3635157098789253,0.6353666895133653,0.4,0.25392428439519854,5,0.2263157894736842,0.13157894736842107,0
country_b25_g1.2_c180,2022/23,UECL,177,0.3517894380599739,0.6362287664119872,0.4666666666666667,0.25784416993839576,19,0.27371394588165326,0.16294974724947964,4
country_b25_g1.2_c180,2023/24,UCL,78,0.42540399175440885,0.6669123065585851,0.45,0.2332347140039448,2,0.16666666666666666,0.15384615384615388,0
country_b25_g1.2_c180,2023/24,UEL,57,0.6766607756094432,0.7627939142461964,0.5333333333333333,0.1825176977531548,3,0.2923976608187135,0.11695906432748537,1
country_b25_g1.2_c180,2023/24,UECL,178,0.343851074412904,0.6305017605633803,0.4666666666666667,0.26174094180027774,23,0.30569125549584764,0.16402051783097213,5
country_b25_g1.2_c180,2024/25,UCL,81,0.46297958772470094,0.6716968477531858,0.38095238095238093,0.23487273281511967,6,0.1697530864197531,0.13271604938271606,1
country_b25_g1.2_c180,2024/25,UEL,76,0.4663370502887553,0.6764937106918238,0.5263157894736842,0.24324792243767313,9,0.2711988304093567,0.16081871345029242,3
country_b25_g1.2_c180,2024/25,UECL,164,0.3702890814289115,0.6472841225626741,0.4878048780487805,0.2500371802498513,31,0.27143981117230526,0.1735837922895358,6
country_b25_g1.2_c180,2025/26,UCL,82,0.4422569082692239,0.6740983606557377,0.38095238095238093,0.24137418203450328,1,0.030487804878048773,0.030487804878048773,0
country_b25_g1.2_c180,2025/26,UEL,77,0.4423934043686019,0.6708122813835989,0.6,0.2373081463990555,6,0.21428571428571433,0.1774891774891775,1
country_b25_g1.2_c180,2025/26,UECL,164,0.34290495015918865,0.630966638152267,0.43902439024390244,0.26055919095776325,23,0.24549310710498415,0.15469247083775184,5
country_b25_g1.2_c220,2018/19,UCL,79,0.5406942590258044,0.7118945868945868,0.45,0.21535010414997593,1,0.5189873417721519,0.0,0
country_b25_g1.2_c220,2018/19,UEL,213,0.41501164826396264,0.6619508944589677,0.5555555555555556,0.24620335471357094,30,0.2392018779342723,0.16165884194053207,4
country_b25_g1.2_c220,2018/19,UECL,0,,,0.0,,0,0.0,0.0,0
country_b25_g1.2_c220,2019/20,UCL,79,0.4353827737863725,0.6721371261852662,0.4,0.2509213267104631,3,0.3523206751054852,0.0,0
country_b25_g1.2_c220,2019/20,UEL,213,0.378055853144968,0.6431556159693903,0.4444444444444444,0.2551742379157575,25,0.2619718309859154,0.17427230046948355,4
country_b25_g1.2_c220,2019/20,UECL,0,,,0.0,,0,0.0,0.0,0
country_b25_g1.2_c220,2020/21,UCL,79,0.4735837368242262,0.6948893974065599,0.55,0.2284890241948405,1,0.037974683544303806,0.037974683544303806,0
country_b25_g1.2_c220,2020/21,UEL,213,0.42494787875031914,0.6805627037227655,0.5370370370370371,0.24373470872181446,34,0.24958574979287484,0.1604529135597901,7
country_b25_g1.2_c220,2020/21,UECL,0,,,0.0,,0,0.0,0.0,0
country_b25_g1.2_c220,2021/22,UCL,80,0.4471830567829045,0.6675938803894298,0.4,0.24625,0,0.0,0.0,0
country_b25_g1.2_c220,2021/22,UEL,58,0.4262623092017352,0.6571233810497614,0.4,0.2508917954815696,1,0.06896551724137931,0.06896551724137931,0
country_b25_g1.2_c220,2021/22,UECL,181,0.3626934940373323,0.6414269599548788,0.4782608695652174,0.25594456823662287,31,0.24915344858314029,0.14970593477098557,5
country_b25_g1.2_c220,2022/23,UCL,78,0.3562066192364894,0.6345366579828805,0.55,0.25378040762656146,2,0.11538461538461536,0.04807692307692307,0
country_b25_g1.2_c220,2022/23,UEL,57,0.37843637445721423,0.6435915010281015,0.4,0.2508464142813174,5,0.2543859649122807,0.17017543859649123,1
country_b25_g1.2_c220,2022/23,UECL,177,0.3535515726730951,0.6370447296194645,0.4666666666666667,0.2589613457180248,19,0.28828426999702644,0.18881950639310138,5
country_b25_g1.2_c220,2023/24,UCL,78,0.42600340378260343,0.6665438467207074,0.45,0.23224852071005914,2,0.2307692307692308,0.2307692307692308,1
country_b25_g1.2_c220,2023/24,UEL,57,0.6930920487365143,0.7731673582295989,0.6,0.17451523545706368,3,0.28070175438596495,0.14619883040935674,1
country_b25_g1.2_c220,2023/24,UECL,178,0.3481825860783267,0.632262323943662,0.4444444444444444,0.26215124352985736,23,0.3149731314118222,0.1850268685881778,5
country_b25_g1.2_c220,2024/25,UCL,81,0.4603421751540549,0.6723675385647216,0.38095238095238093,0.23670172229843012,6,0.23559670781893005,0.20267489711934158,1
country_b25_g1.2_c220,2024/25,UEL,76,0.4717425342998695,0.6819968553459119,0.5789473684210527,0.24220914127423823,9,0.2638888888888889,0.18128654970760233,3
country_b25_g1.2_c220,2024/25,UECL,164,0.36982997623520497,0.6468488857938719,0.4634146341463415,0.25182183224271265,31,0.2818646734854445,0.19581038552321012,7
country_b25_g1.2_c220,2025/26,UCL,82,0.4377430765203469,0.6737704918032786,0.42857142857142855,0.24211778703152884,1,0.042682926829268296,0.042682926829268296,0
country_b25_g1.2_c220,2025/26,UEL,77,0.44901797568439566,0.672755538282161,0.65,0.2344408837915332,6,0.23809523809523814,0.23593073593073596,2
country_b25_g1.2_c220,2025/26,UECL,164,0.34388554428126006,0.6316509837467922,0.4634146341463415,0.26293872694824505,23,0.26405090137857895,0.18173382820784728,5
country_b25_g1.2_c260,2018/19,UCL,79,0.5320394241536277,0.7086894586894587,0.45,0.21759333440153825,1,0.5443037974683544,0.0,0
country_b25_g1.2_c260,2018/19,UEL,213,0.4137431585473162,0.661540827310472,0.5185185185185185,0.2467543917653023,30,0.24874804381846632,0.17519561815336465,4
country_b25_g1.2_c260,2018/19,UECL,0,,,0.0,,0,0.0,0.0,0
country_b25_g1.2_c260,2019/20,UCL,79,0.4287776630691696,0.6688548504741065,0.4,0.25220317256849867,3,0.3396624472573839,0.0,0
country_b25_g1.2_c260,2019/20,UEL,213,0.36943232665493875,0.6399838896440618,0.4444444444444444,0.25702572240957483,25,0.26497652582159625,0.187981220657277,5
country_b25_g1.2_c260,2019/20,UECL,0,,,0.0,,0,0.0,0.0,0
country_b25_g1.2_c260,2020/21,UCL,79,0.4696322352417823,0.6929824561403509,0.55,0.2305720237141483,1,0.05063291139240508,0.05063291139240508,0
country_b25_g1.2_c260,2020/21,UEL,213,0.4184300061407375,0.6774175101503974,0.5370370370370371,0.24633560360598647,34,0.2582850041425021,0.17702292184479426,8
country_b25_g1.2_c260,2020/21,UECL,0,,,0.0,,0,0.0,0.0,0
country_b25_g1.2_c260,2021/22,UCL,80,0.4421141865591123,0.6658553546592489,0.4,0.24781250000000005,0,0.0,0.0,0
country_b25_g1.2_c260,2021/22,UEL,58,0.437327985235857,0.6632583503749148,0.4666666666666667,0.2508917954815696,1,0.10344827586206898,0.10344827586206898,0
country_b25_g1.2_c260,2021/22,UECL,181,0.35704934459759646,0.6389593908629442,0.45652173913043476,0.2573486767803181,31,0.2530743183033327,0.1660131883799679,6
country_b25_g1.2_c260,2022/23,UCL,78,0.35268108574623364,0.6337923334573874,0.55,0.25476660092044706,2,0.09615384615384617,0.05448717948717949,0
country_b25_g1.2_c260,2022/23,UEL,57,0.3876107874692475,0.6456477039067855,0.4,0.24746075715604804,5,0.27894736842105256,0.20175438596491224,1
country_b25_g1.2_c260,2022/23,UECL,177,0.35130117535584,0.6358578740449522,0.4888888888888889,0.26132337450924065,19,0.29839429081177515,0.2048765982753494,6
country_b25_g1.2_c260,2023/24,UCL,78,0.41955015939395573,0.6628592483419308,0.45,0.2335634451019066,2,0.27564102564102566,0.27564102564102566,1
country_b25_g1.2_c260,2023/24,UEL,57,0.6994747145926473,0.7766251728907331,0.6,0.17143736534318252,3,0.22222222222222224,0.15789473684210528,1
country_b25_g1.2_c260,2023/24,UECL,178,0.35554626373906134,0.6359301643192489,0.4444444444444444,0.26129907839919203,23,0.32449926722032246,0.20383488031265262,5
country_b25_g1.2_c260,2024/25,UCL,81,0.4476553112366369,0.6693494299128102,0.38095238095238093,0.2406645328456028,6,0.28703703703703703,0.25617283950617287,2
country_b25_g1.2_c260,2024/25,UEL,76,0.46604673017562637,0.6788522012578616,0.5263157894736842,0.24065096952908593,9,0.24195906432748535,0.1900584795321637,3
country_b25_g1.2_c260,2024/25,UECL,164,0.3723910088217851,0.6469359331476323,0.43902439024390244,0.25197055324211776,31,0.28579858379228956,0.20957907159716754,7
country_b25_g1.2_c260,2025/26,UCL,82,0.43169541844903586,0.6685245901639344,0.42857142857142855,0.24375371802498513,1,0.09146341463414634,0.09146341463414634,0
country_b25_g1.2_c260,2025/26,UEL,77,0.4424733790726155,0.6700349786241742,0.6,0.23983808399392811,6,0.29870129870129863,0.29870129870129863,3
country_b25_g1.2_c260,2025/26,UECL,164,0.33369122168073667,0.6273738237810094,0.43902439024390244,0.2667682926829269,23,0.27651113467656413,0.19976139978791094,5
country_b25_g1.2_c300,2018/19,UCL,79,0.5234458841459851,0.7047720797720798,0.45,0.2201570261176094,1,0.5443037974683544,0.0,0
country_b25_g1.2_c300,2018/19,UEL,213,0.40939198045817365,0.6600030755036137,0.5185185185185185,0.24849566884877336,30,0.2564162754303599,0.18677621283255086,5
country_b25_g1.2_c300,2018/19,UECL,0,,,0.0,,0,0.0,0.0,0
country_b25_g1.2_c300,2019/20,UCL,79,0.42130994460904847,0.6670313639679066,0.4,0.25444640282006087,3,0.32700421940928265,0.0,0
country_b25_g1.2_c300,2019/20,UEL,213,0.3608571200266277,0.6372652670794945,0.42592592592592593,0.25870087504683814,25,0.26929577464788734,0.20037558685446008,6
country_b25_g1.2_c300,2019/20,UECL,0,,,0.0,,0,0.0,0.0,0
country_b25_g1.2_c300,2020/21,UCL,79,0.45811323534579,0.6884057971014492,0.55,0.2339368690914917,1,0.05063291139240508,0.05063291139240508,0
country_b25_g1.2_c300,2020/21,UEL,213,0.40417840838628855,0.6712986790186996,0.5185185185185185,0.25006061407569047,34,0.26657000828500416,0.1936619718309859,8
country_b25_g1.2_c300,2020/21,UECL,0,,,0.0,,0,0.0,0.0,0
country_b25_g1.2_c300,2021/22,UCL,80,0.4402000677333445,0.6651599443671766,0.4,0.24874999999999997,0,0.0,0.0,0
country_b25_g1.2_c300,2021/22,UEL,58,0.4417854265679117,0.6639400136332652,0.4666666666666667,0.2517835909631392,1,0.17241379310344826,0.17241379310344826,0
country_b25_g1.2_c300,2021/22,UECL,181,0.3525799491095384,0.637619853355894,0.45652173913043476,0.2581117792497177,31,0.26198538584922465,0.18338977009445728,7
country_b25_g1.2_c300,2022/23,UCL,78,0.34499133516241504,0.6315593598809081,0.55,0.25772518080210394,2,0.09615384615384617,0.06730769230769232,0
country_b25_g1.2_c300,2022/23,UEL,57,0.3972749378306775,0.6463331048663468,0.4,0.24592182209910743,5,0.3140350877192982,0.2473684210526316,2
country_b25_g1.2_c300,2022/23,UECL,177,0.34854386260193365,0.635338624731103,0.4444444444444444,0.2615787289731558,19,0.30255724055902466,0.21825750817722273,6
country_b25_g1.2_c300,2023/24,UCL,78,0.40864596185977836,0.6588061901252763,0.45,0.2366863905325443,2,0.39102564102564114,0.39102564102564114,1
country_b25_g1.2_c300,2023/24,UEL,57,0.6905062507742858,0.7738589211618258,0.6,0.1698984302862419,3,0.2222222222222222,0.19883040935672514,1
country_b25_g1.2_c300,2023/24,UECL,178,0.3546642182966129,0.6357100938967136,0.4444444444444444,0.2628771619744982,23,0.334513922813874,0.2236199316072301,5
country_b25_g1.2_c300,2024/25,UCL,81,0.4405615808742096,0.6636485580147552,0.38095238095238093,0.2400548696844993,6,0.3220164609053498,0.29938271604938277,3
country_b25_g1.2_c300,2024/25,UEL,76,0.4583601595613567,0.6757075471698113,0.631578947368421,0.23822714681440438,9,0.24780701754385964,0.21637426900584797,4
country_b25_g1.2_c300,2024/25,UECL,164,0.3707315924589902,0.6458043175487466,0.43902439024390244,0.25293723973825105,31,0.2909126671911881,0.22560975609756095,7
country_b25_g1.2_c300,2025/26,UCL,82,0.42872636892489585,0.6672131147540984,0.42857142857142855,0.24405116002379534,1,0.11585365853658536,0.11585365853658536,0
country_b25_g1.2_c300,2025/26,UEL,77,0.43027723671054047,0.6626506024096386,0.6,0.24590993422162247,6,0.3722943722943723,0.3722943722943723,4
country_b25_g1.2_c300,2025/26,UECL,164,0.32200534931307373,0.6226689478186485,0.4634146341463415,0.2698914336704342,23,0.2910922587486744,0.21990986214209968,6
country_b25_g1.2_c360,2018/19,UCL,79,0.5155633645669349,0.7019230769230769,0.45,0.22384233295946163,1,0.5443037974683544,0.0,0
country_b25_g1.2_c360,2018/19,UEL,213,0.40351206116059374,0.6566200215285253,0.5185185185185185,0.2505234851991448,30,0.26799687010954615,0.20336463223787166,6
country_b25_g1.2_c360,2018/19,UECL,0,,,0.0,,0,0.0,0.0,0
country_b25_g1.2_c360,2019/20,UCL,79,0.40878980936897724,0.662290299051787,0.4,0.2573305560006409,3,0.3227848101265822,0.012658227848101259,0
country_b25_g1.2_c360,2019/20,UEL,213,0.3489509805931154,0.6329356089211096,0.42592592592592593,0.26152218475170275,25,0.28093896713615024,0.22140845070422535,7
country_b25_g1.2_c360,2019/20,UECL,0,,,0.0,,0,0.0,0.0,0
country_b25_g1.2_c360,2020/21,UCL,79,0.45114219010128986,0.6849733028222731,0.55,0.23553917641403627,1,0.05063291139240508,0.05063291139240508,0
country_b25_g1.2_c360,2020/21,UEL,213,0.38251301273233124,0.662206210327672,0.5185185185185185,0.25484361568471864,34,0.2834161833747584,0.22010494338580502,10
country_b25_g1.2_c360,2020/21,UECL,0,,,0.0,,0,0.0,0.0,0
country_b25_g1.2_c360,2021/22,UCL,80,0.43904214399923813,0.6655076495132128,0.45,0.24890625000000002,0,0.0,0.0,0
country_b25_g1.2_c360,2021/22,UEL,58,0.4459935005527185,0.6639400136332652,0.5333333333333333,0.25416171224732464,1,0.2586206896551724,0.2586206896551724,0
country_b25_g1.2_c360,2021/22,UECL,181,0.3401835271744268,0.6321912013536379,0.45652173913043476,0.26146943011507584,31,0.27392621636072,0.2056674389591873,8
country_b25_g1.2_c360,2022/23,UCL,78,0.3383873467042186,0.6296985485671753,0.55,0.25969756738987504,2,0.08333333333333334,0.06730769230769232,0
country_b25_g1.2_c360,2022/23,UEL,57,0.4144483942161916,0.6531871144619602,0.5333333333333333,0.2388427208371807,5,0.35964912280701755,0.3,3
country_b25_g1.2_c360,2022/23,UECL,177,0.34242576633620264,0.6319264149543803,0.4444444444444444,0.26317469437262603,19,0.3049360689860244,0.2340172465060958,6
country_b25_g1.2_c360,2023/24,UCL,78,0.3946171697105444,0.6543846720707442,0.45,0.23783694937541086,2,0.4487179487179488,0.4487179487179488,1
country_b25_g1.2_c360,2023/24,UEL,57,0.6752205843393413,0.7669432918395575,0.6,0.17174515235457063,3,0.28654970760233917,0.28654970760233917,1
country_b25_g1.2_c360,2023/24,UECL,178,0.35934509759449673,0.6377640845070423,0.4,0.25924756975129404,23,0.3440400586223742,0.24584758182706395,6
country_b25_g1.2_c360,2024/25,UCL,81,0.3998294720784133,0.6505700871898055,0.42857142857142855,0.242798353909465,6,0.4125514403292181,0.40432098765432095,4
country_b25_g1.2_c360,2024/25,UEL,76,0.45122657963876095,0.6745283018867925,0.631578947368421,0.2337257617728532,9,0.25511695906432746,0.2404970760233918,4
country_b25_g1.2_c360,2024/25,UECL,164,0.36507989689670434,0.643366991643454,0.43902439024390244,0.25747323022010704,31,0.30409126671911885,0.24744295830055074,7
country_b25_g1.2_c360,2025/26,UCL,82,0.4257573194007559,0.6652459016393443,0.42857142857142855,0.2443486020226056,1,0.12804878048780488,0.12804878048780488,0
country_b25_g1.2_c360,2025/26,UEL,77,0.40271262206051733,0.6506024096385542,0.55,0.25198178444931696,6,0.4588744588744589,0.4588744588744589,4
country_b25_g1.2_c360,2025/26,UECL,164,0.317879141462335,0.6218990590248076,0.4634146341463415,0.26955681142177274,23,0.2998409331919406,0.23966065747614004,7
country_b25_g1.4_c100,2018/19,UCL,79,0.5542281651148736,0.7186609686609686,0.45,0.21150456657586925,1,0.4810126582278481,0.0,0
country_b25_g1.4_c100,2018/19,UEL,213,0.4103731222807363,0.6604131426521093,0.5185185185185185,0.24424166280940732,30,0.21040688575899844,0.11220657276995304,3
country_b25_g1.4_c100,2018/19,UECL,0,,,0.0,,0,0.0,0.0,0
country_b25_g1.4_c100,2019/20,UCL,79,0.43730515675630466,0.6732312180889861,0.4,0.2461144047428297,3,0.4113924050632911,0.0,0
country_b25_g1.4_c100,2019/20,UEL,213,0.39231774271991315,0.6471832049539344,0.42592592592592593,0.25261742599572395,25,0.23417840375586857,0.10610328638497651,2
country_b25_g1.4_c100,2019/20,UECL,0,,,0.0,,0,0.0,0.0,0
country_b25_g1.4_c100,2020/21,UCL,79,0.48091513913127637,0.6967963386727689,0.55,0.2240025636917161,1,0.0,0.0,0
country_b25_g1.4_c100,2020/21,UEL,213,0.45901884035183543,0.6941728140904672,0.5185185185185185,0.23039961206991563,34,0.2124413145539906,0.08996133664733497,2
country_b25_g1.4_c100,2020/21,UECL,0,,,0.0,,0,0.0,0.0,0
country_b25_g1.4_c100,2021/22,UCL,80,0.44310669261691776,0.6655076495132128,0.4,0.24437499999999995,0,0.0,0.0,0
country_b25_g1.4_c100,2021/22,UEL,58,0.3740821917901297,0.6407634628493524,0.4,0.2615933412604043,1,0.13793103448275862,0.0,0
country_b25_g1.4_c100,2021/22,UECL,181,0.34632177033554873,0.6349407783417935,0.4782608695652174,0.2569518634962303,31,0.23739083942256287,0.07574407414008197,3
country_b25_g1.4_c100,2022/23,UCL,78,0.36794562386527563,0.6382582806103461,0.55,0.252301117685733,2,0.15384615384615385,0.0,0
country_b25_g1.4_c100,2022/23,UEL,57,0.367531556143979,0.6353666895133653,0.4,0.2545398584179748,5,0.21578947368421048,0.06315789473684211,0
country_b25_g1.4_c100,2022/23,UECL,177,0.3399712861808152,0.6317780580075663,0.4666666666666667,0.2577164927064381,19,0.2665774606006542,0.09991079393398752,2
country_b25_g1.4_c100,2023/24,UCL,78,0.41594093377738006,0.6621223286661754,0.45,0.23750821827744895,2,0.141025641025641,0.08333333333333334,0
country_b25_g1.4_c100,2023/24,UEL,57,0.6646810027717779,0.7538035961272476,0.5333333333333333,0.18005540166204984,3,0.3508771929824562,0.06432748538011696,0
country_b25_g1.4_c100,2023/24,UECL,178,0.3202601328604727,0.6228726525821596,0.4888888888888889,0.2712094432521146,23,0.29885197850512946,0.1022227650219834,4
country_b25_g1.4_c100,2024/25,UCL,81,0.4727789396035668,0.6750503018108652,0.42857142857142855,0.22969059594573996,6,0.11625514403292182,0.06378600823045268,0
country_b25_g1.4_c100,2024/25,UEL,76,0.47983002316560297,0.6871069182389937,0.5263157894736842,0.2370152354570637,9,0.28289473684210525,0.09502923976608185,1
country_b25_g1.4_c100,2024/25,UECL,164,0.34821469526283166,0.6365772980501393,0.4634146341463415,0.2550936942296252,31,0.2553107789142407,0.10159323367427221,4
country_b25_g1.4_c100,2025/26,UCL,82,0.44253080582680143,0.6708196721311476,0.38095238095238093,0.24077929803688275,1,0.0060975609756097615,0.0,0
country_b25_g1.4_c100,2025/26,UEL,77,0.42233308277852216,0.6614846482705014,0.55,0.24675324675324675,6,0.1774891774891775,0.07575757575757576,0
country_b25_g1.4_c100,2025/26,UECL,164,0.31942027183115235,0.6202737382378101,0.4146341463414634,0.2717504461629982,23,0.23647932131495225,0.08231707317073171,3
country_b25_g1.4_c140,2018/19,UCL,79,0.5532964831739594,0.7175925925925926,0.45,0.21214548950488704,1,0.4936708860759494,0.0,0
country_b25_g1.4_c140,2018/19,UEL,213,0.4134778658644011,0.6613357937362243,0.5555555555555556,0.2447265754149309,30,0.21525821596244132,0.12386541471048512,3
country_b25_g1.4_c140,2018/19,UECL,0,,,0.0,,0,0.0,0.0,0
country_b25_g1.4_c140,2019/20,UCL,79,0.43509934552798507,0.6725018234865062,0.4,0.24803717352988305,3,0.3860759493670886,0.0,0
country_b25_g1.4_c140,2019/20,UEL,213,0.38973231635265065,0.647032170367014,0.4444444444444444,0.2533668363860786,25,0.24169014084507043,0.12450704225352113,3
country_b25_g1.4_c140,2019/20,UECL,0,,,0.0,,0,0.0,0.0,0
country_b25_g1.4_c140,2020/21,UCL,79,0.4778458910467995,0.6948893974065599,0.55,0.22496394808524273,1,0.0,0.0,0
country_b25_g1.4_c140,2020/21,UEL,213,0.4514102480408384,0.6916566592325728,0.5370370370370371,0.23392624920099628,34,0.22100248550124274,0.10874067937033968,4
country_b25_g1.4_c140,2020/21,UECL,0,,,0.0,,0,0.0,0.0,0
country_b25_g1.4_c140,2021/22,UCL,80,0.4460605796937197,0.6668984700973575,0.4,0.24468750000000003,0,0.0,0.0,0
country_b25_g1.4_c140,2021/22,UEL,58,0.39471733977488643,0.645535105657805,0.4,0.25713436385255645,1,0.017241379310344834,0.0,0
country_b25_g1.4_c140,2021/22,UECL,181,0.35885247915344376,0.6407924421883813,0.5,0.2547846524831354,31,0.23846016752806984,0.09606130814471572,3
country_b25_g1.4_c140,2022/23,UCL,78,0.36659161462626433,0.6378861183475996,0.55,0.2516436554898092,2,0.1346153846153846,0.0,0
country_b25_g1.4_c140,2022/23,UEL,57,0.37197184144517653,0.6381082933516107,0.4,0.25023084025854114,5,0.21228070175438596,0.09473684210526316,0
country_b25_g1.4_c140,2022/23,UECL,177,0.3400886886737193,0.6316297010607522,0.4666666666666667,0.25781225063040636,19,0.27252453166815344,0.1263752601843592,4
country_b25_g1.4_c140,2023/24,UCL,78,0.41650208546334944,0.6624907885040531,0.45,0.23783694937541086,2,0.17307692307692307,0.12820512820512822,0
country_b25_g1.4_c140,2023/24,UEL,57,0.6725038598980128,0.7551867219917012,0.5333333333333333,0.18190212373037856,3,0.3274853801169591,0.08771929824561403,0
country_b25_g1.4_c140,2023/24,UECL,178,0.32731002662908937,0.6255134976525821,0.4666666666666667,0.26748516601439215,23,0.2954323400097704,0.12188568637029802,5
country_b25_g1.4_c140,2024/25,UCL,81,0.4731313524901618,0.676391683433937,0.38095238095238093,0.22969059594573996,6,0.12448559670781895,0.08024691358024691,0
country_b25_g1.4_c140,2024/25,UEL,76,0.4757240672799229,0.6823899371069182,0.5263157894736842,0.2411703601108033,9,0.28728070175438597,0.12280701754385964,1
country_b25_g1.4_c140,2024/25,UECL,164,0.36570494372669043,0.6444115598885793,0.5365853658536586,0.2485871505056514,31,0.25393391030684503,0.12362313139260424,6
country_b25_g1.4_c140,2025/26,UCL,82,0.44509448696572673,0.6731147540983606,0.38095238095238093,0.24018441403926236,1,0.0060975609756097615,0.0,0
country_b25_g1.4_c140,2025/26,UEL,77,0.436408630684917,0.6692576758647493,0.55,0.24101872153820209,6,0.1948051948051948,0.12987012987012983,0
country_b25_g1.4_c140,2025/26,UECL,164,0.3429641714334149,0.6306244653550043,0.3902439024390244,0.2618233194527067,23,0.2192470837751856,0.10273064687168611,4
country_b25_g1.4_c180,2018/19,UCL,79,0.5463456455358232,0.7136752136752137,0.45,0.2147091812209582,1,0.5189873417721519,0.0,0
country_b25_g1.4_c180,2018/19,UEL,213,0.41480369913008625,0.6618996360654057,0.5555555555555556,0.24470453393286162,30,0.22339593114241005,0.1357589984350548,3
country_b25_g1.4_c180,2018/19,UECL,0,,,0.0,,0,0.0,0.0,0
country_b25_g1.4_c180,2019/20,UCL,79,0.4272003231964048,0.6706783369803063,0.4,0.25188271110398974,3,0.3776371308016877,0.0,0
country_b25_g1.4_c180,2019/20,UEL,213,0.382562150898199,0.644766651563208,0.42592592592592593,0.2549097401309264,25,0.2510798122065727,0.144037558685446,4
country_b25_g1.4_c180,2019/20,UECL,0,,,0.0,,0,0.0,0.0,0
country_b25_g1.4_c180,2020/21,UCL,79,0.47705062028806855,0.6956521739130435,0.55,0.22464348662073383,1,0.01265822784810125,0.0,0
country_b25_g1.4_c180,2020/21,UEL,213,0.4390865989484419,0.6855378281008749,0.5370370370370371,0.23868720932795523,34,0.23494890914112126,0.1280723557028445,5
country_b25_g1.4_c180,2020/21,UECL,0,,,0.0,,0,0.0,0.0,0
country_b25_g1.4_c180,2021/22,UCL,80,0.4465922793675441,0.6672461752433936,0.4,0.24562499999999998,0,0.0,0.0,0
country_b25_g1.4_c180,2021/22,UEL,58,0.41532131684123724,0.6550783912747103,0.4,0.25267538644470866,1,0.017241379310344834,0.017241379310344834,0
country_b25_g1.4_c180,2021/22,UECL,181,0.36732690403871365,0.6436830231246475,0.45652173913043476,0.2527090137663686,31,0.24148993049367312,0.11459632864017108,3
country_b25_g1.4_c180,2022/23,UCL,78,0.3643051273264246,0.637513956084853,0.55,0.2526298487836949,2,0.09615384615384616,0.0032051282051282076,0
country_b25_g1.4_c180,2022/23,UEL,57,0.3683477850596403,0.6360520904729267,0.4,0.2520775623268698,5,0.21929824561403505,0.12105263157894734,0
country_b25_g1.4_c180,2022/23,UECL,177,0.348585556945208,0.635190267784289,0.4666666666666667,0.2570142679306713,19,0.27520071364852805,0.1480820695807315,4
country_b25_g1.4_c180,2023/24,UCL,78,0.4141809580350216,0.6624907885040531,0.45,0.23652202498356345,2,0.1730769230769231,0.15384615384615388,0
country_b25_g1.4_c180,2023/24,UEL,57,0.6901789345765355,0.7683264177040111,0.6,0.17943982763927363,3,0.28070175438596495,0.10526315789473684,0
country_b25_g1.4_c180,2023/24,UECL,178,0.33303469564370947,0.626100352112676,0.4444444444444444,0.2645183688928166,23,0.30715681485100144,0.14692232535417685,5
country_b25_g1.4_c180,2024/25,UCL,81,0.4664241394872258,0.6727028839704896,0.38095238095238093,0.23441548544429203,6,0.1718106995884774,0.1316872427983539,1
country_b25_g1.4_c180,2024/25,UEL,76,0.4730697119598873,0.6819968553459119,0.5263157894736842,0.24134349030470914,9,0.2843567251461988,0.1505847953216374,2
country_b25_g1.4_c180,2024/25,UECL,164,0.3746975975660701,0.6492862116991643,0.5365853658536586,0.2485127900059488,31,0.268095987411487,0.15332415420928402,6
country_b25_g1.4_c180,2025/26,UCL,82,0.44311146864886575,0.6740983606557377,0.38095238095238093,0.24048185603807257,1,0.0060975609756097615,0.0,0
country_b25_g1.4_c180,2025/26,UEL,77,0.4517237865035227,0.6754760979401477,0.6,0.2349468713105077,6,0.2012987012987013,0.16450216450216448,0
country_b25_g1.4_c180,2025/26,UECL,164,0.3548263303848209,0.6363558597091531,0.4146341463414634,0.25795657346817374,23,0.2274655355249204,0.12924178154825028,5
country_b25_g1.4_c220,2018/19,UCL,79,0.5415401281563711,0.7133190883190883,0.45,0.215350104149976,1,0.5189873417721519,0.0,0
country_b25_g1.4_c220,2018/19,UEL,213,0.41795066268941683,0.6632836126915782,0.5555555555555556,0.24494699023562347,30,0.2316901408450704,0.14843505477308294,3
country_b25_g1.4_c220,2018/19,UECL,0,,,0.0,,0,0.0,0.0,0
country_b25_g1.4_c220,2019/20,UCL,79,0.43359594346175606,0.6717724288840262,0.4,0.25060086524595415,3,0.36497890295358654,0.0,0
country_b25_g1.4_c220,2019/20,UEL,213,0.3822226568048279,0.6444142375270604,0.4444444444444444,0.2546672838281646,25,0.25483568075117374,0.15737089201877932,4
country_b25_g1.4_c220,2019/20,UECL,0,,,0.0,,0,0.0,0.0,0
country_b25_g1.4_c220,2020/21,UCL,79,0.47370799788027795,0.6941266209000763,0.55,0.22768787053356832,1,0.012658227848101278,0.012658227848101278,0
country_b25_g1.4_c220,2020/21,UEL,213,0.43119291018089506,0.6823926345285068,0.5370370370370371,0.2417289338535123,34,0.2447528307097487,0.14436619718309857,5
country_b25_g1.4_c220,2020/21,UECL,0,,,0.0,,0,0.0,0.0,0
country_b25_g1.4_c220,2021/22,UCL,80,0.44917988444682266,0.6675938803894298,0.4,0.2459375,0,0.0,0.0,0
country_b25_g1.4_c220,2021/22,UEL,58,0.4215555005224326,0.6550783912747103,0.4,0.2520808561236623,1,0.03448275862068967,0.03448275862068967,0
country_b25_g1.4_c220,2021/22,UECL,181,0.3693094294685082,0.6439650310208686,0.4782608695652174,0.25307530295168035,31,0.24416325075744075,0.1285867046872215,4
country_b25_g1.4_c220,2022/23,UCL,78,0.360166457576994,0.6356531447711202,0.55,0.2521367521367521,2,0.09615384615384615,0.016025641025641024,0
country_b25_g1.4_c220,2022/23,UEL,57,0.3815053951801008,0.6429061000685401,0.4,0.24899969221298862,5,0.2473684210526316,0.15614035087719297,0
country_b25_g1.4_c220,2022/23,UECL,177,0.3505594549333805,0.6363771233588013,0.4666666666666667,0.25781225063040636,19,0.2847160273565269,0.16622063633660422,4
country_b25_g1.4_c220,2023/24,UCL,78,0.4212336144518638,0.6639646278555638,0.45,0.2345496383957922,2,0.2307692307692308,0.2307692307692308,1
country_b25_g1.4_c220,2023/24,UEL,57,0.6846145592147784,0.7676348547717843,0.6,0.18005540166204986,3,0.28654970760233917,0.14619883040935674,1
country_b25_g1.4_c220,2023/24,UECL,178,0.33946025651357586,0.6279342723004695,0.4666666666666667,0.26398182047721247,23,0.316438690766976,0.16744015632633122,5
country_b25_g1.4_c220,2024/25,UCL,81,0.4578752849478903,0.670020120724346,0.38095238095238093,0.23731138545953365,6,0.2294238683127572,0.19444444444444445,1
country_b25_g1.4_c220,2024/25,UEL,76,0.47400979613573324,0.6816037735849056,0.5789473684210527,0.24013157894736842,9,0.2638888888888889,0.16666666666666669,3
country_b25_g1.4_c220,2024/25,UECL,164,0.3723025066157694,0.648241643454039,0.5121951219512195,0.25007436049970255,31,0.27399685287175446,0.1731904012588513,6
country_b25_g1.4_c220,2025/26,UCL,82,0.44138043608497596,0.6734426229508197,0.42857142857142855,0.2415229030339084,1,0.0060975609756097615,0.0,0
country_b25_g1.4_c220,2025/26,UEL,77,0.45280344500770636,0.6743101438010105,0.65,0.23342890875358416,6,0.22294372294372297,0.22077922077922077,2
country_b25_g1.4_c220,2025/26,UECL,164,0.34715648675305727,0.632164242942686,0.43902439024390244,0.2602245687091017,23,0.24920466595970311,0.15734358430540826,5
country_b25_g1.4_c260,2018/19,UCL,79,0.5360971441857673,0.7104700854700855,0.45,0.21663195000801153,1,0.5189873417721519,0.0,0
country_b25_g1.4_c260,2018/19,UEL,213,0.4210043642129483,0.6646675893177508,0.5370370370370371,0.24455024355837687,30,0.24170579029733957,0.15970266040688574,3
country_b25_g1.4_c260,2018/19,UECL,0,,,0.0,,0,0.0,0.0,0
country_b25_g1.4_c260,2019/20,UCL,79,0.43118064178158483,0.6695842450765864,0.4,0.2522031725684987,3,0.36075949367088606,0.0,0
country_b25_g1.4_c260,2019/20,UEL,213,0.38084397191917846,0.6437094094547652,0.4444444444444444,0.25513015495161895,25,0.26046948356807514,0.1703286384976526,4
country_b25_g1.4_c260,2019/20,UECL,0,,,0.0,,0,0.0,0.0,0
country_b25_g1.4_c260,2020/21,UCL,79,0.4688369644830514,0.6926010678871091,0.55,0.2305720237141483,1,0.012658227848101278,0.012658227848101278,0
country_b25_g1.4_c260,2020/21,UEL,213,0.42744279525243317,0.6814776691256362,0.5370370370370371,0.24377879168595298,34,0.2542805854736261,0.1591411212372273,7
country_b25_g1.4_c260,2020/21,UECL,0,,,0.0,,0,0.0,0.0,0
country_b25_g1.4_c260,2021/22,UCL,80,0.4453516467952872,0.6662030598052852,0.4,0.246875,0,0.0,0.0,0
country_b25_g1.4_c260,2021/22,UEL,58,0.43657988319411356,0.6605316973415133,0.4666666666666667,0.2497027348394768,1,0.08620689655172412,0.08620689655172412,0
country_b25_g1.4_c260,2021/22,UECL,181,0.36594918212679844,0.6427664974619289,0.4782608695652174,0.25399102591495987,31,0.24772767777579754,0.1418641953306006,5
country_b25_g1.4_c260,2022/23,UCL,78,0.3587869009938504,0.6356531447711202,0.55,0.25279421433267585,2,0.10256410256410253,0.03525641025641024,0
country_b25_g1.4_c260,2022/23,UEL,57,0.39241021349333605,0.6490747087045922,0.4,0.2471529701446599,5,0.26140350877192986,0.17719298245614032,1
country_b25_g1.4_c260,2022/23,UECL,177,0.3542603765087591,0.6374898004599066,0.4666666666666667,0.25934437741389765,19,0.2954207552780255,0.18614332441272674,4
country_b25_g1.4_c260,2023/24,UCL,78,0.41717801817599437,0.6617538688282977,0.45,0.23389217619986852,2,0.2628205128205129,0.2628205128205129,1
country_b25_g1.4_c260,2023/24,UEL,57,0.7017659279769004,0.7766251728907331,0.6,0.17143736534318252,3,0.2105263157894737,0.14619883040935674,1
country_b25_g1.4_c260,2023/24,UECL,178,0.3453272604895691,0.6314553990610329,0.4444444444444444,0.26300340866052263,23,0.32205666829506596,0.18404982901807526,5
country_b25_g1.4_c260,2024/25,UCL,81,0.4479963559655997,0.670020120724346,0.38095238095238093,0.24035970126505107,6,0.2829218106995885,0.25,2
country_b25_g1.4_c260,2024/25,UEL,76,0.47670562575764436,0.6843553459119497,0.5789473684210527,0.2392659279778393,9,0.24780701754385964,0.17690058479532164,3
country_b25_g1.4_c260,2024/25,UECL,164,0.37238271173997123,0.6477193593314763,0.43902439024390244,0.2513013087447948,31,0.2810778914240756,0.18951612903225806,7
country_b25_g1.4_c260,2025/26,UCL,82,0.4395288885957521,0.6718032786885246,0.42857142857142855,0.24241522903033905,1,0.018292682926829264,0.018292682926829264,0
country_b25_g1.4_c260,2025/26,UEL,77,0.455589230530847,0.6735328410415857,0.65,0.23680215888008088,6,0.28138528138528135,0.28138528138528135,3
country_b25_g1.4_c260,2025/26,UECL,164,0.34710690615137946,0.63267750213858,0.43902439024390244,0.261860499702558,23,0.2661717921527041,0.18040827147401908,5
country_b25_g1.4_c300,2018/19,UCL,79,0.527528122123938,0.7065527065527065,0.45,0.21999679538535494,1,0.5189873417721519,0.0,0
country_b25_g1.4_c300,2018/19,UEL,213,0.4152227481422919,0.6624634783945871,0.5185185185185185,0.24598293989287842,30,0.24874804381846635,0.1705007824726135,3
country_b25_g1.4_c300,2018/19,UECL,0,,,0.0,,0,0.0,0.0,0
country_b25_g1.4_c300,2019/20,UCL,79,0.42524097132320465,0.6684901531728665,0.4,0.254125941355552,3,0.35654008438818563,0.0,0
country_b25_g1.4_c300,2019/20,UEL,213,0.37423356382385253,0.641695614962493,0.4444444444444444,0.25623222905508164,25,0.26629107981220657,0.18309859154929575,5
country_b25_g1.4_c300,2019/20,UECL,0,,,0.0,,0,0.0,0.0,0
country_b25_g1.4_c300,2020/21,UCL,79,0.46760678002813966,0.6918382913806255,0.55,0.2312129466431661,1,0.0,0.0,0
country_b25_g1.4_c300,2020/21,UEL,213,0.418023646937963,0.677360324812718,0.5370370370370371,0.24609314730322468,34,0.26104667219000277,0.1732946699806683,7
country_b25_g1.4_c300,2020/21,UECL,0,,,0.0,,0,0.0,0.0,0
country_b25_g1.4_c300,2021/22,UCL,80,0.43774243368544524,0.6644645340751043,0.4,0.24937500000000004,0,0.0,0.0,0
country_b25_g1.4_c300,2021/22,UEL,58,0.44964049800621786,0.6666666666666666,0.4666666666666667,0.24881093935790727,1,0.10344827586206898,0.10344827586206898,0
country_b25_g1.4_c300,2021/22,UECL,181,0.3618969985570063,0.6410744500846024,0.45652173913043476,0.25570037544641494,31,0.25164854749598997,0.1546961325966851,5
country_b25_g1.4_c300,2022/23,UCL,78,0.3502540880536663,0.6334201711946409,0.55,0.25476660092044706,2,0.08333333333333331,0.04807692307692307,0
country_b25_g1.4_c300,2022/23,UEL,57,0.3988094481921208,0.6470185058259081,0.4,0.24499846106494305,5,0.29298245614035084,0.2192982456140351,1
country_b25_g1.4_c300,2022/23,UECL,177,0.35267708868389364,0.6361545879385803,0.4666666666666667,0.26122761658527244,19,0.30136782634552484,0.19982158786797502,4
country_b25_g1.4_c300,2023/24,UCL,78,0.41152824097407553,0.6584377302873987,0.45,0.23570019723865876,2,0.3782051282051283,0.3782051282051283,1
country_b25_g1.4_c300,2023/24,UEL,57,0.6944013135275159,0.7759336099585062,0.6,0.17082179132040629,3,0.2222222222222222,0.1871345029239766,1
country_b25_g1.4_c300,2023/24,UECL,178,0.34812759302506885,0.6325557511737089,0.4222222222222222,0.2634452720616084,23,0.32816316560820713,0.19748412310698585,5
country_b25_g1.4_c300,2024/25,UCL,81,0.44572272443918076,0.6673373574782026,0.38095238095238093,0.23975003810394763,6,0.3220164609053498,0.2911522633744856,3
country_b25_g1.4_c300,2024/25,UEL,76,0.4765673780847259,0.6827830188679245,0.5789473684210527,0.23666897506925202,9,0.23903508771929824,0.1915204678362573,3
country_b25_g1.4_c300,2024/25,UECL,164,0.37597811385936025,0.6480675487465181,0.43902439024390244,0.2513756692444973,31,0.28343823760818254,0.2003343823760818,7
country_b25_g1.4_c300,2025/26,UCL,82,0.43525608669754323,0.6704918032786885,0.42857142857142855,0.2418203450327186,1,0.042682926829268296,0.042682926829268296,0
country_b25_g1.4_c300,2025/26,UEL,77,0.44164697379780826,0.6669257675864749,0.6,0.242199359082476,6,0.3506493506493506,0.3506493506493506,4
country_b25_g1.4_c300,2025/26,UECL,164,0.34265153819505784,0.630966638152267,0.43902439024390244,0.26371951219512196,23,0.2727995758218452,0.19472428419936372,5
country_b25_g1.4_c360,2018/19,UCL,79,0.5210676434020727,0.7037037037037037,0.45,0.2219195641724083,1,0.5316455696202532,0.0,0
country_b25_g1.4_c360,2018/19,UEL,213,0.4110681765069961,0.6603106258649853,0.5185185185185185,0.24761400956600324,30,0.2571987480438184,0.18482003129890456,5
country_b25_g1.4_c360,2018/19,UECL,0,,,0.0,,0,0.0,0.0,0
country_b25_g1.4_c360,2019/20,UCL,79,0.4161589440870506,0.6644784828592268,0.4,0.25604871014260533,3,0.35654008438818563,0.0,0
country_b25_g1.4_c360,2019/20,UEL,213,0.36514629216746236,0.6386245783617782,0.42592592592592593,0.25775309131786023,25,0.27267605633802816,0.19784037558685447,5
country_b25_g1.4_c360,2019/20,UECL,0,,,0.0,,0,0.0,0.0,0
country_b25_g1.4_c360,2020/21,UCL,79,0.458399035774709,0.6887871853546911,0.55,0.23457779202050957,1,0.025316455696202528,0.025316455696202528,0
country_b25_g1.4_c360,2020/21,UEL,213,0.403972648726471,0.6711843083433408,0.5,0.2499944896294827,34,0.27333609500138084,0.1944214305440486,9
country_b25_g1.4_c360,2020/21,UECL,0,,,0.0,,0,0.0,0.0,0
country_b25_g1.4_c360,2021/22,UCL,80,0.4376951714922164,0.6641168289290682,0.45,0.24906249999999996,0,0.0,0.0,0
country_b25_g1.4_c360,2021/22,UEL,58,0.45428496484870845,0.6680299931833674,0.5333333333333333,0.2517835909631391,1,0.17241379310344826,0.17241379310344826,0
country_b25_g1.4_c360,2021/22,UECL,181,0.3534276991252779,0.6369853355893965,0.45652173913043476,0.25792863465706173,31,0.2596685082872928,0.1751915879522367,7
country_b25_g1.4_c360,2022/23,UCL,78,0.3417723698017467,0.6296985485671753,0.55,0.25756081525312297,2,0.08333333333333331,0.0608974358974359,0
country_b25_g1.4_c360,2022/23,UEL,57,0.4063840525294578,0.6497601096641535,0.5333333333333333,0.2413050169282856,5,0.34912280701754383,0.2859649122807017,3
country_b25_g1.4_c360,2022/23,UECL,177,0.35123973106048834,0.6359320525183592,0.4222222222222222,0.26157872897315587,19,0.30701754385964913,0.21558132619684808,6
country_b25_g1.4_c360,2023/24,UCL,78,0.40321299326380233,0.6573323507737656,0.45,0.2383300460223537,2,0.44230769230769235,0.44230769230769235,1
country_b25_g1.4_c360,2023/24,UEL,57,0.6915863942268622,0.7759336099585062,0.6,0.16712834718374886,3,0.2631578947368421,0.2631578947368421,1
country_b25_g1.4_c360,2023/24,UECL,178,0.35211081535319216,0.6346830985915493,0.4222222222222222,0.2635715187476329,23,0.33988764044943814,0.21971177332681976,6
country_b25_g1.4_c360,2024/25,UCL,81,0.41293695782821876,0.6539235412474849,0.42857142857142855,0.24310318549001675,6,0.4002057613168724,0.3796296296296296,3
country_b25_g1.4_c360,2024/25,UEL,76,0.4647333772829005,0.6800314465408805,0.631578947368421,0.2337257617728532,9,0.2419590643274854,0.21637426900584794,3
country_b25_g1.4_c360,2024/25,UECL,164,0.37609012446384893,0.6478934540389972,0.43902439024390244,0.2514128494943486,31,0.2924862313139261,0.21921715184893784,7
country_b25_g1.4_c360,2025/26,UCL,82,0.4298110032529028,0.6681967213114755,0.42857142857142855,0.24345627602617492,1,0.06707317073170732,0.06707317073170732,0
country_b25_g1.4_c360,2025/26,UEL,77,0.41513535941729757,0.655266226195103,0.6,0.24860853432282004,6,0.42857142857142855,0.42857142857142855,4
country_b25_g1.4_c360,2025/26,UECL,164,0.32746885617017674,0.6258340461933276,0.4878048780487805,0.26706573468173705,23,0.29188759278897136,0.21778897136797457,6
country_b25_g1.6_c100,2018/19,UCL,79,0.5585801004967753,0.7200854700854701,0.45,0.21070341291459704,1,0.4810126582278481,0.0,0
country_b25_g1.6_c100,2018/19,UEL,213,0.4127733594047832,0.661694602491158,0.5185185185185185,0.2428530494390443,30,0.20383411580594682,0.10062597809076682,3
country_b25_g1.6_c100,2018/19,UECL,0,,,0.0,,0,0.0,0.0,0
country_b25_g1.6_c100,2019/20,UCL,79,0.4345694579144781,0.6721371261852662,0.4,0.24675532767184746,3,0.4409282700421941,0.0,0
country_b25_g1.6_c100,2019/20,UEL,213,0.39437980850700644,0.6480894124754569,0.42592592592592593,0.251757808195023,25,0.23061032863849765,0.09417840375586854,2
country_b25_g1.6_c100,2019/20,UECL,0,,,0.0,,0,0.0,0.0,0
country_b25_g1.6_c100,2020/21,UCL,79,0.48280390718326216,0.6975591151792525,0.55,0.2233616407626983,1,0.025316455696202528,0.0,0
country_b25_g1.6_c100,2020/21,UEL,213,0.46276508519265197,0.6953165208440556,0.5185185185185185,0.2284158786836827,34,0.20981772990886494,0.07988124827395747,2
country_b25_g1.6_c100,2020/21,UECL,0,,,0.0,,0,0.0,0.0,0
country_b25_g1.6_c100,2021/22,UCL,80,0.44607239524202696,0.6665507649513213,0.4,0.24312499999999998,0,0.0,0.0,0
country_b25_g1.6_c100,2021/22,UEL,58,0.37495497750549706,0.6400817995910021,0.4,0.26159334126040434,1,0.15517241379310345,0.0,0
country_b25_g1.6_c100,2021/22,UECL,181,0.33864486602131316,0.6326142131979695,0.4782608695652174,0.2571044839901102,31,0.23863838887898772,0.06104081268936017,2
country_b25_g1.6_c100,2022/23,UCL,78,0.36859708114064893,0.6386304428730927,0.55,0.25164365548980927,2,0.1858974358974359,0.0,0
country_b25_g1.6_c100,2022/23,UEL,57,0.36318921831266077,0.6312542837559972,0.4,0.2545398584179748,5,0.21929824561403505,0.05614035087719298,0
country_b25_g1.6_c100,2022/23,UECL,177,0.3335349962427273,0.6293301683851347,0.4666666666666667,0.25861023333014144,19,0.26419863217365447,0.08638120725542672,2
country_b25_g1.6_c100,2023/24,UCL,78,0.41140070649999166,0.660280029476787,0.45,0.23652202498356345,2,0.1474358974358974,0.08333333333333334,0
country_b25_g1.6_c100,2023/24,UEL,57,0.6694598192589339,0.7558782849239281,0.5333333333333333,0.1794398276392736,3,0.3450292397660819,0.05847953216374269,0
country_b25_g1.6_c100,2023/24,UECL,178,0.3171880699441697,0.6211854460093896,0.4888888888888889,0.27297689685645754,23,0.3027601367855398,0.09513922813873962,3
country_b25_g1.6_c100,2024/25,UCL,81,0.47216505909143375,0.6747149564050973,0.42857142857142855,0.23030025910684346,6,0.12037037037037039,0.06378600823045268,0
country_b25_g1.6_c100,2024/25,UEL,76,0.4837562570764889,0.6882861635220126,0.5263157894736842,0.2359764542936288,9,0.27704678362573104,0.0847953216374269,0
country_b25_g1.6_c100,2024/25,UECL,164,0.3414207681041552,0.6341399721448467,0.4634146341463415,0.2573988697204045,31,0.26278520849724624,0.09343036978756883,4
country_b25_g1.6_c100,2025/26,UCL,82,0.4437469109824455,0.6711475409836065,0.38095238095238093,0.24077929803688278,1,0.0060975609756097615,0.0,0
country_b25_g1.6_c100,2025/26,UEL,77,0.42991735054247926,0.6657598134473377,0.55,0.24439197166469892,6,0.16450216450216454,0.06060606060606061,0
country_b25_g1.6_c100,2025/26,UECL,164,0.3146247258577637,0.619076133447391,0.4146341463414634,0.273312016656752,23,0.23515376458112405,0.07250795334040297,3
country_b25_g1.6_c140,2018/19,UCL,79,0.5519970320458423,0.7175925925925926,0.45,0.21166479730812374,1,0.4810126582278481,0.0,0
country_b25_g1.6_c140,2018/19,UEL,213,0.4135925529624784,0.6613870521297862,0.5370370370370371,0.2436024598293989,30,0.21103286384976527,0.11502347417840375,3
country_b25_g1.6_c140,2018/19,UECL,0,,,0.0,,0,0.0,0.0,0
country_b25_g1.6_c140,2019/20,UCL,79,0.4325115222992302,0.6706783369803063,0.4,0.24931901938791867,3,0.4198312236286919,0.0,0
country_b25_g1.6_c140,2019/20,UEL,213,0.3926139371969393,0.6482404470623773,0.4444444444444444,0.25277171637020873,25,0.23718309859154932,0.11107981220657277,2
country_b25_g1.6_c140,2019/20,UECL,0,,,0.0,,0,0.0,0.0,0
country_b25_g1.6_c140,2020/21,UCL,79,0.4787157184391613,0.6960335621662853,0.55,0.22400256369171606,1,0.025316455696202528,0.0,0
country_b25_g1.6_c140,2020/21,UEL,213,0.45678321972196806,0.6934294047006347,0.5370370370370371,0.23139147876303204,34,0.21782656724661698,0.09845346589339962,4
country_b25_g1.6_c140,2020/21,UECL,0,,,0.0,,0,0.0,0.0,0
country_b25_g1.6_c140,2021/22,UCL,80,0.44378017887042853,0.6662030598052852,0.4,0.244375,0,0.0,0.0,0
country_b25_g1.6_c140,2021/22,UEL,58,0.3942497759987968,0.6462167689161554,0.4,0.2571343638525565,1,0.08620689655172413,0.0,0
country_b25_g1.6_c140,2021/22,UECL,181,0.35401712628253323,0.6387478849407784,0.4782608695652174,0.2553646103598792,31,0.2438068080556051,0.08376403493138478,3
country_b25_g1.6_c140,2022/23,UCL,78,0.36872481786131034,0.6382582806103461,0.55,0.25131492439184744,2,0.14102564102564102,0.0,0
country_b25_g1.6_c140,2022/23,UEL,57,0.37510616048131606,0.6401644962302947,0.4,0.25023084025854114,5,0.21929824561403505,0.08771929824561404,0
country_b25_g1.6_c140,2022/23,UECL,177,0.337847069112943,0.6314071656405311,0.4888888888888889,0.2585144754061732,19,0.2752007136485281,0.11388641094261077,3
country_b25_g1.6_c140,2023/24,UCL,78,0.4066946844062941,0.6588061901252763,0.45,0.2394806048652203,2,0.17307692307692307,0.12820512820512822,0
country_b25_g1.6_c140,2023/24,UEL,57,0.6697216722171343,0.7538035961272476,0.5333333333333333,0.18190212373037853,3,0.3333333333333333,0.08771929824561403,0
country_b25_g1.6_c140,2023/24,UECL,178,0.3224533852198129,0.62331279342723,0.4888888888888889,0.2701363464209065,23,0.3061797752808989,0.11321446018563754,4
country_b25_g1.6_c140,2024/25,UCL,81,0.4743932179873243,0.6773977196512407,0.38095238095238093,0.22969059594574,6,0.12448559670781895,0.07818930041152262,0
country_b25_g1.6_c140,2024/25,UEL,76,0.48267792522772446,0.6863207547169812,0.5263157894736842,0.23805401662049855,9,0.28143274853801165,0.10964912280701755,1
country_b25_g1.6_c140,2024/25,UECL,164,0.3617016017514476,0.6424965181058496,0.5365853658536586,0.2505577037477692,31,0.2566876475216365,0.11182140047206923,5
country_b25_g1.6_c140,2025/26,UCL,82,0.44476580989663383,0.6724590163934426,0.38095238095238093,0.24048185603807262,1,0.0060975609756097615,0.0,0
country_b25_g1.6_c140,2025/26,UEL,77,0.4390611250347016,0.6712009327633113,0.55,0.2393320964749536,6,0.1796536796536797,0.11471861471861472,0
country_b25_g1.6_c140,2025/26,UECL,164,0.33920430913951743,0.6284003421727973,0.4146341463414634,0.2640169541939322,23,0.2245493107104984,0.09477730646871688,3
country_b25_g1.6_c180,2018/19,UCL,79,0.5503420707034288,0.7154558404558404,0.45,0.21342733536292263,1,0.4810126582278481,0.0,0
country_b25_g1.6_c180,2018/19,UEL,213,0.41503055273067874,0.661694602491158,0.5555555555555556,0.24485882430734643,30,0.21917057902973394,0.12621283255086072,3
country_b25_g1.6_c180,2018/19,UECL,0,,,0.0,,0,0.0,0.0,0
country_b25_g1.6_c180,2019/20,UCL,79,0.43092185945870937,0.6714077315827863,0.4,0.25124178817497195,3,0.4113924050632911,0.0,0
country_b25_g1.6_c180,2019/20,UEL,213,0.38841324688080947,0.6471328600916276,0.42592592592592593,0.2538737904736714,25,0.24507042253521127,0.12863849765258217,3
country_b25_g1.6_c180,2019/20,UECL,0,,,0.0,,0,0.0,0.0,0
country_b25_g1.6_c180,2020/21,UCL,79,0.4760068274172343,0.6948893974065599,0.55,0.22544464028200606,1,0.025316455696202528,0.0,0
country_b25_g1.6_c180,2020/21,UEL,213,0.44467371547928763,0.6876536855950134,0.5370370370370371,0.236152438889991,34,0.22942557304611985,0.11592101629384147,4
country_b25_g1.6_c180,2020/21,UECL,0,,,0.0,,0,0.0,0.0,0
country_b25_g1.6_c180,2021/22,UCL,80,0.4421141865591123,0.6655076495132128,0.4,0.24625,0,0.0,0.0,0
country_b25_g1.6_c180,2021/22,UEL,58,0.4122665668374515,0.6530334014996592,0.4,0.25326991676575505,1,0.017241379310344834,0.0,0
country_b25_g1.6_c180,2021/22,UECL,181,0.3635678964114868,0.6430485053581501,0.4782608695652174,0.2526174414700406,31,0.2439850294065229,0.09989306718944929,3
country_b25_g1.6_c180,2022/23,UCL,78,0.3636664437231174,0.6363974692966133,0.55,0.25295857988165676,2,0.1217948717948718,0.0,0
country_b25_g1.6_c180,2022/23,UEL,57,0.368249837589761,0.636737491432488,0.4,0.2523853493382579,5,0.2122807017543859,0.11403508771929823,0
country_b25_g1.6_c180,2022/23,UECL,177,0.34371609653858776,0.6326681996884504,0.4666666666666667,0.2571738644706183,19,0.2775795420755278,0.13351174546535832,4
country_b25_g1.6_c180,2023/24,UCL,78,0.4122806943711708,0.6617538688282977,0.45,0.23750821827744908,2,0.1794871794871795,0.15384615384615388,0
country_b25_g1.6_c180,2023/24,UEL,57,0.6864147983024056,0.7648686030428768,0.6,0.1806709756848261,3,0.28070175438596495,0.09941520467836258,0
country_b25_g1.6_c180,2023/24,UECL,178,0.32974589539986104,0.6250733568075117,0.4666666666666667,0.2667592475697513,23,0.30569125549584764,0.13275525158768933,5
country_b25_g1.6_c180,2024/25,UCL,81,0.47280167591883104,0.6747149564050973,0.38095238095238093,0.23289132754153333,6,0.16358024691358028,0.12345679012345678,1
country_b25_g1.6_c180,2024/25,UEL,76,0.48205581069959114,0.6859276729559748,0.5263157894736842,0.2392659279778393,9,0.2814327485380117,0.13450292397660818,1
country_b25_g1.6_c180,2024/25,UECL,164,0.3706707471923544,0.6464136490250696,0.5365853658536586,0.2487358715050565,31,0.2639653815892997,0.1348347757671125,6
country_b25_g1.6_c180,2025/26,UCL,82,0.4422788200738301,0.6724590163934426,0.38095238095238093,0.24077929803688278,1,0.0060975609756097615,0.0,0
country_b25_g1.6_c180,2025/26,UEL,77,0.45227028031428235,0.6758647493198601,0.6,0.23427222128520828,6,0.18831168831168832,0.15151515151515152,0
country_b25_g1.6_c180,2025/26,UECL,164,0.3556871047195045,0.6363558597091531,0.4146341463414634,0.2582540154669839,23,0.21580063626723223,0.10843054082714741,5
country_b25_g1.6_c220,2018/19,UCL,79,0.546100466077688,0.7150997150997151,0.45,0.21438871975644927,1,0.4936708860759494,0.0,0
country_b25_g1.6_c220,2018/19,UEL,213,0.4185303996687088,0.6638987134143216,0.5555555555555556,0.2445282020763076,30,0.22715179968701096,0.1368544600938967,3
country_b25_g1.6_c220,2018/19,UECL,0,,,0.0,,0,0.0,0.0,0
country_b25_g1.6_c220,2019/20,UCL,79,0.4279520242295193,0.6703136396790663,0.4,0.25220317256849867,3,0.39029535864978904,0.0,0
country_b25_g1.6_c220,2019/20,UEL,213,0.38315516738292305,0.644766651563208,0.4444444444444444,0.2551521964336882,25,0.2503286384976526,0.14309859154929577,4
country_b25_g1.6_c220,2019/20,UECL,0,,,0.0,,0,0.0,0.0,0
country_b25_g1.6_c220,2020/21,UCL,79,0.47247781342536616,0.6929824561403509,0.55,0.22672648614004162,1,0.025316455696202528,0.0,0
country_b25_g1.6_c220,2020/21,UEL,213,0.4369528906265719,0.6847944187110425,0.5370370370370371,0.23943661971830985,34,0.2392294946147473,0.1312482739574703,5
country_b25_g1.6_c220,2020/21,UECL,0,,,0.0,,0,0.0,0.0,0
country_b25_g1.6_c220,2021/22,UCL,80,0.44440640293071054,0.6662030598052852,0.4,0.24656250000000002,0,0.0,0.0,0
country_b25_g1.6_c220,2021/22,UEL,58,0.42679221481463675,0.656441717791411,0.4,0.2502972651605232,1,0.017241379310344834,0.017241379310344834,0
country_b25_g1.6_c220,2021/22,UECL,181,0.36553197020853245,0.6429075014100395,0.45652173913043476,0.2529532065565764,31,0.24434147210835858,0.11352700053466404,4
country_b25_g1.6_c220,2022/23,UCL,78,0.3642157116219616,0.6367696315593598,0.55,0.2516436554898092,2,0.10256410256410257,0.0,0
country_b25_g1.6_c220,2022/23,UEL,57,0.3863374703608158,0.6456477039067855,0.4,0.2459218220991074,5,0.23684210526315788,0.1385964912280702,0
country_b25_g1.6_c220,2022/23,UECL,177,0.3468036723800094,0.6346710184704398,0.4666666666666667,0.25720578377860764,19,0.284418673803152,0.15150163544454354,4
country_b25_g1.6_c220,2023/24,UCL,78,0.40632483443145057,0.6588061901252763,0.45,0.2368507560815253,2,0.21794871794871798,0.21794871794871798,1
country_b25_g1.6_c220,2023/24,UEL,57,0.6875604049945321,0.7676348547717843,0.6,0.18128654970760236,3,0.2690058479532164,0.1286549707602339,1
country_b25_g1.6_c220,2023/24,UECL,178,0.3345184297865079,0.6269072769953051,0.4444444444444444,0.2645499305643227,23,0.31521739130434784,0.15083048363458723,5
country_b25_g1.6_c220,2024/25,UCL,81,0.4608764785627634,0.6713615023474179,0.38095238095238093,0.23670172229843012,6,0.22325102880658435,0.1862139917695473,1
country_b25_g1.6_c220,2024/25,UEL,76,0.4846963412523349,0.6882861635220126,0.5789473684210527,0.23718836565096948,9,0.26535087719298245,0.14912280701754385,2
country_b25_g1.6_c220,2024/25,UECL,164,0.37188488683113263,0.6481545961002786,0.5121951219512195,0.24959101725163596,31,0.27301337529504327,0.15686467348544456,6
country_b25_g1.6_c220,2025/26,UCL,82,0.4402410222454536,0.6714754098360656,0.42857142857142855,0.2415229030339084,1,0.0060975609756097615,0.0,0
country_b25_g1.6_c220,2025/26,UEL,77,0.45962795308353416,0.6774193548387096,0.65,0.23106763366503624,6,0.19913419913419914,0.19696969696969693,1
country_b25_g1.6_c220,2025/26,UECL,164,0.3561663838690562,0.6364414029084687,0.43902439024390244,0.25803093396787624,23,0.23435843054082717,0.13533934252386004,5
country_b25_g1.6_c260,2018/19,UCL,79,0.5357784108901913,0.7097578347578347,0.45,0.21727287293702932,1,0.5189873417721519,0.0,0
country_b25_g1.6_c260,2018/19,UEL,213,0.4209312669416463,0.6648726228919986,0.5555555555555556,0.2438228746500915,30,0.2329420970266041,0.14608763693270735,3
country_b25_g1.6_c260,2018/19,UECL,0,,,0.0,,0,0.0,0.0,0
country_b25_g1.6_c260,2019/20,UCL,79,0.4234541409985882,0.6688548504741065,0.4,0.25348501842653426,3,0.3860759493670886,0.0,0
country_b25_g1.6_c260,2019/20,UEL,213,0.3843487307204311,0.6454714796355032,0.4444444444444444,0.25435870307919506,25,0.2538967136150234,0.15342723004694836,4
country_b25_g1.6_c260,2019/20,UECL,0,,,0.0,,0,0.0,0.0,0
country_b25_g1.6_c260,2020/21,UCL,79,0.47198076920115933,0.6933638443935927,0.55,0.22864925492709495,1,0.01265822784810125,0.0,0
country_b25_g1.6_c260,2020/21,UEL,213,0.43064722782288356,0.6825070052038658,0.5370370370370371,0.2414864775507505,34,0.24792874896437447,0.1443661971830986,6
country_b25_g1.6_c260,2020/21,UECL,0,,,0.0,,0,0.0,0.0,0
country_b25_g1.6_c260,2021/22,UCL,80,0.4478565430364153,0.6665507649513213,0.4,0.24656250000000002,0,0.0,0.0,0
country_b25_g1.6_c260,2021/22,UEL,58,0.4383254546248483,0.6625766871165644,0.4666666666666667,0.2479191438763377,1,0.03448275862068967,0.03448275862068967,0
country_b25_g1.6_c260,2021/22,UECL,181,0.3698834802651395,0.6433305132543711,0.4782608695652174,0.2530142547541284,31,0.2487970058813046,0.126893601853502,4
country_b25_g1.6_c260,2022/23,UCL,78,0.36154601416013743,0.6360253070338667,0.55,0.25197238658777116,2,0.08333333333333331,0.009615384615384609,0
country_b25_g1.6_c260,2022/23,UEL,57,0.3959363224089929,0.6504455106237149,0.4,0.2453062480763312,5,0.25087719298245614,0.1631578947368421,1
country_b25_g1.6_c260,2022/23,UECL,177,0.35028185838473813,0.6359320525183592,0.4666666666666667,0.25768457339844875,19,0.29125780553077607,0.16622063633660425,4
country_b25_g1.6_c260,2023/24,UCL,78,0.41855539049610097,0.6621223286661754,0.45,0.2345496383957922,2,0.2564102564102564,0.2564102564102564,1
country_b25_g1.6_c260,2023/24,UEL,57,0.6941394605693156,0.7717842323651453,0.6,0.1757463835026162,3,0.22222222222222224,0.14619883040935674,1
country_b25_g1.6_c260,2023/24,UECL,178,0.33442246151709726,0.62668720657277,0.4666666666666667,0.2656861507385431,23,0.3223009281875916,0.16768441621885688,5
country_b25_g1.6_c260,2024/25,UCL,81,0.44915590804407346,0.670020120724346,0.38095238095238093,0.2399024538942235,6,0.2808641975308642,0.24588477366255146,2
country_b25_g1.6_c260,2024/25,UEL,76,0.47648442948097475,0.6827830188679245,0.5789473684210527,0.23909279778393353,9,0.2492690058479532,0.16374269005847955,2
country_b25_g1.6_c260,2024/25,UECL,164,0.3755273057474676,0.6492862116991643,0.4878048780487805,0.24959101725163596,31,0.27793076317859944,0.17142014162077104,6
country_b25_g1.6_c260,2025/26,UCL,82,0.439517932693449,0.6701639344262295,0.42857142857142855,0.2424152290303391,1,0.0060975609756097615,0.0,0
country_b25_g1.6_c260,2025/26,UEL,77,0.4637999668095773,0.6781966575981345,0.65,0.23342890875358402,6,0.2619047619047619,0.2619047619047619,2
country_b25_g1.6_c260,2025/26,UECL,164,0.35316262575074475,0.6345594525235244,0.4634146341463415,0.25981558596073767,23,0.25344644750795337,0.15893425238600212,5
country_b25_g1.6_c300,2018/19,UCL,79,0.5272093888283622,0.7072649572649573,0.45,0.2198365646531005,1,0.5189873417721519,0.0,0
country_b25_g1.6_c300,2018/19,UEL,213,0.4188738308140503,0.6643600389563791,0.5370370370370371,0.24446207763009986,30,0.24123630672926447,0.15625978090766823,3
country_b25_g1.6_c300,2018/19,UECL,0,,,0.0,,0,0.0,0.0,0
country_b25_g1.6_c300,2019/20,UCL,79,0.41917807118726463,0.6673960612691466,0.4,0.2550873257490787,3,0.38185654008438813,0.0,0
country_b25_g1.6_c300,2019/20,UEL,213,0.38443030970774766,0.64552182449781,0.4444444444444444,0.2543366615971258,25,0.2593427230046948,0.16600938967136153,5
country_b25_g1.6_c300,2019/20,UECL,0,,,0.0,,0,0.0,0.0,0
country_b25_g1.6_c300,2020/21,UCL,79,0.4712103506536388,0.6941266209000763,0.55,0.2302515622496394,1,0.01265822784810125,0.0,0
country_b25_g1.6_c300,2020/21,UEL,213,0.42764403980999766,0.6810201864242008,0.5370370370370371,0.2429852983314598,34,0.25510908588787623,0.1570698702016018,7
country_b25_g1.6_c300,2020/21,UECL,0,,,0.0,,0,0.0,0.0,0
country_b25_g1.6_c300,2021/22,UCL,80,0.4426813328778582,0.6658553546592489,0.45,0.2475,0,0.0,0.0,0
country_b25_g1.6_c300,2021/22,UEL,58,0.44468432197966756,0.6632583503749148,0.4666666666666667,0.2497027348394768,1,0.08620689655172412,0.08620689655172412,0
country_b25_g1.6_c300,2021/22,UECL,181,0.3678127970344337,0.6431895093062606,0.4782608695652174,0.2531058270504563,31,0.25004455533772946,0.13660666547852432,5
country_b25_g1.6_c300,2022/23,UCL,78,0.358837995682115,0.6352809825083736,0.55,0.2527942143326759,2,0.07692307692307693,0.016025641025641024,0
country_b25_g1.6_c300,2022/23,UEL,57,0.4005398534933228,0.6490747087045922,0.4,0.24469067405355494,5,0.2824561403508772,0.19824561403508772,1
country_b25_g1.6_c300,2022/23,UECL,177,0.3519474376765925,0.6365254803056153,0.4666666666666667,0.25950397395384467,19,0.2977995837050253,0.18079096045197743,4
country_b25_g1.6_c300,2023/24,UCL,78,0.4120128719755946,0.6599115696389094,0.45,0.2360289283366206,2,0.34615384615384626,0.34615384615384626,1
country_b25_g1.6_c300,2023/24,UEL,57,0.7019950493153256,0.7780082987551867,0.6,0.17020621729763002,3,0.19883040935672514,0.16374269005847952,1
country_b25_g1.6_c300,2023/24,UECL,178,0.34395782563393384,0.6302816901408451,0.4444444444444444,0.26413962883474307,23,0.3288959452857841,0.18111871030776744,5
country_b25_g1.6_c300,2024/25,UCL,81,0.4413005111202958,0.6653252850435949,0.38095238095238093,0.24005486968449935,6,0.31584362139917693,0.28292181069958844,3
country_b25_g1.6_c300,2024/25,UEL,76,0.48636913809464905,0.6882861635220126,0.5789473684210527,0.23459141274238227,9,0.2361111111111111,0.17690058479532164,3
country_b25_g1.6_c300,2024/25,UECL,164,0.37201902298712525,0.6478934540389972,0.4634146341463415,0.25118976799524095,31,0.28265145554681353,0.18400865460267504,6
country_b25_g1.6_c300,2025/26,UCL,82,0.44023006634315054,0.6711475409836065,0.42857142857142855,0.2415229030339084,1,0.0060975609756097615,0.0,0
country_b25_g1.6_c300,2025/26,UEL,77,0.4529900526504048,0.6708122813835989,0.65,0.23848878394332945,6,0.3181818181818182,0.3181818181818182,4
country_b25_g1.6_c300,2025/26,UECL,164,0.352038798779382,0.6345594525235244,0.4634146341463415,0.2605591909577632,23,0.2624602332979852,0.17378048780487804,5
country_b25_g1.6_c360,2018/19,UCL,79,0.5244266019785263,0.7051282051282052,0.45,0.22095817977888163,1,0.5189873417721519,0.0,0
country_b25_g1.6_c360,2018/19,UEL,213,0.41677165411522626,0.6629248039366447,0.5,0.24558619321563185,30,0.2509389671361502,0.16987480438184663,4
country_b25_g1.6_c360,2018/19,UECL,0,,,0.0,,0,0.0,0.0,0
country_b25_g1.6_c360,2019/20,UCL,79,0.4140147476975109,0.6644784828592268,0.4,0.25604871014260533,3,0.3691983122362869,0.0,0
country_b25_g1.6_c360,2019/20,UEL,213,0.3745843534693137,0.6423500981724815,0.42592592592592593,0.25629835350128943,25,0.26910798122065727,0.1825352112676056,5
country_b25_g1.6_c360,2019/20,UECL,0,,,0.0,,0,0.0,0.0,0
country_b25_g1.6_c360,2020/21,UCL,79,0.46120733564147726,0.6895499618611747,0.55,0.23457779202050957,1,0.0,0.0,0
country_b25_g1.6_c360,2020/21,UEL,213,0.4148979061496371,0.6755875793446561,0.5185185185185185,0.24710705547841036,34,0.26753659210162933,0.1764015465341066,7
country_b25_g1.6_c360,2020/21,UECL,0,,,0.0,,0,0.0,0.0,0
country_b25_g1.6_c360,2021/22,UCL,80,0.436596325499646,0.6648122392211405,0.45,0.24968749999999998,0,0.0,0.0,0
country_b25_g1.6_c360,2021/22,UEL,58,0.44596232963431265,0.665303340149966,0.5333333333333333,0.2529726516052319,1,0.12068965517241378,0.12068965517241378,0
country_b25_g1.6_c360,2021/22,UECL,181,0.3618590702008003,0.6416384658770445,0.45652173913043476,0.25505936937211926,31,0.2537872037070041,0.15015148814828017,6
country_b25_g1.6_c360,2022/23,UCL,78,0.3478909587214296,0.6319315221436547,0.55,0.25558842866535175,2,0.07051282051282051,0.04166666666666666,0
country_b25_g1.6_c360,2022/23,UEL,57,0.4244063869872598,0.6614119259766964,0.5333333333333333,0.23761157279162817,5,0.30350877192982456,0.23684210526315788,1
country_b25_g1.6_c360,2022/23,UECL,177,0.35246861696752185,0.6364513018322083,0.4444444444444444,0.26129145520125124,19,0.307612250966399,0.19982158786797502,4
country_b25_g1.6_c360,2023/24,UCL,78,0.40805930327899226,0.659174649963154,0.45,0.23701512163050617,2,0.42948717948717957,0.42948717948717957,1
country_b25_g1.6_c360,2023/24,UEL,57,0.6969871114897442,0.7786998616874136,0.6666666666666666,0.1662049861495845,3,0.23391812865497075,0.23391812865497075,1
country_b25_g1.6_c360,2023/24,UECL,178,0.34757550590216707,0.6320422535211268,0.4444444444444444,0.2644552455498043,23,0.3335368832437714,0.19699560332193453,5
country_b25_g1.6_c360,2024/25,UCL,81,0.4186892455900588,0.6569416498993964,0.42857142857142855,0.2431031854900168,6,0.38580246913580246,0.3590534979423869,3
country_b25_g1.6_c360,2024/25,UEL,76,0.47394067229927395,0.6831761006289309,0.631578947368421,0.23407202216066483,9,0.2434210526315789,0.20321637426900582,3
country_b25_g1.6_c360,2024/25,UECL,164,0.37565176197467726,0.6480675487465181,0.4146341463414634,0.25137566924449734,31,0.2850118017309206,0.19797403619197484,7
country_b25_g1.6_c360,2025/26,UCL,82,0.43376608398432165,0.6691803278688525,0.42857142857142855,0.24301011302795952,1,0.0060975609756097615,0.0,0
country_b25_g1.6_c360,2025/26,UEL,77,0.42423914655751316,0.6587640886125146,0.6,0.24624725923427218,6,0.4025974025974026,0.4025974025974026,4
country_b25_g1.6_c360,2025/26,UECL,164,0.34679289567408694,0.6325919589392643,0.4878048780487805,0.2625669244497323,23,0.2754506892895016,0.1944591728525981,5
country_b25_g2.0_c100,2018/19,UCL,79,0.5635572434969222,0.7222222222222222,0.45,0.20910110559205256,1,0.4556962025316456,0.0,0
country_b25_g2.0_c100,2018/19,UEL,213,0.4124022017082582,0.6617971192782818,0.5185185185185185,0.2426987590645595,30,0.18896713615023472,0.07942097026604068,2
country_b25_g2.0_c100,2018/19,UECL,0,,,0.0,,0,0.0,0.0,0
country_b25_g2.0_c100,2019/20,UCL,79,0.43773646062776383,0.6728665207877462,0.4,0.2457939432783208,3,0.46202531645569617,0.0,0
country_b25_g2.0_c100,2019/20,UEL,213,0.3937397272219074,0.6485425162362181,0.4074074074074074,0.25081002446604506,25,0.22685446009389673,0.07661971830985916,1
country_b25_g2.0_c100,2019/20,UECL,0,,,0.0,,0,0.0,0.0,0
country_b25_g2.0_c100,2020/21,UCL,79,0.47517427834168796,0.6945080091533181,0.55,0.22464348662073388,1,0.03797468354430379,0.0,0
country_b25_g2.0_c100,2020/21,UEL,213,0.46730469800079005,0.6973751930005146,0.5185185185185185,0.22422799709052438,34,0.2076083954708644,0.06344932339132836,2
country_b25_g2.0_c100,2020/21,UECL,0,,,0.0,,0,0.0,0.0,0
country_b25_g2.0_c100,2021/22,UCL,80,0.45418967692907886,0.6693324061196105,0.4,0.240625,0,0.0,0.0,0
country_b25_g2.0_c100,2021/22,UEL,58,0.3702169979077885,0.6387184730743013,0.4,0.2621878715814507,1,0.1896551724137931,0.0,0
country_b25_g2.0_c100,2021/22,UECL,181,0.3230317094436496,0.6276790750141004,0.4782608695652174,0.25887488171911727,31,0.2504009980395651,0.04811976474781679,1
country_b25_g2.0_c100,2022/23,UCL,78,0.3708069264080919,0.6393747673985858,0.55,0.2508218277449046,2,0.22435897435897437,0.0,0
country_b25_g2.0_c100,2022/23,UEL,57,0.36087112819218264,0.630568882796436,0.4,0.2545398584179748,5,0.21228070175438601,0.02456140350877193,0
country_b25_g2.0_c100,2022/23,UECL,177,0.3265654575985516,0.626585564869075,0.4666666666666667,0.26132337450924065,19,0.2624145108534047,0.06452572108236694,1
country_b25_g2.0_c100,2023/24,UCL,78,0.4087734963338624,0.6599115696389094,0.45,0.2361932938856016,2,0.1474358974358974,0.08333333333333334,0
country_b25_g2.0_c100,2023/24,UEL,57,0.6722747385595875,0.7565698478561549,0.5333333333333333,0.1788242536164974,3,0.3508771929824561,0.05847953216374269,0
country_b25_g2.0_c100,2023/24,UECL,178,0.30515968741297983,0.6158303990610329,0.4888888888888889,0.2767642974371923,23,0.3100879335613092,0.08365901319003419,3
country_b25_g2.0_c100,2024/25,UCL,81,0.4704825717618837,0.6730382293762576,0.42857142857142855,0.2312147538484987,6,0.12860082304526751,0.06378600823045268,0
country_b25_g2.0_c100,2024/25,UEL,76,0.48352123603252745,0.6878930817610063,0.5263157894736842,0.23666897506925208,9,0.2872807017543859,0.07456140350877191,0
country_b25_g2.0_c100,2024/25,UECL,164,0.32321420491035663,0.6268279944289693,0.43902439024390244,0.26286436644854255,31,0.275177025963808,0.07976003147128245,3
country_b25_g2.0_c100,2025/26,UCL,82,0.444020808540023,0.6708196721311476,0.38095238095238093,0.24107674003569302,1,0.01829268292682927,0.0,0
country_b25_g2.0_c100,2025/26,UEL,77,0.43260983224427063,0.6677030703458997,0.55,0.24405464665204926,6,0.1645021645021645,0.05411255411255412,0
country_b25_g2.0_c100,2025/26,UECL,164,0.3095468459025989,0.6177929854576562,0.4146341463414634,0.2753569303985723,23,0.23647932131495225,0.0607104984093319,2
country_b25_g2.0_c140,2018/19,UCL,79,0.5557115008365922,0.7193732193732194,0.45,0.21070341291459704,1,0.4556962025316456,0.0,0
country_b25_g2.0_c140,2018/19,UEL,213,0.4144741312603365,0.6621559280332154,0.5185185185185185,0.24214772201282814,30,0.19569640062597807,0.09194053208137713,3
country_b25_g2.0_c140,2018/19,UECL,0,,,0.0,,0,0.0,0.0,0
country_b25_g2.0_c140,2019/20,UCL,79,0.4367999150783096,0.6721371261852662,0.4,0.24707578913635636,3,0.46202531645569617,0.0,0
country_b25_g2.0_c140,2019/20,UEL,213,0.39415891771058015,0.6485425162362181,0.42592592592592593,0.25177984967709227,25,0.2283568075117371,0.09014084507042253,1
country_b25_g2.0_c140,2019/20,UECL,0,,,0.0,,0,0.0,0.0,0
country_b25_g2.0_c140,2020/21,UCL,79,0.4764044627965997,0.6948893974065599,0.55,0.22448325588847942,1,0.03797468354430379,0.0,0
country_b25_g2.0_c140,2020/21,UEL,213,0.4606146064909849,0.6949734088179791,0.5370370370370371,0.22799709052436687,34,0.21437448218724112,0.08140016570008284,3
country_b25_g2.0_c140,2020/21,UECL,0,,,0.0,,0,0.0,0.0,0
country_b25_g2.0_c140,2021/22,UCL,80,0.4439692276433439,0.6655076495132128,0.4,0.244375,0,0.0,0.0,0
country_b25_g2.0_c140,2021/22,UEL,58,0.3958706637559076,0.645535105657805,0.4,0.2571343638525565,1,0.15517241379310345,0.0,0
country_b25_g2.0_c140,2021/22,UECL,181,0.3381989515632156,0.6328962210941906,0.4782608695652174,0.2565550502121425,31,0.2455890215647835,0.060060595259312066,2
country_b25_g2.0_c140,2022/23,UCL,78,0.3637303120834481,0.6363974692966133,0.55,0.2526298487836948,2,0.1794871794871795,0.0,0
country_b25_g2.0_c140,2022/23,UEL,57,0.38042797301142783,0.6394790952707334,0.4,0.24776854416743616,5,0.2087719298245614,0.05614035087719298,0
country_b25_g2.0_c140,2022/23,UECL,177,0.33488786796002395,0.6292559899117276,0.4666666666666667,0.2587698298700884,19,0.2719298245614034,0.08950341956586383,2
country_b25_g2.0_c140,2023/24,UCL,78,0.4037103777127297,0.656963890935888,0.45,0.23816568047337283,2,0.1794871794871795,0.12820512820512822,0
country_b25_g2.0_c140,2023/24,UEL,57,0.6800321324462725,0.7627939142461964,0.5333333333333333,0.1788242536164974,3,0.31578947368421056,0.07602339181286549,0
country_b25_g2.0_c140,2023/24,UECL,178,0.3144287126248228,0.6199383802816901,0.5111111111111111,0.2737028153010983,23,0.31301905227161697,0.09855886663409867,3
country_b25_g2.0_c140,2024/25,UCL,81,0.47193769593879187,0.676056338028169,0.38095238095238093,0.2312147538484987,6,0.13477366255144033,0.07613168724279834,0
country_b25_g2.0_c140,2024/25,UEL,76,0.4959635265951944,0.6922169811320755,0.5263157894736842,0.23389889196675898,9,0.2653508771929824,0.08187134502923976,0
country_b25_g2.0_c140,2024/25,UECL,164,0.34230164162340554,0.6348363509749304,0.4878048780487805,0.2568411659726353,31,0.2675059008654603,0.09608575924468923,4
country_b25_g2.0_c140,2025/26,UCL,82,0.4447000744828152,0.6718032786885246,0.38095238095238093,0.24077929803688283,1,0.01829268292682927,0.0,0
country_b25_g2.0_c140,2025/26,UEL,77,0.44316649317406676,0.672755538282161,0.55,0.23933209647495365,6,0.15367965367965372,0.08874458874458875,0
country_b25_g2.0_c140,2025/26,UECL,164,0.3280624461513744,0.6250641573994867,0.4146341463414634,0.26899910767400353,23,0.2237539766702015,0.0746288441145281,3
country_b25_g2.0_c180,2018/19,UCL,79,0.5538849138734842,0.7175925925925926,0.45,0.21214548950488704,1,0.4683544303797469,0.0,0
country_b25_g2.0_c180,2018/19,UEL,213,0.4182417914768439,0.6640012302014455,0.5555555555555556,0.24230201238731292,30,0.20821596244131457,0.10594679186228481,3
country_b25_g2.0_c180,2018/19,UECL,0,,,0.0,,0,0.0,0.0,0
country_b25_g2.0_c180,2019/20,UCL,79,0.4307123690068578,0.6710430342815463,0.4,0.2496394808524275,3,0.4535864978902953,0.0,0
country_b25_g2.0_c180,2019/20,UEL,213,0.3932502532980083,0.6486432059608317,0.4444444444444444,0.25285988229848577,25,0.23436619718309856,0.103943661971831,2
country_b25_g2.0_c180,2019/20,UECL,0,,,0.0,,0,0.0,0.0,0
country_b25_g2.0_c180,2020/21,UCL,79,0.476280201740548,0.6948893974065599,0.55,0.22544464028200606,1,0.03797468354430379,0.0,0
country_b25_g2.0_c180,2020/21,UEL,213,0.4525661142176193,0.6909132498427403,0.5370370370370371,0.23200864026097112,34,0.22155481911074287,0.0963822148577741,4
country_b25_g2.0_c180,2020/21,UECL,0,,,0.0,,0,0.0,0.0,0
country_b25_g2.0_c180,2021/22,UCL,80,0.43926663941707506,0.6644645340751043,0.4,0.24593749999999998,0,0.0,0.0,0
country_b25_g2.0_c180,2021/22,UEL,58,0.4086195693839522,0.6516700749829584,0.4,0.25326991676575505,1,0.12068965517241378,0.0,0
country_b25_g2.0_c180,2021/22,UECL,181,0.35118787592770745,0.6380428652002256,0.4782608695652174,0.25417417050761576,31,0.24986633398681163,0.0753876314382463,3
country_b25_g2.0_c180,2022/23,UCL,78,0.3612394460305501,0.6345366579828805,0.55,0.25295857988165676,2,0.16025641025641024,0.0,0
country_b25_g2.0_c180,2022/23,UEL,57,0.3779792862644438,0.6415352981494175,0.4,0.2502308402585411,5,0.2192982456140351,0.08771929824561402,0
country_b25_g2.0_c180,2022/23,UECL,177,0.3361825870406485,0.6302944885394258,0.4888888888888889,0.2588336684860672,19,0.27876895628902765,0.10912875408861136,2
country_b25_g2.0_c180,2023/24,UCL,78,0.4049219552165272,0.658069270449521,0.45,0.23882314266929655,2,0.1794871794871795,0.15384615384615388,0
country_b25_g2.0_c180,2023/24,UEL,57,0.6852364599905041,0.7634854771784232,0.6,0.17820867959372116,3,0.2865497076023392,0.09941520467836258,0
country_b25_g2.0_c180,2023/24,UECL,178,0.3194783688680825,0.6215522300469484,0.4888888888888889,0.27275596515591466,23,0.31668295065950175,0.11419149975574013,4
country_b25_g2.0_c180,2024/25,UCL,81,0.4719831685693202,0.6747149564050973,0.38095238095238093,0.23350099070263677,6,0.16152263374485595,0.11316872427983538,1
country_b25_g2.0_c180,2024/25,UEL,76,0.4946225241678847,0.6910377358490566,0.5263157894736842,0.23528393351800558,9,0.27704678362573104,0.10380116959064327,1
country_b25_g2.0_c180,2024/25,UECL,164,0.3601016478083195,0.6420612813370473,0.5365853658536586,0.251598750743605,31,0.2608182533438238,0.10847757671125097,4
country_b25_g2.0_c180,2025/26,UCL,82,0.4436592637640207,0.6718032786885246,0.42857142857142855,0.24137418203450328,1,0.01829268292682927,0.0,0
country_b25_g2.0_c180,2025/26,UEL,77,0.4575885981311872,0.6778080062184221,0.6,0.23292292123460956,6,0.1645021645021645,0.12987012987012989,0
country_b25_g2.0_c180,2025/26,UECL,164,0.34138723285227474,0.6295979469632165,0.3902439024390244,0.263459250446163,23,0.21871686108165433,0.08920996818663839,3
country_b25_g2.0_c220,2018/19,UCL,79,0.5455120353781632,0.7140313390313391,0.45,0.21406825829194037,1,0.4810126582278481,0.0,0
country_b25_g2.0_c220,2018/19,UEL,213,0.41885744694289634,0.6644112973499411,0.5555555555555556,0.24298529833145982,30,0.21838810641627546,0.11877934272300467,3
country_b25_g2.0_c220,2018/19,UECL,0,,,0.0,,0,0.0,0.0,0
country_b25_g2.0_c220,2019/20,UCL,79,0.42822312952015074,0.6692195477753464,0.4,0.2518827111039898,3,0.4535864978902953,0.0,0
country_b25_g2.0_c220,2019/20,UEL,213,0.39085747884694716,0.6479887227508433,0.4444444444444444,0.25338887786814784,25,0.23699530516431921,0.11502347417840376,2
country_b25_g2.0_c220,2019/20,UECL,0,,,0.0,,0,0.0,0.0,0
country_b25_g2.0_c220,2020/21,UCL,79,0.47923761487457844,0.6964149504195271,0.55,0.22576510174651496,1,0.03797468354430379,0.0,0
country_b25_g2.0_c220,2020/21,UEL,213,0.44686418508662445,0.6883399096471665,0.5370370370370371,0.23482994996583575,34,0.23053024026512012,0.11046672190002761,4
country_b25_g2.0_c220,2020/21,UECL,0,,,0.0,,0,0.0,0.0,0
country_b25_g2.0_c220,2021/22,UCL,80,0.437730618137138,0.6634214186369958,0.4,0.24656250000000002,0,0.0,0.0,0
country_b25_g2.0_c220,2021/22,UEL,58,0.4186254341922708,0.6537150647580096,0.4,0.25148632580261593,1,0.03448275862068964,0.0,0
country_b25_g2.0_c220,2021/22,UECL,181,0.3605459290035062,0.6415679639029893,0.4782608695652174,0.25231220048228076,31,0.25396542505792197,0.09044733559080377,4
country_b25_g2.0_c220,2022/23,UCL,78,0.36228688713997387,0.6360253070338667,0.55,0.2526298487836948,2,0.1474358974358974,0.0,0
country_b25_g2.0_c220,2022/23,UEL,57,0.38594568048129835,0.6435915010281015,0.4,0.24684518313327178,5,0.21578947368421048,0.11052631578947367,0
country_b25_g2.0_c220,2022/23,UECL,177,0.3382815680586442,0.63118463022031,0.4666666666666667,0.258897507102046,19,0.2862027951234017,0.128159381504609,4
country_b25_g2.0_c220,2023/24,UCL,78,0.40011390554356246,0.6554900515843773,0.45,0.23980933596318216,2,0.21153846153846154,0.20512820512820515,1
country_b25_g2.0_c220,2023/24,UEL,57,0.6932884384551645,0.7669432918395575,0.6,0.17820867959372114,3,0.2690058479532164,0.12280701754385966,1
country_b25_g2.0_c220,2023/24,UECL,178,0.3200832924539182,0.620818661971831,0.4666666666666667,0.27079914152253504,23,0.3220566682950659,0.12872496336101613,4
country_b25_g2.0_c220,2024/25,UCL,81,0.46754958709280314,0.6747149564050973,0.38095238095238093,0.23517756439567136,6,0.20679012345679015,0.1697530864197531,1
country_b25_g2.0_c220,2024/25,UEL,76,0.5016316811848537,0.6949685534591195,0.5263157894736842,0.23441828254847644,9,0.27558479532163743,0.1242690058479532,1
country_b25_g2.0_c220,2024/25,UECL,164,0.3689684625735205,0.6459784122562674,0.5365853658536586,0.25011154074955383,31,0.2671125098347758,0.12588512981904013,5
country_b25_g2.0_c220,2025/26,UCL,82,0.4441741911722664,0.6711475409836065,0.47619047619047616,0.2410767400356931,1,0.01829268292682927,0.0,0
country_b25_g2.0_c220,2025/26,UEL,77,0.46842517052503096,0.6809172172561213,0.65,0.22921234609546293,6,0.1818181818181818,0.17748917748917747,1
country_b25_g2.0_c220,2025/26,UECL,164,0.35413908815600964,0.6352437981180497,0.4146341463414634,0.2592207019631172,23,0.21420996818663837,0.10167020148462354,4
country_b25_g2.0_c260,2018/19,UCL,79,0.5403510077844149,0.7118945868945868,0.45,0.21567056561448483,1,0.4810126582278481,0.0,0
country_b25_g2.0_c260,2018/19,UEL,213,0.4206684948542933,0.6652314316469322,0.5555555555555556,0.2433600035266371,30,0.22433489827856026,0.1270735524256651,3
country_b25_g2.0_c260,2018/19,UECL,0,,,0.0,,0,0.0,0.0,0
country_b25_g2.0_c260,2019/20,UCL,79,0.4273235528739645,0.6699489423778264,0.4,0.2525236340330076,3,0.4451476793248945,0.0,0
country_b25_g2.0_c260,2019/20,UEL,213,0.390347296410883,0.6479383778885365,0.4444444444444444,0.25385174899160223,25,0.2405633802816901,0.12553990610328636,2
country_b25_g2.0_c260,2019/20,UECL,0,,,0.0,,0,0.0,0.0,0
country_b25_g2.0_c260,2020/21,UCL,79,0.4743914336885623,0.6945080091533181,0.55,0.22832879346258605,1,0.03797468354430379,0.0,0
country_b25_g2.0_c260,2020/21,UEL,213,0.4406030282908591,0.685823754789272,0.5370370370370371,0.2371663470651767,34,0.23853907760287213,0.12303231151615576,5
country_b25_g2.0_c260,2020/21,UECL,0,,,0.0,,0,0.0,0.0,0
country_b25_g2.0_c260,2021/22,UCL,80,0.4376124626540659,0.6644645340751043,0.45,0.24718750000000003,0,0.0,0.0,0
country_b25_g2.0_c260,2021/22,UEL,58,0.43801374544078847,0.6612133605998637,0.4666666666666667,0.2461355529131986,1,0.0,0.0,0
country_b25_g2.0_c260,2021/22,UECL,181,0.36319886375650945,0.6424139875916526,0.4782608695652174,0.252037483593297,31,0.2552129745143468,0.10096239529495632,4
country_b25_g2.0_c260,2022/23,UCL,78,0.3665660672821321,0.6386304428730927,0.55,0.25164365548980927,2,0.1282051282051282,0.0,0
country_b25_g2.0_c260,2022/23,UEL,57,0.40801651036078046,0.6538725154215216,0.4,0.2419205909510619,5,0.23684210526315788,0.14210526315789473,0
country_b25_g2.0_c260,2022/23,UECL,177,0.34406720679774017,0.6331874490022995,0.4444444444444444,0.25755689616649113,19,0.2867975022301516,0.1393101397561701,4
country_b25_g2.0_c260,2023/24,UCL,78,0.4013892502844019,0.6558585114222549,0.45,0.23882314266929647,2,0.2564102564102564,0.2564102564102564,1
country_b25_g2.0_c260,2023/24,UEL,57,0.6974780857863698,0.7710926694329184,0.6,0.17759310557094493,3,0.2280701754385965,0.14035087719298245,1
country_b25_g2.0_c260,2023/24,UECL,178,0.32520735106335025,0.6230193661971831,0.4444444444444444,0.26767453604342883,23,0.3247435271128481,0.13971665852467025,5
country_b25_g2.0_c260,2024/25,UCL,81,0.4522366787623712,0.6696847753185782,0.38095238095238093,0.24020728547477516,6,0.2705761316872428,0.23353909465020575,2
country_b25_g2.0_c260,2024/25,UEL,76,0.4948990195137217,0.6918238993710691,0.5789473684210527,0.23476454293628812,9,0.2580409356725146,0.13450292397660818,2
country_b25_g2.0_c260,2024/25,UECL,164,0.3728819194957786,0.6475452646239555,0.5365853658536586,0.24992563950029742,31,0.2745869394177813,0.14181746656176236,6
country_b25_g2.0_c260,2025/26,UCL,82,0.43834565114701735,0.6688524590163935,0.42857142857142855,0.24301011302795958,1,0.0060975609756097615,0.0,0
country_b25_g2.0_c260,2025/26,UEL,77,0.46855846169838694,0.6789739603575593,0.65,0.2317422836903356,6,0.2272727272727272,0.2272727272727272,1
country_b25_g2.0_c260,2025/26,UECL,164,0.36255814976868184,0.6383233532934132,0.4146341463414634,0.2568411659726353,23,0.22295864262990453,0.11930010604453871,5
country_b25_g2.0_c300,2018/19,UCL,79,0.5304702756215617,0.7076210826210826,0.45,0.21919564172408268,1,0.4810126582278481,0.0,0
country_b25_g2.0_c300,2018/19,UEL,213,0.4221052343247125,0.6660003075503613,0.5555555555555556,0.2432277546342216,30,0.23012519561815337,0.13552425665101722,3
country_b25_g2.0_c300,2018/19,UECL,0,,,0.0,,0,0.0,0.0,0
country_b25_g2.0_c300,2019/20,UCL,79,0.4202501693820345,0.6663019693654267,0.4,0.25540778721358764,3,0.4451476793248945,0.0,0
country_b25_g2.0_c300,2019/20,UEL,213,0.387241019586138,0.6463776871570256,0.4444444444444444,0.2546232008640261,25,0.24600938967136152,0.13605633802816902,3
country_b25_g2.0_c300,2019/20,UECL,0,,,0.0,,0,0.0,0.0,0
country_b25_g2.0_c300,2020/21,UCL,79,0.4704647843173286,0.6929824561403509,0.55,0.22929017785611275,1,0.03797468354430379,0.0,0
country_b25_g2.0_c300,2020/21,UEL,213,0.4356473810608328,0.6839366386458512,0.5370370370370371,0.23908395600520177,34,0.24571941452637394,0.13359569179784592,6
country_b25_g2.0_c300,2020/21,UECL,0,,,0.0,,0,0.0,0.0,0
country_b25_g2.0_c300,2021/22,UCL,80,0.4398810479290499,0.6651599443671766,0.45,0.2475,0,0.0,0.0,0
country_b25_g2.0_c300,2021/22,UEL,58,0.44215947758878343,0.6612133605998637,0.4666666666666667,0.24791914387633773,1,0.017241379310344834,0.017241379310344834,0
country_b25_g2.0_c300,2021/22,UECL,181,0.36570931090106323,0.6434715172024816,0.4782608695652174,0.2521595799884009,31,0.2530743183033327,0.10835858135804667,4
country_b25_g2.0_c300,2022/23,UCL,78,0.36383250145997725,0.6378861183475996,0.55,0.25164365548980927,2,0.11538461538461538,0.0,0
country_b25_g2.0_c300,2022/23,UEL,57,0.41062844289089667,0.6538725154215216,0.4,0.24222837796244998,5,0.2543859649122807,0.1631578947368421,1
country_b25_g2.0_c300,2022/23,UECL,177,0.3443777199331782,0.6331132705288925,0.4444444444444444,0.25819528232627914,19,0.2933392804044008,0.1523936961046685,4
country_b25_g2.0_c300,2023/24,UCL,78,0.4017973606014706,0.6565954310980103,0.45,0.2389875082182774,2,0.3012820512820514,0.3012820512820514,1
country_b25_g2.0_c300,2023/24,UEL,57,0.7072648400991073,0.7759336099585062,0.6,0.17143736534318252,3,0.17543859649122806,0.14035087719298245,1
country_b25_g2.0_c300,2023/24,UECL,178,0.3274922585114534,0.6241197183098591,0.4666666666666667,0.26757985102891046,23,0.3281631656082071,0.15254030288226675,5
country_b25_g2.0_c300,2024/25,UCL,81,0.44544988865601043,0.6666666666666666,0.38095238095238093,0.2406645328456028,6,0.3076131687242798,0.27057613168724276,2
country_b25_g2.0_c300,2024/25,UEL,76,0.4946225241678847,0.6910377358490566,0.5263157894736842,0.2337257617728532,9,0.2492690058479532,0.15204678362573099,2
country_b25_g2.0_c300,2024/25,UECL,164,0.37273672056403406,0.6471970752089137,0.4878048780487805,0.2511154074955383,31,0.2804878048780488,0.1558811959087333,6
country_b25_g2.0_c300,2025/26,UCL,82,0.43847712197465455,0.6691803278688525,0.42857142857142855,0.2427126710291493,1,0.0060975609756097615,0.0,0
country_b25_g2.0_c300,2025/26,UEL,77,0.4648662961964255,0.6762534006995725,0.65,0.23477820880418285,6,0.277056277056277,0.277056277056277,2
country_b25_g2.0_c300,2025/26,UECL,164,0.36039175292315045,0.637382378100941,0.4634146341463415,0.25769631171921475,23,0.23833510074231176,0.13732767762460235,5
country_b25_g2.0_c360,2018/19,UCL,79,0.5251498813800255,0.7058404558404558,0.45,0.22095817977888163,1,0.4810126582278481,0.0,0
country_b25_g2.0_c360,2018/19,UEL,213,0.4200036877747791,0.6652314316469322,0.5370370370370371,0.24388899909629927,30,0.23685446009389674,0.14483568075117373,3
country_b25_g2.0_c360,2018/19,UECL,0,,,0.0,,0,0.0,0.0,0
country_b25_g2.0_c360,2019/20,UCL,79,0.4160357144094909,0.6655725747629467,0.4,0.257010094536132,3,0.4198312236286919,0.0,0
country_b25_g2.0_c360,2019/20,UEL,213,0.38462860939999405,0.6453707899108896,0.4444444444444444,0.25464524234609537,25,0.25239436619718314,0.14892018779342725,3
country_b25_g2.0_c360,2019/20,UECL,0,,,0.0,,0,0.0,0.0,0
country_b25_g2.0_c360,2020/21,UCL,79,0.4675073711832982,0.6926010678871091,0.55,0.23073225444640283,1,0.03797468354430379,0.0,0
country_b25_g2.0_c360,2020/21,UEL,213,0.42909854775008743,0.6818779664893921,0.5370370370370371,0.24161872644316604,34,0.25428058547362603,0.14740403203534932,6
country_b25_g2.0_c360,2020/21,UECL,0,,,0.0,,0,0.0,0.0,0
country_b25_g2.0_c360,2021/22,UCL,80,0.43729344284977134,0.6641168289290682,0.45,0.2496875,0,0.0,0.0,0
country_b25_g2.0_c360,2021/22,UEL,58,0.44898590871969235,0.6646216768916156,0.5333333333333333,0.2502972651605232,1,0.0517241379310345,0.0517241379310345,0
country_b25_g2.0_c360,2021/22,UECL,181,0.3699849642452583,0.6438945290468133,0.4782608695652174,0.25185433900064097,31,0.2532525396542506,0.12154696132596683,5
country_b25_g2.0_c360,2022/23,UCL,78,0.36085623586856574,0.6363974692966133,0.55,0.2519723865877712,2,0.08974358974358973,0.0,0
country_b25_g2.0_c360,2022/23,UEL,57,0.41862748626437757,0.658670322138451,0.5333333333333333,0.23884272083718067,5,0.2859649122807017,0.20175438596491224,1
country_b25_g2.0_c360,2022/23,UECL,177,0.3497793318263262,0.6355611601513241,0.4444444444444444,0.2587698298700884,19,0.2969075230449004,0.16622063633660422,4
country_b25_g2.0_c360,2023/24,UCL,78,0.4084036463590189,0.6584377302873987,0.45,0.23701512163050628,2,0.42948717948717957,0.42948717948717957,1
country_b25_g2.0_c360,2023/24,UEL,57,0.6996711043112975,0.7773167358229599,0.6666666666666666,0.1714373653431825,3,0.2222222222222222,0.20760233918128654,1
country_b25_g2.0_c360,2023/24,UECL,178,0.33463272907367125,0.6258802816901409,0.4444444444444444,0.2671695492993309,23,0.3313385442110406,0.16768441621885688,5
country_b25_g2.0_c360,2024/25,UCL,81,0.43183083581276066,0.6606304493628438,0.42857142857142855,0.24127419600670624,6,0.3631687242798354,0.3302469135802469,3
country_b25_g2.0_c360,2024/25,UEL,76,0.4875442433144565,0.6878930817610063,0.5789473684210527,0.233898891966759,9,0.2492690058479532,0.17397660818713448,2
country_b25_g2.0_c360,2024/25,UECL,164,0.37660730923025326,0.6492862116991643,0.43902439024390244,0.25007436049970255,31,0.2844217151848938,0.16984657749803306,6
country_b25_g2.0_c360,2025/26,UCL,82,0.43874006362992896,0.6695081967213115,0.42857142857142855,0.24211778703152886,1,0.0060975609756097615,0.0,0
country_b25_g2.0_c360,2025/26,UEL,77,0.45261683736500796,0.6704236300038865,0.65,0.2395007589812785,6,0.341991341991342,0.341991341991342,4
country_b25_g2.0_c360,2025/26,UECL,164,0.3597995401808882,0.6375534644995723,0.4878048780487805,0.2589976204640095,23,0.25848356309650056,0.16118769883351008,5
country_b30_g0.6_c100,2018/19,UCL,79,0.5558586085114734,0.717948717948718,0.45,0.21182502804037812,1,0.5443037974683544,0.0,0
country_b30_g0.6_c100,2018/19,UEL,213,0.3944372869880026,0.6542621354246758,0.5185185185185185,0.25061165112742184,30,0.23482003129890452,0.16651017214397493,4
country_b30_g0.6_c100,2018/19,UECL,0,,,0.0,,0,0.0,0.0,0
country_b30_g0.6_c100,2019/20,UCL,79,0.44271493960117797,0.674690007293946,0.4,0.2454734818138119,3,0.3059071729957806,0.021097046413502112,0
country_b30_g0.6_c100,2019/20,UEL,213,0.36397531993413423,0.6363590595579721,0.42592592592592593,0.25603385571645837,25,0.25859154929577466,0.1791549295774648,6
country_b30_g0.6_c100,2019/20,UECL,0,,,0.0,,0,0.0,0.0,0
country_b30_g0.6_c100,2020/21,UCL,79,0.4780944131589029,0.6948893974065599,0.55,0.22480371735298835,1,0.10126582278481014,0.10126582278481014,0
country_b30_g0.6_c100,2020/21,UEL,213,0.43410902122175793,0.6846800480356836,0.5,0.24108973087350394,34,0.21768848384424191,0.14174261253797293,6
country_b30_g0.6_c100,2020/21,UECL,0,,,0.0,,0,0.0,0.0,0
country_b30_g0.6_c100,2021/22,UCL,80,0.45280725777713554,0.6693324061196105,0.4,0.24484374999999997,0,0.0,0.0,0
country_b30_g0.6_c100,2021/22,UEL,58,0.36847142647705383,0.6407634628493524,0.4,0.262782401902497,1,0.017241379310344834,0.017241379310344834,0
country_b30_g0.6_c100,2021/22,UECL,181,0.34840782992687863,0.6361393119007333,0.4782608695652174,0.25982112878117275,31,0.24487613616111212,0.1552307966494386,4
country_b30_g0.6_c100,2022/23,UCL,78,0.3710368525052824,0.6416077409750651,0.55,0.25345167652859957,2,0.17307692307692307,0.08012820512820512,0
country_b30_g0.6_c100,2022/23,UEL,57,0.34967246746930936,0.6271418779986292,0.4,0.2573099415204679,5,0.21228070175438596,0.10877192982456141,0
country_b30_g0.6_c100,2022/23,UECL,177,0.3355582691110931,0.6302944885394258,0.4222222222222222,0.26157872897315587,19,0.25438596491228066,0.1758846268212905,6
country_b30_g0.6_c100,2023/24,UCL,78,0.42939582079323635,0.6691230655858511,0.45,0.23224852071005914,2,0.1346153846153846,0.08333333333333334,0
country_b30_g0.6_c100,2023/24,UEL,57,0.6640918336158269,0.7544951590594744,0.5333333333333333,0.18159433671899047,3,0.3742690058479532,0.08187134502923976,0
country_b30_g0.6_c100,2023/24,UECL,178,0.34094506895153637,0.6305017605633803,0.4666666666666667,0.26145688675672263,23,0.2678309721543723,0.1627992183683439,5
country_b30_g0.6_c100,2024/25,UCL,81,0.4724265267169719,0.675720992622401,0.38095238095238093,0.22847126962353306,6,0.09979423868312759,0.06172839506172839,0
country_b30_g0.6_c100,2024/25,UEL,76,0.44443861889846153,0.672562893081761,0.5263157894736842,0.24671052631578944,9,0.2975146198830409,0.1593567251461988,2
country_b30_g0.6_c100,2024/25,UECL,164,0.3520839010820819,0.6405814763231198,0.5121951219512195,0.2520449137418203,31,0.254720692368214,0.1822383949645948,7
country_b30_g0.6_c100,2025/26,UCL,82,0.4375677820834972,0.6714754098360656,0.38095238095238093,0.24286139202855442,1,0.14024390243902438,0.14024390243902438,0
country_b30_g0.6_c100,2025/26,UEL,77,0.4079243069387374,0.6560435289545278,0.55,0.2457412717152977,6,0.23376623376623376,0.1147186147186147,0
country_b30_g0.6_c100,2025/26,UECL,164,0.3136689220365312,0.6176218990590248,0.3902439024390244,0.2707465794170137,23,0.27465535524920465,0.16794803817603393,4
country_b30_g0.6_c140,2018/19,UCL,79,0.548135455580211,0.7147435897435898,0.45,0.21342733536292258,1,0.5443037974683544,0.0,0
country_b30_g0.6_c140,2018/19,UEL,213,0.38743129162303713,0.6511353734173971,0.5555555555555556,0.25515219643368825,30,0.2459311424100156,0.18521126760563378,4
country_b30_g0.6_c140,2018/19,UECL,0,,,0.0,,0,0.0,0.0,0
country_b30_g0.6_c140,2019/20,UCL,79,0.4353827737863725,0.6735959153902261,0.4,0.24835763499439184,3,0.2974683544303797,0.021097046413502112,0
country_b30_g0.6_c140,2019/20,UEL,213,0.3501627423201017,0.6313749181895988,0.42592592592592593,0.2596927417399546,25,0.26873239436619717,0.20431924882629107,6
country_b30_g0.6_c140,2019/20,UECL,0,,,0.0,,0,0.0,0.0,0
country_b30_g0.6_c140,2020/21,UCL,79,0.47833050916540104,0.6952707856598017,0.55,0.22704694760455058,1,0.13924050632911392,0.13924050632911392,0
country_b30_g0.6_c140,2020/21,UEL,213,0.4103324927571959,0.6750157259678619,0.5185185185185185,0.24624743767770946,34,0.2368820767743717,0.1788870477768572,7
country_b30_g0.6_c140,2020/21,UECL,0,,,0.0,,0,0.0,0.0,0
country_b30_g0.6_c140,2021/22,UCL,80,0.4516611495913363,0.6693324061196105,0.4,0.24515625000000002,0,0.0,0.0,0
country_b30_g0.6_c140,2021/22,UEL,58,0.39334581936502344,0.6496250852079073,0.4,0.25980975029726516,1,0.0517241379310345,0.0517241379310345,0
country_b30_g0.6_c140,2021/22,UECL,181,0.35152718095214486,0.6371263395375071,0.5217391304347826,0.2609505204358842,31,0.2637675993584031,0.19559793263232927,6
country_b30_g0.6_c140,2022/23,UCL,78,0.3583909171598,0.6360253070338667,0.55,0.257396449704142,2,0.1858974358974359,0.09935897435897437,0
country_b30_g0.6_c140,2022/23,UEL,57,0.3465707975897963,0.6298834818368746,0.4,0.2536164973838104,5,0.22280701754385962,0.12982456140350876,0
country_b30_g0.6_c140,2022/23,UECL,177,0.33376212069161654,0.6292559899117276,0.4666666666666667,0.2626320661368062,19,0.26330657151352965,0.2054713053820993,6
country_b30_g0.6_c140,2023/24,UCL,78,0.42610543136187057,0.6680176860722181,0.45,0.23191978961209722,2,0.141025641025641,0.11538461538461539,0
country_b30_g0.6_c140,2023/24,UEL,57,0.6678887015097319,0.7572614107883817,0.5333333333333333,0.18128654970760236,3,0.3508771929824562,0.11111111111111112,0
country_b30_g0.6_c140,2023/24,UECL,178,0.3531449004134711,0.636443661971831,0.4222222222222222,0.25931069309430627,23,0.2895701025891549,0.21067415730337083,5
country_b30_g0.6_c140,2024/25,UCL,81,0.46505996057137433,0.6723675385647216,0.42857142857142855,0.2298430117360159,6,0.11625514403292181,0.08230452674897118,0
country_b30_g0.6_c140,2024/25,UEL,76,0.4284295383744969,0.66312893081761,0.5263157894736842,0.25380886426592797,9,0.28581871345029236,0.1915204678362573,3
country_b30_g0.6_c140,2024/25,UECL,164,0.35026684016482135,0.6393628133704735,0.4878048780487805,0.25449881023200477,31,0.2755704169944924,0.22954366640440596,7
country_b30_g0.6_c140,2025/26,UCL,82,0.42821144151665014,0.6668852459016393,0.38095238095238093,0.24509220701963116,1,0.21341463414634146,0.21341463414634146,0
country_b30_g0.6_c140,2025/26,UEL,77,0.4304505152359033,0.6661484648270501,0.55,0.24304267161410015,6,0.2467532467532468,0.17316017316017315,0
country_b30_g0.6_c140,2025/26,UECL,164,0.31362209591272444,0.6167664670658682,0.4146341463414634,0.27115556216537773,23,0.26723223753976666,0.20188229056203608,6
country_b30_g0.6_c180,2018/19,UCL,79,0.5386347515774677,0.7108262108262108,0.45,0.21695241147252042,1,0.5443037974683544,0.0,0
country_b30_g0.6_c180,2018/19,UEL,213,0.3867293057589813,0.6504177559075298,0.5370370370370371,0.2570698053737133,30,0.2543818466353678,0.2002347417840376,4
country_b30_g0.6_c180,2018/19,UECL,0,,,0.0,,0,0.0,0.0,0
country_b30_g0.6_c180,2019/20,UCL,79,0.4277178878421557,0.6706783369803063,0.4,0.2515622496394808,3,0.2974683544303797,0.021097046413502112,0
country_b30_g0.6_c180,2019/20,UEL,213,0.33684528640601347,0.6273976740673615,0.4444444444444444,0.26295488108620424,25,0.2775586854460094,0.2247887323943662,9
country_b30_g0.6_c180,2019/20,UECL,0,,,0.0,,0,0.0,0.0,0
country_b30_g0.6_c180,2020/21,UCL,79,0.47290030101594194,0.6933638443935927,0.55,0.22945040858836727,1,0.13924050632911392,0.13924050632911392,0
country_b30_g0.6_c180,2020/21,UEL,213,0.38824912763752767,0.664665179847887,0.5185185185185185,0.2511626881791532,34,0.25303783485225084,0.206089478044739,8
country_b30_g0.6_c180,2020/21,UECL,0,,,0.0,,0,0.0,0.0,0
country_b30_g0.6_c180,2021/22,UCL,80,0.45531215401826364,0.6703755215577191,0.4,0.24484374999999997,0,0.0,0.0,0
country_b30_g0.6_c180,2021/22,UEL,58,0.42532718164955585,0.6584867075664622,0.4,0.2550535077288942,1,0.13793103448275865,0.13793103448275865,0
country_b30_g0.6_c180,2021/22,UECL,181,0.34532333198569354,0.6338832487309645,0.4782608695652174,0.2621714843869235,31,0.28479771876670823,0.23266797362324004,8
country_b30_g0.6_c180,2022/23,UCL,78,0.3432796631055517,0.6304428730926684,0.55,0.2596975673898751,2,0.15384615384615385,0.09935897435897437,0
country_b30_g0.6_c180,2022/23,UEL,57,0.351304925300632,0.63262508567512,0.4,0.2545398584179748,5,0.2473684210526316,0.17017543859649123,0
country_b30_g0.6_c180,2022/23,UECL,177,0.3253179189590007,0.6237667828796083,0.4888888888888889,0.26394075776437165,19,0.26509069283377934,0.2270294380017841,6
country_b30_g0.6_c180,2023/24,UCL,78,0.4162470165151816,0.664701547531319,0.45,0.23027613412228795,2,0.1666666666666667,0.1666666666666667,0
country_b30_g0.6_c180,2023/24,UEL,57,0.6726020547573379,0.7634854771784232,0.5333333333333333,0.18128654970760236,3,0.31578947368421056,0.1345029239766082,1
country_b30_g0.6_c180,2023/24,UECL,178,0.35486370290156755,0.638130868544601,0.4666666666666667,0.2573854311324328,23,0.3086223742061554,0.24951148021494876,6
country_b30_g0.6_c180,2024/25,UCL,81,0.45330528557978805,0.6673373574782026,0.38095238095238093,0.2357872275567749,6,0.16152263374485598,0.1419753086419753,1
country_b30_g0.6_c180,2024/25,UEL,76,0.42480744934403164,0.6584119496855346,0.5263157894736842,0.2534626038781163,9,0.2799707602339181,0.21198830409356725,4
country_b30_g0.6_c180,2024/25,UECL,164,0.3438601101574638,0.6350104456824512,0.43902439024390244,0.25858863771564544,31,0.2922895357985838,0.2651455546813533,9
country_b30_g0.6_c180,2025/26,UCL,82,0.4284415154650153,0.6678688524590164,0.38095238095238093,0.24464604402141585,1,0.2378048780487805,0.2378048780487805,0
country_b30_g0.6_c180,2025/26,UEL,77,0.431596819326765,0.6680917217256122,0.6,0.24203069657615117,6,0.26406926406926406,0.21861471861471862,2
country_b30_g0.6_c180,2025/26,UECL,164,0.2998538382745952,0.612147134302823,0.4146341463414634,0.27558001189768,23,0.2860551431601272,0.24138388123011661,7
country_b30_g0.6_c220,2018/19,UCL,79,0.5313774396166625,0.707977207977208,0.45,0.21855471879506486,1,0.5443037974683544,0.0,0
country_b30_g0.6_c220,2018/19,UEL,213,0.38210086215800354,0.6484699369521759,0.5185185185185185,0.25898741431373845,30,0.2678403755868545,0.2182316118935837,5
country_b30_g0.6_c220,2018/19,UECL,0,,,0.0,,0,0.0,0.0,0
country_b30_g0.6_c220,2019/20,UCL,79,0.42211093751318685,0.6673960612691466,0.4,0.2515622496394808,3,0.2974683544303797,0.021097046413502112,0
country_b30_g0.6_c220,2019/20,UEL,213,0.322750947520403,0.6233197402205105,0.4074074074074074,0.2663051863607309,25,0.2828169014084507,0.24225352112676057,11
country_b30_g0.6_c220,2019/20,UECL,0,,,0.0,,0,0.0,0.0,0
country_b30_g0.6_c220,2020/21,UCL,79,0.4694955480801254,0.6918382913806255,0.55,0.23137317737542054,1,0.12658227848101264,0.12658227848101264,0
country_b30_g0.6_c220,2020/21,UEL,213,0.36084052191769067,0.6527134442728885,0.5185185185185185,0.25792942317441425,34,0.27402651201325595,0.234120408726871,11
country_b30_g0.6_c220,2020/21,UECL,0,,,0.0,,0,0.0,0.0,0
country_b30_g0.6_c220,2021/22,UCL,80,0.44426461635102404,0.6655076495132128,0.4,0.2475,0,0.0,0.0,0
country_b30_g0.6_c220,2021/22,UEL,58,0.43848130921687817,0.665303340149966,0.4,0.2508917954815696,1,0.20689655172413793,0.20689655172413793,0
country_b30_g0.6_c220,2021/22,UECL,181,0.3361108417904692,0.6304991539763113,0.5,0.2635450688318427,31,0.30172874710390307,0.26082694706825876,11
country_b30_g0.6_c220,2022/23,UCL,78,0.34016288712141257,0.6308150353554149,0.55,0.26019066403681784,2,0.14102564102564102,0.11217948717948717,0
country_b30_g0.6_c220,2022/23,UEL,57,0.36403809638494855,0.6374228923920493,0.4,0.2533087103724223,5,0.2964912280701754,0.23684210526315788,2
country_b30_g0.6_c220,2022/23,UECL,177,0.30581923016088264,0.6153104369112083,0.4444444444444444,0.26895208911870794,19,0.2796610169491526,0.252601843592031,6
country_b30_g0.6_c220,2023/24,UCL,78,0.40518977761210345,0.6610169491525424,0.45,0.2310979618671926,2,0.21794871794871798,0.21794871794871798,1
country_b30_g0.6_c220,2023/24,UEL,57,0.6748278049020408,0.76417704011065,0.5333333333333333,0.18005540166204984,3,0.2923976608187135,0.14619883040935674,1
country_b30_g0.6_c220,2023/24,UECL,178,0.3566655341171317,0.6383509389671361,0.4222222222222222,0.25542860749905316,23,0.3183927699071813,0.2760136785539814,6
country_b30_g0.6_c220,2024/25,UCL,81,0.4413459837508242,0.6623071763916835,0.38095238095238093,0.23868312757201648,6,0.2232510288065844,0.21604938271604937,1
country_b30_g0.6_c220,2024/25,UEL,76,0.41864160313186555,0.6560534591194969,0.5263157894736842,0.2525969529085872,9,0.27850877192982454,0.23099415204678364,4
country_b30_g0.6_c220,2024/25,UECL,164,0.3283860525744009,0.6290041782729805,0.4146341463414634,0.26498364069006547,31,0.3186467348544453,0.30035405192761605,12
country_b30_g0.6_c220,2025/26,UCL,82,0.4254176864293598,0.6659016393442623,0.38095238095238093,0.24613325401546696,1,0.27439024390243905,0.27439024390243905,0
country_b30_g0.6_c220,2025/26,UEL,77,0.43324962987637955,0.6677030703458997,0.65,0.23781413391803002,6,0.2748917748917749,0.26839826839826836,3
country_b30_g0.6_c220,2025/26,UECL,164,0.2893110742233919,0.6087254063301968,0.4634146341463415,0.27933521713265913,23,0.30461293743372214,0.27439024390243905,9
country_b30_g0.6_c260,2018/19,UCL,79,0.5116159752909563,0.6987179487179487,0.45,0.22384233295946163,1,0.5443037974683544,0.0,0
country_b30_g0.6_c260,2018/19,UEL,213,0.3765984020458539,0.6468809267517556,0.5370370370370371,0.25956049284753907,30,0.28176838810641625,0.23630672926447574,8
country_b30_g0.6_c260,2018/19,UECL,0,,,0.0,,0,0.0,0.0,0
country_b30_g0.6_c260,2019/20,UCL,79,0.4097263549184314,0.661560904449307,0.4,0.25444640282006087,3,0.29324894514767935,0.029535864978902964,0
country_b30_g0.6_c260,2019/20,UEL,213,0.3064658990600078,0.6162714594975582,0.4074074074074074,0.27011836275871187,25,0.28938967136150234,0.25887323943661966,11
country_b30_g0.6_c260,2019/20,UECL,0,,,0.0,,0,0.0,0.0,0
country_b30_g0.6_c260,2020/21,UCL,79,0.4595298113847794,0.6872616323417239,0.55,0.23569940714629065,1,0.16455696202531647,0.16455696202531647,0
country_b30_g0.6_c260,2020/21,UEL,213,0.33159104450782434,0.639274889918225,0.5,0.2648724900262294,34,0.2941866887600111,0.2599420049710025,11
country_b30_g0.6_c260,2020/21,UECL,0,,,0.0,,0,0.0,0.0,0
country_b30_g0.6_c260,2021/22,UCL,80,0.44086173843854815,0.663769123783032,0.4,0.2484375,0,0.0,0.0,0
country_b30_g0.6_c260,2021/22,UEL,58,0.427820855122034,0.6598500340831629,0.4666666666666667,0.2529726516052319,1,0.31034482758620696,0.31034482758620696,0
country_b30_g0.6_c260,2021/22,UECL,181,0.32048333394288986,0.6238014664410604,0.45652173913043476,0.26653643051188913,31,0.311709142755302,0.28025307431830326,13
country_b30_g0.6_c260,2022/23,UCL,78,0.33493845524635973,0.6278377372534425,0.55,0.26150558842866534,2,0.14743589743589744,0.13141025641025642,0
country_b30_g0.6_c260,2022/23,UEL,57,0.37295131614397015,0.6381082933516107,0.4,0.2533087103724223,5,0.34210526315789475,0.2894736842105263,2
country_b30_g0.6_c260,2022/23,UECL,177,0.28066327731217117,0.6062606631555523,0.4444444444444444,0.27418685562896994,19,0.2900683913172763,0.2704430567945288,6
country_b30_g0.6_c260,2023/24,UCL,78,0.39612207650473497,0.6554900515843773,0.45,0.23208415516107822,2,0.3141025641025641,0.3141025641025641,1
country_b30_g0.6_c260,2023/24,UEL,57,0.668706992004108,0.7627939142461964,0.6,0.1772853185595568,3,0.2514619883040936,0.1929824561403509,1
country_b30_g0.6_c260,2023/24,UECL,178,0.3466266061596797,0.6343896713615024,0.4,0.25776417119050626,23,0.3376893014167074,0.3038593063019053,7
country_b30_g0.6_c260,2024/25,UCL,81,0.4292730003455393,0.6589537223340041,0.38095238095238093,0.24340801707056847,6,0.28909465020576125,0.28909465020576125,2
country_b30_g0.6_c260,2024/25,UEL,76,0.40993199973799865,0.654874213836478,0.5789473684210527,0.24722991689750695,9,0.2741228070175439,0.26169590643274854,4
country_b30_g0.6_c260,2024/25,UECL,164,0.30719253992757134,0.6202123955431755,0.43902439024390244,0.2708581201665675,31,0.33457907159716754,0.3220889063729347,12
country_b30_g0.6_c260,2025/26,UCL,82,0.4231169469457088,0.6642622950819672,0.38095238095238093,0.24613325401546696,1,0.2621951219512195,0.2621951219512195,0
country_b30_g0.6_c260,2025/26,UEL,77,0.41234957389415694,0.6560435289545278,0.55,0.24692190925957166,6,0.3744588744588744,0.3744588744588744,4
country_b30_g0.6_c260,2025/26,UECL,164,0.26945128877357466,0.6018819503849444,0.43902439024390244,0.28390838786436645,23,0.3168080593849417,0.2940084835630965,10
country_b30_g0.6_c300,2018/19,UCL,79,0.4953360592707715,0.6915954415954416,0.45,0.2289697163916039,1,0.5443037974683544,0.0,0
country_b30_g0.6_c300,2018/19,UEL,213,0.3733436830262418,0.6457019836998309,0.5370370370370371,0.25962661729374686,30,0.29366197183098586,0.25258215962441316,11
country_b30_g0.6_c300,2018/19,UECL,0,,,0.0,,0,0.0,0.0,0
country_b30_g0.6_c300,2019/20,UCL,79,0.3945937505140934,0.6560904449307076,0.4,0.2579714789296587,3,0.280590717299578,0.03375527426160337,0
country_b30_g0.6_c300,2019/20,UEL,213,0.2910612761319596,0.6110859386799578,0.3888888888888889,0.2729837554277149,25,0.30347417840375585,0.27718309859154927,11
country_b30_g0.6_c300,2019/20,UECL,0,,,0.0,,0,0.0,0.0,0
country_b30_g0.6_c300,2020/21,UCL,79,0.44852028181859904,0.6834477498093059,0.55,0.23938471398814296,1,0.18987341772151897,0.18987341772151897,0
country_b30_g0.6_c300,2020/21,UEL,213,0.30982567158969243,0.6301824212271974,0.46296296296296297,0.2696334501531883,34,0.31117094725214034,0.2834161833747584,12
country_b30_g0.6_c300,2020/21,UECL,0,,,0.0,,0,0.0,0.0,0
country_b30_g0.6_c300,2021/22,UCL,80,0.4379551135549749,0.6630737134909597,0.4,0.2484375,0,0.0,0.0,0
country_b30_g0.6_c300,2021/22,UEL,58,0.4370786178886092,0.6605316973415133,0.4666666666666667,0.2517835909631391,1,0.3448275862068966,0.3448275862068966,0
country_b30_g0.6_c300,2021/22,UECL,181,0.3078870193196655,0.6183728144388043,0.43478260869565216,0.2676658221666005,31,0.32400641596863305,0.29914453751559444,14
country_b30_g0.6_c300,2022/23,UCL,78,0.3218965360668268,0.6229996278377372,0.55,0.26413543721236027,2,0.1923076923076923,0.1923076923076923,0
country_b30_g0.6_c300,2022/23,UEL,57,0.3648869744572363,0.6374228923920493,0.4666666666666667,0.25207756232686984,5,0.3912280701754386,0.35964912280701755,3
country_b30_g0.6_c300,2022/23,UECL,177,0.25594730950696015,0.5981010310807804,0.4,0.27884707459542274,19,0.3019625334522747,0.28620279512340174,7
country_b30_g0.6_c300,2023/24,UCL,78,0.3802312810338753,0.6503316138540899,0.45,0.23307034845496388,2,0.391025641025641,0.391025641025641,1
country_b30_g0.6_c300,2023/24,UEL,57,0.6560725867709417,0.7572614107883817,0.6,0.18067097568482607,3,0.23976608187134504,0.23684210526315788,1
country_b30_g0.6_c300,2023/24,UECL,178,0.33748589807210494,0.6300616197183099,0.4,0.26025754323948996,23,0.3484367366878358,0.32608695652173914,9
country_b30_g0.6_c300,2024/25,UCL,81,0.4121525549516042,0.6502347417840375,0.38095238095238093,0.24538942234415484,6,0.352880658436214,0.352880658436214,3
country_b30_g0.6_c300,2024/25,UEL,76,0.38720408231019376,0.6477987421383647,0.631578947368421,0.24774930747922436,9,0.3019005847953216,0.3019005847953216,4
country_b30_g0.6_c300,2024/25,UECL,164,0.2920282400655634,0.6148154596100278,0.43902439024390244,0.27301457465794177,31,0.34657749803304483,0.33782454760031466,13
country_b30_g0.6_c300,2025/26,UCL,82,0.42169267964630586,0.6609836065573771,0.42857142857142855,0.2473230220107079,1,0.2987804878048781,0.2987804878048781,0
country_b30_g0.6_c300,2025/26,UEL,77,0.3887570362101429,0.6478818499805674,0.55,0.2526564344746163,6,0.45454545454545453,0.45454545454545453,4
country_b30_g0.6_c300,2025/26,UECL,164,0.2540565119526276,0.5954662104362703,0.4634146341463415,0.28654818560380724,23,0.3353658536585366,0.3173382820784729,11
country_b30_g0.6_c360,2018/19,UCL,79,0.4820963685314647,0.6862535612535613,0.45,0.23281525396571062,1,0.5443037974683544,0.0,0
country_b30_g0.6_c360,2018/19,UEL,213,0.3499884746963518,0.6362704392844328,0.5185185185185185,0.2641230796358747,30,0.31259780907668233,0.27699530516431925,14
country_b30_g0.6_c360,2018/19,UECL,0,,,0.0,,0,0.0,0.0,0
country_b30_g0.6_c360,2019/20,UCL,79,0.38537617063262364,0.6517140773158279,0.4,0.2614965550392565,3,0.2805907172995781,0.04641350210970465,0
country_b30_g0.6_c360,2019/20,UEL,213,0.26933114403352165,0.6032824850224034,0.4074074074074074,0.2779430888932972,25,0.3235680751173709,0.3024413145539906,11
country_b30_g0.6_c360,2019/20,UECL,0,,,0.0,,0,0.0,0.0,0
country_b30_g0.6_c360,2020/21,UCL,79,0.4391137198754856,0.6807780320366132,0.55,0.24002563691716072,1,0.21518987341772153,0.21518987341772153,0
country_b30_g0.6_c360,2020/21,UEL,213,0.2703417474013766,0.6133699319494481,0.4074074074074074,0.27853820890916703,34,0.3358878762772714,0.31455399061032857,13
country_b30_g0.6_c360,2020/21,UECL,0,,,0.0,,0,0.0,0.0,0
country_b30_g0.6_c360,2021/22,UCL,80,0.4274156444649454,0.6592489568845619,0.4,0.250625,0,0.0,0.0,0
country_b30_g0.6_c360,2021/22,UEL,58,0.4407256153421084,0.6612133605998637,0.5333333333333333,0.25267538644470866,1,0.4310344827586208,0.4310344827586208,1
country_b30_g0.6_c360,2021/22,UECL,181,0.27593801721500794,0.6052594472645234,0.45652173913043476,0.27483898537895673,31,0.34040278025307424,0.32070932097665295,17
country_b30_g0.6_c360,2022/23,UCL,78,0.306478713882991,0.6159285448455527,0.55,0.2689020381328074,2,0.23717948717948717,0.23717948717948717,0
country_b30_g0.6_c360,2022/23,UEL,57,0.3372331387946308,0.6271418779986292,0.5333333333333333,0.2545398584179748,5,0.46842105263157896,0.4614035087719298,4
country_b30_g0.6_c360,2022/23,UECL,177,0.23299457353443012,0.5886803649580892,0.4,0.281560215774522,19,0.3147487362473982,0.3035979779958371,9
country_b30_g0.6_c360,2023/24,UCL,78,0.3643914993526493,0.6436993367722919,0.45,0.2361932938856016,2,0.5192307692307693,0.5192307692307693,2
country_b30_g0.6_c360,2023/24,UEL,57,0.6253048641824022,0.7455048409405256,0.6666666666666666,0.18805786395814095,3,0.33918128654970764,0.33918128654970764,1
country_b30_g0.6_c360,2023/24,UECL,178,0.32271433264899696,0.6251467136150235,0.3333333333333333,0.2635715187476329,23,0.3611382510991695,0.3468490473864191,10
country_b30_g0.6_c360,2024/25,UCL,81,0.36396293474915353,0.6327967806841046,0.38095238095238093,0.25285779606767267,6,0.47427983539094654,0.47427983539094654,4
country_b30_g0.6_c360,2024/25,UEL,76,0.34333809569314716,0.6360062893081762,0.5263157894736842,0.25432825484764543,9,0.385233918128655,0.385233918128655,4
country_b30_g0.6_c360,2024/25,UECL,164,0.2723185222164663,0.6071552924791086,0.4146341463414634,0.2758402736466389,31,0.3587726199842644,0.35533044846577505,13
country_b30_g0.6_c360,2025/26,UCL,82,0.4155683302588732,0.6580327868852459,0.38095238095238093,0.24910767400356928,1,0.31097560975609756,0.31097560975609756,0
country_b30_g0.6_c360,2025/26,UEL,77,0.35440790083629875,0.6362223085891955,0.55,0.25957159723393486,6,0.5238095238095238,0.5238095238095238,4
country_b30_g0.6_c360,2025/26,UECL,164,0.2309037482080452,0.5877673224978615,0.4146341463414634,0.2903405710886377,23,0.358695652173913,0.3434517497348887,11
country_b30_g0.8_c100,2018/19,UCL,79,0.5588620568736309,0.7193732193732194,0.45,0.21054318218234258,1,0.5443037974683544,0.0,0
country_b30_g0.8_c100,2018/19,UEL,213,0.4043974203517951,0.6572351222512687,0.5,0.24686459917564854,30,0.22511737089201875,0.1476525821596244,4
country_b30_g0.8_c100,2018/19,UECL,0,,,0.0,,0,0.0,0.0,0
country_b30_g0.8_c100,2019/20,UCL,79,0.44402117418331144,0.675054704595186,0.4,0.24419163595577636,3,0.3312236286919831,0.0,0
country_b30_g0.8_c100,2019/20,UEL,213,0.3774490309854674,0.6421990635855611,0.42592592592592593,0.2543146201150565,25,0.2492018779342723,0.1543661971830986,5
country_b30_g0.8_c100,2019/20,UECL,0,,,0.0,,0,0.0,0.0,0
country_b30_g0.8_c100,2020/21,UCL,79,0.4763671844797842,0.6948893974065599,0.55,0.22512417881749722,1,0.08860759493670886,0.08860759493670886,0
country_b30_g0.8_c100,2020/21,UEL,213,0.44434475802942247,0.68896894836164,0.5185185185185185,0.23824637968657014,34,0.21865506766086718,0.12337752002209335,5
country_b30_g0.8_c100,2020/21,UECL,0,,,0.0,,0,0.0,0.0,0
country_b30_g0.8_c100,2021/22,UCL,80,0.45231100474823277,0.6682892906815021,0.4,0.24453125,0,0.0,0.0,0
country_b30_g0.8_c100,2021/22,UEL,58,0.3624242683062943,0.634628493524199,0.4,0.2633769322235434,1,0.017241379310344834,0.0,0
country_b30_g0.8_c100,2021/22,UECL,181,0.35681767409752746,0.6391003948110547,0.5,0.25728762858276616,31,0.2366779540188915,0.12653715915166633,4
country_b30_g0.8_c100,2022/23,UCL,78,0.3648288478811365,0.6390026051358392,0.55,0.25328731097961865,2,0.16025641025641024,0.05448717948717949,0
country_b30_g0.8_c100,2022/23,UEL,57,0.3526108915656901,0.6291980808773132,0.4,0.25700215450907976,5,0.21228070175438596,0.09122807017543859,0
country_b30_g0.8_c100,2022/23,UECL,177,0.34709004668513066,0.6341517691565908,0.4222222222222222,0.2575249768585017,19,0.25260184359203086,0.14391911983348202,4
country_b30_g0.8_c100,2023/24,UCL,78,0.42531471762255013,0.6672807663964628,0.45,0.23454963839579226,2,0.1346153846153846,0.08333333333333334,0
country_b30_g0.8_c100,2023/24,UEL,57,0.6608514032580979,0.7517289073305671,0.5333333333333333,0.1825176977531548,3,0.3742690058479532,0.08187134502923976,0
country_b30_g0.8_c100,2023/24,UECL,178,0.3360280430131925,0.6290346244131455,0.4666666666666667,0.2625615452594369,23,0.2685637518319492,0.13299951148021497,5
country_b30_g0.8_c100,2024/25,UCL,81,0.4738248101057196,0.6753856472166331,0.42857142857142855,0.228471269623533,6,0.11008230452674898,0.06378600823045268,0
country_b30_g0.8_c100,2024/25,UEL,76,0.4592864189699108,0.6776729559748428,0.5263157894736842,0.24255540166204978,9,0.29605263157894735,0.13596491228070176,1
country_b30_g0.8_c100,2024/25,UECL,164,0.36235707121475164,0.6431928969359332,0.5121951219512195,0.25033462224866154,31,0.24586939417781276,0.14211250983477577,7
country_b30_g0.8_c100,2025/26,UCL,82,0.44179676037249377,0.6727868852459017,0.38095238095238093,0.24107674003569304,1,0.06707317073170732,0.06707317073170732,0
country_b30_g0.8_c100,2025/26,UEL,77,0.4101102821817759,0.6564321803342402,0.55,0.24675324675324675,6,0.22294372294372297,0.10606060606060606,0
country_b30_g0.8_c100,2025/26,UECL,164,0.3180650687186266,0.6203592814371257,0.4146341463414634,0.2691106484235574,23,0.2568928950159067,0.13282078472958642,4
country_b30_g0.8_c140,2018/19,UCL,79,0.5486380734693884,0.7154558404558404,0.45,0.21214548950488704,1,0.5443037974683544,0.0,0
country_b30_g0.8_c140,2018/19,UEL,213,0.4000701879204929,0.6554923368701625,0.5555555555555556,0.24935528664947432,30,0.23419405320813766,0.16220657276995304,4
country_b30_g0.8_c140,2018/19,UECL,0,,,0.0,,0,0.0,0.0,0
country_b30_g0.8_c140,2019/20,UCL,79,0.4378473673375676,0.6739606126914661,0.4,0.248037173529883,3,0.31012658227848094,0.008438818565400852,0
country_b30_g0.8_c140,2019/20,UEL,213,0.36773046347338145,0.6380204400140965,0.42592592592592593,0.2564526438757742,25,0.26046948356807514,0.17953051643192489,6
country_b30_g0.8_c140,2019/20,UECL,0,,,0.0,,0,0.0,0.0,0
country_b30_g0.8_c140,2020/21,UCL,79,0.47726186408335647,0.6945080091533181,0.55,0.22656625540778721,1,0.08860759493670886,0.08860759493670886,0
country_b30_g0.8_c140,2020/21,UEL,213,0.42898760523758384,0.6825641905415452,0.5185185185185185,0.24261059313628244,34,0.23149682408174535,0.15078707539353767,7
country_b30_g0.8_c140,2020/21,UECL,0,,,0.0,,0,0.0,0.0,0
country_b30_g0.8_c140,2021/22,UCL,80,0.45515855189027,0.6700278164116829,0.4,0.24390625,0,0.0,0.0,0
country_b30_g0.8_c140,2021/22,UEL,58,0.3941874341619849,0.6496250852079073,0.4,0.25862068965517243,1,0.03448275862068967,0.03448275862068967,0
country_b30_g0.8_c140,2021/22,UECL,181,0.3554635292719025,0.6384658770445573,0.5,0.2581728274472696,31,0.24701479237212615,0.15416146854393153,4
country_b30_g0.8_c140,2022/23,UCL,78,0.3576244968358313,0.6349088202456271,0.55,0.25509533201840884,2,0.16666666666666666,0.0737179487179487,0
country_b30_g0.8_c140,2022/23,UEL,57,0.3570185277102612,0.6319396847155586,0.4,0.2517697753154817,5,0.20877192982456144,0.11578947368421053,0
country_b30_g0.8_c140,2022/23,UECL,177,0.3433770556945937,0.6331874490022995,0.4666666666666667,0.2600146828816751,19,0.26687481415402914,0.17781742491822777,6
country_b30_g0.8_c140,2023/24,UCL,78,0.4290514777132097,0.6680176860722181,0.45,0.23224852071005914,2,0.14102564102564105,0.108974358974359,0
country_b30_g0.8_c140,2023/24,UEL,57,0.6683142125668073,0.7565698478561549,0.5333333333333333,0.18497999384425975,3,0.3216374269005848,0.0935672514619883,0
country_b30_g0.8_c140,2023/24,UECL,178,0.3454544993186754,0.6317488262910798,0.4666666666666667,0.26013129655346545,23,0.2856619443087445,0.17110405471421594,5
country_b30_g0.8_c140,2024/25,UCL,81,0.4721195864609053,0.676391683433937,0.42857142857142855,0.2295381801554641,6,0.12037037037037039,0.07818930041152262,0
country_b30_g0.8_c140,2024/25,UEL,76,0.4501482477899965,0.6729559748427673,0.5263157894736842,0.24705678670360112,9,0.2799707602339181,0.16812865497076024,3
country_b30_g0.8_c140,2024/25,UECL,164,0.3642972055122527,0.6448467966573816,0.4878048780487805,0.25252825698988696,31,0.2669158143194335,0.19049960660896934,7
country_b30_g0.8_c140,2025/26,UCL,82,0.4349602773353596,0.6711475409836065,0.38095238095238093,0.24419988102320048,1,0.12804878048780488,0.12804878048780488,0
country_b30_g0.8_c140,2025/26,UEL,77,0.4280379449981595,0.6657598134473377,0.55,0.2420306965761511,6,0.21861471861471868,0.14935064935064934,0
country_b30_g0.8_c140,2025/26,UECL,164,0.3299410000593877,0.6260906757912746,0.3902439024390244,0.2645746579417014,23,0.25238600212089074,0.16688759278897133,5
country_b30_g0.8_c180,2018/19,UCL,79,0.545573330242697,0.7140313390313391,0.45,0.2140682582919404,1,0.5443037974683544,0.0,0
country_b30_g0.8_c180,2018/19,UEL,213,0.39886786383735257,0.6551335281152288,0.5555555555555556,0.25166964226674604,30,0.24514866979655717,0.17769953051643197,4
country_b30_g0.8_c180,2018/19,UECL,0,,,0.0,,0,0.0,0.0,0
country_b30_g0.8_c180,2019/20,UCL,79,0.4330783788160051,0.6714077315827863,0.4,0.2515622496394808,3,0.3143459915611814,0.021097046413502112,0
country_b30_g0.8_c180,2019/20,UEL,213,0.36056845591766146,0.6361073352464381,0.46296296296296297,0.25832616985166085,25,0.26535211267605635,0.1969953051643193,6
country_b30_g0.8_c180,2019/20,UECL,0,,,0.0,,0,0.0,0.0,0
country_b30_g0.8_c180,2020/21,UCL,79,0.4748760518071639,0.6945080091533181,0.55,0.22848902419484057,1,0.07594936708860761,0.07594936708860761,0
country_b30_g0.8_c180,2020/21,UEL,213,0.41255779315334196,0.6754732086692972,0.5370370370370371,0.24701888955013337,34,0.24364816349074842,0.17626346313173158,7
country_b30_g0.8_c180,2020/21,UECL,0,,,0.0,,0,0.0,0.0,0
country_b30_g0.8_c180,2021/22,UCL,80,0.4488963112874496,0.6675938803894298,0.4,0.24546874999999999,0,0.0,0.0,0
country_b30_g0.8_c180,2021/22,UEL,58,0.4122353959190455,0.6537150647580096,0.4,0.2565398335315101,1,0.08620689655172412,0.08620689655172412,0
country_b30_g0.8_c180,2021/22,UECL,181,0.3545901519884562,0.6382543711223915,0.5,0.25914959860810105,31,0.2568169666726074,0.1811620032079843,4
country_b30_g0.8_c180,2022/23,UCL,78,0.3574328917548392,0.6345366579828805,0.55,0.25739644970414194,2,0.16666666666666666,0.08653846153846154,0
country_b30_g0.8_c180,2022/23,UEL,57,0.35195790843316105,0.63262508567512,0.4,0.255155432440751,5,0.23684210526315788,0.14912280701754382,1
country_b30_g0.8_c180,2022/23,UECL,177,0.3440957345062963,0.6324456642682293,0.4666666666666667,0.26090842350537835,19,0.2704430567945287,0.20190306274159975,6
country_b30_g0.8_c180,2023/24,UCL,78,0.42647528133671403,0.6672807663964628,0.45,0.23257725180802105,2,0.16025641025641027,0.15384615384615388,0
country_b30_g0.8_c180,2023/24,UEL,57,0.6761698013128175,0.76417704011065,0.5333333333333333,0.18005540166204986,3,0.29824561403508776,0.11695906432748537,1
country_b30_g0.8_c180,2023/24,UECL,178,0.35575976618112104,0.6360768779342723,0.4444444444444444,0.26013129655346545,23,0.3042256961406937,0.20774303859306303,5
country_b30_g0.8_c180,2024/25,UCL,81,0.4572272999628608,0.6696847753185782,0.38095238095238093,0.23487273281511964,6,0.15946502057613168,0.12654320987654322,1
country_b30_g0.8_c180,2024/25,UEL,76,0.44131422149050303,0.6674528301886793,0.5263157894736842,0.24913434903047094,9,0.27266081871345027,0.1929824561403509,3
country_b30_g0.8_c180,2024/25,UECL,164,0.3625340756267831,0.6441504178272981,0.4634146341463415,0.25431290898274833,31,0.28127458693941776,0.22206923682140045,7
country_b30_g0.8_c180,2025/26,UCL,82,0.4321993899549785,0.6708196721311476,0.38095238095238093,0.24419988102320048,1,0.1524390243902439,0.1524390243902439,0
country_b30_g0.8_c180,2025/26,UEL,77,0.43980755560549534,0.6696463272444617,0.6,0.23933209647495368,6,0.24458874458874458,0.19913419913419914,2
country_b30_g0.8_c180,2025/26,UECL,164,0.3259525161021983,0.6225834046193328,0.4146341463414634,0.26881320642474715,23,0.26802757158006363,0.2002916224814422,5
country_b30_g0.8_c220,2018/19,UCL,79,0.5388186361710692,0.7111823361823362,0.45,0.21599102707899373,1,0.5443037974683544,0.0,0
country_b30_g0.8_c220,2018/19,UEL,213,0.3986750382768489,0.6555948536572864,0.5185185185185185,0.2531023386012476,30,0.25641627543035994,0.19413145539906107,4
country_b30_g0.8_c220,2018/19,UECL,0,,,0.0,,0,0.0,0.0,0
country_b30_g0.8_c220,2019/20,UCL,79,0.43116831881382883,0.6706783369803063,0.4,0.2512417881749719,3,0.30168776371308015,0.021097046413502112,0
country_b30_g0.8_c220,2019/20,UEL,213,0.35199638694270874,0.6336907818557116,0.42592592592592593,0.2603099032378937,25,0.27380281690140845,0.21558685446009393,9
country_b30_g0.8_c220,2019/20,UECL,0,,,0.0,,0,0.0,0.0,0
country_b30_g0.8_c220,2020/21,UCL,79,0.46862572068776354,0.6922196796338673,0.55,0.23105271591091167,1,0.08860759493670886,0.08860759493670886,0
country_b30_g0.8_c220,2020/21,UEL,213,0.3957667728888561,0.6677531880825757,0.5370370370370371,0.25030307037845223,34,0.2569041701187517,0.20139464236398785,9
country_b30_g0.8_c220,2020/21,UECL,0,,,0.0,,0,0.0,0.0,0
country_b30_g0.8_c220,2021/22,UCL,80,0.4475020765871991,0.6675938803894298,0.4,0.24671874999999996,0,0.0,0.0,0
country_b30_g0.8_c220,2021/22,UEL,58,0.4315925362491573,0.6612133605998637,0.4,0.2520808561236624,1,0.15517241379310345,0.15517241379310345,0
country_b30_g0.8_c220,2021/22,UECL,181,0.34945444754002253,0.6352227862380146,0.45652173913043476,0.26070632764567625,31,0.2737479950098022,0.21181607556585277,8
country_b30_g0.8_c220,2022/23,UCL,78,0.34693293331646885,0.6323036844064012,0.55,0.2595332018408942,2,0.1282051282051282,0.09294871794871795,0
country_b30_g0.8_c220,2022/23,UEL,57,0.37174329734879136,0.6415352981494175,0.4,0.2505386272699292,5,0.26842105263157895,0.20175438596491224,1
country_b30_g0.8_c220,2022/23,UECL,177,0.335670185506198,0.6287367405978785,0.4888888888888889,0.2627278240607744,19,0.2734165923282783,0.2197442759440975,6
country_b30_g0.8_c220,2023/24,UCL,78,0.415583837249945,0.6639646278555638,0.45,0.23290598290598288,2,0.20512820512820515,0.20512820512820515,1
country_b30_g0.8_c220,2023/24,UEL,57,0.6794429632903216,0.7676348547717843,0.5333333333333333,0.17974761465066175,3,0.2982456140350877,0.14619883040935674,1
country_b30_g0.8_c220,2023/24,UECL,178,0.35870782515380356,0.6383509389671361,0.4444444444444444,0.2591528847367757,23,0.31619443087445037,0.23558866634098682,5
country_b30_g0.8_c220,2024/25,UCL,81,0.45763655363761635,0.6696847753185782,0.38095238095238093,0.23593964334705075,6,0.22530864197530862,0.2006172839506173,1
country_b30_g0.8_c220,2024/25,UEL,76,0.4407197564969534,0.6650943396226415,0.5263157894736842,0.24688365650969524,9,0.26681286549707595,0.2134502923976608,4
country_b30_g0.8_c220,2024/25,UECL,164,0.360257909515816,0.6426706128133705,0.43902439024390244,0.2567296252230815,31,0.29130605822187255,0.2472462627852085,7
country_b30_g0.8_c220,2025/26,UCL,82,0.4306546077302414,0.6685245901639344,0.38095238095238093,0.24405116002379534,1,0.18902439024390244,0.18902439024390244,0
country_b30_g0.8_c220,2025/26,UEL,77,0.4333296045803931,0.6673144189661874,0.65,0.23916343396862882,6,0.2532467532467532,0.24458874458874455,3
country_b30_g0.8_c220,2025/26,UECL,164,0.3124418021450064,0.6184773310521814,0.43902439024390244,0.27171326591314693,23,0.28472958642629903,0.22945387062566278,6
country_b30_g0.8_c260,2018/19,UCL,79,0.5272216478012689,0.7058404558404558,0.45,0.21951610318859152,1,0.5443037974683544,0.0,0
country_b30_g0.8_c260,2018/19,UEL,213,0.39205847492623386,0.6524680916500077,0.5185185185185185,0.2553505697723115,30,0.2645539906103286,0.20696400625978087,5
country_b30_g0.8_c260,2018/19,UECL,0,,,0.0,,0,0.0,0.0,0
country_b30_g0.8_c260,2019/20,UCL,79,0.4238977678378033,0.6677607585703865,0.4,0.25252363403300754,3,0.30168776371308015,0.021097046413502112,0
country_b30_g0.8_c260,2019/20,UEL,213,0.33729083318289604,0.6287569853496451,0.4074074074074074,0.2634618351737971,25,0.2807511737089202,0.23098591549295777,10
country_b30_g0.8_c260,2019/20,UECL,0,,,0.0,,0,0.0,0.0,0
country_b30_g0.8_c260,2020/21,UCL,79,0.4632327908551199,0.6891685736079328,0.55,0.23297548469796506,1,0.10126582278481014,0.10126582278481014,0
country_b30_g0.8_c260,2020/21,UEL,213,0.37697620734087667,0.6598044261451363,0.5185185185185185,0.2555489431109348,34,0.27195526097763045,0.2245236122618061,10
country_b30_g0.8_c260,2020/21,UECL,0,,,0.0,,0,0.0,0.0,0
country_b30_g0.8_c260,2021/22,UCL,80,0.4438510721602718,0.6662030598052852,0.4,0.24796875,0,0.0,0.0,0
country_b30_g0.8_c260,2021/22,UEL,58,0.43174839084118716,0.6612133605998637,0.4666666666666667,0.25118906064209273,1,0.18965517241379312,0.18965517241379312,0
country_b30_g0.8_c260,2021/22,UECL,181,0.338583360578817,0.6324027072758037,0.4782608695652174,0.26269039406611516,31,0.28907503118873634,0.23765817144893955,9
country_b30_g0.8_c260,2022/23,UCL,78,0.33865559381760757,0.6304428730926684,0.55,0.2601906640368179,2,0.12820512820512822,0.09935897435897437,0
country_b30_g0.8_c260,2022/23,UEL,57,0.38160334264998014,0.6435915010281015,0.4,0.2502308402585411,5,0.32105263157894737,0.25789473684210523,2
country_b30_g0.8_c260,2022/23,UECL,177,0.3241438940299597,0.6235442474593873,0.4444444444444444,0.2654090459318842,19,0.2772821885221528,0.23565269104965808,6
country_b30_g0.8_c260,2023/24,UCL,78,0.4074598912507977,0.659174649963154,0.45,0.2342209072978303,2,0.29487179487179493,0.29487179487179493,1
country_b30_g0.8_c260,2023/24,UEL,57,0.6851055335114039,0.7704011065006916,0.6,0.1745152354570637,3,0.23976608187134504,0.17543859649122806,1
country_b30_g0.8_c260,2023/24,UECL,178,0.3609905760115829,0.6396713615023474,0.4,0.25684888271682865,23,0.3232779677576942,0.2587933561309233,6
country_b30_g0.8_c260,2024/25,UCL,81,0.438697203022546,0.6639839034205232,0.38095238095238093,0.24096936442615455,6,0.2705761316872428,0.2541152263374486,2
country_b30_g0.8_c260,2024/25,UEL,76,0.44470128947700677,0.6682389937106918,0.5789473684210527,0.2434210526315789,9,0.2551169590643274,0.22514619883040934,4
country_b30_g0.8_c260,2024/25,UECL,164,0.35486618918370144,0.6396239554317549,0.4146341463414634,0.25948096371207613,31,0.3060582218725413,0.27202989771833197,9
country_b30_g0.8_c260,2025/26,UCL,82,0.42102436960581674,0.6636065573770492,0.42857142857142855,0.2455383700178465,1,0.21341463414634146,0.21341463414634146,0
country_b30_g0.8_c260,2025/26,UEL,77,0.4255054127043953,0.6614846482705014,0.6,0.24321133412042498,6,0.3376623376623376,0.3376623376623376,4
country_b30_g0.8_c260,2025/26,UECL,164,0.30051353572469663,0.6144568006843456,0.4634146341463415,0.2762120761451517,23,0.3032873806998939,0.25888123011664893,7
country_b30_g0.8_c300,2018/19,UCL,79,0.5188855462246683,0.7033475783475783,0.45,0.22272071783368047,1,0.5443037974683544,0.0,0
country_b30_g0.8_c300,2018/19,UEL,213,0.3903047705638756,0.6515966989594546,0.5370370370370371,0.25495382309506487,30,0.27269170579029733,0.2201095461658842,6
country_b30_g0.8_c300,2018/19,UECL,0,,,0.0,,0,0.0,0.0,0
country_b30_g0.8_c300,2019/20,UCL,79,0.4152347215053525,0.6652078774617067,0.4,0.2560487101426054,3,0.30168776371308015,0.021097046413502112,0
country_b30_g0.8_c300,2019/20,UEL,213,0.3261201596965759,0.624477672053567,0.3888888888888889,0.2660847715400384,25,0.28845070422535213,0.24535211267605636,11
country_b30_g0.8_c300,2019/20,UECL,0,,,0.0,,0,0.0,0.0,0
country_b30_g0.8_c300,2020/21,UCL,79,0.4585605751475761,0.6884057971014492,0.55,0.23473802275276395,1,0.11392405063291142,0.11392405063291142,0
country_b30_g0.8_c300,2020/21,UEL,213,0.35299327420188953,0.6486532852976497,0.5185185185185185,0.2609050232537636,34,0.2865921016293842,0.24544324772162388,10
country_b30_g0.8_c300,2020/21,UECL,0,,,0.0,,0,0.0,0.0,0
country_b30_g0.8_c300,2021/22,UCL,80,0.4392430083204606,0.6651599443671766,0.4,0.2496875,0,0.0,0.0,0
country_b30_g0.8_c300,2021/22,UEL,58,0.4373591561542629,0.6625766871165644,0.4666666666666667,0.2523781212841855,1,0.27586206896551724,0.27586206896551724,0
country_b30_g0.8_c300,2021/22,UECL,181,0.3293073147596798,0.6272560631697688,0.4782608695652174,0.2645218399926742,31,0.29656032792728565,0.2531634289787916,9
country_b30_g0.8_c300,2022/23,UCL,78,0.33111912729858267,0.6282098995161891,0.55,0.2615055884286654,2,0.12179487179487178,0.10576923076923075,0
country_b30_g0.8_c300,2022/23,UEL,57,0.38228897493913566,0.6408498971898561,0.4,0.2508464142813174,5,0.34561403508771926,0.29298245614035084,2
country_b30_g0.8_c300,2022/23,UECL,177,0.3109147177968323,0.6174616126400119,0.4444444444444444,0.26901592773468674,19,0.28293190603627716,0.25185845970859355,6
country_b30_g0.8_c300,2023/24,UCL,78,0.4035190760016038,0.6584377302873987,0.45,0.23076923076923073,2,0.3525641025641026,0.3525641025641026,1
country_b30_g0.8_c300,2023/24,UEL,57,0.6760716064534924,0.7669432918395575,0.6,0.1729763004001231,3,0.216374269005848,0.20467836257309943,1
country_b30_g0.8_c300,2023/24,UECL,178,0.3587434088941468,0.6379841549295775,0.4,0.2562492109582123,23,0.3296287249633611,0.2757694186614558,7
country_b30_g0.8_c300,2024/25,UCL,81,0.43094411951745726,0.6592890677397719,0.38095238095238093,0.2403597012650511,6,0.30761316872427985,0.30246913580246915,3
country_b30_g0.8_c300,2024/25,UEL,76,0.433088484951851,0.664308176100629,0.631578947368421,0.24134349030470917,9,0.2711988304093567,0.2573099415204678,4
country_b30_g0.8_c300,2024/25,UECL,164,0.33985676818222105,0.6327472144846796,0.4146341463414634,0.2647233789411065,31,0.3251376868607397,0.29484657749803306,11
country_b30_g0.8_c300,2025/26,UCL,82,0.42194466539927716,0.6622950819672131,0.42857142857142855,0.24687685901249254,1,0.24999999999999997,0.24999999999999997,0
country_b30_g0.8_c300,2025/26,UEL,77,0.41368248562771703,0.6564321803342402,0.6,0.24827120931017033,6,0.4112554112554112,0.4112554112554112,4
country_b30_g0.8_c300,2025/26,UECL,164,0.2942608709575558,0.6114627887082977,0.43902439024390244,0.2793723973825104,23,0.3109756097560976,0.27478791092258753,9
country_b30_g0.8_c360,2018/19,UCL,79,0.49873179476594565,0.6940883190883191,0.45,0.22848902419484057,1,0.5443037974683544,0.0,0
country_b30_g0.8_c360,2018/19,UEL,213,0.3837071116799766,0.6499051719719104,0.5185185185185185,0.2571359298199211,30,0.2889671361502347,0.24100156494522693,8
country_b30_g0.8_c360,2018/19,UECL,0,,,0.0,,0,0.0,0.0,0
country_b30_g0.8_c360,2019/20,UCL,79,0.4006936195533013,0.6593727206418672,0.4,0.25893286332318544,3,0.2974683544303797,0.021097046413502112,0
country_b30_g0.8_c360,2019/20,UEL,213,0.3073105553440698,0.6169259427075467,0.42592592592592593,0.27022857016905816,25,0.303661971830986,0.2652582159624413,11
country_b30_g0.8_c360,2019/20,UECL,0,,,0.0,,0,0.0,0.0,0
country_b30_g0.8_c360,2020/21,UCL,79,0.4531552192093274,0.6853546910755148,0.55,0.2361800993430539,1,0.10126582278481014,0.10126582278481014,0
country_b30_g0.8_c360,2020/21,UEL,213,0.3237605671718202,0.6356722136444216,0.4444444444444444,0.26720888712557034,34,0.309928196630765,0.27437172051919356,11
country_b30_g0.8_c360,2020/21,UECL,0,,,0.0,,0,0.0,0.0,0
country_b30_g0.8_c360,2021/22,UCL,80,0.43123206656817353,0.6620305980528511,0.4,0.25125000000000003,0,0.0,0.0,0
country_b30_g0.8_c360,2021/22,UEL,58,0.44677277351286804,0.6625766871165644,0.5333333333333333,0.2523781212841855,1,0.3448275862068966,0.3448275862068966,0
country_b30_g0.8_c360,2021/22,UECL,181,0.31604981662962117,0.6216864072194022,0.45652173913043476,0.26717743658618476,31,0.3104615932988772,0.27472821243985024,11
country_b30_g0.8_c360,2022/23,UCL,78,0.3192907069653334,0.6222553033122441,0.55,0.26594345825115057,2,0.15384615384615383,0.15384615384615383,0
country_b30_g0.8_c360,2022/23,UEL,57,0.36449518457771884,0.6353666895133653,0.4666666666666667,0.2517697753154817,5,0.4228070175438596,0.387719298245614,3
country_b30_g0.8_c360,2022/23,UECL,177,0.2843367683985535,0.6083376604109487,0.4444444444444444,0.2740591783970123,19,0.2915551590841511,0.26925364258102885,6
country_b30_g0.8_c360,2023/24,UCL,78,0.3784968121863337,0.6488577745025792,0.45,0.23504273504273507,2,0.4871794871794872,0.4871794871794872,1
country_b30_g0.8_c360,2023/24,UEL,57,0.6524721085956872,0.7572614107883817,0.6666666666666666,0.18005540166204986,3,0.2982456140350877,0.2982456140350877,1
country_b30_g0.8_c360,2023/24,UECL,178,0.3503639771908858,0.6348298122065728,0.4,0.2579219795480369,23,0.34281875915974597,0.30288226673180263,8
country_b30_g0.8_c360,2024/25,UCL,81,0.38160631539416495,0.6408450704225352,0.38095238095238093,0.24813290656912057,6,0.4351851851851852,0.43209876543209874,4
country_b30_g0.8_c360,2024/25,UEL,76,0.40527305316064455,0.6552672955974843,0.5789473684210527,0.24099722991689748,9,0.3135964912280701,0.3121345029239766,4
country_b30_g0.8_c360,2024/25,UECL,164,0.32146075495366994,0.6268279944289693,0.43902439024390244,0.26862730517549077,31,0.33418568056648307,0.31294256490952005,12
country_b30_g0.8_c360,2025/26,UCL,82,0.4229526084111624,0.6629508196721311,0.38095238095238093,0.24717430101130278,1,0.24999999999999997,0.24999999999999997,0
country_b30_g0.8_c360,2025/26,UEL,77,0.3743349312530225,0.6416634279051691,0.55,0.25737898465171194,6,0.49567099567099565,0.49567099567099565,4
country_b30_g0.8_c360,2025/26,UECL,164,0.2751158725152597,0.6042771599657827,0.43902439024390244,0.282383997620464,23,0.32688229056203605,0.29811770943796395,9
country_b30_g1.0_c100,2018/19,UCL,79,0.5587639850903768,0.7207977207977208,0.45,0.20990225925332479,1,0.5316455696202532,0.0,0
country_b30_g1.0_c100,2018/19,UEL,213,0.40963962897215384,0.6596955251422421,0.5,0.24534373691287,30,0.21447574334898276,0.12981220657276996,3
country_b30_g1.0_c100,2018/19,UECL,0,,,0.0,,0,0.0,0.0,0
country_b30_g1.0_c100,2019/20,UCL,79,0.44782897121990783,0.6765134938001459,0.4,0.24355071302675851,3,0.36075949367088606,0.0,0
country_b30_g1.0_c100,2019/20,UEL,213,0.3827077380140254,0.6443135478024468,0.42592592592592593,0.25382970750953293,25,0.24450704225352113,0.13295774647887323,3
country_b30_g1.0_c100,2019/20,UECL,0,,,0.0,,0,0.0,0.0,0
country_b30_g1.0_c100,2020/21,UCL,79,0.4817352621012175,0.6960335621662853,0.55,0.22416279442397052,1,0.037974683544303806,0.037974683544303806,0
country_b30_g1.0_c100,2020/21,UEL,213,0.45371875532136213,0.6924572539600846,0.5185185185185185,0.23419074698582737,34,0.2127174813587407,0.10687655343827673,4
country_b30_g1.0_c100,2020/21,UECL,0,,,0.0,,0,0.0,0.0,0
country_b30_g1.0_c100,2021/22,UCL,80,0.44467816054177634,0.6662030598052852,0.4,0.2446875,0,0.0,0.0,0
country_b30_g1.0_c100,2021/22,UEL,58,0.364263352492247,0.6366734832992502,0.4,0.2639714625445898,1,0.051724137931034475,0.0,0
country_b30_g1.0_c100,2021/22,UECL,181,0.354263148052518,0.6383248730964467,0.4782608695652174,0.25728762858276605,31,0.2304402067367671,0.10069506326857955,3
country_b30_g1.0_c100,2022/23,UCL,78,0.36973393795453574,0.640863416449572,0.55,0.25164365548980927,2,0.12179487179487178,0.016025641025641024,0
country_b30_g1.0_c100,2022/23,UEL,57,0.357802107469296,0.6319396847155586,0.4,0.25577100646352724,5,0.21578947368421053,0.08421052631578947,0
country_b30_g1.0_c100,2022/23,UECL,177,0.3470406718049373,0.6345226615236258,0.4444444444444444,0.25669507485077725,19,0.25735950044603034,0.12191495688373474,3
country_b30_g1.0_c100,2023/24,UCL,78,0.4251361693588326,0.6669123065585851,0.45,0.23553583168967776,2,0.141025641025641,0.08333333333333334,0
country_b30_g1.0_c100,2023/24,UEL,57,0.6614405724140485,0.7517289073305671,0.5333333333333333,0.18251769775315482,3,0.3625730994152046,0.06432748538011696,0
country_b30_g1.0_c100,2023/24,UECL,178,0.3302009359581902,0.6270539906103286,0.4666666666666667,0.26625426082565334,23,0.27882266731802635,0.11480214948705425,4
country_b30_g1.0_c100,2024/25,UCL,81,0.4715057059487722,0.6740442655935613,0.42857142857142855,0.22938576436518823,6,0.11213991769547327,0.06378600823045268,0
country_b30_g1.0_c100,2024/25,UEL,76,0.4648301506539434,0.6812106918238994,0.5263157894736842,0.24099722991689754,9,0.29020467836257313,0.1169590643274854,1
country_b30_g1.0_c100,2024/25,UECL,164,0.3590755753573246,0.6418001392757661,0.5121951219512195,0.2507436049970256,31,0.24527930763178601,0.12008261211644373,6
country_b30_g1.0_c100,2025/26,UCL,82,0.4413585242803698,0.6718032786885246,0.38095238095238093,0.24077929803688275,1,0.006097560975609755,0.006097560975609755,0
country_b30_g1.0_c100,2025/26,UEL,77,0.41117661156862406,0.6564321803342402,0.55,0.24843987181649516,6,0.21645021645021645,0.0974025974025974,0
country_b30_g1.0_c100,2025/26,UECL,164,0.3254360515013882,0.6219846022241232,0.4146341463414634,0.26851576442593694,23,0.24337221633085895,0.10644220572640509,4
country_b30_g1.0_c140,2018/19,UCL,79,0.5540320215483653,0.7175925925925926,0.45,0.21086364364685148,1,0.5316455696202532,0.0,0
country_b30_g1.0_c140,2018/19,UEL,213,0.40987971569944753,0.6591316828130607,0.5555555555555556,0.24549802728735481,30,0.22433489827856024,0.1451486697965571,4
country_b30_g1.0_c140,2018/19,UECL,0,,,0.0,,0,0.0,0.0,0
country_b30_g1.0_c140,2019/20,UCL,79,0.44302301379507736,0.674690007293946,0.4,0.24675532767184752,3,0.3523206751054852,0.0,0
country_b30_g1.0_c140,2019/20,UEL,213,0.3811389113348613,0.6439107889039923,0.4444444444444444,0.2538737904736714,25,0.2538967136150234,0.15474178403755867,4
country_b30_g1.0_c140,2019/20,UECL,0,,,0.0,,0,0.0,0.0,0
country_b30_g1.0_c140,2020/21,UCL,79,0.4741180593652485,0.6937452326468345,0.55,0.22624579394327832,1,0.037974683544303806,0.037974683544303806,0
country_b30_g1.0_c140,2020/21,UEL,213,0.4407933076000948,0.687596500257334,0.5370370370370371,0.23890762414864775,34,0.22666390499861916,0.1304888152444076,5
country_b30_g1.0_c140,2020/21,UECL,0,,,0.0,,0,0.0,0.0,0
country_b30_g1.0_c140,2021/22,UCL,80,0.44795106742287305,0.6668984700973575,0.4,0.24453125,0,0.0,0.0,0
country_b30_g1.0_c140,2021/22,UEL,58,0.39331464844661745,0.6482617586912065,0.4,0.25802615933412604,1,0.0,0.0,0
country_b30_g1.0_c140,2021/22,UECL,181,0.3659871104830045,0.6429780033840947,0.4782608695652174,0.2545099355941515,31,0.23899483158082338,0.12707182320441987,3
country_b30_g1.0_c140,2022/23,UCL,78,0.3617631665852619,0.6367696315593598,0.55,0.2532873109796186,2,0.1346153846153846,0.04166666666666666,0
country_b30_g1.0_c140,2022/23,UEL,57,0.36769480192711124,0.636737491432488,0.4,0.2517697753154817,5,0.21228070175438596,0.10877192982456141,0
country_b30_g1.0_c140,2022/23,UECL,177,0.34831344649436485,0.6355611601513241,0.4444444444444444,0.25730154170257585,19,0.26092774308652994,0.15105560511448113,4
country_b30_g1.0_c140,2023/24,UCL,78,0.4175606215982462,0.6632277081798084,0.45,0.23586456278763968,2,0.141025641025641,0.10256410256410256,0
country_b30_g1.0_c140,2023/24,UEL,57,0.6704417678521851,0.7572614107883817,0.5333333333333333,0.18559556786703602,3,0.32163742690058483,0.08771929824561403,0
country_b30_g1.0_c140,2023/24,UECL,178,0.34246438683467806,0.6307951877934272,0.4666666666666667,0.26069940664057567,23,0.2854176844162189,0.1457010258915486,5
country_b30_g1.0_c140,2024/25,UCL,81,0.47101687517059215,0.6750503018108652,0.38095238095238093,0.23014784331656762,6,0.12242798353909466,0.07818930041152262,0
country_b30_g1.0_c140,2024/25,UEL,76,0.4586366549071937,0.6761006289308176,0.5263157894736842,0.2444598337950138,9,0.29020467836257313,0.15204678362573099,1
country_b30_g1.0_c140,2024/25,UECL,164,0.3673685086303924,0.646674791086351,0.5121951219512195,0.24933075550267697,31,0.2612116443745082,0.16001180173092056,7
country_b30_g1.0_c140,2025/26,UCL,82,0.44182962807940307,0.6734426229508197,0.38095238095238093,0.24167162403331355,1,0.042682926829268296,0.042682926829268296,0
country_b30_g1.0_c140,2025/26,UEL,77,0.4346225289619465,0.6696463272444617,0.55,0.2406813965255524,6,0.20562770562770563,0.1341991341991342,0
country_b30_g1.0_c140,2025/26,UECL,164,0.3372334802228261,0.6295124037639007,0.3902439024390244,0.2620092207019631,23,0.2383351007423118,0.13799045599151644,4
country_b30_g1.0_c180,2018/19,UCL,79,0.5481967504447448,0.7154558404558404,0.45,0.21278641243390484,1,0.5443037974683544,0.0,0
country_b30_g1.0_c180,2018/19,UEL,213,0.4097524256235595,0.6591829412066226,0.5555555555555556,0.24715113844254888,30,0.23466353677621282,0.15907668231611893,4
country_b30_g1.0_c180,2018/19,UECL,0,,,0.0,,0,0.0,0.0,0
country_b30_g1.0_c180,2019/20,UCL,79,0.4343476444948705,0.6717724288840262,0.4,0.24995994231693633,3,0.3354430379746835,0.0,0
country_b30_g1.0_c180,2019/20,UEL,213,0.3746985640515568,0.6411921663394251,0.42592592592592593,0.25581344089576585,25,0.260093896713615,0.17333333333333337,4
country_b30_g1.0_c180,2019/20,UECL,0,,,0.0,,0,0.0,0.0,0
country_b30_g1.0_c180,2020/21,UCL,79,0.47404350273161755,0.6945080091533181,0.55,0.22752763980131388,1,0.06329113924050633,0.06329113924050633,0
country_b30_g1.0_c180,2020/21,UEL,213,0.42540067900483935,0.6806770743981243,0.5370370370370371,0.24362450131146818,34,0.23936757801712236,0.15285832642916322,7
country_b30_g1.0_c180,2020/21,UECL,0,,,0.0,,0,0.0,0.0,0
country_b30_g1.0_c180,2021/22,UCL,80,0.4534689284823392,0.6693324061196105,0.4,0.2440625,0,0.0,0.0,0
country_b30_g1.0_c180,2021/22,UEL,58,0.41058333724352875,0.6537150647580096,0.4,0.2553507728894174,1,0.03448275862068967,0.03448275862068967,0
country_b30_g1.0_c180,2021/22,UECL,181,0.3610297718178097,0.6404399323181049,0.4782608695652174,0.2562192851256067,31,0.24558902156478346,0.14801283193726605,4
country_b30_g1.0_c180,2022/23,UCL,78,0.35550406727285144,0.6337923334573874,0.55,0.2544378698224851,2,0.14743589743589744,0.0608974358974359,0
country_b30_g1.0_c180,2022/23,UEL,57,0.3601854959030271,0.6333104866346813,0.4,0.2545398584179748,5,0.2263157894736842,0.13157894736842107,0
country_b30_g1.0_c180,2022/23,UECL,177,0.3494457770801314,0.6355611601513241,0.4666666666666667,0.2594082160298765,19,0.2743086529884032,0.17841213202497772,6
country_b30_g1.0_c180,2023/24,UCL,78,0.4316404275371138,0.6687546057479735,0.45,0.23191978961209728,2,0.1730769230769231,0.15384615384615388,0
country_b30_g1.0_c180,2023/24,UEL,57,0.6759734115941672,0.7621023513139695,0.5333333333333333,0.18190212373037862,3,0.29824561403508776,0.11111111111111112,0
country_b30_g1.0_c180,2023/24,UECL,178,0.34987766607286097,0.6328491784037559,0.4666666666666667,0.26035222825400833,23,0.3000732779677577,0.17476795310210066,5
country_b30_g1.0_c180,2024/25,UCL,81,0.46632182606853684,0.6747149564050973,0.38095238095238093,0.23350099070263683,6,0.1512345679012346,0.11522633744855966,1
country_b30_g1.0_c180,2024/25,UEL,76,0.45851223200156704,0.6745283018867925,0.5263157894736842,0.2456717451523546,9,0.2711988304093567,0.17251461988304095,3
country_b30_g1.0_c180,2024/25,UECL,164,0.36787739631498284,0.645717270194986,0.4634146341463415,0.25204491374182036,31,0.2749803304484658,0.1904996066089693,7
country_b30_g1.0_c180,2025/26,UCL,82,0.44053683160763735,0.6740983606557377,0.38095238095238093,0.2425639500297442,1,0.07926829268292682,0.07926829268292682,0
country_b30_g1.0_c180,2025/26,UEL,77,0.43730168154640225,0.6688690244850369,0.6,0.23933209647495354,6,0.22510822510822512,0.1818181818181818,1
country_b30_g1.0_c180,2025/26,UECL,164,0.3372389891785681,0.6284858853721129,0.43902439024390244,0.26342207019631175,23,0.25291622481442205,0.17033404029692473,5
country_b30_g1.0_c220,2018/19,UCL,79,0.5408658846464991,0.7115384615384616,0.45,0.21502964268546704,1,0.5443037974683544,0.0,0
country_b30_g1.0_c220,2018/19,UEL,213,0.4075500552511405,0.6588241324516889,0.5370370370370371,0.24891445700808923,30,0.24530516431924881,0.17347417840375587,4
country_b30_g1.0_c220,2018/19,UECL,0,,,0.0,,0,0.0,0.0,0
country_b30_g1.0_c220,2019/20,UCL,79,0.43476662539857375,0.6717724288840262,0.4,0.25060086524595415,3,0.31856540084388185,0.004219409282700426,0
country_b30_g1.0_c220,2019/20,UEL,213,0.3681082369377242,0.6393294064340734,0.4444444444444444,0.2570918468557826,25,0.26366197183098594,0.18985915492957744,5
country_b30_g1.0_c220,2019/20,UECL,0,,,0.0,,0,0.0,0.0,0
country_b30_g1.0_c220,2020/21,UCL,79,0.4741553376820641,0.6952707856598017,0.55,0.2291299471238583,1,0.06329113924050633,0.06329113924050633,0
country_b30_g1.0_c220,2020/21,UEL,213,0.4192195040204137,0.6776462515011151,0.5370370370370371,0.24536577839493928,34,0.24958574979287493,0.17377796188898093,7
country_b30_g1.0_c220,2020/21,UECL,0,,,0.0,,0,0.0,0.0,0
country_b30_g1.0_c220,2021/22,UCL,80,0.45017239050462815,0.6689847009735744,0.4,0.24562499999999998,0,0.0,0.0,0
country_b30_g1.0_c220,2021/22,UEL,58,0.4267298729778248,0.6578050443081118,0.4,0.2520808561236624,1,0.08620689655172412,0.08620689655172412,0
country_b30_g1.0_c220,2021/22,UECL,181,0.356759243927156,0.6386068809926678,0.4782608695652174,0.25798968285461377,31,0.25325253965425054,0.1691320620210301,5
country_b30_g1.0_c220,2022/23,UCL,78,0.356883623855995,0.6349088202456271,0.55,0.2554240631163708,2,0.141025641025641,0.0737179487179487,0
country_b30_g1.0_c220,2022/23,UEL,57,0.36740095951747315,0.6408498971898561,0.4,0.2545398584179747,5,0.26140350877192986,0.17719298245614035,1
country_b30_g1.0_c220,2022/23,UECL,177,0.34947540200824745,0.6348935538906609,0.4888888888888889,0.26049347250151617,19,0.284121320249777,0.20071364852809995,6
country_b30_g1.0_c220,2023/24,UCL,78,0.42468979869953877,0.6661753868828297,0.45,0.232577251808021,2,0.20512820512820515,0.20512820512820515,1
country_b30_g1.0_c220,2023/24,UEL,57,0.6869385042188063,0.7704011065006916,0.6,0.1775931055709449,3,0.3099415204678363,0.14619883040935674,1
country_b30_g1.0_c220,2023/24,UECL,178,0.3528020025519813,0.634756455399061,0.4444444444444444,0.26174094180027774,23,0.3149731314118222,0.20236932095749882,5
country_b30_g1.0_c220,2024/25,UCL,81,0.45998976226745997,0.6710261569416499,0.38095238095238093,0.2354823959762231,6,0.21502057613168724,0.18415637860082304,1
country_b30_g1.0_c220,2024/25,UEL,76,0.457295652479884,0.6749213836477987,0.5789473684210527,0.2449792243767313,9,0.2595029239766082,0.1900584795321637,3
country_b30_g1.0_c220,2024/25,UECL,164,0.370473000075788,0.6463266016713092,0.4634146341463415,0.25275133848899467,31,0.2820613690007867,0.211447678992919,7
country_b30_g1.0_c220,2025/26,UCL,82,0.4361216029794881,0.6714754098360656,0.38095238095238093,0.24330755502676976,1,0.11585365853658536,0.11585365853658536,0
country_b30_g1.0_c220,2025/26,UEL,77,0.4443527846169353,0.6715895841430237,0.65,0.23477820880418285,6,0.23376623376623376,0.22510822510822512,2
country_b30_g1.0_c220,2025/26,UECL,164,0.32864088650428175,0.6246364414029084,0.4146341463414634,0.26780933967876264,23,0.271474019088017,0.19551961823966066,5
country_b30_g1.0_c260,2018/19,UCL,79,0.5298573269762235,0.7072649572649573,0.45,0.218234257330556,1,0.5443037974683544,0.0,0
country_b30_g1.0_c260,2018/19,UEL,213,0.4060414788072003,0.6588241324516889,0.5185185185185185,0.2498622407370672,30,0.2559467918622848,0.188810641627543,4
country_b30_g1.0_c260,2018/19,UECL,0,,,0.0,,0,0.0,0.0,0
country_b30_g1.0_c260,2019/20,UCL,79,0.4323020318473786,0.6703136396790663,0.4,0.2509213267104631,3,0.3143459915611814,0.012658227848101259,0
country_b30_g1.0_c260,2019/20,UEL,213,0.3588910664322992,0.6363590595579721,0.42592592592592593,0.25903149727787694,25,0.26892018779342725,0.20413145539906105,6
country_b30_g1.0_c260,2019/20,UECL,0,,,0.0,,0,0.0,0.0,0
country_b30_g1.0_c260,2020/21,UCL,79,0.4671470141207484,0.6926010678871091,0.55,0.23137317737542062,1,0.06329113924050633,0.06329113924050633,0
country_b30_g1.0_c260,2020/21,UEL,213,0.40576643435014703,0.6721564590838909,0.5370370370370371,0.24911283034671253,34,0.25966583816625244,0.1931096382214858,9
country_b30_g1.0_c260,2020/21,UECL,0,,,0.0,,0,0.0,0.0,0
country_b30_g1.0_c260,2021/22,UCL,80,0.44261043958801494,0.6655076495132128,0.4,0.24734374999999997,0,0.0,0.0,0
country_b30_g1.0_c260,2021/22,UEL,58,0.4353642173762804,0.6625766871165644,0.4666666666666667,0.251486325802616,1,0.15517241379310345,0.15517241379310345,0
country_b30_g1.0_c260,2021/22,UECL,181,0.3536234914505575,0.637901861252115,0.4782608695652174,0.25872226122523734,31,0.26269827125289613,0.18980573872749953,8
country_b30_g1.0_c260,2022/23,UCL,78,0.3503435037581293,0.6334201711946409,0.55,0.25706771860618016,2,0.10897435897435895,0.0737179487179487,0
country_b30_g1.0_c260,2022/23,UEL,57,0.38042797301142783,0.6442769019876627,0.4,0.2483841181902124,5,0.2824561403508771,0.21228070175438596,1
country_b30_g1.0_c260,2022/23,UECL,177,0.3464503676817373,0.6332616274757066,0.4888888888888889,0.26145105174119826,19,0.28947368421052627,0.21617603330359797,6
country_b30_g1.0_c260,2023/24,UCL,78,0.41295662708381575,0.6606484893146647,0.45,0.23553583168967784,2,0.2692307692307693,0.2692307692307693,1
country_b30_g1.0_c260,2023/24,UEL,57,0.6981654498016457,0.7766251728907331,0.6,0.17174515235457066,3,0.2222222222222222,0.15204678362573099,1
country_b30_g1.0_c260,2023/24,UECL,178,0.3578236231210311,0.6374706572769953,0.4444444444444444,0.2607309683120818,23,0.32132388861748906,0.22288715192965314,5
country_b30_g1.0_c260,2024/25,UCL,81,0.44796225149270347,0.6680080482897385,0.38095238095238093,0.2392927907331199,6,0.26851851851851855,0.24382716049382716,2
country_b30_g1.0_c260,2024/25,UEL,76,0.45150307498459796,0.6721698113207547,0.5789473684210527,0.242382271468144,9,0.2565789473684211,0.20760233918128657,4
country_b30_g1.0_c260,2024/25,UECL,164,0.36407456715024444,0.6431928969359332,0.43902439024390244,0.2550565139797739,31,0.2926829268292683,0.23229740361919748,7
country_b30_g1.0_c260,2025/26,UCL,82,0.4295809293045377,0.6668852459016393,0.42857142857142855,0.24345627602617492,1,0.11585365853658536,0.11585365853658536,0
country_b30_g1.0_c260,2025/26,UEL,77,0.43846131475459954,0.6661484648270501,0.6,0.24051273401922754,6,0.29004329004329,0.29004329004329,3
country_b30_g1.0_c260,2025/26,UECL,164,0.31992985023728493,0.6214713430282293,0.43902439024390244,0.27115556216537773,23,0.28287380699893955,0.2172587486744433,5
country_b30_g1.0_c300,2018/19,UCL,79,0.525125363434212,0.7058404558404558,0.45,0.22015702611760937,1,0.5443037974683544,0.0,0
country_b30_g1.0_c300,2018/19,UEL,213,0.40061211596635277,0.6564149879542776,0.5185185185185185,0.25162555930260755,30,0.2636150234741784,0.2010172143974961,6
country_b30_g1.0_c300,2018/19,UECL,0,,,0.0,,0,0.0,0.0,0
country_b30_g1.0_c300,2019/20,UCL,79,0.417958097379423,0.6655725747629467,0.4,0.2554077872135876,3,0.3143459915611814,0.021097046413502112,0
country_b30_g1.0_c300,2019/20,UEL,213,0.34709788251968676,0.6320294013995872,0.4074074074074074,0.2612576869668717,25,0.2764319248826291,0.21943661971830986,8
country_b30_g1.0_c300,2019/20,UECL,0,,,0.0,,0,0.0,0.0,0
country_b30_g1.0_c300,2020/21,UCL,79,0.46252450283562524,0.6895499618611747,0.55,0.23201410030443842,1,0.06329113924050633,0.06329113924050633,0
country_b30_g1.0_c300,2020/21,UEL,213,0.38797886651695224,0.6646079945102076,0.5185185185185185,0.25334479490400935,34,0.26946975973487985,0.21237227285280308,10
country_b30_g1.0_c300,2020/21,UECL,0,,,0.0,,0,0.0,0.0,0
country_b30_g1.0_c300,2021/22,UCL,80,0.43985741683243545,0.6658553546592489,0.4,0.24859375,0,0.0,0.0,0
country_b30_g1.0_c300,2021/22,UEL,58,0.4399151714635531,0.6639400136332652,0.4666666666666667,0.2517835909631392,1,0.18965517241379312,0.18965517241379312,0
country_b30_g1.0_c300,2021/22,UECL,181,0.341246546238903,0.6327552171460801,0.45652173913043476,0.261255761423644,31,0.27392621636072,0.2114596328640171,8
country_b30_g1.0_c300,2022/23,UCL,78,0.34368842061166827,0.6308150353554149,0.55,0.25936883629191326,2,0.10897435897435895,0.08653846153846154,0
country_b30_g1.0_c300,2022/23,UEL,57,0.38503150409575765,0.6422206991089787,0.4,0.24899969221298865,5,0.33508771929824566,0.2719298245614035,2
country_b30_g1.0_c300,2022/23,UECL,177,0.3396947868517326,0.630665380906461,0.4444444444444444,0.26295125921670015,19,0.29304192685102587,0.22925958965209633,6
country_b30_g1.0_c300,2023/24,UCL,78,0.4083271256745686,0.6577008106116433,0.45,0.23504273504273504,2,0.3525641025641026,0.3525641025641026,1
country_b30_g1.0_c300,2023/24,UEL,57,0.6886405484471085,0.7724757952973721,0.6,0.16989843028624196,3,0.2280701754385965,0.1929824561403509,1
country_b30_g1.0_c300,2023/24,UECL,178,0.3586560669860315,0.6385710093896714,0.4222222222222222,0.25984724150991034,23,0.3330483634587201,0.24438202247191013,5
country_b30_g1.0_c300,2024/25,UCL,81,0.43949297405679266,0.6636485580147552,0.38095238095238093,0.24035970126505107,6,0.30761316872427985,0.2890946502057613,3
country_b30_g1.0_c300,2024/25,UEL,76,0.45494544204026915,0.6737421383647799,0.631578947368421,0.23805401662049855,9,0.24780701754385964,0.2222222222222222,4
country_b30_g1.0_c300,2024/25,UECL,164,0.3649305494240528,0.6450208913649025,0.4146341463414634,0.2569527067221892,31,0.2999606608969316,0.25,7
country_b30_g1.0_c300,2025/26,UCL,82,0.42470555277965827,0.6649180327868852,0.42857142857142855,0.24464604402141585,1,0.1646341463414634,0.1646341463414634,0
country_b30_g1.0_c300,2025/26,UEL,77,0.4235327033387263,0.661095996890789,0.6,0.2459099342216225,6,0.3722943722943723,0.3722943722943723,4
country_b30_g1.0_c300,2025/26,UECL,164,0.31279988426823474,0.6191616766467066,0.4634146341463415,0.27171326591314693,23,0.29692470837751855,0.24111876988335101,7
country_b30_g1.0_c360,2018/19,UCL,79,0.5139084032245214,0.7019230769230769,0.45,0.22432302515622496,1,0.5443037974683544,0.0,0
country_b30_g1.0_c360,2018/19,UEL,213,0.3937264790394794,0.6532882259469989,0.5370370370370371,0.25338887786814784,30,0.2733176838810642,0.21619718309859154,6
country_b30_g1.0_c360,2018/19,UECL,0,,,0.0,,0,0.0,0.0,0
country_b30_g1.0_c360,2019/20,UCL,79,0.40860496485263764,0.6630196936542669,0.4,0.25829194039416753,3,0.30168776371308015,0.021097046413502112,0
country_b30_g1.0_c360,2019/20,UEL,213,0.3350900831173646,0.6281025021396567,0.4074074074074074,0.2637924574048359,25,0.28751173708920186,0.23812206572769953,9
country_b30_g1.0_c360,2019/20,UECL,0,,,0.0,,0,0.0,0.0,0
country_b30_g1.0_c360,2020/21,UCL,79,0.4576286172271884,0.6872616323417239,0.55,0.23457779202050957,1,0.07594936708860761,0.07594936708860761,0
country_b30_g1.0_c360,2020/21,UEL,213,0.3633051227332484,0.6531709269743238,0.48148148148148145,0.25942824395512354,34,0.28880143606738473,0.24012703673018507,10
country_b30_g1.0_c360,2020/21,UECL,0,,,0.0,,0,0.0,0.0,0
country_b30_g1.0_c360,2021/22,UCL,80,0.437104394076856,0.6641168289290682,0.4,0.25015624999999997,0,0.0,0.0,0
country_b30_g1.0_c360,2021/22,UEL,58,0.4486741995356326,0.6646216768916156,0.5333333333333333,0.25208085612366227,1,0.27586206896551724,0.27586206896551724,0
country_b30_g1.0_c360,2021/22,UECL,181,0.3317367797382802,0.6288071065989848,0.45652173913043476,0.2636671652269466,31,0.2874710390304759,0.23623240064159684,9
country_b30_g1.0_c360,2022/23,UCL,78,0.32965015501097616,0.6267212504652029,0.55,0.26166995397764625,2,0.10256410256410259,0.09294871794871795,0
country_b30_g1.0_c360,2022/23,UEL,57,0.39688314795116003,0.6477039067854695,0.4666666666666667,0.24561403508771926,5,0.3736842105263158,0.32105263157894737,3
country_b30_g1.0_c360,2022/23,UECL,177,0.3277098575994766,0.6245085676136785,0.4444444444444444,0.26655814101950265,19,0.29125780553077607,0.24293785310734461,6
country_b30_g1.0_c360,2023/24,UCL,78,0.3877430615574197,0.6521739130434783,0.45,0.23652202498356345,2,0.4487179487179488,0.4487179487179488,1
country_b30_g1.0_c360,2023/24,UEL,57,0.6725038598980128,0.7662517289073306,0.6666666666666666,0.1729763004001231,3,0.2807017543859649,0.2807017543859649,1
country_b30_g1.0_c360,2023/24,UECL,178,0.3596987784076057,0.6382775821596244,0.4,0.25744855447544507,23,0.3389106008793356,0.2651441133365901,7
country_b30_g1.0_c360,2024/25,UCL,81,0.4141988233253813,0.653588195841717,0.38095238095238093,0.24386526444139617,6,0.3775720164609053,0.3703703703703704,3
country_b30_g1.0_c360,2024/25,UEL,76,0.434954828536251,0.6666666666666666,0.631578947368421,0.23666897506925208,9,0.2711988304093567,0.2638888888888889,4
country_b30_g1.0_c360,2024/25,UECL,164,0.3539382988675052,0.6395369080779945,0.43902439024390244,0.2614886972040453,31,0.3137293469708891,0.2747836349331235,8
country_b30_g1.0_c360,2025/26,UCL,82,0.42071760434133,0.6639344262295082,0.38095238095238093,0.24657941701368233,1,0.18902439024390244,0.18902439024390244,0
country_b30_g1.0_c360,2025/26,UEL,77,0.3958081392806759,0.6486591527399922,0.55,0.2536684095125653,6,0.46103896103896097,0.46103896103896097,4
country_b30_g1.0_c360,2025/26,UECL,164,0.30165526680222077,0.6152266894781865,0.4878048780487805,0.27524538964901846,23,0.30858960763520676,0.2615323435843054,7
country_b30_g1.2_c100,2018/19,UCL,79,0.5577832672578356,0.7200854700854701,0.45,0.21118410511136035,1,0.5189873417721519,0.0,0
country_b30_g1.2_c100,2018/19,UEL,213,0.4116636672085515,0.6611307601619765,0.5,0.24461636800458464,30,0.21056338028169017,0.1168231611893584,3
country_b30_g1.2_c100,2018/19,UECL,0,,,0.0,,0,0.0,0.0,0
country_b30_g1.2_c100,2019/20,UCL,79,0.44150728876109235,0.675419401896426,0.4,0.24451209742028515,3,0.38185654008438813,0.0,0
country_b30_g1.2_c100,2019/20,UEL,213,0.39058889571947425,0.6468307909177868,0.42592592592592593,0.2527496748881395,25,0.23624413145539908,0.11417840375586855,2
country_b30_g1.2_c100,2019/20,UECL,0,,,0.0,,0,0.0,0.0,0
country_b30_g1.2_c100,2020/21,UCL,79,0.48091513913127637,0.6964149504195271,0.55,0.2236821022272072,1,0.0,0.0,0
country_b30_g1.2_c100,2020/21,UEL,213,0.4597386766538932,0.694687482129582,0.5,0.23143556172717056,34,0.209817729908865,0.0932062966031483,2
country_b30_g1.2_c100,2020/21,UECL,0,,,0.0,,0,0.0,0.0,0
country_b30_g1.2_c100,2021/22,UCL,80,0.44243320636340683,0.6648122392211405,0.4,0.24500000000000002,0,0.0,0.0,0
country_b30_g1.2_c100,2021/22,UEL,58,0.36064752595715366,0.6359918200408998,0.4,0.2639714625445898,1,0.13793103448275862,0.0,0
country_b30_g1.2_c100,2021/22,UECL,181,0.34550272285964084,0.6345177664974619,0.4782608695652174,0.25777601416318185,31,0.23311352700053461,0.08189271074674745,3
country_b30_g1.2_c100,2022/23,UCL,78,0.3684948917641198,0.6390026051358392,0.55,0.25197238658777116,2,0.14102564102564102,0.0,0
country_b30_g1.2_c100,2022/23,UEL,57,0.35887952963796904,0.630568882796436,0.4,0.25577100646352724,5,0.21228070175438596,0.06666666666666667,0
country_b30_g1.2_c100,2022/23,UECL,177,0.34427348407499225,0.6334099844225206,0.4444444444444444,0.25730154170257585,19,0.2633065715135296,0.10496580434136189,3
country_b30_g1.2_c100,2023/24,UCL,78,0.41636179754185715,0.6628592483419308,0.45,0.23783694937541092,2,0.1474358974358974,0.08333333333333334,0
country_b30_g1.2_c100,2023/24,UEL,57,0.6621279364293244,0.7517289073305671,0.5333333333333333,0.18128654970760236,3,0.3567251461988304,0.05847953216374269,0
country_b30_g1.2_c100,2023/24,UECL,178,0.3229774366685048,0.6238262910798122,0.4888888888888889,0.27026259310693096,23,0.2927454811919883,0.10490962383976551,4
country_b30_g1.2_c100,2024/25,UCL,81,0.4712783427961303,0.6740442655935613,0.42857142857142855,0.22999542752629173,6,0.11419753086419754,0.06378600823045268,0
country_b30_g1.2_c100,2024/25,UEL,76,0.47349827974593467,0.6851415094339622,0.5263157894736842,0.2384002770083102,9,0.29020467836257313,0.1023391812865497,1
country_b30_g1.2_c100,2024/25,UECL,164,0.3484318022369639,0.6368384401114207,0.4878048780487805,0.25375520523497913,31,0.2521636506687648,0.10592053501180172,5
country_b30_g1.2_c100,2025/26,UCL,82,0.441599554131038,0.6708196721311476,0.38095238095238093,0.24107674003569302,1,0.0060975609756097615,0.0,0
country_b30_g1.2_c100,2025/26,UEL,77,0.4141623338517987,0.6575981344733773,0.55,0.24877719682914484,6,0.19696969696969702,0.07575757575757576,0
country_b30_g1.2_c100,2025/26,UECL,164,0.31792183586933526,0.6197604790419161,0.4146341463414634,0.27182480666270076,23,0.2399257688229056,0.08814952279957582,3
country_b30_g1.2_c140,2018/19,UCL,79,0.5525241678808331,0.7172364672364673,0.45,0.21150456657586925,1,0.5189873417721519,0.0,0
country_b30_g1.2_c140,2018/19,UEL,213,0.41237699575263687,0.6603618842585474,0.5370370370370371,0.24477065837906944,30,0.21604068857589986,0.12934272300469485,3
country_b30_g1.2_c140,2018/19,UECL,0,,,0.0,,0,0.0,0.0,0
country_b30_g1.2_c140,2019/20,UCL,79,0.4387839128870218,0.6725018234865062,0.4,0.24707578913635636,3,0.36497890295358654,0.0,0
country_b30_g1.2_c140,2019/20,UEL,213,0.38296126040537837,0.6449176861501283,0.4444444444444444,0.254270537150918,25,0.24751173708920185,0.13708920187793427,3
country_b30_g1.2_c140,2019/20,UECL,0,,,0.0,,0,0.0,0.0,0
country_b30_g1.2_c140,2020/21,UCL,79,0.47517427834168796,0.6941266209000763,0.55,0.22592533247876942,1,0.012658227848101278,0.012658227848101278,0
country_b30_g1.2_c140,2020/21,UEL,213,0.4482187157625395,0.6906273231543433,0.5370370370370371,0.2353809870175671,34,0.22100248550124274,0.11467826567246618,5
country_b30_g1.2_c140,2020/21,UECL,0,,,0.0,,0,0.0,0.0,0
country_b30_g1.2_c140,2021/22,UCL,80,0.44695856136506756,0.6672461752433936,0.4,0.2440625,0,0.0,0.0,0
country_b30_g1.2_c140,2021/22,UEL,58,0.3890130617065927,0.6448534423994546,0.4,0.25802615933412604,1,0.017241379310344834,0.0,0
country_b30_g1.2_c140,2021/22,UECL,181,0.36186009529150864,0.6417089678510999,0.4782608695652174,0.25454045969292755,31,0.23828194617715204,0.10737836392799859,3
country_b30_g1.2_c140,2022/23,UCL,78,0.3670131458044471,0.6382582806103461,0.55,0.25164365548980927,2,0.10897435897435896,0.0032051282051282076,0
country_b30_g1.2_c140,2022/23,UEL,57,0.36266683180663745,0.6339958875942426,0.4,0.2533087103724223,5,0.21228070175438596,0.10175438596491226,0
country_b30_g1.2_c140,2022/23,UECL,177,0.34377424917525984,0.6332616274757066,0.4444444444444444,0.2572696223945865,19,0.26568539994052925,0.132173654475171,4
country_b30_g1.2_c140,2023/24,UCL,78,0.41647657856853265,0.6624907885040531,0.45,0.23717948717948717,2,0.1474358974358974,0.10256410256410256,0
country_b30_g1.2_c140,2023/24,UEL,57,0.673387613631939,0.7572614107883817,0.5333333333333333,0.1825176977531548,3,0.32748538011695905,0.08187134502923976,0
country_b30_g1.2_c140,2023/24,UECL,178,0.3293490827802754,0.626100352112676,0.4666666666666667,0.2660017674536044,23,0.29176844162188564,0.12860283341475331,5
country_b30_g1.2_c140,2024/25,UCL,81,0.4696754325700049,0.6743796109993293,0.38095238095238093,0.23030025910684346,6,0.12037037037037039,0.07613168724279835,0
country_b30_g1.2_c140,2024/25,UEL,76,0.46881168363399683,0.6796383647798742,0.5263157894736842,0.2427285318559556,9,0.28289473684210525,0.12719298245614036,1
country_b30_g1.2_c140,2024/25,UECL,164,0.3687084873433494,0.645891364902507,0.5121951219512195,0.24784354550862578,31,0.25196695515342254,0.13109756097560976,6
country_b30_g1.2_c140,2025/26,UCL,82,0.4423555113899518,0.6721311475409836,0.38095238095238093,0.24107674003569304,1,0.0060975609756097615,0.0,0
country_b30_g1.2_c140,2025/26,UEL,77,0.4369284662610054,0.6700349786241742,0.55,0.24000674650025297,6,0.19696969696969702,0.12121212121212122,0
country_b30_g1.2_c140,2025/26,UECL,164,0.33906658524596806,0.6296834901625321,0.3902439024390244,0.2629387269482451,23,0.22640509013785792,0.11200954400848356,4
country_b30_g1.2_c180,2018/19,UCL,79,0.5483315991467193,0.7147435897435898,0.45,0.21310687389841373,1,0.5189873417721519,0.0,0
country_b30_g1.2_c180,2018/19,UEL,213,0.4137519806317837,0.6609257265877287,0.5555555555555556,0.2448588243073464,30,0.2268388106416276,0.14374021909233176,3
country_b30_g1.2_c180,2018/19,UECL,0,,,0.0,,0,0.0,0.0,0
country_b30_g1.2_c180,2019/20,UCL,79,0.43501308475369316,0.6725018234865062,0.4,0.24963948085242751,3,0.36075949367088606,0.0,0
country_b30_g1.2_c180,2019/20,UEL,213,0.3823029807308011,0.6448673412878215,0.42592592592592593,0.25435870307919506,25,0.25652582159624415,0.15380281690140843,4
country_b30_g1.2_c180,2019/20,UECL,0,,,0.0,,0,0.0,0.0,0
country_b30_g1.2_c180,2020/21,UCL,79,0.4784174919046372,0.6956521739130435,0.55,0.22560487101426052,1,0.012658227848101278,0.012658227848101278,0
country_b30_g1.2_c180,2020/21,UEL,213,0.43682969283652434,0.6850803453994396,0.5370370370370371,0.24007582269831823,34,0.23550124275062134,0.13456227561447115,5
country_b30_g1.2_c180,2020/21,UECL,0,,,0.0,,0,0.0,0.0,0
country_b30_g1.2_c180,2021/22,UCL,80,0.4472775811693621,0.6672461752433936,0.4,0.24500000000000002,0,0.0,0.0,0
country_b30_g1.2_c180,2021/22,UEL,58,0.4125159341846993,0.6537150647580096,0.4,0.25416171224732464,1,0.03448275862068967,0.03448275862068967,0
country_b30_g1.2_c180,2021/22,UECL,181,0.36627618606273665,0.6431895093062606,0.45652173913043476,0.2536247367296481,31,0.2405988237390839,0.12564605239707716,3
country_b30_g1.2_c180,2022/23,UCL,78,0.3637430857555143,0.637513956084853,0.55,0.25197238658777116,2,0.10897435897435898,0.016025641025641024,0
country_b30_g1.2_c180,2022/23,UEL,57,0.36521346602350085,0.6353666895133653,0.4,0.25146198830409355,5,0.21578947368421048,0.1175438596491228,0
country_b30_g1.2_c180,2022/23,UECL,177,0.3494699159104482,0.6360062309917662,0.4444444444444444,0.25717386447061824,19,0.2710377639012786,0.15581326196848053,4
country_b30_g1.2_c180,2023/24,UCL,78,0.4197797214473069,0.664701547531319,0.45,0.23520710059171593,2,0.1794871794871795,0.15384615384615388,0
country_b30_g1.2_c180,2023/24,UEL,57,0.6818323715338998,0.7627939142461964,0.5333333333333333,0.18190212373037862,3,0.2923976608187135,0.09941520467836258,0
country_b30_g1.2_c180,2023/24,UECL,178,0.3413871699679225,0.6298415492957746,0.4666666666666667,0.26148844842822877,23,0.29860771861260377,0.15327308255984368,5
country_b30_g1.2_c180,2024/25,UCL,81,0.465980781339574,0.6733735747820255,0.38095238095238093,0.23289132754153333,6,0.14711934156378603,0.10699588477366255,1
country_b30_g1.2_c180,2024/25,UEL,76,0.46024032791304853,0.675314465408805,0.5263157894736842,0.24532548476454288,9,0.2785087719298246,0.15350877192982457,2
country_b30_g1.2_c180,2024/25,UECL,164,0.37064862164085044,0.647458217270195,0.5121951219512195,0.24929357525282572,31,0.268095987411487,0.16473249409913454,6
country_b30_g1.2_c180,2025/26,UCL,82,0.44757052088622734,0.6754098360655738,0.38095238095238093,0.24018441403926236,1,0.006097560975609755,0.006097560975609755,0
country_b30_g1.2_c180,2025/26,UEL,77,0.4492712289137721,0.6754760979401477,0.6,0.23595884634845668,6,0.20346320346320346,0.1601731601731602,0
country_b30_g1.2_c180,2025/26,UECL,164,0.34720331287686407,0.6337895637296835,0.4146341463414634,0.2592207019631172,23,0.23647932131495222,0.1420996818663839,5
country_b30_g1.2_c220,2018/19,UCL,79,0.5441758073313258,0.7143874643874644,0.45,0.21438871975644927,1,0.5189873417721519,0.0,0
country_b30_g1.2_c220,2018/19,UEL,213,0.4147116973920682,0.6612845353426624,0.5555555555555556,0.24582864951839362,30,0.23669796557120504,0.15766823161189356,4
country_b30_g1.2_c220,2018/19,UECL,0,,,0.0,,0,0.0,0.0,0
country_b30_g1.2_c220,2019/20,UCL,79,0.43670133133626193,0.6725018234865062,0.4,0.2506008652459542,3,0.35654008438818563,0.0,0
country_b30_g1.2_c220,2019/20,UEL,213,0.3786093351973771,0.6436087197301515,0.4444444444444444,0.2551962793978267,25,0.2615962441314554,0.16845070422535213,4
country_b30_g1.2_c220,2019/20,UECL,0,,,0.0,,0,0.0,0.0,0
country_b30_g1.2_c220,2020/21,UCL,79,0.4717446731946611,0.6941266209000763,0.55,0.22752763980131394,1,0.037974683544303806,0.037974683544303806,0
country_b30_g1.2_c220,2020/21,UEL,213,0.4264030317050164,0.6808486304111626,0.5370370370370371,0.24369062575767594,34,0.245995581331124,0.15299640983153823,6
country_b30_g1.2_c220,2020/21,UECL,0,,,0.0,,0,0.0,0.0,0
country_b30_g1.2_c220,2021/22,UCL,80,0.45001878837663445,0.6679415855354659,0.4,0.2453125,0,0.0,0.0,0
country_b30_g1.2_c220,2021/22,UEL,58,0.4227711663402658,0.656441717791411,0.4,0.25267538644470866,1,0.0517241379310345,0.0517241379310345,0
country_b30_g1.2_c220,2021/22,UECL,181,0.3648144067127433,0.6419909757473209,0.4782608695652174,0.25508989347089533,31,0.246123685617537,0.14239885938335411,4
country_b30_g1.2_c220,2022/23,UCL,78,0.35681975549566425,0.6345366579828805,0.55,0.2537804076265614,2,0.1282051282051282,0.04807692307692307,0
country_b30_g1.2_c220,2022/23,UEL,57,0.369621102168072,0.6394790952707334,0.4,0.25146198830409355,5,0.24385964912280703,0.15263157894736842,0
country_b30_g1.2_c220,2022/23,UECL,177,0.35267928312301333,0.6368221941992434,0.4888888888888889,0.258418717482205,19,0.27995837050252753,0.17633065715135293,4
country_b30_g1.2_c220,2023/24,UCL,78,0.4271639674967674,0.6672807663964628,0.45,0.2322485207100592,2,0.19230769230769237,0.19230769230769237,0
country_b30_g1.2_c220,2023/24,UEL,57,0.683632610621527,0.7662517289073306,0.6,0.18005540166204986,3,0.304093567251462,0.1345029239766082,1
country_b30_g1.2_c220,2023/24,UECL,178,0.34593541896089053,0.630575117370892,0.4444444444444444,0.2619618735008206,23,0.30959941377625794,0.17550073277967757,5
country_b30_g1.2_c220,2024/25,UCL,81,0.45978513543008226,0.6713615023474179,0.38095238095238093,0.2363968907178784,6,0.21707818930041153,0.18209876543209877,1
country_b30_g1.2_c220,2024/25,UEL,76,0.4661296787793775,0.6784591194968553,0.5263157894736842,0.24394044321329642,9,0.2697368421052631,0.17105263157894737,3
country_b30_g1.2_c220,2024/25,UECL,164,0.3686255165252096,0.6471100278551533,0.4634146341463415,0.2510782272456871,31,0.2783241542092841,0.18774586939417778,7
country_b30_g1.2_c220,2025/26,UCL,82,0.44155573052182556,0.6750819672131148,0.38095238095238093,0.2413741820345033,1,0.042682926829268296,0.042682926829268296,0
country_b30_g1.2_c220,2025/26,UEL,77,0.44280660700600555,0.6712009327633113,0.65,0.23460954629785802,6,0.21861471861471862,0.2056277056277056,2
country_b30_g1.2_c220,2025/26,UECL,164,0.3407344215968508,0.6297690333618478,0.43902439024390244,0.2624182034503272,23,0.257423117709438,0.17165959703075293,5
country_b30_g1.2_c260,2018/19,UCL,79,0.5374578901784183,0.7104700854700855,0.45,0.21599102707899373,1,0.5443037974683544,0.0,0
country_b30_g1.2_c260,2018/19,UEL,213,0.4133152874506431,0.661540827310472,0.5370370370370371,0.24673235028323304,30,0.2448356807511737,0.16917057902973393,4
country_b30_g1.2_c260,2018/19,UECL,0,,,0.0,,0,0.0,0.0,0
country_b30_g1.2_c260,2019/20,UCL,79,0.4325854601057661,0.6710430342815463,0.4,0.251241788174972,3,0.3523206751054852,0.0,0
country_b30_g1.2_c260,2019/20,UEL,213,0.37473935354521504,0.6415445803755727,0.4444444444444444,0.25618814609094315,25,0.26328638497652584,0.17971830985915493,4
country_b30_g1.2_c260,2019/20,UECL,0,,,0.0,,0,0.0,0.0,0
country_b30_g1.2_c260,2020/21,UCL,79,0.4691103388063652,0.6926010678871091,0.55,0.22993110078513057,1,0.037974683544303806,0.037974683544303806,0
country_b30_g1.2_c260,2020/21,UEL,213,0.4206043503828849,0.678847143592383,0.5370370370370371,0.24518944653838523,34,0.2542805854736261,0.1692902513117923,7
country_b30_g1.2_c260,2020/21,UECL,0,,,0.0,,0,0.0,0.0,0
country_b30_g1.2_c260,2021/22,UCL,80,0.4440755675781088,0.6662030598052852,0.4,0.24718749999999998,0,0.0,0.0,0
country_b30_g1.2_c260,2021/22,UEL,58,0.437327985235857,0.6625766871165644,0.4666666666666667,0.24970273483947683,1,0.08620689655172412,0.08620689655172412,0
country_b30_g1.2_c260,2021/22,UECL,181,0.3604075417578897,0.6403694303440496,0.4782608695652174,0.2563108574219346,31,0.2511138834432365,0.15763678488682945,5
country_b30_g1.2_c260,2022/23,UCL,78,0.3554401989125207,0.634164495720134,0.55,0.25410913872452334,2,0.10897435897435898,0.04807692307692307,0
country_b30_g1.2_c260,2022/23,UEL,57,0.3839540819270848,0.6456477039067855,0.4,0.24838411819021236,5,0.26491228070175443,0.18070175438596492,1
country_b30_g1.2_c260,2022/23,UECL,177,0.3551491243522386,0.6378606928269416,0.4888888888888889,0.2598550863417281,19,0.2927445732976509,0.19506393101397565,6
country_b30_g1.2_c260,2023/24,UCL,78,0.42255997298233683,0.6639646278555638,0.45,0.2329059829059829,2,0.25,0.25,1
country_b30_g1.2_c260,2023/24,UEL,57,0.6967252585315438,0.7759336099585062,0.6,0.17328408741151125,3,0.2280701754385965,0.14619883040935674,1
country_b30_g1.2_c260,2023/24,UECL,178,0.3520439610531533,0.6335827464788732,0.4444444444444444,0.26180406514329,23,0.3203468490473864,0.1950415241817294,5
country_b30_g1.2_c260,2024/25,UCL,81,0.4543056834514125,0.6713615023474179,0.38095238095238093,0.23868312757201646,6,0.26028806584362146,0.2294238683127572,2
country_b30_g1.2_c260,2024/25,UEL,76,0.46491309925769453,0.6792452830188679,0.5789473684210527,0.24151662049861494,9,0.2536549707602339,0.1871345029239766,3
country_b30_g1.2_c260,2024/25,UECL,164,0.37255003622321964,0.6464136490250696,0.43902439024390244,0.25189619274241526,31,0.2808811959087333,0.20151455546813532,7
country_b30_g1.2_c260,2025/26,UCL,82,0.4340399815418992,0.6698360655737705,0.42857142857142855,0.2425639500297442,1,0.06707317073170732,0.06707317073170732,0
country_b30_g1.2_c260,2025/26,UEL,77,0.44981772272453174,0.6712009327633113,0.65,0.236802158880081,6,0.2705627705627705,0.2705627705627705,3
country_b30_g1.2_c260,2025/26,UECL,164,0.3402028073677502,0.6296834901625321,0.43902439024390244,0.2640169541939322,23,0.26723223753976666,0.18942205726405092,5
country_b30_g1.2_c300,2018/19,UCL,79,0.5257260531066434,0.7061965811965812,0.45,0.21983656465310047,1,0.5443037974683544,0.0,0
country_b30_g1.2_c300,2018/19,UEL,213,0.4122597880589974,0.6607206930134809,0.5185185185185185,0.24754788511979545,30,0.2518779342723005,0.18020344287949927,4
country_b30_g1.2_c300,2018/19,UECL,0,,,0.0,,0,0.0,0.0,0
country_b30_g1.2_c300,2019/20,UCL,79,0.4248712822905254,0.6677607585703865,0.4,0.25316455696202533,3,0.33544303797468356,0.0,0
country_b30_g1.2_c300,2019/20,UEL,213,0.3672573053469456,0.639430096158687,0.4444444444444444,0.2574665520509599,25,0.26629107981220657,0.19380281690140844,6
country_b30_g1.2_c300,2019/20,UECL,0,,,0.0,,0,0.0,0.0,0
country_b30_g1.2_c300,2020/21,UCL,79,0.4670103269590915,0.6918382913806255,0.55,0.2318538695721839,1,0.037974683544303806,0.037974683544303806,0
country_b30_g1.2_c300,2020/21,UEL,213,0.4125203823061025,0.6746726139417853,0.5370370370370371,0.24783442438669578,34,0.26256558961612814,0.18503175918254627,8
country_b30_g1.2_c300,2020/21,UECL,0,,,0.0,,0,0.0,0.0,0
country_b30_g1.2_c300,2021/22,UCL,80,0.4412989137259149,0.6655076495132128,0.4,0.2484375,0,0.0,0.0,0
country_b30_g1.2_c300,2021/22,UEL,58,0.44440378371401373,0.6646216768916156,0.4666666666666667,0.2497027348394768,1,0.13793103448275865,0.13793103448275865,0
country_b30_g1.2_c300,2021/22,UECL,181,0.3560734582433232,0.6382543711223915,0.4782608695652174,0.25792863465706173,31,0.25806451612903225,0.1750133666013188,7
country_b30_g1.2_c300,2022/23,UCL,78,0.3476738062963052,0.6315593598809081,0.55,0.2560815253122946,2,0.08974358974358976,0.0608974358974359,0
country_b30_g1.2_c300,2022/23,UEL,57,0.39440181204754965,0.6456477039067855,0.4,0.24653739612188366,5,0.28947368421052627,0.22280701754385968,1
country_b30_g1.2_c300,2022/23,UECL,177,0.35013373374415824,0.6348193754172539,0.4666666666666667,0.26196176066902865,19,0.29928635147190014,0.20993160868272376,6
country_b30_g1.2_c300,2023/24,UCL,78,0.4138238615075866,0.6606484893146647,0.45,0.23504273504273493,2,0.32051282051282054,0.32051282051282054,1
country_b30_g1.2_c300,2023/24,UEL,57,0.694466776767066,0.7752420470262794,0.6,0.1711295783317944,3,0.2280701754385965,0.18128654970760236,1
country_b30_g1.2_c300,2023/24,UECL,178,0.35419300331085485,0.6354900234741784,0.4222222222222222,0.26230905188738796,23,0.33133854421104053,0.21433805569125547,5
country_b30_g1.2_c300,2024/25,UCL,81,0.44567725180865236,0.6670020120724346,0.38095238095238093,0.2400548696844993,6,0.3034979423868313,0.2767489711934156,3
country_b30_g1.2_c300,2024/25,UEL,76,0.46176105231515224,0.6772798742138365,0.5263157894736842,0.238573407202216,9,0.2448830409356725,0.20321637426900585,3
country_b30_g1.2_c300,2024/25,UECL,164,0.37152949516010075,0.6460654596100278,0.43902439024390244,0.25256543723973823,31,0.28697875688434304,0.21646341463414634,7
country_b30_g1.2_c300,2025/26,UCL,82,0.4316515948398235,0.6681967213114755,0.42857142857142855,0.24434860202260558,1,0.11585365853658536,0.11585365853658536,0
country_b30_g1.2_c300,2025/26,UEL,77,0.4379947956478535,0.6677030703458997,0.6,0.24219935908247595,6,0.3354978354978355,0.3354978354978355,4
country_b30_g1.2_c300,2025/26,UECL,164,0.32799771592140625,0.625235243798118,0.4634146341463415,0.2684042236763831,23,0.2828738069989396,0.20877518557794278,5
country_b30_g1.2_c360,2018/19,UCL,79,0.5191307256828036,0.7026353276353277,0.45,0.22224002563691725,1,0.5443037974683544,0.0,0
country_b30_g1.2_c360,2018/19,UEL,213,0.4029505984991273,0.6570813470705829,0.5185185185185185,0.2503030703784523,30,0.2622065727699531,0.19663536776212837,6
country_b30_g1.2_c360,2018/19,UECL,0,,,0.0,,0,0.0,0.0,0
country_b30_g1.2_c360,2019/20,UCL,79,0.41475412576286946,0.6652078774617067,0.4,0.2560487101426053,3,0.3143459915611814,0.004219409282700426,0
country_b30_g1.2_c360,2019/20,UEL,213,0.3548441211307275,0.6349997482756885,0.42592592592592593,0.2598249906323701,25,0.27474178403755867,0.21173708920187792,7
country_b30_g1.2_c360,2019/20,UECL,0,,,0.0,,0,0.0,0.0,0
country_b30_g1.2_c360,2020/21,UCL,79,0.4579765481841332,0.686880244088482,0.55,0.23425733055600062,1,0.05063291139240508,0.05063291139240508,0
country_b30_g1.2_c360,2020/21,UEL,213,0.393184779414719,0.6670097786927431,0.5,0.2527496748881395,34,0.2752692626346313,0.20809168737917705,10
country_b30_g1.2_c360,2020/21,UECL,0,,,0.0,,0,0.0,0.0,0
country_b30_g1.2_c360,2021/22,UCL,80,0.4374943071709938,0.6641168289290682,0.4,0.24890625000000002,0,0.0,0.0,0
country_b30_g1.2_c360,2021/22,UEL,58,0.44826897759635487,0.6666666666666666,0.5333333333333333,0.2526753864447087,1,0.20689655172413793,0.20689655172413793,0
country_b30_g1.2_c360,2021/22,UECL,181,0.3461628812757669,0.6347997743936831,0.45652173913043476,0.26015689386770857,31,0.2689360185350205,0.19622170736054179,8
country_b30_g1.2_c360,2022/23,UCL,78,0.34219390097992947,0.6308150353554149,0.55,0.25788954635108485,2,0.08333333333333334,0.06730769230769232,0
country_b30_g1.2_c360,2022/23,UEL,57,0.4050780862643997,0.6470185058259081,0.4666666666666667,0.24253616497383812,5,0.3526315789473684,0.29298245614035084,3
country_b30_g1.2_c360,2022/23,UECL,177,0.3454113007585581,0.6335583413693346,0.4444444444444444,0.26202559928500746,19,0.30463871543264937,0.22747546833184656,6
country_b30_g1.2_c360,2023/24,UCL,78,0.3999098503850281,0.6554900515843773,0.45,0.23767258382642995,2,0.43589743589743596,0.43589743589743596,1
country_b30_g1.2_c360,2023/24,UEL,57,0.6869385042188063,0.7738589211618258,0.6,0.16835949522930135,3,0.25146198830409355,0.25146198830409355,1
country_b30_g1.2_c360,2023/24,UECL,178,0.3558826918295796,0.6366637323943662,0.4,0.26136220174220426,23,0.342085979482169,0.23729848558866634,5
country_b30_g1.2_c360,2024/25,UCL,81,0.4233388220615857,0.6589537223340041,0.38095238095238093,0.2421886907483615,6,0.36111111111111116,0.34670781893004116,3
country_b30_g1.2_c360,2024/25,UEL,76,0.4551804630842306,0.6761006289308176,0.631578947368421,0.2352839335180055,9,0.25073099415204675,0.23099415204678364,4
country_b30_g1.2_c360,2024/25,UECL,164,0.36836554129503835,0.6451949860724234,0.43902439024390244,0.25524241522903035,31,0.2991738788355625,0.23839496459480725,7
country_b30_g1.2_c360,2025/26,UCL,82,0.42753217557385803,0.6659016393442623,0.38095238095238093,0.2446460440214158,1,0.11585365853658536,0.11585365853658536,0
country_b30_g1.2_c360,2025/26,UEL,77,0.4154152708813452,0.6544889234356782,0.6,0.2496205093607691,6,0.4220779220779221,0.4220779220779221,4
country_b30_g1.2_c360,2025/26,UECL,164,0.3190856027698274,0.6225834046193328,0.4634146341463415,0.2697055324211779,23,0.29718981972428415,0.23210498409331917,7
country_b30_g1.4_c100,2018/19,UCL,79,0.5621964975042711,0.7218660968660968,0.45,0.20974202852107032,1,0.4810126582278481,0.0,0
country_b30_g1.4_c100,2018/19,UEL,213,0.4111028346959755,0.6605669178327951,0.5185185185185185,0.24377879168595298,30,0.20743348982785603,0.10672926447574334,3
country_b30_g1.4_c100,2018/19,UECL,0,,,0.0,,0,0.0,0.0,0
country_b30_g1.4_c100,2019/20,UCL,79,0.44105133895412124,0.674325309992706,0.4,0.2445120974202852,3,0.41561181434599154,0.0,0
country_b30_g1.4_c100,2019/20,UEL,213,0.3925248278415628,0.6471328600916276,0.4074074074074074,0.25228680376468515,25,0.2317370892018779,0.1,2
country_b30_g1.4_c100,2019/20,UECL,0,,,0.0,,0,0.0,0.0,0
country_b30_g1.4_c100,2020/21,UCL,79,0.48153644441153487,0.6967963386727689,0.55,0.2233616407626983,1,0.01265822784810125,0.0,0
country_b30_g1.4_c100,2020/21,UEL,213,0.4633707539091682,0.6956596328701321,0.5,0.22894487425334478,34,0.2088511460922397,0.0823667495167081,2
country_b30_g1.4_c100,2020/21,UECL,0,,,0.0,,0,0.0,0.0,0
country_b30_g1.4_c100,2021/22,UCL,80,0.44420553860948797,0.6655076495132128,0.4,0.24406250000000002,0,0.0,0.0,0
country_b30_g1.4_c100,2021/22,UEL,58,0.3579668269742396,0.6332651670074982,0.4,0.26516052318668254,1,0.13793103448275862,0.0,0
country_b30_g1.4_c100,2021/22,UECL,181,0.338837583074468,0.6321912013536379,0.4782608695652174,0.25814230334849364,31,0.2366779540188915,0.0673676706469435,2
country_b30_g1.4_c100,2022/23,UCL,78,0.3664255568894045,0.637513956084853,0.55,0.25230111768573305,2,0.17307692307692307,0.0,0
country_b30_g1.4_c100,2022/23,UEL,57,0.36132821638495294,0.630568882796436,0.4,0.25577100646352724,5,0.21578947368421053,0.05614035087719298,0
country_b30_g1.4_c100,2022/23,UECL,177,0.33503379816148426,0.6297752392255768,0.4666666666666667,0.2589294264100354,19,0.2639012786202795,0.08994944989592626,2
country_b30_g1.4_c100,2023/24,UCL,78,0.4176371422826966,0.6621223286661754,0.45,0.2365220249835634,2,0.141025641025641,0.07692307692307693,0
country_b30_g1.4_c100,2023/24,UEL,57,0.6660557308023295,0.7538035961272476,0.5333333333333333,0.17943982763927363,3,0.3567251461988304,0.05847953216374269,0
country_b30_g1.4_c100,2023/24,UECL,178,0.31678478755361256,0.6212588028169014,0.4888888888888889,0.2727244034844085,23,0.2990962383976551,0.09587200781631655,4
country_b30_g1.4_c100,2024/25,UCL,81,0.47082361649084653,0.6740442655935613,0.42857142857142855,0.22999542752629173,6,0.11625514403292182,0.06378600823045268,0
country_b30_g1.4_c100,2024/25,UEL,76,0.47472868403490953,0.6851415094339622,0.5263157894736842,0.23805401662049855,9,0.2843567251461988,0.0891812865497076,1
country_b30_g1.4_c100,2024/25,UECL,164,0.34109856476037925,0.6338788300835655,0.4634146341463415,0.2575475907198096,31,0.25885129819040126,0.09480723839496459,4
country_b30_g1.4_c100,2025/26,UCL,82,0.4432429394765029,0.6711475409836065,0.38095238095238093,0.24107674003569302,1,0.0060975609756097615,0.0,0
country_b30_g1.4_c100,2025/26,UEL,77,0.41840099316451984,0.6603186941313641,0.55,0.24742789677854612,6,0.18614718614718617,0.06060606060606061,0
country_b30_g1.4_c100,2025/26,UECL,164,0.31120917329773967,0.6176218990590248,0.43902439024390244,0.2736094586555622,23,0.2372746553552492,0.0751590668080594,3
country_b30_g1.4_c140,2018/19,UCL,79,0.5551598470557877,0.7183048433048433,0.45,0.21118410511136035,1,0.4936708860759494,0.0,0
country_b30_g1.4_c140,2018/19,UEL,213,0.4136196493647714,0.661643344097596,0.5370370370370371,0.24413145539906103,30,0.21087636932707357,0.118622848200313,3
country_b30_g1.4_c140,2018/19,UECL,0,,,0.0,,0,0.0,0.0,0
country_b30_g1.4_c140,2019/20,UCL,79,0.4374776783048883,0.6735959153902261,0.4,0.24707578913635636,3,0.39029535864978904,0.0,0
country_b30_g1.4_c140,2019/20,UEL,213,0.3909773372052353,0.647787343301616,0.4444444444444444,0.25330071193987086,25,0.2403755868544601,0.11943661971830986,2
country_b30_g1.4_c140,2019/20,UECL,0,,,0.0,,0,0.0,0.0,0
country_b30_g1.4_c140,2020/21,UCL,79,0.47876542286158197,0.6960335621662853,0.55,0.22464348662073383,1,0.0,0.0,0
country_b30_g1.4_c140,2020/21,UEL,213,0.45481528015424577,0.6928003659861611,0.5370370370370371,0.23236130397407923,34,0.21851698425849211,0.10335542667771336,4
country_b30_g1.4_c140,2020/21,UECL,0,,,0.0,,0,0.0,0.0,0
country_b30_g1.4_c140,2021/22,UCL,80,0.44645049278785753,0.6672461752433936,0.4,0.24375,0,0.0,0.0,0
country_b30_g1.4_c140,2021/22,UEL,58,0.38910657446181063,0.6448534423994546,0.4,0.25772889417360284,1,0.06896551724137931,0.0,0
country_b30_g1.4_c140,2021/22,UECL,181,0.3536450183554311,0.6384658770445573,0.4782608695652174,0.25570037544641494,31,0.23863838887898772,0.08902156478346106,3
country_b30_g1.4_c140,2022/23,UCL,78,0.36809890793006933,0.6382582806103461,0.55,0.25131492439184744,2,0.1346153846153846,0.0,0
country_b30_g1.4_c140,2022/23,UEL,57,0.37089441927650363,0.6394790952707334,0.4,0.2508464142813173,5,0.21228070175438596,0.08771929824561404,0
country_b30_g1.4_c140,2022/23,UECL,177,0.3413164773611929,0.6320005934277872,0.4666666666666667,0.2574930575505123,19,0.2710377639012786,0.11804936068986024,3
country_b30_g1.4_c140,2023/24,UCL,78,0.414742109720991,0.6621223286661754,0.45,0.23849441157133455,2,0.1474358974358974,0.10256410256410256,0
country_b30_g1.4_c140,2023/24,UEL,57,0.6705072310917353,0.7538035961272476,0.5333333333333333,0.1825176977531548,3,0.32748538011695905,0.08187134502923976,0
country_b30_g1.4_c140,2023/24,UECL,178,0.3263762230188688,0.6258802816901409,0.4888888888888889,0.26843201615957585,23,0.29469956033219347,0.11394723986321446,4
country_b30_g1.4_c140,2024/25,UCL,81,0.47231284514065086,0.6753856472166331,0.38095238095238093,0.22999542752629173,6,0.12242798353909466,0.07407407407407407,0
country_b30_g1.4_c140,2024/25,UEL,76,0.47430011624886215,0.6835691823899371,0.5263157894736842,0.24082409972299165,9,0.2872807017543859,0.11403508771929825,1
country_b30_g1.4_c140,2024/25,UECL,164,0.36363205612016575,0.6431928969359332,0.5365853658536586,0.24951665675193338,31,0.25157356412273796,0.11516522423288747,6
country_b30_g1.4_c140,2025/26,UCL,82,0.44251984992449833,0.6711475409836065,0.38095238095238093,0.24107674003569304,1,0.0060975609756097615,0.0,0
country_b30_g1.4_c140,2025/26,UEL,77,0.4341560098552004,0.6677030703458997,0.55,0.23966942148760334,6,0.183982683982684,0.10822510822510822,0
country_b30_g1.4_c140,2025/26,UECL,164,0.33755437689479617,0.6281437125748504,0.4146341463414634,0.2637938726948245,23,0.22481442205726407,0.09822375397667019,4
country_b30_g1.4_c180,2018/19,UCL,79,0.5473631402870848,0.7147435897435898,0.45,0.21406825829194037,1,0.5189873417721519,0.0,0
country_b30_g1.4_c180,2018/19,UEL,213,0.41510491029976176,0.661643344097596,0.5555555555555556,0.2448367828252772,30,0.22057902973395932,0.13090766823161187,3
country_b30_g1.4_c180,2018/19,UECL,0,,,0.0,,0,0.0,0.0,0
country_b30_g1.4_c180,2019/20,UCL,79,0.4304042948129584,0.6710430342815463,0.4,0.2506008652459541,3,0.38185654008438813,0.0,0
country_b30_g1.4_c180,2019/20,UEL,213,0.38436692910990944,0.6451694104616624,0.4444444444444444,0.2545570764178183,25,0.2473239436619718,0.135962441314554,3
country_b30_g1.4_c180,2019/20,UECL,0,,,0.0,,0,0.0,0.0,0
country_b30_g1.4_c180,2020/21,UCL,79,0.47671511543672895,0.6952707856598017,0.55,0.2249639480852427,1,0.01265822784810125,0.0,0
country_b30_g1.4_c180,2020/21,UEL,213,0.4437661799264245,0.6877680562703723,0.5370370370370371,0.2370561396548304,34,0.22997790665562,0.1211681855840928,5
country_b30_g1.4_c180,2020/21,UECL,0,,,0.0,,0,0.0,0.0,0
country_b30_g1.4_c180,2021/22,UCL,80,0.44348479016274833,0.6655076495132128,0.4,0.2459375,0,0.0,0.0,0
country_b30_g1.4_c180,2021/22,UEL,58,0.41257827602151126,0.6530334014996592,0.4,0.25445897740784784,1,0.017241379310344834,0.0,0
country_b30_g1.4_c180,2021/22,UECL,181,0.3638374952677618,0.642272983643542,0.45652173913043476,0.2535636885320961,31,0.24273747995009803,0.10818036000712886,3
country_b30_g1.4_c180,2022/23,UCL,78,0.36548030515650975,0.6378861183475996,0.55,0.2519723865877711,2,0.09615384615384616,0.0,0
country_b30_g1.4_c180,2022/23,UEL,57,0.3687395749391577,0.6381082933516107,0.4,0.25146198830409355,5,0.21228070175438596,0.11228070175438595,0
country_b30_g1.4_c180,2022/23,UECL,177,0.3444369697894101,0.6337066983161487,0.4666666666666667,0.2571738644706183,19,0.2719298245614035,0.1384180790960452,4
country_b30_g1.4_c180,2023/24,UCL,78,0.4111711444466406,0.6613854089904201,0.45,0.23783694937541092,2,0.1794871794871795,0.15384615384615388,0
country_b30_g1.4_c180,2023/24,UEL,57,0.6803921802637979,0.7627939142461964,0.5333333333333333,0.18251769775315485,3,0.29824561403508776,0.09941520467836258,0
country_b30_g1.4_c180,2023/24,UECL,178,0.3336579502472978,0.6271273474178404,0.4666666666666667,0.26473930059335943,23,0.3025158768930141,0.13666340986809966,5
country_b30_g1.4_c180,2024/25,UCL,81,0.46692433842303793,0.6730382293762576,0.38095238095238093,0.23289132754153333,6,0.14711934156378603,0.10493827160493828,1
country_b30_g1.4_c180,2024/25,UEL,76,0.47316648533093025,0.6819968553459119,0.5263157894736842,0.24134349030470914,9,0.2828947368421052,0.13742690058479534,1
country_b30_g1.4_c180,2024/25,UECL,164,0.37438783984501506,0.6487639275766016,0.5365853658536586,0.24706276026174895,31,0.26140833988985046,0.14171911880409124,6
country_b30_g1.4_c180,2025/26,UCL,82,0.44750478547240874,0.6744262295081968,0.38095238095238093,0.2395895300416419,1,0.0060975609756097615,0.0,0
country_b30_g1.4_c180,2025/26,UEL,77,0.44377963257150443,0.6735328410415857,0.55,0.23730814639905545,6,0.1948051948051948,0.1471861471861472,0
country_b30_g1.4_c180,2025/26,UECL,164,0.35231424656648075,0.63464499572284,0.3902439024390244,0.2588117192147531,23,0.22030752916224816,0.11678154825026513,5
country_b30_g1.4_c220,2018/19,UCL,79,0.5467869685604668,0.7147435897435898,0.45,0.21374779682743147,1,0.5189873417721519,0.0,0
country_b30_g1.4_c220,2018/19,UEL,213,0.4157545938059032,0.6624122200010252,0.5555555555555556,0.24457228504044612,30,0.2276212832550861,0.1421752738654147,3
country_b30_g1.4_c220,2018/19,UECL,0,,,0.0,,0,0.0,0.0,0
country_b30_g1.4_c220,2019/20,UCL,79,0.43033035700642247,0.6710430342815463,0.4,0.25124178817497195,3,0.3691983122362869,0.0,0
country_b30_g1.4_c220,2019/20,UEL,213,0.3821348025107947,0.6446659618385944,0.4444444444444444,0.25490974013092643,25,0.2525821596244131,0.1511737089201878,4
country_b30_g1.4_c220,2019/20,UECL,0,,,0.0,,0,0.0,0.0,0
country_b30_g1.4_c220,2020/21,UCL,79,0.47354645850741073,0.6941266209000763,0.55,0.22608556321102388,1,0.01265822784810125,0.0,0
country_b30_g1.4_c220,2020/21,UEL,213,0.4333311336050181,0.6834219706067365,0.5370370370370371,0.2406709427141881,34,0.24116266224799776,0.13732394366197181,5
country_b30_g1.4_c220,2020/21,UECL,0,,,0.0,,0,0.0,0.0,0
country_b30_g1.4_c220,2021/22,UCL,80,0.4524055291346904,0.6693324061196105,0.4,0.24437499999999995,0,0.0,0.0,0
country_b30_g1.4_c220,2021/22,UEL,58,0.42688572756985466,0.6591683708248125,0.4,0.2508917954815696,1,0.03448275862068967,0.03448275862068967,0
country_b30_g1.4_c220,2021/22,UECL,181,0.36837557183327396,0.643542019176537,0.45652173913043476,0.25307530295168035,31,0.24327214400285155,0.12163607200142576,4
country_b30_g1.4_c220,2022/23,UCL,78,0.36263177628575977,0.6360253070338667,0.55,0.25295857988165676,2,0.10256410256410256,0.009615384615384609,0
country_b30_g1.4_c220,2022/23,UEL,57,0.37559589783071284,0.6401644962302947,0.4,0.24961526623576483,5,0.22982456140350874,0.13157894736842105,0
country_b30_g1.4_c220,2022/23,UECL,177,0.34915062501853145,0.6356353386247311,0.4444444444444444,0.2576526540904593,19,0.2808504311626524,0.15819209039548024,4
country_b30_g1.4_c220,2023/24,UCL,78,0.4184661163642422,0.6639646278555638,0.45,0.23487836949375407,2,0.1794871794871795,0.1730769230769231,0
country_b30_g1.4_c220,2023/24,UEL,57,0.6877895263329574,0.7669432918395575,0.6,0.1806709756848261,3,0.2923976608187135,0.12280701754385966,1
country_b30_g1.4_c220,2023/24,UECL,178,0.338060629393407,0.6283744131455399,0.4666666666666667,0.26322434036106557,23,0.3100879335613092,0.1574255007327797,5
country_b30_g1.4_c220,2024/25,UCL,81,0.46188824459201977,0.6716968477531858,0.38095238095238093,0.23548239597622317,6,0.20267489711934158,0.1656378600823045,1
country_b30_g1.4_c220,2024/25,UEL,76,0.4740236209030251,0.6804245283018868,0.5263157894736842,0.24082409972299165,9,0.26973684210526316,0.15789473684210525,2
country_b30_g1.4_c220,2024/25,UECL,164,0.3732718823410355,0.6485027855153204,0.5121951219512195,0.24947947650208213,31,0.27321007081038545,0.16571597167584579,6
country_b30_g1.4_c220,2025/26,UCL,82,0.44301286552813784,0.6744262295081968,0.42857142857142855,0.2410767400356931,1,0.0060975609756097615,0.0,0
country_b30_g1.4_c220,2025/26,UEL,77,0.4488980136283752,0.6739214924212981,0.65,0.2335975712599089,6,0.20346320346320346,0.18614718614718617,1
country_b30_g1.4_c220,2025/26,UECL,164,0.350434315419532,0.6338751069289992,0.43902439024390244,0.25855145746579417,23,0.23939554612937436,0.14514846235418874,5
country_b30_g1.4_c260,2018/19,UCL,79,0.5398606488681442,0.7122507122507122,0.45,0.21599102707899373,1,0.5189873417721519,0.0,0
country_b30_g1.4_c260,2018/19,UEL,213,0.4190187650588733,0.6637449382336358,0.5555555555555556,0.24490290727148495,30,0.2373239436619718,0.15391236306729264,3
country_b30_g1.4_c260,2018/19,UECL,0,,,0.0,,0,0.0,0.0,0
country_b30_g1.4_c260,2019/20,UCL,79,0.4317721442338716,0.6703136396790663,0.4,0.25124178817497195,3,0.36075949367088606,0.0,0
country_b30_g1.4_c260,2019/20,UEL,213,0.381147069233593,0.64426320294014,0.4444444444444444,0.2547113667923031,25,0.25859154929577466,0.1631924882629108,4
country_b30_g1.4_c260,2019/20,UECL,0,,,0.0,,0,0.0,0.0,0
country_b30_g1.4_c260,2020/21,UCL,79,0.469980166198727,0.6926010678871091,0.55,0.2289697163916039,1,0.012658227848101278,0.012658227848101278,0
country_b30_g1.4_c260,2020/21,UEL,213,0.42884312196548624,0.6817064104763538,0.5370370370370371,0.24263263461835177,34,0.24834299917149963,0.1508561170947252,7
country_b30_g1.4_c260,2020/21,UECL,0,,,0.0,,0,0.0,0.0,0
country_b30_g1.4_c260,2021/22,UCL,80,0.4476320476185784,0.6662030598052852,0.4,0.24625,0,0.0,0.0,0
country_b30_g1.4_c260,2021/22,UEL,58,0.4362370030916478,0.6612133605998637,0.4666666666666667,0.24910820451843046,1,0.0517241379310345,0.0517241379310345,0
country_b30_g1.4_c260,2021/22,UECL,181,0.3681531271495794,0.6428369994359842,0.4782608695652174,0.25402155001373583,31,0.24737123507396191,0.1355373373730173,4
country_b30_g1.4_c260,2022/23,UCL,78,0.3589146377145118,0.6349088202456271,0.55,0.2521367521367521,2,0.08974358974358973,0.016025641025641024,0
country_b30_g1.4_c260,2022/23,UEL,57,0.3847376616861196,0.6463331048663468,0.4,0.24838411819021242,5,0.2543859649122807,0.16666666666666666,1
country_b30_g1.4_c260,2022/23,UECL,177,0.35042998302531814,0.6360804094651732,0.4666666666666667,0.2583867981742156,19,0.28917633065715137,0.17395182872435327,4
country_b30_g1.4_c260,2023/24,UCL,78,0.41995826971102435,0.6635961680176861,0.45,0.23323471400394474,2,0.25,0.25,1
country_b30_g1.4_c260,2023/24,UEL,57,0.6846472908345533,0.7676348547717843,0.6,0.17820867959372114,3,0.2456140350877193,0.14619883040935674,1
country_b30_g1.4_c260,2023/24,UECL,178,0.3436138494772822,0.6302816901408451,0.4444444444444444,0.2634137103901023,23,0.3188812896922325,0.17525647288715193,5
country_b30_g1.4_c260,2024/25,UCL,81,0.4527823503287117,0.6696847753185782,0.38095238095238093,0.23868312757201648,6,0.2561728395061728,0.22119341563786007,2
country_b30_g1.4_c260,2024/25,UEL,76,0.4762494084370133,0.6831761006289309,0.5789473684210527,0.2397853185595568,9,0.2521929824561403,0.16812865497076024,3
country_b30_g1.4_c260,2024/25,UECL,164,0.3721476277552419,0.648241643454039,0.4878048780487805,0.25063206424747175,31,0.2783241542092839,0.18164830841856805,6
country_b30_g1.4_c260,2025/26,UCL,82,0.44184058398170617,0.6721311475409836,0.42857142857142855,0.2415229030339084,1,0.0060975609756097615,0.0,0
country_b30_g1.4_c260,2025/26,UEL,77,0.4520303562022416,0.6731441896618733,0.65,0.23477820880418288,6,0.2467532467532468,0.2467532467532468,2
country_b30_g1.4_c260,2025/26,UECL,164,0.34852821673280887,0.6325064157399487,0.4634146341463415,0.26063355145746575,23,0.256627783669141,0.16794803817603393,5
country_b30_g1.4_c300,2018/19,UCL,79,0.5346260674369554,0.7097578347578347,0.45,0.21743310366928378,1,0.5189873417721519,0.0,0
country_b30_g1.4_c300,2018/19,UEL,213,0.4190691769701161,0.6642062637756933,0.5370370370370371,0.2448588243073464,30,0.2438967136150235,0.16392801251956182,3
country_b30_g1.4_c300,2018/19,UECL,0,,,0.0,,0,0.0,0.0,0
country_b30_g1.4_c300,2019/20,UCL,79,0.4279397012617633,0.6688548504741065,0.4,0.2528440954975165,3,0.36075949367088606,0.0,0
country_b30_g1.4_c300,2019/20,UEL,213,0.378677108509917,0.6429542365201631,0.4444444444444444,0.2553285282902423,25,0.26272300469483567,0.1752112676056338,5
country_b30_g1.4_c300,2019/20,UECL,0,,,0.0,,0,0.0,0.0,0
country_b30_g1.4_c300,2020/21,UCL,79,0.4680665459355309,0.6918382913806255,0.55,0.2308924851786572,1,0.012658227848101278,0.012658227848101278,0
country_b30_g1.4_c300,2020/21,UEL,213,0.42239104084587764,0.67913307028078,0.5370370370370371,0.24507923912803892,34,0.2566280033140017,0.16452637392985361,7
country_b30_g1.4_c300,2020/21,UECL,0,,,0.0,,0,0.0,0.0,0
country_b30_g1.4_c300,2021/22,UCL,80,0.4425513618464789,0.6655076495132128,0.4,0.248125,0,0.0,0.0,0
country_b30_g1.4_c300,2021/22,UEL,58,0.44212830667037745,0.6625766871165644,0.4666666666666667,0.24910820451843046,1,0.08620689655172412,0.08620689655172412,0
country_b30_g1.4_c300,2021/22,UECL,181,0.3639543556085046,0.6419909757473209,0.4782608695652174,0.2543573151002716,31,0.2480841204776332,0.14578506505079308,5
country_b30_g1.4_c300,2022/23,UCL,78,0.35739457073864067,0.6352809825083736,0.55,0.2534516765285996,2,0.08974358974358973,0.04166666666666666,0
country_b30_g1.4_c300,2022/23,UEL,57,0.397242288674051,0.6497601096641535,0.4,0.24530624807633117,5,0.2719298245614035,0.19122807017543858,1
country_b30_g1.4_c300,2022/23,UECL,177,0.3534648923278669,0.6368963726726504,0.4888888888888889,0.2599508442656963,19,0.2975022301516503,0.19119833482010112,4
country_b30_g1.4_c300,2023/24,UCL,78,0.41842785602201704,0.6621223286661754,0.45,0.23389217619986852,2,0.28846153846153844,0.28846153846153844,1
country_b30_g1.4_c300,2023/24,UEL,57,0.6966925269117688,0.7766251728907331,0.6,0.17389966143428748,3,0.2105263157894737,0.15789473684210528,1
country_b30_g1.4_c300,2023/24,UECL,178,0.3461370601561692,0.6310152582159625,0.4444444444444444,0.2635083954046207,23,0.32425500732779683,0.1891792867611138,5
country_b30_g1.4_c300,2024/25,UCL,81,0.44955379356119674,0.670020120724346,0.38095238095238093,0.24005486968449935,6,0.2911522633744856,0.26028806584362135,2
country_b30_g1.4_c300,2024/25,UEL,76,0.4754060976322103,0.6831761006289309,0.5263157894736842,0.2380540166204986,9,0.2404970760233918,0.18274853801169588,3
country_b30_g1.4_c300,2024/25,UECL,164,0.3747805683842099,0.6483286908077994,0.43902439024390244,0.2510782272456871,31,0.28186467348544453,0.19305664830841857,7
country_b30_g1.4_c300,2025/26,UCL,82,0.4379621945664089,0.6708196721311476,0.42857142857142855,0.2424152290303391,1,0.030487804878048773,0.030487804878048773,0
country_b30_g1.4_c300,2025/26,UEL,77,0.44968443155117577,0.6708122813835989,0.6,0.2381514589306797,6,0.3051948051948052,0.3051948051948052,3
country_b30_g1.4_c300,2025/26,UECL,164,0.3469196016561523,0.63267750213858,0.43902439024390244,0.2620092207019631,23,0.26564156945917283,0.18385471898197242,5
country_b30_g1.4_c360,2018/19,UCL,79,0.5244020840327128,0.7051282051282052,0.45,0.22095817977888166,1,0.5189873417721519,0.0,0
country_b30_g1.4_c360,2018/19,UEL,213,0.41384272207202066,0.661643344097596,0.5,0.24662214287288675,30,0.2529733959311424,0.17769953051643192,5
country_b30_g1.4_c360,2018/19,UECL,0,,,0.0,,0,0.0,0.0,0
country_b30_g1.4_c360,2019/20,UCL,79,0.42113742306046476,0.6673960612691466,0.4,0.2554077872135876,3,0.35654008438818563,0.0,0
country_b30_g1.4_c360,2019/20,UEL,213,0.3688976705226796,0.6401349242309823,0.42592592592592593,0.2573343031585444,25,0.26985915492957746,0.19098591549295776,5
country_b30_g1.4_c360,2019/20,UECL,0,,,0.0,,0,0.0,0.0,0
country_b30_g1.4_c360,2020/21,UCL,79,0.4624623723075994,0.6891685736079328,0.55,0.23329594616247395,1,0.0,0.0,0
country_b30_g1.4_c360,2020/21,UEL,213,0.41056534303053177,0.6742723165780294,0.5185185185185185,0.24836341995635786,34,0.26587959127312893,0.18323667495167076,7
country_b30_g1.4_c360,2020/21,UECL,0,,,0.0,,0,0.0,0.0,0
country_b30_g1.4_c360,2021/22,UCL,80,0.4395265814798337,0.6658553546592489,0.45,0.24874999999999997,0,0.0,0.0,0
country_b30_g1.4_c360,2021/22,UEL,58,0.4397593168715232,0.6639400136332652,0.5333333333333333,0.2541617122473246,1,0.15517241379310345,0.15517241379310345,0
country_b30_g1.4_c360,2021/22,UECL,181,0.3553487191125762,0.6384658770445573,0.45652173913043476,0.2572265803852141,31,0.25663874532168957,0.16494386027446084,7
country_b30_g1.4_c360,2022/23,UCL,78,0.3468179702678736,0.6323036844064012,0.55,0.2555884286653518,2,0.07692307692307693,0.04807692307692307,0
country_b30_g1.4_c360,2022/23,UEL,57,0.4046536472282558,0.6518163125428376,0.4666666666666667,0.24315173899661432,5,0.3070175438596491,0.24035087719298245,1
country_b30_g1.4_c360,2022/23,UECL,177,0.35319936519438283,0.6363029448853943,0.4444444444444444,0.26138721312521945,19,0.3061254831995242,0.20814748736247402,6
country_b30_g1.4_c360,2023/24,UCL,78,0.40717931540781305,0.6588061901252763,0.45,0.2366863905325443,2,0.4230769230769232,0.4230769230769232,1
country_b30_g1.4_c360,2023/24,UEL,57,0.691357272888437,0.7780082987551867,0.6,0.16774392120652512,3,0.22807017543859645,0.21929824561403508,1
country_b30_g1.4_c360,2023/24,UECL,178,0.3521194417144875,0.6342429577464789,0.4222222222222222,0.2635083954046207,23,0.3328041035661945,0.20774303859306303,5
country_b30_g1.4_c360,2024/25,UCL,81,0.43161484081775087,0.6606304493628438,0.42857142857142855,0.2415790275872581,6,0.3508230452674897,0.32613168724279834,3
country_b30_g1.4_c360,2024/25,UEL,76,0.4666688447037598,0.6800314465408805,0.631578947368421,0.23511080332409975,9,0.2434210526315789,0.20614035087719296,3
country_b30_g1.4_c360,2024/25,UECL,164,0.3762754259576943,0.6484157381615598,0.4146341463414634,0.25152439024390244,31,0.28638867033831633,0.20918568056648307,7
country_b30_g1.4_c360,2025/26,UCL,82,0.434565864852448,0.6698360655737705,0.42857142857142855,0.24286139202855442,1,0.042682926829268296,0.042682926829268296,0
country_b30_g1.4_c360,2025/26,UEL,77,0.431730110500121,0.6614846482705014,0.6,0.24523528419632318,6,0.39393939393939387,0.39393939393939387,4
country_b30_g1.4_c360,2025/26,UECL,164,0.33455199601542013,0.6284003421727973,0.4634146341463415,0.266396490184414,23,0.2831389183457052,0.20771474019088015,6
country_b30_g1.6_c100,2018/19,UCL,79,0.5620616488022967,0.7215099715099715,0.45,0.20974202852107035,1,0.4810126582278481,0.0,0
country_b30_g1.6_c100,2018/19,UEL,213,0.41129755070315077,0.6610282433748527,0.5,0.24344816945491415,30,0.20164319248826293,0.09530516431924883,3
country_b30_g1.6_c100,2018/19,UECL,0,,,0.0,,0,0.0,0.0,0
country_b30_g1.6_c100,2019/20,UCL,79,0.43783504436981163,0.6732312180889861,0.4,0.2454734818138119,3,0.44936708860759494,0.0,0
country_b30_g1.6_c100,2019/20,UEL,213,0.3918878842098222,0.6472335498162413,0.3888888888888889,0.25211047190813113,25,0.23136150234741784,0.08901408450704226,1
country_b30_g1.6_c100,2019/20,UECL,0,,,0.0,,0,0.0,0.0,0
country_b30_g1.6_c100,2020/21,UCL,79,0.4811139568209591,0.6967963386727689,0.55,0.2233616407626983,1,0.025316455696202528,0.0,0
country_b30_g1.6_c100,2020/21,UEL,213,0.46632040570962513,0.6969748956367587,0.5,0.2265203112257268,34,0.20512289422811378,0.07145816072908036,2
country_b30_g1.6_c100,2020/21,UECL,0,,,0.0,,0,0.0,0.0,0
country_b30_g1.6_c100,2021/22,UCL,80,0.44636778394970705,0.6665507649513213,0.4,0.2425,0,0.0,0.0,0
country_b30_g1.6_c100,2021/22,UEL,58,0.35572252084900924,0.632583503749148,0.4,0.26575505350772893,1,0.1724137931034483,0.0,0
country_b30_g1.6_c100,2021/22,UECL,181,0.3316445215745359,0.6302171460800903,0.4782608695652174,0.2581423033484937,31,0.23935127428265907,0.05569417216182498,2
country_b30_g1.6_c100,2022/23,UCL,78,0.37158612040412664,0.6401190919240789,0.55,0.2506574621959237,2,0.21153846153846154,0.0,0
country_b30_g1.6_c100,2022/23,UEL,57,0.36283007758976976,0.6319396847155586,0.4,0.25577100646352724,5,0.2192982456140351,0.03859649122807017,0
country_b30_g1.6_c100,2022/23,UECL,177,0.33060103113968486,0.6283658482308434,0.4666666666666667,0.2597274091097705,19,0.26092774308652994,0.07716324710080286,1
country_b30_g1.6_c100,2023/24,UCL,78,0.41073752723475515,0.660280029476787,0.45,0.23619329388560154,2,0.141025641025641,0.07692307692307693,0
country_b30_g1.6_c100,2023/24,UEL,57,0.6694598192589339,0.7544951590594744,0.5333333333333333,0.17882425361649734,3,0.3625730994152047,0.05847953216374269,0
country_b30_g1.6_c100,2023/24,UECL,178,0.31133077062463377,0.6183978873239436,0.4888888888888889,0.27502840550435553,23,0.30398143624816804,0.08952125061064974,3
country_b30_g1.6_c100,2024/25,UCL,81,0.4724265267169719,0.6743796109993293,0.42857142857142855,0.23030025910684346,6,0.12448559670781895,0.06378600823045268,0
country_b30_g1.6_c100,2024/25,UEL,76,0.4764014808772236,0.6855345911949685,0.5263157894736842,0.23736149584487531,9,0.2887426900584795,0.08187134502923975,0
country_b30_g1.6_c100,2024/25,UECL,164,0.3315264980409903,0.6297876044568245,0.4634146341463415,0.2607822724568709,31,0.2684893784421715,0.0870377655389457,4
country_b30_g1.6_c100,2025/26,UCL,82,0.4434072780110494,0.6708196721311476,0.38095238095238093,0.24107674003569302,1,0.0060975609756097615,0.0,0
country_b30_g1.6_c100,2025/26,UEL,77,0.41958728460738837,0.6622619510299261,0.55,0.24709057176589644,6,0.183982683982684,0.05627705627705628,0
country_b30_g1.6_c100,2025/26,UECL,164,0.3045846540180156,0.6156544054747648,0.43902439024390244,0.27606335514574654,23,0.24204665959703073,0.06853128313891835,3
country_b30_g1.6_c140,2018/19,UCL,79,0.552634498636994,0.717948717948718,0.45,0.21166479730812368,1,0.4810126582278481,0.0,0
country_b30_g1.6_c140,2018/19,UEL,213,0.4131955591614415,0.6617458608847199,0.5185185185185185,0.24307346425973683,30,0.20884194053208144,0.11017214397496086,3
country_b30_g1.6_c140,2018/19,UECL,0,,,0.0,,0,0.0,0.0,0
country_b30_g1.6_c140,2019/20,UCL,79,0.43691082178811347,0.6725018234865062,0.4,0.24739625060086526,3,0.4282700421940928,0.0,0
country_b30_g1.6_c140,2019/20,UEL,213,0.39212132561968177,0.6474852741277752,0.42592592592592593,0.25283784081641647,25,0.23549295774647888,0.10544600938967136,2
country_b30_g1.6_c140,2019/20,UECL,0,,,0.0,,0,0.0,0.0,0
country_b30_g1.6_c140,2020/21,UCL,79,0.479349449825025,0.6960335621662853,0.55,0.224323025156225,1,0.025316455696202528,0.0,0
country_b30_g1.6_c140,2020/21,UEL,213,0.45785329895594096,0.6937725167267113,0.5370370370370371,0.2303555291057771,34,0.21644573322286662,0.09251587959127314,3
country_b30_g1.6_c140,2020/21,UECL,0,,,0.0,,0,0.0,0.0,0
country_b30_g1.6_c140,2021/22,UCL,80,0.44352023680767,0.6658553546592489,0.4,0.24437499999999995,0,0.0,0.0,0
country_b30_g1.6_c140,2021/22,UEL,58,0.3829035616990212,0.6428084526244036,0.4,0.25921521997621877,1,0.13793103448275862,0.0,0
country_b30_g1.6_c140,2021/22,UECL,181,0.3464806593953306,0.6352227862380146,0.4782608695652174,0.2569518634962303,31,0.24202459454642672,0.07494207806095168,3
country_b30_g1.6_c140,2022/23,UCL,78,0.36669380400279356,0.6371417938221065,0.55,0.252301117685733,2,0.16025641025641024,0.0,0
country_b30_g1.6_c140,2022/23,UEL,57,0.3749102655415573,0.6394790952707334,0.4,0.24961526623576488,5,0.21929824561403505,0.0736842105263158,0
country_b30_g1.6_c140,2022/23,UECL,177,0.33818391551781735,0.6307395593798679,0.4666666666666667,0.25781225063040636,19,0.27371394588165326,0.10496580434136189,2
country_b30_g1.6_c140,2023/24,UCL,78,0.41256127021415556,0.6606484893146647,0.45,0.23816568047337278,2,0.15384615384615383,0.10256410256410256,0
country_b30_g1.6_c140,2023/24,UEL,57,0.6702126465137598,0.7558782849239281,0.5333333333333333,0.1825176977531548,3,0.32748538011695905,0.07602339181286549,0
country_b30_g1.6_c140,2023/24,UECL,178,0.3198590070602394,0.6226525821596244,0.5111111111111111,0.27149349829566977,23,0.3064240351734245,0.10613092330239375,4
country_b30_g1.6_c140,2024/25,UCL,81,0.4728926211798878,0.6753856472166331,0.38095238095238093,0.23030025910684346,6,0.12448559670781893,0.07201646090534979,0
country_b30_g1.6_c140,2024/25,UEL,76,0.4837700818437808,0.6871069182389937,0.5263157894736842,0.23701523545706368,9,0.277046783625731,0.09502923976608185,1
country_b30_g1.6_c140,2024/25,UECL,164,0.3539134076220633,0.6395369080779945,0.4878048780487805,0.2530487804878048,31,0.25786782061369,0.10444531864673484,4
country_b30_g1.6_c140,2025/26,UCL,82,0.4436373519594145,0.6718032786885246,0.38095238095238093,0.24077929803688283,1,0.0060975609756097615,0.0,0
country_b30_g1.6_c140,2025/26,UEL,77,0.4363553142155746,0.6684803731053245,0.55,0.24034407151290266,6,0.16883116883116886,0.09307359307359309,0
country_b30_g1.6_c140,2025/26,UECL,164,0.33096291134952394,0.6250641573994867,0.4146341463414634,0.2677349791790601,23,0.22560975609756095,0.08576352067868505,3
country_b30_g1.6_c180,2018/19,UCL,79,0.5498149348684379,0.7161680911680912,0.45,0.21246595096939594,1,0.4810126582278481,0.0,0
country_b30_g1.6_c180,2018/19,UEL,213,0.4142605107864452,0.6617458608847199,0.5555555555555556,0.24421962132733804,30,0.21588419405320813,0.121283255086072,3
country_b30_g1.6_c180,2018/19,UECL,0,,,0.0,,0,0.0,0.0,0
country_b30_g1.6_c180,2019/20,UCL,79,0.431094381007293,0.6703136396790663,0.4,0.2496394808524275,3,0.4198312236286919,0.0,0
country_b30_g1.6_c180,2019/20,UEL,213,0.39119885553233325,0.647787343301616,0.4444444444444444,0.25349908527849413,25,0.2403755868544601,0.11859154929577466,2
country_b30_g1.6_c180,2019/20,UECL,0,,,0.0,,0,0.0,0.0,0
country_b30_g1.6_c180,2020/21,UCL,79,0.47763464725151156,0.6956521739130435,0.55,0.22448325588847942,1,0.025316455696202528,0.0,0
country_b30_g1.6_c180,2020/21,UEL,213,0.44879213374867694,0.6898839137645107,0.5370370370370371,0.23452136921686617,34,0.22459265396299366,0.10874067937033967,4
country_b30_g1.6_c180,2020/21,UECL,0,,,0.0,,0,0.0,0.0,0
country_b30_g1.6_c180,2021/22,UCL,80,0.4436029456458204,0.6662030598052852,0.4,0.24500000000000002,0,0.0,0.0,0
country_b30_g1.6_c180,2021/22,UEL,58,0.4070610234636533,0.6503067484662577,0.4,0.2544589774078478,1,0.03448275862068964,0.0,0
country_b30_g1.6_c180,2021/22,UECL,181,0.3569119824426883,0.639946418499718,0.5,0.25447941149537556,31,0.24505435751202992,0.09214043842452325,3
country_b30_g1.6_c180,2022/23,UCL,78,0.3668598617396534,0.637513956084853,0.55,0.2519723865877712,2,0.14102564102564102,0.0,0
country_b30_g1.6_c180,2022/23,UEL,57,0.3670744679512087,0.6374228923920493,0.4,0.25146198830409355,5,0.21578947368421048,0.10526315789473684,0
country_b30_g1.6_c180,2022/23,UECL,177,0.33865681714811324,0.631036273273496,0.4666666666666667,0.25822720163426854,19,0.27639012786202793,0.1239964317573595,4
country_b30_g1.6_c180,2023/24,UCL,78,0.4109798427355146,0.6610169491525424,0.45,0.23816568047337272,2,0.1794871794871795,0.14743589743589744,0
country_b30_g1.6_c180,2023/24,UEL,57,0.6791483787123463,0.760027662517289,0.5333333333333333,0.18067097568482612,3,0.2982456140350877,0.0935672514619883,0
country_b30_g1.6_c180,2023/24,UECL,178,0.3232168181944505,0.623606220657277,0.4666666666666667,0.26969448301982074,23,0.30715681485100144,0.12164142647777235,4
country_b30_g1.6_c180,2024/25,UCL,81,0.4714374970029796,0.676056338028169,0.38095238095238093,0.23228166438042983,6,0.1409465020576132,0.09876543209876543,1
country_b30_g1.6_c180,2024/25,UEL,76,0.48426777346628747,0.6855345911949685,0.5263157894736842,0.2390927977839335,9,0.2828947368421052,0.11988304093567252,1
country_b30_g1.6_c180,2024/25,UECL,164,0.36455303220151697,0.6438892757660167,0.5365853658536586,0.249070493753718,31,0.2586546026750589,0.12195121951219512,6
country_b30_g1.6_c180,2025/26,UCL,82,0.44591617963845925,0.6727868852459017,0.38095238095238093,0.2395895300416419,1,0.0060975609756097615,0.0,0
country_b30_g1.6_c180,2025/26,UEL,77,0.4450592278357221,0.6735328410415857,0.55,0.23798279642435488,6,0.183982683982684,0.13203463203463203,0
country_b30_g1.6_c180,2025/26,UECL,164,0.3446540436072655,0.6317365269461078,0.3902439024390244,0.2608566329565734,23,0.21394485683987272,0.09875397667020148,3
country_b30_g1.6_c220,2018/19,UCL,79,0.5482090094176516,0.7161680911680912,0.45,0.2140682582919404,1,0.4936708860759494,0.0,0
country_b30_g1.6_c220,2018/19,UEL,213,0.4162007392204018,0.6626172535752729,0.5555555555555556,0.24488086578941567,30,0.2227699530516432,0.1310641627543036,3
country_b30_g1.6_c220,2018/19,UECL,0,,,0.0,,0,0.0,0.0,0
country_b30_g1.6_c220,2019/20,UCL,79,0.42952936410228415,0.6706783369803063,0.4,0.25188271110398974,3,0.39873417721518994,0.0,0
country_b30_g1.6_c220,2019/20,UEL,213,0.38707597901949,0.6465790666062529,0.4444444444444444,0.2541162467764333,25,0.24582159624413147,0.13370892018779343,3
country_b30_g1.6_c220,2019/20,UECL,0,,,0.0,,0,0.0,0.0,0
country_b30_g1.6_c220,2020/21,UCL,79,0.4732482319728866,0.6937452326468345,0.55,0.22640602467553272,1,0.025316455696202528,0.0,0
country_b30_g1.6_c220,2020/21,UEL,213,0.4423858486662063,0.6867959055298222,0.5370370370370371,0.23736472040379997,34,0.23439657553162108,0.12351560342446835,5
country_b30_g1.6_c220,2020/21,UECL,0,,,0.0,,0,0.0,0.0,0
country_b30_g1.6_c220,2021/22,UCL,80,0.4435438679042844,0.6655076495132128,0.4,0.24656249999999996,0,0.0,0.0,0
country_b30_g1.6_c220,2021/22,UEL,58,0.42454790868940645,0.6571233810497614,0.4,0.251486325802616,1,0.0,0.0,0
country_b30_g1.6_c220,2021/22,UECL,181,0.36337107899549886,0.642272983643542,0.45652173913043476,0.2530142547541284,31,0.2455890215647835,0.10728925325253964,3
country_b30_g1.6_c220,2022/23,UCL,78,0.36255513425336283,0.6360253070338667,0.55,0.2526298487836948,2,0.1217948717948718,0.0,0
country_b30_g1.6_c220,2022/23,UEL,57,0.3791546559029962,0.6408498971898561,0.4,0.24930747922437674,5,0.21578947368421048,0.1175438596491228,0
country_b30_g1.6_c220,2022/23,UECL,177,0.3454826200299484,0.6337808767895556,0.4666666666666667,0.2571419451626289,19,0.27936366339577756,0.14079690752304488,4
country_b30_g1.6_c220,2023/24,UCL,78,0.4079827825945419,0.659174649963154,0.45,0.23750821827744906,2,0.1794871794871795,0.1730769230769231,0
country_b30_g1.6_c220,2023/24,UEL,57,0.6879531844318326,0.7662517289073306,0.6,0.18190212373037862,3,0.2923976608187135,0.11695906432748537,1
country_b30_g1.6_c220,2023/24,UECL,178,0.330177213464628,0.6251467136150235,0.4666666666666667,0.26552834238101247,23,0.31008793356130926,0.14008304836345872,5
country_b30_g1.6_c220,2024/25,UCL,81,0.46657192553644294,0.6740442655935613,0.38095238095238093,0.23426306965401614,6,0.1903292181069959,0.15329218106995884,1
country_b30_g1.6_c220,2024/25,UEL,76,0.4838945047494075,0.6871069182389937,0.5263157894736842,0.238573407202216,9,0.277046783625731,0.1388888888888889,2
country_b30_g1.6_c220,2024/25,UECL,164,0.37322486554408957,0.6477193593314763,0.5365853658536586,0.24877305175490777,31,0.2663257277734067,0.1440794649881983,6
country_b30_g1.6_c220,2025/26,UCL,82,0.4424869822175891,0.6727868852459017,0.42857142857142855,0.24137418203450328,1,0.0060975609756097615,0.0,0
country_b30_g1.6_c220,2025/26,UEL,77,0.45404305291991726,0.6766420520792849,0.65,0.23292292123460956,6,0.18614718614718614,0.16883116883116886,1
country_b30_g1.6_c220,2025/26,UECL,164,0.35791134560032656,0.637125748502994,0.4146341463414634,0.2572129684711481,23,0.21871686108165433,0.1179745493107105,5
country_b30_g1.6_c260,2018/19,UCL,79,0.5407432949174313,0.7122507122507122,0.45,0.2158307963467393,1,0.4936708860759494,0.0,0
country_b30_g1.6_c260,2018/19,UEL,213,0.41856001666656395,0.6637961966271977,0.5555555555555556,0.24435187021975358,30,0.22949921752738658,0.13998435054773084,3
country_b30_g1.6_c260,2018/19,UECL,0,,,0.0,,0,0.0,0.0,0
country_b30_g1.6_c260,2019/20,UCL,79,0.42748375145479217,0.6699489423778264,0.4,0.25252363403300754,3,0.3860759493670886,0.0,0
country_b30_g1.6_c260,2019/20,UEL,213,0.38283449920970186,0.6449680310124352,0.4444444444444444,0.25484361568471864,25,0.25183098591549297,0.1476056338028169,4
country_b30_g1.6_c260,2019/20,UECL,0,,,0.0,,0,0.0,0.0,0
country_b30_g1.6_c260,2020/21,UCL,79,0.47195591698994904,0.6926010678871091,0.55,0.22768787053356832,1,0.025316455696202528,0.0,0
country_b30_g1.6_c260,2020/21,UEL,213,0.4347695161799183,0.6841653799965689,0.5370370370370371,0.240230113072803,34,0.24268157967412318,0.13608119304059652,6
country_b30_g1.6_c260,2020/21,UECL,0,,,0.0,,0,0.0,0.0,0
country_b30_g1.6_c260,2021/22,UCL,80,0.44444184957563215,0.6658553546592489,0.4,0.24718750000000003,0,0.0,0.0,0
country_b30_g1.6_c260,2021/22,UEL,58,0.430532725023354,0.6584867075664622,0.4666666666666667,0.2497027348394768,1,0.03448275862068967,0.03448275862068967,0
country_b30_g1.6_c260,2021/22,UECL,181,0.36756780035515707,0.6434010152284264,0.4782608695652174,0.25270901376636856,31,0.24594546426661906,0.11816075565852788,4
country_b30_g1.6_c260,2022/23,UCL,78,0.3640879749013002,0.637513956084853,0.55,0.25131492439184744,2,0.08333333333333333,0.0,0
country_b30_g1.6_c260,2022/23,UEL,57,0.3810809561439569,0.6442769019876627,0.4,0.24838411819021236,5,0.2473684210526316,0.15614035087719297,0
country_b30_g1.6_c260,2022/23,UECL,177,0.34665445051986965,0.6343001261034048,0.4444444444444444,0.2579718471703533,19,0.28739220933690157,0.15819209039548027,4
country_b30_g1.6_c260,2023/24,UCL,78,0.4157368786188458,0.6621223286661754,0.45,0.23520710059171593,2,0.25,0.25,1
country_b30_g1.6_c260,2023/24,UEL,57,0.6900480080974352,0.7697095435684648,0.6,0.1788242536164974,3,0.25146198830409355,0.14035087719298245,1
country_b30_g1.6_c260,2023/24,UECL,178,0.3338078332748043,0.62668720657277,0.4666666666666667,0.26530741068046965,23,0.3181485100146556,0.1574255007327797,5
country_b30_g1.6_c260,2024/25,UCL,81,0.456045011569123,0.6710261569416499,0.38095238095238093,0.23822588020118882,6,0.2458847736625515,0.20884773662551445,2
country_b30_g1.6_c260,2024/25,UEL,76,0.4788208151532978,0.6839622641509434,0.5789473684210527,0.23840027700831024,9,0.26096491228070173,0.15789473684210525,2
country_b30_g1.6_c260,2024/25,UECL,164,0.3737793871786569,0.6484157381615598,0.4878048780487805,0.2495910172516359,31,0.27576711250983477,0.1629622344610543,6
country_b30_g1.6_c260,2025/26,UCL,82,0.44021911044084744,0.6708196721311476,0.42857142857142855,0.2418203450327186,1,0.0060975609756097615,0.0,0
country_b30_g1.6_c260,2025/26,UEL,77,0.46056099129702627,0.6754760979401477,0.65,0.2327542587282847,6,0.21645021645021645,0.21645021645021645,2
country_b30_g1.6_c260,2025/26,UECL,164,0.35562650620634273,0.6359281437125749,0.43902439024390244,0.25832837596668645,23,0.24098621420996819,0.1446182396606575,5
country_b30_g1.6_c300,2018/19,UCL,79,0.5329098112300081,0.7086894586894587,0.45,0.2179137958660471,1,0.5189873417721519,0.0,0
country_b30_g1.6_c300,2018/19,UEL,213,0.4206439190475624,0.6650263980726844,0.5370370370370371,0.24373470872181446,30,0.2345070422535211,0.14827856025039124,3
country_b30_g1.6_c300,2018/19,UECL,0,,,0.0,,0,0.0,0.0,0
country_b30_g1.6_c300,2019/20,UCL,79,0.4238484759667794,0.6684901531728665,0.4,0.2534850184265343,3,0.38185654008438813,0.0,0
country_b30_g1.6_c300,2019/20,UEL,213,0.3843455930670728,0.6455721693601169,0.4444444444444444,0.2543146201150565,25,0.2538967136150235,0.15624413145539906,4
country_b30_g1.6_c300,2019/20,UECL,0,,,0.0,,0,0.0,0.0,0
country_b30_g1.6_c300,2020/21,UCL,79,0.47102395906956124,0.6933638443935927,0.55,0.2289697163916039,1,0.01265822784810125,0.0,0
country_b30_g1.6_c300,2020/21,UEL,213,0.4295732785012652,0.6823354491908274,0.5370370370370371,0.24183914126385858,34,0.25027616680475007,0.14850869925434965,6
country_b30_g1.6_c300,2020/21,UECL,0,,,0.0,,0,0.0,0.0,0
country_b30_g1.6_c300,2021/22,UCL,80,0.44841187380685404,0.6675938803894298,0.45,0.2459375,0,0.0,0.0,0
country_b30_g1.6_c300,2021/22,UEL,58,0.4392294112586216,0.6618950238582141,0.4666666666666667,0.24910820451843046,1,0.0517241379310345,0.0517241379310345,0
country_b30_g1.6_c300,2021/22,UECL,181,0.37190905950468145,0.6443880428652002,0.4782608695652174,0.25252586917371267,31,0.24808412047763323,0.12929959009089287,4
country_b30_g1.6_c300,2022/23,UCL,78,0.3607284991479043,0.6356531447711202,0.55,0.25230111768573305,2,0.08333333333333331,0.009615384615384609,0
country_b30_g1.6_c300,2022/23,UEL,57,0.40282529445717447,0.6525017135023989,0.4,0.24407510003077873,5,0.2578947368421053,0.17017543859649123,1
country_b30_g1.6_c300,2022/23,UECL,177,0.3505155661509865,0.6357836955715451,0.4666666666666667,0.25762073478246994,19,0.29244721974427595,0.16919417187035388,4
country_b30_g1.6_c300,2023/24,UCL,78,0.41787945778345603,0.6617538688282977,0.45,0.2345496383957922,2,0.2692307692307693,0.2692307692307693,1
country_b30_g1.6_c300,2023/24,UEL,57,0.6933211700749395,0.7717842323651453,0.6,0.17574638350261618,3,0.19883040935672516,0.14619883040935674,1
country_b30_g1.6_c300,2023/24,UECL,178,0.3387776956760821,0.6283744131455399,0.4666666666666667,0.26473930059335943,23,0.32425500732779683,0.17208109428431853,5
country_b30_g1.6_c300,2024/25,UCL,81,0.44691638099055075,0.6690140845070423,0.38095238095238093,0.24066453284560282,6,0.2890946502057613,0.2541152263374486,2
country_b30_g1.6_c300,2024/25,UEL,76,0.4799129717693541,0.684748427672956,0.5263157894736842,0.23822714681440443,9,0.24342105263157895,0.1652046783625731,2
country_b30_g1.6_c300,2024/25,UECL,164,0.37658933221965635,0.6496344011142061,0.4634146341463415,0.2496281975014872,31,0.2795043273013375,0.17496066089693155,6
country_b30_g1.6_c300,2025/26,UCL,82,0.4404163166823032,0.6708196721311476,0.42857142857142855,0.2424152290303391,1,0.0060975609756097615,0.0,0
country_b30_g1.6_c300,2025/26,UEL,77,0.461773940974566,0.6754760979401477,0.65,0.23511553381683248,6,0.2748917748917749,0.2748917748917749,2
country_b30_g1.6_c300,2025/26,UECL,164,0.35629859880686354,0.6360136869118905,0.4634146341463415,0.2592207019631172,23,0.2560975609756097,0.1639713679745493,5
country_b30_g1.6_c360,2018/19,UCL,79,0.5218644766410123,0.7054843304843305,0.45,0.22143887197564494,1,0.5189873417721519,0.0,0
country_b30_g1.6_c360,2018/19,UEL,213,0.4170167820336443,0.663488646265826,0.5370370370370371,0.24505719764596973,30,0.24624413145539903,0.16283255086071988,4
country_b30_g1.6_c360,2018/19,UECL,0,,,0.0,,0,0.0,0.0,0
country_b30_g1.6_c360,2019/20,UCL,79,0.4214331742866082,0.6677607585703865,0.4,0.25508732574907866,3,0.38185654008438813,0.0,0
country_b30_g1.6_c360,2019/20,UEL,213,0.3801210565854196,0.6438100991793787,0.4444444444444444,0.255218320879896,25,0.26140845070422536,0.17183098591549295,5
country_b30_g1.6_c360,2019/20,UECL,0,,,0.0,,0,0.0,0.0,0
country_b30_g1.6_c360,2020/21,UCL,79,0.46661269157972607,0.6918382913806255,0.55,0.23233456176894732,1,0.025316455696202528,0.0,0
country_b30_g1.6_c360,2020/21,UEL,213,0.42307669137373366,0.6793618116314977,0.5370370370370371,0.24470453393286168,34,0.26090858878762774,0.16618337475835404,7
country_b30_g1.6_c360,2020/21,UECL,0,,,0.0,,0,0.0,0.0,0
country_b30_g1.6_c360,2021/22,UCL,80,0.43693897640055507,0.6644645340751043,0.45,0.24906250000000005,0,0.0,0.0,0
country_b30_g1.6_c360,2021/22,UEL,58,0.44736502096258157,0.6659850034083163,0.4666666666666667,0.2505945303210464,1,0.08620689655172412,0.08620689655172412,0
country_b30_g1.6_c360,2021/22,UECL,181,0.3659502072175067,0.6428369994359842,0.43478260869565216,0.2534721162357681,31,0.2528960969524149,0.1432008554624844,5
country_b30_g1.6_c360,2022/23,UCL,78,0.3540734160014433,0.6345366579828805,0.55,0.25410913872452334,2,0.05769230769230771,0.016025641025641024,0
country_b30_g1.6_c360,2022/23,UEL,57,0.4054045778306642,0.6504455106237149,0.4666666666666667,0.24499846106494308,5,0.3035087719298245,0.22631578947368416,1
country_b30_g1.6_c360,2022/23,UECL,177,0.3532608094897345,0.6371189080928714,0.4888888888888889,0.2599508442656963,19,0.30196253345227475,0.18911685994647642,4
country_b30_g1.6_c360,2023/24,UCL,78,0.40887552391312953,0.658069270449521,0.45,0.23635765943458248,2,0.4230769230769232,0.4230769230769232,1
country_b30_g1.6_c360,2023/24,UEL,57,0.6964961371931185,0.7766251728907331,0.6,0.1698984302862419,3,0.2222222222222222,0.20175438596491227,1
country_b30_g1.6_c360,2023/24,UECL,178,0.3471118389825426,0.6316754694835681,0.4444444444444444,0.26395025880570633,23,0.3298729848558866,0.18771372740595993,5
country_b30_g1.6_c360,2024/25,UCL,81,0.44095946639133293,0.6643192488262911,0.42857142857142855,0.23975003810394757,6,0.33641975308641975,0.3055555555555555,3
country_b30_g1.6_c360,2024/25,UEL,76,0.4805903853666548,0.6855345911949685,0.5789473684210527,0.23511080332409973,9,0.2419590643274854,0.18859649122807015,3
country_b30_g1.6_c360,2024/25,UECL,164,0.3748248194872178,0.649025069637883,0.43902439024390244,0.25048334324806665,31,0.28422501966955155,0.1904996066089693,7
country_b30_g1.6_c360,2025/26,UCL,82,0.44079977326291164,0.6718032786885246,0.42857142857142855,0.24211778703152884,1,0.0060975609756097615,0.0,0
country_b30_g1.6_c360,2025/26,UEL,77,0.4423001005472527,0.6665371162067625,0.65,0.24287400910777532,6,0.3593073593073593,0.3593073593073593,4
country_b30_g1.6_c360,2025/26,UECL,164,0.3479194771233208,0.6329341317365269,0.43902439024390244,0.26145151695419394,23,0.26855779427359494,0.18332449628844116,5
country_b30_g2.0_c100,2018/19,UCL,79,0.5648689535979461,0.7225783475783476,0.45,0.20878064412754363,1,0.4556962025316456,0.0,0
country_b30_g2.0_c100,2018/19,UEL,213,0.4086332811939698,0.6600543338971757,0.5,0.24340408649077566,30,0.18630672926447575,0.0742566510172144,2
country_b30_g2.0_c100,2018/19,UECL,0,,,0.0,,0,0.0,0.0,0
country_b30_g2.0_c100,2019/20,UCL,79,0.4374530323693764,0.6725018234865062,0.4,0.245153020349303,3,0.4662447257383966,0.0,0
country_b30_g2.0_c100,2019/20,UEL,213,0.3888594211883637,0.6463273422947188,0.4074074074074074,0.25109656373294537,25,0.22666666666666666,0.06985915492957746,1
country_b30_g2.0_c100,2019/20,UECL,0,,,0.0,,0,0.0,0.0,0
country_b30_g2.0_c100,2020/21,UCL,79,0.47642931500781016,0.6945080091533181,0.55,0.22432302515622496,1,0.03797468354430379,0.0,0
country_b30_g2.0_c100,2020/21,UEL,213,0.4685940822013396,0.6980042317149883,0.5,0.22308184002292317,34,0.20788456227561447,0.056338028169014086,1
country_b30_g2.0_c100,2020/21,UECL,0,,,0.0,,0,0.0,0.0,0
country_b30_g2.0_c100,2021/22,UCL,80,0.4556311738225583,0.6700278164116829,0.4,0.23921874999999998,0,0.0,0.0,0
country_b30_g2.0_c100,2021/22,UEL,58,0.3497065335966557,0.6305385139740968,0.4,0.26545778834720574,1,0.1896551724137931,0.0,0
country_b30_g2.0_c100,2021/22,UECL,181,0.31850388378522004,0.6254230118443317,0.45652173913043476,0.2591495986081011,31,0.25182676884690786,0.043129566922117266,0
country_b30_g2.0_c100,2022/23,UCL,78,0.37306786636379935,0.6401190919240789,0.55,0.2501643655489809,2,0.23717948717948717,0.0,0
country_b30_g2.0_c100,2022/23,UEL,57,0.35447189349339786,0.6278272789581906,0.4,0.2582333025546322,5,0.21578947368421053,0.02456140350877193,0
country_b30_g2.0_c100,2022/23,UECL,177,0.32091587408487715,0.6245085676136785,0.4444444444444444,0.2630789364486578,19,0.2647933392804043,0.05783526613143027,0
country_b30_g2.0_c100,2023/24,UCL,78,0.4116302685533428,0.6606484893146647,0.45,0.23586456278763968,2,0.1474358974358974,0.07692307692307693,0
country_b30_g2.0_c100,2023/24,UEL,57,0.6670704110153558,0.7531120331950207,0.5333333333333333,0.18005540166204986,3,0.3567251461988304,0.05263157894736842,0
country_b30_g2.0_c100,2023/24,UECL,178,0.29937247727896854,0.6139231220657277,0.4666666666666667,0.27903673778563315,23,0.30984367366878357,0.07779677576941867,2
country_b30_g2.0_c100,2024/25,UCL,81,0.47115329306217724,0.6727028839704896,0.42857142857142855,0.2312147538484987,6,0.13477366255144033,0.06378600823045268,0
country_b30_g2.0_c100,2024/25,UEL,76,0.47998209560581334,0.6863207547169812,0.5263157894736842,0.2366689750692521,9,0.27558479532163743,0.05701754385964911,0
country_b30_g2.0_c100,2024/25,UECL,164,0.3131443132821292,0.6230849582172702,0.4146341463414634,0.2658387864366448,31,0.27911093627065303,0.07307238394964596,3
country_b30_g2.0_c100,2025/26,UCL,82,0.44238837909686113,0.6698360655737705,0.38095238095238093,0.24196906603212368,1,0.01829268292682927,0.0,0
country_b30_g2.0_c100,2025/26,UEL,77,0.4201071201834768,0.6630392537893509,0.55,0.24709057176589644,6,0.170995670995671,0.03896103896103897,0
country_b30_g2.0_c100,2025/26,UECL,164,0.2956987084062111,0.6125748502994012,0.43902439024390244,0.2784800713860797,23,0.2431071049840933,0.05408271474019087,1
country_b30_g2.0_c140,2018/19,UCL,79,0.5582736261741063,0.7197293447293447,0.45,0.21006248998557925,1,0.4556962025316456,0.0,0
country_b30_g2.0_c140,2018/19,UEL,213,0.41473753349658,0.6623097032139013,0.5185185185185185,0.2421477220128281,30,0.19147104851330204,0.0848982785602504,2
country_b30_g2.0_c140,2018/19,UECL,0,,,0.0,,0,0.0,0.0,0
country_b30_g2.0_c140,2019/20,UCL,79,0.43603589107743923,0.6717724288840262,0.4,0.24675532767184752,3,0.46202531645569617,0.0,0
country_b30_g2.0_c140,2019/20,UEL,213,0.39443440367544136,0.6485928610985249,0.42592592592592593,0.25127289558949945,25,0.2285446009389671,0.083943661971831,1
country_b30_g2.0_c140,2019/20,UECL,0,,,0.0,,0,0.0,0.0,0
country_b30_g2.0_c140,2020/21,UCL,79,0.478839979495213,0.6956521739130435,0.55,0.22352187149495273,1,0.03797468354430379,0.0,0
country_b30_g2.0_c140,2020/21,UEL,213,0.46341074481483807,0.6960027448962086,0.5370370370370371,0.22610152306641096,34,0.21175089754211543,0.07318420325876829,2
country_b30_g2.0_c140,2020/21,UECL,0,,,0.0,,0,0.0,0.0,0
country_b30_g2.0_c140,2021/22,UCL,80,0.4486245536763839,0.6679415855354659,0.4,0.2425,0,0.0,0.0,0
country_b30_g2.0_c140,2021/22,UEL,58,0.38595831170280687,0.6428084526244036,0.4,0.25921521997621877,1,0.1724137931034483,0.0,0
country_b30_g2.0_c140,2021/22,UECL,181,0.32841241057135995,0.6294416243654822,0.4782608695652174,0.2582643997435976,31,0.24683657102120832,0.053466405275351986,1
country_b30_g2.0_c140,2022/23,UCL,78,0.3677667924563496,0.6386304428730927,0.55,0.25197238658777116,2,0.21153846153846154,0.0,0
country_b30_g2.0_c140,2022/23,UEL,57,0.37161270072228564,0.6381082933516107,0.4,0.25023084025854114,5,0.21578947368421048,0.045614035087719294,0
country_b30_g2.0_c140,2022/23,UECL,177,0.33121876575188114,0.6282174912840294,0.4888888888888889,0.25921670018194004,19,0.26390127862027946,0.0752304490038656,2
country_b30_g2.0_c140,2023/24,UCL,78,0.40529180519137065,0.658069270449521,0.45,0.2365220249835634,2,0.16025641025641021,0.10256410256410256,0
country_b30_g2.0_c140,2023/24,UEL,57,0.6763661910314678,0.7607192254495159,0.5333333333333333,0.17882425361649734,3,0.3274853801169591,0.06432748538011696,0
country_b30_g2.0_c140,2023/24,UECL,178,0.3115388815908839,0.6183245305164319,0.4888888888888889,0.2751230905188739,23,0.3113092330239375,0.09098680996580362,3
country_b30_g2.0_c140,2024/25,UCL,81,0.47207411383037695,0.6740442655935613,0.42857142857142855,0.23090992226794693,6,0.13271604938271606,0.06995884773662552,0
country_b30_g2.0_c140,2024/25,UEL,76,0.4837286075419053,0.6886792452830188,0.5263157894736842,0.23701523545706368,9,0.27704678362573093,0.07894736842105263,0
country_b30_g2.0_c140,2024/25,UECL,164,0.3314711841622305,0.6310933147632312,0.4634146341463415,0.2600386674598453,31,0.2722265932336743,0.0886113296616837,4
country_b30_g2.0_c140,2025/26,UCL,82,0.44397698493081056,0.6718032786885246,0.38095238095238093,0.24107674003569302,1,0.01829268292682927,0.0,0
country_b30_g2.0_c140,2025/26,UEL,77,0.44059397352829577,0.6704236300038865,0.55,0.241018721538202,6,0.14285714285714288,0.06060606060606061,0
country_b30_g2.0_c140,2025/26,UECL,164,0.3163628013943566,0.6202737382378101,0.4146341463414634,0.27264277215942895,23,0.22799575821845172,0.06574761399787911,2
country_b30_g2.0_c180,2018/19,UCL,79,0.555196623974508,0.719017094017094,0.45,0.21118410511136035,1,0.4556962025316456,0.0,0
country_b30_g2.0_c180,2018/19,UEL,213,0.41655866379022555,0.6631298375108924,0.5370370370370371,0.2420815975666204,30,0.20211267605633806,0.09874804381846634,3
country_b30_g2.0_c180,2018/19,UECL,0,,,0.0,,0,0.0,0.0,0
country_b30_g2.0_c180,2019/20,UCL,79,0.43353432862297625,0.6714077315827863,0.4,0.24803717352988305,3,0.46202531645569617,0.0,0
country_b30_g2.0_c180,2019/20,UEL,213,0.39345859348100126,0.6486935508231385,0.4444444444444444,0.2523749696929622,25,0.23230046948356808,0.09699530516431924,2
country_b30_g2.0_c180,2019/20,UECL,0,,,0.0,,0,0.0,0.0,0
country_b30_g2.0_c180,2020/21,UCL,79,0.47442871200537773,0.6937452326468345,0.55,0.22544464028200606,1,0.03797468354430379,0.0,0
country_b30_g2.0_c180,2020/21,UEL,213,0.45810743471132687,0.6935437753759935,0.5370370370370371,0.22958407723335317,34,0.21755040044186688,0.08823529411764706,3
country_b30_g2.0_c180,2020/21,UECL,0,,,0.0,,0,0.0,0.0,0
country_b30_g2.0_c180,2021/22,UCL,80,0.4403064076681094,0.6648122392211405,0.4,0.24500000000000002,0,0.0,0.0,0
country_b30_g2.0_c180,2021/22,UEL,58,0.40303997498928235,0.6489434219495569,0.4,0.2550535077288942,1,0.13793103448275862,0.0,0
country_b30_g2.0_c180,2021/22,UECL,181,0.34379184646753785,0.6350112803158489,0.4782608695652174,0.2557614236439669,31,0.24808412047763326,0.0670112279451078,2
country_b30_g2.0_c180,2022/23,UCL,78,0.36640000954527224,0.637513956084853,0.55,0.2519723865877712,2,0.16666666666666666,0.0,0
country_b30_g2.0_c180,2022/23,UEL,57,0.38173393927648597,0.6415352981494175,0.4,0.24776854416743613,5,0.21578947368421048,0.07017543859649122,0
country_b30_g2.0_c180,2022/23,UECL,177,0.3350228259658857,0.6291076329649136,0.4666666666666667,0.25867407194612024,19,0.275498067201903,0.09693725840023788,2
country_b30_g2.0_c180,2023/24,UCL,78,0.4047561604002181,0.6565954310980103,0.45,0.23816568047337278,2,0.1858974358974359,0.14102564102564105,0
country_b30_g2.0_c180,2023/24,UEL,57,0.6819632980129999,0.76417704011065,0.5333333333333333,0.17820867959372114,3,0.30994152046783624,0.08771929824561403,0
country_b30_g2.0_c180,2023/24,UECL,178,0.31628338030332087,0.6203785211267606,0.5111111111111111,0.27338719858603716,23,0.31424035173424525,0.10490962383976553,3
country_b30_g2.0_c180,2024/25,UCL,81,0.47618938689319534,0.6777330650570087,0.38095238095238093,0.2306050906873952,6,0.1388888888888889,0.08641975308641975,0
country_b30_g2.0_c180,2024/25,UEL,76,0.4968759612364566,0.6922169811320755,0.5263157894736842,0.2332063711911357,9,0.26827485380116955,0.08771929824561403,1
country_b30_g2.0_c180,2024/25,UECL,164,0.3501174926921698,0.637883008356546,0.5121951219512195,0.2543129089827484,31,0.264162077104642,0.10041306058221873,4
country_b30_g2.0_c180,2025/26,UCL,82,0.4450397074542113,0.6714754098360656,0.38095238095238093,0.24048185603807262,1,0.01829268292682927,0.0,0
country_b30_g2.0_c180,2025/26,UEL,77,0.44952448214314855,0.6754760979401477,0.55,0.2373081463990555,6,0.1645021645021645,0.11038961038961038,0
country_b30_g2.0_c180,2025/26,UECL,164,0.33759018510711897,0.6284858853721129,0.4146341463414634,0.2662849494348602,23,0.2189819724284199,0.07979851537645812,2
country_b30_g2.0_c220,2018/19,UCL,79,0.5521931756123505,0.7165242165242165,0.45,0.21278641243390484,1,0.4810126582278481,0.0,0
country_b30_g2.0_c220,2018/19,UEL,213,0.4188461042628667,0.6642575221692553,0.5555555555555556,0.24232405386938216,30,0.21212832550860725,0.11017214397496088,3
country_b30_g2.0_c220,2018/19,UECL,0,,,0.0,,0,0.0,0.0,0
country_b30_g2.0_c220,2019/20,UCL,79,0.4327456586865937,0.6721371261852662,0.4,0.2496394808524275,3,0.4535864978902953,0.0,0
country_b30_g2.0_c220,2019/20,UEL,213,0.39147308643585116,0.6478376881639228,0.4444444444444444,0.25343296083228634,25,0.23530516431924886,0.10845070422535212,2
country_b30_g2.0_c220,2019/20,UECL,0,,,0.0,,0,0.0,0.0,0
country_b30_g2.0_c220,2020/21,UCL,79,0.47641688890220496,0.6948893974065599,0.55,0.22576510174651498,1,0.03797468354430379,0.0,0
country_b30_g2.0_c220,2020/21,UEL,213,0.44882309444984064,0.6891405043746783,0.5370370370370371,0.23346337807754194,34,0.22445457056061863,0.10093896713615023,4
country_b30_g2.0_c220,2020/21,UECL,0,,,0.0,,0,0.0,0.0,0
country_b30_g2.0_c220,2021/22,UCL,80,0.43809690013466146,0.663769123783032,0.4,0.24656250000000002,0,0.0,0.0,0
country_b30_g2.0_c220,2021/22,UEL,58,0.4114872938773021,0.6530334014996592,0.4,0.2538644470868014,1,0.06896551724137931,0.0,0
country_b30_g2.0_c220,2021/22,UECL,181,0.3535158569261891,0.638677382966723,0.5,0.25441836329782364,31,0.2507574407414009,0.08002138656211015,3
country_b30_g2.0_c220,2022/23,UCL,78,0.3611755776702193,0.6349088202456271,0.55,0.2526298487836949,2,0.15384615384615383,0.0,0
country_b30_g2.0_c220,2022/23,UEL,57,0.3774242506017942,0.6408498971898561,0.4,0.2508464142813173,5,0.21929824561403505,0.09473684210526316,0
country_b30_g2.0_c220,2022/23,UECL,177,0.3367663078464895,0.6307395593798679,0.4888888888888889,0.25861023333014144,19,0.2778768956289028,0.11358905738923582,2
country_b30_g2.0_c220,2023/24,UCL,78,0.4013127295999515,0.656963890935888,0.45,0.2398093359631821,2,0.18589743589743588,0.16025641025641027,0
country_b30_g2.0_c220,2023/24,UEL,57,0.6901462029567603,0.7634854771784232,0.6,0.17759310557094493,3,0.28070175438596495,0.09941520467836258,0
country_b30_g2.0_c220,2023/24,UECL,178,0.3189004026612947,0.6209653755868545,0.4666666666666667,0.27215629339729835,23,0.31839276990718124,0.11846604787493895,4
country_b30_g2.0_c220,2024/25,UCL,81,0.47419995930757874,0.675720992622401,0.38095238095238093,0.23380582228318855,6,0.17592592592592596,0.12962962962962965,1
country_b30_g2.0_c220,2024/25,UEL,76,0.4997929871350374,0.6930031446540881,0.5263157894736842,0.2342451523545706,9,0.2741228070175439,0.10672514619883039,1
country_b30_g2.0_c220,2024/25,UECL,164,0.36387267149277097,0.6432799442896936,0.5365853658536586,0.25100386674598457,31,0.26298190401258853,0.11349331235247835,5
country_b30_g2.0_c220,2025/26,UCL,82,0.44494110433348333,0.6721311475409836,0.42857142857142855,0.24107674003569304,1,0.01829268292682927,0.0,0
country_b30_g2.0_c220,2025/26,UEL,77,0.45964128220086975,0.6785853089778469,0.65,0.23157362118401084,6,0.15367965367965367,0.1341991341991342,0
country_b30_g2.0_c220,2025/26,UECL,164,0.3471427143637023,0.6320786997433704,0.3902439024390244,0.2611540749553837,23,0.21447507953340403,0.09252386002120892,4
country_b30_g2.0_c260,2018/19,UCL,79,0.5459043225111796,0.7143874643874644,0.45,0.21374779682743147,1,0.4810126582278481,0.0,0
country_b30_g2.0_c260,2018/19,UEL,213,0.41939496394652254,0.6645138141370649,0.5555555555555556,0.24307346425973683,30,0.21964006259780908,0.12065727699530518,3
country_b30_g2.0_c260,2018/19,UECL,0,,,0.0,,0,0.0,0.0,0
country_b30_g2.0_c260,2019/20,UCL,79,0.42822312952015074,0.6692195477753464,0.4,0.2518827111039898,3,0.4535864978902953,0.0,0
country_b30_g2.0_c260,2019/20,UEL,213,0.3908518310709022,0.6479887227508433,0.42592592592592593,0.2534770437964249,25,0.23661971830985912,0.11652582159624413,2
country_b30_g2.0_c260,2019/20,UECL,0,,,0.0,,0,0.0,0.0,0
country_b30_g2.0_c260,2020/21,UCL,79,0.4777464822019581,0.6956521739130435,0.55,0.22640602467553272,1,0.03797468354430379,0.0,0
country_b30_g2.0_c260,2020/21,UEL,213,0.4464629860007106,0.6879396122834105,0.5370370370370371,0.2350503647865283,34,0.23218724109362054,0.11336647334990332,4
country_b30_g2.0_c260,2020/21,UECL,0,,,0.0,,0,0.0,0.0,0
country_b30_g2.0_c260,2021/22,UCL,80,0.43712802517347044,0.6634214186369958,0.45,0.24656249999999996,0,0.0,0.0,0
country_b30_g2.0_c260,2021/22,UEL,58,0.4201216382757577,0.6530334014996592,0.4,0.25148632580261593,1,0.03448275862068964,0.0,0
country_b30_g2.0_c260,2021/22,UECL,181,0.3619636294530439,0.6421319796954315,0.4782608695652174,0.251823814901865,31,0.25289609695241494,0.09240777045090001,4
country_b30_g2.0_c260,2022/23,UCL,78,0.36403688021303554,0.6367696315593598,0.55,0.25197238658777116,2,0.13461538461538464,0.0,0
country_b30_g2.0_c260,2022/23,UEL,57,0.39156133542104826,0.6470185058259081,0.4,0.24622960911049552,5,0.21929824561403505,0.12105263157894737,0
country_b30_g2.0_c260,2022/23,UECL,177,0.3392657740038308,0.6317038795341592,0.4666666666666667,0.25857831402215203,19,0.2867975022301516,0.13083556348498362,4
country_b30_g2.0_c260,2023/24,UCL,78,0.3972316264292653,0.653647752394989,0.45,0.24013806706114402,2,0.23076923076923075,0.22435897435897437,1
country_b30_g2.0_c260,2023/24,UEL,57,0.6922082950025881,0.7676348547717843,0.6,0.17820867959372114,3,0.2573099415204679,0.12280701754385966,1
country_b30_g2.0_c260,2023/24,UECL,178,0.32093622392699495,0.6212588028169014,0.4666666666666667,0.2701679080924126,23,0.32449926722032246,0.13141182217879827,5
country_b30_g2.0_c260,2024/25,UCL,81,0.4637185179707871,0.6733735747820255,0.38095238095238093,0.23609205913732664,6,0.21090534979423872,0.1738683127572017,1
country_b30_g2.0_c260,2024/25,UEL,76,0.5038021696496745,0.6957547169811321,0.5789473684210527,0.23303324099722994,9,0.2638888888888889,0.12280701754385964,1
country_b30_g2.0_c260,2024/25,UECL,164,0.3719346693220166,0.6470229805013927,0.5365853658536586,0.24981409875074365,31,0.2675059008654603,0.1288355625491739,5
country_b30_g2.0_c260,2025/26,UCL,82,0.44039440487769704,0.6691803278688525,0.47619047619047616,0.2424152290303391,1,0.01829268292682927,0.0,0
country_b30_g2.0_c260,2025/26,UEL,77,0.4675187905462101,0.6785853089778469,0.65,0.2303929836397369,6,0.1883116883116883,0.1861471861471861,1
country_b30_g2.0_c260,2025/26,UECL,164,0.35729847427403194,0.6361847733105218,0.4146341463414634,0.25858863771564544,23,0.21633085896076357,0.10551431601272535,5
country_b30_g2.0_c300,2018/19,UCL,79,0.5401058283262795,0.7115384615384616,0.45,0.21567056561448483,1,0.4810126582278481,0.0,0
country_b30_g2.0_c300,2018/19,UEL,213,0.42102389882855484,0.6654364652211799,0.5555555555555556,0.2432277546342216,30,0.2249608763693271,0.1278560250391236,3
country_b30_g2.0_c300,2018/19,UECL,0,,,0.0,,0,0.0,0.0,0
country_b30_g2.0_c300,2019/20,UCL,79,0.42681831119596947,0.6695842450765864,0.4,0.25284409549751646,3,0.4451476793248945,0.0,0
country_b30_g2.0_c300,2019/20,UEL,213,0.38862095953313086,0.6472335498162413,0.4444444444444444,0.25413828825850254,25,0.2416901408450704,0.1272300469483568,2
country_b30_g2.0_c300,2019/20,UECL,0,,,0.0,,0,0.0,0.0,0
country_b30_g2.0_c300,2020/21,UCL,79,0.4723038479468938,0.6937452326468345,0.55,0.22929017785611275,1,0.03797468354430379,0.0,0
country_b30_g2.0_c300,2020/21,UEL,213,0.43950843850179827,0.6851947160747984,0.5370370370370371,0.2375630937424232,34,0.23964374482187242,0.12441314553990612,5
country_b30_g2.0_c300,2020/21,UECL,0,,,0.0,,0,0.0,0.0,0
country_b30_g2.0_c300,2021/22,UCL,80,0.4372461806565425,0.6641168289290682,0.45,0.24718749999999998,0,0.0,0.0,0
country_b30_g2.0_c300,2021/22,UEL,58,0.437203301562233,0.6612133605998637,0.4666666666666667,0.24554102259215219,1,0.0,0.0,0
country_b30_g2.0_c300,2021/22,UECL,181,0.36306867723655917,0.6426959954878737,0.4782608695652174,0.2522816763835048,31,0.255034753163429,0.101318837996792,4
country_b30_g2.0_c300,2022/23,UCL,78,0.3665660672821321,0.6386304428730927,0.55,0.25164365548980927,2,0.1282051282051282,0.0,0
country_b30_g2.0_c300,2022/23,UEL,57,0.41144467180655797,0.6552433173406442,0.4,0.24130501692828565,5,0.23684210526315788,0.14210526315789473,0
country_b30_g2.0_c300,2022/23,UECL,177,0.3445313306715573,0.6334099844225206,0.4444444444444444,0.25755689616649113,19,0.2870948557835266,0.14049955396966995,4
country_b30_g2.0_c300,2023/24,UCL,78,0.4013892502844019,0.6558585114222549,0.45,0.23882314266929647,2,0.2564102564102564,0.2564102564102564,1
country_b30_g2.0_c300,2023/24,UEL,57,0.6954159937405422,0.7704011065006916,0.6,0.17820867959372114,3,0.2280701754385965,0.14035087719298245,1
country_b30_g2.0_c300,2023/24,UECL,178,0.32507687734875823,0.6227259389671361,0.4444444444444444,0.26767453604342883,23,0.32401074743527114,0.1404494382022472,5
country_b30_g2.0_c300,2024/25,UCL,81,0.4501335696004336,0.6690140845070423,0.38095238095238093,0.24051211705532693,6,0.2746913580246914,0.23765432098765435,2
country_b30_g2.0_c300,2024/25,UEL,76,0.4944704517276744,0.6918238993710691,0.5789473684210527,0.23476454293628812,9,0.2580409356725146,0.13596491228070176,2
country_b30_g2.0_c300,2024/25,UECL,164,0.3713524907480693,0.6465006963788301,0.5365853658536586,0.2503718024985128,31,0.27576711250983477,0.14378442171518488,6
country_b30_g2.0_c300,2025/26,UCL,82,0.4390358729921126,0.6688524590163935,0.42857142857142855,0.24301011302795958,1,0.0060975609756097615,0.0,0
country_b30_g2.0_c300,2025/26,UEL,77,0.47051784194672036,0.6801399144966964,0.65,0.2317422836903356,6,0.23376623376623376,0.23376623376623376,1
country_b30_g2.0_c300,2025/26,UECL,164,0.3614701310096419,0.6376390076988879,0.4146341463414634,0.25717578822129683,23,0.22428419936373267,0.12089077412513256,5
country_b30_g2.0_c360,2018/19,UCL,79,0.5301270243801723,0.7076210826210826,0.45,0.21967633392084598,1,0.4810126582278481,0.0,0
country_b30_g2.0_c360,2018/19,UEL,213,0.41997407077692395,0.6648726228919986,0.5555555555555556,0.2437567502038837,30,0.232472613458529,0.1383411580594679,3
country_b30_g2.0_c360,2018/19,UECL,0,,,0.0,,0,0.0,0.0,0
country_b30_g2.0_c360,2019/20,UCL,79,0.42148246615763213,0.6670313639679066,0.4,0.25540778721358764,3,0.4367088607594936,0.0,0
country_b30_g2.0_c360,2019/20,UEL,213,0.38784909680698204,0.6466294114685597,0.4444444444444444,0.25422645418677947,25,0.24863849765258217,0.14093896713615023,3
country_b30_g2.0_c360,2019/20,UECL,0,,,0.0,,0,0.0,0.0,0
country_b30_g2.0_c360,2020/21,UCL,79,0.47048963652853903,0.6941266209000763,0.55,0.23025156224963947,1,0.03797468354430379,0.0,0
country_b30_g2.0_c360,2020/21,UEL,213,0.4343657370355742,0.6838794533081718,0.5370370370370371,0.2397452004672794,34,0.2477906655619994,0.13760011046672188,6
country_b30_g2.0_c360,2020/21,UECL,0,,,0.0,,0,0.0,0.0,0
country_b30_g2.0_c360,2021/22,UCL,80,0.44001101896042916,0.6648122392211405,0.45,0.24781250000000005,0,0.0,0.0,0
country_b30_g2.0_c360,2021/22,UEL,58,0.44636755157359026,0.6646216768916156,0.4666666666666667,0.2485136741973841,1,0.03448275862068967,0.03448275862068967,0
country_b30_g2.0_c360,2021/22,UECL,181,0.3676364814326112,0.6438945290468133,0.4782608695652174,0.25173224260553706,31,0.25271787560149706,0.11263589378007485,4
country_b30_g2.0_c360,2022/23,UCL,78,0.3626828709740243,0.637513956084853,0.55,0.2516436554898093,2,0.11538461538461538,0.0,0
country_b30_g2.0_c360,2022/23,UEL,57,0.41333832289089223,0.6531871144619602,0.4,0.24161280393967371,5,0.2543859649122807,0.1631578947368421,1
country_b30_g2.0_c360,2022/23,UECL,177,0.3473522821599351,0.6343001261034048,0.4666666666666667,0.2580356857863321,19,0.2954207552780255,0.15774606006541778,4
country_b30_g2.0_c360,2023/24,UCL,78,0.4108650617088391,0.6595431098010317,0.45,0.23734385272846814,2,0.3461538461538462,0.3461538461538462,1
country_b30_g2.0_c360,2023/24,UEL,57,0.6987546189575964,0.7745504840940526,0.6,0.17359187442289933,3,0.19883040935672514,0.16666666666666666,1
country_b30_g2.0_c360,2023/24,UECL,178,0.3317860298462089,0.6256602112676056,0.4666666666666667,0.2672642343138492,23,0.3318270639960919,0.15889106008793355,5
country_b30_g2.0_c360,2024/25,UCL,81,0.44380150579935673,0.6656606304493629,0.38095238095238093,0.2406645328456028,6,0.31995884773662553,0.2829218106995885,2
country_b30_g2.0_c360,2024/25,UEL,76,0.48711567552840906,0.6882861635220126,0.5789473684210527,0.2349376731301939,9,0.25073099415204675,0.16081871345029242,2
country_b30_g2.0_c360,2024/25,UECL,164,0.37332857906676425,0.6473711699164345,0.4878048780487805,0.2505205234979179,31,0.2822580645161289,0.16138867033831628,6
country_b30_g2.0_c360,2025/26,UCL,82,0.4392330792335684,0.6688524590163935,0.42857142857142855,0.2424152290303391,1,0.0060975609756097615,0.0,0
country_b30_g2.0_c360,2025/26,UEL,77,0.46264033360138,0.6735328410415857,0.65,0.2364648338674313,6,0.2987012987012987,0.2987012987012987,2
country_b30_g2.0_c360,2025/26,UECL,164,0.36146599929283546,0.6383233532934132,0.5121951219512195,0.2577706722189173,23,0.2460233297985154,0.1458112407211029,5
country_b35_g0.6_c100,2018/19,UCL,79,0.5575993826642341,0.7186609686609686,0.45,0.21150456657586922,1,0.5443037974683544,0.0,0
country_b35_g0.6_c100,2018/19,UEL,213,0.3957309826602704,0.6548259777538572,0.5,0.2500826555577597,30,0.2334115805946792,0.16471048513302033,4
country_b35_g0.6_c100,2018/19,UECL,0,,,0.0,,0,0.0,0.0,0
country_b35_g0.6_c100,2019/20,UCL,79,0.43940006127482056,0.6728665207877462,0.4,0.2454734818138119,3,0.310126582278481,0.021097046413502112,0
country_b35_g0.6_c100,2019/20,UEL,213,0.3649862718461876,0.6366107838695061,0.42592592592592593,0.2557913994136966,25,0.2576525821596244,0.1765258215962441,6
country_b35_g0.6_c100,2019/20,UECL,0,,,0.0,,0,0.0,0.0,0
country_b35_g0.6_c100,2020/21,UCL,79,0.4753730960313707,0.6937452326468345,0.55,0.22512417881749724,1,0.10126582278481014,0.10126582278481014,0
country_b35_g0.6_c100,2020/21,UEL,213,0.43461213261566917,0.6845656773603248,0.5,0.2411558553197117,34,0.21699806683236678,0.1388428610880972,6
country_b35_g0.6_c100,2020/21,UECL,0,,,0.0,,0,0.0,0.0,0
country_b35_g0.6_c100,2021/22,UCL,80,0.45331532635434546,0.6693324061196105,0.4,0.24484374999999997,0,0.0,0.0,0
country_b35_g0.6_c100,2021/22,UEL,58,0.3652296509628322,0.6373551465576005,0.4,0.2639714625445898,1,0.017241379310344834,0.017241379310344834,0
country_b35_g0.6_c100,2021/22,UECL,181,0.34954055515951715,0.6366328257191202,0.4782608695652174,0.25982112878117275,31,0.2423810372482623,0.1507752628764926,4
country_b35_g0.6_c100,2022/23,UCL,78,0.37021933749304925,0.6412355787123186,0.55,0.25378040762656146,2,0.1794871794871795,0.08012820512820512,0
country_b35_g0.6_c100,2022/23,UEL,57,0.3460157619271466,0.6264564770390678,0.4,0.25823330255463217,5,0.2192982456140351,0.10877192982456141,0
country_b35_g0.6_c100,2022/23,UECL,177,0.3376780973007259,0.6312588086937171,0.4222222222222222,0.26125953589326184,19,0.2537912578055308,0.17231638418079098,6
country_b35_g0.6_c100,2023/24,UCL,78,0.427865407104229,0.6680176860722181,0.45,0.232577251808021,2,0.1282051282051282,0.07692307692307693,0
country_b35_g0.6_c100,2023/24,UEL,57,0.6628807636841505,0.7544951590594744,0.5333333333333333,0.18220991074176668,3,0.3859649122807018,0.08187134502923976,0
country_b35_g0.6_c100,2023/24,UECL,178,0.3377867424222799,0.6288879107981221,0.4666666666666667,0.2622143668728696,23,0.2658768930141671,0.15815828041035668,5
country_b35_g0.6_c100,2024/25,UCL,81,0.47110782043164895,0.6750503018108652,0.38095238095238093,0.22877610120408481,6,0.0977366255144033,0.059670781893004114,0
country_b35_g0.6_c100,2024/25,UEL,76,0.44955378279644687,0.6745283018867925,0.5263157894736842,0.2456717451523545,9,0.29459064327485385,0.15204678362573099,2
country_b35_g0.6_c100,2024/25,UECL,164,0.3526646968090601,0.6406685236768802,0.5365853658536586,0.25141284949434856,31,0.251573564122738,0.17574744295830055,7
country_b35_g0.6_c100,2025/26,UCL,82,0.4379512386641058,0.6714754098360656,0.38095238095238093,0.24286139202855447,1,0.14024390243902438,0.14024390243902438,0
country_b35_g0.6_c100,2025/26,UEL,77,0.408470800749497,0.6560435289545278,0.55,0.24641592174059707,6,0.2316017316017316,0.11038961038961038,0
country_b35_g0.6_c100,2025/26,UECL,164,0.3090730757087891,0.6158254918733961,0.3902439024390244,0.2722337894110649,23,0.2722693531283139,0.1615853658536585,4
country_b35_g0.6_c140,2018/19,UCL,79,0.5508937244842332,0.7158119658119658,0.45,0.21278641243390478,1,0.5443037974683544,0.0,0
country_b35_g0.6_c140,2018/19,UEL,213,0.38639280625143574,0.6509815982367113,0.5370370370370371,0.2551521964336882,30,0.24483568075117368,0.18302034428794992,4
country_b35_g0.6_c140,2018/19,UECL,0,,,0.0,,0,0.0,0.0,0
country_b35_g0.6_c140,2019/20,UCL,79,0.43432299855935863,0.6728665207877462,0.4,0.2486780964589008,3,0.2974683544303797,0.021097046413502112,0
country_b35_g0.6_c140,2019/20,UEL,213,0.3517202734471759,0.6316266425011328,0.42592592592592593,0.25931803654477725,25,0.267981220657277,0.20206572769953052,6
country_b35_g0.6_c140,2019/20,UECL,0,,,0.0,,0,0.0,0.0,0
country_b35_g0.6_c140,2020/21,UCL,79,0.47806956094769243,0.6948893974065599,0.55,0.22672648614004173,1,0.12658227848101264,0.12658227848101264,0
country_b35_g0.6_c140,2020/21,UEL,213,0.4136955989211107,0.6765597300852062,0.5185185185185185,0.2457845665542551,34,0.2342584921292461,0.17405412869373102,7
country_b35_g0.6_c140,2020/21,UECL,0,,,0.0,,0,0.0,0.0,0
country_b35_g0.6_c140,2021/22,UCL,80,0.4531617242263517,0.6696801112656467,0.4,0.24453125,0,0.0,0.0,0
country_b35_g0.6_c140,2021/22,UEL,58,0.389917018340366,0.6489434219495569,0.4,0.26040428061831156,1,0.0517241379310345,0.0517241379310345,0
country_b35_g0.6_c140,2021/22,UECL,181,0.3519433677797026,0.6369853355893965,0.5217391304347826,0.2609505204358842,31,0.2596685082872928,0.19007307075387628,5
country_b35_g0.6_c140,2022/23,UCL,78,0.36049857305071376,0.6367696315593598,0.55,0.25608152531229456,2,0.1858974358974359,0.09935897435897437,0
country_b35_g0.6_c140,2022/23,UEL,57,0.3461463585536524,0.6291980808773132,0.4,0.25423207140658666,5,0.21578947368421053,0.12631578947368421,0
country_b35_g0.6_c140,2022/23,UECL,177,0.3357404075580285,0.6302203100660189,0.4666666666666667,0.2619298413610393,19,0.2633065715135296,0.20249776984834972,6
country_b35_g0.6_c140,2023/24,UCL,78,0.4257865951766607,0.6672807663964628,0.45,0.23257725180802097,2,0.12820512820512817,0.10256410256410256,0
country_b35_g0.6_c140,2023/24,UEL,57,0.664877392490428,0.7551867219917012,0.5333333333333333,0.1825176977531548,3,0.3567251461988304,0.10526315789473684,0
country_b35_g0.6_c140,2023/24,UECL,178,0.35223481929681266,0.6358568075117371,0.4222222222222222,0.25962630980936746,23,0.2885930630190523,0.20578895945285786,5
country_b35_g0.6_c140,2024/25,UCL,81,0.46533279635454455,0.6723675385647216,0.42857142857142855,0.22923334857491237,6,0.11213991769547327,0.07818930041152262,0
country_b35_g0.6_c140,2024/25,UEL,76,0.43265991716580354,0.6650943396226415,0.5263157894736842,0.2524238227146814,9,0.28581871345029236,0.18859649122807015,3
country_b35_g0.6_c140,2024/25,UECL,164,0.35102602315080006,0.6397980501392758,0.4878048780487805,0.2545731707317073,31,0.27261998426435874,0.22354445318646735,7
country_b35_g0.6_c140,2025/26,UCL,82,0.4282443092235595,0.6672131147540984,0.38095238095238093,0.24479476502082095,1,0.21341463414634146,0.21341463414634146,0
country_b35_g0.6_c140,2025/26,UEL,77,0.4303971987665609,0.6653711620676254,0.55,0.2420306965761511,6,0.2380952380952381,0.16233766233766234,0
country_b35_g0.6_c140,2025/26,UECL,164,0.31486298819360414,0.6176218990590248,0.4146341463414634,0.2701888756692445,23,0.2656415694591728,0.19764050901378577,6
country_b35_g0.6_c180,2018/19,UCL,79,0.5416136819938118,0.7122507122507122,0.45,0.21599102707899373,1,0.5443037974683544,0.0,0
country_b35_g0.6_c180,2018/19,UEL,213,0.3868244582414521,0.6507765646624635,0.5370370370370371,0.2568273490709515,30,0.25281690140845076,0.1980438184663537,4
country_b35_g0.6_c180,2018/19,UECL,0,,,0.0,,0,0.0,0.0,0
country_b35_g0.6_c180,2019/20,UCL,79,0.42860514152058593,0.6706783369803063,0.4,0.2512417881749719,3,0.2974683544303797,0.021097046413502112,0
country_b35_g0.6_c180,2019/20,UEL,213,0.3403381221245044,0.6289080199365654,0.4444444444444444,0.26229363662412664,25,0.27568075117370894,0.22159624413145543,9
country_b35_g0.6_c180,2019/20,UECL,0,,,0.0,,0,0.0,0.0,0
country_b35_g0.6_c180,2020/21,UCL,79,0.47235355236931437,0.6929824561403509,0.55,0.22945040858836727,1,0.13924050632911392,0.13924050632911392,0
country_b35_g0.6_c180,2020/21,UEL,213,0.3911310529041888,0.666037627952193,0.5185185185185185,0.2504794022350063,34,0.24930958298812478,0.20180889257111295,8
country_b35_g0.6_c180,2020/21,UECL,0,,,0.0,,0,0.0,0.0,0
country_b35_g0.6_c180,2021/22,UCL,80,0.45377613273832657,0.6693324061196105,0.4,0.24515625000000002,0,0.0,0.0,0
country_b35_g0.6_c180,2021/22,UEL,58,0.412952327042383,0.65439672801636,0.4,0.2577288941736029,1,0.12068965517241378,0.12068965517241378,0
country_b35_g0.6_c180,2021/22,UECL,181,0.34914794541824967,0.6357163000564016,0.4782608695652174,0.26104209273221207,31,0.28158973445018703,0.22714311174478696,7
country_b35_g0.6_c180,2022/23,UCL,78,0.3460515499439049,0.6319315221436547,0.55,0.25936883629191315,2,0.16025641025641027,0.09935897435897437,0
country_b35_g0.6_c180,2022/23,UEL,57,0.3476482197584692,0.630568882796436,0.4,0.255155432440751,5,0.24035087719298245,0.1596491228070175,0
country_b35_g0.6_c180,2022/23,UECL,177,0.3263361387105427,0.6240634967732364,0.4888888888888889,0.26397267707236105,19,0.26538804638715435,0.2249479631281594,6
country_b35_g0.6_c180,2023/24,UCL,78,0.4185936508383261,0.6654384672070744,0.45,0.23027613412228795,2,0.16025641025641033,0.16025641025641033,0
country_b35_g0.6_c180,2023/24,UEL,57,0.6707690840499355,0.7627939142461964,0.5333333333333333,0.18313327177593108,3,0.30994152046783624,0.12280701754385966,1
country_b35_g0.6_c180,2023/24,UECL,178,0.3563291060266135,0.6385710093896714,0.4444444444444444,0.25738543113243273,23,0.30520273571079626,0.24364924279433317,6
country_b35_g0.6_c180,2024/25,UCL,81,0.4537145392545436,0.6670020120724346,0.38095238095238093,0.23517756439567145,6,0.15329218106995887,0.12962962962962962,1
country_b35_g0.6_c180,2024/25,UEL,76,0.42833276500345385,0.6611635220125787,0.5263157894736842,0.252770083102493,9,0.27558479532163743,0.20760233918128657,4
country_b35_g0.6_c180,2024/25,UECL,164,0.3472702107830075,0.6370125348189415,0.43902439024390244,0.2572501487209994,31,0.28855232100708106,0.25963808025177026,9
country_b35_g0.6_c180,2025/26,UCL,82,0.427203498504765,0.6675409836065573,0.38095238095238093,0.2455383700178465,1,0.2378048780487805,0.2378048780487805,0
country_b35_g0.6_c180,2025/26,UEL,77,0.433502883105756,0.6680917217256122,0.6,0.24236802158880083,6,0.2662337662337663,0.2142857142857143,2
country_b35_g0.6_c180,2025/26,UECL,164,0.3023094552965802,0.6129170230966638,0.3902439024390244,0.27494794765020825,23,0.28393425238600206,0.23608165429480382,7
country_b35_g0.6_c220,2018/19,UCL,79,0.5342460392768457,0.709045584045584,0.45,0.21791379586604706,1,0.5443037974683544,0.0,0
country_b35_g0.6_c220,2018/19,UEL,213,0.38263963945941076,0.6487774873135476,0.5185185185185185,0.2588110824571844,30,0.26627543035993745,0.21572769953051643,5
country_b35_g0.6_c220,2018/19,UECL,0,,,0.0,,0,0.0,0.0,0
country_b35_g0.6_c220,2019/20,UCL,79,0.4257462130011996,0.6692195477753464,0.4,0.2512417881749719,3,0.2974683544303797,0.021097046413502112,0
country_b35_g0.6_c220,2019/20,UEL,213,0.32593754827112115,0.6243266374666465,0.4074074074074074,0.2653353611496837,25,0.2828169014084507,0.24,11
country_b35_g0.6_c220,2019/20,UECL,0,,,0.0,,0,0.0,0.0,0
country_b35_g0.6_c220,2020/21,UCL,79,0.46621505620036063,0.6903127383676583,0.55,0.23169363883992944,1,0.12658227848101264,0.12658227848101264,0
country_b35_g0.6_c220,2020/21,UEL,213,0.367594469873646,0.6557442671698976,0.5370370370370371,0.2561661046088739,34,0.26988400994200495,0.2292874896437448,10
country_b35_g0.6_c220,2020/21,UECL,0,,,0.0,,0,0.0,0.0,0
country_b35_g0.6_c220,2021/22,UCL,80,0.4468994836235315,0.6662030598052852,0.4,0.24718749999999998,0,0.0,0.0,0
country_b35_g0.6_c220,2021/22,UEL,58,0.4392917530954335,0.6659850034083163,0.4,0.2508917954815696,1,0.20689655172413793,0.20689655172413793,0
country_b35_g0.6_c220,2021/22,UECL,181,0.33644707154278186,0.6308516638465878,0.4782608695652174,0.2634229724367388,31,0.2994118695419712,0.25690607734806625,11
country_b35_g0.6_c220,2022/23,UCL,78,0.3397285822711637,0.6300707108299218,0.55,0.26019066403681784,2,0.14102564102564102,0.11217948717948717,0
country_b35_g0.6_c220,2022/23,UEL,57,0.3582918448186928,0.6360520904729267,0.4,0.25392428439519854,5,0.28947368421052627,0.22982456140350874,2
country_b35_g0.6_c220,2022/23,UECL,177,0.3104889966076099,0.6169423633261627,0.4444444444444444,0.26748380095119534,19,0.27639012786202793,0.24784418673803155,6
country_b35_g0.6_c220,2023/24,UCL,78,0.4088627704657211,0.6624907885040531,0.45,0.23142669296515442,2,0.20512820512820515,0.20512820512820515,1
country_b35_g0.6_c220,2023/24,UEL,57,0.6758752167348421,0.7648686030428768,0.5333333333333333,0.17820867959372116,3,0.304093567251462,0.14619883040935674,1
country_b35_g0.6_c220,2023/24,UECL,178,0.3577093238338679,0.639231220657277,0.4222222222222222,0.25498674409796745,23,0.31863702979970693,0.27357107962872496,6
country_b35_g0.6_c220,2024/25,UCL,81,0.4443812818385935,0.6629778672032193,0.38095238095238093,0.23776863283036123,6,0.2191358024691358,0.20781893004115223,1
country_b35_g0.6_c220,2024/25,UEL,76,0.42428210818694123,0.6584119496855346,0.5263157894736842,0.2515581717451523,9,0.27558479532163743,0.2266081871345029,4
country_b35_g0.6_c220,2024/25,UECL,164,0.33196071198925503,0.6307451253481894,0.4146341463414634,0.26334770969660914,31,0.31412273800157353,0.2946498819826908,12
country_b35_g0.6_c220,2025/26,UCL,82,0.42317172645722434,0.6652459016393443,0.38095238095238093,0.24643069601427717,1,0.27439024390243905,0.27439024390243905,0
country_b35_g0.6_c220,2025/26,UEL,77,0.42825121087552914,0.6653711620676254,0.65,0.23882610895597914,6,0.2683982683982684,0.25757575757575757,3
country_b35_g0.6_c220,2025/26,UECL,164,0.29032885379672163,0.6088964927288281,0.4634146341463415,0.2781826293872695,23,0.29957582184517495,0.26776246023329797,8
country_b35_g0.6_c260,2018/19,UCL,79,0.5163479388329678,0.7004985754985755,0.45,0.22256048710142604,1,0.5443037974683544,0.0,0
country_b35_g0.6_c260,2018/19,UEL,213,0.3766784309549518,0.6467784099646318,0.5370370370370371,0.2598249906323701,30,0.2794209702660407,0.2330203442879499,6
country_b35_g0.6_c260,2018/19,UECL,0,,,0.0,,0,0.0,0.0,0
country_b35_g0.6_c260,2019/20,UCL,79,0.41347253711624793,0.6630196936542669,0.4,0.2534850184265342,3,0.29324894514767935,0.025316455696202538,0
country_b35_g0.6_c260,2019/20,UEL,213,0.3083070740506748,0.6169762875698535,0.4074074074074074,0.2697656990456038,25,0.28863849765258215,0.2556807511737089,11
country_b35_g0.6_c260,2019/20,UECL,0,,,0.0,,0,0.0,0.0,0
country_b35_g0.6_c260,2020/21,UCL,79,0.46063573478363945,0.6880244088482075,0.55,0.2352187149495273,1,0.16455696202531647,0.16455696202531647,0
country_b35_g0.6_c260,2020/21,UEL,213,0.3376709521988602,0.64173385943844,0.5,0.26346183517379707,34,0.29101077050538526,0.2556614194973764,11
country_b35_g0.6_c260,2020/21,UECL,0,,,0.0,,0,0.0,0.0,0
country_b35_g0.6_c260,2021/22,UCL,80,0.44301216823046,0.6644645340751043,0.4,0.24781250000000005,0,0.0,0.0,0
country_b35_g0.6_c260,2021/22,UEL,58,0.4290988627766791,0.6605316973415133,0.4666666666666667,0.2523781212841855,1,0.27586206896551724,0.27586206896551724,0
country_b35_g0.6_c260,2021/22,UECL,181,0.3249998836035284,0.6256345177664975,0.4782608695652174,0.2654986111535057,31,0.30921404384245227,0.276153983247193,13
country_b35_g0.6_c260,2022/23,UCL,78,0.33369940905594375,0.6278377372534425,0.55,0.2618343195266272,2,0.14102564102564102,0.125,0
country_b35_g0.6_c260,2022/23,UEL,57,0.37468172144517214,0.6401644962302947,0.4,0.2526931363496461,5,0.33157894736842103,0.2789473684210526,2
country_b35_g0.6_c260,2022/23,UECL,177,0.2844124765481832,0.6078925895705066,0.4444444444444444,0.27354846946918193,19,0.28828426999702644,0.267766874814154,6
country_b35_g0.6_c260,2023/24,UCL,78,0.39778002466782625,0.6565954310980103,0.45,0.23208415516107822,2,0.3012820512820513,0.3012820512820513,1
country_b35_g0.6_c260,2023/24,UEL,57,0.6684451390459076,0.7614107883817427,0.6,0.17913204062788549,3,0.2514619883040936,0.18128654970760236,1
country_b35_g0.6_c260,2023/24,UECL,178,0.351158680725219,0.6366637323943662,0.4,0.25700669107435925,23,0.33231558378114306,0.2970200293111871,7
country_b35_g0.6_c260,2024/25,UCL,81,0.4320695671230346,0.6606304493628438,0.38095238095238093,0.24279835390946503,6,0.2726337448559671,0.2726337448559671,2
country_b35_g0.6_c260,2024/25,UEL,76,0.4115494975111454,0.654874213836478,0.5789473684210527,0.24792243767313024,9,0.2814327485380117,0.25877192982456143,4
country_b35_g0.6_c260,2024/25,UECL,164,0.3103440481699127,0.6217792479108635,0.43902439024390244,0.27007733491969066,31,0.331038552321007,0.31766325727773403,12
country_b35_g0.6_c260,2025/26,UCL,82,0.42505614165335753,0.6652459016393443,0.38095238095238093,0.24583581201665672,1,0.2621951219512195,0.2621951219512195,0
country_b35_g0.6_c260,2025/26,UEL,77,0.4183476766951774,0.6595413913719393,0.55,0.24523528419632318,6,0.3506493506493506,0.3506493506493506,4
country_b35_g0.6_c260,2025/26,UECL,164,0.2712251725224904,0.602224123182207,0.43902439024390244,0.28409428911362283,23,0.3141569459172852,0.29003181336161193,10
country_b35_g0.6_c300,2018/19,UCL,79,0.4999576920566222,0.6937321937321937,0.45,0.22768787053356832,1,0.5443037974683544,0.0,0
country_b35_g0.6_c300,2018/19,UEL,213,0.3738339388630779,0.6461120508483265,0.5370370370370371,0.2595825343296083,30,0.29162754303599375,0.25023474178403754,10
country_b35_g0.6_c300,2018/19,UECL,0,,,0.0,,0,0.0,0.0,0
country_b35_g0.6_c300,2019/20,UCL,79,0.3961094755480784,0.6579139314369074,0.4,0.2573305560006409,3,0.28902953586497887,0.03375527426160337,0
country_b35_g0.6_c300,2019/20,UEL,213,0.294466885087089,0.6123445602376277,0.3888888888888889,0.2721902620732218,25,0.2984037558685446,0.2715492957746479,11
country_b35_g0.6_c300,2019/20,UECL,0,,,0.0,,0,0.0,0.0,0
country_b35_g0.6_c300,2020/21,UCL,79,0.4543108470306081,0.6864988558352403,0.55,0.237622175933344,1,0.18987341772151897,0.18987341772151897,0
country_b35_g0.6_c300,2020/21,UEL,213,0.31457813921833144,0.6318407960199005,0.48148148148148145,0.2687958738345566,34,0.30868544600938963,0.2787213476940072,12
country_b35_g0.6_c300,2020/21,UECL,0,,,0.0,,0,0.0,0.0,0
country_b35_g0.6_c300,2021/22,UCL,80,0.4384868132287993,0.6634214186369958,0.4,0.2484375,0,0.0,0.0,0
country_b35_g0.6_c300,2021/22,UEL,58,0.4418477684047237,0.6639400136332652,0.5333333333333333,0.24999999999999997,1,0.3275862068965517,0.3275862068965517,0
country_b35_g0.6_c300,2021/22,UECL,181,0.31112015541354976,0.6195008460236887,0.45652173913043476,0.2676658221666005,31,0.3209766530030298,0.2948672250935663,14
country_b35_g0.6_c300,2022/23,UCL,78,0.3248344806420399,0.6237439523632303,0.55,0.2634779750164365,2,0.1794871794871795,0.1794871794871795,0
country_b35_g0.6_c300,2022/23,UEL,57,0.36374425397531046,0.6360520904729267,0.4,0.2545398584179747,5,0.3666666666666666,0.3350877192982456,2
country_b35_g0.6_c300,2022/23,UECL,177,0.26345229129634323,0.6004747422298049,0.4444444444444444,0.27744262504388906,19,0.29988105857865005,0.2826345524829022,7
country_b35_g0.6_c300,2023/24,UCL,78,0.38655699094843904,0.6518054532056006,0.45,0.23224852071005914,2,0.358974358974359,0.358974358974359,1
country_b35_g0.6_c300,2023/24,UEL,57,0.6632080798819009,0.7607192254495159,0.6,0.1775931055709449,3,0.23976608187134504,0.22514619883040934,1
country_b35_g0.6_c300,2023/24,UECL,178,0.33735758094783674,0.6302083333333334,0.4,0.2601628582249716,23,0.34623839765510506,0.32193453834880315,9
country_b35_g0.6_c300,2024/25,UCL,81,0.42039446923487306,0.6539235412474849,0.38095238095238093,0.24325560128029267,6,0.3323045267489712,0.3323045267489712,3
country_b35_g0.6_c300,2024/25,UEL,76,0.3960795829115628,0.6509433962264151,0.631578947368421,0.24705678670360107,9,0.29020467836257313,0.2887426900584795,4
country_b35_g0.6_c300,2024/25,UECL,164,0.29753197100216666,0.6170786908077994,0.43902439024390244,0.2719363474122546,31,0.3446105428796223,0.3350708103855232,13
country_b35_g0.6_c300,2025/26,UCL,82,0.4216707678416997,0.661311475409836,0.42857142857142855,0.24762046400951818,1,0.28658536585365857,0.28658536585365857,0
country_b35_g0.6_c300,2025/26,UEL,77,0.39646126603012044,0.6506024096385542,0.55,0.24995783437341879,6,0.42857142857142855,0.42857142857142855,4
country_b35_g0.6_c300,2025/26,UECL,164,0.2584375090064326,0.5973481608212147,0.4634146341463415,0.2855071386079715,23,0.331389183457052,0.31309650053022275,11
country_b35_g0.6_c360,2018/19,UCL,79,0.48509981689362225,0.688034188034188,0.45,0.23217433103669283,1,0.5443037974683544,0.0,0
country_b35_g0.6_c360,2018/19,UEL,213,0.3515884227294196,0.6373468655492337,0.5185185185185185,0.26385858185104366,30,0.3118153364632238,0.2751173708920188,14
country_b35_g0.6_c360,2018/19,UECL,0,,,0.0,,0,0.0,0.0,0
country_b35_g0.6_c360,2019/20,UCL,79,0.38525294095506396,0.6524434719183078,0.4,0.26117609357474764,3,0.29324894514767924,0.04641350210970465,0
country_b35_g0.6_c360,2019/20,UEL,213,0.272815821853281,0.6045914514423804,0.4074074074074074,0.2774140933236351,25,0.3203755868544601,0.29887323943661975,11
country_b35_g0.6_c360,2019/20,UECL,0,,,0.0,,0,0.0,0.0,0
country_b35_g0.6_c360,2020/21,UCL,79,0.4419717241646747,0.6815408085430968,0.55,0.2397051754526518,1,0.20253164556962025,0.20253164556962025,0
country_b35_g0.6_c360,2020/21,UEL,213,0.27691057616495696,0.616629496197175,0.4074074074074074,0.27714959553880403,34,0.33119304059652027,0.3090306545153273,13
country_b35_g0.6_c360,2020/21,UECL,0,,,0.0,,0,0.0,0.0,0
country_b35_g0.6_c360,2021/22,UCL,80,0.4282899950396788,0.6595966620305981,0.4,0.2503125,0,0.0,0.0,0
country_b35_g0.6_c360,2021/22,UEL,58,0.435956464825994,0.6598500340831629,0.5333333333333333,0.25267538644470866,1,0.4310344827586208,0.4310344827586208,1
country_b35_g0.6_c360,2021/22,UECL,181,0.2823581603209043,0.6082205301748449,0.45652173913043476,0.27322120814382955,31,0.3377294599893067,0.31750133666013186,17
country_b35_g0.6_c360,2022/23,UCL,78,0.3103235891749004,0.6177893561592854,0.55,0.2679158448389218,2,0.22435897435897434,0.22435897435897434,0
country_b35_g0.6_c360,2022/23,UEL,57,0.3361230674693314,0.6264564770390678,0.5333333333333333,0.2554632194521391,5,0.45087719298245615,0.44035087719298244,4
country_b35_g0.6_c360,2022/23,UECL,177,0.23615676030592167,0.5895705066389734,0.4222222222222222,0.28104950684669155,19,0.31355932203389836,0.3015165031222123,9
country_b35_g0.6_c360,2023/24,UCL,78,0.36918679557820566,0.6462785556374355,0.45,0.23438527284681124,2,0.5,0.5,1
country_b35_g0.6_c360,2023/24,UEL,57,0.6376774164573681,0.7503457814661134,0.6666666666666666,0.18497999384425978,3,0.3216374269005848,0.3216374269005848,1
country_b35_g0.6_c360,2023/24,UECL,178,0.32532057205535153,0.6260269953051644,0.35555555555555557,0.2627193536169676,23,0.35649731314118227,0.34123106985832924,10
country_b35_g0.6_c360,2024/25,UCL,81,0.3683055709646138,0.6341381623071763,0.38095238095238093,0.25224813290656917,6,0.4639917695473251,0.4639917695473251,4
country_b35_g0.6_c360,2024/25,UEL,76,0.35120438828221096,0.6387578616352201,0.5263157894736842,0.25328947368421045,9,0.3735380116959065,0.3735380116959065,4
country_b35_g0.6_c360,2024/25,UECL,164,0.27424067950337044,0.6076775766016713,0.4146341463414634,0.2752082093991671,31,0.35601888276947274,0.35228166797797,13
country_b35_g0.6_c360,2025/26,UCL,82,0.41940289606495806,0.659672131147541,0.38095238095238093,0.2482153480071386,1,0.2987804878048781,0.2987804878048781,0
country_b35_g0.6_c360,2025/26,UEL,77,0.3603660162853125,0.6393315196268947,0.55,0.25906560971496034,6,0.5194805194805195,0.5194805194805195,4
country_b35_g0.6_c360,2025/26,UECL,164,0.23502169262517095,0.5891360136869119,0.4146341463414634,0.29011748958953004,23,0.3552492046659598,0.3397401908801697,11
country_b35_g0.8_c100,2018/19,UCL,79,0.5604679823244173,0.7200854700854701,0.45,0.2095817977888159,1,0.5443037974683544,0.0,0
country_b35_g0.8_c100,2018/19,UEL,213,0.4052336279295347,0.6575939310062022,0.5,0.24644581101633273,30,0.22402190923317683,0.14538341158059467,4
country_b35_g0.8_c100,2018/19,UECL,0,,,0.0,,0,0.0,0.0,0
country_b35_g0.8_c100,2019/20,UCL,79,0.44358987031185226,0.674690007293946,0.4,0.2438711744912674,3,0.3396624472573839,0.0,0
country_b35_g0.8_c100,2019/20,UEL,213,0.37716664218321777,0.6421487187232543,0.42592592592592593,0.2544248275254028,25,0.24769953051643193,0.15023474178403756,4
country_b35_g0.8_c100,2019/20,UECL,0,,,0.0,,0,0.0,0.0,0
country_b35_g0.8_c100,2020/21,UCL,79,0.47731156850577716,0.6952707856598017,0.55,0.22480371735298826,1,0.08860759493670886,0.08860759493670886,0
country_b35_g0.8_c100,2020/21,UEL,213,0.44514909124507307,0.6892548750500371,0.5,0.23789371597346204,34,0.217964650648992,0.12103010218171777,5
country_b35_g0.8_c100,2020/21,UECL,0,,,0.0,,0,0.0,0.0,0
country_b35_g0.8_c100,2021/22,UCL,80,0.44914443780190105,0.6675938803894298,0.4,0.24515624999999996,0,0.0,0.0,0
country_b35_g0.8_c100,2021/22,UEL,58,0.3543510004391463,0.632583503749148,0.4,0.26516052318668254,1,0.017241379310344834,0.0,0
country_b35_g0.8_c100,2021/22,UECL,181,0.3541626891631076,0.637901861252115,0.5,0.2582033515460456,31,0.2363215113170558,0.12279451078239174,3
country_b35_g0.8_c100,2022/23,UCL,78,0.36344929129799297,0.6386304428730927,0.55,0.2532873109796186,2,0.15384615384615383,0.04807692307692307,0
country_b35_g0.8_c100,2022/23,UEL,57,0.3552881224090592,0.6298834818368746,0.4,0.2570021545090797,5,0.21578947368421053,0.09122807017543859,0
country_b35_g0.8_c100,2022/23,UECL,177,0.3473950737227693,0.6345968399970329,0.4444444444444444,0.2574611382425229,19,0.25111507582515613,0.1384180790960452,4
country_b35_g0.8_c100,2023/24,UCL,78,0.42748280368197716,0.6672807663964628,0.45,0.2345496383957922,2,0.1282051282051282,0.07692307692307693,0
country_b35_g0.8_c100,2023/24,UEL,57,0.6593130171286709,0.7517289073305671,0.5333333333333333,0.18251769775315482,3,0.39181286549707606,0.07602339181286549,0
country_b35_g0.8_c100,2023/24,UECL,178,0.3335792347004778,0.6278609154929577,0.4444444444444444,0.26382401211968187,23,0.2675867122618466,0.1286028334147533,5
country_b35_g0.8_c100,2024/25,UCL,81,0.47305177538673704,0.6747149564050973,0.42857142857142855,0.228471269623533,6,0.11008230452674898,0.06378600823045268,0
country_b35_g0.8_c100,2024/25,UEL,76,0.4591205217624085,0.6784591194968553,0.5263157894736842,0.2418628808864266,9,0.29312865497076024,0.1301169590643275,1
country_b35_g0.8_c100,2024/25,UECL,164,0.36298211804473773,0.6431058495821727,0.5121951219512195,0.25048334324806665,31,0.24429583005507477,0.13621164437450825,6
country_b35_g0.8_c100,2025/26,UCL,82,0.4416762454471597,0.6727868852459017,0.38095238095238093,0.24077929803688275,1,0.054878048780487805,0.054878048780487805,0
country_b35_g0.8_c100,2025/26,UEL,77,0.40960377572302314,0.6548775748153906,0.55,0.2474278967785461,6,0.2272727272727273,0.10389610389610389,0
country_b35_g0.8_c100,2025/26,UECL,164,0.3155254401215765,0.6193327630453379,0.4146341463414634,0.2696311719214753,23,0.2550371155885472,0.12672322375397665,4
country_b35_g0.8_c140,2018/19,UCL,79,0.5514698962108513,0.7168803418803419,0.45,0.21182502804037814,1,0.5443037974683544,0.0,0
country_b35_g0.8_c140,2018/19,UEL,213,0.401223990539062,0.6562099543800297,0.5370370370370371,0.24891445700808923,30,0.2323161189358372,0.16017214397496085,4
country_b35_g0.8_c140,2018/19,UECL,0,,,0.0,,0,0.0,0.0,0
country_b35_g0.8_c140,2019/20,UCL,79,0.4419385926325515,0.674690007293946,0.4,0.24675532767184746,3,0.31012658227848094,0.004219409282700426,0
country_b35_g0.8_c140,2019/20,UEL,213,0.36778631370315973,0.6383728540502441,0.4444444444444444,0.25632039498335873,25,0.26140845070422536,0.17727699530516433,6
country_b35_g0.8_c140,2019/20,UECL,0,,,0.0,,0,0.0,0.0,0
country_b35_g0.8_c140,2020/21,UCL,79,0.47651629774704635,0.6941266209000763,0.55,0.22656625540778724,1,0.08860759493670886,0.08860759493670886,0
country_b35_g0.8_c140,2020/21,UEL,213,0.4306762534802246,0.6832504145936982,0.5185185185185185,0.24194934867420487,34,0.2308064070698702,0.14705882352941177,7
country_b35_g0.8_c140,2020/21,UECL,0,,,0.0,,0,0.0,0.0,0
country_b35_g0.8_c140,2021/22,UCL,80,0.4547450076995177,0.6696801112656467,0.4,0.24421875,0,0.0,0.0,0
country_b35_g0.8_c140,2021/22,UEL,58,0.3896053091563062,0.6482617586912065,0.4,0.25980975029726516,1,0.03448275862068967,0.03448275862068967,0
country_b35_g0.8_c140,2021/22,UECL,181,0.35750858523490153,0.6395939086294417,0.4782608695652174,0.2575928695705259,31,0.24505435751202992,0.1496168240955266,4
country_b35_g0.8_c140,2022/23,UCL,78,0.362210245107577,0.6363974692966133,0.55,0.2537804076265614,2,0.15384615384615385,0.0608974358974359,0
country_b35_g0.8_c140,2022/23,UEL,57,0.35228439999942557,0.630568882796436,0.4,0.2530009233610342,5,0.20877192982456144,0.11228070175438595,0
country_b35_g0.8_c140,2022/23,UECL,177,0.344400761543935,0.6335583413693346,0.4666666666666667,0.2594082160298765,19,0.2633065715135296,0.17276241451085342,6
country_b35_g0.8_c140,2023/24,UCL,78,0.42926828631915237,0.6683861459100958,0.45,0.23224852071005914,2,0.1346153846153846,0.10256410256410256,0
country_b35_g0.8_c140,2023/24,UEL,57,0.6669722161560308,0.7544951590594744,0.5333333333333333,0.18497999384425975,3,0.3274853801169591,0.08771929824561403,0
country_b35_g0.8_c140,2023/24,UECL,178,0.343001377825313,0.6313086854460094,0.4666666666666667,0.2603837899255145,23,0.28370786516853935,0.16548607718612604,5
country_b35_g0.8_c140,2024/25,UCL,81,0.4723355814559152,0.676056338028169,0.42857142857142855,0.22892851699436065,6,0.12037037037037039,0.07613168724279835,0
country_b35_g0.8_c140,2024/25,UEL,76,0.4470653246839134,0.6717767295597484,0.5263157894736842,0.2477493074792244,9,0.2814327485380117,0.16374269005847955,2
country_b35_g0.8_c140,2024/25,UECL,164,0.3630180720659316,0.6444986072423399,0.4878048780487805,0.2521564544913742,31,0.2639653815892997,0.1832218725413061,7
country_b35_g0.8_c140,2025/26,UCL,82,0.4387071959230197,0.6721311475409836,0.38095238095238093,0.24345627602617492,1,0.11585365853658536,0.11585365853658536,0
country_b35_g0.8_c140,2025/26,UEL,77,0.4292109073236924,0.6661484648270501,0.55,0.2413560465508518,6,0.21861471861471862,0.14285714285714282,0
country_b35_g0.8_c140,2025/26,UECL,164,0.32783244724914706,0.6249786142001711,0.3902439024390244,0.2647233789411065,23,0.2518557794273595,0.16238069989395548,5
country_b35_g0.8_c180,2018/19,UCL,79,0.5451197482451466,0.7136752136752137,0.45,0.2140682582919404,1,0.5443037974683544,0.0,0
country_b35_g0.8_c180,2018/19,UEL,213,0.39709084396604455,0.65410836024399,0.5555555555555556,0.251757808195023,30,0.24327073552425665,0.17535211267605633,4
country_b35_g0.8_c180,2018/19,UECL,0,,,0.0,,0,0.0,0.0,0
country_b35_g0.8_c180,2019/20,UCL,79,0.43378078797809566,0.6714077315827863,0.4,0.250921326710463,3,0.3143459915611814,0.021097046413502112,0
country_b35_g0.8_c180,2019/20,UEL,213,0.3630390441720091,0.6368625081810402,0.4444444444444444,0.2577310498357909,25,0.2621596244131455,0.19154929577464788,6
country_b35_g0.8_c180,2019/20,UECL,0,,,0.0,,0,0.0,0.0,0
country_b35_g0.8_c180,2020/21,UCL,79,0.47650387164144115,0.6952707856598017,0.55,0.22816856273033168,1,0.07594936708860761,0.07594936708860761,0
country_b35_g0.8_c180,2020/21,UEL,213,0.4142903023892981,0.6762166180591297,0.5370370370370371,0.24657805990874831,34,0.2415769124551229,0.17253521126760563,7
country_b35_g0.8_c180,2020/21,UECL,0,,,0.0,,0,0.0,0.0,0
country_b35_g0.8_c180,2021/22,UCL,80,0.4553239695665708,0.6700278164116829,0.4,0.24437499999999995,0,0.0,0.0,0
country_b35_g0.8_c180,2021/22,UEL,58,0.40846371479192234,0.6523517382413088,0.4,0.2565398335315101,1,0.06896551724137931,0.06896551724137931,0
country_b35_g0.8_c180,2021/22,UECL,181,0.3564424908983005,0.6392413987591653,0.5,0.25817282744726966,31,0.2543218677597576,0.17572625200499017,4
country_b35_g0.8_c180,2022/23,UCL,78,0.3612394460305501,0.6371417938221065,0.55,0.25542406311637084,2,0.16025641025641024,0.08012820512820512,0
country_b35_g0.8_c180,2022/23,UEL,57,0.34888888771027443,0.6312542837559972,0.4,0.255155432440751,5,0.22982456140350874,0.1421052631578947,0
country_b35_g0.8_c180,2022/23,UECL,177,0.344127553873532,0.6323714857948224,0.4666666666666667,0.26065306904146324,19,0.27074041034790364,0.1983348201011002,6
country_b35_g0.8_c180,2023/24,UCL,78,0.429319300108786,0.6694915254237288,0.45,0.23159105851413536,2,0.16666666666666666,0.14743589743589744,0
country_b35_g0.8_c180,2023/24,UEL,57,0.674991463000916,0.7627939142461964,0.5333333333333333,0.1806709756848261,3,0.304093567251462,0.11111111111111112,0
country_b35_g0.8_c180,2023/24,UECL,178,0.3546264779659457,0.6359301643192489,0.4666666666666667,0.26032066658250225,23,0.3010503175378603,0.20065950170981928,5
country_b35_g0.8_c180,2024/25,UCL,81,0.45948956333164775,0.6713615023474179,0.38095238095238093,0.23380582228318855,6,0.14506172839506173,0.11111111111111112,1
country_b35_g0.8_c180,2024/25,UEL,76,0.4422957799682245,0.6686320754716981,0.5263157894736842,0.24948060941828254,9,0.2785087719298246,0.19005847953216376,3
country_b35_g0.8_c180,2024/25,UECL,164,0.3623045230299298,0.6438892757660167,0.4634146341463415,0.2544244497323022,31,0.2779307631785995,0.21557828481510619,7
country_b35_g0.8_c180,2025/26,UCL,82,0.4368446925314928,0.6718032786885246,0.38095238095238093,0.24301011302795952,1,0.12804878048780488,0.12804878048780488,0
country_b35_g0.8_c180,2025/26,UEL,77,0.4418069232058354,0.6700349786241742,0.6,0.23966942148760328,6,0.24242424242424251,0.18831168831168832,1
country_b35_g0.8_c180,2025/26,UECL,164,0.327193408383078,0.6236099230111206,0.43902439024390244,0.26818114217727546,23,0.2619300106044538,0.1926033934252386,5
country_b35_g0.8_c220,2018/19,UCL,79,0.5392231822769925,0.7115384615384616,0.45,0.21567056561448483,1,0.5443037974683544,0.0,0
country_b35_g0.8_c220,2018/19,UEL,213,0.39758614099400486,0.6552873032959147,0.5370370370370371,0.25336683638607865,30,0.25344287949921757,0.18974960876369326,4
country_b35_g0.8_c220,2018/19,UECL,0,,,0.0,,0,0.0,0.0,0
country_b35_g0.8_c220,2019/20,UCL,79,0.43102044320075716,0.6710430342815463,0.4,0.25124178817497195,3,0.30168776371308015,0.021097046413502112,0
country_b35_g0.8_c220,2019/20,UEL,213,0.3525153548081762,0.6336907818557116,0.4444444444444444,0.2600454054530627,25,0.27098591549295775,0.2110798122065728,7
country_b35_g0.8_c220,2019/20,UECL,0,,,0.0,,0,0.0,0.0,0
country_b35_g0.8_c220,2020/21,UCL,79,0.4719310647787387,0.6937452326468345,0.55,0.2297708700528761,1,0.08860759493670886,0.08860759493670886,0
country_b35_g0.8_c220,2020/21,UEL,213,0.400078695540519,0.6696974895636759,0.5370370370370371,0.24915691331085102,34,0.25372825186412595,0.19559513946423637,8
country_b35_g0.8_c220,2020/21,UECL,0,,,0.0,,0,0.0,0.0,0
country_b35_g0.8_c220,2021/22,UCL,80,0.4467695125921522,0.6668984700973575,0.4,0.24640625,0,0.0,0.0,0
country_b35_g0.8_c220,2021/22,UEL,58,0.4356759265603402,0.6625766871165644,0.4,0.251486325802616,1,0.10344827586206898,0.10344827586206898,0
country_b35_g0.8_c220,2021/22,UECL,181,0.35274191344144507,0.6371968415115623,0.45652173913043476,0.2596685082872928,31,0.26982712528960967,0.20540010693281052,8
country_b35_g0.8_c220,2022/23,UCL,78,0.34844022662027385,0.6326758466691478,0.55,0.25969756738987504,2,0.13461538461538464,0.09294871794871795,0
country_b35_g0.8_c220,2022/23,UEL,57,0.360969075662062,0.6387936943111721,0.4,0.25392428439519854,5,0.2614035087719298,0.187719298245614,1
country_b35_g0.8_c220,2022/23,UECL,177,0.33683543267876015,0.6297010607521697,0.5111111111111111,0.2624086309808803,19,0.27163247100802856,0.2149866190900981,6
country_b35_g0.8_c220,2023/24,UCL,78,0.42118260066223023,0.6650700073691967,0.45,0.23290598290598288,2,0.19871794871794876,0.19871794871794876,0
country_b35_g0.8_c220,2023/24,UEL,57,0.6818323715338998,0.7683264177040111,0.5333333333333333,0.1794398276392736,3,0.304093567251462,0.14619883040935674,1
country_b35_g0.8_c220,2023/24,UECL,178,0.358427468411705,0.6377640845070423,0.4444444444444444,0.2595947481378614,23,0.31424035173424525,0.23070346849047385,5
country_b35_g0.8_c220,2024/25,UCL,81,0.45905757334162817,0.6693494299128102,0.38095238095238093,0.23548239597622317,6,0.212962962962963,0.18415637860082304,1
country_b35_g0.8_c220,2024/25,UEL,76,0.4442035978545001,0.6674528301886793,0.5263157894736842,0.24792243767313013,9,0.26681286549707606,0.206140350877193,4
country_b35_g0.8_c220,2024/25,UECL,164,0.3596577539312718,0.6424094707520891,0.43902439024390244,0.25609756097560976,31,0.29051927616050355,0.24252557041699446,7
country_b35_g0.8_c220,2025/26,UCL,82,0.4278718085452541,0.6675409836065573,0.38095238095238093,0.24419988102320048,1,0.18902439024390244,0.18902439024390244,0
country_b35_g0.8_c220,2025/26,UEL,77,0.433502883105756,0.6677030703458997,0.65,0.23882610895597914,6,0.2489177489177489,0.2316017316017316,2
country_b35_g0.8_c220,2025/26,UECL,164,0.3131841339312374,0.618562874251497,0.43902439024390244,0.27178762641284954,23,0.2794273594909862,0.22123541887592788,5
country_b35_g0.8_c260,2018/19,UCL,79,0.5295876295722747,0.7069088319088319,0.45,0.21855471879506486,1,0.5443037974683544,0.0,0
country_b35_g0.8_c260,2018/19,UEL,213,0.3940881845026463,0.6534420011276847,0.5185185185185185,0.25490974013092643,30,0.2637715179968701,0.2046165884194053,5
country_b35_g0.8_c260,2018/19,UECL,0,,,0.0,,0,0.0,0.0,0
country_b35_g0.8_c260,2019/20,UCL,79,0.4272126461641607,0.6684901531728665,0.4,0.2515622496394808,3,0.30168776371308015,0.021097046413502112,0
country_b35_g0.8_c260,2019/20,UEL,213,0.3408137903736269,0.6298645723203947,0.42592592592592593,0.26262425885516544,25,0.27849765258215964,0.22685446009389673,10
country_b35_g0.8_c260,2019/20,UECL,0,,,0.0,,0,0.0,0.0,0
country_b35_g0.8_c260,2020/21,UCL,79,0.46413989656429727,0.6903127383676583,0.55,0.23265502323345622,1,0.10126582278481014,0.10126582278481014,0
country_b35_g0.8_c260,2020/21,UEL,213,0.38309610593758237,0.6624349516783896,0.5185185185185185,0.25407216381229475,34,0.2680889257111296,0.21817177575255456,10
country_b35_g0.8_c260,2020/21,UECL,0,,,0.0,,0,0.0,0.0,0
country_b35_g0.8_c260,2021/22,UCL,80,0.4437092855805853,0.6658553546592489,0.4,0.24765625,0,0.0,0.0,0
country_b35_g0.8_c260,2021/22,UEL,58,0.4397593168715232,0.6646216768916156,0.4666666666666667,0.2508917954815696,1,0.18965517241379312,0.18965517241379312,0
country_b35_g0.8_c260,2021/22,UECL,181,0.34178266867932827,0.6335307388606881,0.4782608695652174,0.2622630566832514,31,0.28444127606487263,0.23088576011406167,9
country_b35_g0.8_c260,2022/23,UCL,78,0.3382340626394248,0.6300707108299218,0.55,0.26117685733070345,2,0.1217948717948718,0.09294871794871795,0
country_b35_g0.8_c260,2022/23,UEL,57,0.3794484983126343,0.6429061000685401,0.4,0.25023084025854114,5,0.3,0.23684210526315788,2
country_b35_g0.8_c260,2022/23,UECL,177,0.3287247856923391,0.6254728877679697,0.4666666666666667,0.2642280315362763,19,0.275498067201903,0.2313410645257211,6
country_b35_g0.8_c260,2023/24,UCL,78,0.41001058073247665,0.6610169491525424,0.45,0.23323471400394474,2,0.2692307692307693,0.2692307692307693,1
country_b35_g0.8_c260,2023/24,UEL,57,0.6909644934511364,0.7745504840940526,0.6,0.17451523545706374,3,0.2280701754385965,0.15204678362573099,1
country_b35_g0.8_c260,2023/24,UECL,178,0.36000824911907603,0.639231220657277,0.4222222222222222,0.2577641711905062,23,0.3223009281875916,0.25390815828041036,5
country_b35_g0.8_c260,2024/25,UCL,81,0.44462001314886757,0.6656606304493629,0.38095238095238093,0.23990245389422343,6,0.26440329218106995,0.24382716049382713,2
country_b35_g0.8_c260,2024/25,UEL,76,0.44508838296117864,0.6678459119496856,0.5263157894736842,0.24463296398891962,9,0.2580409356725146,0.22076023391812866,4
country_b35_g0.8_c260,2024/25,UECL,164,0.3575240210581113,0.6412778551532033,0.4146341463414634,0.2584399167162404,31,0.3035011801730921,0.26671911880409127,9
country_b35_g0.8_c260,2025/26,UCL,82,0.4247931999980831,0.6655737704918033,0.42857142857142855,0.24494348602022603,1,0.20121951219512194,0.20121951219512194,0
country_b35_g0.8_c260,2025/26,UEL,77,0.431663464913443,0.6649825106879129,0.6,0.24085005903187723,6,0.3095238095238095,0.3095238095238095,3
country_b35_g0.8_c260,2025/26,UECL,164,0.305249860423859,0.61633875106929,0.4634146341463415,0.2745389649018441,23,0.29904559915164364,0.251458112407211,7
country_b35_g0.8_c300,2018/19,UCL,79,0.5207611690794034,0.7037037037037037,0.45,0.22240025636917157,1,0.5443037974683544,0.0,0
country_b35_g0.8_c300,2018/19,UEL,213,0.3902896469905028,0.6516479573530165,0.5185185185185185,0.2549758645771341,30,0.26971830985915496,0.21635367762128324,6
country_b35_g0.8_c300,2018/19,UECL,0,,,0.0,,0,0.0,0.0,0
country_b35_g0.8_c300,2019/20,UCL,79,0.4179457744116671,0.6655725747629467,0.4,0.25508732574907866,3,0.30168776371308015,0.021097046413502112,0
country_b35_g0.8_c300,2019/20,UEL,213,0.32731497809542726,0.6246790515027941,0.3888888888888889,0.2654896515241685,25,0.2863849765258216,0.24140845070422537,11
country_b35_g0.8_c300,2019/20,UECL,0,,,0.0,,0,0.0,0.0,0
country_b35_g0.8_c300,2020/21,UCL,79,0.4609463874237687,0.6895499618611747,0.55,0.2344175612882551,1,0.11392405063291142,0.11392405063291142,0
country_b35_g0.8_c300,2020/21,UEL,213,0.3599684621682444,0.6518556642076971,0.5,0.2594502854371928,34,0.28272576636288316,0.23964374482187242,10
country_b35_g0.8_c300,2020/21,UECL,0,,,0.0,,0,0.0,0.0,0
country_b35_g0.8_c300,2021/22,UCL,80,0.4434257124212123,0.6665507649513213,0.4,0.24859375000000003,0,0.0,0.0,0
country_b35_g0.8_c300,2021/22,UEL,58,0.4404450770764547,0.665303340149966,0.5333333333333333,0.25,1,0.2586206896551724,0.2586206896551724,0
country_b35_g0.8_c300,2021/22,UECL,181,0.33090338099245653,0.6283135927805978,0.4782608695652174,0.26464393638777817,31,0.2953127784708608,0.24906433790768134,9
country_b35_g0.8_c300,2022/23,UCL,78,0.3327030626347845,0.6285820617789356,0.55,0.2608481262327417,2,0.12179487179487178,0.10576923076923075,0
country_b35_g0.8_c300,2022/23,UEL,57,0.38137479855359496,0.6415352981494175,0.4,0.25146198830409355,5,0.33508771929824566,0.27894736842105267,2
country_b35_g0.8_c300,2022/23,UECL,177,0.3166795093642912,0.6199095022624435,0.4444444444444444,0.26773915541511056,19,0.27876895628902765,0.2456140350877193,6
country_b35_g0.8_c300,2023/24,UCL,78,0.4030599518949016,0.6565954310980103,0.45,0.23257725180802105,2,0.33974358974358976,0.33974358974358976,1
country_b35_g0.8_c300,2023/24,UEL,57,0.674205904126315,0.7648686030428768,0.6,0.17482302246845183,3,0.23976608187134507,0.20467836257309943,1
country_b35_g0.8_c300,2023/24,UECL,178,0.36043741059351925,0.6390111502347418,0.4,0.2556179775280899,23,0.32572056668295063,0.2694186614557889,6
country_b35_g0.8_c300,2024/25,UCL,81,0.43394531313233037,0.6606304493628438,0.38095238095238093,0.24035970126505107,6,0.2952674897119341,0.2890946502057613,3
country_b35_g0.8_c300,2024/25,UEL,76,0.4343050644735339,0.6647012578616353,0.631578947368421,0.24203601108033243,9,0.26827485380116955,0.24853801169590645,4
country_b35_g0.8_c300,2024/25,UECL,164,0.3442224160633408,0.6350104456824512,0.4146341463414634,0.2637566924449733,31,0.3200236034618411,0.2889457120377656,10
country_b35_g0.8_c300,2025/26,UCL,82,0.4226787108535848,0.6632786885245902,0.42857142857142855,0.24613325401546696,1,0.21341463414634146,0.21341463414634146,0
country_b35_g0.8_c300,2025/26,UEL,77,0.4154019417640096,0.6575981344733773,0.55,0.24725923427222132,6,0.3874458874458874,0.3874458874458874,4
country_b35_g0.8_c300,2025/26,UECL,164,0.2989283337099435,0.6131736526946108,0.43902439024390244,0.2779967281380131,23,0.30567338282078466,0.2680275715800637,7
country_b35_g0.8_c360,2018/19,UCL,79,0.5038560454409736,0.6962250712250713,0.45,0.22656625540778721,1,0.5443037974683544,0.0,0
country_b35_g0.8_c360,2018/19,UEL,213,0.38427235523478626,0.6498539135783484,0.5185185185185185,0.2569375564812978,30,0.2858372456964007,0.23630672926447577,7
country_b35_g0.8_c360,2018/19,UECL,0,,,0.0,,0,0.0,0.0,0
country_b35_g0.8_c360,2019/20,UCL,79,0.4030103374914247,0.6608315098468271,0.4,0.2582919403941676,3,0.30168776371308015,0.021097046413502112,0
country_b35_g0.8_c360,2019/20,UEL,213,0.31040930180075477,0.6180335296782963,0.4074074074074074,0.269258744958011,25,0.3006572769953052,0.2607511737089202,11
country_b35_g0.8_c360,2019/20,UECL,0,,,0.0,,0,0.0,0.0,0
country_b35_g0.8_c360,2020/21,UCL,79,0.455913814653675,0.6872616323417239,0.55,0.2352187149495273,1,0.11392405063291142,0.11392405063291142,0
country_b35_g0.8_c360,2020/21,UEL,213,0.32914385908667115,0.6379024418139189,0.46296296296296297,0.26632722784280016,34,0.3049571941452638,0.26815796741231707,11
country_b35_g0.8_c360,2020/21,UECL,0,,,0.0,,0,0.0,0.0,0
country_b35_g0.8_c360,2021/22,UCL,80,0.433583360681308,0.6627260083449235,0.4,0.25093750000000004,0,0.0,0.0,0
country_b35_g0.8_c360,2021/22,UEL,58,0.44870537045403863,0.6632583503749148,0.5333333333333333,0.25148632580261593,1,0.31034482758620696,0.31034482758620696,0
country_b35_g0.8_c360,2021/22,UECL,181,0.3184608299754727,0.6226029328821207,0.45652173913043476,0.26638381001800926,31,0.3090358224915345,0.27152022812332915,11
country_b35_g0.8_c360,2022/23,UCL,78,0.322982298192449,0.6241161146259769,0.55,0.26429980276134124,2,0.14743589743589744,0.14743589743589744,0
country_b35_g0.8_c360,2022/23,UEL,57,0.3851621007222635,0.6435915010281015,0.4666666666666667,0.24807633117882422,5,0.38421052631578945,0.34912280701754383,3
country_b35_g0.8_c360,2022/23,UECL,177,0.29086412756010904,0.6104146576663452,0.4444444444444444,0.2735165501611925,19,0.2891763306571513,0.26509069283377934,6
country_b35_g0.8_c360,2023/24,UCL,78,0.38204227056586737,0.6507000736919676,0.45,0.2333990795529257,2,0.4615384615384616,0.4615384615384616,1
country_b35_g0.8_c360,2023/24,UEL,57,0.6598039914252964,0.760027662517289,0.6666666666666666,0.17790089258233302,3,0.28654970760233917,0.28654970760233917,1
country_b35_g0.8_c360,2023/24,UECL,178,0.3512557272897916,0.6352699530516432,0.4,0.25763792450448175,23,0.3411089399120664,0.2972642892037127,8
country_b35_g0.8_c360,2024/25,UCL,81,0.4042744217125624,0.6485580147551978,0.38095238095238093,0.2456942539247066,6,0.38580246913580246,0.38271604938271603,4
country_b35_g0.8_c360,2024/25,UEL,76,0.4087707192854831,0.6564465408805031,0.5789473684210527,0.2422091412742382,9,0.30043859649122806,0.29751461988304095,4
country_b35_g0.8_c360,2024/25,UECL,164,0.3229085957302085,0.6277855153203342,0.43902439024390244,0.26847858417608567,31,0.3320220298977183,0.3099921321793863,12
country_b35_g0.8_c360,2025/26,UCL,82,0.4263598940274263,0.6642622950819672,0.38095238095238093,0.2456870910172516,1,0.24999999999999997,0.24999999999999997,0
country_b35_g0.8_c360,2025/26,UEL,77,0.38047965434473463,0.6436066848037311,0.55,0.2556923595884635,6,0.48484848484848486,0.48484848484848486,4
country_b35_g0.8_c360,2025/26,UECL,164,0.2795368094981941,0.6061591103507271,0.4634146341463415,0.28164039262343843,23,0.3231707317073171,0.2930805938494168,9
country_b35_g1.0_c100,2018/19,UCL,79,0.5609093053490608,0.7215099715099715,0.45,0.2095817977888159,1,0.5189873417721519,0.0,0
country_b35_g1.0_c100,2018/19,UEL,213,0.4103579987073634,0.6603618842585474,0.5,0.24525557098459302,30,0.21369327073552424,0.12699530516431926,3
country_b35_g1.0_c100,2018/19,UECL,0,,,0.0,,0,0.0,0.0,0
country_b35_g1.0_c100,2019/20,UCL,79,0.4453767006364687,0.675419401896426,0.4,0.24355071302675857,3,0.36075949367088606,0.0,0
country_b35_g1.0_c100,2019/20,UEL,213,0.38429037036796626,0.6446659618385944,0.4074074074074074,0.2534329608322864,25,0.24131455399061033,0.12788732394366198,2
country_b35_g1.0_c100,2019/20,UECL,0,,,0.0,,0,0.0,0.0,0
country_b35_g1.0_c100,2020/21,UCL,79,0.47893938834005434,0.6952707856598017,0.55,0.22416279442397047,1,0.025316455696202528,0.025316455696202528,0
country_b35_g1.0_c100,2020/21,UEL,213,0.45561509826764324,0.69291473666152,0.5,0.23368379289823443,34,0.2120270643468655,0.10328638497652583,3
country_b35_g1.0_c100,2020/21,UECL,0,,,0.0,,0,0.0,0.0,0
country_b35_g1.0_c100,2021/22,UCL,80,0.44393378099842223,0.6658553546592489,0.4,0.2446875,0,0.0,0.0,0
country_b35_g1.0_c100,2021/22,UEL,58,0.3551926152361076,0.632583503749148,0.4,0.2651605231866826,1,0.06896551724137931,0.0,0
country_b35_g1.0_c100,2021/22,UECL,181,0.35029809719292887,0.6362098138747885,0.4782608695652174,0.25756234547175,31,0.22883621457850645,0.09490286936374977,3
country_b35_g1.0_c100,2022/23,UCL,78,0.36947846451321287,0.6401190919240789,0.55,0.25131492439184744,2,0.12179487179487178,0.009615384615384609,0
country_b35_g1.0_c100,2022/23,UEL,57,0.35401480530062757,0.6285126799177518,0.4,0.25700215450907976,5,0.2192982456140351,0.08070175438596491,0
country_b35_g1.0_c100,2022/23,UECL,177,0.3462188543546087,0.6340775906831837,0.4444444444444444,0.2572696223945865,19,0.2570621468926554,0.11567053226286055,3
country_b35_g1.0_c100,2023/24,UCL,78,0.42470255214694713,0.6665438467207074,0.45,0.23586456278763962,2,0.141025641025641,0.07692307692307693,0
country_b35_g1.0_c100,2023/24,UEL,57,0.6614078407942736,0.7510373443983402,0.5333333333333333,0.18128654970760236,3,0.3625730994152047,0.05847953216374269,0
country_b35_g1.0_c100,2023/24,UECL,178,0.32662315261094793,0.625293427230047,0.4666666666666667,0.2678323444009595,23,0.2795554469956033,0.11028334147532978,4
country_b35_g1.0_c100,2024/25,UCL,81,0.4705848851805725,0.6733735747820255,0.42857142857142855,0.22969059594574,6,0.11213991769547327,0.06378600823045268,0
country_b35_g1.0_c100,2024/25,UEL,76,0.46969646874067544,0.6831761006289309,0.5263157894736842,0.238573407202216,9,0.29166666666666663,0.10964912280701755,1
country_b35_g1.0_c100,2024/25,UECL,164,0.35672611835700074,0.6400591922005571,0.4878048780487805,0.25208209399167164,31,0.24586939417781273,0.11536191974822971,6
country_b35_g1.0_c100,2025/26,UCL,82,0.44261845304522623,0.6724590163934426,0.38095238095238093,0.2404818560380725,1,0.0060975609756097615,0.0,0
country_b35_g1.0_c100,2025/26,UEL,77,0.41354919445436106,0.657209483093665,0.55,0.24810254680384553,6,0.2012987012987013,0.07792207792207793,0
country_b35_g1.0_c100,2025/26,UECL,164,0.321093617137777,0.6206159110350727,0.4146341463414634,0.27007733491969066,23,0.2436373276776246,0.09875397667020148,4
country_b35_g1.0_c140,2018/19,UCL,79,0.553627475442442,0.7172364672364673,0.45,0.21118410511136035,1,0.5316455696202532,0.0,0
country_b35_g1.0_c140,2018/19,UEL,213,0.4106163597524827,0.6598493003229279,0.5370370370370371,0.2452996539487315,30,0.2230829420970266,0.14287949921752738,4
country_b35_g1.0_c140,2018/19,UECL,0,,,0.0,,0,0.0,0.0,0
country_b35_g1.0_c140,2019/20,UCL,79,0.44121153753494896,0.6735959153902261,0.4,0.24675532767184746,3,0.36075949367088606,0.0,0
country_b35_g1.0_c140,2019/20,UEL,213,0.381364822376661,0.6443638926647536,0.4444444444444444,0.2540501223302255,25,0.25183098591549297,0.1504225352112676,4
country_b35_g1.0_c140,2019/20,UECL,0,,,0.0,,0,0.0,0.0,0
country_b35_g1.0_c140,2020/21,UCL,79,0.4750748694968466,0.6941266209000763,0.55,0.22656625540778721,1,0.037974683544303806,0.037974683544303806,0
country_b35_g1.0_c140,2020/21,UEL,213,0.44370683858252724,0.6888545776862812,0.5370370370370371,0.2374088033679385,34,0.22224523612261807,0.12441314553990612,5
country_b35_g1.0_c140,2020/21,UECL,0,,,0.0,,0,0.0,0.0,0
country_b35_g1.0_c140,2021/22,UCL,80,0.4466868037540017,0.6668984700973575,0.4,0.24500000000000002,0,0.0,0.0,0
country_b35_g1.0_c140,2021/22,UEL,58,0.3842127402720722,0.6448534423994546,0.4,0.25980975029726516,1,0.0,0.0,0
country_b35_g1.0_c140,2021/22,UECL,181,0.3625438307939248,0.6417089678510999,0.4782608695652174,0.2549372729770154,31,0.23810372482623418,0.1231509534842274,3
country_b35_g1.0_c140,2022/23,UCL,78,0.36419016427782935,0.6382582806103461,0.55,0.2529585798816567,2,0.12179487179487179,0.02884615384615384,0
country_b35_g1.0_c140,2022/23,UEL,57,0.36315656915603434,0.634681288553804,0.4,0.25330871037242236,5,0.21228070175438596,0.10877192982456141,0
country_b35_g1.0_c140,2022/23,UECL,177,0.347957947356973,0.6354128032045101,0.4444444444444444,0.25726962239458645,19,0.2585489146595302,0.14510853404698187,4
country_b35_g1.0_c140,2023/24,UCL,78,0.417229031965628,0.6632277081798084,0.45,0.2365220249835634,2,0.1474358974358974,0.10256410256410256,0
country_b35_g1.0_c140,2023/24,UEL,57,0.6675613853119815,0.7538035961272476,0.5333333333333333,0.1837488457987073,3,0.3333333333333333,0.08187134502923976,0
country_b35_g1.0_c140,2023/24,UECL,178,0.3366588456829142,0.6283010563380281,0.4666666666666667,0.2627509152884737,23,0.28273082559843676,0.1393502686858818,5
country_b35_g1.0_c140,2024/25,UCL,81,0.47240379040170766,0.6753856472166331,0.42857142857142855,0.2293857643651883,6,0.1183127572016461,0.07407407407407407,0
country_b35_g1.0_c140,2024/25,UEL,76,0.45913434652970037,0.6772798742138365,0.5263157894736842,0.24411357340720213,9,0.29166666666666663,0.14473684210526316,1
country_b35_g1.0_c140,2024/25,UECL,164,0.3673629772425164,0.6461525069637883,0.5121951219512195,0.2487358715050565,31,0.25531077891424075,0.15096380802517703,6
country_b35_g1.0_c140,2025/26,UCL,82,0.44313338045347195,0.6734426229508197,0.38095238095238093,0.24107674003569304,1,0.042682926829268296,0.042682926829268296,0
country_b35_g1.0_c140,2025/26,UEL,77,0.43263649047894187,0.6680917217256122,0.55,0.24101872153820206,6,0.20562770562770563,0.12770562770562768,0
country_b35_g1.0_c140,2025/26,UECL,164,0.3341691235913529,0.6276304533789564,0.3902439024390244,0.263459250446163,23,0.23568398727465537,0.13043478260869565,4
country_b35_g1.0_c180,2018/19,UCL,79,0.5466276019126789,0.7147435897435898,0.45,0.21310687389841373,1,0.5443037974683544,0.0,0
country_b35_g1.0_c180,2018/19,UEL,213,0.4090989612240749,0.6590804244194987,0.5555555555555556,0.2467543917653023,30,0.23137715179968701,0.15547730829420972,4
country_b35_g1.0_c180,2018/19,UECL,0,,,0.0,,0,0.0,0.0,0
country_b35_g1.0_c180,2019/20,UCL,79,0.43527186707656873,0.6725018234865062,0.4,0.24963948085242751,3,0.3438818565400843,0.0,0
country_b35_g1.0_c180,2019/20,UEL,213,0.3773724722435241,0.6426521673463224,0.42592592592592593,0.25526240384403454,25,0.2584037558685446,0.1688262910798122,4
country_b35_g1.0_c180,2019/20,UECL,0,,,0.0,,0,0.0,0.0,0
country_b35_g1.0_c180,2020/21,UCL,79,0.4768393764927807,0.6952707856598017,0.55,0.22656625540778721,1,0.05063291139240508,0.05063291139240508,0
country_b35_g1.0_c180,2020/21,UEL,213,0.4268932428067762,0.6811917424372391,0.5370370370370371,0.24320571315215234,34,0.23826291079812212,0.14857774095553714,6
country_b35_g1.0_c180,2020/21,UECL,0,,,0.0,,0,0.0,0.0,0
country_b35_g1.0_c180,2021/22,UCL,80,0.45175567397779404,0.6689847009735744,0.4,0.24421874999999998,0,0.0,0.0,0
country_b35_g1.0_c180,2021/22,UEL,58,0.4110509010196184,0.65439672801636,0.4,0.254756242568371,1,0.03448275862068967,0.03448275862068967,0
country_b35_g1.0_c180,2021/22,UECL,181,0.3597012542598916,0.6398759165256627,0.4782608695652174,0.2564329538170386,31,0.24541080021386563,0.1445375155943682,4
country_b35_g1.0_c180,2022/23,UCL,78,0.3546993259326844,0.6334201711946409,0.55,0.25476660092044706,2,0.14743589743589744,0.0608974358974359,0
country_b35_g1.0_c180,2022/23,UEL,57,0.36361365734880463,0.6360520904729267,0.4,0.2526931363496461,5,0.21929824561403505,0.12456140350877191,0
country_b35_g1.0_c180,2022/23,UECL,177,0.34880390363761843,0.635116089310882,0.4666666666666667,0.259057103641993,19,0.27163247100802856,0.17187035385072852,5
country_b35_g1.0_c180,2023/24,UCL,78,0.42615644515150414,0.6669123065585851,0.45,0.2335634451019066,2,0.17307692307692304,0.14743589743589744,0
country_b35_g1.0_c180,2023/24,UEL,57,0.6784282830772954,0.7621023513139695,0.5333333333333333,0.18251769775315482,3,0.29824561403508776,0.09941520467836258,0
country_b35_g1.0_c180,2023/24,UECL,178,0.345799553770489,0.6318221830985915,0.4666666666666667,0.26054159828304513,23,0.29323400097703956,0.16621885686370297,5
country_b35_g1.0_c180,2024/25,UCL,81,0.46440060742871286,0.6737089201877934,0.38095238095238093,0.23289132754153333,6,0.14506172839506173,0.10493827160493828,1
country_b35_g1.0_c180,2024/25,UEL,76,0.45172427126126763,0.6717767295597484,0.5263157894736842,0.24705678670360107,9,0.27850877192982454,0.16666666666666663,3
country_b35_g1.0_c180,2024/25,UECL,164,0.36803365802247934,0.6468488857938719,0.4878048780487805,0.25126412849494345,31,0.2720298977183321,0.18361526357199057,7
country_b35_g1.0_c180,2025/26,UCL,82,0.4448534571150586,0.6747540983606557,0.38095238095238093,0.24137418203450328,1,0.06707317073170732,0.06707317073170732,0
country_b35_g1.0_c180,2025/26,UEL,77,0.4384346565199284,0.6696463272444617,0.55,0.23966942148760334,6,0.21861471861471862,0.16233766233766234,0
country_b35_g1.0_c180,2025/26,UECL,164,0.33542929721732956,0.6284003421727973,0.4146341463414634,0.26308744794765015,23,0.2476139978791092,0.16291092258748674,5
country_b35_g1.0_c220,2018/19,UCL,79,0.5436364125234281,0.7122507122507122,0.45,0.21438871975644927,1,0.5443037974683544,0.0,0
country_b35_g1.0_c220,2018/19,UEL,213,0.40944176222052586,0.6591829412066226,0.5555555555555556,0.24820912958187313,30,0.2428012519561815,0.17018779342723003,4
country_b35_g1.0_c220,2018/19,UECL,0,,,0.0,,0,0.0,0.0,0
country_b35_g1.0_c220,2019/20,UCL,79,0.43601124514192724,0.6717724288840262,0.4,0.24995994231693633,3,0.3227848101265822,0.0,0
country_b35_g1.0_c220,2019/20,UEL,213,0.3708279548687231,0.640185269093289,0.46296296296296297,0.2563424364654279,25,0.26084507042253524,0.183849765258216,5
country_b35_g1.0_c220,2019/20,UECL,0,,,0.0,,0,0.0,0.0,0
country_b35_g1.0_c220,2020/21,UCL,79,0.47394409388677616,0.6948893974065599,0.55,0.22848902419484057,1,0.06329113924050633,0.06329113924050633,0
country_b35_g1.0_c220,2020/21,UEL,213,0.422295578683956,0.6791902556184595,0.5370370370370371,0.24466045096872313,34,0.2477906655619994,0.16873791770229218,7
country_b35_g1.0_c220,2020/21,UECL,0,,,0.0,,0,0.0,0.0,0
country_b35_g1.0_c220,2021/22,UCL,80,0.4492744088332803,0.6686369958275382,0.4,0.24593749999999998,0,0.0,0.0,0
country_b35_g1.0_c220,2021/22,UEL,58,0.4242673704237526,0.656441717791411,0.4,0.25267538644470866,1,0.06896551724137931,0.06896551724137931,0
country_b35_g1.0_c220,2021/22,UECL,181,0.3583778621555147,0.6394529046813311,0.4782608695652174,0.25719605628643816,31,0.2502227766886473,0.16235965068615218,5
country_b35_g1.0_c220,2022/23,UCL,78,0.3558361827465712,0.6334201711946409,0.55,0.2550953320184089,2,0.1474358974358974,0.0737179487179487,0
country_b35_g1.0_c220,2022/23,UEL,57,0.3679233460234964,0.6408498971898561,0.4,0.252693136349646,5,0.25087719298245614,0.1631578947368421,1
country_b35_g1.0_c220,2022/23,UECL,177,0.35058798264193664,0.6348935538906609,0.4666666666666667,0.2600146828816751,19,0.28233719892952724,0.19565863812072554,6
country_b35_g1.0_c220,2023/24,UCL,78,0.42717672094417575,0.6672807663964628,0.45,0.2322485207100592,2,0.18589743589743593,0.18589743589743593,0
country_b35_g1.0_c220,2023/24,UEL,57,0.6822578825909752,0.7669432918395575,0.5333333333333333,0.17943982763927363,3,0.304093567251462,0.1345029239766082,1
country_b35_g1.0_c220,2023/24,UECL,178,0.3530607933908415,0.6341696009389671,0.4444444444444444,0.26088877666961247,23,0.31057645334636047,0.19455300439667805,5
country_b35_g1.0_c220,2024/25,UCL,81,0.4618655082767556,0.6720321931589537,0.38095238095238093,0.2351775643956714,6,0.20679012345679013,0.17386831275720163,1
country_b35_g1.0_c220,2024/25,UEL,76,0.45600994912174175,0.6737421383647799,0.5263157894736842,0.2463642659279779,9,0.26827485380116955,0.18567251461988304,3
country_b35_g1.0_c220,2024/25,UECL,164,0.3684637234298371,0.6460654596100278,0.4634146341463415,0.25278851873884595,31,0.2797010228166797,0.20603855232100707,7
country_b35_g1.0_c220,2025/26,UCL,82,0.43539851342748354,0.6711475409836065,0.38095238095238093,0.2433075550267698,1,0.11585365853658536,0.11585365853658536,0
country_b35_g1.0_c220,2025/26,UEL,77,0.44300654376603954,0.6715895841430237,0.65,0.23629617136110642,6,0.23376623376623376,0.21212121212121213,2
country_b35_g1.0_c220,2025/26,UECL,164,0.33253847269172854,0.6262617621899059,0.43902439024390244,0.2660618679357525,23,0.26802757158006363,0.18995227995758215,5
country_b35_g1.0_c260,2018/19,UCL,79,0.5351532032719462,0.7097578347578347,0.45,0.21663195000801153,1,0.5443037974683544,0.0,0
country_b35_g1.0_c260,2018/19,UEL,213,0.4050445832623743,0.6582602901225075,0.5185185185185185,0.24990632370120563,30,0.2534428794992175,0.1855242566510172,4
country_b35_g1.0_c260,2018/19,UECL,0,,,0.0,,0,0.0,0.0,0
country_b35_g1.0_c260,2019/20,UCL,79,0.43114367287831695,0.6706783369803063,0.4,0.2509213267104631,3,0.3143459915611814,0.008438818565400852,0
country_b35_g1.0_c260,2019/20,UEL,213,0.3618461083651728,0.6375169913910286,0.4444444444444444,0.2583482113337301,25,0.26704225352112676,0.19868544600938967,6
country_b35_g1.0_c260,2019/20,UECL,0,,,0.0,,0,0.0,0.0,0
country_b35_g1.0_c260,2020/21,UCL,79,0.4708127152742734,0.6933638443935927,0.55,0.2307322544464028,1,0.06329113924050633,0.06329113924050633,0
country_b35_g1.0_c260,2020/21,UEL,213,0.4111290857975554,0.6742723165780294,0.5370370370370371,0.24765809253014173,34,0.25552333609500133,0.18565313449323392,8
country_b35_g1.0_c260,2020/21,UECL,0,,,0.0,,0,0.0,0.0,0
country_b35_g1.0_c260,2021/22,UCL,80,0.44543435563343764,0.6665507649513213,0.4,0.24718749999999998,0,0.0,0.0,0
country_b35_g1.0_c260,2021/22,UEL,58,0.42997164849204644,0.6598500340831629,0.4,0.25267538644470866,1,0.10344827586206898,0.10344827586206898,0
country_b35_g1.0_c260,2021/22,UECL,181,0.355677773229931,0.6390298928369994,0.4782608695652174,0.2579896828546137,31,0.2596685082872928,0.1842808768490465,6
country_b35_g1.0_c260,2022/23,UCL,78,0.35118656611449484,0.6330480089318943,0.55,0.2577251808021038,2,0.11538461538461539,0.0737179487179487,0
country_b35_g1.0_c260,2022/23,UEL,57,0.37905670843311684,0.6422206991089787,0.4,0.24869190520160048,5,0.275438596491228,0.1982456140350877,1
country_b35_g1.0_c260,2022/23,UECL,177,0.347876753109544,0.6342259476299977,0.4888888888888889,0.260876504197389,19,0.2885816235504014,0.21112102289622364,6
country_b35_g1.0_c260,2023/24,UCL,78,0.417037730254502,0.6621223286661754,0.45,0.2342209072978303,2,0.25,0.25,1
country_b35_g1.0_c260,2023/24,UEL,57,0.6920773685234879,0.7752420470262794,0.6,0.1745152354570637,3,0.2456140350877193,0.14619883040935674,1
country_b35_g1.0_c260,2023/24,UECL,178,0.3573976965320737,0.6368838028169014,0.4444444444444444,0.2609203383411185,23,0.3196140693698094,0.21580361504640935,5
country_b35_g1.0_c260,2024/25,UCL,81,0.4504973506446606,0.6680080482897385,0.38095238095238093,0.23868312757201646,6,0.2541152263374486,0.22530864197530862,1
country_b35_g1.0_c260,2024/25,UEL,76,0.45253993253148694,0.6737421383647799,0.5789473684210527,0.24394044321329642,9,0.25511695906432746,0.19883040935672514,3
country_b35_g1.0_c260,2024/25,UECL,164,0.3673339374561675,0.6447597493036211,0.43902439024390244,0.2530487804878049,31,0.28933910306845007,0.2254130605822187,7
country_b35_g1.0_c260,2025/26,UCL,82,0.43319637706456054,0.6701639344262295,0.42857142857142855,0.24315883402736466,1,0.11585365853658536,0.11585365853658536,0
country_b35_g1.0_c260,2025/26,UEL,77,0.4456190507638174,0.6704236300038865,0.65,0.23781413391803002,6,0.2705627705627706,0.2705627705627706,3
country_b35_g1.0_c260,2025/26,UECL,164,0.32448713387483313,0.623011120615911,0.43902439024390244,0.26996579417013683,23,0.27757158006362664,0.20904029692470832,5
country_b35_g1.0_c300,2018/19,UCL,79,0.526902914505693,0.7058404558404558,0.45,0.21951610318859158,1,0.5443037974683544,0.0,0
country_b35_g1.0_c300,2018/19,UEL,213,0.40354419875401104,0.657747706186888,0.5185185185185185,0.2509202318763914,30,0.26048513302034426,0.19553990610328637,5
country_b35_g1.0_c300,2018/19,UECL,0,,,0.0,,0,0.0,0.0,0
country_b35_g1.0_c300,2019/20,UCL,79,0.419486145381164,0.6659372720641867,0.4,0.2547668642845698,3,0.3143459915611814,0.021097046413502112,0
country_b35_g1.0_c300,2019/20,UEL,213,0.3518300913147174,0.6338921613049389,0.42592592592592593,0.26039806916617075,25,0.27323943661971833,0.21333333333333335,7
country_b35_g1.0_c300,2019/20,UECL,0,,,0.0,,0,0.0,0.0,0
country_b35_g1.0_c300,2020/21,UCL,79,0.46164224933765824,0.6899313501144165,0.55,0.23249479250120172,1,0.07594936708860761,0.07594936708860761,0
country_b35_g1.0_c300,2020/21,UEL,213,0.3928667872131828,0.6665522959913078,0.5185185185185185,0.25228680376468515,34,0.26560342446837887,0.20546810273405136,10
country_b35_g1.0_c300,2020/21,UECL,0,,,0.0,,0,0.0,0.0,0
country_b35_g1.0_c300,2021/22,UCL,80,0.44374473222550687,0.6665507649513213,0.4,0.24703125000000004,0,0.0,0.0,0
country_b35_g1.0_c300,2021/22,UEL,58,0.43866833472731404,0.6646216768916156,0.4666666666666667,0.25000000000000006,1,0.18965517241379312,0.18965517241379312,0
country_b35_g1.0_c300,2021/22,UECL,181,0.34643658049487497,0.6349407783417935,0.45652173913043476,0.2602789902628125,31,0.27160933879878807,0.20486544288005704,8
country_b35_g1.0_c300,2022/23,UCL,78,0.34514461922720874,0.6315593598809081,0.55,0.25904010519395143,2,0.10897435897435898,0.08012820512820512,0
country_b35_g1.0_c300,2022/23,UEL,57,0.38868820963792033,0.6442769019876627,0.4,0.24653739612188366,5,0.3070175438596491,0.24035087719298245,2
country_b35_g1.0_c300,2022/23,UECL,177,0.3422556973044257,0.6319264149543803,0.4666666666666667,0.2624405502888697,19,0.29185251263752604,0.224204579244722,6
country_b35_g1.0_c300,2023/24,UCL,78,0.41361980634905227,0.6610169491525424,0.45,0.2342209072978303,2,0.3205128205128205,0.3205128205128205,1
country_b35_g1.0_c300,2023/24,UEL,57,0.6919791736641627,0.7752420470262794,0.6,0.17236072637734684,3,0.23391812865497078,0.18128654970760236,1
country_b35_g1.0_c300,2023/24,UECL,178,0.35787430299364126,0.6374706572769953,0.4222222222222222,0.26041535159702056,23,0.32938446507083535,0.23632144601856375,5
country_b35_g1.0_c300,2024/25,UCL,81,0.44344909291276174,0.6656606304493629,0.38095238095238093,0.2400548696844993,6,0.2952674897119341,0.2726337448559671,3
country_b35_g1.0_c300,2024/25,UEL,76,0.45375651205316997,0.6733490566037735,0.5263157894736842,0.24013157894736836,9,0.24780701754385964,0.21637426900584797,4
country_b35_g1.0_c300,2024/25,UECL,164,0.36464291725450165,0.6441504178272981,0.4146341463414634,0.25598602022605593,31,0.2966168371361133,0.24429583005507471,7
country_b35_g1.0_c300,2025/26,UCL,82,0.42482606770499237,0.6655737704918033,0.42857142857142855,0.2446460440214158,1,0.1646341463414634,0.1646341463414634,0
country_b35_g1.0_c300,2025/26,UEL,77,0.43343623751907795,0.6657598134473377,0.6,0.24287400910777537,6,0.3463203463203463,0.3463203463203463,4
country_b35_g1.0_c300,2025/26,UECL,164,0.3152623874848972,0.6205303678357571,0.4634146341463415,0.2712299226650803,23,0.2937433722163308,0.2350212089077412,7
country_b35_g1.0_c360,2018/19,UCL,79,0.5163234208871543,0.7022792022792023,0.45,0.2233616407626983,1,0.5443037974683544,0.0,0
country_b35_g1.0_c360,2018/19,UEL,213,0.3961865803081271,0.6542621354246758,0.5185185185185185,0.2526835504419317,30,0.2706572769953052,0.21181533646322376,6
country_b35_g1.0_c360,2018/19,UECL,0,,,0.0,,0,0.0,0.0,0
country_b35_g1.0_c360,2019/20,UCL,79,0.41124207995241635,0.6633843909555069,0.4,0.2579714789296587,3,0.30168776371308015,0.021097046413502112,0
country_b35_g1.0_c360,2019/20,UEL,213,0.33839779728771424,0.6296128480088607,0.4074074074074074,0.26308712997861977,25,0.2846948356807511,0.23352112676056336,9
country_b35_g1.0_c360,2019/20,UECL,0,,,0.0,,0,0.0,0.0,0
country_b35_g1.0_c360,2020/21,UCL,79,0.45642328498348694,0.6876430205949656,0.55,0.23489825348501847,1,0.07594936708860761,0.07594936708860761,0
country_b35_g1.0_c360,2020/21,UEL,213,0.370819542911539,0.6566592325727684,0.5,0.25781921576406797,34,0.28355426677713336,0.2323943661971831,10
country_b35_g1.0_c360,2020/21,UECL,0,,,0.0,,0,0.0,0.0,0
country_b35_g1.0_c360,2021/22,UCL,80,0.4384395510355705,0.6641168289290682,0.4,0.24984375,0,0.0,0.0,0
country_b35_g1.0_c360,2021/22,UEL,58,0.44898590871969235,0.667348329925017,0.5333333333333333,0.2517835909631392,1,0.27586206896551724,0.27586206896551724,0
country_b35_g1.0_c360,2021/22,UECL,181,0.33449427374352714,0.6300056401579244,0.4782608695652174,0.26262934586856324,31,0.2839066120121191,0.22892532525396542,9
country_b35_g1.0_c360,2022/23,UCL,78,0.33104248526618585,0.6270934127279494,0.55,0.26199868507560814,2,0.10897435897435898,0.09294871794871795,0
country_b35_g1.0_c360,2022/23,UEL,57,0.39182252867405987,0.6429061000685401,0.4666666666666667,0.24561403508771934,5,0.36315789473684207,0.3035087719298245,3
country_b35_g1.0_c360,2022/23,UECL,177,0.33379613449797185,0.62695645723611,0.4444444444444444,0.26502601423601135,19,0.29155515908415097,0.24026167112696994,6
country_b35_g1.0_c360,2023/24,UCL,78,0.39638989890031123,0.6540162122328667,0.45,0.23586456278763968,2,0.42948717948717957,0.42948717948717957,1
country_b35_g1.0_c360,2023/24,UEL,57,0.6819632980129999,0.7704011065006916,0.6,0.16928285626346568,3,0.24561403508771928,0.24561403508771928,1
country_b35_g1.0_c360,2023/24,UECL,178,0.35951331163975586,0.6382042253521126,0.4,0.25773260951900007,23,0.33744504152418175,0.25952613580850026,6
country_b35_g1.0_c360,2024/25,UCL,81,0.4196555389887869,0.6559356136820925,0.38095238095238093,0.24325560128029267,6,0.352880658436214,0.34567901234567905,3
country_b35_g1.0_c360,2024/25,UEL,76,0.4402220648744467,0.6698113207547169,0.631578947368421,0.23666897506925208,9,0.2638888888888889,0.2514619883040936,4
country_b35_g1.0_c360,2024/25,UECL,164,0.35761943749897207,0.640233286908078,0.4146341463414634,0.26037328970850687,31,0.3103855232100708,0.26907946498819824,8
country_b35_g1.0_c360,2025/26,UCL,82,0.426765262412641,0.6662295081967213,0.38095238095238093,0.24360499702558003,1,0.17682926829268292,0.17682926829268292,0
country_b35_g1.0_c360,2025/26,UEL,77,0.4027659385298597,0.6521570151574038,0.6,0.25198178444931696,6,0.4437229437229437,0.4437229437229437,4
country_b35_g1.0_c360,2025/26,UECL,164,0.3059687791481866,0.6167664670658682,0.4634146341463415,0.2739069006543724,23,0.30434782608695654,0.2550371155885472,7
country_b35_g1.2_c100,2018/19,UCL,79,0.5618900231816021,0.7218660968660968,0.45,0.21054318218234253,1,0.5063291139240507,0.0,0
country_b35_g1.2_c100,2018/19,UEL,213,0.4111305612471591,0.6605669178327951,0.5185185185185185,0.2445943265225154,30,0.2105633802816902,0.1146322378716745,3
country_b35_g1.2_c100,2018/19,UECL,0,,,0.0,,0,0.0,0.0,0
country_b35_g1.2_c100,2019/20,UCL,79,0.43969581250096396,0.6739606126914661,0.4,0.24451209742028515,3,0.38185654008438813,0.0,0
country_b35_g1.2_c100,2019/20,UEL,213,0.3891807168922566,0.6458238936716508,0.3888888888888889,0.25285988229848577,25,0.23530516431924886,0.1111737089201878,2
country_b35_g1.2_c100,2019/20,UECL,0,,,0.0,,0,0.0,0.0,0
country_b35_g1.2_c100,2020/21,UCL,79,0.4796228241483386,0.6960335621662853,0.55,0.22400256369171606,1,0.0,0.0,0
country_b35_g1.2_c100,2020/21,UEL,213,0.46108740219834,0.6950305941556585,0.5,0.23039961206991558,34,0.20857497928748964,0.08989229494614748,2
country_b35_g1.2_c100,2020/21,UECL,0,,,0.0,,0,0.0,0.0,0
country_b35_g1.2_c100,2021/22,UCL,80,0.4417479045615888,0.6648122392211405,0.4,0.24562499999999998,0,0.0,0.0,0
country_b35_g1.2_c100,2021/22,UEL,58,0.3520443524771039,0.6312201772324472,0.4,0.26753864447086806,1,0.13793103448275862,0.0,0
country_b35_g1.2_c100,2021/22,UECL,181,0.34208507043826797,0.6329667230682459,0.4782608695652174,0.25856964073135746,31,0.23329174835145253,0.07743717697380145,3
country_b35_g1.2_c100,2022/23,UCL,78,0.36731971393403456,0.6386304428730927,0.55,0.25197238658777116,2,0.15384615384615385,0.0,0
country_b35_g1.2_c100,2022/23,UEL,57,0.3653767118066331,0.6333104866346813,0.4,0.2545398584179748,5,0.2087719298245614,0.05614035087719298,0
country_b35_g1.2_c100,2022/23,UECL,177,0.3405539097670962,0.6317038795341592,0.4666666666666667,0.2580037664783427,19,0.2609277430865299,0.09768064228367529,2
country_b35_g1.2_c100,2023/24,UCL,78,0.4163745509892655,0.6624907885040531,0.45,0.2365220249835634,2,0.141025641025641,0.07692307692307693,0
country_b35_g1.2_c100,2023/24,UEL,57,0.6631098850225757,0.7524204702627939,0.5333333333333333,0.17943982763927363,3,0.3625730994152047,0.05847953216374269,0
country_b35_g1.2_c100,2023/24,UECL,178,0.3199571319199738,0.622212441314554,0.4888888888888889,0.27108319656609015,23,0.2929897410845139,0.10100146555935514,4
country_b35_g1.2_c100,2024/25,UCL,81,0.47141476068771543,0.6740442655935613,0.42857142857142855,0.22999542752629173,6,0.11625514403292182,0.06378600823045268,0
country_b35_g1.2_c100,2024/25,UEL,76,0.4701250365267228,0.6843553459119497,0.5263157894736842,0.2384002770083102,9,0.2931286549707603,0.09502923976608187,1
country_b35_g1.2_c100,2024/25,UECL,164,0.34238461244154533,0.6340529247910863,0.4634146341463415,0.2565065437239738,31,0.2553107789142408,0.1008064516129032,4
country_b35_g1.2_c100,2025/26,UCL,82,0.4435277929363835,0.6721311475409836,0.38095238095238093,0.24077929803688278,1,0.0060975609756097615,0.0,0
country_b35_g1.2_c100,2025/26,UEL,77,0.4133892450463338,0.6575981344733773,0.55,0.2484398718164952,6,0.19264069264069264,0.06277056277056277,0
country_b35_g1.2_c100,2025/26,UECL,164,0.31132899308512757,0.6170230966638153,0.43902439024390244,0.27368381915526474,23,0.24204665959703073,0.08231707317073171,3
country_b35_g1.2_c140,2018/19,UCL,79,0.5539829856567383,0.7172364672364673,0.45,0.21182502804037814,1,0.5189873417721519,0.0,0
country_b35_g1.2_c140,2018/19,UEL,213,0.4124759291284508,0.6607719514070429,0.5370370370370371,0.24470453393286168,30,0.21651017214397497,0.1270735524256651,3
country_b35_g1.2_c140,2018/19,UECL,0,,,0.0,,0,0.0,0.0,0
country_b35_g1.2_c140,2019/20,UCL,79,0.44076791069573384,0.6735959153902261,0.4,0.24643486620733857,3,0.36497890295358654,0.0,0
country_b35_g1.2_c140,2019/20,UEL,213,0.3868186914441071,0.6463273422947188,0.42592592592592593,0.2531243800833168,25,0.24394366197183096,0.13107981220657275,3
country_b35_g1.2_c140,2019/20,UECL,0,,,0.0,,0,0.0,0.0,0
country_b35_g1.2_c140,2020/21,UCL,79,0.47852932685508376,0.6956521739130435,0.55,0.22496394808524278,1,0.0,0.0,0
country_b35_g1.2_c140,2020/21,UEL,213,0.4506904117387807,0.6915994738948934,0.5370370370370371,0.23423482994996583,34,0.21851698425849217,0.10984534658933995,4
country_b35_g1.2_c140,2020/21,UECL,0,,,0.0,,0,0.0,0.0,0
country_b35_g1.2_c140,2021/22,UCL,80,0.44870726251453436,0.6679415855354659,0.4,0.24375,0,0.0,0.0,0
country_b35_g1.2_c140,2021/22,UEL,58,0.383152929046269,0.6428084526244036,0.4,0.25921521997621877,1,0.017241379310344834,0.0,0
country_b35_g1.2_c140,2021/22,UECL,181,0.3582866290824786,0.6398759165256627,0.5,0.2553646103598792,31,0.2359650686152201,0.1008732846194974,3
country_b35_g1.2_c140,2022/23,UCL,78,0.3692868594322207,0.6390026051358392,0.55,0.25131492439184744,2,0.10897435897435896,0.0,0
country_b35_g1.2_c140,2022/23,UEL,57,0.36805394265000224,0.6387936943111721,0.4,0.25207756232686984,5,0.21578947368421053,0.09473684210526316,0
country_b35_g1.2_c140,2022/23,UECL,177,0.3424466135078398,0.6323714857948224,0.4666666666666667,0.25771649270643815,19,0.26687481415402914,0.1257805530776093,4
country_b35_g1.2_c140,2023/24,UCL,78,0.4153925355388191,0.6617538688282977,0.45,0.23783694937541083,2,0.1474358974358974,0.10256410256410256,0
country_b35_g1.2_c140,2023/24,UEL,57,0.6692634295402836,0.7538035961272476,0.5333333333333333,0.18251769775315482,3,0.3333333333333333,0.08187134502923976,0
country_b35_g1.2_c140,2023/24,UECL,178,0.32817697593927103,0.6262470657276995,0.4666666666666667,0.26685393258426965,23,0.28761602344894965,0.12103077674645822,5
country_b35_g1.2_c140,2024/25,UCL,81,0.47102824332822424,0.6743796109993293,0.42857142857142855,0.23030025910684346,6,0.1183127572016461,0.07201646090534979,0
country_b35_g1.2_c140,2024/25,UEL,76,0.4718669572054961,0.6835691823899371,0.5263157894736842,0.24117036011080337,9,0.2843567251461988,0.11988304093567252,1
country_b35_g1.2_c140,2024/25,UECL,164,0.36673516471859235,0.6447597493036211,0.5365853658536586,0.24828970850684115,31,0.249213217938631,0.12322974036191975,6
country_b35_g1.2_c140,2025/26,UCL,82,0.4445576477528749,0.6721311475409836,0.38095238095238093,0.2404818560380725,1,0.0060975609756097615,0.0,0
country_b35_g1.2_c140,2025/26,UEL,77,0.4332363007590439,0.6673144189661874,0.55,0.23966942148760323,6,0.18831168831168835,0.11038961038961038,0
country_b35_g1.2_c140,2025/26,UECL,164,0.33459055870561394,0.6266894781864841,0.4146341463414634,0.264128494943486,23,0.22667020148462355,0.10564687168610816,4
country_b35_g1.2_c180,2018/19,UCL,79,0.5493736118437944,0.7154558404558404,0.45,0.21278641243390484,1,0.5189873417721519,0.0,0
country_b35_g1.2_c180,2018/19,UEL,213,0.41324092988156,0.6608232098006048,0.5555555555555556,0.2446824924507924,30,0.22230046948356805,0.13857589984350546,3
country_b35_g1.2_c180,2018/19,UECL,0,,,0.0,,0,0.0,0.0,0
country_b35_g1.2_c180,2019/20,UCL,79,0.4363932571423625,0.6721371261852662,0.4,0.24899855792340964,3,0.36075949367088606,0.0,0
country_b35_g1.2_c180,2019/20,UEL,213,0.3805766438530489,0.6439107889039923,0.42592592592592593,0.2547113667923031,25,0.25577464788732396,0.15023474178403756,3
country_b35_g1.2_c180,2019/20,UECL,0,,,0.0,,0,0.0,0.0,0
country_b35_g1.2_c180,2020/21,UCL,79,0.4776097950403012,0.6952707856598017,0.55,0.22560487101426052,1,0.012658227848101278,0.012658227848101278,0
country_b35_g1.2_c180,2020/21,UEL,213,0.44049595586600104,0.6868530908675016,0.5370370370370371,0.23855496043553973,34,0.23053024026512015,0.12862468931234464,5
country_b35_g1.2_c180,2020/21,UECL,0,,,0.0,,0,0.0,0.0,0
country_b35_g1.2_c180,2021/22,UCL,80,0.4458360842758828,0.6672461752433936,0.4,0.24500000000000002,0,0.0,0.0,0
country_b35_g1.2_c180,2021/22,UEL,58,0.4082455183630805,0.6509884117246081,0.4,0.25445897740784784,1,0.0,0.0,0
country_b35_g1.2_c180,2021/22,UECL,181,0.36434491516835554,0.6426254935138184,0.45652173913043476,0.25383840542107994,31,0.24095526644091964,0.12101229727321333,3
country_b35_g1.2_c180,2022/23,UCL,78,0.3630788548080748,0.637513956084853,0.55,0.252301117685733,2,0.10897435897435898,0.016025641025641024,0
country_b35_g1.2_c180,2022/23,UEL,57,0.3697190496379513,0.6387936943111721,0.4,0.25053862726992926,5,0.21228070175438596,0.11228070175438595,0
country_b35_g1.2_c180,2022/23,UECL,177,0.35110806471330613,0.6367480157258364,0.4444444444444444,0.25618436592294674,19,0.2674695212607791,0.14897413024085637,4
country_b35_g1.2_c180,2023/24,UCL,78,0.414257478719472,0.6624907885040531,0.45,0.23619329388560154,2,0.16666666666666666,0.14102564102564105,0
country_b35_g1.2_c180,2023/24,UEL,57,0.6801630589253727,0.7627939142461964,0.5333333333333333,0.18313327177593106,3,0.29824561403508776,0.09941520467836258,0
country_b35_g1.2_c180,2023/24,UECL,178,0.33668795965228593,0.6276408450704225,0.4666666666666667,0.2626246686024492,23,0.29836345872007825,0.14692232535417685,5
country_b35_g1.2_c180,2024/25,UCL,81,0.4673563284130575,0.6743796109993293,0.38095238095238093,0.23136716963877457,6,0.1368312757201646,0.09465020576131684,1
country_b35_g1.2_c180,2024/25,UEL,76,0.4636688702014278,0.6776729559748428,0.5263157894736842,0.2437673130193905,9,0.2902046783625731,0.14912280701754385,2
country_b35_g1.2_c180,2024/25,UECL,164,0.36993922114575556,0.6469359331476323,0.5365853658536586,0.24851279000594884,31,0.26573564122738,0.15666797797010226,6
country_b35_g1.2_c180,2025/26,UCL,82,0.4482716986336257,0.6747540983606557,0.38095238095238093,0.2395895300416419,1,0.0060975609756097615,0.0,0
country_b35_g1.2_c180,2025/26,UEL,77,0.4401141253042141,0.6712009327633113,0.55,0.23933209647495354,6,0.20779220779220783,0.15151515151515152,0
country_b35_g1.2_c180,2025/26,UECL,164,0.35236933612390037,0.6352437981180497,0.4146341463414634,0.257993753718025,23,0.2290562036055143,0.13308589607635207,5
country_b35_g1.2_c220,2018/19,UCL,79,0.5479883479053298,0.7154558404558404,0.45,0.21374779682743147,1,0.5189873417721519,0.0,0
country_b35_g1.2_c220,2018/19,UEL,213,0.4135383601578924,0.6609769849812906,0.5555555555555556,0.24574048359011658,30,0.2332550860719875,0.15266040688575902,3
country_b35_g1.2_c220,2018/19,UECL,0,,,0.0,,0,0.0,0.0,0
country_b35_g1.2_c220,2019/20,UCL,79,0.43424906075282277,0.6717724288840262,0.4,0.25060086524595415,3,0.36075949367088606,0.0,0
country_b35_g1.2_c220,2019/20,UEL,213,0.37891243251179163,0.6435080300055379,0.4444444444444444,0.25497586457713417,25,0.25971830985915495,0.163943661971831,4
country_b35_g1.2_c220,2019/20,UECL,0,,,0.0,,0,0.0,0.0,0
country_b35_g1.2_c220,2020/21,UCL,79,0.4771624552385151,0.6952707856598017,0.55,0.22592533247876942,1,0.012658227848101278,0.012658227848101278,0
country_b35_g1.2_c220,2020/21,UEL,213,0.4282026224601607,0.6817064104763538,0.5370370370370371,0.243007339813529,34,0.2432339132836233,0.14705882352941177,6
country_b35_g1.2_c220,2020/21,UECL,0,,,0.0,,0,0.0,0.0,0
country_b35_g1.2_c220,2021/22,UCL,80,0.4466868037540017,0.6662030598052852,0.4,0.24546875000000004,0,0.0,0.0,0
country_b35_g1.2_c220,2021/22,UEL,58,0.41800201582415125,0.6557600545330606,0.4,0.25386444708680145,1,0.03448275862068967,0.03448275862068967,0
country_b35_g1.2_c220,2021/22,UECL,181,0.36526852189650705,0.6420614777213762,0.45652173913043476,0.2547236042855835,31,0.2455890215647834,0.13776510425949026,3
country_b35_g1.2_c220,2022/23,UCL,78,0.3569219448721934,0.634164495720134,0.55,0.25378040762656146,2,0.12179487179487178,0.03525641025641024,0
country_b35_g1.2_c220,2022/23,UEL,57,0.37282071951746437,0.6387936943111721,0.4,0.2508464142813174,5,0.22982456140350876,0.13508771929824562,0
country_b35_g1.2_c220,2022/23,UECL,177,0.35051008005318723,0.6360062309917662,0.4666666666666667,0.25854639471416263,19,0.27698483496877785,0.17008623253047875,4
country_b35_g1.2_c220,2023/24,UCL,78,0.42342720740610773,0.6658069270449521,0.45,0.2329059829059829,2,0.16025641025641027,0.15384615384615388,0
country_b35_g1.2_c220,2023/24,UEL,57,0.6776427242026943,0.7634854771784232,0.6,0.18313327177593106,3,0.29824561403508776,0.1286549707602339,1
country_b35_g1.2_c220,2023/24,UECL,178,0.3450026936458319,0.6310886150234741,0.4666666666666667,0.26148844842822877,23,0.30740107474352707,0.16768441621885688,5
country_b35_g1.2_c220,2024/25,UCL,81,0.46452565716266586,0.6733735747820255,0.38095238095238093,0.23487273281511967,6,0.18415637860082304,0.14917695473251028,1
country_b35_g1.2_c220,2024/25,UEL,76,0.46518959460353154,0.6764937106918238,0.5263157894736842,0.24359418282548473,9,0.26973684210526316,0.1652046783625731,3
country_b35_g1.2_c220,2024/25,UECL,164,0.36688174649730587,0.6458043175487466,0.4878048780487805,0.25100386674598457,31,0.27419354838709675,0.18007474429583004,7
country_b35_g1.2_c220,2025/26,UCL,82,0.4421035256369805,0.6744262295081968,0.38095238095238093,0.2413741820345033,1,0.030487804878048773,0.030487804878048773,0
country_b35_g1.2_c220,2025/26,UEL,77,0.4486181021643277,0.6739214924212981,0.65,0.23427222128520828,6,0.22077922077922082,0.19480519480519484,2
country_b35_g1.2_c220,2025/26,UECL,164,0.3423719586911526,0.6306244653550043,0.43902439024390244,0.26148869720404516,23,0.25106044538706257,0.16344114528101797,5
country_b35_g1.2_c260,2018/19,UCL,79,0.5408658846464991,0.7122507122507122,0.45,0.21535010414997593,1,0.5189873417721519,0.0,0
country_b35_g1.2_c260,2018/19,UEL,213,0.4147766027277932,0.6619508944589677,0.5370370370370371,0.24620335471357094,30,0.2406103286384976,0.16369327073552425,4
country_b35_g1.2_c260,2018/19,UECL,0,,,0.0,,0,0.0,0.0,0
country_b35_g1.2_c260,2019/20,UCL,79,0.4350377306892052,0.6717724288840262,0.4,0.2509213267104631,3,0.3523206751054852,0.0,0
country_b35_g1.2_c260,2019/20,UEL,213,0.37712836281224615,0.6429038916578563,0.4444444444444444,0.2555269016288655,25,0.26272300469483567,0.175962441314554,4
country_b35_g1.2_c260,2019/20,UECL,0,,,0.0,,0,0.0,0.0,0
country_b35_g1.2_c260,2020/21,UCL,79,0.4715458555049784,0.6933638443935927,0.55,0.22864925492709495,1,0.037974683544303806,0.037974683544303806,0
country_b35_g1.2_c260,2020/21,UEL,213,0.42346757022592624,0.6799336650082919,0.5370370370370371,0.244043289470784,34,0.25027616680475007,0.16252416459541563,7
country_b35_g1.2_c260,2020/21,UECL,0,,,0.0,,0,0.0,0.0,0
country_b35_g1.2_c260,2021/22,UCL,80,0.4470058235582964,0.6668984700973575,0.4,0.24625,0,0.0,0.0,0
country_b35_g1.2_c260,2021/22,UEL,58,0.4280390515508759,0.6571233810497614,0.4,0.251486325802616,1,0.08620689655172412,0.08620689655172412,0
country_b35_g1.2_c260,2021/22,UECL,181,0.36205076216324683,0.6410744500846024,0.4782608695652174,0.2558224718415189,31,0.24897522723222237,0.15148814828016394,5
country_b35_g1.2_c260,2022/23,UCL,78,0.3548526099974781,0.6337923334573874,0.55,0.2544378698224852,2,0.11538461538461536,0.04807692307692307,0
country_b35_g1.2_c260,2022/23,UEL,57,0.38163599180660657,0.6456477039067855,0.4,0.24961526623576488,5,0.2543859649122807,0.17017543859649123,1
country_b35_g1.2_c260,2022/23,UECL,177,0.3534374618388706,0.6371930865662785,0.4666666666666667,0.25940821602987646,19,0.28977103776390123,0.19030627415997622,5
country_b35_g1.2_c260,2023/24,UCL,78,0.4245112504358212,0.6654384672070744,0.45,0.232577251808021,2,0.2371794871794872,0.2371794871794872,1
country_b35_g1.2_c260,2023/24,UEL,57,0.6928956590178639,0.7731673582295989,0.6,0.1745152354570637,3,0.2690058479532164,0.14619883040935674,1
country_b35_g1.2_c260,2023/24,UECL,178,0.35010302976170177,0.6329225352112676,0.4444444444444444,0.26186718848630225,23,0.3164386907669761,0.1874694675134343,5
country_b35_g1.2_c260,2024/25,UCL,81,0.4574660312731349,0.6713615023474179,0.38095238095238093,0.23776863283036126,6,0.24588477366255143,0.21296296296296294,1
country_b35_g1.2_c260,2024/25,UEL,76,0.46818956910586346,0.6804245283018868,0.5789473684210527,0.2418628808864266,9,0.25511695906432746,0.18274853801169588,3
country_b35_g1.2_c260,2024/25,UECL,164,0.370459171606098,0.6471970752089137,0.4634146341463415,0.25189619274241526,31,0.2810778914240755,0.19718725413060584,7
country_b35_g1.2_c260,2025/26,UCL,82,0.4397041830326017,0.6740983606557377,0.42857142857142855,0.2415229030339084,1,0.042682926829268296,0.042682926829268296,0
country_b35_g1.2_c260,2025/26,UEL,77,0.4497377480205181,0.6719782355227361,0.65,0.2341035587788835,6,0.23809523809523814,0.23593073593073596,2
country_b35_g1.2_c260,2025/26,UECL,164,0.3443441648467794,0.6313088109495295,0.43902439024390244,0.2630502676977989,23,0.26405090137857895,0.18305938494167553,5
country_b35_g1.2_c300,2018/19,UCL,79,0.5317574677767722,0.7086894586894587,0.45,0.2179137958660471,1,0.5443037974683544,0.0,0
country_b35_g1.2_c300,2018/19,UEL,213,0.41367636276491954,0.6614895689169101,0.5185185185185185,0.24677643324737156,30,0.24906103286384979,0.17550860719874806,4
country_b35_g1.2_c300,2018/19,UECL,0,,,0.0,,0,0.0,0.0,0
country_b35_g1.2_c300,2019/20,UCL,79,0.4282600984234186,0.6684901531728665,0.4,0.2525236340330076,3,0.3396624472573839,0.0,0
country_b35_g1.2_c300,2019/20,UEL,213,0.3687351400787182,0.6397825101948346,0.4444444444444444,0.2568934735171593,25,0.2651643192488263,0.18854460093896713,5
country_b35_g1.2_c300,2019/20,UECL,0,,,0.0,,0,0.0,0.0,0
country_b35_g1.2_c300,2020/21,UCL,79,0.46918489543999614,0.6926010678871091,0.55,0.2308924851786572,1,0.05063291139240508,0.05063291139240508,0
country_b35_g1.2_c300,2020/21,UEL,213,0.41752956574855776,0.6771315834620003,0.5370370370370371,0.2465780599087483,34,0.25938967136150237,0.1782656724661696,8
country_b35_g1.2_c300,2020/21,UECL,0,,,0.0,,0,0.0,0.0,0
country_b35_g1.2_c300,2021/22,UCL,80,0.44190150668958245,0.6651599443671766,0.4,0.248125,0,0.0,0.0,0
country_b35_g1.2_c300,2021/22,UEL,58,0.437327985235857,0.6632583503749148,0.4666666666666667,0.2508917954815696,1,0.10344827586206898,0.10344827586206898,0
country_b35_g1.2_c300,2021/22,UECL,181,0.3569119824426883,0.6388183869148336,0.45652173913043476,0.25747077317542205,31,0.2534307610051684,0.16601318837996792,6
country_b35_g1.2_c300,2022/23,UCL,78,0.3534986007584669,0.634164495720134,0.55,0.25443786982248523,2,0.09615384615384617,0.05448717948717949,0
country_b35_g1.2_c300,2022/23,UEL,57,0.3879046298788855,0.6456477039067855,0.4,0.247460757156048,5,0.27894736842105256,0.20175438596491224,1
country_b35_g1.2_c300,2022/23,UECL,177,0.3507075795739605,0.6359320525183592,0.4888888888888889,0.2615787289731558,19,0.2983942908117752,0.20457924472197445,6
country_b35_g1.2_c300,2023/24,UCL,78,0.420366380028093,0.6628592483419308,0.45,0.23323471400394474,2,0.27564102564102566,0.27564102564102566,1
country_b35_g1.2_c300,2023/24,UEL,57,0.6980999865620956,0.7759336099585062,0.6,0.17205293936595875,3,0.22222222222222224,0.15789473684210528,1
country_b35_g1.2_c300,2023/24,UECL,178,0.35572633903110157,0.6358568075117371,0.4222222222222222,0.26129907839919203,23,0.3242550073277968,0.20383488031265265,5
country_b35_g1.2_c300,2024/25,UCL,81,0.4483260325369305,0.670020120724346,0.38095238095238093,0.24035970126505107,6,0.28703703703703703,0.25617283950617287,2
country_b35_g1.2_c300,2024/25,UEL,76,0.467208010628142,0.6796383647798742,0.5263157894736842,0.24065096952908593,9,0.2404970760233918,0.18859649122807015,3
country_b35_g1.2_c300,2024/25,UECL,164,0.37292063921091056,0.6471970752089137,0.43902439024390244,0.25182183224271265,31,0.28579858379228956,0.20977576711250984,7
country_b35_g1.2_c300,2025/26,UCL,82,0.4312243146500026,0.6681967213114755,0.42857142857142855,0.2440511600237954,1,0.09146341463414634,0.09146341463414634,0
country_b35_g1.2_c300,2025/26,UEL,77,0.4424733790726155,0.6700349786241742,0.6,0.23950075898127846,6,0.29870129870129863,0.29870129870129863,3
country_b35_g1.2_c300,2025/26,UECL,164,0.33147386699459197,0.6264328485885372,0.43902439024390244,0.2675118976799524,23,0.2767762460233298,0.20108695652173914,5
country_b35_g1.2_c360,2018/19,UCL,79,0.5226735688528589,0.7044159544159544,0.45,0.22095817977888163,1,0.5443037974683544,0.0,0
country_b35_g1.2_c360,2018/19,UEL,213,0.40427706191370294,0.657850222974012,0.5185185185185185,0.2501708214860367,30,0.25954616588419405,0.19100156494522694,5
country_b35_g1.2_c360,2018/19,UECL,0,,,0.0,,0,0.0,0.0,0
country_b35_g1.2_c360,2019/20,UCL,79,0.4198435114460873,0.6663019693654267,0.4,0.25508732574907866,3,0.3185654008438818,0.0,0
country_b35_g1.2_c360,2019/20,UEL,213,0.3587373214177411,0.6364597492825858,0.42592592592592593,0.25887720690339217,25,0.2711737089201878,0.2063849765258216,7
country_b35_g1.2_c360,2019/20,UECL,0,,,0.0,,0,0.0,0.0,0
country_b35_g1.2_c360,2020/21,UCL,79,0.4588960799989157,0.6876430205949656,0.55,0.23425733055600062,1,0.05063291139240508,0.05063291139240508,0
country_b35_g1.2_c360,2020/21,UEL,213,0.40091398945733325,0.6703837136158289,0.5,0.2508100244660451,34,0.27098867716100516,0.2004280585473626,9
country_b35_g1.2_c360,2020/21,UECL,0,,,0.0,,0,0.0,0.0,0
country_b35_g1.2_c360,2021/22,UCL,80,0.4409208161800842,0.6651599443671766,0.4,0.2484375,0,0.0,0.0,0
country_b35_g1.2_c360,2021/22,UEL,58,0.44468432197966756,0.6659850034083163,0.4666666666666667,0.2523781212841855,1,0.18965517241379312,0.18965517241379312,0
country_b35_g1.2_c360,2021/22,UECL,181,0.34913359414833395,0.6360688099266779,0.45652173913043476,0.2589664540154452,31,0.26608447692033504,0.18998396007841736,8
country_b35_g1.2_c360,2022/23,UCL,78,0.3432413420893533,0.6311871976181616,0.55,0.2580539119000657,2,0.08974358974358973,0.06730769230769232,0
country_b35_g1.2_c360,2022/23,UEL,57,0.40187846891500734,0.6490747087045922,0.4666666666666667,0.24376731301939059,5,0.3280701754385965,0.2649122807017544,2
country_b35_g1.2_c360,2022/23,UECL,177,0.3479612390156526,0.6349677323640679,0.4444444444444444,0.26122761658527244,19,0.3031519476657746,0.22242045792447224,6
country_b35_g1.2_c360,2023/24,UCL,78,0.40552136724472176,0.6565954310980103,0.45,0.23734385272846814,2,0.3974358974358975,0.3974358974358975,1
country_b35_g1.2_c360,2023/24,UEL,57,0.6865129931617309,0.7731673582295989,0.6,0.16866728224068944,3,0.21637426900584797,0.2134502923976608,1
country_b35_g1.2_c360,2023/24,UECL,178,0.35548480091483203,0.6359301643192489,0.4222222222222222,0.2624352985734124,23,0.33866634098681,0.22899364924279436,5
country_b35_g1.2_c360,2024/25,UCL,81,0.4368441933285146,0.6619718309859155,0.38095238095238093,0.24035970126505102,6,0.3384773662551441,0.31790123456790126,3
country_b35_g1.2_c360,2024/25,UEL,76,0.4588855007184471,0.6772798742138365,0.631578947368421,0.23753462603878114,9,0.24195906432748535,0.216374269005848,4
country_b35_g1.2_c360,2024/25,UECL,164,0.36900856513562147,0.6450208913649025,0.43902439024390244,0.25382956573468174,31,0.29563335955940206,0.23170731707317074,7
country_b35_g1.2_c360,2025/26,UCL,82,0.42948232618380977,0.6665573770491803,0.42857142857142855,0.24345627602617487,1,0.11585365853658536,0.11585365853658536,0
country_b35_g1.2_c360,2025/26,UEL,77,0.4261851976885109,0.6603186941313641,0.6,0.24658458424692192,6,0.40259740259740256,0.40259740259740256,4
country_b35_g1.2_c360,2025/26,UECL,164,0.3191613509112795,0.6222412318220701,0.4634146341463415,0.2701516954193932,23,0.2953340402969246,0.22627253446447507,7
country_b35_g1.4_c100,2018/19,UCL,79,0.5624539359353133,0.7222222222222222,0.45,0.21006248998557922,1,0.4810126582278481,0.0,0
country_b35_g1.4_c100,2018/19,UEL,213,0.4120392359473102,0.6613870521297862,0.5,0.24364654279353742,30,0.20712050078247266,0.10453834115805946,3
country_b35_g1.4_c100,2018/19,UECL,0,,,0.0,,0,0.0,0.0,0
country_b35_g1.4_c100,2019/20,UCL,79,0.4389810803711173,0.6735959153902261,0.4,0.2445120974202852,3,0.4198312236286919,0.0,0
country_b35_g1.4_c100,2019/20,UEL,213,0.38997893590661525,0.6462266525701053,0.3888888888888889,0.25274967488813943,25,0.23248826291079813,0.09539906103286386,2
country_b35_g1.4_c100,2019/20,UECL,0,,,0.0,,0,0.0,0.0,0
country_b35_g1.4_c100,2020/21,UCL,79,0.4829033160281035,0.6967963386727689,0.55,0.22304117929818942,1,0.01265822784810125,0.0,0
country_b35_g1.4_c100,2020/21,UEL,213,0.4662707395848415,0.6970320809744381,0.5,0.22740197050849698,34,0.20622756144711407,0.07705053852526926,2
country_b35_g1.4_c100,2020/21,UECL,0,,,0.0,,0,0.0,0.0,0
country_b35_g1.4_c100,2021/22,UCL,80,0.44747844549058463,0.6665507649513213,0.4,0.2425,0,0.0,0.0,0
country_b35_g1.4_c100,2021/22,UEL,58,0.3507975157408649,0.6298568507157464,0.4,0.26664684898929847,1,0.1724137931034483,0.0,0
country_b35_g1.4_c100,2021/22,UECL,181,0.3340760367345529,0.6307106598984772,0.4782608695652174,0.25808125515094166,31,0.2347175191587952,0.06050614863660665,2
country_b35_g1.4_c100,2022/23,UCL,78,0.36951678552941136,0.6386304428730927,0.55,0.25197238658777127,2,0.20512820512820512,0.0,0
country_b35_g1.4_c100,2022/23,UEL,57,0.3552228240958063,0.6298834818368746,0.4,0.25700215450907976,5,0.22631578947368425,0.045614035087719294,0
country_b35_g1.4_c100,2022/23,UECL,177,0.3331268305664626,0.6285883836510645,0.4666666666666667,0.25928053879791885,19,0.2621171573000297,0.08370502527505203,1
country_b35_g1.4_c100,2023/24,UCL,78,0.4122679409237625,0.6606484893146647,0.45,0.23652202498356345,2,0.141025641025641,0.07692307692307693,0
country_b35_g1.4_c100,2023/24,UEL,57,0.6603931605812473,0.7510373443983402,0.5333333333333333,0.18005540166204986,3,0.37426900584795325,0.05847953216374269,0
country_b35_g1.4_c100,2023/24,UECL,178,0.3139208356035596,0.6196449530516432,0.4888888888888889,0.27386062365862895,23,0.2986077186126038,0.09098680996580362,3
country_b35_g1.4_c100,2024/25,UCL,81,0.47229010882538675,0.6747149564050973,0.42857142857142855,0.22999542752629173,6,0.12242798353909466,0.06378600823045268,0
country_b35_g1.4_c100,2024/25,UEL,76,0.47529549949387545,0.6855345911949685,0.5263157894736842,0.23770775623268692,9,0.2872807017543859,0.0847953216374269,0
country_b35_g1.4_c100,2024/25,UECL,164,0.33530443596028686,0.6312674094707521,0.43902439024390244,0.25962968471148123,31,0.2621951219512195,0.0896931549960661,4
country_b35_g1.4_c100,2025/26,UCL,82,0.4427280120682572,0.6711475409836065,0.38095238095238093,0.24137418203450323,1,0.0060975609756097615,0.0,0
country_b35_g1.4_c100,2025/26,UEL,77,0.4133625868116626,0.6587640886125146,0.55,0.24810254680384555,6,0.19264069264069264,0.05627705627705628,0
country_b35_g1.4_c100,2025/26,UECL,164,0.30306418223323073,0.6149700598802396,0.43902439024390244,0.2758402736466389,23,0.2436373276776246,0.07197773064687168,3
country_b35_g1.4_c140,2018/19,UCL,79,0.5532106703636119,0.717948717948718,0.45,0.21150456657586925,1,0.4810126582278481,0.0,0
country_b35_g1.4_c140,2018/19,UEL,213,0.4132970131328176,0.6613870521297862,0.5185185185185185,0.2436685842756067,30,0.20884194053208135,0.1151017214397496,3
country_b35_g1.4_c140,2018/19,UECL,0,,,0.0,,0,0.0,0.0,0
country_b35_g1.4_c140,2019/20,UCL,79,0.43927683159726083,0.6735959153902261,0.4,0.24707578913635636,3,0.4029535864978903,0.0,0
country_b35_g1.4_c140,2019/20,UEL,213,0.39104009027240183,0.6473845844031617,0.42592592592592593,0.2531243800833168,25,0.23812206572769953,0.11380281690140844,2
country_b35_g1.4_c140,2019/20,UECL,0,,,0.0,,0,0.0,0.0,0
country_b35_g1.4_c140,2020/21,UCL,79,0.4796601024651542,0.6964149504195271,0.55,0.2240025636917161,1,0.0,0.0,0
country_b35_g1.4_c140,2020/21,UEL,213,0.45645684233053324,0.693200663349917,0.5370370370370371,0.23156781061958606,34,0.21589339961336648,0.09852250759458714,4
country_b35_g1.4_c140,2020/21,UECL,0,,,0.0,,0,0.0,0.0,0
country_b35_g1.4_c140,2021/22,UCL,80,0.4446072672519331,0.6665507649513213,0.4,0.24406250000000002,0,0.0,0.0,0
country_b35_g1.4_c140,2021/22,UEL,58,0.3745185846478134,0.6394001363326517,0.4,0.2604042806183115,1,0.10344827586206896,0.0,0
country_b35_g1.4_c140,2021/22,UECL,181,0.35027246992522215,0.6370558375634517,0.4782608695652174,0.2567687189035744,31,0.23721261807164493,0.08233826412404205,3
country_b35_g1.4_c140,2022/23,UCL,78,0.3677667924563496,0.6378861183475996,0.55,0.2516436554898092,2,0.1474358974358974,0.0,0
country_b35_g1.4_c140,2022/23,UEL,57,0.37438787903553405,0.6401644962302947,0.4,0.24961526623576488,5,0.2087719298245614,0.07719298245614034,0
country_b35_g1.4_c140,2022/23,UECL,177,0.3410641168624271,0.6320747719011943,0.4666666666666667,0.2574292189345335,19,0.26984834968777877,0.11121022896223612,3
country_b35_g1.4_c140,2023/24,UCL,78,0.41368357358609426,0.6613854089904201,0.45,0.23816568047337272,2,0.15384615384615383,0.10256410256410256,0
country_b35_g1.4_c140,2023/24,UEL,57,0.668706992004108,0.7538035961272476,0.5333333333333333,0.18190212373037856,3,0.3333333333333333,0.07602339181286549,0
country_b35_g1.4_c140,2023/24,UECL,178,0.3214149869788863,0.6234595070422535,0.4888888888888889,0.27038883979295547,23,0.2983634587200782,0.1095505617977528,4
country_b35_g1.4_c140,2024/25,UCL,81,0.47470015824339085,0.676056338028169,0.42857142857142855,0.22969059594574,6,0.12037037037037036,0.0699588477366255,0
country_b35_g1.4_c140,2024/25,UEL,76,0.4806595092031141,0.6875,0.5263157894736842,0.23822714681440438,9,0.28581871345029236,0.10526315789473685,1
country_b35_g1.4_c140,2024/25,UECL,164,0.35751295828235935,0.6407555710306406,0.5121951219512195,0.2514500297441999,31,0.252360346184107,0.10946105428796223,5
country_b35_g1.4_c140,2025/26,UCL,82,0.4464201511444018,0.6724590163934426,0.38095238095238093,0.24018441403926238,1,0.0060975609756097615,0.0,0
country_b35_g1.4_c140,2025/26,UEL,77,0.4268783117899622,0.6634279051690634,0.55,0.24337999662674983,6,0.183982683982684,0.09956709956709957,0
country_b35_g1.4_c140,2025/26,UECL,164,0.3321101513827901,0.6255774165953807,0.4146341463414634,0.2672144556811422,23,0.22932131495227992,0.09159597030752915,3
country_b35_g1.4_c180,2018/19,UCL,79,0.5521563986936301,0.7172364672364673,0.45,0.21278641243390484,1,0.4936708860759494,0.0,0
country_b35_g1.4_c180,2018/19,UEL,213,0.4135780595379961,0.6612845353426624,0.5555555555555556,0.24503515616390048,30,0.21838810641627548,0.12762128325508607,3
country_b35_g1.4_c180,2018/19,UECL,0,,,0.0,,0,0.0,0.0,0
country_b35_g1.4_c180,2019/20,UCL,79,0.43407653920423905,0.6725018234865062,0.4,0.24867809645890085,3,0.3860759493670886,0.0,0
country_b35_g1.4_c180,2019/20,UEL,213,0.3879890361467635,0.6464783768816392,0.4444444444444444,0.25358725120677117,25,0.24450704225352116,0.12938967136150234,3
country_b35_g1.4_c180,2019/20,UECL,0,,,0.0,,0,0.0,0.0,0
country_b35_g1.4_c180,2020/21,UCL,79,0.47641688890220496,0.6948893974065599,0.55,0.2249639480852427,1,0.01265822784810125,0.0,0
country_b35_g1.4_c180,2020/21,UEL,213,0.4471621818353258,0.6897123577514725,0.5370370370370371,0.23542506998170554,34,0.225973487986744,0.11509251587959127,5
country_b35_g1.4_c180,2020/21,UECL,0,,,0.0,,0,0.0,0.0,0
country_b35_g1.4_c180,2021/22,UCL,80,0.4431303237135321,0.6662030598052852,0.4,0.2453125,0,0.0,0.0,0
country_b35_g1.4_c180,2021/22,UEL,58,0.3973668678393945,0.6462167689161554,0.4,0.2571343638525565,1,0.017241379310344834,0.0,0
country_b35_g1.4_c180,2021/22,UECL,181,0.36072224460532865,0.6413564579808234,0.4782608695652174,0.25423521870516774,31,0.24113348779183744,0.10140794867225093,3
country_b35_g1.4_c180,2022/23,UCL,78,0.3655058525006421,0.6371417938221065,0.55,0.252301117685733,2,0.12179487179487178,0.0,0
country_b35_g1.4_c180,2022/23,UEL,57,0.3630259725295285,0.6353666895133653,0.4,0.25207756232686984,5,0.21578947368421048,0.10877192982456138,0
country_b35_g1.4_c180,2022/23,UECL,177,0.3394204819617698,0.631332987167124,0.4444444444444444,0.2581952823262792,19,0.2710377639012786,0.12994350282485878,4
country_b35_g1.4_c180,2023/24,UCL,78,0.4145253011150483,0.6624907885040531,0.45,0.23685075608152537,2,0.16666666666666666,0.1346153846153846,0
country_b35_g1.4_c180,2023/24,UEL,57,0.678853794134371,0.7614107883817427,0.5333333333333333,0.18128654970760236,3,0.30994152046783624,0.0935672514619883,0
country_b35_g1.4_c180,2023/24,UECL,178,0.3297976535676331,0.6256602112676056,0.4666666666666667,0.2665698775407146,23,0.29763067904250123,0.12762579384465073,5
country_b35_g1.4_c180,2024/25,UCL,81,0.4726311535543496,0.6767270288397049,0.38095238095238093,0.22984301173601582,6,0.1286008230452675,0.08641975308641973,0
country_b35_g1.4_c180,2024/25,UEL,76,0.47457661159469916,0.6823899371069182,0.5263157894736842,0.24168975069252072,9,0.28728070175438597,0.1301169590643275,1
country_b35_g1.4_c180,2024/25,UECL,164,0.3679811098376575,0.6452820334261838,0.5365853658536586,0.24821534800713863,31,0.25688434303697877,0.1309008654602675,6
country_b35_g1.4_c180,2025/26,UCL,82,0.44636537163288637,0.6737704918032786,0.38095238095238093,0.2395895300416419,1,0.0060975609756097615,0.0,0
country_b35_g1.4_c180,2025/26,UEL,77,0.4421668093738967,0.6715895841430237,0.55,0.23865744644965425,6,0.19047619047619047,0.13203463203463203,0
country_b35_g1.4_c180,2025/26,UECL,164,0.3470862475673471,0.6330196749358425,0.3902439024390244,0.2605963712076145,23,0.21951219512195122,0.10869565217391304,4
country_b35_g1.4_c220,2018/19,UCL,79,0.5475838017994066,0.7147435897435898,0.45,0.2143887197564493,1,0.5189873417721519,0.0,0
country_b35_g1.4_c220,2018/19,UEL,213,0.4165429100679622,0.6627197703623968,0.5555555555555556,0.24430778725561506,30,0.22370892018779348,0.13685446009389673,3
country_b35_g1.4_c220,2018/19,UECL,0,,,0.0,,0,0.0,0.0,0
country_b35_g1.4_c220,2019/20,UCL,79,0.4269045719702613,0.6699489423778264,0.4,0.25188271110398974,3,0.3776371308016877,0.0,0
country_b35_g1.4_c220,2019/20,UEL,213,0.381495976287039,0.6444645823893672,0.42592592592592593,0.2549979060592034,25,0.25164319248826295,0.1455399061032864,4
country_b35_g1.4_c220,2019/20,UECL,0,,,0.0,,0,0.0,0.0,0
country_b35_g1.4_c220,2020/21,UCL,79,0.47613108847328606,0.6952707856598017,0.55,0.22480371735298832,1,0.01265822784810125,0.0,0
country_b35_g1.4_c220,2020/21,UEL,213,0.4372812030618294,0.6849659747240807,0.5370370370370371,0.23926028786175582,34,0.23702016017674676,0.13055785694559516,5
country_b35_g1.4_c220,2020/21,UECL,0,,,0.0,,0,0.0,0.0,0
country_b35_g1.4_c220,2021/22,UCL,80,0.44830553387208927,0.6679415855354659,0.4,0.2453125,0,0.0,0.0,0
country_b35_g1.4_c220,2021/22,UEL,58,0.41734742653762574,0.65439672801636,0.4,0.2526753864447087,1,0.017241379310344834,0.017241379310344834,0
country_b35_g1.4_c220,2021/22,UECL,181,0.3660445155626676,0.6431190073322053,0.45652173913043476,0.2530142547541284,31,0.242737479950098,0.11664587417572625,3
country_b35_g1.4_c220,2022/23,UCL,78,0.36384527513204346,0.637513956084853,0.55,0.2529585798816567,2,0.09615384615384616,0.0032051282051282076,0
country_b35_g1.4_c220,2022/23,UEL,57,0.3730492636138495,0.6387936943111721,0.4,0.2502308402585411,5,0.21929824561403505,0.12105263157894734,0
country_b35_g1.4_c220,2022/23,UECL,177,0.3483013770792065,0.6348935538906609,0.4666666666666667,0.2567908327747454,19,0.2769848349687778,0.15016354445435623,4
country_b35_g1.4_c220,2023/24,UCL,78,0.4154052889862275,0.6628592483419308,0.45,0.23619329388560154,2,0.1730769230769231,0.15384615384615388,0
country_b35_g1.4_c220,2023/24,UEL,57,0.6907681037324862,0.7690179806362379,0.6,0.17943982763927363,3,0.28070175438596495,0.10526315789473684,0
country_b35_g1.4_c220,2023/24,UECL,178,0.3325063310143699,0.6260269953051644,0.4444444444444444,0.2645183688928166,23,0.30935515388373225,0.15009770395701028,5
country_b35_g1.4_c220,2024/25,UCL,81,0.464309662167656,0.6720321931589537,0.38095238095238093,0.23487273281511967,6,0.1697530864197531,0.13271604938271606,1
country_b35_g1.4_c220,2024/25,UEL,76,0.4719913801111228,0.6812106918238994,0.5263157894736842,0.24134349030470914,9,0.2785087719298245,0.1505847953216374,2
country_b35_g1.4_c220,2024/25,UECL,164,0.3721393306734279,0.6484157381615598,0.5121951219512195,0.24895895300416418,31,0.26947285601888277,0.15666797797010226,6
country_b35_g1.4_c220,2025/26,UCL,82,0.44270610026365104,0.6737704918032786,0.38095238095238093,0.24077929803688278,1,0.0060975609756097615,0.0,0
country_b35_g1.4_c220,2025/26,UEL,77,0.455189357010779,0.6774193548387096,0.65,0.23292292123460956,6,0.19480519480519484,0.16883116883116886,1
country_b35_g1.4_c220,2025/26,UECL,164,0.3515485017183463,0.6352437981180497,0.4146341463414634,0.25851427721594283,23,0.2301166489925769,0.13295334040296924,5
country_b35_g1.4_c260,2018/19,UCL,79,0.5418466024790403,0.7133190883190883,0.45,0.21535010414997593,1,0.5189873417721519,0.0,0
country_b35_g1.4_c260,2018/19,UEL,213,0.4180836241053197,0.6633348710851402,0.5555555555555556,0.24490290727148492,30,0.23231611893583726,0.14906103286384978,3
country_b35_g1.4_c260,2018/19,UECL,0,,,0.0,,0,0.0,0.0,0
country_b35_g1.4_c260,2019/20,UCL,79,0.43359594346175606,0.6717724288840262,0.4,0.25060086524595415,3,0.36497890295358654,0.0,0
country_b35_g1.4_c260,2019/20,UEL,213,0.38172063226749536,0.6443135478024468,0.4444444444444444,0.25479953272058015,25,0.25615023474178406,0.1583098591549296,4
country_b35_g1.4_c260,2019/20,UECL,0,,,0.0,,0,0.0,0.0,0
country_b35_g1.4_c260,2020/21,UCL,79,0.4735961629298314,0.6937452326468345,0.55,0.22768787053356826,1,0.01265822784810125,0.0,0
country_b35_g1.4_c260,2020/21,UEL,213,0.43125483158322264,0.6823926345285068,0.5370370370370371,0.24168485088937383,34,0.24489091411212371,0.14450428058547363,6
country_b35_g1.4_c260,2020/21,UECL,0,,,0.0,,0,0.0,0.0,0
country_b35_g1.4_c260,2021/22,UCL,80,0.4490735445120577,0.6668984700973575,0.4,0.2459375,0,0.0,0.0,0
country_b35_g1.4_c260,2021/22,UEL,58,0.42152432960402664,0.6550783912747103,0.4,0.2520808561236623,1,0.03448275862068967,0.03448275862068967,0
country_b35_g1.4_c260,2021/22,UECL,181,0.3683847976496485,0.643542019176537,0.4782608695652174,0.25325844754433624,31,0.24416325075744075,0.1285867046872215,4
country_b35_g1.4_c260,2022/23,UCL,78,0.36098397258922715,0.6360253070338667,0.55,0.25197238658777116,2,0.09615384615384615,0.016025641025641024,0
country_b35_g1.4_c260,2022/23,UEL,57,0.3820930799993769,0.6435915010281015,0.4,0.24899969221298862,5,0.2473684210526316,0.15614035087719297,0
country_b35_g1.4_c260,2022/23,UECL,177,0.3514427166790609,0.6368221941992434,0.4666666666666667,0.25774841201442755,19,0.28471602735652696,0.1659232827832293,4
country_b35_g1.4_c260,2023/24,UCL,78,0.4197669679998985,0.6632277081798084,0.45,0.2345496383957922,2,0.2307692307692308,0.2307692307692308,1
country_b35_g1.4_c260,2023/24,UEL,57,0.6821269561118751,0.7662517289073306,0.6,0.18128654970760236,3,0.28654970760233917,0.14619883040935674,1
country_b35_g1.4_c260,2023/24,UECL,178,0.338884446897112,0.6279342723004695,0.4666666666666667,0.2639186971342002,23,0.3157059110893991,0.16695163654127992,5
country_b35_g1.4_c260,2024/25,UCL,81,0.4599783941098278,0.6713615023474179,0.38095238095238093,0.2363968907178784,6,0.22530864197530864,0.19032921810699588,1
country_b35_g1.4_c260,2024/25,UEL,76,0.4764706047136829,0.6831761006289309,0.5789473684210527,0.23943905817174513,9,0.2595029239766082,0.16374269005847952,2
country_b35_g1.4_c260,2024/25,UECL,164,0.3713455765132243,0.6479805013927576,0.4878048780487805,0.25022308149910766,31,0.2745869394177813,0.1735837922895358,6
country_b35_g1.4_c260,2025/26,UCL,82,0.44139139198727906,0.6734426229508197,0.42857142857142855,0.2415229030339084,1,0.0060975609756097615,0.0,0
country_b35_g1.4_c260,2025/26,UEL,77,0.45396307821590365,0.6746987951807228,0.65,0.23309158374093444,6,0.22077922077922082,0.21861471861471862,2
country_b35_g1.4_c260,2025/26,UECL,164,0.3471303192132829,0.6320786997433704,0.43902439024390244,0.26029892920880426,23,0.24973488865323437,0.15787380699893958,5
country_b35_g1.4_c300,2018/19,UCL,79,0.5366120210478513,0.7104700854700855,0.45,0.216792180740266,1,0.5189873417721519,0.0,0
country_b35_g1.4_c300,2018/19,UEL,213,0.4199639883946754,0.6643600389563791,0.5370370370370371,0.24472657541493092,30,0.2404538341158059,0.15829420970266037,3
country_b35_g1.4_c300,2018/19,UECL,0,,,0.0,,0,0.0,0.0,0
country_b35_g1.4_c300,2019/20,UCL,79,0.43257313713801004,0.6703136396790663,0.4,0.25188271110398985,3,0.36075949367088606,0.0,0
country_b35_g1.4_c300,2019/20,UEL,213,0.3806933645579787,0.643759754317072,0.4444444444444444,0.2552624038440345,25,0.2615962441314554,0.1695774647887324,4
country_b35_g1.4_c300,2019/20,UECL,0,,,0.0,,0,0.0,0.0,0
country_b35_g1.4_c300,2020/21,UCL,79,0.46788015435145336,0.6922196796338673,0.55,0.2305720237141483,1,0.012658227848101278,0.012658227848101278,0
country_b35_g1.4_c300,2020/21,UEL,213,0.42746730580752107,0.6814204837879567,0.5370370370370371,0.2434702109369834,34,0.2537282518641259,0.15817453742060206,7
country_b35_g1.4_c300,2020/21,UECL,0,,,0.0,,0,0.0,0.0,0
country_b35_g1.4_c300,2021/22,UCL,80,0.444772684928234,0.6655076495132128,0.4,0.246875,0,0.0,0.0,0
country_b35_g1.4_c300,2021/22,UEL,58,0.4350213372738147,0.6605316973415133,0.4666666666666667,0.2497027348394768,1,0.06896551724137931,0.06896551724137931,0
country_b35_g1.4_c300,2021/22,UECL,181,0.36826178676465604,0.6432600112803158,0.4782608695652174,0.2534415921369922,31,0.2470147923721262,0.1399037604705044,4
country_b35_g1.4_c300,2022/23,UCL,78,0.3596044160060836,0.6356531447711202,0.55,0.25213675213675213,2,0.09615384615384613,0.02884615384615384,0
country_b35_g1.4_c300,2022/23,UEL,57,0.391038948915025,0.6490747087045922,0.4,0.2471529701446599,5,0.2578947368421053,0.17368421052631577,1
country_b35_g1.4_c300,2022/23,UECL,177,0.3539937521557152,0.6377123358801275,0.4666666666666667,0.25912094225797183,19,0.2942313410645257,0.18406184953910204,4
country_b35_g1.4_c300,2023/24,UCL,78,0.41883596633908565,0.6632277081798084,0.45,0.2329059829059829,2,0.25,0.25,1
country_b35_g1.4_c300,2023/24,UEL,57,0.6974453541665948,0.7745504840940526,0.6,0.17266851338873498,3,0.216374269005848,0.14619883040935674,1
country_b35_g1.4_c300,2023/24,UECL,178,0.34508464407813766,0.6311619718309859,0.4444444444444444,0.26312965534654714,23,0.32181240840254033,0.1825842696629214,5
country_b35_g1.4_c300,2024/25,UCL,81,0.4485533956895724,0.6696847753185782,0.38095238095238093,0.2395976223136717,6,0.2767489711934157,0.24382716049382722,2
country_b35_g1.4_c300,2024/25,UEL,76,0.4744383639217807,0.6835691823899371,0.5789473684210527,0.239612188365651,9,0.2448830409356725,0.17543859649122806,3
country_b35_g1.4_c300,2024/25,UECL,164,0.37051310263788884,0.6469359331476323,0.4634146341463415,0.25152439024390244,31,0.28029110936270657,0.1885326514555468,7
country_b35_g1.4_c300,2025/26,UCL,82,0.4395398444980552,0.6711475409836065,0.42857142857142855,0.24241522903033913,1,0.006097560975609755,0.006097560975609755,0
country_b35_g1.4_c300,2025/26,UEL,77,0.4557625090562099,0.6746987951807228,0.65,0.23579018384213188,6,0.2748917748917749,0.2748917748917749,2
country_b35_g1.4_c300,2025/26,UECL,164,0.34581643326882205,0.6322497861420017,0.43902439024390244,0.2619348602022606,23,0.2648462354188759,0.17908271474019086,5
country_b35_g1.4_c360,2018/19,UCL,79,0.5268906555327862,0.7061965811965812,0.45,0.21999679538535494,1,0.5189873417721519,0.0,0
country_b35_g1.4_c360,2018/19,UEL,213,0.41531222928474776,0.6622584448203394,0.5185185185185185,0.24591681544667066,30,0.25015649452269173,0.17300469483568076,5
country_b35_g1.4_c360,2018/19,UECL,0,,,0.0,,0,0.0,0.0,0
country_b35_g1.4_c360,2019/20,UCL,79,0.4251054186778889,0.6684901531728665,0.4,0.2544464028200609,3,0.35654008438818563,0.0,0
country_b35_g1.4_c360,2019/20,UEL,213,0.3734648387510621,0.6413432009263454,0.4444444444444444,0.25649672683991276,25,0.26666666666666666,0.18460093896713617,5
country_b35_g1.4_c360,2019/20,UECL,0,,,0.0,,0,0.0,0.0,0
country_b35_g1.4_c360,2020/21,UCL,79,0.465506768180866,0.6906941266209001,0.55,0.23233456176894726,1,0.0,0.0,0
country_b35_g1.4_c360,2020/21,UEL,213,0.41626791717613404,0.6767884714359238,0.5370370370370371,0.2464458110163327,34,0.26187517260425297,0.17619442143054403,7
country_b35_g1.4_c360,2020/21,UECL,0,,,0.0,,0,0.0,0.0,0
country_b35_g1.4_c360,2021/22,UCL,80,0.4365254322098028,0.6648122392211405,0.45,0.24937500000000004,0,0.0,0.0,0
country_b35_g1.4_c360,2021/22,UEL,58,0.4510120184160809,0.6666666666666666,0.4666666666666667,0.24940546967895363,1,0.10344827586206898,0.10344827586206898,0
country_b35_g1.4_c360,2021/22,UECL,181,0.3615566684418606,0.6409334461364918,0.45652173913043476,0.2558224718415189,31,0.2532525396542506,0.15763678488682942,6
country_b35_g1.4_c360,2022/23,UCL,78,0.35033073008606314,0.6337923334573874,0.55,0.2547666009204471,2,0.08333333333333331,0.04807692307692307,0
country_b35_g1.4_c360,2022/23,UEL,57,0.40008276530055237,0.6477039067854695,0.4,0.2453062480763312,5,0.30350877192982456,0.2333333333333333,1
country_b35_g1.4_c360,2022/23,UECL,177,0.35383246088041703,0.6368963726726504,0.4666666666666667,0.26122761658527244,19,0.30196253345227475,0.20190306274159975,5
country_b35_g1.4_c360,2023/24,UCL,78,0.41224243402894567,0.659174649963154,0.45,0.23602892833662062,2,0.39102564102564114,0.39102564102564114,1
country_b35_g1.4_c360,2023/24,UEL,57,0.6964306739535685,0.7773167358229599,0.6,0.16897506925207756,3,0.22222222222222224,0.1929824561403509,1
country_b35_g1.4_c360,2023/24,UECL,178,0.3500879336294349,0.6332159624413145,0.4222222222222222,0.2633821487185961,23,0.32962872496336104,0.20065950170981928,5
country_b35_g1.4_c360,2024/25,UCL,81,0.4443585455233293,0.6666666666666666,0.38095238095238093,0.23975003810394763,6,0.3220164609053498,0.2952674897119342,3
country_b35_g1.4_c360,2024/25,UEL,76,0.4721987516205006,0.6812106918238994,0.5789473684210527,0.2364958448753463,9,0.24195906432748535,0.19736842105263155,3
country_b35_g1.4_c360,2024/25,UECL,164,0.3741043562163709,0.6471970752089137,0.43902439024390244,0.2516731112433076,31,0.28343823760818254,0.20210464201416206,7
country_b35_g1.4_c360,2025/26,UCL,82,0.43482880650772243,0.6698360655737705,0.42857142857142855,0.2418203450327186,1,0.042682926829268296,0.042682926829268296,0
country_b35_g1.4_c360,2025/26,UEL,77,0.43806144123453156,0.6645938593082006,0.6,0.24354865913307472,6,0.35930735930735924,0.35930735930735924,4
country_b35_g1.4_c360,2025/26,UECL,164,0.3408721454904002,0.6302822925577417,0.43902439024390244,0.2647233789411064,23,0.2754506892895016,0.19843584305408268,5
country_b35_g1.6_c100,2018/19,UCL,79,0.562368123124966,0.7218660968660968,0.45,0.20910110559205253,1,0.4683544303797469,0.0,0
country_b35_g1.6_c100,2018/19,UEL,213,0.41084132290640357,0.6605669178327951,0.5,0.24336000352663714,30,0.19820031298904542,0.09014084507042255,3
country_b35_g1.6_c100,2018/19,UECL,0,,,0.0,,0,0.0,0.0,0
country_b35_g1.6_c100,2019/20,UCL,79,0.4364302260456305,0.6725018234865062,0.4,0.245153020349303,3,0.4535864978902953,0.0,0
country_b35_g1.6_c100,2019/20,UEL,213,0.39013142585983,0.6469818255047073,0.3888888888888889,0.2523088452467544,25,0.23211267605633804,0.08488262910798122,1
country_b35_g1.6_c100,2019/20,UECL,0,,,0.0,,0,0.0,0.0,0
country_b35_g1.6_c100,2020/21,UCL,79,0.4823689934870812,0.6967963386727689,0.55,0.2233616407626983,1,0.03797468354430379,0.0,0
country_b35_g1.6_c100,2020/21,UEL,213,0.46762140017311116,0.6973751930005146,0.5,0.22570477638916442,34,0.20388014360673845,0.06641811654239159,2
country_b35_g1.6_c100,2020/21,UECL,0,,,0.0,,0,0.0,0.0,0
country_b35_g1.6_c100,2021/22,UCL,80,0.45050322585722996,0.6675938803894298,0.4,0.24124999999999996,0,0.0,0.0,0
country_b35_g1.6_c100,2021/22,UEL,58,0.3477739366554851,0.6291751874573961,0.4,0.2666468489892985,1,0.1896551724137931,0.0,0
country_b35_g1.6_c100,2021/22,UECL,181,0.32617873791803914,0.6285250987027636,0.45652173913043476,0.2589359299166692,31,0.24148993049367318,0.0522188558189271,2
country_b35_g1.6_c100,2022/23,UCL,78,0.3719054622057802,0.6404912541868255,0.55,0.2503287310979619,2,0.21794871794871795,0.0,0
country_b35_g1.6_c100,2022/23,UEL,57,0.3547330867464095,0.6291980808773132,0.4,0.2570021545090797,5,0.21578947368421053,0.02456140350877193,0
country_b35_g1.6_c100,2022/23,UECL,177,0.32876977169429294,0.6275498850233662,0.4666666666666667,0.2606849883494526,19,0.26063038953315487,0.06928337793636634,0
country_b35_g1.6_c100,2023/24,UCL,78,0.41134969271035804,0.660280029476787,0.45,0.23619329388560154,2,0.1474358974358974,0.07692307692307693,0
country_b35_g1.6_c100,2023/24,UEL,57,0.6609168664976479,0.7503457814661134,0.5333333333333333,0.18005540166204986,3,0.368421052631579,0.05263157894736842,0
country_b35_g1.6_c100,2023/24,UECL,178,0.30769583763380987,0.6167106807511737,0.4888888888888889,0.27606994066405754,23,0.30520273571079626,0.08512457254518808,3
country_b35_g1.6_c100,2024/25,UCL,81,0.47007331808712816,0.6723675385647216,0.42857142857142855,0.23090992226794693,6,0.13065843621399179,0.06378600823045268,0
country_b35_g1.6_c100,2024/25,UEL,76,0.47871021701496297,0.6871069182389937,0.5263157894736842,0.23666897506925208,9,0.29020467836257313,0.07894736842105263,0
country_b35_g1.6_c100,2024/25,UECL,164,0.32471874241262405,0.6276114206128134,0.43902439024390244,0.2627156454491374,31,0.2724232887490166,0.08290715971675847,4
country_b35_g1.6_c100,2025/26,UCL,82,0.44113940623430775,0.6698360655737705,0.38095238095238093,0.24196906603212373,1,0.01829268292682927,0.0,0
country_b35_g1.6_c100,2025/26,UEL,77,0.41445557443318193,0.6595413913719393,0.55,0.24776522179119584,6,0.18614718614718617,0.04545454545454546,0
country_b35_g1.6_c100,2025/26,UECL,164,0.30054245774234195,0.6140290846877673,0.43902439024390244,0.2768813206424747,23,0.24469777306468715,0.06481972428419935,1
country_b35_g1.6_c140,2018/19,UCL,79,0.5566677007233198,0.7193732193732194,0.45,0.21102387437910589,1,0.4810126582278481,0.0,0
country_b35_g1.6_c140,2018/19,UEL,213,0.41266560394450175,0.6614895689169101,0.5185185185185185,0.24316163018801382,30,0.20524256651017214,0.10438184663536774,3
country_b35_g1.6_c140,2018/19,UECL,0,,,0.0,,0,0.0,0.0,0
country_b35_g1.6_c140,2019/20,UCL,79,0.4348775321083775,0.6717724288840262,0.4,0.24707578913635636,3,0.4409282700421941,0.0,0
country_b35_g1.6_c140,2019/20,UEL,213,0.391762378075489,0.6470825152293208,0.42592592592592593,0.2528378408164165,25,0.23455399061032864,0.10112676056338028,2
country_b35_g1.6_c140,2019/20,UECL,0,,,0.0,,0,0.0,0.0,0
country_b35_g1.6_c140,2020/21,UCL,79,0.4818222448404537,0.6964149504195271,0.55,0.2233616407626983,1,0.025316455696202528,0.0,0
country_b35_g1.6_c140,2020/21,UEL,213,0.45915880852167995,0.6940584434151084,0.5370370370370371,0.2295179527871454,34,0.2128555647611157,0.08657829328914664,2
country_b35_g1.6_c140,2020/21,UECL,0,,,0.0,,0,0.0,0.0,0
country_b35_g1.6_c140,2021/22,UCL,80,0.44287038165077347,0.6655076495132128,0.4,0.24437499999999995,0,0.0,0.0,0
country_b35_g1.6_c140,2021/22,UEL,58,0.3786643167958083,0.6407634628493524,0.4,0.26040428061831156,1,0.13793103448275862,0.0,0
country_b35_g1.6_c140,2021/22,UECL,181,0.34291436882125853,0.6343062605752962,0.4782608695652174,0.2567687189035744,31,0.2409552664409196,0.06834788807699162,2
country_b35_g1.6_c140,2022/23,UCL,78,0.369044159662964,0.6382582806103461,0.55,0.25164365548980927,2,0.16025641025641024,0.0,0
country_b35_g1.6_c140,2022/23,UEL,57,0.37069852433674494,0.6374228923920493,0.4,0.25146198830409355,5,0.2122807017543859,0.06315789473684211,0
country_b35_g1.6_c140,2022/23,UECL,177,0.33678166892032735,0.6302944885394258,0.4666666666666667,0.2579080085543745,19,0.2704430567945286,0.09545049063336307,2
country_b35_g1.6_c140,2023/24,UCL,78,0.41183432371187706,0.660280029476787,0.45,0.23717948717948717,2,0.15384615384615383,0.09615384615384617,0
country_b35_g1.6_c140,2023/24,UEL,57,0.6708018156697105,0.7558782849239281,0.5333333333333333,0.18005540166204984,3,0.3333333333333333,0.06432748538011696,0
country_b35_g1.6_c140,2023/24,UECL,178,0.31730883900230444,0.621919014084507,0.4888888888888889,0.2722825400833228,23,0.30422569614069367,0.10051294577430386,4
country_b35_g1.6_c140,2024/25,UCL,81,0.4744273224602206,0.676056338028169,0.42857142857142855,0.22938576436518818,6,0.1183127572016461,0.06584362139917695,0
country_b35_g1.6_c140,2024/25,UEL,76,0.4837286075419053,0.6890723270440252,0.5263157894736842,0.23666897506925208,9,0.27704678362573104,0.0891812865497076,1
country_b35_g1.6_c140,2024/25,UECL,164,0.3443897405465893,0.635358635097493,0.4634146341463415,0.2562091017251636,31,0.260228166797797,0.09933123524783632,4
country_b35_g1.6_c140,2025/26,UCL,82,0.4460695622707026,0.6724590163934426,0.38095238095238093,0.2401844140392623,1,0.0060975609756097615,0.0,0
country_b35_g1.6_c140,2025/26,UEL,77,0.4330763513510167,0.6665371162067625,0.55,0.24337999662674983,6,0.16883116883116886,0.07575757575757576,0
country_b35_g1.6_c140,2025/26,UECL,164,0.3241070159286369,0.6224123182207014,0.4146341463414634,0.2705606781677573,23,0.22693531283138918,0.07701484623541888,3
country_b35_g1.6_c180,2018/19,UCL,79,0.5504278835137763,0.7172364672364673,0.45,0.21230572023714148,1,0.4810126582278481,0.0,0
country_b35_g1.6_c180,2018/19,UEL,213,0.4146927929253521,0.661643344097596,0.5555555555555556,0.24355837686526038,30,0.21353677621283254,0.11705790297339594,3
country_b35_g1.6_c180,2018/19,UECL,0,,,0.0,,0,0.0,0.0,0
country_b35_g1.6_c180,2019/20,UCL,79,0.4335712975262441,0.6710430342815463,0.4,0.24867809645890085,3,0.4198312236286919,0.0,0
country_b35_g1.6_c180,2019/20,UEL,213,0.39144233743293955,0.6479383778885365,0.4444444444444444,0.2530362141550398,25,0.23793427230046948,0.1135211267605634,2
country_b35_g1.6_c180,2019/20,UECL,0,,,0.0,,0,0.0,0.0,0
country_b35_g1.6_c180,2020/21,UCL,79,0.4777961866243788,0.6956521739130435,0.55,0.22416279442397047,1,0.025316455696202528,0.0,0
country_b35_g1.6_c180,2020/21,UEL,213,0.45324595961400704,0.6918854005832904,0.5370370370370371,0.2324494699023562,34,0.22017398508699254,0.1020436343551505,4
country_b35_g1.6_c180,2020/21,UECL,0,,,0.0,,0,0.0,0.0,0
country_b35_g1.6_c180,2021/22,UCL,80,0.44380380996704294,0.6665507649513213,0.4,0.24437499999999995,0,0.0,0.0,0
country_b35_g1.6_c180,2021/22,UEL,58,0.3934705030386474,0.645535105657805,0.4,0.2571343638525565,1,0.06896551724137931,0.0,0
country_b35_g1.6_c180,2021/22,UECL,181,0.35451634545746075,0.6391003948110547,0.4782608695652174,0.2554256585574311,31,0.24416325075744072,0.08572446979148102,3
country_b35_g1.6_c180,2022/23,UCL,78,0.3670131458044471,0.637513956084853,0.55,0.25197238658777116,2,0.14102564102564102,0.0,0
country_b35_g1.6_c180,2022/23,UEL,57,0.37187389397529724,0.6387936943111721,0.4,0.2502308402585411,5,0.21578947368421053,0.09122807017543859,0
country_b35_g1.6_c180,2022/23,UECL,177,0.3383967761124285,0.631036273273496,0.4666666666666667,0.25838679817421556,19,0.2769848349687779,0.11715730002973535,3
country_b35_g1.6_c180,2023/24,UCL,78,0.40670743785370245,0.6588061901252763,0.45,0.23980933596318219,2,0.17307692307692307,0.12820512820512822,0
country_b35_g1.6_c180,2023/24,UEL,57,0.6738458563087896,0.7551867219917012,0.5333333333333333,0.1806709756848261,3,0.3157894736842105,0.08771929824561403,0
country_b35_g1.6_c180,2023/24,UECL,178,0.32225174402453427,0.62331279342723,0.4666666666666667,0.2700416614063881,23,0.3056912554958475,0.1141914997557401,4
country_b35_g1.6_c180,2024/25,UCL,81,0.4759961282134497,0.6784037558685446,0.38095238095238093,0.22999542752629173,6,0.13065843621399179,0.08436213991769548,0
country_b35_g1.6_c180,2024/25,UEL,76,0.48459956788129194,0.6871069182389937,0.5263157894736842,0.23805401662049855,9,0.2828947368421052,0.11257309941520467,1
country_b35_g1.6_c180,2024/25,UECL,164,0.36097284139878677,0.6428447075208914,0.5365853658536586,0.25033462224866154,31,0.25511408339889846,0.11369000786782062,5
country_b35_g1.6_c180,2025/26,UCL,82,0.44509448696572673,0.6727868852459017,0.38095238095238093,0.24018441403926238,1,0.0060975609756097615,0.0,0
country_b35_g1.6_c180,2025/26,UEL,77,0.4420735055525475,0.6712009327633113,0.55,0.23832012143700457,6,0.1774891774891775,0.11904761904761905,0
country_b35_g1.6_c180,2025/26,UECL,164,0.3392318539182273,0.6287425149700598,0.3902439024390244,0.2629759071980964,23,0.21818663838812302,0.09477730646871685,3
country_b35_g1.6_c220,2018/19,UCL,79,0.5510040552403942,0.7158119658119658,0.45,0.21310687389841373,1,0.4810126582278481,0.0,0
country_b35_g1.6_c220,2018/19,UEL,213,0.41465624428970105,0.661694602491158,0.5555555555555556,0.24494699023562344,30,0.21964006259780905,0.12636932707355242,3
country_b35_g1.6_c220,2018/19,UECL,0,,,0.0,,0,0.0,0.0,0
country_b35_g1.6_c220,2019/20,UCL,79,0.42998531390925515,0.6714077315827863,0.4,0.2509213267104631,3,0.41561181434599154,0.0,0
country_b35_g1.6_c220,2019/20,UEL,213,0.38757612096480754,0.64678044605548,0.42592592592592593,0.2541162467764332,25,0.24431924882629108,0.12826291079812205,3
country_b35_g1.6_c220,2019/20,UECL,0,,,0.0,,0,0.0,0.0,0
country_b35_g1.6_c220,2020/21,UCL,79,0.4758080097275516,0.6945080091533181,0.55,0.22576510174651496,1,0.01265822784810125,0.0,0
country_b35_g1.6_c220,2020/21,UEL,213,0.44410868268304876,0.6873105735689369,0.5370370370370371,0.23624060481826797,34,0.23011599005799505,0.11688760011046673,4
country_b35_g1.6_c220,2020/21,UECL,0,,,0.0,,0,0.0,0.0,0
country_b35_g1.6_c220,2021/22,UCL,80,0.44287038165077347,0.6655076495132128,0.4,0.24625,0,0.0,0.0,0
country_b35_g1.6_c220,2021/22,UEL,58,0.4122665668374515,0.6530334014996592,0.4,0.25326991676575505,1,0.017241379310344834,0.0,0
country_b35_g1.6_c220,2021/22,UECL,181,0.3634653873406597,0.6429075014100395,0.4782608695652174,0.25261744147004056,31,0.24416325075744075,0.09989306718944929,3
country_b35_g1.6_c220,2022/23,UCL,78,0.3643562220146892,0.6363974692966133,0.55,0.2526298487836948,2,0.1217948717948718,0.0,0
country_b35_g1.6_c220,2022/23,UEL,57,0.3688048732524106,0.6374228923920493,0.4,0.2523853493382579,5,0.2122807017543859,0.11403508771929823,0
country_b35_g1.6_c220,2022/23,UECL,177,0.3421437809093208,0.6321489503746013,0.4666666666666667,0.2574292189345335,19,0.2778768956289028,0.13410645257210826,4
country_b35_g1.6_c220,2023/24,UCL,78,0.4119363512911442,0.6613854089904201,0.45,0.23750821827744908,2,0.1794871794871795,0.15384615384615388,0
country_b35_g1.6_c220,2023/24,UEL,57,0.6848764121729787,0.7634854771784232,0.6,0.18128654970760236,3,0.28070175438596495,0.09941520467836258,0
country_b35_g1.6_c220,2023/24,UECL,178,0.32895334845585167,0.6247799295774648,0.4666666666666667,0.2668854942557758,23,0.305446995603322,0.13251099169516367,5
country_b35_g1.6_c220,2024/25,UCL,81,0.47430227272626757,0.676056338028169,0.38095238095238093,0.2322816643804298,6,0.1594650205761317,0.11934156378600824,1
country_b35_g1.6_c220,2024/25,UEL,76,0.48392215428399116,0.6863207547169812,0.5263157894736842,0.23891966759002767,9,0.28143274853801165,0.13304093567251463,1
country_b35_g1.6_c220,2024/25,UECL,164,0.36932247139758345,0.6460654596100278,0.5365853658536586,0.24895895300416418,31,0.26317859952793077,0.13404799370574352,6
country_b35_g1.6_c220,2025/26,UCL,82,0.4434072780110494,0.6724590163934426,0.42857142857142855,0.24048185603807257,1,0.0060975609756097615,0.0,0
country_b35_g1.6_c220,2025/26,UEL,77,0.4535365464611644,0.6762534006995725,0.6,0.23393489627255865,6,0.18614718614718617,0.14935064935064934,0
country_b35_g1.6_c220,2025/26,UECL,164,0.3554639920119545,0.6363558597091531,0.3902439024390244,0.2587745389649018,23,0.2150053022269353,0.10816542948038176,5
country_b35_g1.6_c260,2018/19,UCL,79,0.5457939917550189,0.7147435897435898,0.45,0.21454895048870368,1,0.4936708860759494,0.0,0
country_b35_g1.6_c260,2018/19,UEL,213,0.4178208520179667,0.663539904659388,0.5555555555555556,0.24474861689700014,30,0.22699530516431926,0.1360719874804382,3
country_b35_g1.6_c260,2018/19,UECL,0,,,0.0,,0,0.0,0.0,0
country_b35_g1.6_c260,2019/20,UCL,79,0.42651023700207014,0.6695842450765864,0.4,0.25284409549751646,3,0.39451476793248946,0.0,0
country_b35_g1.6_c260,2019/20,UEL,213,0.38500450027232175,0.64552182449781,0.4444444444444444,0.25462320086402607,25,0.24901408450704224,0.14028169014084507,4
country_b35_g1.6_c260,2019/20,UECL,0,,,0.0,,0,0.0,0.0,0
country_b35_g1.6_c260,2020/21,UCL,79,0.47307426649441436,0.6937452326468345,0.55,0.22672648614004162,1,0.025316455696202528,0.0,0
country_b35_g1.6_c260,2020/21,UEL,213,0.43924398251269103,0.6857093841139132,0.5370370370370371,0.23877537525623227,34,0.23771057718862187,0.12931510632421983,5
country_b35_g1.6_c260,2020/21,UECL,0,,,0.0,,0,0.0,0.0,0
country_b35_g1.6_c260,2021/22,UCL,80,0.44158248688528784,0.6651599443671766,0.4,0.24718749999999998,0,0.0,0.0,0
country_b35_g1.6_c260,2021/22,UEL,58,0.42997164849204644,0.6578050443081118,0.4,0.24910820451843046,1,0.017241379310344834,0.017241379310344834,0
country_b35_g1.6_c260,2021/22,UECL,181,0.3647846790822035,0.6426254935138184,0.45652173913043476,0.2530142547541284,31,0.24451969345927643,0.11156656567456781,4
country_b35_g1.6_c260,2022/23,UCL,78,0.3635770280186544,0.6367696315593598,0.55,0.2519723865877711,2,0.10256410256410257,0.0,0
country_b35_g1.6_c260,2022/23,UEL,57,0.38457441590298735,0.6449623029472241,0.4,0.2471529701446599,5,0.2333333333333333,0.13508771929824562,0
country_b35_g1.6_c260,2022/23,UECL,177,0.34728096288854476,0.6343001261034048,0.4666666666666667,0.25675891346675606,19,0.2817424918227773,0.1488254534641689,4
country_b35_g1.6_c260,2023/24,UCL,78,0.4035700897912374,0.656963890935888,0.45,0.23750821827744906,2,0.19230769230769232,0.19230769230769232,1
country_b35_g1.6_c260,2023/24,UEL,57,0.6915536626070873,0.7683264177040111,0.6,0.17943982763927363,3,0.2748538011695907,0.12280701754385966,1
country_b35_g1.6_c260,2023/24,UECL,178,0.3304597267970505,0.6254401408450704,0.4444444444444444,0.2654967807095064,23,0.3144846116267708,0.14887640449438203,5
country_b35_g1.6_c260,2024/25,UCL,81,0.4594327225434873,0.6710261569416499,0.38095238095238093,0.23700655387898184,6,0.21296296296296302,0.17592592592592596,1
country_b35_g1.6_c260,2024/25,UEL,76,0.4835488855671112,0.6882861635220126,0.5263157894736842,0.23788088642659277,9,0.2741228070175439,0.14912280701754385,2
country_b35_g1.6_c260,2024/25,UECL,164,0.37210199380526504,0.6481545961002786,0.5121951219512195,0.24914485425342053,31,0.2714398111723052,0.15352084972462623,6
country_b35_g1.6_c260,2025/26,UCL,82,0.44311146864886575,0.6727868852459017,0.42857142857142855,0.24107674003569304,1,0.0060975609756097615,0.0,0
country_b35_g1.6_c260,2025/26,UEL,77,0.46076092805706026,0.6785853089778469,0.65,0.23073030865238656,6,0.19913419913419914,0.1926406926406926,1
country_b35_g1.6_c260,2025/26,UECL,164,0.3553744714811474,0.6356715141146279,0.4146341463414634,0.25784503271861986,23,0.2301166489925769,0.13056733828207848,5
country_b35_g1.6_c300,2018/19,UCL,79,0.5371759338015626,0.7101139601139601,0.45,0.21695241147252042,1,0.5063291139240507,0.0,0
country_b35_g1.6_c300,2018/19,UEL,213,0.41999927673254533,0.6645138141370649,0.5555555555555556,0.24395512354250704,30,0.23106416275430364,0.14295774647887324,3
country_b35_g1.6_c300,2018/19,UECL,0,,,0.0,,0,0.0,0.0,0
country_b35_g1.6_c300,2019/20,UCL,79,0.42318303570795673,0.6684901531728665,0.4,0.25316455696202533,3,0.3860759493670886,0.0,0
country_b35_g1.6_c300,2019/20,UEL,213,0.383571847748909,0.6452197553239691,0.4444444444444444,0.2544909519716106,25,0.2531455399061033,0.1507981220657277,4
country_b35_g1.6_c300,2019/20,UECL,0,,,0.0,,0,0.0,0.0,0
country_b35_g1.6_c300,2020/21,UCL,79,0.4721298824684214,0.6926010678871091,0.55,0.22864925492709495,1,0.025316455696202528,0.0,0
country_b35_g1.6_c300,2020/21,UEL,213,0.4308091264893858,0.6823354491908274,0.5370370370370371,0.24126606273005796,34,0.24737641535487434,0.142018779342723,6
country_b35_g1.6_c300,2020/21,UECL,0,,,0.0,,0,0.0,0.0,0
country_b35_g1.6_c300,2021/22,UCL,80,0.44753752323212065,0.6662030598052852,0.4,0.24656250000000002,0,0.0,0.0,0
country_b35_g1.6_c300,2021/22,UEL,58,0.4325900056381485,0.6598500340831629,0.4666666666666667,0.2485136741973841,1,0.03448275862068967,0.03448275862068967,0
country_b35_g1.6_c300,2021/22,UECL,181,0.368857364466161,0.643542019176537,0.4782608695652174,0.25277006196392054,31,0.24683657102120835,0.12261628943147386,4
country_b35_g1.6_c300,2022/23,UCL,78,0.36459892178394593,0.6378861183475996,0.55,0.25065746219592366,2,0.08333333333333333,0.0032051282051282076,0
country_b35_g1.6_c300,2022/23,UEL,57,0.3942059171077909,0.6483893077450309,0.4,0.2453062480763312,5,0.25087719298245614,0.15964912280701754,1
country_b35_g1.6_c300,2022/23,UECL,177,0.3498177345109211,0.6355611601513241,0.4444444444444444,0.25778033132241696,19,0.2894736842105263,0.16324710080285462,4
country_b35_g1.6_c300,2023/24,UCL,78,0.41804525259976527,0.6624907885040531,0.45,0.2345496383957922,2,0.25,0.25,1
country_b35_g1.6_c300,2023/24,UEL,57,0.6938448759913401,0.7717842323651453,0.6,0.17636195752539247,3,0.22807017543859653,0.14619883040935674,1
country_b35_g1.6_c300,2023/24,UECL,178,0.3345540135268512,0.626393779342723,0.4666666666666667,0.26543365736649416,23,0.31961406936980946,0.16377625793844652,5
country_b35_g1.6_c300,2024/25,UCL,81,0.4506337685362457,0.6690140845070423,0.38095238095238093,0.23990245389422343,6,0.26851851851851855,0.23148148148148148,2
country_b35_g1.6_c300,2024/25,UEL,76,0.4797608993291437,0.6839622641509434,0.5789473684210527,0.2384002770083102,9,0.2551169590643274,0.1593567251461988,2
country_b35_g1.6_c300,2024/25,UECL,164,0.3741029733694019,0.649025069637883,0.4878048780487805,0.249739738251041,31,0.2765538945712038,0.16709284028324153,6
country_b35_g1.6_c300,2025/26,UCL,82,0.4381703567101678,0.6698360655737705,0.42857142857142855,0.2427126710291493,1,0.0060975609756097615,0.0,0
country_b35_g1.6_c300,2025/26,UEL,77,0.4603743836543278,0.6750874465604353,0.65,0.23376623376623376,6,0.24458874458874455,0.24458874458874455,2
country_b35_g1.6_c300,2025/26,UECL,164,0.3545674094649482,0.6355859709153122,0.4634146341463415,0.2591835217132659,23,0.2468186638388123,0.15151113467656419,5
country_b35_g1.6_c360,2018/19,UCL,79,0.5272461657470824,0.7072649572649573,0.45,0.21951610318859158,1,0.5189873417721519,0.0,0
country_b35_g1.6_c360,2018/19,UEL,213,0.4188921051318758,0.6645650725306269,0.5370370370370371,0.24439595318389212,30,0.2412363067292645,0.15672926447574337,3
country_b35_g1.6_c360,2018/19,UECL,0,,,0.0,,0,0.0,0.0,0
country_b35_g1.6_c360,2019/20,UCL,79,0.41917807118726463,0.6673960612691466,0.4,0.2550873257490787,3,0.38185654008438813,0.0,0
country_b35_g1.6_c360,2019/20,UEL,213,0.383770774971827,0.6451190655993556,0.4444444444444444,0.2544468690074721,25,0.26009389671361505,0.16694835680751174,5
country_b35_g1.6_c360,2019/20,UECL,0,,,0.0,,0,0.0,0.0,0
country_b35_g1.6_c360,2020/21,UCL,79,0.46922217375681163,0.6933638443935927,0.55,0.2305720237141483,1,0.01265822784810125,0.0,0
country_b35_g1.6_c360,2020/21,UEL,213,0.42764984494146585,0.6809630010865214,0.5370370370370371,0.24298529833145982,34,0.2552471692902514,0.1574841204087269,7
country_b35_g1.6_c360,2020/21,UECL,0,,,0.0,,0,0.0,0.0,0
country_b35_g1.6_c360,2021/22,UCL,80,0.44135799146745097,0.6655076495132128,0.45,0.24781250000000005,0,0.0,0.0,0
country_b35_g1.6_c360,2021/22,UEL,58,0.44412324544836,0.6632583503749148,0.4666666666666667,0.2497027348394768,1,0.08620689655172412,0.08620689655172412,0
country_b35_g1.6_c360,2021/22,UECL,181,0.36727052404975874,0.6428369994359842,0.4782608695652174,0.2531058270504563,31,0.24933166993405811,0.13642844412760646,5
country_b35_g1.6_c360,2022/23,UCL,78,0.3577266862123605,0.6349088202456271,0.55,0.2531229454306378,2,0.07692307692307693,0.016025641025641024,0
country_b35_g1.6_c360,2022/23,UEL,57,0.4032170843366919,0.6497601096641535,0.4,0.24469067405355494,5,0.2824561403508772,0.19824561403508772,1
country_b35_g1.6_c360,2022/23,UECL,177,0.35041791361015967,0.6359320525183592,0.4666666666666667,0.2596954898017811,19,0.2977995837050253,0.18079096045197743,4
country_b35_g1.6_c360,2023/24,UCL,78,0.41185983060669384,0.6595431098010317,0.45,0.2360289283366206,2,0.33974358974358976,0.33974358974358976,1
country_b35_g1.6_c360,2023/24,UEL,57,0.6993765197333222,0.7766251728907331,0.6,0.1714373653431825,3,0.19883040935672514,0.16374269005847952,1
country_b35_g1.6_c360,2023/24,UECL,178,0.34345318349815646,0.6300616197183099,0.4444444444444444,0.2643289988637798,23,0.32938446507083535,0.18136297020029316,5
country_b35_g1.6_c360,2024/25,UCL,81,0.44267605819377925,0.6653252850435949,0.38095238095238093,0.24035970126505107,6,0.3137860082304527,0.2808641975308642,2
country_b35_g1.6_c360,2024/25,UEL,76,0.48566407496276454,0.6882861635220126,0.5789473684210527,0.2349376731301939,9,0.23757309941520466,0.1783625730994152,3
country_b35_g1.6_c360,2024/25,UECL,164,0.37226240405366845,0.6478064066852368,0.4634146341463415,0.25118976799524095,31,0.283044846577498,0.18459874114870176,7
country_b35_g1.6_c360,2025/26,UCL,82,0.440613522923759,0.6714754098360656,0.42857142857142855,0.2415229030339084,1,0.0060975609756097615,0.0,0
country_b35_g1.6_c360,2025/26,UEL,77,0.45085739387670865,0.6700349786241742,0.65,0.23916343396862882,6,0.3203463203463203,0.3203463203463203,4
country_b35_g1.6_c360,2025/26,UECL,164,0.350545871773307,0.6337895637296835,0.43902439024390244,0.26096817370612724,23,0.2632555673382821,0.17510604453870626,5
country_b35_g2.0_c100,2018/19,UCL,79,0.5668549072088421,0.7232905982905983,0.45,0.20878064412754369,1,0.4556962025316456,0.0,0
country_b35_g2.0_c100,2018/19,UEL,213,0.40626203091888746,0.6591829412066226,0.5,0.24413145539906103,30,0.1859937402190923,0.071283255086072,2
country_b35_g2.0_c100,2018/19,UECL,0,,,0.0,,0,0.0,0.0,0
country_b35_g2.0_c100,2019/20,UCL,79,0.43681223804606567,0.6721371261852662,0.4,0.245153020349303,3,0.4662447257383966,0.0,0
country_b35_g2.0_c100,2019/20,UEL,213,0.387877335687207,0.6463776871570256,0.3888888888888889,0.250192862968106,25,0.2272300469483568,0.06497652582159624,1
country_b35_g2.0_c100,2019/20,UECL,0,,,0.0,,0,0.0,0.0,0
country_b35_g2.0_c100,2020/21,UCL,79,0.47613108847328606,0.6937452326468345,0.55,0.22384233295946163,1,0.03797468354430379,0.0,0
country_b35_g2.0_c100,2020/21,UEL,213,0.46713247910056654,0.6972036369874764,0.5,0.22308184002292317,34,0.2092653962993648,0.051643192488262914,1
country_b35_g2.0_c100,2020/21,UECL,0,,,0.0,,0,0.0,0.0,0
country_b35_g2.0_c100,2021/22,UCL,80,0.4580179145806143,0.6714186369958275,0.4,0.23828125,0,0.0,0.0,0
country_b35_g2.0_c100,2021/22,UEL,58,0.34004354889080285,0.6271301976823449,0.4,0.2678359096313912,1,0.1896551724137931,0.0,0
country_b35_g2.0_c100,2021/22,UECL,181,0.31098689362147464,0.6222504230118443,0.4782608695652174,0.2608589481395562,31,0.2557476385671003,0.039743361254678304,0
country_b35_g2.0_c100,2022/23,UCL,78,0.3755331850725651,0.6416077409750651,0.55,0.24950690335305717,2,0.25,0.0,0
country_b35_g2.0_c100,2022/23,UEL,57,0.3480726587946132,0.6278272789581906,0.4,0.26069559864573716,5,0.2368421052631579,0.021052631578947368,0
country_b35_g2.0_c100,2022/23,UECL,177,0.32064266641447414,0.6248794599807136,0.4444444444444444,0.26279166267675313,19,0.26181980374665476,0.04921201308355634,0
country_b35_g2.0_c100,2023/24,UCL,78,0.41191084439632747,0.6613854089904201,0.45,0.23586456278763962,2,0.15384615384615383,0.07051282051282051,0
country_b35_g2.0_c100,2023/24,UEL,57,0.6500499687323339,0.7455048409405256,0.5333333333333333,0.18436441982148355,3,0.39181286549707606,0.04678362573099415,0
country_b35_g2.0_c100,2023/24,UECL,178,0.295262016121739,0.6123826291079812,0.4666666666666667,0.2801413962883474,23,0.3074010747435271,0.07144601856375182,2
country_b35_g2.0_c100,2024/25,UCL,81,0.4711646612198094,0.6720321931589537,0.42857142857142855,0.23121475384849877,6,0.147119341563786,0.06378600823045268,0
country_b35_g2.0_c100,2024/25,UEL,76,0.4820972850014667,0.6882861635220126,0.5263157894736842,0.2349376731301939,9,0.27850877192982454,0.05116959064327485,0
country_b35_g2.0_c100,2024/25,UECL,164,0.3069062906049892,0.6212569637883009,0.4146341463414634,0.26732599643069604,31,0.28265145554681353,0.0693351691581432,3
country_b35_g2.0_c100,2025/26,UCL,82,0.44164337774025036,0.6691803278688525,0.38095238095238093,0.24167162403331346,1,0.01829268292682927,0.0,0
country_b35_g2.0_c100,2025/26,UEL,77,0.4171347270176377,0.6603186941313641,0.55,0.24742789677854612,6,0.17965367965367965,0.03246753246753247,0
country_b35_g2.0_c100,2025/26,UECL,164,0.2908673542204997,0.6098374679213002,0.4146341463414634,0.2791121356335514,23,0.2468186638388123,0.049443266171792156,0
country_b35_g2.0_c140,2018/19,UCL,79,0.5630668845806516,0.7222222222222222,0.45,0.20942156705656145,1,0.4556962025316456,0.0,0
country_b35_g2.0_c140,2018/19,UEL,213,0.41279730506262347,0.6617458608847199,0.5185185185185185,0.24258855165421322,30,0.19053208137715177,0.08161189358372455,2
country_b35_g2.0_c140,2018/19,UECL,0,,,0.0,,0,0.0,0.0,0
country_b35_g2.0_c140,2019/20,UCL,79,0.43773646062776383,0.6728665207877462,0.4,0.2457939432783208,3,0.46202531645569617,0.0,0
country_b35_g2.0_c140,2019/20,UEL,213,0.3934711440944346,0.6482907919246841,0.42592592592592593,0.25105248076880693,25,0.22741784037558688,0.07849765258215963,1
country_b35_g2.0_c140,2019/20,UECL,0,,,0.0,,0,0.0,0.0,0
country_b35_g2.0_c140,2020/21,UCL,79,0.47425474652690536,0.6941266209000763,0.55,0.22480371735298832,1,0.03797468354430379,0.0,0
country_b35_g2.0_c140,2020/21,UEL,213,0.46655519102678367,0.6972036369874764,0.5185185185185185,0.2244484119112169,34,0.2088511460922397,0.06621099143882905,2
country_b35_g2.0_c140,2020/21,UECL,0,,,0.0,,0,0.0,0.0,0
country_b35_g2.0_c140,2021/22,UCL,80,0.4553239695665708,0.6703755215577191,0.4,0.24000000000000005,0,0.0,0.0,0
country_b35_g2.0_c140,2021/22,UEL,58,0.3718378856648994,0.6400817995910021,0.4,0.2621878715814507,1,0.1896551724137931,0.0,0
country_b35_g2.0_c140,2021/22,UECL,181,0.3223869273881476,0.627326565143824,0.4782608695652174,0.25924117090442905,31,0.2511138834432365,0.04990197825699519,1
country_b35_g2.0_c140,2022/23,UCL,78,0.3702704321813138,0.6390026051358392,0.55,0.25115055884286647,2,0.22435897435897437,0.0,0
country_b35_g2.0_c140,2022/23,UEL,57,0.3613608655415794,0.6319396847155586,0.4,0.2533087103724223,5,0.21578947368421053,0.031578947368421054,0
country_b35_g2.0_c140,2022/23,UECL,177,0.32704055366796725,0.626437207922261,0.4666666666666667,0.26094034281336775,19,0.2636039250669045,0.0672019030627416,1
country_b35_g2.0_c140,2023/24,UCL,78,0.4083016187797517,0.6595431098010317,0.45,0.2365220249835634,2,0.1538461538461538,0.08974358974358973,0
country_b35_g2.0_c140,2023/24,UEL,57,0.6762352645523676,0.7593360995850622,0.5333333333333333,0.17820867959372116,3,0.3333333333333333,0.05847953216374269,0
country_b35_g2.0_c140,2023/24,UECL,178,0.3060805514812574,0.6162705399061033,0.4888888888888889,0.2765118040651433,23,0.3113092330239375,0.08561309233023938,3
country_b35_g2.0_c140,2024/25,UCL,81,0.4699369001955431,0.6730382293762576,0.42857142857142855,0.23151958542905043,6,0.1286008230452675,0.06378600823045266,0
country_b35_g2.0_c140,2024/25,UEL,76,0.4836871332400297,0.6878930817610063,0.5263157894736842,0.23666897506925208,9,0.28581871345029236,0.07456140350877191,0
country_b35_g2.0_c140,2024/25,UECL,164,0.3236622473283112,0.6267409470752089,0.43902439024390244,0.2627156454491374,31,0.2755704169944925,0.08271046420141621,4
country_b35_g2.0_c140,2025/26,UCL,82,0.44544507583942594,0.6714754098360656,0.38095238095238093,0.24077929803688278,1,0.01829268292682927,0.0,0
country_b35_g2.0_c140,2025/26,UEL,77,0.44019410000822773,0.6704236300038865,0.55,0.24236802158880083,6,0.15800865800865804,0.05411255411255412,0
country_b35_g2.0_c140,2025/26,UECL,164,0.3102313336535392,0.6179640718562874,0.4146341463414634,0.27494794765020825,23,0.23382820784729585,0.06256627783669141,2
country_b35_g2.0_c180,2018/19,UCL,79,0.556189600779956,0.719017094017094,0.45,0.21038295145008815,1,0.4556962025316456,0.0,0
country_b35_g2.0_c180,2018/19,UEL,213,0.4145245431715793,0.6620534112460915,0.5185185185185185,0.24214772201282814,30,0.19679186228482004,0.092566510172144,3
country_b35_g2.0_c180,2018/19,UECL,0,,,0.0,,0,0.0,0.0,0
country_b35_g2.0_c180,2019/20,UCL,79,0.436639716497482,0.6721371261852662,0.4,0.24707578913635636,3,0.46202531645569617,0.0,0
country_b35_g2.0_c180,2019/20,UEL,213,0.3931975407215883,0.6480894124754569,0.42592592592592593,0.2521325133902003,25,0.2287323943661972,0.08995305164319248,1
country_b35_g2.0_c180,2019/20,UECL,0,,,0.0,,0,0.0,0.0,0
country_b35_g2.0_c180,2020/21,UCL,79,0.4738198328307245,0.6937452326468345,0.55,0.2254446402820061,1,0.03797468354430379,0.0,0
country_b35_g2.0_c180,2020/21,UEL,213,0.46139765422458534,0.6952593355063762,0.5370370370370371,0.2276003438471203,34,0.21437448218724112,0.08126208229770782,3
country_b35_g2.0_c180,2020/21,UECL,0,,,0.0,,0,0.0,0.0,0
country_b35_g2.0_c180,2021/22,UCL,80,0.44435914073748173,0.6658553546592489,0.4,0.2440625,0,0.0,0.0,0
country_b35_g2.0_c180,2021/22,UEL,58,0.3964317402872152,0.645535105657805,0.4,0.2571343638525565,1,0.15517241379310345,0.0,0
country_b35_g2.0_c180,2021/22,UECL,181,0.33634148719983,0.6321206993795826,0.4782608695652174,0.25679924300235035,31,0.24558902156478352,0.059347709855640696,2
country_b35_g2.0_c180,2022/23,UCL,78,0.3659018363346926,0.6371417938221065,0.55,0.25197238658777116,2,0.1794871794871795,0.0,0
country_b35_g2.0_c180,2022/23,UEL,57,0.38000353397528397,0.6394790952707334,0.4,0.2483841181902124,5,0.21228070175438596,0.05964912280701755,0
country_b35_g2.0_c180,2022/23,UECL,177,0.3336556903943109,0.6289592760180995,0.4666666666666667,0.2589294264100354,19,0.2713351174546535,0.088016651798989,2
country_b35_g2.0_c180,2023/24,UCL,78,0.40448833800464173,0.656963890935888,0.45,0.23750821827744908,2,0.17307692307692304,0.12179487179487178,0
country_b35_g2.0_c180,2023/24,UEL,57,0.6836980738610773,0.76417704011065,0.5333333333333333,0.1775931055709449,3,0.31578947368421056,0.07602339181286549,0
country_b35_g2.0_c180,2023/24,UECL,178,0.31418501791822945,0.6200117370892019,0.5111111111111111,0.27370281530109836,23,0.3137518319491939,0.0980703468490474,3
country_b35_g2.0_c180,2024/25,UCL,81,0.46758369156569946,0.6740442655935613,0.38095238095238093,0.2324340801707057,6,0.1368312757201646,0.07613168724279834,0
country_b35_g2.0_c180,2024/25,UEL,76,0.4959635265951944,0.6922169811320755,0.5263157894736842,0.23389889196675898,9,0.2653508771929824,0.08187134502923976,0
country_b35_g2.0_c180,2024/25,UECL,164,0.33966731814746864,0.6337047353760445,0.4878048780487805,0.25773349196906603,31,0.26829268292682923,0.09549567269866248,4
country_b35_g2.0_c180,2025/26,UCL,82,0.4451054428680299,0.6721311475409836,0.38095238095238093,0.24107674003569304,1,0.01829268292682927,0.0,0
country_b35_g2.0_c180,2025/26,UEL,77,0.4446860125503253,0.672755538282161,0.55,0.23899477146230394,6,0.15151515151515155,0.08441558441558443,0
country_b35_g2.0_c180,2025/26,UECL,164,0.32661909974697717,0.6248075278015398,0.4146341463414634,0.2691478286734087,23,0.22136797454931065,0.07317073170731708,2
country_b35_g2.0_c220,2018/19,UCL,79,0.5548411137602118,0.7186609686609686,0.45,0.21182502804037814,1,0.4683544303797469,0.0,0
country_b35_g2.0_c220,2018/19,UEL,213,0.4171900729785413,0.66359116305295,0.5370370370370371,0.24247834424386697,30,0.20618153364632236,0.10359937402190925,3
country_b35_g2.0_c220,2018/19,UECL,0,,,0.0,,0,0.0,0.0,0
country_b35_g2.0_c220,2019/20,UCL,79,0.43368220423604786,0.6721371261852662,0.4,0.24867809645890085,3,0.4578059071729958,0.0,0
country_b35_g2.0_c220,2019/20,UEL,213,0.3934303546007763,0.6485425162362181,0.4444444444444444,0.2525953845136547,25,0.23417840375586857,0.10206572769953053,2
country_b35_g2.0_c220,2019/20,UECL,0,,,0.0,,0,0.0,0.0,0
country_b35_g2.0_c220,2020/21,UCL,79,0.47384468504193483,0.6933638443935927,0.55,0.22608556321102385,1,0.03797468354430379,0.0,0
country_b35_g2.0_c220,2020/21,UEL,213,0.454640481195592,0.6918854005832904,0.5370370370370371,0.23095064912164695,34,0.2200359016846175,0.09348246340789837,3
country_b35_g2.0_c220,2020/21,UECL,0,,,0.0,,0,0.0,0.0,0
country_b35_g2.0_c220,2021/22,UCL,80,0.43964473696290574,0.6641168289290682,0.4,0.24562499999999998,0,0.0,0.0,0
country_b35_g2.0_c220,2021/22,UEL,58,0.40297763315247037,0.6496250852079073,0.4,0.2550535077288942,1,0.12068965517241378,0.0,0
country_b35_g2.0_c220,2021/22,UECL,181,0.34794141365461567,0.6367033276931754,0.4782608695652174,0.2546930801868075,31,0.24968811263589377,0.07164498306897164,2
country_b35_g2.0_c220,2022/23,UCL,78,0.36024309960939077,0.6345366579828805,0.55,0.25361604207758043,2,0.16025641025641024,0.0,0
country_b35_g2.0_c220,2022/23,UEL,57,0.3835622920475673,0.6435915010281015,0.4,0.24776854416743616,5,0.21578947368421053,0.0807017543859649,0
country_b35_g2.0_c220,2022/23,UECL,177,0.33659514159515264,0.6302203100660189,0.4666666666666667,0.258578314022152,19,0.2781742491822778,0.10496580434136189,2
country_b35_g2.0_c220,2023/24,UCL,78,0.4049729690061608,0.6577008106116433,0.45,0.23882314266929652,2,0.19230769230769232,0.15384615384615388,0
country_b35_g2.0_c220,2023/24,UEL,57,0.6809158861801986,0.7621023513139695,0.5333333333333333,0.17943982763927363,3,0.2923976608187135,0.0935672514619883,0
country_b35_g2.0_c220,2023/24,UECL,178,0.3177649578557956,0.6208920187793427,0.5111111111111111,0.27294533518495134,23,0.3161944308744504,0.1110161211529067,3
country_b35_g2.0_c220,2024/25,UCL,81,0.47208548198800904,0.6750503018108652,0.38095238095238093,0.23289132754153333,6,0.15534979423868314,0.10493827160493825,1
country_b35_g2.0_c220,2024/25,UEL,76,0.49657181635603587,0.6922169811320755,0.5263157894736842,0.23286011080332403,9,0.26827485380116955,0.0935672514619883,1
country_b35_g2.0_c220,2024/25,UECL,164,0.3553958195728268,0.6399721448467967,0.5365853658536586,0.2528628792385485,31,0.26180173092053505,0.10493705743509049,4
country_b35_g2.0_c220,2025/26,UCL,82,0.44431661790220667,0.6714754098360656,0.42857142857142855,0.24107674003569304,1,0.01829268292682927,0.0,0
country_b35_g2.0_c220,2025/26,UEL,77,0.45244355883964515,0.6762534006995725,0.55,0.23427222128520833,6,0.15584415584415587,0.11904761904761905,0
country_b35_g2.0_c220,2025/26,UECL,164,0.33930347034287295,0.6289136013686912,0.4146341463414634,0.2646490184414039,23,0.21739130434782614,0.0854984093319194,3
country_b35_g2.0_c260,2018/19,UCL,79,0.5499007476787853,0.7161680911680912,0.45,0.21310687389841373,1,0.4810126582278481,0.0,0
country_b35_g2.0_c260,2018/19,UEL,213,0.4177641386178185,0.6638474550207597,0.5555555555555556,0.2428530494390443,30,0.21666666666666667,0.11549295774647887,3
country_b35_g2.0_c260,2018/19,UECL,0,,,0.0,,0,0.0,0.0,0
country_b35_g2.0_c260,2019/20,UCL,79,0.43272101275108177,0.6717724288840262,0.4,0.24995994231693638,3,0.4535864978902953,0.0,0
country_b35_g2.0_c260,2019/20,UEL,213,0.39187596112706047,0.6483411367869909,0.4444444444444444,0.2532125460115938,25,0.23568075117370896,0.11107981220657277,2
country_b35_g2.0_c260,2019/20,UECL,0,,,0.0,,0,0.0,0.0,0
country_b35_g2.0_c260,2020/21,UCL,79,0.4775352384066702,0.6956521739130435,0.55,0.22576510174651498,1,0.03797468354430379,0.0,0
country_b35_g2.0_c260,2020/21,UEL,213,0.4475085546795955,0.688683021673243,0.5370370370370371,0.23434503736031212,34,0.22845898922949462,0.10618613642640154,4
country_b35_g2.0_c260,2020/21,UECL,0,,,0.0,,0,0.0,0.0,0
country_b35_g2.0_c260,2021/22,UCL,80,0.43679718982086857,0.6634214186369958,0.4,0.246875,0,0.0,0.0,0
country_b35_g2.0_c260,2021/22,UEL,58,0.4161941025566046,0.6530334014996592,0.4,0.25267538644470866,1,0.06896551724137931,0.0,0
country_b35_g2.0_c260,2021/22,UECL,181,0.353917692483831,0.6389593908629442,0.5,0.2541436464088398,31,0.2536089823560863,0.08510069506326856,3
country_b35_g2.0_c260,2022/23,UCL,78,0.3605368940669121,0.6356531447711202,0.55,0.25295857988165676,2,0.15384615384615383,0.0,0
country_b35_g2.0_c260,2022/23,UEL,57,0.380297376384922,0.6415352981494175,0.4,0.24930747922437674,5,0.21929824561403505,0.10350877192982455,0
country_b35_g2.0_c260,2022/23,UECL,177,0.3345641881898678,0.6297752392255768,0.4666666666666667,0.25915286156596123,19,0.28174249182277733,0.1207255426702349,4
country_b35_g2.0_c260,2023/24,UCL,78,0.4038634190816304,0.658069270449521,0.45,0.23882314266929652,2,0.1987179487179487,0.1730769230769231,0
country_b35_g2.0_c260,2023/24,UEL,57,0.6904080559149608,0.7648686030428768,0.6,0.17759310557094493,3,0.28070175438596495,0.09941520467836258,0
country_b35_g2.0_c260,2023/24,UECL,178,0.3208251595253175,0.6216255868544601,0.4666666666666667,0.2711778815806085,23,0.3191255495847582,0.12212994626282365,4
country_b35_g2.0_c260,2024/25,UCL,81,0.4740749095736256,0.6777330650570087,0.38095238095238093,0.2338058222831885,6,0.18827160493827164,0.1460905349794239,1
country_b35_g2.0_c260,2024/25,UEL,76,0.4991570478396122,0.6937893081761006,0.5263157894736842,0.23459141274238227,9,0.27558479532163743,0.11403508771929825,1
country_b35_g2.0_c260,2024/25,UECL,164,0.3639155397488099,0.6438892757660167,0.5365853658536586,0.25063206424747175,31,0.2635719905586153,0.11801730920535011,5
country_b35_g2.0_c260,2025/26,UCL,82,0.4445466918505718,0.6721311475409836,0.42857142857142855,0.24107674003569302,1,0.01829268292682927,0.0,0
country_b35_g2.0_c260,2025/26,UEL,77,0.4612674345158131,0.6778080062184221,0.65,0.23089897115871147,6,0.1645021645021645,0.14935064935064934,0
country_b35_g2.0_c260,2025/26,UECL,164,0.3474911558143822,0.6325064157399487,0.3902439024390244,0.2607822724568709,23,0.21447507953340403,0.09742841993637327,4
country_b35_g2.0_c300,2018/19,UCL,79,0.5448990867328249,0.7140313390313391,0.45,0.21406825829194037,1,0.4810126582278481,0.0,0
country_b35_g2.0_c300,2018/19,UEL,213,0.4186387852778808,0.6643600389563791,0.5555555555555556,0.24336000352663711,30,0.22057902973395932,0.12206572769953052,3
country_b35_g2.0_c300,2018/19,UECL,0,,,0.0,,0,0.0,0.0,0
country_b35_g2.0_c300,2019/20,UCL,79,0.4280998998425909,0.6692195477753464,0.4,0.2518827111039898,3,0.44936708860759494,0.0,0
country_b35_g2.0_c300,2019/20,UEL,213,0.3909032885859788,0.6479887227508433,0.4444444444444444,0.25367541713504815,25,0.2371830985915493,0.1184037558685446,2
country_b35_g2.0_c300,2019/20,UECL,0,,,0.0,,0,0.0,0.0,0
country_b35_g2.0_c300,2020/21,UCL,79,0.47637961058538947,0.6952707856598017,0.55,0.2270469476045505,1,0.03797468354430379,0.0,0
country_b35_g2.0_c300,2020/21,UEL,213,0.4453342104374481,0.687596500257334,0.5370370370370371,0.23553527739205182,34,0.23384424192212097,0.11626622479977906,4
country_b35_g2.0_c300,2020/21,UECL,0,,,0.0,,0,0.0,0.0,0
country_b35_g2.0_c300,2021/22,UCL,80,0.4364427233716523,0.6630737134909597,0.45,0.246875,0,0.0,0.0,0
country_b35_g2.0_c300,2021/22,UEL,58,0.4280390515508759,0.6571233810497614,0.4666666666666667,0.25029726516052314,1,0.03448275862068964,0.0,0
country_b35_g2.0_c300,2021/22,UECL,181,0.3628472576435728,0.6422024816694868,0.4782608695652174,0.25170171850676104,31,0.2527178756014971,0.09436820531099627,4
country_b35_g2.0_c300,2022/23,UCL,78,0.36439454303088753,0.6371417938221065,0.55,0.25197238658777116,2,0.13461538461538464,0.0,0
country_b35_g2.0_c300,2022/23,UEL,57,0.39698109542103943,0.6483893077450309,0.4,0.24499846106494308,5,0.22280701754385962,0.12456140350877191,0
country_b35_g2.0_c300,2022/23,UECL,177,0.34309945914595136,0.6329649135820785,0.4666666666666667,0.25793992786236397,19,0.2856080880166518,0.13321439191198334,4
country_b35_g2.0_c300,2023/24,UCL,78,0.40198866231259645,0.6554900515843773,0.45,0.23882314266929655,2,0.22435897435897437,0.22435897435897437,1
country_b35_g2.0_c300,2023/24,UEL,57,0.6959724312767179,0.7690179806362379,0.6,0.17697753154816867,3,0.23976608187134507,0.12280701754385966,1
country_b35_g2.0_c300,2023/24,UECL,178,0.3241840489546905,0.622505868544601,0.4666666666666667,0.26830576947355134,23,0.3240107474352711,0.13336590131900342,5
country_b35_g2.0_c300,2024/25,UCL,81,0.4622974982667753,0.6720321931589537,0.38095238095238093,0.23761621704008537,6,0.23148148148148148,0.19444444444444442,2
country_b35_g2.0_c300,2024/25,UEL,76,0.5042030879011382,0.6965408805031447,0.5789473684210527,0.23268698060941825,9,0.25950292397660824,0.1242690058479532,1
country_b35_g2.0_c300,2024/25,UECL,164,0.3706430902529745,0.6465877437325905,0.5365853658536586,0.25040898274836415,31,0.2700629425649095,0.13316286388670337,5
country_b35_g2.0_c300,2025/26,UCL,82,0.439506976791146,0.6688524590163935,0.47619047619047616,0.24271267102914937,1,0.0060975609756097615,0.0,0
country_b35_g2.0_c300,2025/26,UEL,77,0.4668923220314368,0.6785853089778469,0.65,0.23005565862708727,6,0.19047619047619047,0.19047619047619047,1
country_b35_g2.0_c300,2025/26,UECL,164,0.35922247706691646,0.6372112917023096,0.4146341463414634,0.25829119571683523,23,0.218186638388123,0.1090933191940615,5
country_b35_g2.0_c360,2018/19,UCL,79,0.534957059705438,0.7094017094017094,0.45,0.21759333440153822,1,0.4810126582278481,0.0,0
country_b35_g2.0_c360,2018/19,UEL,213,0.42167862352582053,0.6657952739761136,0.5555555555555556,0.24305142277766761,30,0.22856025039123626,0.13286384976525822,3
country_b35_g2.0_c360,2018/19,UECL,0,,,0.0,,0,0.0,0.0,0
country_b35_g2.0_c360,2019/20,UCL,79,0.4209402555763691,0.6673960612691466,0.4,0.2544464028200609,3,0.4451476793248945,0.0,0
country_b35_g2.0_c360,2019/20,UEL,213,0.38740919780614447,0.6464783768816392,0.4444444444444444,0.25466728382816467,25,0.24525821596244132,0.1332394366197183,2
country_b35_g2.0_c360,2019/20,UECL,0,,,0.0,,0,0.0,0.0,0
country_b35_g2.0_c360,2020/21,UCL,79,0.4706760281126165,0.6933638443935927,0.55,0.22929017785611275,1,0.025316455696202528,0.0,0
country_b35_g2.0_c360,2020/21,UEL,213,0.4371270445706181,0.6843941213472866,0.5370370370370371,0.2383565870969164,34,0.24351008008837335,0.13069594034797016,6
country_b35_g2.0_c360,2020/21,UECL,0,,,0.0,,0,0.0,0.0,0
country_b35_g2.0_c360,2021/22,UCL,80,0.43979833909089944,0.6651599443671766,0.45,0.24718749999999998,0,0.0,0.0,0
country_b35_g2.0_c360,2021/22,UEL,58,0.44060093166848463,0.6605316973415133,0.4666666666666667,0.2479191438763377,1,0.017241379310344834,0.017241379310344834,0
country_b35_g2.0_c360,2021/22,UECL,181,0.3649722706818169,0.643542019176537,0.4782608695652174,0.25185433900064097,31,0.25271787560149706,0.10461593298877203,4
country_b35_g2.0_c360,2022/23,UCL,78,0.3643689956867553,0.6378861183475996,0.55,0.25164365548980927,2,0.12179487179487179,0.0,0
country_b35_g2.0_c360,2022/23,UEL,57,0.41758271325233115,0.6572995202193284,0.4,0.24038165589412128,5,0.24385964912280703,0.14912280701754385,0
country_b35_g2.0_c360,2022/23,UECL,177,0.34604878532283173,0.6337808767895556,0.4666666666666667,0.25755689616649113,19,0.29244721974427595,0.1488254534641689,4
country_b35_g2.0_c360,2023/24,UCL,78,0.40154229165330263,0.6562269712601326,0.45,0.23800131492439178,2,0.27564102564102566,0.27564102564102566,1
country_b35_g2.0_c360,2023/24,UEL,57,0.7033043141063273,0.7759336099585062,0.6,0.17389966143428748,3,0.19883040935672514,0.14035087719298245,1
country_b35_g2.0_c360,2023/24,UECL,178,0.32796886497302097,0.6239730046948356,0.4444444444444444,0.2673273576568615,23,0.325476306790425,0.14692232535417685,5
country_b35_g2.0_c360,2024/25,UCL,81,0.44901949015248827,0.6690140845070423,0.38095238095238093,0.24035970126505107,6,0.2911522633744856,0.25411522633744854,2
country_b35_g2.0_c360,2024/25,UEL,76,0.4956870312493573,0.6918238993710691,0.5789473684210527,0.2333795013850416,9,0.2521929824561403,0.1476608187134503,2
country_b35_g2.0_c360,2024/25,UECL,164,0.3714990725267828,0.6462395543175488,0.5121951219512195,0.2507064247471743,31,0.27930763178599527,0.15184893784421713,6
country_b35_g2.0_c360,2025/26,UCL,82,0.43989043337175443,0.6698360655737705,0.42857142857142855,0.2424152290303391,1,0.0060975609756097615,0.0,0
country_b35_g2.0_c360,2025/26,UEL,77,0.4682119046476613,0.6785853089778469,0.65,0.23410355877888342,6,0.2727272727272727,0.2727272727272727,2
country_b35_g2.0_c360,2025/26,UECL,164,0.35971001965008115,0.637382378100941,0.43902439024390244,0.2575475907198096,23,0.2330328738069989,0.13202545068928953,5
