match_id,source_event_id,sportsdb_league_id,league_name,country_code,provider_season,ao_season,kickoff_utc,home_source_team_id,away_source_team_id,home_team_name,away_team_name,home_goals,away_goals,actual_home_score,status,round,source_provider,source_url,home_ao_club_id,away_ao_club_id
TSD-4651-2434032,2434032,AO-DOMESTIC:LIT,Lithuanian A Lyga,LIT,2026,2025/26,2026-02-21 12:15:00+00:00,AO:AO-UEFA-2602334,137990,Žalgiris Vilnius,Džiugas Telšiai,2,3,0.0,FT,1,THESPORTSDB_PREMIUM_LIVE,https://www.thesportsdb.com/api/v2/json/schedule/league/4651/2026,AO-UEFA-2602334,
TSD-4651-2434033,2434033,AO-DOMESTIC:LIT,Lithuanian A Lyga,LIT,2026,2025/26,2026-02-22 11:00:00+00:00,AO:AO-UEFA-2608927,AO:AO-UEFA-79557,Panevėžys,Sūduva,0,0,0.5,FT,1,THESPORTSDB_PREMIUM_LIVE,https://www.thesportsdb.com/api/v2/json/schedule/league/4651/2026,AO-UEFA-2608927,AO-UEFA-79557
TSD-4651-2434034,2434034,AO-DOMESTIC:LIT,Lithuanian A Lyga,LIT,2026,2025/26,2026-02-22 12:15:00+00:00,141007,AO:AO-UEFA-64348,Hegelmann,Banga Gargždai,0,2,0.0,FT,1,THESPORTSDB_PREMIUM_LIVE,https://www.thesportsdb.com/api/v2/json/schedule/league/4651/2026,,AO-UEFA-64348
TSD-4651-2434035,2434035,AO-DOMESTIC:LIT,Lithuanian A Lyga,LIT,2026,2025/26,2026-02-22 15:00:00+00:00,AO:AO-UEFA-2613214,AO:AO-UEFA-77906,TransINVEST Vilnius,Šiauliai,2,2,0.5,FT,1,THESPORTSDB_PREMIUM_LIVE,https://www.thesportsdb.com/api/v2/json/schedule/league/4651/2026,AO-UEFA-2613214,AO-UEFA-77906
TSD-4651-2434036,2434036,AO-DOMESTIC:LIT,Lithuanian A Lyga,LIT,2026,2025/26,2026-02-23 18:00:00+00:00,AO:AO-UEFA-2606168,AO:AO-UEFA-2605907,Riteriai,Kauno Žalgiris,1,2,0.0,FT,1,THESPORTSDB_PREMIUM_LIVE,https://www.thesportsdb.com/api/v2/json/schedule/league/4651/2026,AO-UEFA-2606168,AO-UEFA-2605907
TSD-4651-2434037,2434037,AO-DOMESTIC:LIT,Lithuanian A Lyga,LIT,2026,2025/26,2026-02-27 18:00:00+00:00,AO:AO-UEFA-2602334,AO:AO-UEFA-2608927,Žalgiris Vilnius,Panevėžys,4,1,1.0,FT,2,THESPORTSDB_PREMIUM_LIVE,https://www.thesportsdb.com/api/v2/json/schedule/league/4651/2026,AO-UEFA-2602334,AO-UEFA-2608927
TSD-4651-2434038,2434038,AO-DOMESTIC:LIT,Lithuanian A Lyga,LIT,2026,2025/26,2026-02-28 12:15:00+00:00,AO:AO-UEFA-2605907,AO:AO-UEFA-64348,Kauno Žalgiris,Banga Gargždai,1,0,1.0,FT,2,THESPORTSDB_PREMIUM_LIVE,https://www.thesportsdb.com/api/v2/json/schedule/league/4651/2026,AO-UEFA-2605907,AO-UEFA-64348
TSD-4638-2419970,2419970,AO-DOMESTIC:GEO,Georgian Erovnuli Liga,GEO,2026,2025/26,2026-02-28 17:00:00+00:00,AO:AO-UEFA-64471,AO:AO-UEFA-2611621,Torpedo Kutaisi,Spaeri,1,2,0.0,FT,1,THESPORTSDB_PREMIUM_LIVE,https://www.thesportsdb.com/api/v2/json/schedule/league/4638/2026,AO-UEFA-64471,AO-UEFA-2611621
TSD-4651-2434039,2434039,AO-DOMESTIC:LIT,Lithuanian A Lyga,LIT,2026,2025/26,2026-02-28 17:00:00+00:00,141007,137990,Hegelmann,Džiugas Telšiai,1,1,0.5,FT,2,THESPORTSDB_PREMIUM_LIVE,https://www.thesportsdb.com/api/v2/json/schedule/league/4651/2026,,
TSD-4651-2434040,2434040,AO-DOMESTIC:LIT,Lithuanian A Lyga,LIT,2026,2025/26,2026-03-01 12:15:00+00:00,AO:AO-UEFA-79557,AO:AO-UEFA-77906,Sūduva,Šiauliai,0,0,0.5,FT,2,THESPORTSDB_PREMIUM_LIVE,https://www.thesportsdb.com/api/v2/json/schedule/league/4651/2026,AO-UEFA-79557,AO-UEFA-77906
TSD-4651-2434041,2434041,AO-DOMESTIC:LIT,Lithuanian A Lyga,LIT,2026,2025/26,2026-03-01 15:00:00+00:00,AO:AO-UEFA-2613214,AO:AO-UEFA-2606168,TransINVEST Vilnius,Riteriai,3,0,1.0,FT,2,THESPORTSDB_PREMIUM_LIVE,https://www.thesportsdb.com/api/v2/json/schedule/league/4651/2026,AO-UEFA-2613214,AO-UEFA-2606168
TSD-4638-2419973,2419973,AO-DOMESTIC:GEO,Georgian Erovnuli Liga,GEO,2026,2025/26,2026-03-02 16:00:00+00:00,AO:AO-UEFA-2600544,140523,Gagra,Samgurali Tskhaltubo,0,1,0.0,FT,1,THESPORTSDB_PREMIUM_LIVE,https://www.thesportsdb.com/api/v2/json/schedule/league/4638/2026,AO-UEFA-2600544,
TSD-4638-2419975,2419975,AO-DOMESTIC:GEO,Georgian Erovnuli Liga,GEO,2026,2025/26,2026-03-06 16:00:00+00:00,AO:AO-UEFA-2605905,AO:AO-UEFA-64467,Iberia 1999,Dila Gori,1,0,1.0,FT,2,THESPORTSDB_PREMIUM_LIVE,https://www.thesportsdb.com/api/v2/json/schedule/league/4638/2026,AO-UEFA-2605905,AO-UEFA-64467
TSD-4649-2439938,2439938,AO-DOMESTIC:KAZ,Kazakhstan Premier League,KAZ,2026,2025/26,2026-03-07 09:00:00+00:00,138040,148411,Okzhetpes Kokshetau,Elimai Semey,1,1,0.5,FT,1,THESPORTSDB_PREMIUM_LIVE,https://www.thesportsdb.com/api/v2/json/schedule/league/4649/2026,,
TSD-4649-2439939,2439939,AO-DOMESTIC:KAZ,Kazakhstan Premier League,KAZ,2026,2025/26,2026-03-07 11:00:00+00:00,144012,AO:AO-UEFA-79970,Altai Öskemen,Kairat Almaty,0,1,0.0,FT,1,THESPORTSDB_PREMIUM_LIVE,https://www.thesportsdb.com/api/v2/json/schedule/league/4649/2026,,AO-UEFA-79970
TSD-4651-2434042,2434042,AO-DOMESTIC:LIT,Lithuanian A Lyga,LIT,2026,2025/26,2026-03-07 11:00:00+00:00,137990,AO:AO-UEFA-2605907,Džiugas Telšiai,Kauno Žalgiris,1,2,0.0,FT,3,THESPORTSDB_PREMIUM_LIVE,https://www.thesportsdb.com/api/v2/json/schedule/league/4651/2026,,AO-UEFA-2605907
TSD-4649-2439940,2439940,AO-DOMESTIC:KAZ,Kazakhstan Premier League,KAZ,2026,2025/26,2026-03-07 12:00:00+00:00,AO:AO-UEFA-79973,AO:AO-UEFA-79969,Aktobe,Tobol,4,1,1.0,FT,1,THESPORTSDB_PREMIUM_LIVE,https://www.thesportsdb.com/api/v2/json/schedule/league/4649/2026,AO-UEFA-79973,AO-UEFA-79969
TSD-4651-2434043,2434043,AO-DOMESTIC:LIT,Lithuanian A Lyga,LIT,2026,2025/26,2026-03-07 12:00:00+00:00,AO:AO-UEFA-2608927,141007,Panevėžys,Hegelmann,1,1,0.5,FT,3,THESPORTSDB_PREMIUM_LIVE,https://www.thesportsdb.com/api/v2/json/schedule/league/4651/2026,AO-UEFA-2608927,
TSD-4651-2434044,2434044,AO-DOMESTIC:LIT,Lithuanian A Lyga,LIT,2026,2025/26,2026-03-07 12:15:00+00:00,AO:AO-UEFA-79557,AO:AO-UEFA-2613214,Sūduva,TransINVEST Vilnius,2,0,1.0,FT,3,THESPORTSDB_PREMIUM_LIVE,https://www.thesportsdb.com/api/v2/json/schedule/league/4651/2026,AO-UEFA-79557,AO-UEFA-2613214
TSD-4638-2419978,2419978,AO-DOMESTIC:GEO,Georgian Erovnuli Liga,GEO,2026,2025/26,2026-03-07 14:00:00+00:00,AO:AO-UEFA-2611621,AO:AO-UEFA-52705,Spaeri,Dinamo Tbilisi,1,2,0.0,FT,2,THESPORTSDB_PREMIUM_LIVE,https://www.thesportsdb.com/api/v2/json/schedule/league/4638/2026,AO-UEFA-2611621,AO-UEFA-52705
TSD-4649-2439941,2439941,AO-DOMESTIC:KAZ,Kazakhstan Premier League,KAZ,2026,2025/26,2026-03-07 14:30:00+00:00,AO:AO-UEFA-82825,AO:AO-UEFA-79964,Ordabasy Shymkent,Irtysh Pavlodar,2,2,0.5,FT,1,THESPORTSDB_PREMIUM_LIVE,https://www.thesportsdb.com/api/v2/json/schedule/league/4649/2026,AO-UEFA-82825,AO-UEFA-79964
TSD-4638-2419977,2419977,AO-DOMESTIC:GEO,Georgian Erovnuli Liga,GEO,2026,2025/26,2026-03-07 15:00:00+00:00,134056,AO:AO-UEFA-64471,Rustavi,Torpedo Kutaisi,1,0,1.0,FT,2,THESPORTSDB_PREMIUM_LIVE,https://www.thesportsdb.com/api/v2/json/schedule/league/4638/2026,,AO-UEFA-64471
TSD-4638-2419974,2419974,AO-DOMESTIC:GEO,Georgian Erovnuli Liga,GEO,2026,2025/26,2026-03-07 16:00:00+00:00,AO:AO-UEFA-59885,AO:AO-UEFA-2600544,Dinamo Batumi,Gagra,1,1,0.5,FT,2,THESPORTSDB_PREMIUM_LIVE,https://www.thesportsdb.com/api/v2/json/schedule/league/4638/2026,AO-UEFA-59885,AO-UEFA-2600544
TSD-4651-2434045,2434045,AO-DOMESTIC:LIT,Lithuanian A Lyga,LIT,2026,2025/26,2026-03-07 17:00:00+00:00,AO:AO-UEFA-77906,AO:AO-UEFA-2602334,Šiauliai,Žalgiris Vilnius,0,2,0.0,FT,3,THESPORTSDB_PREMIUM_LIVE,https://www.thesportsdb.com/api/v2/json/schedule/league/4651/2026,AO-UEFA-77906,AO-UEFA-2602334
TSD-4649-2439942,2439942,AO-DOMESTIC:KAZ,Kazakhstan Premier League,KAZ,2026,2025/26,2026-03-08 09:00:00+00:00,138039,138037,Kyzylzhar Petropavl,Caspiy Aktau,2,1,1.0,FT,1,THESPORTSDB_PREMIUM_LIVE,https://www.thesportsdb.com/api/v2/json/schedule/league/4649/2026,,
TSD-4649-2439943,2439943,AO-DOMESTIC:KAZ,Kazakhstan Premier League,KAZ,2026,2025/26,2026-03-08 10:00:00+00:00,140521,150755,Atyrau,Ulytau,0,0,0.5,FT,1,THESPORTSDB_PREMIUM_LIVE,https://www.thesportsdb.com/api/v2/json/schedule/league/4649/2026,,
TSD-4638-2419976,2419976,AO-DOMESTIC:GEO,Georgian Erovnuli Liga,GEO,2026,2025/26,2026-03-08 11:00:00+00:00,150495,140523,Meshakhte Tkibuli,Samgurali Tskhaltubo,0,0,0.5,FT,2,THESPORTSDB_PREMIUM_LIVE,https://www.thesportsdb.com/api/v2/json/schedule/league/4638/2026,,
TSD-4649-2439944,2439944,AO-DOMESTIC:KAZ,Kazakhstan Premier League,KAZ,2026,2025/26,2026-03-08 11:00:00+00:00,AO:AO-UEFA-79971,148412,Kaisar Kyzylorda,Jeńis,1,1,0.5,FT,1,THESPORTSDB_PREMIUM_LIVE,https://www.thesportsdb.com/api/v2/json/schedule/league/4649/2026,AO-UEFA-79971,
TSD-4651-2434046,2434046,AO-DOMESTIC:LIT,Lithuanian A Lyga,LIT,2026,2025/26,2026-03-08 12:15:00+00:00,AO:AO-UEFA-64348,AO:AO-UEFA-2606168,Banga Gargždai,Riteriai,5,0,1.0,FT,3,THESPORTSDB_PREMIUM_LIVE,https://www.thesportsdb.com/api/v2/json/schedule/league/4651/2026,AO-UEFA-64348,AO-UEFA-2606168
TSD-4649-2439945,2439945,AO-DOMESTIC:KAZ,Kazakhstan Premier League,KAZ,2026,2025/26,2026-03-08 13:00:00+00:00,AO:AO-UEFA-2600605,134052,Astana,Jetysu Taldykorgan,4,1,1.0,FT,1,THESPORTSDB_PREMIUM_LIVE,https://www.thesportsdb.com/api/v2/json/schedule/league/4649/2026,AO-UEFA-2600605,
TSD-4651-2434047,2434047,AO-DOMESTIC:LIT,Lithuanian A Lyga,LIT,2026,2025/26,2026-03-10 16:45:00+00:00,AO:AO-UEFA-2605907,AO:AO-UEFA-2608927,Kauno Žalgiris,Panevėžys,4,0,1.0,FT,4,THESPORTSDB_PREMIUM_LIVE,https://www.thesportsdb.com/api/v2/json/schedule/league/4651/2026,AO-UEFA-2605907,AO-UEFA-2608927
TSD-4651-2434048,2434048,AO-DOMESTIC:LIT,Lithuanian A Lyga,LIT,2026,2025/26,2026-03-10 18:00:00+00:00,AO:AO-UEFA-2602334,AO:AO-UEFA-79557,Žalgiris Vilnius,Sūduva,1,0,1.0,FT,4,THESPORTSDB_PREMIUM_LIVE,https://www.thesportsdb.com/api/v2/json/schedule/league/4651/2026,AO-UEFA-2602334,AO-UEFA-79557
TSD-4651-2434049,2434049,AO-DOMESTIC:LIT,Lithuanian A Lyga,LIT,2026,2025/26,2026-03-11 12:00:00+00:00,141007,AO:AO-UEFA-77906,Hegelmann,Šiauliai,1,1,0.5,FT,4,THESPORTSDB_PREMIUM_LIVE,https://www.thesportsdb.com/api/v2/json/schedule/league/4651/2026,,AO-UEFA-77906
TSD-4651-2434050,2434050,AO-DOMESTIC:LIT,Lithuanian A Lyga,LIT,2026,2025/26,2026-03-11 13:30:00+00:00,AO:AO-UEFA-2613214,AO:AO-UEFA-64348,TransINVEST Vilnius,Banga Gargždai,1,0,1.0,FT,4,THESPORTSDB_PREMIUM_LIVE,https://www.thesportsdb.com/api/v2/json/schedule/league/4651/2026,AO-UEFA-2613214,AO-UEFA-64348
TSD-4638-2419980,2419980,AO-DOMESTIC:GEO,Georgian Erovnuli Liga,GEO,2026,2025/26,2026-03-11 15:00:00+00:00,AO:AO-UEFA-52705,134056,Dinamo Tbilisi,Rustavi,0,0,0.5,FT,3,THESPORTSDB_PREMIUM_LIVE,https://www.thesportsdb.com/api/v2/json/schedule/league/4638/2026,AO-UEFA-52705,
TSD-4638-2419981,2419981,AO-DOMESTIC:GEO,Georgian Erovnuli Liga,GEO,2026,2025/26,2026-03-11 16:00:00+00:00,AO:AO-UEFA-2600544,AO:AO-UEFA-2611621,Gagra,Spaeri,0,3,0.0,FT,3,THESPORTSDB_PREMIUM_LIVE,https://www.thesportsdb.com/api/v2/json/schedule/league/4638/2026,AO-UEFA-2600544,AO-UEFA-2611621
TSD-4638-2419983,2419983,AO-DOMESTIC:GEO,Georgian Erovnuli Liga,GEO,2026,2025/26,2026-03-11 16:00:00+00:00,AO:AO-UEFA-64471,AO:AO-UEFA-2605905,Torpedo Kutaisi,Iberia 1999,1,0,1.0,FT,3,THESPORTSDB_PREMIUM_LIVE,https://www.thesportsdb.com/api/v2/json/schedule/league/4638/2026,AO-UEFA-64471,AO-UEFA-2605905
TSD-4651-2434051,2434051,AO-DOMESTIC:LIT,Lithuanian A Lyga,LIT,2026,2025/26,2026-03-11 17:30:00+00:00,AO:AO-UEFA-2606168,137990,Riteriai,Džiugas Telšiai,0,2,0.0,FT,4,THESPORTSDB_PREMIUM_LIVE,https://www.thesportsdb.com/api/v2/json/schedule/league/4651/2026,AO-UEFA-2606168,
TSD-4638-2419982,2419982,AO-DOMESTIC:GEO,Georgian Erovnuli Liga,GEO,2026,2025/26,2026-03-12 15:00:00+00:00,140523,AO:AO-UEFA-59885,Samgurali Tskhaltubo,Dinamo Batumi,1,1,0.5,FT,3,THESPORTSDB_PREMIUM_LIVE,https://www.thesportsdb.com/api/v2/json/schedule/league/4638/2026,,AO-UEFA-59885
TSD-4638-2419979,2419979,AO-DOMESTIC:GEO,Georgian Erovnuli Liga,GEO,2026,2025/26,2026-03-12 16:00:00+00:00,AO:AO-UEFA-64467,150495,Dila Gori,Meshakhte Tkibuli,0,1,0.0,FT,3,THESPORTSDB_PREMIUM_LIVE,https://www.thesportsdb.com/api/v2/json/schedule/league/4638/2026,AO-UEFA-64467,
TSD-4651-2434052,2434052,AO-DOMESTIC:LIT,Lithuanian A Lyga,LIT,2026,2025/26,2026-03-14 12:15:00+00:00,AO:AO-UEFA-79557,141007,Sūduva,Hegelmann,0,0,0.5,FT,5,THESPORTSDB_PREMIUM_LIVE,https://www.thesportsdb.com/api/v2/json/schedule/league/4651/2026,AO-UEFA-79557,
TSD-4358-2398991,2398991,4358,Norwegian Eliteserien,NOR,2026,2025/26,2026-03-14 15:00:00+00:00,134753,134570,Hamarkameratene,Viking,2,1,1.0,FT,1,THESPORTSDB_PREMIUM_LIVE,https://www.thesportsdb.com/api/v2/json/schedule/league/4358/2026,,AO-UEFA-52319
TSD-4358-2398992,2398992,4358,Norwegian Eliteserien,NOR,2026,2025/26,2026-03-14 17:00:00+00:00,133958,133990,Molde,Rosenborg,2,0,1.0,FT,1,THESPORTSDB_PREMIUM_LIVE,https://www.thesportsdb.com/api/v2/json/schedule/league/4358/2026,AO-UEFA-50142,AO-UEFA-52806
TSD-4651-2434053,2434053,AO-DOMESTIC:LIT,Lithuanian A Lyga,LIT,2026,2025/26,2026-03-15 11:00:00+00:00,AO:AO-UEFA-2608927,AO:AO-UEFA-2606168,Panevėžys,Riteriai,2,1,1.0,FT,5,THESPORTSDB_PREMIUM_LIVE,https://www.thesportsdb.com/api/v2/json/schedule/league/4651/2026,AO-UEFA-2608927,AO-UEFA-2606168
TSD-4651-2434054,2434054,AO-DOMESTIC:LIT,Lithuanian A Lyga,LIT,2026,2025/26,2026-03-15 12:15:00+00:00,AO:AO-UEFA-64348,137990,Banga Gargždai,Džiugas Telšiai,0,1,0.0,FT,5,THESPORTSDB_PREMIUM_LIVE,https://www.thesportsdb.com/api/v2/json/schedule/league/4651/2026,AO-UEFA-64348,
TSD-4358-2398993,2398993,4358,Norwegian Eliteserien,NOR,2026,2025/26,2026-03-15 13:30:00+00:00,134754,134571,Kristiansund,Brann,3,2,1.0,FT,1,THESPORTSDB_PREMIUM_LIVE,https://www.thesportsdb.com/api/v2/json/schedule/league/4358/2026,,AO-UEFA-52770
TSD-4638-2419985,2419985,AO-DOMESTIC:GEO,Georgian Erovnuli Liga,GEO,2026,2025/26,2026-03-15 14:00:00+00:00,AO:AO-UEFA-2605905,AO:AO-UEFA-52705,Iberia 1999,Dinamo Tbilisi,0,0,0.5,FT,4,THESPORTSDB_PREMIUM_LIVE,https://www.thesportsdb.com/api/v2/json/schedule/league/4638/2026,AO-UEFA-2605905,AO-UEFA-52705
TSD-4651-2434055,2434055,AO-DOMESTIC:LIT,Lithuanian A Lyga,LIT,2026,2025/26,2026-03-15 15:00:00+00:00,AO:AO-UEFA-77906,AO:AO-UEFA-2605907,Šiauliai,Kauno Žalgiris,0,5,0.0,FT,5,THESPORTSDB_PREMIUM_LIVE,https://www.thesportsdb.com/api/v2/json/schedule/league/4651/2026,AO-UEFA-77906,AO-UEFA-2605907
TSD-4358-2398994,2398994,4358,Norwegian Eliteserien,NOR,2026,2025/26,2026-03-15 16:00:00+00:00,133998,134569,Aalesund,Lillestrøm,1,3,0.0,FT,1,THESPORTSDB_PREMIUM_LIVE,https://www.thesportsdb.com/api/v2/json/schedule/league/4358/2026,,AO-UEFA-52314
TSD-4358-2398995,2398995,4358,Norwegian Eliteserien,NOR,2026,2025/26,2026-03-15 16:00:00+00:00,135723,134568,KFUM-Kameratene Oslo,Start,2,0,1.0,FT,1,THESPORTSDB_PREMIUM_LIVE,https://www.thesportsdb.com/api/v2/json/schedule/league/4358/2026,,
TSD-4358-2398997,2398997,4358,Norwegian Eliteserien,NOR,2026,2025/26,2026-03-15 16:00:00+00:00,134574,135715,Vålerenga,Sandefjord,1,0,1.0,FT,1,THESPORTSDB_PREMIUM_LIVE,https://www.thesportsdb.com/api/v2/json/schedule/league/4358/2026,AO-UEFA-52318,
TSD-4638-2419987,2419987,AO-DOMESTIC:GEO,Georgian Erovnuli Liga,GEO,2026,2025/26,2026-03-15 16:00:00+00:00,134056,AO:AO-UEFA-2600544,Rustavi,Gagra,1,2,0.0,FT,4,THESPORTSDB_PREMIUM_LIVE,https://www.thesportsdb.com/api/v2/json/schedule/league/4638/2026,,AO-UEFA-2600544
TSD-4358-2398998,2398998,4358,Norwegian Eliteserien,NOR,2026,2025/26,2026-03-15 18:15:00+00:00,133997,134749,Tromsø,Fredrikstad,4,0,1.0,FT,1,THESPORTSDB_PREMIUM_LIVE,https://www.thesportsdb.com/api/v2/json/schedule/league/4358/2026,,AO-UEFA-64211
TSD-4649-2439946,2439946,AO-DOMESTIC:KAZ,Kazakhstan Premier League,KAZ,2026,2025/26,2026-03-16 09:00:00+00:00,150755,138039,Ulytau,Kyzylzhar Petropavl,1,0,1.0,FT,2,THESPORTSDB_PREMIUM_LIVE,https://www.thesportsdb.com/api/v2/json/schedule/league/4649/2026,,
TSD-4649-2439948,2439948,AO-DOMESTIC:KAZ,Kazakhstan Premier League,KAZ,2026,2025/26,2026-03-16 10:00:00+00:00,148411,144012,Elimai Semey,Altai Öskemen,1,1,0.5,FT,2,THESPORTSDB_PREMIUM_LIVE,https://www.thesportsdb.com/api/v2/json/schedule/league/4649/2026,,
TSD-4638-2419986,2419986,AO-DOMESTIC:GEO,Georgian Erovnuli Liga,GEO,2026,2025/26,2026-03-16 11:00:00+00:00,150495,AO:AO-UEFA-59885,Meshakhte Tkibuli,Dinamo Batumi,0,0,0.5,FT,4,THESPORTSDB_PREMIUM_LIVE,https://www.thesportsdb.com/api/v2/json/schedule/league/4638/2026,,AO-UEFA-59885
TSD-4649-2439949,2439949,AO-DOMESTIC:KAZ,Kazakhstan Premier League,KAZ,2026,2025/26,2026-03-16 12:00:00+00:00,AO:AO-UEFA-79969,134052,Tobol,Jetysu Taldykorgan,2,2,0.5,FT,2,THESPORTSDB_PREMIUM_LIVE,https://www.thesportsdb.com/api/v2/json/schedule/league/4649/2026,AO-UEFA-79969,
TSD-4649-2439947,2439947,AO-DOMESTIC:KAZ,Kazakhstan Premier League,KAZ,2026,2025/26,2026-03-16 14:00:00+00:00,AO:AO-UEFA-79964,140521,Irtysh Pavlodar,Atyrau,1,1,0.5,FT,2,THESPORTSDB_PREMIUM_LIVE,https://www.thesportsdb.com/api/v2/json/schedule/league/4649/2026,AO-UEFA-79964,
TSD-4649-2439950,2439950,AO-DOMESTIC:KAZ,Kazakhstan Premier League,KAZ,2026,2025/26,2026-03-16 14:00:00+00:00,AO:AO-UEFA-79971,AO:AO-UEFA-2600605,Kaisar Kyzylorda,Astana,0,0,0.5,FT,2,THESPORTSDB_PREMIUM_LIVE,https://www.thesportsdb.com/api/v2/json/schedule/league/4649/2026,AO-UEFA-79971,AO-UEFA-2600605
TSD-4649-2439951,2439951,AO-DOMESTIC:KAZ,Kazakhstan Premier League,KAZ,2026,2025/26,2026-03-16 14:00:00+00:00,AO:AO-UEFA-79970,AO:AO-UEFA-79973,Kairat Almaty,Aktobe,1,0,1.0,FT,2,THESPORTSDB_PREMIUM_LIVE,https://www.thesportsdb.com/api/v2/json/schedule/league/4649/2026,AO-UEFA-79970,AO-UEFA-79973
TSD-4649-2439952,2439952,AO-DOMESTIC:KAZ,Kazakhstan Premier League,KAZ,2026,2025/26,2026-03-16 15:00:00+00:00,148412,AO:AO-UEFA-82825,Jeńis,Ordabasy Shymkent,0,2,0.0,FT,2,THESPORTSDB_PREMIUM_LIVE,https://www.thesportsdb.com/api/v2/json/schedule/league/4649/2026,,AO-UEFA-82825
TSD-4638-2419984,2419984,AO-DOMESTIC:GEO,Georgian Erovnuli Liga,GEO,2026,2025/26,2026-03-16 16:00:00+00:00,AO:AO-UEFA-64467,AO:AO-UEFA-64471,Dila Gori,Torpedo Kutaisi,1,0,1.0,FT,4,THESPORTSDB_PREMIUM_LIVE,https://www.thesportsdb.com/api/v2/json/schedule/league/4638/2026,AO-UEFA-64467,AO-UEFA-64471
TSD-4638-2419988,2419988,AO-DOMESTIC:GEO,Georgian Erovnuli Liga,GEO,2026,2025/26,2026-03-16 16:00:00+00:00,AO:AO-UEFA-2611621,140523,Spaeri,Samgurali Tskhaltubo,4,1,1.0,FT,4,THESPORTSDB_PREMIUM_LIVE,https://www.thesportsdb.com/api/v2/json/schedule/league/4638/2026,AO-UEFA-2611621,
TSD-4651-2434056,2434056,AO-DOMESTIC:LIT,Lithuanian A Lyga,LIT,2026,2025/26,2026-03-16 18:00:00+00:00,AO:AO-UEFA-2602334,AO:AO-UEFA-2613214,Žalgiris Vilnius,TransINVEST Vilnius,1,2,0.0,FT,5,THESPORTSDB_PREMIUM_LIVE,https://www.thesportsdb.com/api/v2/json/schedule/league/4651/2026,AO-UEFA-2602334,AO-UEFA-2613214
TSD-4649-2439953,2439953,AO-DOMESTIC:KAZ,Kazakhstan Premier League,KAZ,2026,2025/26,2026-03-17 12:00:00+00:00,138037,138040,Caspiy Aktau,Okzhetpes Kokshetau,1,3,0.0,FT,2,THESPORTSDB_PREMIUM_LIVE,https://www.thesportsdb.com/api/v2/json/schedule/league/4649/2026,,
TSD-4649-2439954,2439954,AO-DOMESTIC:KAZ,Kazakhstan Premier League,KAZ,2026,2025/26,2026-03-20 10:00:00+00:00,138039,AO:AO-UEFA-79964,Kyzylzhar Petropavl,Irtysh Pavlodar,2,2,0.5,FT,3,THESPORTSDB_PREMIUM_LIVE,https://www.thesportsdb.com/api/v2/json/schedule/league/4649/2026,,AO-UEFA-79964
TSD-4649-2439955,2439955,AO-DOMESTIC:KAZ,Kazakhstan Premier League,KAZ,2026,2025/26,2026-03-20 11:00:00+00:00,140521,148412,Atyrau,Jeńis,0,0,0.5,FT,3,THESPORTSDB_PREMIUM_LIVE,https://www.thesportsdb.com/api/v2/json/schedule/league/4649/2026,,
TSD-4649-2439956,2439956,AO-DOMESTIC:KAZ,Kazakhstan Premier League,KAZ,2026,2025/26,2026-03-20 13:00:00+00:00,AO:AO-UEFA-82825,AO:AO-UEFA-79971,Ordabasy Shymkent,Kaisar Kyzylorda,2,0,1.0,FT,3,THESPORTSDB_PREMIUM_LIVE,https://www.thesportsdb.com/api/v2/json/schedule/league/4649/2026,AO-UEFA-82825,AO-UEFA-79971
TSD-4649-2439957,2439957,AO-DOMESTIC:KAZ,Kazakhstan Premier League,KAZ,2026,2025/26,2026-03-20 14:00:00+00:00,AO:AO-UEFA-2600605,AO:AO-UEFA-79969,Astana,Tobol,2,0,1.0,FT,3,THESPORTSDB_PREMIUM_LIVE,https://www.thesportsdb.com/api/v2/json/schedule/league/4649/2026,AO-UEFA-2600605,AO-UEFA-79969
TSD-4651-2434057,2434057,AO-DOMESTIC:LIT,Lithuanian A Lyga,LIT,2026,2025/26,2026-03-20 17:00:00+00:00,AO:AO-UEFA-2606168,AO:AO-UEFA-77906,Riteriai,Šiauliai,1,1,0.5,FT,6,THESPORTSDB_PREMIUM_LIVE,https://www.thesportsdb.com/api/v2/json/schedule/league/4651/2026,AO-UEFA-2606168,AO-UEFA-77906
TSD-4649-2439958,2439958,AO-DOMESTIC:KAZ,Kazakhstan Premier League,KAZ,2026,2025/26,2026-03-21 09:00:00+00:00,138040,150755,Okzhetpes Kokshetau,Ulytau,2,1,1.0,FT,3,THESPORTSDB_PREMIUM_LIVE,https://www.thesportsdb.com/api/v2/json/schedule/league/4649/2026,,
TSD-4649-2439959,2439959,AO-DOMESTIC:KAZ,Kazakhstan Premier League,KAZ,2026,2025/26,2026-03-21 10:00:00+00:00,134052,AO:AO-UEFA-79970,Jetysu Taldykorgan,Kairat Almaty,0,0,0.5,FT,3,THESPORTSDB_PREMIUM_LIVE,https://www.thesportsdb.com/api/v2/json/schedule/league/4649/2026,,AO-UEFA-79970
TSD-4649-2439960,2439960,AO-DOMESTIC:KAZ,Kazakhstan Premier League,KAZ,2026,2025/26,2026-03-21 12:00:00+00:00,AO:AO-UEFA-79973,148411,Aktobe,Elimai Semey,1,4,0.0,FT,3,THESPORTSDB_PREMIUM_LIVE,https://www.thesportsdb.com/api/v2/json/schedule/league/4649/2026,AO-UEFA-79973,
TSD-4651-2434058,2434058,AO-DOMESTIC:LIT,Lithuanian A Lyga,LIT,2026,2025/26,2026-03-21 12:15:00+00:00,AO:AO-UEFA-2605907,AO:AO-UEFA-79557,Kauno Žalgiris,Sūduva,1,1,0.5,FT,6,THESPORTSDB_PREMIUM_LIVE,https://www.thesportsdb.com/api/v2/json/schedule/league/4651/2026,AO-UEFA-2605907,AO-UEFA-79557
TSD-4651-2434059,2434059,AO-DOMESTIC:LIT,Lithuanian A Lyga,LIT,2026,2025/26,2026-03-21 14:30:00+00:00,AO:AO-UEFA-64348,AO:AO-UEFA-2608927,Banga Gargždai,Panevėžys,0,1,0.0,FT,6,THESPORTSDB_PREMIUM_LIVE,https://www.thesportsdb.com/api/v2/json/schedule/league/4651/2026,AO-UEFA-64348,AO-UEFA-2608927
TSD-4358-2398999,2398999,4358,Norwegian Eliteserien,NOR,2026,2025/26,2026-03-21 15:00:00+00:00,134568,133998,Start,Aalesund,1,1,0.5,FT,2,THESPORTSDB_PREMIUM_LIVE,https://www.thesportsdb.com/api/v2/json/schedule/league/4358/2026,,
TSD-4358-2399000,2399000,4358,Norwegian Eliteserien,NOR,2026,2025/26,2026-03-21 17:00:00+00:00,134570,133958,Viking,Molde,4,1,1.0,FT,2,THESPORTSDB_PREMIUM_LIVE,https://www.thesportsdb.com/api/v2/json/schedule/league/4358/2026,AO-UEFA-52319,AO-UEFA-50142
TSD-4649-2439961,2439961,AO-DOMESTIC:KAZ,Kazakhstan Premier League,KAZ,2026,2025/26,2026-03-22 10:00:00+00:00,144012,138037,Altai Öskemen,Caspiy Aktau,0,0,0.5,FT,3,THESPORTSDB_PREMIUM_LIVE,https://www.thesportsdb.com/api/v2/json/schedule/league/4649/2026,,
TSD-4651-2434060,2434060,AO-DOMESTIC:LIT,Lithuanian A Lyga,LIT,2026,2025/26,2026-03-22 12:15:00+00:00,141007,AO:AO-UEFA-2602334,Hegelmann,Žalgiris Vilnius,0,0,0.5,FT,6,THESPORTSDB_PREMIUM_LIVE,https://www.thesportsdb.com/api/v2/json/schedule/league/4651/2026,,AO-UEFA-2602334
TSD-4358-2399001,2399001,4358,Norwegian Eliteserien,NOR,2026,2025/26,2026-03-22 13:30:00+00:00,133990,134574,Rosenborg,Vålerenga,0,2,0.0,FT,2,THESPORTSDB_PREMIUM_LIVE,https://www.thesportsdb.com/api/v2/json/schedule/league/4358/2026,AO-UEFA-52806,AO-UEFA-52318
TSD-4651-2434061,2434061,AO-DOMESTIC:LIT,Lithuanian A Lyga,LIT,2026,2025/26,2026-03-22 14:30:00+00:00,AO:AO-UEFA-2613214,137990,TransINVEST Vilnius,Džiugas Telšiai,0,0,0.5,FT,6,THESPORTSDB_PREMIUM_LIVE,https://www.thesportsdb.com/api/v2/json/schedule/league/4651/2026,AO-UEFA-2613214,
TSD-4358-2399002,2399002,4358,Norwegian Eliteserien,NOR,2026,2025/26,2026-03-22 16:00:00+00:00,134571,133997,Brann,Tromsø,1,2,0.0,FT,2,THESPORTSDB_PREMIUM_LIVE,https://www.thesportsdb.com/api/v2/json/schedule/league/4358/2026,AO-UEFA-52770,
TSD-4358-2399003,2399003,4358,Norwegian Eliteserien,NOR,2026,2025/26,2026-03-22 16:00:00+00:00,134749,135723,Fredrikstad,KFUM-Kameratene Oslo,3,1,1.0,FT,2,THESPORTSDB_PREMIUM_LIVE,https://www.thesportsdb.com/api/v2/json/schedule/league/4358/2026,AO-UEFA-64211,
TSD-4358-2399005,2399005,4358,Norwegian Eliteserien,NOR,2026,2025/26,2026-03-22 16:00:00+00:00,135715,134566,Sandefjord,Sarpsborg 08,0,2,0.0,FT,2,THESPORTSDB_PREMIUM_LIVE,https://www.thesportsdb.com/api/v2/json/schedule/league/4358/2026,,AO-UEFA-2604486
TSD-4638-2419990,2419990,AO-DOMESTIC:GEO,Georgian Erovnuli Liga,GEO,2026,2025/26,2026-04-03 11:00:00+00:00,AO:AO-UEFA-52705,AO:AO-UEFA-64467,Dinamo Tbilisi,Dila Gori,1,2,0.0,FT,5,THESPORTSDB_PREMIUM_LIVE,https://www.thesportsdb.com/api/v2/json/schedule/league/4638/2026,AO-UEFA-52705,AO-UEFA-64467
TSD-4638-2419992,2419992,AO-DOMESTIC:GEO,Georgian Erovnuli Liga,GEO,2026,2025/26,2026-04-03 11:00:00+00:00,140523,134056,Samgurali Tskhaltubo,Rustavi,2,1,1.0,FT,5,THESPORTSDB_PREMIUM_LIVE,https://www.thesportsdb.com/api/v2/json/schedule/league/4638/2026,,
TSD-4638-2419989,2419989,AO-DOMESTIC:GEO,Georgian Erovnuli Liga,GEO,2026,2025/26,2026-04-03 15:00:00+00:00,AO:AO-UEFA-59885,AO:AO-UEFA-2611621,Dinamo Batumi,Spaeri,4,1,1.0,FT,5,THESPORTSDB_PREMIUM_LIVE,https://www.thesportsdb.com/api/v2/json/schedule/league/4638/2026,AO-UEFA-59885,AO-UEFA-2611621
TSD-4651-2434062,2434062,AO-DOMESTIC:LIT,Lithuanian A Lyga,LIT,2026,2025/26,2026-04-03 16:00:00+00:00,AO:AO-UEFA-79557,AO:AO-UEFA-2606168,Sūduva,Riteriai,5,0,1.0,FT,7,THESPORTSDB_PREMIUM_LIVE,https://www.thesportsdb.com/api/v2/json/schedule/league/4651/2026,AO-UEFA-79557,AO-UEFA-2606168
TSD-4638-2419991,2419991,AO-DOMESTIC:GEO,Georgian Erovnuli Liga,GEO,2026,2025/26,2026-04-03 17:00:00+00:00,AO:AO-UEFA-2600544,AO:AO-UEFA-2605905,Gagra,Iberia 1999,1,2,0.0,FT,5,THESPORTSDB_PREMIUM_LIVE,https://www.thesportsdb.com/api/v2/json/schedule/league/4638/2026,AO-UEFA-2600544,AO-UEFA-2605905
TSD-4638-2419993,2419993,AO-DOMESTIC:GEO,Georgian Erovnuli Liga,GEO,2026,2025/26,2026-04-03 17:00:00+00:00,AO:AO-UEFA-64471,150495,Torpedo Kutaisi,Meshakhte Tkibuli,3,0,1.0,FT,5,THESPORTSDB_PREMIUM_LIVE,https://www.thesportsdb.com/api/v2/json/schedule/league/4638/2026,AO-UEFA-64471,
TSD-4649-2439962,2439962,AO-DOMESTIC:KAZ,Kazakhstan Premier League,KAZ,2026,2025/26,2026-04-04 10:00:00+00:00,AO:AO-UEFA-79964,144012,Irtysh Pavlodar,Altai Öskemen,1,0,1.0,FT,4,THESPORTSDB_PREMIUM_LIVE,https://www.thesportsdb.com/api/v2/json/schedule/league/4649/2026,AO-UEFA-79964,
TSD-4651-2434063,2434063,AO-DOMESTIC:LIT,Lithuanian A Lyga,LIT,2026,2025/26,2026-04-04 11:15:00+00:00,141007,AO:AO-UEFA-2613214,Hegelmann,TransINVEST Vilnius,3,1,1.0,FT,7,THESPORTSDB_PREMIUM_LIVE,https://www.thesportsdb.com/api/v2/json/schedule/league/4651/2026,,AO-UEFA-2613214
TSD-4649-2439968,2439968,AO-DOMESTIC:KAZ,Kazakhstan Premier League,KAZ,2026,2025/26,2026-04-04 12:00:00+00:00,148411,AO:AO-UEFA-79969,Elimai Semey,Tobol,1,0,1.0,FT,4,THESPORTSDB_PREMIUM_LIVE,https://www.thesportsdb.com/api/v2/json/schedule/league/4649/2026,,AO-UEFA-79969
TSD-4347-2398752,2398752,4347,Swedish Allsvenskan,SWE,2026,2025/26,2026-04-04 13:00:00+00:00,134728,134724,Degerfors,Sirius,0,3,0.0,FT,1,THESPORTSDB_PREMIUM_LIVE,https://www.thesportsdb.com/api/v2/json/schedule/league/4347/2026,,
TSD-4347-2398756,2398756,4347,Swedish Allsvenskan,SWE,2026,2025/26,2026-04-04 13:00:00+00:00,134731,134164,Hammarby,Mjällby,3,0,1.0,FT,1,THESPORTSDB_PREMIUM_LIVE,https://www.thesportsdb.com/api/v2/json/schedule/league/4347/2026,AO-UEFA-52343,AO-UEFA-74233
TSD-4649-2439964,2439964,AO-DOMESTIC:KAZ,Kazakhstan Premier League,KAZ,2026,2025/26,2026-04-04 13:00:00+00:00,AO:AO-UEFA-79971,138039,Kaisar Kyzylorda,Kyzylzhar Petropavl,0,0,0.5,FT,4,THESPORTSDB_PREMIUM_LIVE,https://www.thesportsdb.com/api/v2/json/schedule/league/4649/2026,AO-UEFA-79971,
TSD-4651-2434064,2434064,AO-DOMESTIC:LIT,Lithuanian A Lyga,LIT,2026,2025/26,2026-04-04 13:30:00+00:00,AO:AO-UEFA-77906,AO:AO-UEFA-64348,Šiauliai,Banga Gargždai,0,0,0.5,FT,7,THESPORTSDB_PREMIUM_LIVE,https://www.thesportsdb.com/api/v2/json/schedule/league/4651/2026,AO-UEFA-77906,AO-UEFA-64348
TSD-4649-2439966,2439966,AO-DOMESTIC:KAZ,Kazakhstan Premier League,KAZ,2026,2025/26,2026-04-04 14:00:00+00:00,AO:AO-UEFA-82825,140521,Ordabasy Shymkent,Atyrau,1,1,0.5,FT,4,THESPORTSDB_PREMIUM_LIVE,https://www.thesportsdb.com/api/v2/json/schedule/league/4649/2026,AO-UEFA-82825,
TSD-4649-2439967,2439967,AO-DOMESTIC:KAZ,Kazakhstan Premier League,KAZ,2026,2025/26,2026-04-05 10:00:00+00:00,150755,AO:AO-UEFA-79973,Ulytau,Aktobe,1,1,0.5,FT,4,THESPORTSDB_PREMIUM_LIVE,https://www.thesportsdb.com/api/v2/json/schedule/league/4649/2026,,AO-UEFA-79973
TSD-4649-2439965,2439965,AO-DOMESTIC:KAZ,Kazakhstan Premier League,KAZ,2026,2025/26,2026-04-05 11:00:00+00:00,138037,134052,Caspiy Aktau,Jetysu Taldykorgan,0,1,0.0,FT,4,THESPORTSDB_PREMIUM_LIVE,https://www.thesportsdb.com/api/v2/json/schedule/league/4649/2026,,
TSD-4347-2398751,2398751,4347,Swedish Allsvenskan,SWE,2026,2025/26,2026-04-05 12:00:00+00:00,134011,134167,AIK,Halmstad,2,1,1.0,FT,1,THESPORTSDB_PREMIUM_LIVE,https://www.thesportsdb.com/api/v2/json/schedule/league/4347/2026,AO-UEFA-52341,
TSD-4347-2398757,2398757,4347,Swedish Allsvenskan,SWE,2026,2025/26,2026-04-05 12:00:00+00:00,134002,136832,Kalmar,Västerås,0,1,0.0,FT,1,THESPORTSDB_PREMIUM_LIVE,https://www.thesportsdb.com/api/v2/json/schedule/league/4347/2026,AO-UEFA-54187,
TSD-4649-2439963,2439963,AO-DOMESTIC:KAZ,Kazakhstan Premier League,KAZ,2026,2025/26,2026-04-05 13:00:00+00:00,AO:AO-UEFA-79970,AO:AO-UEFA-2600605,Kairat Almaty,Astana,4,0,1.0,FT,4,THESPORTSDB_PREMIUM_LIVE,https://www.thesportsdb.com/api/v2/json/schedule/league/4649/2026,AO-UEFA-79970,AO-UEFA-2600605
TSD-4651-2434065,2434065,AO-DOMESTIC:LIT,Lithuanian A Lyga,LIT,2026,2025/26,2026-04-05 13:30:00+00:00,AO:AO-UEFA-2608927,137990,Panevėžys,Džiugas Telšiai,0,1,0.0,FT,7,THESPORTSDB_PREMIUM_LIVE,https://www.thesportsdb.com/api/v2/json/schedule/league/4651/2026,AO-UEFA-2608927,
TSD-4649-2439969,2439969,AO-DOMESTIC:KAZ,Kazakhstan Premier League,KAZ,2026,2025/26,2026-04-05 14:00:00+00:00,148412,138040,Jeńis,Okzhetpes Kokshetau,1,1,0.5,FT,4,THESPORTSDB_PREMIUM_LIVE,https://www.thesportsdb.com/api/v2/json/schedule/league/4649/2026,,
TSD-4347-2477903,2477903,4347,Swedish Allsvenskan,SWE,2026,2025/26,2026-04-05 14:30:00+00:00,135668,134166,Örgryte,Malmö,1,1,0.5,FT,1,THESPORTSDB_PREMIUM_LIVE,https://www.thesportsdb.com/api/v2/json/schedule/league/4347/2026,,AO-UEFA-50152
TSD-4651-2434066,2434066,AO-DOMESTIC:LIT,Lithuanian A Lyga,LIT,2026,2025/26,2026-04-05 15:45:00+00:00,AO:AO-UEFA-2602334,AO:AO-UEFA-2605907,Žalgiris Vilnius,Kauno Žalgiris,0,3,0.0,FT,7,THESPORTSDB_PREMIUM_LIVE,https://www.thesportsdb.com/api/v2/json/schedule/league/4651/2026,AO-UEFA-2602334,AO-UEFA-2605907
TSD-4347-2398753,2398753,4347,Swedish Allsvenskan,SWE,2026,2025/26,2026-04-06 12:00:00+00:00,133984,134161,Elfsborg,IFK Göteborg,2,0,1.0,FT,1,THESPORTSDB_PREMIUM_LIVE,https://www.thesportsdb.com/api/v2/json/schedule/league/4347/2026,AO-UEFA-52344,
TSD-4347-2477902,2477902,4347,Swedish Allsvenskan,SWE,2026,2025/26,2026-04-06 12:00:00+00:00,134160,134170,Häcken,Brommapojkarna,2,2,0.5,FT,1,THESPORTSDB_PREMIUM_LIVE,https://www.thesportsdb.com/api/v2/json/schedule/league/4347/2026,AO-UEFA-69621,
TSD-4358-2399007,2399007,4358,Norwegian Eliteserien,NOR,2026,2025/26,2026-04-06 12:30:00+00:00,134574,134570,Vålerenga,Viking,0,1,0.0,FT,3,THESPORTSDB_PREMIUM_LIVE,https://www.thesportsdb.com/api/v2/json/schedule/league/4358/2026,AO-UEFA-52318,AO-UEFA-52319
TSD-4347-2398754,2398754,4347,Swedish Allsvenskan,SWE,2026,2025/26,2026-04-06 14:30:00+00:00,134725,134162,GAIS,Djurgården,0,1,0.0,FT,1,THESPORTSDB_PREMIUM_LIVE,https://www.thesportsdb.com/api/v2/json/schedule/league/4347/2026,,AO-UEFA-52809
TSD-4358-2399008,2399008,4358,Norwegian Eliteserien,NOR,2026,2025/26,2026-04-06 15:00:00+00:00,134753,134571,Hamarkameratene,Brann,1,5,0.0,FT,3,THESPORTSDB_PREMIUM_LIVE,https://www.thesportsdb.com/api/v2/json/schedule/league/4358/2026,,AO-UEFA-52770
TSD-4358-2399009,2399009,4358,Norwegian Eliteserien,NOR,2026,2025/26,2026-04-06 15:00:00+00:00,134754,135497,Kristiansund,Bodø/Glimt,0,3,0.0,FT,3,THESPORTSDB_PREMIUM_LIVE,https://www.thesportsdb.com/api/v2/json/schedule/league/4358/2026,,AO-UEFA-59333
TSD-4358-2399010,2399010,4358,Norwegian Eliteserien,NOR,2026,2025/26,2026-04-06 15:00:00+00:00,133958,134569,Molde,Lillestrøm,0,1,0.0,FT,3,THESPORTSDB_PREMIUM_LIVE,https://www.thesportsdb.com/api/v2/json/schedule/league/4358/2026,AO-UEFA-50142,AO-UEFA-52314
TSD-4358-2399011,2399011,4358,Norwegian Eliteserien,NOR,2026,2025/26,2026-04-06 15:00:00+00:00,134566,134568,Sarpsborg 08,Start,1,1,0.5,FT,3,THESPORTSDB_PREMIUM_LIVE,https://www.thesportsdb.com/api/v2/json/schedule/league/4358/2026,AO-UEFA-2604486,
TSD-4358-2399012,2399012,4358,Norwegian Eliteserien,NOR,2026,2025/26,2026-04-06 17:15:00+00:00,133997,133990,Tromsø,Rosenborg,2,0,1.0,FT,3,THESPORTSDB_PREMIUM_LIVE,https://www.thesportsdb.com/api/v2/json/schedule/league/4358/2026,,AO-UEFA-52806
TSD-4638-2419996,2419996,AO-DOMESTIC:GEO,Georgian Erovnuli Liga,GEO,2026,2025/26,2026-04-07 11:00:00+00:00,150495,AO:AO-UEFA-2611621,Meshakhte Tkibuli,Spaeri,0,0,0.5,FT,6,THESPORTSDB_PREMIUM_LIVE,https://www.thesportsdb.com/api/v2/json/schedule/league/4638/2026,,AO-UEFA-2611621
TSD-4638-2419997,2419997,AO-DOMESTIC:GEO,Georgian Erovnuli Liga,GEO,2026,2025/26,2026-04-07 11:00:00+00:00,134056,AO:AO-UEFA-59885,Rustavi,Dinamo Batumi,3,0,1.0,FT,6,THESPORTSDB_PREMIUM_LIVE,https://www.thesportsdb.com/api/v2/json/schedule/league/4638/2026,,AO-UEFA-59885
TSD-4638-2419995,2419995,AO-DOMESTIC:GEO,Georgian Erovnuli Liga,GEO,2026,2025/26,2026-04-07 15:00:00+00:00,AO:AO-UEFA-2605905,140523,Iberia 1999,Samgurali Tskhaltubo,2,1,1.0,FT,6,THESPORTSDB_PREMIUM_LIVE,https://www.thesportsdb.com/api/v2/json/schedule/league/4638/2026,AO-UEFA-2605905,
TSD-4358-2399013,2399013,4358,Norwegian Eliteserien,NOR,2026,2025/26,2026-04-07 17:00:00+00:00,133998,134749,Aalesund,Fredrikstad,2,3,0.0,FT,3,THESPORTSDB_PREMIUM_LIVE,https://www.thesportsdb.com/api/v2/json/schedule/league/4358/2026,,AO-UEFA-64211
TSD-4358-2399014,2399014,4358,Norwegian Eliteserien,NOR,2026,2025/26,2026-04-07 17:00:00+00:00,135723,135715,KFUM-Kameratene Oslo,Sandefjord,1,2,0.0,FT,3,THESPORTSDB_PREMIUM_LIVE,https://www.thesportsdb.com/api/v2/json/schedule/league/4358/2026,,
TSD-4638-2419994,2419994,AO-DOMESTIC:GEO,Georgian Erovnuli Liga,GEO,2026,2025/26,2026-04-07 17:00:00+00:00,AO:AO-UEFA-64467,AO:AO-UEFA-2600544,Dila Gori,Gagra,1,1,0.5,FT,6,THESPORTSDB_PREMIUM_LIVE,https://www.thesportsdb.com/api/v2/json/schedule/league/4638/2026,AO-UEFA-64467,AO-UEFA-2600544
TSD-4638-2419998,2419998,AO-DOMESTIC:GEO,Georgian Erovnuli Liga,GEO,2026,2025/26,2026-04-07 17:00:00+00:00,AO:AO-UEFA-64471,AO:AO-UEFA-52705,Torpedo Kutaisi,Dinamo Tbilisi,0,0,0.5,FT,6,THESPORTSDB_PREMIUM_LIVE,https://www.thesportsdb.com/api/v2/json/schedule/league/4638/2026,AO-UEFA-64471,AO-UEFA-52705
TSD-4651-2434067,2434067,AO-DOMESTIC:LIT,Lithuanian A Lyga,LIT,2026,2025/26,2026-04-10 16:30:00+00:00,AO:AO-UEFA-2606168,AO:AO-UEFA-2602334,Riteriai,Žalgiris Vilnius,0,0,0.5,FT,8,THESPORTSDB_PREMIUM_LIVE,https://www.thesportsdb.com/api/v2/json/schedule/league/4651/2026,AO-UEFA-2606168,AO-UEFA-2602334
TSD-4649-2439972,2439972,AO-DOMESTIC:KAZ,Kazakhstan Premier League,KAZ,2026,2025/26,2026-04-11 10:00:00+00:00,140521,AO:AO-UEFA-79971,Atyrau,Kaisar Kyzylorda,2,0,1.0,FT,5,THESPORTSDB_PREMIUM_LIVE,https://www.thesportsdb.com/api/v2/json/schedule/league/4649/2026,,AO-UEFA-79971
TSD-4649-2439977,2439977,AO-DOMESTIC:KAZ,Kazakhstan Premier League,KAZ,2026,2025/26,2026-04-11 11:00:00+00:00,134052,148411,Jetysu Taldykorgan,Elimai Semey,0,1,0.0,FT,5,THESPORTSDB_PREMIUM_LIVE,https://www.thesportsdb.com/api/v2/json/schedule/league/4649/2026,,
TSD-4651-2434068,2434068,AO-DOMESTIC:LIT,Lithuanian A Lyga,LIT,2026,2025/26,2026-04-11 11:15:00+00:00,AO:AO-UEFA-2605907,141007,Kauno Žalgiris,Hegelmann,5,0,1.0,FT,8,THESPORTSDB_PREMIUM_LIVE,https://www.thesportsdb.com/api/v2/json/schedule/league/4651/2026,AO-UEFA-2605907,
TSD-4358-2399015,2399015,4358,Norwegian Eliteserien,NOR,2026,2025/26,2026-04-11 12:00:00+00:00,134569,134568,Lillestrøm,Start,3,1,1.0,FT,4,THESPORTSDB_PREMIUM_LIVE,https://www.thesportsdb.com/api/v2/json/schedule/league/4358/2026,AO-UEFA-52314,
TSD-4638-2419972,2419972,AO-DOMESTIC:GEO,Georgian Erovnuli Liga,GEO,2026,2025/26,2026-04-11 12:00:00+00:00,AO:AO-UEFA-64467,134056,Dila Gori,Rustavi,1,2,0.0,FT,1,THESPORTSDB_PREMIUM_LIVE,https://www.thesportsdb.com/api/v2/json/schedule/league/4638/2026,AO-UEFA-64467,
TSD-4347-2398764,2398764,4347,Swedish Allsvenskan,SWE,2026,2025/26,2026-04-11 13:00:00+00:00,134164,135668,Mjällby,Örgryte,0,2,0.0,FT,2,THESPORTSDB_PREMIUM_LIVE,https://www.thesportsdb.com/api/v2/json/schedule/league/4347/2026,AO-UEFA-74233,
TSD-4347-2398766,2398766,4347,Swedish Allsvenskan,SWE,2026,2025/26,2026-04-11 13:00:00+00:00,136832,133984,Västerås,Elfsborg,2,2,0.5,FT,2,THESPORTSDB_PREMIUM_LIVE,https://www.thesportsdb.com/api/v2/json/schedule/league/4347/2026,,AO-UEFA-52344
TSD-4347-2477904,2477904,4347,Swedish Allsvenskan,SWE,2026,2025/26,2026-04-11 13:00:00+00:00,134161,134160,IFK Göteborg,Häcken,0,2,0.0,FT,2,THESPORTSDB_PREMIUM_LIVE,https://www.thesportsdb.com/api/v2/json/schedule/league/4347/2026,,AO-UEFA-69621
TSD-4649-2439976,2439976,AO-DOMESTIC:KAZ,Kazakhstan Premier League,KAZ,2026,2025/26,2026-04-11 13:00:00+00:00,AO:AO-UEFA-79969,AO:AO-UEFA-79970,Tobol,Kairat Almaty,1,1,0.5,FT,5,THESPORTSDB_PREMIUM_LIVE,https://www.thesportsdb.com/api/v2/json/schedule/league/4649/2026,AO-UEFA-79969,AO-UEFA-79970
TSD-4651-2434069,2434069,AO-DOMESTIC:LIT,Lithuanian A Lyga,LIT,2026,2025/26,2026-04-11 13:30:00+00:00,AO:AO-UEFA-64348,AO:AO-UEFA-79557,Banga Gargždai,Sūduva,2,1,1.0,FT,8,THESPORTSDB_PREMIUM_LIVE,https://www.thesportsdb.com/api/v2/json/schedule/league/4651/2026,AO-UEFA-64348,AO-UEFA-79557
TSD-4358-2399016,2399016,4358,Norwegian Eliteserien,NOR,2026,2025/26,2026-04-11 14:00:00+00:00,133997,134754,Tromsø,Kristiansund,2,0,1.0,FT,4,THESPORTSDB_PREMIUM_LIVE,https://www.thesportsdb.com/api/v2/json/schedule/league/4358/2026,,
TSD-4638-2419971,2419971,AO-DOMESTIC:GEO,Georgian Erovnuli Liga,GEO,2026,2025/26,2026-04-11 14:00:00+00:00,AO:AO-UEFA-52705,AO:AO-UEFA-59885,Dinamo Tbilisi,Dinamo Batumi,2,2,0.5,FT,1,THESPORTSDB_PREMIUM_LIVE,https://www.thesportsdb.com/api/v2/json/schedule/league/4638/2026,AO-UEFA-52705,AO-UEFA-59885
TSD-4649-2439973,2439973,AO-DOMESTIC:KAZ,Kazakhstan Premier League,KAZ,2026,2025/26,2026-04-11 15:00:00+00:00,AO:AO-UEFA-2600605,AO:AO-UEFA-82825,Astana,Ordabasy Shymkent,1,1,0.5,FT,5,THESPORTSDB_PREMIUM_LIVE,https://www.thesportsdb.com/api/v2/json/schedule/league/4649/2026,AO-UEFA-2600605,AO-UEFA-82825
TSD-4358-2399017,2399017,4358,Norwegian Eliteserien,NOR,2026,2025/26,2026-04-11 16:00:00+00:00,134570,135497,Viking,Bodø/Glimt,5,0,1.0,FT,4,THESPORTSDB_PREMIUM_LIVE,https://www.thesportsdb.com/api/v2/json/schedule/league/4358/2026,AO-UEFA-52319,AO-UEFA-59333
TSD-4638-2419969,2419969,AO-DOMESTIC:GEO,Georgian Erovnuli Liga,GEO,2026,2025/26,2026-04-11 16:00:00+00:00,AO:AO-UEFA-2605905,150495,Iberia 1999,Meshakhte Tkibuli,2,2,0.5,FT,1,THESPORTSDB_PREMIUM_LIVE,https://www.thesportsdb.com/api/v2/json/schedule/league/4638/2026,AO-UEFA-2605905,
TSD-4649-2439975,2439975,AO-DOMESTIC:KAZ,Kazakhstan Premier League,KAZ,2026,2025/26,2026-04-12 09:00:00+00:00,138040,AO:AO-UEFA-79964,Okzhetpes Kokshetau,Irtysh Pavlodar,2,1,1.0,FT,5,THESPORTSDB_PREMIUM_LIVE,https://www.thesportsdb.com/api/v2/json/schedule/league/4649/2026,,AO-UEFA-79964
TSD-4649-2439971,2439971,AO-DOMESTIC:KAZ,Kazakhstan Premier League,KAZ,2026,2025/26,2026-04-12 10:00:00+00:00,144012,150755,Altai Öskemen,Ulytau,1,2,0.0,FT,5,THESPORTSDB_PREMIUM_LIVE,https://www.thesportsdb.com/api/v2/json/schedule/league/4649/2026,,
TSD-4651-2434070,2434070,AO-DOMESTIC:LIT,Lithuanian A Lyga,LIT,2026,2025/26,2026-04-12 11:15:00+00:00,AO:AO-UEFA-2613214,AO:AO-UEFA-2608927,TransINVEST Vilnius,Panevėžys,1,2,0.0,FT,8,THESPORTSDB_PREMIUM_LIVE,https://www.thesportsdb.com/api/v2/json/schedule/league/4651/2026,AO-UEFA-2613214,AO-UEFA-2608927
TSD-4347-2398760,2398760,4347,Swedish Allsvenskan,SWE,2026,2025/26,2026-04-12 12:00:00+00:00,134162,134002,Djurgården,Kalmar,3,2,1.0,FT,2,THESPORTSDB_PREMIUM_LIVE,https://www.thesportsdb.com/api/v2/json/schedule/league/4347/2026,AO-UEFA-52809,AO-UEFA-54187
TSD-4347-2398762,2398762,4347,Swedish Allsvenskan,SWE,2026,2025/26,2026-04-12 12:00:00+00:00,134167,134728,Halmstad,Degerfors,0,3,0.0,FT,2,THESPORTSDB_PREMIUM_LIVE,https://www.thesportsdb.com/api/v2/json/schedule/league/4347/2026,,
TSD-4649-2439974,2439974,AO-DOMESTIC:KAZ,Kazakhstan Premier League,KAZ,2026,2025/26,2026-04-12 12:00:00+00:00,138039,148412,Kyzylzhar Petropavl,Jeńis,4,0,1.0,FT,5,THESPORTSDB_PREMIUM_LIVE,https://www.thesportsdb.com/api/v2/json/schedule/league/4649/2026,,
TSD-4358-2399018,2399018,4358,Norwegian Eliteserien,NOR,2026,2025/26,2026-04-12 12:30:00+00:00,133990,134566,Rosenborg,Sarpsborg 08,2,1,1.0,FT,4,THESPORTSDB_PREMIUM_LIVE,https://www.thesportsdb.com/api/v2/json/schedule/league/4358/2026,AO-UEFA-52806,AO-UEFA-2604486
TSD-4651-2434071,2434071,AO-DOMESTIC:LIT,Lithuanian A Lyga,LIT,2026,2025/26,2026-04-12 13:30:00+00:00,137990,AO:AO-UEFA-77906,Džiugas Telšiai,Šiauliai,1,0,1.0,FT,8,THESPORTSDB_PREMIUM_LIVE,https://www.thesportsdb.com/api/v2/json/schedule/league/4651/2026,,AO-UEFA-77906
TSD-4649-2439970,2439970,AO-DOMESTIC:KAZ,Kazakhstan Premier League,KAZ,2026,2025/26,2026-04-12 14:00:00+00:00,AO:AO-UEFA-79973,138037,Aktobe,Caspiy Aktau,1,0,1.0,FT,5,THESPORTSDB_PREMIUM_LIVE,https://www.thesportsdb.com/api/v2/json/schedule/league/4649/2026,AO-UEFA-79973,
TSD-4347-2477905,2477905,4347,Swedish Allsvenskan,SWE,2026,2025/26,2026-04-12 14:30:00+00:00,134166,134725,Malmö,GAIS,3,1,1.0,FT,2,THESPORTSDB_PREMIUM_LIVE,https://www.thesportsdb.com/api/v2/json/schedule/league/4347/2026,AO-UEFA-50152,
TSD-4358-2399019,2399019,4358,Norwegian Eliteserien,NOR,2026,2025/26,2026-04-12 15:00:00+00:00,133998,135723,Aalesund,KFUM-Kameratene Oslo,2,2,0.5,FT,4,THESPORTSDB_PREMIUM_LIVE,https://www.thesportsdb.com/api/v2/json/schedule/league/4358/2026,,
TSD-4358-2399020,2399020,4358,Norwegian Eliteserien,NOR,2026,2025/26,2026-04-12 15:00:00+00:00,134749,134574,Fredrikstad,Vålerenga,1,1,0.5,FT,4,THESPORTSDB_PREMIUM_LIVE,https://www.thesportsdb.com/api/v2/json/schedule/league/4358/2026,AO-UEFA-64211,AO-UEFA-52318
TSD-4358-2399021,2399021,4358,Norwegian Eliteserien,NOR,2026,2025/26,2026-04-12 15:00:00+00:00,133958,134753,Molde,Hamarkameratene,4,1,1.0,FT,4,THESPORTSDB_PREMIUM_LIVE,https://www.thesportsdb.com/api/v2/json/schedule/league/4358/2026,AO-UEFA-50142,
TSD-4358-2399022,2399022,4358,Norwegian Eliteserien,NOR,2026,2025/26,2026-04-12 17:15:00+00:00,134571,135715,Brann,Sandefjord,0,1,0.0,FT,4,THESPORTSDB_PREMIUM_LIVE,https://www.thesportsdb.com/api/v2/json/schedule/league/4358/2026,AO-UEFA-52770,
TSD-4347-2398759,2398759,4347,Swedish Allsvenskan,SWE,2026,2025/26,2026-04-13 17:00:00+00:00,134170,134011,Brommapojkarna,AIK,2,2,0.5,FT,2,THESPORTSDB_PREMIUM_LIVE,https://www.thesportsdb.com/api/v2/json/schedule/league/4347/2026,,AO-UEFA-52341
TSD-4347-2398765,2398765,4347,Swedish Allsvenskan,SWE,2026,2025/26,2026-04-13 17:00:00+00:00,134724,134731,Sirius,Hammarby,2,0,1.0,FT,2,THESPORTSDB_PREMIUM_LIVE,https://www.thesportsdb.com/api/v2/json/schedule/league/4347/2026,,AO-UEFA-52343
TSD-4358-2398996,2398996,4358,Norwegian Eliteserien,NOR,2026,2025/26,2026-04-15 17:00:00+00:00,134566,135497,Sarpsborg 08,Bodø/Glimt,1,1,0.5,FT,1,THESPORTSDB_PREMIUM_LIVE,https://www.thesportsdb.com/api/v2/json/schedule/league/4358/2026,AO-UEFA-2604486,AO-UEFA-59333
TSD-4358-2399023,2399023,4358,Norwegian Eliteserien,NOR,2026,2025/26,2026-04-15 17:00:00+00:00,133997,134569,Tromsø,Lillestrøm,0,0,0.5,FT,15,THESPORTSDB_PREMIUM_LIVE,https://www.thesportsdb.com/api/v2/json/schedule/league/4358/2026,,AO-UEFA-52314
TSD-4638-2420000,2420000,AO-DOMESTIC:GEO,Georgian Erovnuli Liga,GEO,2026,2025/26,2026-04-17 15:00:00+00:00,AO:AO-UEFA-52705,150495,Dinamo Tbilisi,Meshakhte Tkibuli,1,1,0.5,FT,7,THESPORTSDB_PREMIUM_LIVE,https://www.thesportsdb.com/api/v2/json/schedule/league/4638/2026,AO-UEFA-52705,
TSD-4638-2420002,2420002,AO-DOMESTIC:GEO,Georgian Erovnuli Liga,GEO,2026,2025/26,2026-04-17 15:00:00+00:00,140523,AO:AO-UEFA-64467,Samgurali Tskhaltubo,Dila Gori,0,1,0.0,FT,7,THESPORTSDB_PREMIUM_LIVE,https://www.thesportsdb.com/api/v2/json/schedule/league/4638/2026,,AO-UEFA-64467
TSD-4651-2434072,2434072,AO-DOMESTIC:LIT,Lithuanian A Lyga,LIT,2026,2025/26,2026-04-17 16:00:00+00:00,141007,AO:AO-UEFA-2606168,Hegelmann,Riteriai,0,0,0.5,FT,9,THESPORTSDB_PREMIUM_LIVE,https://www.thesportsdb.com/api/v2/json/schedule/league/4651/2026,,AO-UEFA-2606168
TSD-4347-2398768,2398768,4347,Swedish Allsvenskan,SWE,2026,2025/26,2026-04-17 17:00:00+00:00,134728,133984,Degerfors,Elfsborg,0,1,0.0,FT,3,THESPORTSDB_PREMIUM_LIVE,https://www.thesportsdb.com/api/v2/json/schedule/league/4347/2026,,AO-UEFA-52344
TSD-4347-2477906,2477906,4347,Swedish Allsvenskan,SWE,2026,2025/26,2026-04-17 17:00:00+00:00,134162,134166,Djurgården,Malmö,0,1,0.0,FT,3,THESPORTSDB_PREMIUM_LIVE,https://www.thesportsdb.com/api/v2/json/schedule/league/4347/2026,AO-UEFA-52809,AO-UEFA-50152
TSD-4638-2420001,2420001,AO-DOMESTIC:GEO,Georgian Erovnuli Liga,GEO,2026,2025/26,2026-04-17 17:00:00+00:00,AO:AO-UEFA-2600544,AO:AO-UEFA-64471,Gagra,Torpedo Kutaisi,2,2,0.5,FT,7,THESPORTSDB_PREMIUM_LIVE,https://www.thesportsdb.com/api/v2/json/schedule/league/4638/2026,AO-UEFA-2600544,AO-UEFA-64471
TSD-4651-2434073,2434073,AO-DOMESTIC:LIT,Lithuanian A Lyga,LIT,2026,2025/26,2026-04-17 17:00:00+00:00,AO:AO-UEFA-2602334,AO:AO-UEFA-64348,Žalgiris Vilnius,Banga Gargždai,1,1,0.5,FT,9,THESPORTSDB_PREMIUM_LIVE,https://www.thesportsdb.com/api/v2/json/schedule/league/4651/2026,AO-UEFA-2602334,AO-UEFA-64348
TSD-4649-2439979,2439979,AO-DOMESTIC:KAZ,Kazakhstan Premier League,KAZ,2026,2025/26,2026-04-18 10:00:00+00:00,AO:AO-UEFA-79964,134052,Irtysh Pavlodar,Jetysu Taldykorgan,1,2,0.0,FT,6,THESPORTSDB_PREMIUM_LIVE,https://www.thesportsdb.com/api/v2/json/schedule/league/4649/2026,AO-UEFA-79964,
TSD-4651-2434074,2434074,AO-DOMESTIC:LIT,Lithuanian A Lyga,LIT,2026,2025/26,2026-04-18 11:15:00+00:00,AO:AO-UEFA-2605907,AO:AO-UEFA-2613214,Kauno Žalgiris,TransINVEST Vilnius,1,2,0.0,FT,9,THESPORTSDB_PREMIUM_LIVE,https://www.thesportsdb.com/api/v2/json/schedule/league/4651/2026,AO-UEFA-2605907,AO-UEFA-2613214
TSD-4358-2399024,2399024,4358,Norwegian Eliteserien,NOR,2026,2025/26,2026-04-18 12:00:00+00:00,135497,133998,Bodø/Glimt,Aalesund,3,0,1.0,FT,5,THESPORTSDB_PREMIUM_LIVE,https://www.thesportsdb.com/api/v2/json/schedule/league/4358/2026,AO-UEFA-59333,
TSD-4649-2439984,2439984,AO-DOMESTIC:KAZ,Kazakhstan Premier League,KAZ,2026,2025/26,2026-04-18 12:00:00+00:00,148411,AO:AO-UEFA-2600605,Elimai Semey,Astana,2,2,0.5,FT,6,THESPORTSDB_PREMIUM_LIVE,https://www.thesportsdb.com/api/v2/json/schedule/league/4649/2026,,AO-UEFA-2600605
TSD-4347-2398771,2398771,4347,Swedish Allsvenskan,SWE,2026,2025/26,2026-04-18 13:00:00+00:00,134167,134161,Halmstad,IFK Göteborg,1,1,0.5,FT,3,THESPORTSDB_PREMIUM_LIVE,https://www.thesportsdb.com/api/v2/json/schedule/league/4347/2026,,
TSD-4347-2398772,2398772,4347,Swedish Allsvenskan,SWE,2026,2025/26,2026-04-18 13:00:00+00:00,134731,135668,Hammarby,Örgryte,8,1,1.0,FT,3,THESPORTSDB_PREMIUM_LIVE,https://www.thesportsdb.com/api/v2/json/schedule/league/4347/2026,AO-UEFA-52343,
TSD-4347-2398773,2398773,4347,Swedish Allsvenskan,SWE,2026,2025/26,2026-04-18 13:00:00+00:00,134164,134170,Mjällby,Brommapojkarna,3,0,1.0,FT,3,THESPORTSDB_PREMIUM_LIVE,https://www.thesportsdb.com/api/v2/json/schedule/league/4347/2026,AO-UEFA-74233,
TSD-4347-2398774,2398774,4347,Swedish Allsvenskan,SWE,2026,2025/26,2026-04-18 13:00:00+00:00,134724,136832,Sirius,Västerås,4,1,1.0,FT,3,THESPORTSDB_PREMIUM_LIVE,https://www.thesportsdb.com/api/v2/json/schedule/league/4347/2026,,
TSD-4649-2511732,2511732,AO-DOMESTIC:KAZ,Kazakhstan Premier League,KAZ,2026,2025/26,2026-04-18 13:00:00+00:00,AO:AO-UEFA-79970,138037,Kairat Almaty,Caspiy Aktau,2,0,1.0,FT,6,THESPORTSDB_PREMIUM_LIVE,https://www.thesportsdb.com/api/v2/json/schedule/league/4649/2026,AO-UEFA-79970,
TSD-4651-2434075,2434075,AO-DOMESTIC:LIT,Lithuanian A Lyga,LIT,2026,2025/26,2026-04-18 13:30:00+00:00,AO:AO-UEFA-77906,AO:AO-UEFA-2608927,Šiauliai,Panevėžys,3,1,1.0,FT,9,THESPORTSDB_PREMIUM_LIVE,https://www.thesportsdb.com/api/v2/json/schedule/league/4651/2026,AO-UEFA-77906,AO-UEFA-2608927
TSD-4358-2399025,2399025,4358,Norwegian Eliteserien,NOR,2026,2025/26,2026-04-18 14:00:00+00:00,135715,133990,Sandefjord,Rosenborg,0,0,0.5,FT,5,THESPORTSDB_PREMIUM_LIVE,https://www.thesportsdb.com/api/v2/json/schedule/league/4358/2026,,AO-UEFA-52806
TSD-4649-2439982,2439982,AO-DOMESTIC:KAZ,Kazakhstan Premier League,KAZ,2026,2025/26,2026-04-18 14:00:00+00:00,AO:AO-UEFA-82825,138040,Ordabasy Shymkent,Okzhetpes Kokshetau,2,1,1.0,FT,6,THESPORTSDB_PREMIUM_LIVE,https://www.thesportsdb.com/api/v2/json/schedule/league/4649/2026,AO-UEFA-82825,
TSD-4638-2419999,2419999,AO-DOMESTIC:GEO,Georgian Erovnuli Liga,GEO,2026,2025/26,2026-04-18 15:00:00+00:00,AO:AO-UEFA-59885,AO:AO-UEFA-2605905,Dinamo Batumi,Iberia 1999,0,3,0.0,FT,7,THESPORTSDB_PREMIUM_LIVE,https://www.thesportsdb.com/api/v2/json/schedule/league/4638/2026,AO-UEFA-59885,AO-UEFA-2605905
TSD-4358-2399026,2399026,4358,Norwegian Eliteserien,NOR,2026,2025/26,2026-04-18 16:00:00+00:00,134570,134571,Viking,Brann,3,2,1.0,FT,5,THESPORTSDB_PREMIUM_LIVE,https://www.thesportsdb.com/api/v2/json/schedule/league/4358/2026,AO-UEFA-52319,AO-UEFA-52770
TSD-4638-2420003,2420003,AO-DOMESTIC:GEO,Georgian Erovnuli Liga,GEO,2026,2025/26,2026-04-18 17:00:00+00:00,AO:AO-UEFA-2611621,134056,Spaeri,Rustavi,1,1,0.5,FT,7,THESPORTSDB_PREMIUM_LIVE,https://www.thesportsdb.com/api/v2/json/schedule/league/4638/2026,AO-UEFA-2611621,
TSD-4649-2439983,2439983,AO-DOMESTIC:KAZ,Kazakhstan Premier League,KAZ,2026,2025/26,2026-04-19 10:00:00+00:00,150755,AO:AO-UEFA-79969,Ulytau,Tobol,2,1,1.0,FT,6,THESPORTSDB_PREMIUM_LIVE,https://www.thesportsdb.com/api/v2/json/schedule/league/4649/2026,,AO-UEFA-79969
TSD-4649-2439978,2439978,AO-DOMESTIC:KAZ,Kazakhstan Premier League,KAZ,2026,2025/26,2026-04-19 11:00:00+00:00,140521,138039,Atyrau,Kyzylzhar Petropavl,0,1,0.0,FT,6,THESPORTSDB_PREMIUM_LIVE,https://www.thesportsdb.com/api/v2/json/schedule/league/4649/2026,,
TSD-4651-2434076,2434076,AO-DOMESTIC:LIT,Lithuanian A Lyga,LIT,2026,2025/26,2026-04-19 11:15:00+00:00,AO:AO-UEFA-79557,137990,Sūduva,Džiugas Telšiai,3,2,1.0,FT,9,THESPORTSDB_PREMIUM_LIVE,https://www.thesportsdb.com/api/v2/json/schedule/league/4651/2026,AO-UEFA-79557,
TSD-4347-2398767,2398767,4347,Swedish Allsvenskan,SWE,2026,2025/26,2026-04-19 12:00:00+00:00,134011,134002,AIK,Kalmar,1,0,1.0,FT,3,THESPORTSDB_PREMIUM_LIVE,https://www.thesportsdb.com/api/v2/json/schedule/league/4347/2026,AO-UEFA-52341,AO-UEFA-54187
TSD-4649-2439985,2439985,AO-DOMESTIC:KAZ,Kazakhstan Premier League,KAZ,2026,2025/26,2026-04-19 12:00:00+00:00,148412,AO:AO-UEFA-79973,Jeńis,Aktobe,1,0,1.0,FT,6,THESPORTSDB_PREMIUM_LIVE,https://www.thesportsdb.com/api/v2/json/schedule/league/4649/2026,,AO-UEFA-79973
TSD-4358-2399027,2399027,4358,Norwegian Eliteserien,NOR,2026,2025/26,2026-04-19 12:30:00+00:00,134574,134569,Vålerenga,Lillestrøm,0,2,0.0,FT,5,THESPORTSDB_PREMIUM_LIVE,https://www.thesportsdb.com/api/v2/json/schedule/league/4358/2026,AO-UEFA-52318,AO-UEFA-52314
TSD-4649-2439980,2439980,AO-DOMESTIC:KAZ,Kazakhstan Premier League,KAZ,2026,2025/26,2026-04-19 14:00:00+00:00,AO:AO-UEFA-79971,144012,Kaisar Kyzylorda,Altai Öskemen,1,1,0.5,FT,6,THESPORTSDB_PREMIUM_LIVE,https://www.thesportsdb.com/api/v2/json/schedule/league/4649/2026,AO-UEFA-79971,
TSD-4347-2477907,2477907,4347,Swedish Allsvenskan,SWE,2026,2025/26,2026-04-19 14:30:00+00:00,134160,134725,Häcken,GAIS,2,1,1.0,FT,3,THESPORTSDB_PREMIUM_LIVE,https://www.thesportsdb.com/api/v2/json/schedule/league/4347/2026,AO-UEFA-69621,
TSD-4358-2399028,2399028,4358,Norwegian Eliteserien,NOR,2026,2025/26,2026-04-19 15:00:00+00:00,134753,135723,Hamarkameratene,KFUM-Kameratene Oslo,4,0,1.0,FT,5,THESPORTSDB_PREMIUM_LIVE,https://www.thesportsdb.com/api/v2/json/schedule/league/4358/2026,,
TSD-4358-2399029,2399029,4358,Norwegian Eliteserien,NOR,2026,2025/26,2026-04-19 15:00:00+00:00,134754,134749,Kristiansund,Fredrikstad,2,0,1.0,FT,5,THESPORTSDB_PREMIUM_LIVE,https://www.thesportsdb.com/api/v2/json/schedule/league/4358/2026,,AO-UEFA-64211
TSD-4358-2399030,2399030,4358,Norwegian Eliteserien,NOR,2026,2025/26,2026-04-19 15:00:00+00:00,134566,133997,Sarpsborg 08,Tromsø,0,1,0.0,FT,5,THESPORTSDB_PREMIUM_LIVE,https://www.thesportsdb.com/api/v2/json/schedule/league/4358/2026,AO-UEFA-2604486,
TSD-4358-2399031,2399031,4358,Norwegian Eliteserien,NOR,2026,2025/26,2026-04-19 17:15:00+00:00,134568,133958,Start,Molde,1,1,0.5,FT,5,THESPORTSDB_PREMIUM_LIVE,https://www.thesportsdb.com/api/v2/json/schedule/league/4358/2026,,AO-UEFA-50142
TSD-4638-2420005,2420005,AO-DOMESTIC:GEO,Georgian Erovnuli Liga,GEO,2026,2025/26,2026-04-21 15:00:00+00:00,AO:AO-UEFA-52705,AO:AO-UEFA-2600544,Dinamo Tbilisi,Gagra,0,1,0.0,FT,8,THESPORTSDB_PREMIUM_LIVE,https://www.thesportsdb.com/api/v2/json/schedule/league/4638/2026,AO-UEFA-52705,AO-UEFA-2600544
TSD-4638-2420008,2420008,AO-DOMESTIC:GEO,Georgian Erovnuli Liga,GEO,2026,2025/26,2026-04-21 17:00:00+00:00,AO:AO-UEFA-64471,140523,Torpedo Kutaisi,Samgurali Tskhaltubo,6,1,1.0,FT,8,THESPORTSDB_PREMIUM_LIVE,https://www.thesportsdb.com/api/v2/json/schedule/league/4638/2026,AO-UEFA-64471,
TSD-4638-2420007,2420007,AO-DOMESTIC:GEO,Georgian Erovnuli Liga,GEO,2026,2025/26,2026-04-22 12:00:00+00:00,150495,134056,Meshakhte Tkibuli,Rustavi,0,0,0.5,FT,8,THESPORTSDB_PREMIUM_LIVE,https://www.thesportsdb.com/api/v2/json/schedule/league/4638/2026,,
TSD-4638-2420006,2420006,AO-DOMESTIC:GEO,Georgian Erovnuli Liga,GEO,2026,2025/26,2026-04-22 15:00:00+00:00,AO:AO-UEFA-2605905,AO:AO-UEFA-2611621,Iberia 1999,Spaeri,0,2,0.0,FT,8,THESPORTSDB_PREMIUM_LIVE,https://www.thesportsdb.com/api/v2/json/schedule/league/4638/2026,AO-UEFA-2605905,AO-UEFA-2611621
TSD-4347-2398776,2398776,4347,Swedish Allsvenskan,SWE,2026,2025/26,2026-04-22 17:00:00+00:00,133984,134162,Elfsborg,Djurgården,2,1,1.0,FT,4,THESPORTSDB_PREMIUM_LIVE,https://www.thesportsdb.com/api/v2/json/schedule/league/4347/2026,AO-UEFA-52344,AO-UEFA-52809
TSD-4347-2398778,2398778,4347,Swedish Allsvenskan,SWE,2026,2025/26,2026-04-22 17:00:00+00:00,134731,134167,Hammarby,Halmstad,1,1,0.5,FT,4,THESPORTSDB_PREMIUM_LIVE,https://www.thesportsdb.com/api/v2/json/schedule/league/4347/2026,AO-UEFA-52343,
TSD-4347-2398781,2398781,4347,Swedish Allsvenskan,SWE,2026,2025/26,2026-04-22 17:00:00+00:00,135668,134170,Örgryte,Brommapojkarna,1,2,0.0,FT,4,THESPORTSDB_PREMIUM_LIVE,https://www.thesportsdb.com/api/v2/json/schedule/league/4347/2026,,
TSD-4347-2477909,2477909,4347,Swedish Allsvenskan,SWE,2026,2025/26,2026-04-22 17:00:00+00:00,136832,134160,Västerås,Häcken,3,3,0.5,FT,4,THESPORTSDB_PREMIUM_LIVE,https://www.thesportsdb.com/api/v2/json/schedule/league/4347/2026,,AO-UEFA-69621
TSD-4638-2420004,2420004,AO-DOMESTIC:GEO,Georgian Erovnuli Liga,GEO,2026,2025/26,2026-04-22 17:00:00+00:00,AO:AO-UEFA-64467,AO:AO-UEFA-59885,Dila Gori,Dinamo Batumi,1,0,1.0,FT,8,THESPORTSDB_PREMIUM_LIVE,https://www.thesportsdb.com/api/v2/json/schedule/league/4638/2026,AO-UEFA-64467,AO-UEFA-59885
TSD-4347-2398775,2398775,4347,Swedish Allsvenskan,SWE,2026,2025/26,2026-04-23 17:00:00+00:00,134728,134011,Degerfors,AIK,2,1,1.0,FT,4,THESPORTSDB_PREMIUM_LIVE,https://www.thesportsdb.com/api/v2/json/schedule/league/4347/2026,,AO-UEFA-52341
TSD-4347-2398777,2398777,4347,Swedish Allsvenskan,SWE,2026,2025/26,2026-04-23 17:00:00+00:00,134725,134164,GAIS,Mjällby,0,0,0.5,FT,4,THESPORTSDB_PREMIUM_LIVE,https://www.thesportsdb.com/api/v2/json/schedule/league/4347/2026,,AO-UEFA-74233
TSD-4347-2398779,2398779,4347,Swedish Allsvenskan,SWE,2026,2025/26,2026-04-23 17:00:00+00:00,134002,134161,Kalmar,IFK Göteborg,1,1,0.5,FT,4,THESPORTSDB_PREMIUM_LIVE,https://www.thesportsdb.com/api/v2/json/schedule/league/4347/2026,AO-UEFA-54187,
TSD-4347-2477908,2477908,4347,Swedish Allsvenskan,SWE,2026,2025/26,2026-04-23 17:00:00+00:00,134166,134724,Malmö,Sirius,2,3,0.0,FT,4,THESPORTSDB_PREMIUM_LIVE,https://www.thesportsdb.com/api/v2/json/schedule/league/4347/2026,AO-UEFA-50152,
TSD-4649-2439991,2439991,AO-DOMESTIC:KAZ,Kazakhstan Premier League,KAZ,2026,2025/26,2026-04-25 10:00:00+00:00,138040,AO:AO-UEFA-79971,Okzhetpes Kokshetau,Kaisar Kyzylorda,1,1,0.5,FT,7,THESPORTSDB_PREMIUM_LIVE,https://www.thesportsdb.com/api/v2/json/schedule/league/4649/2026,,AO-UEFA-79971
TSD-4649-2439987,2439987,AO-DOMESTIC:KAZ,Kazakhstan Premier League,KAZ,2026,2025/26,2026-04-25 11:00:00+00:00,144012,148412,Altai Öskemen,Jeńis,0,0,0.5,FT,7,THESPORTSDB_PREMIUM_LIVE,https://www.thesportsdb.com/api/v2/json/schedule/league/4649/2026,,
TSD-4651-2434077,2434077,AO-DOMESTIC:LIT,Lithuanian A Lyga,LIT,2026,2025/26,2026-04-25 11:15:00+00:00,AO:AO-UEFA-2605907,AO:AO-UEFA-2606168,Kauno Žalgiris,Riteriai,4,0,1.0,FT,10,THESPORTSDB_PREMIUM_LIVE,https://www.thesportsdb.com/api/v2/json/schedule/league/4651/2026,AO-UEFA-2605907,AO-UEFA-2606168
TSD-4651-2434078,2434078,AO-DOMESTIC:LIT,Lithuanian A Lyga,LIT,2026,2025/26,2026-04-25 11:15:00+00:00,AO:AO-UEFA-79557,AO:AO-UEFA-2608927,Sūduva,Panevėžys,1,0,1.0,FT,10,THESPORTSDB_PREMIUM_LIVE,https://www.thesportsdb.com/api/v2/json/schedule/league/4651/2026,AO-UEFA-79557,AO-UEFA-2608927
TSD-4649-2439990,2439990,AO-DOMESTIC:KAZ,Kazakhstan Premier League,KAZ,2026,2025/26,2026-04-25 12:00:00+00:00,138039,AO:AO-UEFA-82825,Kyzylzhar Petropavl,Ordabasy Shymkent,1,2,0.0,FT,7,THESPORTSDB_PREMIUM_LIVE,https://www.thesportsdb.com/api/v2/json/schedule/league/4649/2026,,AO-UEFA-82825
TSD-4358-2399032,2399032,4358,Norwegian Eliteserien,NOR,2026,2025/26,2026-04-25 14:00:00+00:00,134749,134570,Fredrikstad,Viking,1,2,0.0,FT,6,THESPORTSDB_PREMIUM_LIVE,https://www.thesportsdb.com/api/v2/json/schedule/league/4358/2026,AO-UEFA-64211,AO-UEFA-52319
TSD-4649-2439986,2439986,AO-DOMESTIC:KAZ,Kazakhstan Premier League,KAZ,2026,2025/26,2026-04-25 14:00:00+00:00,AO:AO-UEFA-79973,AO:AO-UEFA-79964,Aktobe,Irtysh Pavlodar,1,0,1.0,FT,7,THESPORTSDB_PREMIUM_LIVE,https://www.thesportsdb.com/api/v2/json/schedule/league/4649/2026,AO-UEFA-79973,AO-UEFA-79964
TSD-4358-2399033,2399033,4358,Norwegian Eliteserien,NOR,2026,2025/26,2026-04-25 16:00:00+00:00,133990,134571,Rosenborg,Brann,1,1,0.5,FT,6,THESPORTSDB_PREMIUM_LIVE,https://www.thesportsdb.com/api/v2/json/schedule/league/4358/2026,AO-UEFA-52806,AO-UEFA-52770
TSD-4638-2420012,2420012,AO-DOMESTIC:GEO,Georgian Erovnuli Liga,GEO,2026,2025/26,2026-04-25 16:00:00+00:00,140523,AO:AO-UEFA-52705,Samgurali Tskhaltubo,Dinamo Tbilisi,1,2,0.0,FT,9,THESPORTSDB_PREMIUM_LIVE,https://www.thesportsdb.com/api/v2/json/schedule/league/4638/2026,,AO-UEFA-52705
TSD-4649-2439993,2439993,AO-DOMESTIC:KAZ,Kazakhstan Premier League,KAZ,2026,2025/26,2026-04-26 10:00:00+00:00,134052,150755,Jetysu Taldykorgan,Ulytau,2,0,1.0,FT,7,THESPORTSDB_PREMIUM_LIVE,https://www.thesportsdb.com/api/v2/json/schedule/league/4649/2026,,
TSD-4649-2439992,2439992,AO-DOMESTIC:KAZ,Kazakhstan Premier League,KAZ,2026,2025/26,2026-04-26 11:00:00+00:00,AO:AO-UEFA-79969,138037,Tobol,Caspiy Aktau,2,1,1.0,FT,7,THESPORTSDB_PREMIUM_LIVE,https://www.thesportsdb.com/api/v2/json/schedule/league/4649/2026,AO-UEFA-79969,
TSD-4651-2434081,2434081,AO-DOMESTIC:LIT,Lithuanian A Lyga,LIT,2026,2025/26,2026-04-26 11:15:00+00:00,AO:AO-UEFA-64348,141007,Banga Gargždai,Hegelmann,2,1,1.0,FT,10,THESPORTSDB_PREMIUM_LIVE,https://www.thesportsdb.com/api/v2/json/schedule/league/4651/2026,AO-UEFA-64348,
TSD-4347-2398785,2398785,4347,Swedish Allsvenskan,SWE,2026,2025/26,2026-04-26 12:00:00+00:00,134162,134731,Djurgården,Hammarby,1,1,0.5,FT,5,THESPORTSDB_PREMIUM_LIVE,https://www.thesportsdb.com/api/v2/json/schedule/league/4347/2026,AO-UEFA-52809,AO-UEFA-52343
TSD-4358-2399034,2399034,4358,Norwegian Eliteserien,NOR,2026,2025/26,2026-04-26 12:30:00+00:00,133958,134574,Molde,Vålerenga,5,1,1.0,FT,6,THESPORTSDB_PREMIUM_LIVE,https://www.thesportsdb.com/api/v2/json/schedule/league/4358/2026,AO-UEFA-50142,AO-UEFA-52318
TSD-4649-2439989,2439989,AO-DOMESTIC:KAZ,Kazakhstan Premier League,KAZ,2026,2025/26,2026-04-26 13:00:00+00:00,AO:AO-UEFA-79970,148411,Kairat Almaty,Elimai Semey,2,2,0.5,FT,7,THESPORTSDB_PREMIUM_LIVE,https://www.thesportsdb.com/api/v2/json/schedule/league/4649/2026,AO-UEFA-79970,
TSD-4651-2434079,2434079,AO-DOMESTIC:LIT,Lithuanian A Lyga,LIT,2026,2025/26,2026-04-26 13:00:00+00:00,137990,AO:AO-UEFA-2602334,Džiugas Telšiai,Žalgiris Vilnius,0,3,0.0,FT,10,THESPORTSDB_PREMIUM_LIVE,https://www.thesportsdb.com/api/v2/json/schedule/league/4651/2026,,AO-UEFA-2602334
TSD-4651-2434080,2434080,AO-DOMESTIC:LIT,Lithuanian A Lyga,LIT,2026,2025/26,2026-04-26 13:30:00+00:00,AO:AO-UEFA-77906,AO:AO-UEFA-2613214,Šiauliai,TransINVEST Vilnius,0,4,0.0,FT,10,THESPORTSDB_PREMIUM_LIVE,https://www.thesportsdb.com/api/v2/json/schedule/league/4651/2026,AO-UEFA-77906,AO-UEFA-2613214
TSD-4347-2398784,2398784,4347,Swedish Allsvenskan,SWE,2026,2025/26,2026-04-26 14:30:00+00:00,134170,136832,Brommapojkarna,Västerås,1,2,0.0,FT,5,THESPORTSDB_PREMIUM_LIVE,https://www.thesportsdb.com/api/v2/json/schedule/league/4347/2026,,
TSD-4347-2398786,2398786,4347,Swedish Allsvenskan,SWE,2026,2025/26,2026-04-26 14:30:00+00:00,134161,134725,IFK Göteborg,GAIS,2,2,0.5,FT,5,THESPORTSDB_PREMIUM_LIVE,https://www.thesportsdb.com/api/v2/json/schedule/league/4347/2026,,
TSD-4358-2399035,2399035,4358,Norwegian Eliteserien,NOR,2026,2025/26,2026-04-26 15:00:00+00:00,133998,134754,Aalesund,Kristiansund,1,1,0.5,FT,6,THESPORTSDB_PREMIUM_LIVE,https://www.thesportsdb.com/api/v2/json/schedule/league/4358/2026,,
TSD-4358-2399036,2399036,4358,Norwegian Eliteserien,NOR,2026,2025/26,2026-04-26 15:00:00+00:00,134753,134568,Hamarkameratene,Start,2,1,1.0,FT,6,THESPORTSDB_PREMIUM_LIVE,https://www.thesportsdb.com/api/v2/json/schedule/league/4358/2026,,
TSD-4358-2399037,2399037,4358,Norwegian Eliteserien,NOR,2026,2025/26,2026-04-26 15:00:00+00:00,135723,134566,KFUM-Kameratene Oslo,Sarpsborg 08,1,0,1.0,FT,6,THESPORTSDB_PREMIUM_LIVE,https://www.thesportsdb.com/api/v2/json/schedule/league/4358/2026,,AO-UEFA-2604486
TSD-4358-2399038,2399038,4358,Norwegian Eliteserien,NOR,2026,2025/26,2026-04-26 15:00:00+00:00,133997,135715,Tromsø,Sandefjord,3,1,1.0,FT,6,THESPORTSDB_PREMIUM_LIVE,https://www.thesportsdb.com/api/v2/json/schedule/league/4358/2026,,
TSD-4638-2420013,2420013,AO-DOMESTIC:GEO,Georgian Erovnuli Liga,GEO,2026,2025/26,2026-04-26 15:00:00+00:00,AO:AO-UEFA-2611621,AO:AO-UEFA-64467,Spaeri,Dila Gori,0,1,0.0,FT,9,THESPORTSDB_PREMIUM_LIVE,https://www.thesportsdb.com/api/v2/json/schedule/league/4638/2026,AO-UEFA-2611621,AO-UEFA-64467
TSD-4649-2439988,2439988,AO-DOMESTIC:KAZ,Kazakhstan Premier League,KAZ,2026,2025/26,2026-04-26 15:00:00+00:00,AO:AO-UEFA-2600605,140521,Astana,Atyrau,2,1,1.0,FT,7,THESPORTSDB_PREMIUM_LIVE,https://www.thesportsdb.com/api/v2/json/schedule/league/4649/2026,AO-UEFA-2600605,
TSD-4638-2420011,2420011,AO-DOMESTIC:GEO,Georgian Erovnuli Liga,GEO,2026,2025/26,2026-04-26 17:00:00+00:00,134056,AO:AO-UEFA-2605905,Rustavi,Iberia 1999,2,1,1.0,FT,9,THESPORTSDB_PREMIUM_LIVE,https://www.thesportsdb.com/api/v2/json/schedule/league/4638/2026,,AO-UEFA-2605905
TSD-4358-2399039,2399039,4358,Norwegian Eliteserien,NOR,2026,2025/26,2026-04-26 17:15:00+00:00,134569,135497,Lillestrøm,Bodø/Glimt,0,2,0.0,FT,6,THESPORTSDB_PREMIUM_LIVE,https://www.thesportsdb.com/api/v2/json/schedule/league/4358/2026,AO-UEFA-52314,AO-UEFA-59333
TSD-4638-2420010,2420010,AO-DOMESTIC:GEO,Georgian Erovnuli Liga,GEO,2026,2025/26,2026-04-27 15:00:00+00:00,AO:AO-UEFA-2600544,150495,Gagra,Meshakhte Tkibuli,1,1,0.5,FT,9,THESPORTSDB_PREMIUM_LIVE,https://www.thesportsdb.com/api/v2/json/schedule/league/4638/2026,AO-UEFA-2600544,
TSD-4347-2398788,2398788,4347,Swedish Allsvenskan,SWE,2026,2025/26,2026-04-27 17:00:00+00:00,134002,133984,Kalmar,Elfsborg,2,1,1.0,FT,5,THESPORTSDB_PREMIUM_LIVE,https://www.thesportsdb.com/api/v2/json/schedule/league/4347/2026,AO-UEFA-54187,AO-UEFA-52344
TSD-4347-2398789,2398789,4347,Swedish Allsvenskan,SWE,2026,2025/26,2026-04-27 17:00:00+00:00,134164,134167,Mjällby,Halmstad,2,0,1.0,FT,5,THESPORTSDB_PREMIUM_LIVE,https://www.thesportsdb.com/api/v2/json/schedule/league/4347/2026,AO-UEFA-74233,
TSD-4347-2398790,2398790,4347,Swedish Allsvenskan,SWE,2026,2025/26,2026-04-27 17:00:00+00:00,135668,134728,Örgryte,Degerfors,1,1,0.5,FT,5,THESPORTSDB_PREMIUM_LIVE,https://www.thesportsdb.com/api/v2/json/schedule/league/4347/2026,,
TSD-4347-2477910,2477910,4347,Swedish Allsvenskan,SWE,2026,2025/26,2026-04-27 17:00:00+00:00,134011,134166,AIK,Malmö,0,1,0.0,FT,5,THESPORTSDB_PREMIUM_LIVE,https://www.thesportsdb.com/api/v2/json/schedule/league/4347/2026,AO-UEFA-52341,AO-UEFA-50152
TSD-4347-2477911,2477911,4347,Swedish Allsvenskan,SWE,2026,2025/26,2026-04-27 17:00:00+00:00,134160,134724,Häcken,Sirius,2,2,0.5,FT,5,THESPORTSDB_PREMIUM_LIVE,https://www.thesportsdb.com/api/v2/json/schedule/league/4347/2026,AO-UEFA-69621,
TSD-4638-2420009,2420009,AO-DOMESTIC:GEO,Georgian Erovnuli Liga,GEO,2026,2025/26,2026-04-27 17:00:00+00:00,AO:AO-UEFA-59885,AO:AO-UEFA-64471,Dinamo Batumi,Torpedo Kutaisi,0,3,0.0,FT,9,THESPORTSDB_PREMIUM_LIVE,https://www.thesportsdb.com/api/v2/json/schedule/league/4638/2026,AO-UEFA-59885,AO-UEFA-64471
TSD-4358-2399040,2399040,4358,Norwegian Eliteserien,NOR,2026,2025/26,2026-04-29 17:00:00+00:00,133997,134571,Tromsø,Brann,0,5,0.0,FT,17,THESPORTSDB_PREMIUM_LIVE,https://www.thesportsdb.com/api/v2/json/schedule/league/4358/2026,,AO-UEFA-52770
TSD-4358-2399041,2399041,4358,Norwegian Eliteserien,NOR,2026,2025/26,2026-04-30 17:00:00+00:00,135497,134568,Bodø/Glimt,Start,5,0,1.0,FT,18,THESPORTSDB_PREMIUM_LIVE,https://www.thesportsdb.com/api/v2/json/schedule/league/4358/2026,AO-UEFA-59333,
TSD-4651-2434083,2434083,AO-DOMESTIC:LIT,Lithuanian A Lyga,LIT,2026,2025/26,2026-05-01 14:00:00+00:00,AO:AO-UEFA-64348,AO:AO-UEFA-2605907,Banga Gargždai,Kauno Žalgiris,2,2,0.5,FT,11,THESPORTSDB_PREMIUM_LIVE,https://www.thesportsdb.com/api/v2/json/schedule/league/4651/2026,AO-UEFA-64348,AO-UEFA-2605907
TSD-4638-2420018,2420018,AO-DOMESTIC:GEO,Georgian Erovnuli Liga,GEO,2026,2025/26,2026-05-01 15:00:00+00:00,AO:AO-UEFA-2611621,AO:AO-UEFA-64471,Spaeri,Torpedo Kutaisi,1,1,0.5,FT,10,THESPORTSDB_PREMIUM_LIVE,https://www.thesportsdb.com/api/v2/json/schedule/league/4638/2026,AO-UEFA-2611621,AO-UEFA-64471
TSD-4651-2434084,2434084,AO-DOMESTIC:LIT,Lithuanian A Lyga,LIT,2026,2025/26,2026-05-01 15:00:00+00:00,137990,141007,Džiugas Telšiai,Hegelmann,3,0,1.0,FT,11,THESPORTSDB_PREMIUM_LIVE,https://www.thesportsdb.com/api/v2/json/schedule/league/4651/2026,,
TSD-4358-2399042,2399042,4358,Norwegian Eliteserien,NOR,2026,2025/26,2026-05-01 16:00:00+00:00,134570,133990,Viking,Rosenborg,3,0,1.0,FT,7,THESPORTSDB_PREMIUM_LIVE,https://www.thesportsdb.com/api/v2/json/schedule/league/4358/2026,AO-UEFA-52319,AO-UEFA-52806
TSD-4638-2420016,2420016,AO-DOMESTIC:GEO,Georgian Erovnuli Liga,GEO,2026,2025/26,2026-05-01 17:00:00+00:00,134056,AO:AO-UEFA-64467,Rustavi,Dila Gori,1,0,1.0,FT,10,THESPORTSDB_PREMIUM_LIVE,https://www.thesportsdb.com/api/v2/json/schedule/league/4638/2026,,AO-UEFA-64467
TSD-4649-2439998,2439998,AO-DOMESTIC:KAZ,Kazakhstan Premier League,KAZ,2026,2025/26,2026-05-02 10:00:00+00:00,138039,138040,Kyzylzhar Petropavl,Okzhetpes Kokshetau,0,1,0.0,FT,8,THESPORTSDB_PREMIUM_LIVE,https://www.thesportsdb.com/api/v2/json/schedule/league/4649/2026,,
TSD-4651-2434082,2434082,AO-DOMESTIC:LIT,Lithuanian A Lyga,LIT,2026,2025/26,2026-05-02 11:15:00+00:00,AO:AO-UEFA-2606168,AO:AO-UEFA-2613214,Riteriai,TransINVEST Vilnius,0,5,0.0,FT,11,THESPORTSDB_PREMIUM_LIVE,https://www.thesportsdb.com/api/v2/json/schedule/league/4651/2026,AO-UEFA-2606168,AO-UEFA-2613214
TSD-4638-2420015,2420015,AO-DOMESTIC:GEO,Georgian Erovnuli Liga,GEO,2026,2025/26,2026-05-02 12:00:00+00:00,150495,AO:AO-UEFA-2605905,Meshakhte Tkibuli,Iberia 1999,1,4,0.0,FT,10,THESPORTSDB_PREMIUM_LIVE,https://www.thesportsdb.com/api/v2/json/schedule/league/4638/2026,,AO-UEFA-2605905
TSD-4649-2439995,2439995,AO-DOMESTIC:KAZ,Kazakhstan Premier League,KAZ,2026,2025/26,2026-05-02 12:00:00+00:00,AO:AO-UEFA-79964,AO:AO-UEFA-79970,Irtysh Pavlodar,Kairat Almaty,0,1,0.0,FT,8,THESPORTSDB_PREMIUM_LIVE,https://www.thesportsdb.com/api/v2/json/schedule/league/4649/2026,AO-UEFA-79964,AO-UEFA-79970
TSD-4347-2398798,2398798,4347,Swedish Allsvenskan,SWE,2026,2025/26,2026-05-02 13:00:00+00:00,134724,134002,Sirius,Kalmar,3,2,1.0,FT,6,THESPORTSDB_PREMIUM_LIVE,https://www.thesportsdb.com/api/v2/json/schedule/league/4347/2026,,AO-UEFA-54187
TSD-4347-2477912,2477912,4347,Swedish Allsvenskan,SWE,2026,2025/26,2026-05-02 13:00:00+00:00,134728,134160,Degerfors,Häcken,1,1,0.5,FT,6,THESPORTSDB_PREMIUM_LIVE,https://www.thesportsdb.com/api/v2/json/schedule/league/4347/2026,,AO-UEFA-69621
TSD-4649-2439996,2439996,AO-DOMESTIC:KAZ,Kazakhstan Premier League,KAZ,2026,2025/26,2026-05-02 14:00:00+00:00,AO:AO-UEFA-79971,134052,Kaisar Kyzylorda,Jetysu Taldykorgan,1,1,0.5,FT,8,THESPORTSDB_PREMIUM_LIVE,https://www.thesportsdb.com/api/v2/json/schedule/league/4649/2026,AO-UEFA-79971,
TSD-4651-2434085,2434085,AO-DOMESTIC:LIT,Lithuanian A Lyga,LIT,2026,2025/26,2026-05-02 14:00:00+00:00,AO:AO-UEFA-77906,AO:AO-UEFA-79557,Šiauliai,Sūduva,2,1,1.0,FT,11,THESPORTSDB_PREMIUM_LIVE,https://www.thesportsdb.com/api/v2/json/schedule/league/4651/2026,AO-UEFA-77906,AO-UEFA-79557
TSD-4638-2420014,2420014,AO-DOMESTIC:GEO,Georgian Erovnuli Liga,GEO,2026,2025/26,2026-05-02 15:00:00+00:00,AO:AO-UEFA-59885,AO:AO-UEFA-52705,Dinamo Batumi,Dinamo Tbilisi,2,2,0.5,FT,10,THESPORTSDB_PREMIUM_LIVE,https://www.thesportsdb.com/api/v2/json/schedule/league/4638/2026,AO-UEFA-59885,AO-UEFA-52705
TSD-4358-2399043,2399043,4358,Norwegian Eliteserien,NOR,2026,2025/26,2026-05-02 16:00:00+00:00,134571,134749,Brann,Fredrikstad,3,1,1.0,FT,7,THESPORTSDB_PREMIUM_LIVE,https://www.thesportsdb.com/api/v2/json/schedule/league/4358/2026,AO-UEFA-52770,AO-UEFA-64211
TSD-4638-2420017,2420017,AO-DOMESTIC:GEO,Georgian Erovnuli Liga,GEO,2026,2025/26,2026-05-02 17:00:00+00:00,140523,AO:AO-UEFA-2600544,Samgurali Tskhaltubo,Gagra,2,0,1.0,FT,10,THESPORTSDB_PREMIUM_LIVE,https://www.thesportsdb.com/api/v2/json/schedule/league/4638/2026,,AO-UEFA-2600544
TSD-4649-2440000,2440000,AO-DOMESTIC:KAZ,Kazakhstan Premier League,KAZ,2026,2025/26,2026-05-03 10:00:00+00:00,150755,148411,Ulytau,Elimai Semey,1,0,1.0,FT,8,THESPORTSDB_PREMIUM_LIVE,https://www.thesportsdb.com/api/v2/json/schedule/league/4649/2026,,
TSD-4651-2434086,2434086,AO-DOMESTIC:LIT,Lithuanian A Lyga,LIT,2026,2025/26,2026-05-03 11:15:00+00:00,AO:AO-UEFA-2608927,AO:AO-UEFA-2602334,Panevėžys,Žalgiris Vilnius,2,1,1.0,FT,11,THESPORTSDB_PREMIUM_LIVE,https://www.thesportsdb.com/api/v2/json/schedule/league/4651/2026,AO-UEFA-2608927,AO-UEFA-2602334
TSD-4347-2398796,2398796,4347,Swedish Allsvenskan,SWE,2026,2025/26,2026-05-03 12:00:00+00:00,134731,136832,Hammarby,Västerås,3,0,1.0,FT,6,THESPORTSDB_PREMIUM_LIVE,https://www.thesportsdb.com/api/v2/json/schedule/league/4347/2026,AO-UEFA-52343,
TSD-4347-2477913,2477913,4347,Swedish Allsvenskan,SWE,2026,2025/26,2026-05-03 12:00:00+00:00,134166,134164,Malmö,Mjällby,2,3,0.0,FT,6,THESPORTSDB_PREMIUM_LIVE,https://www.thesportsdb.com/api/v2/json/schedule/league/4347/2026,AO-UEFA-50152,AO-UEFA-74233
TSD-4649-2439994,2439994,AO-DOMESTIC:KAZ,Kazakhstan Premier League,KAZ,2026,2025/26,2026-05-03 12:00:00+00:00,140521,144012,Atyrau,Altai Öskemen,1,0,1.0,FT,8,THESPORTSDB_PREMIUM_LIVE,https://www.thesportsdb.com/api/v2/json/schedule/league/4649/2026,,
TSD-4358-2399044,2399044,4358,Norwegian Eliteserien,NOR,2026,2025/26,2026-05-03 12:30:00+00:00,134569,134566,Lillestrøm,Sarpsborg 08,4,0,1.0,FT,7,THESPORTSDB_PREMIUM_LIVE,https://www.thesportsdb.com/api/v2/json/schedule/league/4358/2026,AO-UEFA-52314,AO-UEFA-2604486
TSD-4649-2440001,2440001,AO-DOMESTIC:KAZ,Kazakhstan Premier League,KAZ,2026,2025/26,2026-05-03 13:00:00+00:00,148412,AO:AO-UEFA-79969,Jeńis,Tobol,1,0,1.0,FT,8,THESPORTSDB_PREMIUM_LIVE,https://www.thesportsdb.com/api/v2/json/schedule/league/4649/2026,,AO-UEFA-79969
TSD-4649-2439997,2439997,AO-DOMESTIC:KAZ,Kazakhstan Premier League,KAZ,2026,2025/26,2026-05-03 14:00:00+00:00,138037,AO:AO-UEFA-2600605,Caspiy Aktau,Astana,1,0,1.0,FT,8,THESPORTSDB_PREMIUM_LIVE,https://www.thesportsdb.com/api/v2/json/schedule/league/4649/2026,,AO-UEFA-2600605
TSD-4347-2398793,2398793,4347,Swedish Allsvenskan,SWE,2026,2025/26,2026-05-03 14:30:00+00:00,133984,134011,Elfsborg,AIK,1,1,0.5,FT,6,THESPORTSDB_PREMIUM_LIVE,https://www.thesportsdb.com/api/v2/json/schedule/league/4347/2026,AO-UEFA-52344,AO-UEFA-52341
TSD-4347-2398794,2398794,4347,Swedish Allsvenskan,SWE,2026,2025/26,2026-05-03 14:30:00+00:00,134725,135668,GAIS,Örgryte,4,0,1.0,FT,6,THESPORTSDB_PREMIUM_LIVE,https://www.thesportsdb.com/api/v2/json/schedule/league/4347/2026,,
TSD-4358-2399045,2399045,4358,Norwegian Eliteserien,NOR,2026,2025/26,2026-05-03 15:00:00+00:00,134754,134753,Kristiansund,Hamarkameratene,1,1,0.5,FT,7,THESPORTSDB_PREMIUM_LIVE,https://www.thesportsdb.com/api/v2/json/schedule/league/4358/2026,,
TSD-4358-2399046,2399046,4358,Norwegian Eliteserien,NOR,2026,2025/26,2026-05-03 15:00:00+00:00,135715,133998,Sandefjord,Aalesund,1,0,1.0,FT,7,THESPORTSDB_PREMIUM_LIVE,https://www.thesportsdb.com/api/v2/json/schedule/league/4358/2026,,
TSD-4358-2399047,2399047,4358,Norwegian Eliteserien,NOR,2026,2025/26,2026-05-03 15:00:00+00:00,134568,133997,Start,Tromsø,1,1,0.5,FT,7,THESPORTSDB_PREMIUM_LIVE,https://www.thesportsdb.com/api/v2/json/schedule/league/4358/2026,,
TSD-4649-2439999,2439999,AO-DOMESTIC:KAZ,Kazakhstan Premier League,KAZ,2026,2025/26,2026-05-03 15:00:00+00:00,AO:AO-UEFA-82825,AO:AO-UEFA-79973,Ordabasy Shymkent,Aktobe,2,0,1.0,FT,8,THESPORTSDB_PREMIUM_LIVE,https://www.thesportsdb.com/api/v2/json/schedule/league/4649/2026,AO-UEFA-82825,AO-UEFA-79973
TSD-4358-2399048,2399048,4358,Norwegian Eliteserien,NOR,2026,2025/26,2026-05-03 17:15:00+00:00,134574,135723,Vålerenga,KFUM-Kameratene Oslo,2,2,0.5,FT,7,THESPORTSDB_PREMIUM_LIVE,https://www.thesportsdb.com/api/v2/json/schedule/league/4358/2026,AO-UEFA-52318,
TSD-4347-2398792,2398792,4347,Swedish Allsvenskan,SWE,2026,2025/26,2026-05-04 17:00:00+00:00,134162,134161,Djurgården,IFK Göteborg,6,0,1.0,FT,6,THESPORTSDB_PREMIUM_LIVE,https://www.thesportsdb.com/api/v2/json/schedule/league/4347/2026,AO-UEFA-52809,
TSD-4347-2398795,2398795,4347,Swedish Allsvenskan,SWE,2026,2025/26,2026-05-04 17:00:00+00:00,134167,134170,Halmstad,Brommapojkarna,1,3,0.0,FT,6,THESPORTSDB_PREMIUM_LIVE,https://www.thesportsdb.com/api/v2/json/schedule/league/4347/2026,,
TSD-4358-2399049,2399049,4358,Norwegian Eliteserien,NOR,2026,2025/26,2026-05-04 17:00:00+00:00,135497,133958,Bodø/Glimt,Molde,0,1,0.0,FT,7,THESPORTSDB_PREMIUM_LIVE,https://www.thesportsdb.com/api/v2/json/schedule/league/4358/2026,AO-UEFA-59333,AO-UEFA-50142
TSD-4651-2434088,2434088,AO-DOMESTIC:LIT,Lithuanian A Lyga,LIT,2026,2025/26,2026-05-05 15:45:00+00:00,AO:AO-UEFA-2605907,137990,Kauno Žalgiris,Džiugas Telšiai,2,2,0.5,FT,12,THESPORTSDB_PREMIUM_LIVE,https://www.thesportsdb.com/api/v2/json/schedule/league/4651/2026,AO-UEFA-2605907,
TSD-4638-2420023,2420023,AO-DOMESTIC:GEO,Georgian Erovnuli Liga,GEO,2026,2025/26,2026-05-05 16:00:00+00:00,AO:AO-UEFA-64471,134056,Torpedo Kutaisi,Rustavi,1,1,0.5,FT,11,THESPORTSDB_PREMIUM_LIVE,https://www.thesportsdb.com/api/v2/json/schedule/league/4638/2026,AO-UEFA-64471,
TSD-4651-2434087,2434087,AO-DOMESTIC:LIT,Lithuanian A Lyga,LIT,2026,2025/26,2026-05-05 17:00:00+00:00,AO:AO-UEFA-2606168,AO:AO-UEFA-64348,Riteriai,Banga Gargždai,0,4,0.0,FT,12,THESPORTSDB_PREMIUM_LIVE,https://www.thesportsdb.com/api/v2/json/schedule/league/4651/2026,AO-UEFA-2606168,AO-UEFA-64348
TSD-4649-2440092,2440092,AO-DOMESTIC:KAZ,Kazakhstan Premier League,KAZ,2026,2025/26,2026-05-06 14:00:00+00:00,AO:AO-UEFA-79971,AO:AO-UEFA-79970,Kaisar Kyzylorda,Kairat Almaty,1,2,0.0,FT,20,THESPORTSDB_PREMIUM_LIVE,https://www.thesportsdb.com/api/v2/json/schedule/league/4649/2026,AO-UEFA-79971,AO-UEFA-79970
TSD-4638-2420019,2420019,AO-DOMESTIC:GEO,Georgian Erovnuli Liga,GEO,2026,2025/26,2026-05-06 15:00:00+00:00,AO:AO-UEFA-64467,AO:AO-UEFA-2605905,Dila Gori,Iberia 1999,0,1,0.0,FT,11,THESPORTSDB_PREMIUM_LIVE,https://www.thesportsdb.com/api/v2/json/schedule/league/4638/2026,AO-UEFA-64467,AO-UEFA-2605905
TSD-4638-2420022,2420022,AO-DOMESTIC:GEO,Georgian Erovnuli Liga,GEO,2026,2025/26,2026-05-06 15:00:00+00:00,140523,150495,Samgurali Tskhaltubo,Meshakhte Tkibuli,3,1,1.0,FT,11,THESPORTSDB_PREMIUM_LIVE,https://www.thesportsdb.com/api/v2/json/schedule/league/4638/2026,,
TSD-4651-2434089,2434089,AO-DOMESTIC:LIT,Lithuanian A Lyga,LIT,2026,2025/26,2026-05-06 15:30:00+00:00,141007,AO:AO-UEFA-2608927,Hegelmann,Panevėžys,3,2,1.0,FT,12,THESPORTSDB_PREMIUM_LIVE,https://www.thesportsdb.com/api/v2/json/schedule/league/4651/2026,,AO-UEFA-2608927
TSD-4651-2434090,2434090,AO-DOMESTIC:LIT,Lithuanian A Lyga,LIT,2026,2025/26,2026-05-06 16:30:00+00:00,AO:AO-UEFA-2602334,AO:AO-UEFA-77906,Žalgiris Vilnius,Šiauliai,3,1,1.0,FT,12,THESPORTSDB_PREMIUM_LIVE,https://www.thesportsdb.com/api/v2/json/schedule/league/4651/2026,AO-UEFA-2602334,AO-UEFA-77906
TSD-4638-2420021,2420021,AO-DOMESTIC:GEO,Georgian Erovnuli Liga,GEO,2026,2025/26,2026-05-06 17:00:00+00:00,AO:AO-UEFA-2600544,AO:AO-UEFA-59885,Gagra,Dinamo Batumi,1,2,0.0,FT,11,THESPORTSDB_PREMIUM_LIVE,https://www.thesportsdb.com/api/v2/json/schedule/league/4638/2026,AO-UEFA-2600544,AO-UEFA-59885
TSD-4651-2434091,2434091,AO-DOMESTIC:LIT,Lithuanian A Lyga,LIT,2026,2025/26,2026-05-06 17:00:00+00:00,AO:AO-UEFA-2613214,AO:AO-UEFA-79557,TransINVEST Vilnius,Sūduva,1,1,0.5,FT,12,THESPORTSDB_PREMIUM_LIVE,https://www.thesportsdb.com/api/v2/json/schedule/league/4651/2026,AO-UEFA-2613214,AO-UEFA-79557
TSD-4638-2420020,2420020,AO-DOMESTIC:GEO,Georgian Erovnuli Liga,GEO,2026,2025/26,2026-05-07 16:00:00+00:00,AO:AO-UEFA-52705,AO:AO-UEFA-2611621,Dinamo Tbilisi,Spaeri,2,1,1.0,FT,11,THESPORTSDB_PREMIUM_LIVE,https://www.thesportsdb.com/api/v2/json/schedule/league/4638/2026,AO-UEFA-52705,AO-UEFA-2611621
TSD-4347-2398801,2398801,4347,Swedish Allsvenskan,SWE,2026,2025/26,2026-05-08 17:00:00+00:00,133984,134170,Elfsborg,Brommapojkarna,2,0,1.0,FT,7,THESPORTSDB_PREMIUM_LIVE,https://www.thesportsdb.com/api/v2/json/schedule/league/4347/2026,AO-UEFA-52344,
TSD-4358-2399050,2399050,4358,Norwegian Eliteserien,NOR,2026,2025/26,2026-05-08 17:00:00+00:00,134753,134574,Hamarkameratene,Vålerenga,1,0,1.0,FT,8,THESPORTSDB_PREMIUM_LIVE,https://www.thesportsdb.com/api/v2/json/schedule/league/4358/2026,,AO-UEFA-52318
TSD-4649-2440006,2440006,AO-DOMESTIC:KAZ,Kazakhstan Premier League,KAZ,2026,2025/26,2026-05-09 10:00:00+00:00,138040,140521,Okzhetpes Kokshetau,Atyrau,0,0,0.5,FT,9,THESPORTSDB_PREMIUM_LIVE,https://www.thesportsdb.com/api/v2/json/schedule/league/4649/2026,,
TSD-4649-2440009,2440009,AO-DOMESTIC:KAZ,Kazakhstan Premier League,KAZ,2026,2025/26,2026-05-09 11:00:00+00:00,134052,148412,Jetysu Taldykorgan,Jeńis,2,3,0.0,FT,9,THESPORTSDB_PREMIUM_LIVE,https://www.thesportsdb.com/api/v2/json/schedule/league/4649/2026,,
TSD-4651-2475326,2475326,AO-DOMESTIC:LIT,Lithuanian A Lyga,LIT,2026,2025/26,2026-05-09 11:15:00+00:00,141007,AO:AO-UEFA-77906,Hegelmann,Šiauliai,1,1,0.5,FT,13,THESPORTSDB_PREMIUM_LIVE,https://www.thesportsdb.com/api/v2/json/schedule/league/4651/2026,,AO-UEFA-77906
TSD-4358-2399051,2399051,4358,Norwegian Eliteserien,NOR,2026,2025/26,2026-05-09 12:00:00+00:00,134566,134749,Sarpsborg 08,Fredrikstad,2,1,1.0,FT,8,THESPORTSDB_PREMIUM_LIVE,https://www.thesportsdb.com/api/v2/json/schedule/league/4358/2026,AO-UEFA-2604486,AO-UEFA-64211
TSD-4347-2398800,2398800,4347,Swedish Allsvenskan,SWE,2026,2025/26,2026-05-09 13:00:00+00:00,134728,134164,Degerfors,Mjällby,1,4,0.0,FT,7,THESPORTSDB_PREMIUM_LIVE,https://www.thesportsdb.com/api/v2/json/schedule/league/4347/2026,,AO-UEFA-74233
TSD-4347-2398802,2398802,4347,Swedish Allsvenskan,SWE,2026,2025/26,2026-05-09 13:00:00+00:00,134161,134731,IFK Göteborg,Hammarby,0,1,0.0,FT,7,THESPORTSDB_PREMIUM_LIVE,https://www.thesportsdb.com/api/v2/json/schedule/league/4347/2026,,AO-UEFA-52343
TSD-4347-2398806,2398806,4347,Swedish Allsvenskan,SWE,2026,2025/26,2026-05-09 13:00:00+00:00,136832,134725,Västerås,GAIS,0,1,0.0,FT,7,THESPORTSDB_PREMIUM_LIVE,https://www.thesportsdb.com/api/v2/json/schedule/league/4347/2026,,
TSD-4649-2440008,2440008,AO-DOMESTIC:KAZ,Kazakhstan Premier League,KAZ,2026,2025/26,2026-05-09 13:00:00+00:00,148411,138037,Elimai Semey,Caspiy Aktau,0,1,0.0,FT,9,THESPORTSDB_PREMIUM_LIVE,https://www.thesportsdb.com/api/v2/json/schedule/league/4649/2026,,
TSD-4649-2440004,2440004,AO-DOMESTIC:KAZ,Kazakhstan Premier League,KAZ,2026,2025/26,2026-05-09 14:00:00+00:00,AO:AO-UEFA-2600605,138039,Astana,Kyzylzhar Petropavl,2,1,1.0,FT,9,THESPORTSDB_PREMIUM_LIVE,https://www.thesportsdb.com/api/v2/json/schedule/league/4649/2026,AO-UEFA-2600605,
TSD-4649-2440007,2440007,AO-DOMESTIC:KAZ,Kazakhstan Premier League,KAZ,2026,2025/26,2026-05-09 15:00:00+00:00,AO:AO-UEFA-79969,AO:AO-UEFA-79964,Tobol,Irtysh Pavlodar,1,0,1.0,FT,9,THESPORTSDB_PREMIUM_LIVE,https://www.thesportsdb.com/api/v2/json/schedule/league/4649/2026,AO-UEFA-79969,AO-UEFA-79964
TSD-4651-2434093,2434093,AO-DOMESTIC:LIT,Lithuanian A Lyga,LIT,2026,2025/26,2026-05-09 15:00:00+00:00,137990,AO:AO-UEFA-2606168,Džiugas Telšiai,Riteriai,1,0,1.0,FT,13,THESPORTSDB_PREMIUM_LIVE,https://www.thesportsdb.com/api/v2/json/schedule/league/4651/2026,,AO-UEFA-2606168
TSD-4649-2440005,2440005,AO-DOMESTIC:KAZ,Kazakhstan Premier League,KAZ,2026,2025/26,2026-05-10 10:00:00+00:00,AO:AO-UEFA-79970,150755,Kairat Almaty,Ulytau,1,1,0.5,FT,9,THESPORTSDB_PREMIUM_LIVE,https://www.thesportsdb.com/api/v2/json/schedule/league/4649/2026,AO-UEFA-79970,
TSD-4649-2440003,2440003,AO-DOMESTIC:KAZ,Kazakhstan Premier League,KAZ,2026,2025/26,2026-05-10 11:00:00+00:00,144012,AO:AO-UEFA-82825,Altai Öskemen,Ordabasy Shymkent,0,0,0.5,FT,9,THESPORTSDB_PREMIUM_LIVE,https://www.thesportsdb.com/api/v2/json/schedule/league/4649/2026,,AO-UEFA-82825
TSD-4651-2434094,2434094,AO-DOMESTIC:LIT,Lithuanian A Lyga,LIT,2026,2025/26,2026-05-10 11:15:00+00:00,AO:AO-UEFA-79557,AO:AO-UEFA-2602334,Sūduva,Žalgiris Vilnius,1,1,0.5,FT,13,THESPORTSDB_PREMIUM_LIVE,https://www.thesportsdb.com/api/v2/json/schedule/league/4651/2026,AO-UEFA-79557,AO-UEFA-2602334
TSD-4347-2398799,2398799,4347,Swedish Allsvenskan,SWE,2026,2025/26,2026-05-10 12:00:00+00:00,134011,134162,AIK,Djurgården,2,4,0.0,FT,7,THESPORTSDB_PREMIUM_LIVE,https://www.thesportsdb.com/api/v2/json/schedule/league/4347/2026,AO-UEFA-52341,AO-UEFA-52809
TSD-4347-2398804,2398804,4347,Swedish Allsvenskan,SWE,2026,2025/26,2026-05-10 12:00:00+00:00,134002,134167,Kalmar,Halmstad,2,0,1.0,FT,7,THESPORTSDB_PREMIUM_LIVE,https://www.thesportsdb.com/api/v2/json/schedule/league/4347/2026,AO-UEFA-54187,
TSD-4638-2420026,2420026,AO-DOMESTIC:GEO,Georgian Erovnuli Liga,GEO,2026,2025/26,2026-05-10 12:00:00+00:00,150495,AO:AO-UEFA-64467,Meshakhte Tkibuli,Dila Gori,0,2,0.0,FT,12,THESPORTSDB_PREMIUM_LIVE,https://www.thesportsdb.com/api/v2/json/schedule/league/4638/2026,,AO-UEFA-64467
TSD-4649-2440002,2440002,AO-DOMESTIC:KAZ,Kazakhstan Premier League,KAZ,2026,2025/26,2026-05-10 12:00:00+00:00,AO:AO-UEFA-79973,AO:AO-UEFA-79971,Aktobe,Kaisar Kyzylorda,3,0,1.0,FT,9,THESPORTSDB_PREMIUM_LIVE,https://www.thesportsdb.com/api/v2/json/schedule/league/4649/2026,AO-UEFA-79973,AO-UEFA-79971
TSD-4358-2399052,2399052,4358,Norwegian Eliteserien,NOR,2026,2025/26,2026-05-10 12:30:00+00:00,133990,134569,Rosenborg,Lillestrøm,2,0,1.0,FT,8,THESPORTSDB_PREMIUM_LIVE,https://www.thesportsdb.com/api/v2/json/schedule/league/4358/2026,AO-UEFA-52806,AO-UEFA-52314
TSD-4651-2434095,2434095,AO-DOMESTIC:LIT,Lithuanian A Lyga,LIT,2026,2025/26,2026-05-10 14:00:00+00:00,AO:AO-UEFA-64348,AO:AO-UEFA-2613214,Banga Gargždai,TransINVEST Vilnius,2,2,0.5,FT,13,THESPORTSDB_PREMIUM_LIVE,https://www.thesportsdb.com/api/v2/json/schedule/league/4651/2026,AO-UEFA-64348,AO-UEFA-2613214
TSD-4347-2477914,2477914,4347,Swedish Allsvenskan,SWE,2026,2025/26,2026-05-10 14:30:00+00:00,134160,134166,Häcken,Malmö,3,2,1.0,FT,7,THESPORTSDB_PREMIUM_LIVE,https://www.thesportsdb.com/api/v2/json/schedule/league/4347/2026,AO-UEFA-69621,AO-UEFA-50152
TSD-4358-2399053,2399053,4358,Norwegian Eliteserien,NOR,2026,2025/26,2026-05-10 15:00:00+00:00,135723,134570,KFUM-Kameratene Oslo,Viking,0,2,0.0,FT,8,THESPORTSDB_PREMIUM_LIVE,https://www.thesportsdb.com/api/v2/json/schedule/league/4358/2026,,AO-UEFA-52319
TSD-4358-2399054,2399054,4358,Norwegian Eliteserien,NOR,2026,2025/26,2026-05-10 15:00:00+00:00,135715,134754,Sandefjord,Kristiansund,2,0,1.0,FT,8,THESPORTSDB_PREMIUM_LIVE,https://www.thesportsdb.com/api/v2/json/schedule/league/4358/2026,,
TSD-4358-2399056,2399056,4358,Norwegian Eliteserien,NOR,2026,2025/26,2026-05-10 15:00:00+00:00,133997,133958,Tromsø,Molde,2,0,1.0,FT,8,THESPORTSDB_PREMIUM_LIVE,https://www.thesportsdb.com/api/v2/json/schedule/league/4358/2026,,AO-UEFA-50142
TSD-4638-2420025,2420025,AO-DOMESTIC:GEO,Georgian Erovnuli Liga,GEO,2026,2025/26,2026-05-10 15:00:00+00:00,AO:AO-UEFA-2605905,AO:AO-UEFA-64471,Iberia 1999,Torpedo Kutaisi,1,1,0.5,FT,12,THESPORTSDB_PREMIUM_LIVE,https://www.thesportsdb.com/api/v2/json/schedule/league/4638/2026,AO-UEFA-2605905,AO-UEFA-64471
TSD-4651-2434096,2434096,AO-DOMESTIC:LIT,Lithuanian A Lyga,LIT,2026,2025/26,2026-05-10 16:00:00+00:00,AO:AO-UEFA-2608927,AO:AO-UEFA-2605907,Panevėžys,Kauno Žalgiris,1,1,0.5,FT,13,THESPORTSDB_PREMIUM_LIVE,https://www.thesportsdb.com/api/v2/json/schedule/league/4651/2026,AO-UEFA-2608927,AO-UEFA-2605907
TSD-4638-2420024,2420024,AO-DOMESTIC:GEO,Georgian Erovnuli Liga,GEO,2026,2025/26,2026-05-10 17:00:00+00:00,AO:AO-UEFA-59885,140523,Dinamo Batumi,Samgurali Tskhaltubo,3,1,1.0,FT,12,THESPORTSDB_PREMIUM_LIVE,https://www.thesportsdb.com/api/v2/json/schedule/league/4638/2026,AO-UEFA-59885,
TSD-4638-2420028,2420028,AO-DOMESTIC:GEO,Georgian Erovnuli Liga,GEO,2026,2025/26,2026-05-11 15:00:00+00:00,AO:AO-UEFA-2611621,AO:AO-UEFA-2600544,Spaeri,Gagra,3,0,1.0,FT,12,THESPORTSDB_PREMIUM_LIVE,https://www.thesportsdb.com/api/v2/json/schedule/league/4638/2026,AO-UEFA-2611621,AO-UEFA-2600544
TSD-4347-2398805,2398805,4347,Swedish Allsvenskan,SWE,2026,2025/26,2026-05-11 17:00:00+00:00,134724,135668,Sirius,Örgryte,2,0,1.0,FT,7,THESPORTSDB_PREMIUM_LIVE,https://www.thesportsdb.com/api/v2/json/schedule/league/4347/2026,,
TSD-4638-2420027,2420027,AO-DOMESTIC:GEO,Georgian Erovnuli Liga,GEO,2026,2025/26,2026-05-11 17:00:00+00:00,134056,AO:AO-UEFA-52705,Rustavi,Dinamo Tbilisi,2,3,0.0,FT,12,THESPORTSDB_PREMIUM_LIVE,https://www.thesportsdb.com/api/v2/json/schedule/league/4638/2026,,AO-UEFA-52705
TSD-4638-2420033,2420033,AO-DOMESTIC:GEO,Georgian Erovnuli Liga,GEO,2026,2025/26,2026-05-15 16:00:00+00:00,AO:AO-UEFA-64471,AO:AO-UEFA-64467,Torpedo Kutaisi,Dila Gori,2,1,1.0,FT,13,THESPORTSDB_PREMIUM_LIVE,https://www.thesportsdb.com/api/v2/json/schedule/league/4638/2026,AO-UEFA-64471,AO-UEFA-64467
TSD-4651-2434097,2434097,AO-DOMESTIC:LIT,Lithuanian A Lyga,LIT,2026,2025/26,2026-05-15 17:00:00+00:00,AO:AO-UEFA-2606168,AO:AO-UEFA-2608927,Riteriai,Panevėžys,0,3,0.0,AWD,14,THESPORTSDB_PREMIUM_LIVE,https://www.thesportsdb.com/api/v2/json/schedule/league/4651/2026,AO-UEFA-2606168,AO-UEFA-2608927
TSD-4649-2440016,2440016,AO-DOMESTIC:KAZ,Kazakhstan Premier League,KAZ,2026,2025/26,2026-05-16 10:00:00+00:00,150755,138037,Ulytau,Caspiy Aktau,1,0,1.0,FT,10,THESPORTSDB_PREMIUM_LIVE,https://www.thesportsdb.com/api/v2/json/schedule/league/4649/2026,,
TSD-4651-2434099,2434099,AO-DOMESTIC:LIT,Lithuanian A Lyga,LIT,2026,2025/26,2026-05-16 11:15:00+00:00,AO:AO-UEFA-2605907,AO:AO-UEFA-77906,Kauno Žalgiris,Šiauliai,0,0,0.5,FT,14,THESPORTSDB_PREMIUM_LIVE,https://www.thesportsdb.com/api/v2/json/schedule/league/4651/2026,AO-UEFA-2605907,AO-UEFA-77906
TSD-4358-2399058,2399058,4358,Norwegian Eliteserien,NOR,2026,2025/26,2026-05-16 12:00:00+00:00,134571,135723,Brann,KFUM-Kameratene Oslo,2,1,1.0,FT,9,THESPORTSDB_PREMIUM_LIVE,https://www.thesportsdb.com/api/v2/json/schedule/league/4358/2026,AO-UEFA-52770,
TSD-4649-2440014,2440014,AO-DOMESTIC:KAZ,Kazakhstan Premier League,KAZ,2026,2025/26,2026-05-16 12:00:00+00:00,138040,AO:AO-UEFA-2600605,Okzhetpes Kokshetau,Astana,1,0,1.0,FT,10,THESPORTSDB_PREMIUM_LIVE,https://www.thesportsdb.com/api/v2/json/schedule/league/4649/2026,,AO-UEFA-2600605
TSD-4347-2398809,2398809,4347,Swedish Allsvenskan,SWE,2026,2025/26,2026-05-16 13:00:00+00:00,134725,134728,GAIS,Degerfors,1,1,0.5,FT,8,THESPORTSDB_PREMIUM_LIVE,https://www.thesportsdb.com/api/v2/json/schedule/league/4347/2026,,
TSD-4347-2398810,2398810,4347,Swedish Allsvenskan,SWE,2026,2025/26,2026-05-16 13:00:00+00:00,134167,133984,Halmstad,Elfsborg,1,1,0.5,FT,8,THESPORTSDB_PREMIUM_LIVE,https://www.thesportsdb.com/api/v2/json/schedule/league/4347/2026,,AO-UEFA-52344
TSD-4638-2420031,2420031,AO-DOMESTIC:GEO,Georgian Erovnuli Liga,GEO,2026,2025/26,2026-05-16 13:00:00+00:00,AO:AO-UEFA-2600544,134056,Gagra,Rustavi,1,1,0.5,FT,13,THESPORTSDB_PREMIUM_LIVE,https://www.thesportsdb.com/api/v2/json/schedule/league/4638/2026,AO-UEFA-2600544,
TSD-4358-2399059,2399059,4358,Norwegian Eliteserien,NOR,2026,2025/26,2026-05-16 14:00:00+00:00,134749,134753,Fredrikstad,Hamarkameratene,2,1,1.0,FT,9,THESPORTSDB_PREMIUM_LIVE,https://www.thesportsdb.com/api/v2/json/schedule/league/4358/2026,AO-UEFA-64211,
TSD-4358-2399060,2399060,4358,Norwegian Eliteserien,NOR,2026,2025/26,2026-05-16 14:00:00+00:00,134569,135715,Lillestrøm,Sandefjord,3,1,1.0,FT,9,THESPORTSDB_PREMIUM_LIVE,https://www.thesportsdb.com/api/v2/json/schedule/league/4358/2026,AO-UEFA-52314,
TSD-4358-2399061,2399061,4358,Norwegian Eliteserien,NOR,2026,2025/26,2026-05-16 14:00:00+00:00,133958,134754,Molde,Kristiansund,1,0,1.0,FT,9,THESPORTSDB_PREMIUM_LIVE,https://www.thesportsdb.com/api/v2/json/schedule/league/4358/2026,AO-UEFA-50142,
TSD-4358-2399062,2399062,4358,Norwegian Eliteserien,NOR,2026,2025/26,2026-05-16 14:00:00+00:00,133990,133998,Rosenborg,Aalesund,2,3,0.0,FT,9,THESPORTSDB_PREMIUM_LIVE,https://www.thesportsdb.com/api/v2/json/schedule/league/4358/2026,AO-UEFA-52806,
TSD-4358-2399063,2399063,4358,Norwegian Eliteserien,NOR,2026,2025/26,2026-05-16 14:00:00+00:00,134570,134568,Viking,Start,6,3,1.0,FT,9,THESPORTSDB_PREMIUM_LIVE,https://www.thesportsdb.com/api/v2/json/schedule/league/4358/2026,AO-UEFA-52319,
TSD-4649-2440011,2440011,AO-DOMESTIC:KAZ,Kazakhstan Premier League,KAZ,2026,2025/26,2026-05-16 14:00:00+00:00,AO:AO-UEFA-79964,148411,Irtysh Pavlodar,Elimai Semey,2,2,0.5,FT,10,THESPORTSDB_PREMIUM_LIVE,https://www.thesportsdb.com/api/v2/json/schedule/league/4649/2026,AO-UEFA-79964,
TSD-4651-2434098,2434098,AO-DOMESTIC:LIT,Lithuanian A Lyga,LIT,2026,2025/26,2026-05-16 14:00:00+00:00,141007,AO:AO-UEFA-79557,Hegelmann,Sūduva,2,2,0.5,FT,14,THESPORTSDB_PREMIUM_LIVE,https://www.thesportsdb.com/api/v2/json/schedule/league/4651/2026,,AO-UEFA-79557
TSD-4638-2420030,2420030,AO-DOMESTIC:GEO,Georgian Erovnuli Liga,GEO,2026,2025/26,2026-05-16 15:00:00+00:00,AO:AO-UEFA-52705,AO:AO-UEFA-2605905,Dinamo Tbilisi,Iberia 1999,2,0,1.0,FT,13,THESPORTSDB_PREMIUM_LIVE,https://www.thesportsdb.com/api/v2/json/schedule/league/4638/2026,AO-UEFA-52705,AO-UEFA-2605905
TSD-4651-2434100,2434100,AO-DOMESTIC:LIT,Lithuanian A Lyga,LIT,2026,2025/26,2026-05-16 15:30:00+00:00,137990,AO:AO-UEFA-64348,Džiugas Telšiai,Banga Gargždai,0,1,0.0,FT,14,THESPORTSDB_PREMIUM_LIVE,https://www.thesportsdb.com/api/v2/json/schedule/league/4651/2026,,AO-UEFA-64348
TSD-4358-2399064,2399064,4358,Norwegian Eliteserien,NOR,2026,2025/26,2026-05-16 16:00:00+00:00,135497,133997,Bodø/Glimt,Tromsø,5,0,1.0,FT,9,THESPORTSDB_PREMIUM_LIVE,https://www.thesportsdb.com/api/v2/json/schedule/league/4358/2026,AO-UEFA-59333,
TSD-4638-2420029,2420029,AO-DOMESTIC:GEO,Georgian Erovnuli Liga,GEO,2026,2025/26,2026-05-16 17:00:00+00:00,AO:AO-UEFA-59885,150495,Dinamo Batumi,Meshakhte Tkibuli,2,1,1.0,FT,13,THESPORTSDB_PREMIUM_LIVE,https://www.thesportsdb.com/api/v2/json/schedule/league/4638/2026,AO-UEFA-59885,
TSD-4358-2399065,2399065,4358,Norwegian Eliteserien,NOR,2026,2025/26,2026-05-16 18:00:00+00:00,134574,134566,Vålerenga,Sarpsborg 08,3,2,1.0,FT,9,THESPORTSDB_PREMIUM_LIVE,https://www.thesportsdb.com/api/v2/json/schedule/league/4358/2026,AO-UEFA-52318,AO-UEFA-2604486
TSD-4649-2440013,2440013,AO-DOMESTIC:KAZ,Kazakhstan Premier League,KAZ,2026,2025/26,2026-05-17 11:00:00+00:00,138039,144012,Kyzylzhar Petropavl,Altai Öskemen,1,2,0.0,FT,10,THESPORTSDB_PREMIUM_LIVE,https://www.thesportsdb.com/api/v2/json/schedule/league/4649/2026,,
TSD-4651-2434101,2434101,AO-DOMESTIC:LIT,Lithuanian A Lyga,LIT,2026,2025/26,2026-05-17 11:15:00+00:00,AO:AO-UEFA-2613214,AO:AO-UEFA-2602334,TransINVEST Vilnius,Žalgiris Vilnius,1,0,1.0,FT,14,THESPORTSDB_PREMIUM_LIVE,https://www.thesportsdb.com/api/v2/json/schedule/league/4651/2026,AO-UEFA-2613214,AO-UEFA-2602334
TSD-4347-2398807,2398807,4347,Swedish Allsvenskan,SWE,2026,2025/26,2026-05-17 12:00:00+00:00,134170,134002,Brommapojkarna,Kalmar,1,0,1.0,FT,8,THESPORTSDB_PREMIUM_LIVE,https://www.thesportsdb.com/api/v2/json/schedule/league/4347/2026,,AO-UEFA-54187
TSD-4347-2477915,2477915,4347,Swedish Allsvenskan,SWE,2026,2025/26,2026-05-17 12:00:00+00:00,134731,134166,Hammarby,Malmö,4,1,1.0,FT,8,THESPORTSDB_PREMIUM_LIVE,https://www.thesportsdb.com/api/v2/json/schedule/league/4347/2026,AO-UEFA-52343,AO-UEFA-50152
TSD-4649-2440017,2440017,AO-DOMESTIC:KAZ,Kazakhstan Premier League,KAZ,2026,2025/26,2026-05-17 12:00:00+00:00,148412,AO:AO-UEFA-79970,Jeńis,Kairat Almaty,1,2,0.0,FT,10,THESPORTSDB_PREMIUM_LIVE,https://www.thesportsdb.com/api/v2/json/schedule/league/4649/2026,,AO-UEFA-79970
TSD-4649-2440010,2440010,AO-DOMESTIC:KAZ,Kazakhstan Premier League,KAZ,2026,2025/26,2026-05-17 13:00:00+00:00,140521,AO:AO-UEFA-79973,Atyrau,Aktobe,1,1,0.5,FT,10,THESPORTSDB_PREMIUM_LIVE,https://www.thesportsdb.com/api/v2/json/schedule/league/4649/2026,,AO-UEFA-79973
TSD-4649-2440012,2440012,AO-DOMESTIC:KAZ,Kazakhstan Premier League,KAZ,2026,2025/26,2026-05-17 14:00:00+00:00,AO:AO-UEFA-79971,AO:AO-UEFA-79969,Kaisar Kyzylorda,Tobol,2,1,1.0,FT,10,THESPORTSDB_PREMIUM_LIVE,https://www.thesportsdb.com/api/v2/json/schedule/league/4649/2026,AO-UEFA-79971,AO-UEFA-79969
TSD-4347-2398814,2398814,4347,Swedish Allsvenskan,SWE,2026,2025/26,2026-05-17 14:30:00+00:00,136832,134011,Västerås,AIK,1,1,0.5,FT,8,THESPORTSDB_PREMIUM_LIVE,https://www.thesportsdb.com/api/v2/json/schedule/league/4347/2026,,AO-UEFA-52341
TSD-4347-2477916,2477916,4347,Swedish Allsvenskan,SWE,2026,2025/26,2026-05-17 14:30:00+00:00,134164,134160,Mjällby,Häcken,0,1,0.0,FT,8,THESPORTSDB_PREMIUM_LIVE,https://www.thesportsdb.com/api/v2/json/schedule/league/4347/2026,AO-UEFA-74233,AO-UEFA-69621
TSD-4649-2440015,2440015,AO-DOMESTIC:KAZ,Kazakhstan Premier League,KAZ,2026,2025/26,2026-05-17 15:00:00+00:00,AO:AO-UEFA-82825,134052,Ordabasy Shymkent,Jetysu Taldykorgan,2,1,1.0,FT,10,THESPORTSDB_PREMIUM_LIVE,https://www.thesportsdb.com/api/v2/json/schedule/league/4649/2026,AO-UEFA-82825,
TSD-4638-2420032,2420032,AO-DOMESTIC:GEO,Georgian Erovnuli Liga,GEO,2026,2025/26,2026-05-17 16:00:00+00:00,140523,AO:AO-UEFA-2611621,Samgurali Tskhaltubo,Spaeri,0,0,0.5,FT,13,THESPORTSDB_PREMIUM_LIVE,https://www.thesportsdb.com/api/v2/json/schedule/league/4638/2026,,AO-UEFA-2611621
TSD-4347-2398808,2398808,4347,Swedish Allsvenskan,SWE,2026,2025/26,2026-05-18 17:00:00+00:00,134162,134724,Djurgården,Sirius,2,3,0.0,FT,8,THESPORTSDB_PREMIUM_LIVE,https://www.thesportsdb.com/api/v2/json/schedule/league/4347/2026,AO-UEFA-52809,
TSD-4347-2398813,2398813,4347,Swedish Allsvenskan,SWE,2026,2025/26,2026-05-19 13:00:00+00:00,135668,134161,Örgryte,IFK Göteborg,2,3,0.0,FT,8,THESPORTSDB_PREMIUM_LIVE,https://www.thesportsdb.com/api/v2/json/schedule/league/4347/2026,,
TSD-4638-2420036,2420036,AO-DOMESTIC:GEO,Georgian Erovnuli Liga,GEO,2026,2025/26,2026-05-20 12:00:00+00:00,150495,AO:AO-UEFA-64471,Meshakhte Tkibuli,Torpedo Kutaisi,1,4,0.0,FT,14,THESPORTSDB_PREMIUM_LIVE,https://www.thesportsdb.com/api/v2/json/schedule/league/4638/2026,,AO-UEFA-64471
TSD-4638-2420035,2420035,AO-DOMESTIC:GEO,Georgian Erovnuli Liga,GEO,2026,2025/26,2026-05-20 15:00:00+00:00,AO:AO-UEFA-2605905,AO:AO-UEFA-2600544,Iberia 1999,Gagra,1,0,1.0,FT,14,THESPORTSDB_PREMIUM_LIVE,https://www.thesportsdb.com/api/v2/json/schedule/league/4638/2026,AO-UEFA-2605905,AO-UEFA-2600544
TSD-4358-2399055,2399055,4358,Norwegian Eliteserien,NOR,2026,2025/26,2026-05-20 16:00:00+00:00,134568,135497,Start,Bodø/Glimt,1,4,0.0,FT,8,THESPORTSDB_PREMIUM_LIVE,https://www.thesportsdb.com/api/v2/json/schedule/league/4358/2026,,AO-UEFA-59333
TSD-4347-2398867,2398867,4347,Swedish Allsvenskan,SWE,2026,2025/26,2026-05-20 17:00:00+00:00,134725,134731,GAIS,Hammarby,2,0,1.0,FT,15,THESPORTSDB_PREMIUM_LIVE,https://www.thesportsdb.com/api/v2/json/schedule/league/4347/2026,,AO-UEFA-52343
TSD-4358-2399004,2399004,4358,Norwegian Eliteserien,NOR,2026,2025/26,2026-05-20 17:00:00+00:00,134569,134754,Lillestrøm,Kristiansund,1,2,0.0,FT,2,THESPORTSDB_PREMIUM_LIVE,https://www.thesportsdb.com/api/v2/json/schedule/league/4358/2026,AO-UEFA-52314,
TSD-4638-2420034,2420034,AO-DOMESTIC:GEO,Georgian Erovnuli Liga,GEO,2026,2025/26,2026-05-20 17:00:00+00:00,AO:AO-UEFA-64467,AO:AO-UEFA-52705,Dila Gori,Dinamo Tbilisi,0,0,0.5,FT,14,THESPORTSDB_PREMIUM_LIVE,https://www.thesportsdb.com/api/v2/json/schedule/league/4638/2026,AO-UEFA-64467,AO-UEFA-52705
TSD-4358-2399057,2399057,4358,Norwegian Eliteserien,NOR,2026,2025/26,2026-05-20 18:00:00+00:00,133998,134571,Aalesund,Brann,2,1,1.0,FT,8,THESPORTSDB_PREMIUM_LIVE,https://www.thesportsdb.com/api/v2/json/schedule/league/4358/2026,,AO-UEFA-52770
TSD-4638-2420038,2420038,AO-DOMESTIC:GEO,Georgian Erovnuli Liga,GEO,2026,2025/26,2026-05-21 15:00:00+00:00,AO:AO-UEFA-2611621,AO:AO-UEFA-59885,Spaeri,Dinamo Batumi,3,3,0.5,FT,14,THESPORTSDB_PREMIUM_LIVE,https://www.thesportsdb.com/api/v2/json/schedule/league/4638/2026,AO-UEFA-2611621,AO-UEFA-59885
TSD-4347-2398866,2398866,4347,Swedish Allsvenskan,SWE,2026,2025/26,2026-05-21 17:00:00+00:00,133984,134164,Elfsborg,Mjällby,1,1,0.5,FT,15,THESPORTSDB_PREMIUM_LIVE,https://www.thesportsdb.com/api/v2/json/schedule/league/4347/2026,AO-UEFA-52344,AO-UEFA-74233
TSD-4638-2420037,2420037,AO-DOMESTIC:GEO,Georgian Erovnuli Liga,GEO,2026,2025/26,2026-05-21 17:00:00+00:00,134056,140523,Rustavi,Samgurali Tskhaltubo,1,0,1.0,FT,14,THESPORTSDB_PREMIUM_LIVE,https://www.thesportsdb.com/api/v2/json/schedule/league/4638/2026,,
TSD-4649-2440019,2440019,AO-DOMESTIC:KAZ,Kazakhstan Premier League,KAZ,2026,2025/26,2026-05-22 10:00:00+00:00,144012,138040,Altai Öskemen,Okzhetpes Kokshetau,0,1,0.0,FT,11,THESPORTSDB_PREMIUM_LIVE,https://www.thesportsdb.com/api/v2/json/schedule/league/4649/2026,,
TSD-4649-2440020,2440020,AO-DOMESTIC:KAZ,Kazakhstan Premier League,KAZ,2026,2025/26,2026-05-22 12:00:00+00:00,AO:AO-UEFA-2600605,150755,Astana,Ulytau,3,0,1.0,FT,11,THESPORTSDB_PREMIUM_LIVE,https://www.thesportsdb.com/api/v2/json/schedule/league/4649/2026,AO-UEFA-2600605,
TSD-4649-2440022,2440022,AO-DOMESTIC:KAZ,Kazakhstan Premier League,KAZ,2026,2025/26,2026-05-22 14:00:00+00:00,138037,AO:AO-UEFA-79964,Caspiy Aktau,Irtysh Pavlodar,2,2,0.5,FT,11,THESPORTSDB_PREMIUM_LIVE,https://www.thesportsdb.com/api/v2/json/schedule/league/4649/2026,,AO-UEFA-79964
TSD-4347-2398815,2398815,4347,Swedish Allsvenskan,SWE,2026,2025/26,2026-05-22 17:00:00+00:00,134162,134170,Djurgården,Brommapojkarna,1,2,0.0,FT,9,THESPORTSDB_PREMIUM_LIVE,https://www.thesportsdb.com/api/v2/json/schedule/league/4347/2026,AO-UEFA-52809,
TSD-4649-2440025,2440025,AO-DOMESTIC:KAZ,Kazakhstan Premier League,KAZ,2026,2025/26,2026-05-23 11:00:00+00:00,134052,140521,Jetysu Taldykorgan,Atyrau,0,0,0.5,FT,11,THESPORTSDB_PREMIUM_LIVE,https://www.thesportsdb.com/api/v2/json/schedule/league/4649/2026,,
TSD-4651-2434102,2434102,AO-DOMESTIC:LIT,Lithuanian A Lyga,LIT,2026,2025/26,2026-05-23 11:15:00+00:00,AO:AO-UEFA-79557,AO:AO-UEFA-2605907,Sūduva,Kauno Žalgiris,2,1,1.0,FT,15,THESPORTSDB_PREMIUM_LIVE,https://www.thesportsdb.com/api/v2/json/schedule/league/4651/2026,AO-UEFA-79557,AO-UEFA-2605907
TSD-4649-2440024,2440024,AO-DOMESTIC:KAZ,Kazakhstan Premier League,KAZ,2026,2025/26,2026-05-23 12:00:00+00:00,148411,148412,Elimai Semey,Jeńis,2,1,1.0,FT,11,THESPORTSDB_PREMIUM_LIVE,https://www.thesportsdb.com/api/v2/json/schedule/league/4649/2026,,
TSD-4347-2398818,2398818,4347,Swedish Allsvenskan,SWE,2026,2025/26,2026-05-23 13:00:00+00:00,134167,135668,Halmstad,Örgryte,2,0,1.0,FT,9,THESPORTSDB_PREMIUM_LIVE,https://www.thesportsdb.com/api/v2/json/schedule/league/4347/2026,,
TSD-4347-2398820,2398820,4347,Swedish Allsvenskan,SWE,2026,2025/26,2026-05-23 13:00:00+00:00,134002,134728,Kalmar,Degerfors,2,1,1.0,FT,9,THESPORTSDB_PREMIUM_LIVE,https://www.thesportsdb.com/api/v2/json/schedule/league/4347/2026,AO-UEFA-54187,
TSD-4649-2440021,2440021,AO-DOMESTIC:KAZ,Kazakhstan Premier League,KAZ,2026,2025/26,2026-05-23 13:00:00+00:00,AO:AO-UEFA-79970,AO:AO-UEFA-79971,Kairat Almaty,Kaisar Kyzylorda,0,0,0.5,FT,11,THESPORTSDB_PREMIUM_LIVE,https://www.thesportsdb.com/api/v2/json/schedule/league/4649/2026,AO-UEFA-79970,AO-UEFA-79971
TSD-4649-2440018,2440018,AO-DOMESTIC:KAZ,Kazakhstan Premier League,KAZ,2026,2025/26,2026-05-23 14:00:00+00:00,AO:AO-UEFA-79973,138039,Aktobe,Kyzylzhar Petropavl,0,0,0.5,FT,11,THESPORTSDB_PREMIUM_LIVE,https://www.thesportsdb.com/api/v2/json/schedule/league/4649/2026,AO-UEFA-79973,
TSD-4649-2440023,2440023,AO-DOMESTIC:KAZ,Kazakhstan Premier League,KAZ,2026,2025/26,2026-05-23 15:00:00+00:00,AO:AO-UEFA-79969,AO:AO-UEFA-82825,Tobol,Ordabasy Shymkent,0,3,0.0,FT,11,THESPORTSDB_PREMIUM_LIVE,https://www.thesportsdb.com/api/v2/json/schedule/league/4649/2026,AO-UEFA-79969,AO-UEFA-82825
TSD-4651-2434103,2434103,AO-DOMESTIC:LIT,Lithuanian A Lyga,LIT,2026,2025/26,2026-05-24 11:15:00+00:00,AO:AO-UEFA-2602334,141007,Žalgiris Vilnius,Hegelmann,1,3,0.0,FT,15,THESPORTSDB_PREMIUM_LIVE,https://www.thesportsdb.com/api/v2/json/schedule/league/4651/2026,AO-UEFA-2602334,
TSD-4347-2398819,2398819,4347,Swedish Allsvenskan,SWE,2026,2025/26,2026-05-24 12:00:00+00:00,134731,134011,Hammarby,AIK,1,2,0.0,FT,9,THESPORTSDB_PREMIUM_LIVE,https://www.thesportsdb.com/api/v2/json/schedule/league/4347/2026,AO-UEFA-52343,AO-UEFA-52341
TSD-4347-2398822,2398822,4347,Swedish Allsvenskan,SWE,2026,2025/26,2026-05-24 12:00:00+00:00,134724,134725,Sirius,GAIS,2,1,1.0,FT,9,THESPORTSDB_PREMIUM_LIVE,https://www.thesportsdb.com/api/v2/json/schedule/league/4347/2026,,
TSD-4358-2399066,2399066,4358,Norwegian Eliteserien,NOR,2026,2025/26,2026-05-24 14:00:00+00:00,135497,134571,Bodø/Glimt,Brann,3,1,1.0,FT,10,THESPORTSDB_PREMIUM_LIVE,https://www.thesportsdb.com/api/v2/json/schedule/league/4358/2026,AO-UEFA-59333,AO-UEFA-52770
TSD-4651-2434104,2434104,AO-DOMESTIC:LIT,Lithuanian A Lyga,LIT,2026,2025/26,2026-05-24 14:00:00+00:00,AO:AO-UEFA-2608927,AO:AO-UEFA-64348,Panevėžys,Banga Gargždai,1,0,1.0,FT,15,THESPORTSDB_PREMIUM_LIVE,https://www.thesportsdb.com/api/v2/json/schedule/league/4651/2026,AO-UEFA-2608927,AO-UEFA-64348
TSD-4347-2477918,2477918,4347,Swedish Allsvenskan,SWE,2026,2025/26,2026-05-24 14:30:00+00:00,134166,136832,Malmö,Västerås,2,3,0.0,FT,9,THESPORTSDB_PREMIUM_LIVE,https://www.thesportsdb.com/api/v2/json/schedule/league/4347/2026,AO-UEFA-50152,
TSD-4638-2420040,2420040,AO-DOMESTIC:GEO,Georgian Erovnuli Liga,GEO,2026,2025/26,2026-05-24 15:00:00+00:00,AO:AO-UEFA-52705,AO:AO-UEFA-64471,Dinamo Tbilisi,Torpedo Kutaisi,0,1,0.0,FT,15,THESPORTSDB_PREMIUM_LIVE,https://www.thesportsdb.com/api/v2/json/schedule/league/4638/2026,AO-UEFA-52705,AO-UEFA-64471
TSD-4651-2434105,2434105,AO-DOMESTIC:LIT,Lithuanian A Lyga,LIT,2026,2025/26,2026-05-24 15:00:00+00:00,137990,AO:AO-UEFA-2613214,Džiugas Telšiai,TransINVEST Vilnius,3,2,1.0,FT,15,THESPORTSDB_PREMIUM_LIVE,https://www.thesportsdb.com/api/v2/json/schedule/league/4651/2026,,AO-UEFA-2613214
TSD-4358-2399069,2399069,4358,Norwegian Eliteserien,NOR,2026,2025/26,2026-05-24 16:00:00+00:00,134754,134570,Kristiansund,Viking,1,2,0.0,FT,10,THESPORTSDB_PREMIUM_LIVE,https://www.thesportsdb.com/api/v2/json/schedule/league/4358/2026,,AO-UEFA-52319
TSD-4638-2420041,2420041,AO-DOMESTIC:GEO,Georgian Erovnuli Liga,GEO,2026,2025/26,2026-05-24 17:00:00+00:00,AO:AO-UEFA-2600544,AO:AO-UEFA-64467,Gagra,Dila Gori,2,0,1.0,FT,15,THESPORTSDB_PREMIUM_LIVE,https://www.thesportsdb.com/api/v2/json/schedule/league/4638/2026,AO-UEFA-2600544,AO-UEFA-64467
TSD-4358-2399072,2399072,4358,Norwegian Eliteserien,NOR,2026,2025/26,2026-05-25 12:30:00+00:00,134568,134574,Start,Vålerenga,2,0,1.0,FT,10,THESPORTSDB_PREMIUM_LIVE,https://www.thesportsdb.com/api/v2/json/schedule/league/4358/2026,,AO-UEFA-52318
TSD-4358-2399067,2399067,4358,Norwegian Eliteserien,NOR,2026,2025/26,2026-05-25 15:00:00+00:00,134753,134569,Hamarkameratene,Lillestrøm,2,0,1.0,FT,10,THESPORTSDB_PREMIUM_LIVE,https://www.thesportsdb.com/api/v2/json/schedule/league/4358/2026,,AO-UEFA-52314
TSD-4358-2399068,2399068,4358,Norwegian Eliteserien,NOR,2026,2025/26,2026-05-25 15:00:00+00:00,135723,133990,KFUM-Kameratene Oslo,Rosenborg,2,0,1.0,FT,10,THESPORTSDB_PREMIUM_LIVE,https://www.thesportsdb.com/api/v2/json/schedule/league/4358/2026,,AO-UEFA-52806
TSD-4358-2399071,2399071,4358,Norwegian Eliteserien,NOR,2026,2025/26,2026-05-25 15:00:00+00:00,134566,133958,Sarpsborg 08,Molde,2,1,1.0,FT,10,THESPORTSDB_PREMIUM_LIVE,https://www.thesportsdb.com/api/v2/json/schedule/league/4358/2026,AO-UEFA-2604486,AO-UEFA-50142
TSD-4358-2399073,2399073,4358,Norwegian Eliteserien,NOR,2026,2025/26,2026-05-25 15:00:00+00:00,133997,133998,Tromsø,Aalesund,1,1,0.5,FT,10,THESPORTSDB_PREMIUM_LIVE,https://www.thesportsdb.com/api/v2/json/schedule/league/4358/2026,,
TSD-4638-2420042,2420042,AO-DOMESTIC:GEO,Georgian Erovnuli Liga,GEO,2026,2025/26,2026-05-25 15:00:00+00:00,140523,AO:AO-UEFA-2605905,Samgurali Tskhaltubo,Iberia 1999,3,2,1.0,FT,15,THESPORTSDB_PREMIUM_LIVE,https://www.thesportsdb.com/api/v2/json/schedule/league/4638/2026,,AO-UEFA-2605905
TSD-4651-2434106,2434106,AO-DOMESTIC:LIT,Lithuanian A Lyga,LIT,2026,2025/26,2026-05-25 15:30:00+00:00,AO:AO-UEFA-77906,AO:AO-UEFA-2606168,Šiauliai,Riteriai,2,0,1.0,FT,15,THESPORTSDB_PREMIUM_LIVE,https://www.thesportsdb.com/api/v2/json/schedule/league/4651/2026,AO-UEFA-77906,AO-UEFA-2606168
TSD-4347-2398817,2398817,4347,Swedish Allsvenskan,SWE,2026,2025/26,2026-05-25 17:00:00+00:00,134161,134164,IFK Göteborg,Mjällby,1,1,0.5,FT,9,THESPORTSDB_PREMIUM_LIVE,https://www.thesportsdb.com/api/v2/json/schedule/league/4347/2026,,AO-UEFA-74233
TSD-4347-2477917,2477917,4347,Swedish Allsvenskan,SWE,2026,2025/26,2026-05-25 17:00:00+00:00,133984,134160,Elfsborg,Häcken,1,1,0.5,FT,9,THESPORTSDB_PREMIUM_LIVE,https://www.thesportsdb.com/api/v2/json/schedule/league/4347/2026,AO-UEFA-52344,AO-UEFA-69621
TSD-4638-2420039,2420039,AO-DOMESTIC:GEO,Georgian Erovnuli Liga,GEO,2026,2025/26,2026-05-25 17:00:00+00:00,AO:AO-UEFA-59885,134056,Dinamo Batumi,Rustavi,1,0,1.0,FT,15,THESPORTSDB_PREMIUM_LIVE,https://www.thesportsdb.com/api/v2/json/schedule/league/4638/2026,AO-UEFA-59885,
TSD-4638-2420043,2420043,AO-DOMESTIC:GEO,Georgian Erovnuli Liga,GEO,2026,2025/26,2026-05-25 17:00:00+00:00,AO:AO-UEFA-2611621,150495,Spaeri,Meshakhte Tkibuli,2,1,1.0,FT,15,THESPORTSDB_PREMIUM_LIVE,https://www.thesportsdb.com/api/v2/json/schedule/league/4638/2026,AO-UEFA-2611621,
TSD-4358-2399070,2399070,4358,Norwegian Eliteserien,NOR,2026,2025/26,2026-05-25 17:15:00+00:00,135715,134749,Sandefjord,Fredrikstad,1,1,0.5,FT,10,THESPORTSDB_PREMIUM_LIVE,https://www.thesportsdb.com/api/v2/json/schedule/league/4358/2026,,AO-UEFA-64211
TSD-4649-2440026,2440026,AO-DOMESTIC:KAZ,Kazakhstan Premier League,KAZ,2026,2025/26,2026-05-27 11:00:00+00:00,144012,AO:AO-UEFA-2600605,Altai Öskemen,Astana,1,1,0.5,FT,12,THESPORTSDB_PREMIUM_LIVE,https://www.thesportsdb.com/api/v2/json/schedule/league/4649/2026,,AO-UEFA-2600605
TSD-4649-2440028,2440028,AO-DOMESTIC:KAZ,Kazakhstan Premier League,KAZ,2026,2025/26,2026-05-27 13:00:00+00:00,AO:AO-UEFA-79964,150755,Irtysh Pavlodar,Ulytau,1,1,0.5,FT,12,THESPORTSDB_PREMIUM_LIVE,https://www.thesportsdb.com/api/v2/json/schedule/league/4649/2026,AO-UEFA-79964,
TSD-4649-2440031,2440031,AO-DOMESTIC:KAZ,Kazakhstan Premier League,KAZ,2026,2025/26,2026-05-28 10:00:00+00:00,138040,AO:AO-UEFA-79973,Okzhetpes Kokshetau,Aktobe,2,2,0.5,FT,12,THESPORTSDB_PREMIUM_LIVE,https://www.thesportsdb.com/api/v2/json/schedule/league/4649/2026,,AO-UEFA-79973
TSD-4649-2440030,2440030,AO-DOMESTIC:KAZ,Kazakhstan Premier League,KAZ,2026,2025/26,2026-05-28 11:00:00+00:00,138039,134052,Kyzylzhar Petropavl,Jetysu Taldykorgan,3,2,1.0,FT,12,THESPORTSDB_PREMIUM_LIVE,https://www.thesportsdb.com/api/v2/json/schedule/league/4649/2026,,
TSD-4649-2440027,2440027,AO-DOMESTIC:KAZ,Kazakhstan Premier League,KAZ,2026,2025/26,2026-05-28 13:00:00+00:00,140521,AO:AO-UEFA-79969,Atyrau,Tobol,1,1,0.5,FT,12,THESPORTSDB_PREMIUM_LIVE,https://www.thesportsdb.com/api/v2/json/schedule/league/4649/2026,,AO-UEFA-79969
TSD-4649-2440029,2440029,AO-DOMESTIC:KAZ,Kazakhstan Premier League,KAZ,2026,2025/26,2026-05-28 14:00:00+00:00,AO:AO-UEFA-79971,148411,Kaisar Kyzylorda,Elimai Semey,2,3,0.0,FT,12,THESPORTSDB_PREMIUM_LIVE,https://www.thesportsdb.com/api/v2/json/schedule/league/4649/2026,AO-UEFA-79971,
TSD-4649-2440033,2440033,AO-DOMESTIC:KAZ,Kazakhstan Premier League,KAZ,2026,2025/26,2026-05-28 14:00:00+00:00,148412,138037,Jeńis,Caspiy Aktau,1,0,1.0,FT,12,THESPORTSDB_PREMIUM_LIVE,https://www.thesportsdb.com/api/v2/json/schedule/league/4649/2026,,
TSD-4649-2440032,2440032,AO-DOMESTIC:KAZ,Kazakhstan Premier League,KAZ,2026,2025/26,2026-05-28 15:00:00+00:00,AO:AO-UEFA-82825,AO:AO-UEFA-79970,Ordabasy Shymkent,Kairat Almaty,2,1,1.0,FT,12,THESPORTSDB_PREMIUM_LIVE,https://www.thesportsdb.com/api/v2/json/schedule/league/4649/2026,AO-UEFA-82825,AO-UEFA-79970
TSD-4638-2420048,2420048,AO-DOMESTIC:GEO,Georgian Erovnuli Liga,GEO,2026,2025/26,2026-05-28 16:00:00+00:00,AO:AO-UEFA-64471,AO:AO-UEFA-2600544,Torpedo Kutaisi,Gagra,1,2,0.0,FT,16,THESPORTSDB_PREMIUM_LIVE,https://www.thesportsdb.com/api/v2/json/schedule/league/4638/2026,AO-UEFA-64471,AO-UEFA-2600544
TSD-4638-2420044,2420044,AO-DOMESTIC:GEO,Georgian Erovnuli Liga,GEO,2026,2025/26,2026-05-29 15:00:00+00:00,AO:AO-UEFA-64467,140523,Dila Gori,Samgurali Tskhaltubo,2,3,0.0,FT,16,THESPORTSDB_PREMIUM_LIVE,https://www.thesportsdb.com/api/v2/json/schedule/league/4638/2026,AO-UEFA-64467,
TSD-4651-2434107,2434107,AO-DOMESTIC:LIT,Lithuanian A Lyga,LIT,2026,2025/26,2026-05-29 16:00:00+00:00,AO:AO-UEFA-2613214,141007,TransINVEST Vilnius,Hegelmann,2,1,1.0,FT,16,THESPORTSDB_PREMIUM_LIVE,https://www.thesportsdb.com/api/v2/json/schedule/league/4651/2026,AO-UEFA-2613214,
TSD-4347-2398829,2398829,4347,Swedish Allsvenskan,SWE,2026,2025/26,2026-05-29 17:00:00+00:00,135668,133984,Örgryte,Elfsborg,2,2,0.5,FT,10,THESPORTSDB_PREMIUM_LIVE,https://www.thesportsdb.com/api/v2/json/schedule/league/4347/2026,,AO-UEFA-52344
TSD-4358-2399074,2399074,4358,Norwegian Eliteserien,NOR,2026,2025/26,2026-05-29 17:00:00+00:00,133998,134753,Aalesund,Hamarkameratene,2,2,0.5,FT,11,THESPORTSDB_PREMIUM_LIVE,https://www.thesportsdb.com/api/v2/json/schedule/league/4358/2026,,
TSD-4358-2399075,2399075,4358,Norwegian Eliteserien,NOR,2026,2025/26,2026-05-29 17:00:00+00:00,134571,134566,Brann,Sarpsborg 08,1,2,0.0,FT,11,THESPORTSDB_PREMIUM_LIVE,https://www.thesportsdb.com/api/v2/json/schedule/league/4358/2026,AO-UEFA-52770,AO-UEFA-2604486
TSD-4358-2399076,2399076,4358,Norwegian Eliteserien,NOR,2026,2025/26,2026-05-29 17:00:00+00:00,134749,134568,Fredrikstad,Start,2,1,1.0,FT,11,THESPORTSDB_PREMIUM_LIVE,https://www.thesportsdb.com/api/v2/json/schedule/league/4358/2026,AO-UEFA-64211,
TSD-4358-2399077,2399077,4358,Norwegian Eliteserien,NOR,2026,2025/26,2026-05-29 17:00:00+00:00,135723,133997,KFUM-Kameratene Oslo,Tromsø,0,0,0.5,FT,11,THESPORTSDB_PREMIUM_LIVE,https://www.thesportsdb.com/api/v2/json/schedule/league/4358/2026,,
TSD-4358-2399080,2399080,4358,Norwegian Eliteserien,NOR,2026,2025/26,2026-05-29 17:00:00+00:00,133990,135497,Rosenborg,Bodø/Glimt,2,2,0.5,FT,11,THESPORTSDB_PREMIUM_LIVE,https://www.thesportsdb.com/api/v2/json/schedule/league/4358/2026,AO-UEFA-52806,AO-UEFA-59333
TSD-4358-2399081,2399081,4358,Norwegian Eliteserien,NOR,2026,2025/26,2026-05-29 17:00:00+00:00,134574,134754,Vålerenga,Kristiansund,3,1,1.0,FT,11,THESPORTSDB_PREMIUM_LIVE,https://www.thesportsdb.com/api/v2/json/schedule/league/4358/2026,AO-UEFA-52318,
TSD-4638-2420045,2420045,AO-DOMESTIC:GEO,Georgian Erovnuli Liga,GEO,2026,2025/26,2026-05-29 17:00:00+00:00,AO:AO-UEFA-2605905,AO:AO-UEFA-59885,Iberia 1999,Dinamo Batumi,1,0,1.0,FT,16,THESPORTSDB_PREMIUM_LIVE,https://www.thesportsdb.com/api/v2/json/schedule/league/4638/2026,AO-UEFA-2605905,AO-UEFA-59885
TSD-4638-2420047,2420047,AO-DOMESTIC:GEO,Georgian Erovnuli Liga,GEO,2026,2025/26,2026-05-29 17:00:00+00:00,134056,AO:AO-UEFA-2611621,Rustavi,Spaeri,2,1,1.0,FT,16,THESPORTSDB_PREMIUM_LIVE,https://www.thesportsdb.com/api/v2/json/schedule/league/4638/2026,,AO-UEFA-2611621
TSD-4651-2434109,2434109,AO-DOMESTIC:LIT,Lithuanian A Lyga,LIT,2026,2025/26,2026-05-29 17:00:00+00:00,AO:AO-UEFA-2606168,AO:AO-UEFA-79557,Riteriai,Sūduva,0,3,0.0,FT,16,THESPORTSDB_PREMIUM_LIVE,https://www.thesportsdb.com/api/v2/json/schedule/league/4651/2026,AO-UEFA-2606168,AO-UEFA-79557
TSD-4638-2420046,2420046,AO-DOMESTIC:GEO,Georgian Erovnuli Liga,GEO,2026,2025/26,2026-05-30 10:00:00+00:00,150495,AO:AO-UEFA-52705,Meshakhte Tkibuli,Dinamo Tbilisi,1,6,0.0,FT,16,THESPORTSDB_PREMIUM_LIVE,https://www.thesportsdb.com/api/v2/json/schedule/league/4638/2026,,AO-UEFA-52705
TSD-4651-2434108,2434108,AO-DOMESTIC:LIT,Lithuanian A Lyga,LIT,2026,2025/26,2026-05-30 11:15:00+00:00,137990,AO:AO-UEFA-2608927,Džiugas Telšiai,Panevėžys,4,0,1.0,FT,16,THESPORTSDB_PREMIUM_LIVE,https://www.thesportsdb.com/api/v2/json/schedule/league/4651/2026,,AO-UEFA-2608927
TSD-4651-2434110,2434110,AO-DOMESTIC:LIT,Lithuanian A Lyga,LIT,2026,2025/26,2026-05-30 12:30:00+00:00,AO:AO-UEFA-64348,AO:AO-UEFA-77906,Banga Gargždai,Šiauliai,1,1,0.5,FT,16,THESPORTSDB_PREMIUM_LIVE,https://www.thesportsdb.com/api/v2/json/schedule/league/4651/2026,AO-UEFA-64348,AO-UEFA-77906
TSD-4347-2398823,2398823,4347,Swedish Allsvenskan,SWE,2026,2025/26,2026-05-30 13:00:00+00:00,134011,134724,AIK,Sirius,0,3,0.0,FT,10,THESPORTSDB_PREMIUM_LIVE,https://www.thesportsdb.com/api/v2/json/schedule/league/4347/2026,AO-UEFA-52341,
TSD-4347-2398825,2398825,4347,Swedish Allsvenskan,SWE,2026,2025/26,2026-05-30 13:00:00+00:00,134725,134002,GAIS,Kalmar,3,0,1.0,FT,10,THESPORTSDB_PREMIUM_LIVE,https://www.thesportsdb.com/api/v2/json/schedule/league/4347/2026,,AO-UEFA-54187
TSD-4347-2477920,2477920,4347,Swedish Allsvenskan,SWE,2026,2025/26,2026-05-30 13:00:00+00:00,134166,134167,Malmö,Halmstad,5,2,1.0,FT,10,THESPORTSDB_PREMIUM_LIVE,https://www.thesportsdb.com/api/v2/json/schedule/league/4347/2026,AO-UEFA-50152,
TSD-4358-2399079,2399079,4358,Norwegian Eliteserien,NOR,2026,2025/26,2026-05-30 14:00:00+00:00,133958,135715,Molde,Sandefjord,2,1,1.0,FT,11,THESPORTSDB_PREMIUM_LIVE,https://www.thesportsdb.com/api/v2/json/schedule/league/4358/2026,AO-UEFA-50142,
TSD-4651-2434111,2434111,AO-DOMESTIC:LIT,Lithuanian A Lyga,LIT,2026,2025/26,2026-05-31 11:15:00+00:00,AO:AO-UEFA-2605907,AO:AO-UEFA-2602334,Kauno Žalgiris,Žalgiris Vilnius,0,1,0.0,FT,16,THESPORTSDB_PREMIUM_LIVE,https://www.thesportsdb.com/api/v2/json/schedule/league/4651/2026,AO-UEFA-2605907,AO-UEFA-2602334
TSD-4347-2398824,2398824,4347,Swedish Allsvenskan,SWE,2026,2025/26,2026-05-31 12:00:00+00:00,134728,134170,Degerfors,Brommapojkarna,2,2,0.5,FT,10,THESPORTSDB_PREMIUM_LIVE,https://www.thesportsdb.com/api/v2/json/schedule/league/4347/2026,,
TSD-4347-2398830,2398830,4347,Swedish Allsvenskan,SWE,2026,2025/26,2026-05-31 12:00:00+00:00,136832,134161,Västerås,IFK Göteborg,4,5,0.0,FT,10,THESPORTSDB_PREMIUM_LIVE,https://www.thesportsdb.com/api/v2/json/schedule/league/4347/2026,,
TSD-4347-2477919,2477919,4347,Swedish Allsvenskan,SWE,2026,2025/26,2026-05-31 12:00:00+00:00,134160,134731,Häcken,Hammarby,3,2,1.0,FT,10,THESPORTSDB_PREMIUM_LIVE,https://www.thesportsdb.com/api/v2/json/schedule/league/4347/2026,AO-UEFA-69621,AO-UEFA-52343
TSD-4638-2420053,2420053,AO-DOMESTIC:GEO,Georgian Erovnuli Liga,GEO,2026,2025/26,2026-06-12 15:00:00+00:00,AO:AO-UEFA-2611621,AO:AO-UEFA-2605905,Spaeri,Iberia 1999,1,1,0.5,FT,17,THESPORTSDB_PREMIUM_LIVE,https://www.thesportsdb.com/api/v2/json/schedule/league/4638/2026,AO-UEFA-2611621,AO-UEFA-2605905
TSD-4651-2434115,2434115,AO-DOMESTIC:LIT,Lithuanian A Lyga,LIT,2026,2025/26,2026-06-12 15:30:00+00:00,AO:AO-UEFA-2608927,AO:AO-UEFA-2613214,Panevėžys,TransINVEST Vilnius,1,2,0.0,FT,17,THESPORTSDB_PREMIUM_LIVE,https://www.thesportsdb.com/api/v2/json/schedule/league/4651/2026,AO-UEFA-2608927,AO-UEFA-2613214
TSD-4651-2434112,2434112,AO-DOMESTIC:LIT,Lithuanian A Lyga,LIT,2026,2025/26,2026-06-12 16:00:00+00:00,137990,AO:AO-UEFA-77906,Džiugas Telšiai,Šiauliai,4,3,1.0,FT,17,THESPORTSDB_PREMIUM_LIVE,https://www.thesportsdb.com/api/v2/json/schedule/league/4651/2026,,AO-UEFA-77906
TSD-4638-2420049,2420049,AO-DOMESTIC:GEO,Georgian Erovnuli Liga,GEO,2026,2025/26,2026-06-12 17:00:00+00:00,AO:AO-UEFA-59885,AO:AO-UEFA-64467,Dinamo Batumi,Dila Gori,3,2,1.0,FT,17,THESPORTSDB_PREMIUM_LIVE,https://www.thesportsdb.com/api/v2/json/schedule/league/4638/2026,AO-UEFA-59885,AO-UEFA-64467
TSD-4651-2434113,2434113,AO-DOMESTIC:LIT,Lithuanian A Lyga,LIT,2026,2025/26,2026-06-12 17:00:00+00:00,AO:AO-UEFA-2602334,AO:AO-UEFA-2606168,Žalgiris Vilnius,Riteriai,3,2,1.0,FT,17,THESPORTSDB_PREMIUM_LIVE,https://www.thesportsdb.com/api/v2/json/schedule/league/4651/2026,AO-UEFA-2602334,AO-UEFA-2606168
TSD-4649-2440038,2440038,AO-DOMESTIC:KAZ,Kazakhstan Premier League,KAZ,2026,2025/26,2026-06-13 11:00:00+00:00,AO:AO-UEFA-79969,138039,Tobol,Kyzylzhar Petropavl,2,0,1.0,FT,13,THESPORTSDB_PREMIUM_LIVE,https://www.thesportsdb.com/api/v2/json/schedule/league/4649/2026,AO-UEFA-79969,
TSD-4651-2434114,2434114,AO-DOMESTIC:LIT,Lithuanian A Lyga,LIT,2026,2025/26,2026-06-13 11:15:00+00:00,AO:AO-UEFA-79557,AO:AO-UEFA-64348,Sūduva,Banga Gargždai,0,0,0.5,FT,17,THESPORTSDB_PREMIUM_LIVE,https://www.thesportsdb.com/api/v2/json/schedule/league/4651/2026,AO-UEFA-79557,AO-UEFA-64348
TSD-4649-2440041,2440041,AO-DOMESTIC:KAZ,Kazakhstan Premier League,KAZ,2026,2025/26,2026-06-13 12:00:00+00:00,134052,138040,Jetysu Taldykorgan,Okzhetpes Kokshetau,2,2,0.5,FT,13,THESPORTSDB_PREMIUM_LIVE,https://www.thesportsdb.com/api/v2/json/schedule/league/4649/2026,,
TSD-4649-2440036,2440036,AO-DOMESTIC:KAZ,Kazakhstan Premier League,KAZ,2026,2025/26,2026-06-13 13:00:00+00:00,AO:AO-UEFA-79970,140521,Kairat Almaty,Atyrau,1,1,0.5,FT,13,THESPORTSDB_PREMIUM_LIVE,https://www.thesportsdb.com/api/v2/json/schedule/league/4649/2026,AO-UEFA-79970,
TSD-4638-2420051,2420051,AO-DOMESTIC:GEO,Georgian Erovnuli Liga,GEO,2026,2025/26,2026-06-13 15:00:00+00:00,134056,150495,Rustavi,Meshakhte Tkibuli,1,0,1.0,FT,17,THESPORTSDB_PREMIUM_LIVE,https://www.thesportsdb.com/api/v2/json/schedule/league/4638/2026,,
TSD-4638-2420052,2420052,AO-DOMESTIC:GEO,Georgian Erovnuli Liga,GEO,2026,2025/26,2026-06-13 17:00:00+00:00,140523,AO:AO-UEFA-64471,Samgurali Tskhaltubo,Torpedo Kutaisi,2,1,1.0,FT,17,THESPORTSDB_PREMIUM_LIVE,https://www.thesportsdb.com/api/v2/json/schedule/league/4638/2026,,AO-UEFA-64471
TSD-4651-2434116,2434116,AO-DOMESTIC:LIT,Lithuanian A Lyga,LIT,2026,2025/26,2026-06-14 11:15:00+00:00,141007,AO:AO-UEFA-2605907,Hegelmann,Kauno Žalgiris,1,1,0.5,FT,17,THESPORTSDB_PREMIUM_LIVE,https://www.thesportsdb.com/api/v2/json/schedule/league/4651/2026,,AO-UEFA-2605907
TSD-4649-2440039,2440039,AO-DOMESTIC:KAZ,Kazakhstan Premier League,KAZ,2026,2025/26,2026-06-14 12:00:00+00:00,150755,148412,Ulytau,Jeńis,2,1,1.0,FT,13,THESPORTSDB_PREMIUM_LIVE,https://www.thesportsdb.com/api/v2/json/schedule/league/4649/2026,,
TSD-4649-2440035,2440035,AO-DOMESTIC:KAZ,Kazakhstan Premier League,KAZ,2026,2025/26,2026-06-14 14:00:00+00:00,AO:AO-UEFA-2600605,AO:AO-UEFA-79964,Astana,Irtysh Pavlodar,2,0,1.0,FT,13,THESPORTSDB_PREMIUM_LIVE,https://www.thesportsdb.com/api/v2/json/schedule/league/4649/2026,AO-UEFA-2600605,AO-UEFA-79964
TSD-4649-2440040,2440040,AO-DOMESTIC:KAZ,Kazakhstan Premier League,KAZ,2026,2025/26,2026-06-14 14:00:00+00:00,148411,AO:AO-UEFA-82825,Elimai Semey,Ordabasy Shymkent,1,3,0.0,FT,13,THESPORTSDB_PREMIUM_LIVE,https://www.thesportsdb.com/api/v2/json/schedule/league/4649/2026,,AO-UEFA-82825
TSD-4649-2440034,2440034,AO-DOMESTIC:KAZ,Kazakhstan Premier League,KAZ,2026,2025/26,2026-06-14 15:00:00+00:00,AO:AO-UEFA-79973,144012,Aktobe,Altai Öskemen,2,0,1.0,FT,13,THESPORTSDB_PREMIUM_LIVE,https://www.thesportsdb.com/api/v2/json/schedule/league/4649/2026,AO-UEFA-79973,
TSD-4649-2440037,2440037,AO-DOMESTIC:KAZ,Kazakhstan Premier League,KAZ,2026,2025/26,2026-06-14 15:00:00+00:00,138037,AO:AO-UEFA-79971,Caspiy Aktau,Kaisar Kyzylorda,1,2,0.0,FT,13,THESPORTSDB_PREMIUM_LIVE,https://www.thesportsdb.com/api/v2/json/schedule/league/4649/2026,,AO-UEFA-79971
TSD-4638-2420050,2420050,AO-DOMESTIC:GEO,Georgian Erovnuli Liga,GEO,2026,2025/26,2026-06-14 16:00:00+00:00,AO:AO-UEFA-2600544,AO:AO-UEFA-52705,Gagra,Dinamo Tbilisi,2,1,1.0,FT,17,THESPORTSDB_PREMIUM_LIVE,https://www.thesportsdb.com/api/v2/json/schedule/league/4638/2026,AO-UEFA-2600544,AO-UEFA-52705
TSD-4651-2478329,2478329,AO-DOMESTIC:LIT,Lithuanian A Lyga,LIT,2026,2025/26,2026-06-16 15:30:00+00:00,AO:AO-UEFA-79557,AO:AO-UEFA-77906,Sūduva,Šiauliai,2,1,1.0,FT,20,THESPORTSDB_PREMIUM_LIVE,https://www.thesportsdb.com/api/v2/json/schedule/league/4651/2026,AO-UEFA-79557,AO-UEFA-77906
TSD-4638-2420054,2420054,AO-DOMESTIC:GEO,Georgian Erovnuli Liga,GEO,2026,2025/26,2026-06-16 16:00:00+00:00,AO:AO-UEFA-64467,AO:AO-UEFA-2611621,Dila Gori,Spaeri,3,1,1.0,FT,18,THESPORTSDB_PREMIUM_LIVE,https://www.thesportsdb.com/api/v2/json/schedule/league/4638/2026,AO-UEFA-64467,AO-UEFA-2611621
TSD-4651-2478330,2478330,AO-DOMESTIC:LIT,Lithuanian A Lyga,LIT,2026,2025/26,2026-06-16 16:30:00+00:00,AO:AO-UEFA-2602334,AO:AO-UEFA-2608927,Žalgiris Vilnius,Panevėžys,3,0,1.0,FT,20,THESPORTSDB_PREMIUM_LIVE,https://www.thesportsdb.com/api/v2/json/schedule/league/4651/2026,AO-UEFA-2602334,AO-UEFA-2608927
TSD-4649-2440068,2440068,AO-DOMESTIC:KAZ,Kazakhstan Premier League,KAZ,2026,2025/26,2026-06-17 14:00:00+00:00,AO:AO-UEFA-79970,138039,Kairat Almaty,Kyzylzhar Petropavl,3,0,1.0,FT,17,THESPORTSDB_PREMIUM_LIVE,https://www.thesportsdb.com/api/v2/json/schedule/league/4649/2026,AO-UEFA-79970,
TSD-4638-2420056,2420056,AO-DOMESTIC:GEO,Georgian Erovnuli Liga,GEO,2026,2025/26,2026-06-17 15:00:00+00:00,AO:AO-UEFA-2605905,134056,Iberia 1999,Rustavi,1,2,0.0,FT,18,THESPORTSDB_PREMIUM_LIVE,https://www.thesportsdb.com/api/v2/json/schedule/league/4638/2026,AO-UEFA-2605905,
TSD-4651-2478331,2478331,AO-DOMESTIC:LIT,Lithuanian A Lyga,LIT,2026,2025/26,2026-06-17 15:30:00+00:00,141007,137990,Hegelmann,Džiugas Telšiai,1,1,0.5,FT,20,THESPORTSDB_PREMIUM_LIVE,https://www.thesportsdb.com/api/v2/json/schedule/league/4651/2026,,
TSD-4651-2478332,2478332,AO-DOMESTIC:LIT,Lithuanian A Lyga,LIT,2026,2025/26,2026-06-17 16:00:00+00:00,AO:AO-UEFA-2605907,AO:AO-UEFA-64348,Kauno Žalgiris,Banga Gargždai,0,1,0.0,FT,20,THESPORTSDB_PREMIUM_LIVE,https://www.thesportsdb.com/api/v2/json/schedule/league/4651/2026,AO-UEFA-2605907,AO-UEFA-64348
TSD-4638-2420058,2420058,AO-DOMESTIC:GEO,Georgian Erovnuli Liga,GEO,2026,2025/26,2026-06-17 17:00:00+00:00,AO:AO-UEFA-64471,AO:AO-UEFA-59885,Torpedo Kutaisi,Dinamo Batumi,2,3,0.0,FT,18,THESPORTSDB_PREMIUM_LIVE,https://www.thesportsdb.com/api/v2/json/schedule/league/4638/2026,AO-UEFA-64471,AO-UEFA-59885
TSD-4638-2420057,2420057,AO-DOMESTIC:GEO,Georgian Erovnuli Liga,GEO,2026,2025/26,2026-06-18 13:30:00+00:00,150495,AO:AO-UEFA-2600544,Meshakhte Tkibuli,Gagra,1,1,0.5,FT,18,THESPORTSDB_PREMIUM_LIVE,https://www.thesportsdb.com/api/v2/json/schedule/league/4638/2026,,AO-UEFA-2600544
TSD-4638-2420055,2420055,AO-DOMESTIC:GEO,Georgian Erovnuli Liga,GEO,2026,2025/26,2026-06-18 16:00:00+00:00,AO:AO-UEFA-52705,140523,Dinamo Tbilisi,Samgurali Tskhaltubo,5,3,1.0,FT,18,THESPORTSDB_PREMIUM_LIVE,https://www.thesportsdb.com/api/v2/json/schedule/league/4638/2026,AO-UEFA-52705,
TSD-4649-2440043,2440043,AO-DOMESTIC:KAZ,Kazakhstan Premier League,KAZ,2026,2025/26,2026-06-20 11:00:00+00:00,144012,134052,Altai Öskemen,Jetysu Taldykorgan,3,3,0.5,FT,14,THESPORTSDB_PREMIUM_LIVE,https://www.thesportsdb.com/api/v2/json/schedule/league/4649/2026,,
TSD-4651-2434118,2434118,AO-DOMESTIC:LIT,Lithuanian A Lyga,LIT,2026,2025/26,2026-06-20 11:15:00+00:00,AO:AO-UEFA-2608927,AO:AO-UEFA-77906,Panevėžys,Šiauliai,3,2,1.0,FT,18,THESPORTSDB_PREMIUM_LIVE,https://www.thesportsdb.com/api/v2/json/schedule/league/4651/2026,AO-UEFA-2608927,AO-UEFA-77906
TSD-4649-2440049,2440049,AO-DOMESTIC:KAZ,Kazakhstan Premier League,KAZ,2026,2025/26,2026-06-20 13:00:00+00:00,148412,AO:AO-UEFA-79964,Jeńis,Irtysh Pavlodar,0,0,0.5,FT,14,THESPORTSDB_PREMIUM_LIVE,https://www.thesportsdb.com/api/v2/json/schedule/league/4649/2026,,AO-UEFA-79964
TSD-4651-2434119,2434119,AO-DOMESTIC:LIT,Lithuanian A Lyga,LIT,2026,2025/26,2026-06-20 13:30:00+00:00,AO:AO-UEFA-2613214,AO:AO-UEFA-2605907,TransINVEST Vilnius,Kauno Žalgiris,1,2,0.0,FT,18,THESPORTSDB_PREMIUM_LIVE,https://www.thesportsdb.com/api/v2/json/schedule/league/4651/2026,AO-UEFA-2613214,AO-UEFA-2605907
TSD-4649-2440045,2440045,AO-DOMESTIC:KAZ,Kazakhstan Premier League,KAZ,2026,2025/26,2026-06-20 15:00:00+00:00,AO:AO-UEFA-79971,150755,Kaisar Kyzylorda,Ulytau,0,0,0.5,FT,14,THESPORTSDB_PREMIUM_LIVE,https://www.thesportsdb.com/api/v2/json/schedule/league/4649/2026,AO-UEFA-79971,
TSD-4649-2440048,2440048,AO-DOMESTIC:KAZ,Kazakhstan Premier League,KAZ,2026,2025/26,2026-06-20 15:00:00+00:00,AO:AO-UEFA-82825,138037,Ordabasy Shymkent,Caspiy Aktau,2,0,1.0,FT,14,THESPORTSDB_PREMIUM_LIVE,https://www.thesportsdb.com/api/v2/json/schedule/league/4649/2026,AO-UEFA-82825,
TSD-4651-2434120,2434120,AO-DOMESTIC:LIT,Lithuanian A Lyga,LIT,2026,2025/26,2026-06-20 15:30:00+00:00,AO:AO-UEFA-64348,AO:AO-UEFA-2602334,Banga Gargždai,Žalgiris Vilnius,3,0,1.0,FT,18,THESPORTSDB_PREMIUM_LIVE,https://www.thesportsdb.com/api/v2/json/schedule/league/4651/2026,AO-UEFA-64348,AO-UEFA-2602334
TSD-4651-2434121,2434121,AO-DOMESTIC:LIT,Lithuanian A Lyga,LIT,2026,2025/26,2026-06-21 11:15:00+00:00,137990,AO:AO-UEFA-79557,Džiugas Telšiai,Sūduva,1,2,0.0,FT,18,THESPORTSDB_PREMIUM_LIVE,https://www.thesportsdb.com/api/v2/json/schedule/league/4651/2026,,AO-UEFA-79557
TSD-4649-2440047,2440047,AO-DOMESTIC:KAZ,Kazakhstan Premier League,KAZ,2026,2025/26,2026-06-21 12:00:00+00:00,138040,AO:AO-UEFA-79969,Okzhetpes Kokshetau,Tobol,2,1,1.0,FT,14,THESPORTSDB_PREMIUM_LIVE,https://www.thesportsdb.com/api/v2/json/schedule/league/4649/2026,,AO-UEFA-79969
TSD-4649-2440046,2440046,AO-DOMESTIC:KAZ,Kazakhstan Premier League,KAZ,2026,2025/26,2026-06-21 13:00:00+00:00,138039,AO:AO-UEFA-79970,Kyzylzhar Petropavl,Kairat Almaty,2,4,0.0,FT,14,THESPORTSDB_PREMIUM_LIVE,https://www.thesportsdb.com/api/v2/json/schedule/league/4649/2026,,AO-UEFA-79970
TSD-4649-2511731,2511731,AO-DOMESTIC:KAZ,Kazakhstan Premier League,KAZ,2026,2025/26,2026-06-21 14:00:00+00:00,148411,140521,Elimai Semey,Atyrau,1,2,0.0,FT,14,THESPORTSDB_PREMIUM_LIVE,https://www.thesportsdb.com/api/v2/json/schedule/league/4649/2026,,
TSD-4649-2440042,2440042,AO-DOMESTIC:KAZ,Kazakhstan Premier League,KAZ,2026,2025/26,2026-06-21 15:00:00+00:00,AO:AO-UEFA-79973,AO:AO-UEFA-2600605,Aktobe,Astana,2,0,1.0,FT,14,THESPORTSDB_PREMIUM_LIVE,https://www.thesportsdb.com/api/v2/json/schedule/league/4649/2026,AO-UEFA-79973,AO-UEFA-2600605
TSD-4638-2420059,2420059,AO-DOMESTIC:GEO,Georgian Erovnuli Liga,GEO,2026,2025/26,2026-06-22 15:00:00+00:00,AO:AO-UEFA-64467,134056,Dila Gori,Rustavi,3,0,1.0,FT,19,THESPORTSDB_PREMIUM_LIVE,https://www.thesportsdb.com/api/v2/json/schedule/league/4638/2026,AO-UEFA-64467,
TSD-4638-2420063,2420063,AO-DOMESTIC:GEO,Georgian Erovnuli Liga,GEO,2026,2025/26,2026-06-22 17:00:00+00:00,AO:AO-UEFA-64471,AO:AO-UEFA-2611621,Torpedo Kutaisi,Spaeri,0,0,0.5,FT,19,THESPORTSDB_PREMIUM_LIVE,https://www.thesportsdb.com/api/v2/json/schedule/league/4638/2026,AO-UEFA-64471,AO-UEFA-2611621
TSD-4638-2420062,2420062,AO-DOMESTIC:GEO,Georgian Erovnuli Liga,GEO,2026,2025/26,2026-06-23 15:00:00+00:00,AO:AO-UEFA-2605905,150495,Iberia 1999,Meshakhte Tkibuli,2,1,1.0,FT,19,THESPORTSDB_PREMIUM_LIVE,https://www.thesportsdb.com/api/v2/json/schedule/league/4638/2026,AO-UEFA-2605905,
TSD-4638-2420060,2420060,AO-DOMESTIC:GEO,Georgian Erovnuli Liga,GEO,2026,2025/26,2026-06-23 17:00:00+00:00,AO:AO-UEFA-52705,AO:AO-UEFA-59885,Dinamo Tbilisi,Dinamo Batumi,2,1,1.0,FT,19,THESPORTSDB_PREMIUM_LIVE,https://www.thesportsdb.com/api/v2/json/schedule/league/4638/2026,AO-UEFA-52705,AO-UEFA-59885
TSD-4638-2420061,2420061,AO-DOMESTIC:GEO,Georgian Erovnuli Liga,GEO,2026,2025/26,2026-06-24 16:00:00+00:00,AO:AO-UEFA-2600544,140523,Gagra,Samgurali Tskhaltubo,0,0,0.5,FT,19,THESPORTSDB_PREMIUM_LIVE,https://www.thesportsdb.com/api/v2/json/schedule/league/4638/2026,AO-UEFA-2600544,
TSD-4649-2440051,2440051,AO-DOMESTIC:KAZ,Kazakhstan Premier League,KAZ,2026,2025/26,2026-06-27 12:00:00+00:00,AO:AO-UEFA-79970,138040,Kairat Almaty,Okzhetpes Kokshetau,1,3,0.0,FT,15,THESPORTSDB_PREMIUM_LIVE,https://www.thesportsdb.com/api/v2/json/schedule/league/4649/2026,AO-UEFA-79970,
TSD-4649-2440057,2440057,AO-DOMESTIC:KAZ,Kazakhstan Premier League,KAZ,2026,2025/26,2026-06-27 13:00:00+00:00,134052,AO:AO-UEFA-79973,Jetysu Taldykorgan,Aktobe,1,0,1.0,FT,15,THESPORTSDB_PREMIUM_LIVE,https://www.thesportsdb.com/api/v2/json/schedule/league/4649/2026,,AO-UEFA-79973
TSD-4649-2440055,2440055,AO-DOMESTIC:KAZ,Kazakhstan Premier League,KAZ,2026,2025/26,2026-06-27 14:00:00+00:00,148411,138039,Elimai Semey,Kyzylzhar Petropavl,2,0,1.0,FT,15,THESPORTSDB_PREMIUM_LIVE,https://www.thesportsdb.com/api/v2/json/schedule/league/4649/2026,,
TSD-4649-2440052,2440052,AO-DOMESTIC:KAZ,Kazakhstan Premier League,KAZ,2026,2025/26,2026-06-27 15:00:00+00:00,138037,140521,Caspiy Aktau,Atyrau,2,0,1.0,FT,15,THESPORTSDB_PREMIUM_LIVE,https://www.thesportsdb.com/api/v2/json/schedule/league/4649/2026,,
TSD-4649-2440050,2440050,AO-DOMESTIC:KAZ,Kazakhstan Premier League,KAZ,2026,2025/26,2026-06-28 12:00:00+00:00,AO:AO-UEFA-79964,AO:AO-UEFA-79971,Irtysh Pavlodar,Kaisar Kyzylorda,1,2,0.0,FT,15,THESPORTSDB_PREMIUM_LIVE,https://www.thesportsdb.com/api/v2/json/schedule/league/4649/2026,AO-UEFA-79964,AO-UEFA-79971
TSD-4649-2440053,2440053,AO-DOMESTIC:KAZ,Kazakhstan Premier League,KAZ,2026,2025/26,2026-06-28 13:00:00+00:00,AO:AO-UEFA-79969,144012,Tobol,Altai Öskemen,3,1,1.0,FT,15,THESPORTSDB_PREMIUM_LIVE,https://www.thesportsdb.com/api/v2/json/schedule/league/4649/2026,AO-UEFA-79969,
TSD-4649-2440054,2440054,AO-DOMESTIC:KAZ,Kazakhstan Premier League,KAZ,2026,2025/26,2026-06-28 13:00:00+00:00,150755,AO:AO-UEFA-82825,Ulytau,Ordabasy Shymkent,0,1,0.0,FT,15,THESPORTSDB_PREMIUM_LIVE,https://www.thesportsdb.com/api/v2/json/schedule/league/4649/2026,,AO-UEFA-82825
TSD-4649-2440056,2440056,AO-DOMESTIC:KAZ,Kazakhstan Premier League,KAZ,2026,2025/26,2026-06-28 14:00:00+00:00,148412,AO:AO-UEFA-2600605,Jeńis,Astana,2,2,0.5,FT,15,THESPORTSDB_PREMIUM_LIVE,https://www.thesportsdb.com/api/v2/json/schedule/league/4649/2026,,AO-UEFA-2600605
TSD-4651-2478333,2478333,AO-DOMESTIC:LIT,Lithuanian A Lyga,LIT,2026,2025/26,2026-06-28 15:00:00+00:00,AO:AO-UEFA-64348,141007,Banga Gargždai,Hegelmann,2,0,1.0,FT,19,THESPORTSDB_PREMIUM_LIVE,https://www.thesportsdb.com/api/v2/json/schedule/league/4651/2026,AO-UEFA-64348,
TSD-4651-2478334,2478334,AO-DOMESTIC:LIT,Lithuanian A Lyga,LIT,2026,2025/26,2026-06-28 15:45:00+00:00,137990,AO:AO-UEFA-2602334,Džiugas Telšiai,Žalgiris Vilnius,0,0,0.5,FT,19,THESPORTSDB_PREMIUM_LIVE,https://www.thesportsdb.com/api/v2/json/schedule/league/4651/2026,,AO-UEFA-2602334
TSD-4651-2478336,2478336,AO-DOMESTIC:LIT,Lithuanian A Lyga,LIT,2026,2025/26,2026-06-29 15:30:00+00:00,AO:AO-UEFA-77906,AO:AO-UEFA-2613214,Šiauliai,TransINVEST Vilnius,1,3,0.0,FT,19,THESPORTSDB_PREMIUM_LIVE,https://www.thesportsdb.com/api/v2/json/schedule/league/4651/2026,AO-UEFA-77906,AO-UEFA-2613214
TSD-4651-2478337,2478337,AO-DOMESTIC:LIT,Lithuanian A Lyga,LIT,2026,2025/26,2026-06-29 15:45:00+00:00,AO:AO-UEFA-2608927,AO:AO-UEFA-79557,Panevėžys,Sūduva,1,2,0.0,FT,19,THESPORTSDB_PREMIUM_LIVE,https://www.thesportsdb.com/api/v2/json/schedule/league/4651/2026,AO-UEFA-2608927,AO-UEFA-79557
TSD-4649-2440064,2440064,AO-DOMESTIC:KAZ,Kazakhstan Premier League,KAZ,2026,2026/27,2026-07-02 14:00:00+00:00,138040,AO:AO-UEFA-79970,Okzhetpes Kokshetau,Kairat Almaty,5,0,1.0,FT,16,THESPORTSDB_PREMIUM_LIVE,https://www.thesportsdb.com/api/v2/json/schedule/league/4649/2026,,AO-UEFA-79970
TSD-4649-2440061,2440061,AO-DOMESTIC:KAZ,Kazakhstan Premier League,KAZ,2026,2026/27,2026-07-03 14:00:00+00:00,AO:AO-UEFA-2600605,148412,Astana,Jeńis,1,0,1.0,FT,16,THESPORTSDB_PREMIUM_LIVE,https://www.thesportsdb.com/api/v2/json/schedule/league/4649/2026,AO-UEFA-2600605,
TSD-4651-2478338,2478338,AO-DOMESTIC:LIT,Lithuanian A Lyga,LIT,2026,2026/27,2026-07-03 16:00:00+00:00,137990,AO:AO-UEFA-2605907,Džiugas Telšiai,Kauno Žalgiris,0,0,0.5,FT,21,THESPORTSDB_PREMIUM_LIVE,https://www.thesportsdb.com/api/v2/json/schedule/league/4651/2026,,AO-UEFA-2605907
TSD-4347-2398838,2398838,4347,Swedish Allsvenskan,SWE,2026,2026/27,2026-07-03 17:00:00+00:00,134724,134164,Sirius,Mjällby,4,4,0.5,FT,11,THESPORTSDB_PREMIUM_LIVE,https://www.thesportsdb.com/api/v2/json/schedule/league/4347/2026,,AO-UEFA-74233
TSD-4649-2440059,2440059,AO-DOMESTIC:KAZ,Kazakhstan Premier League,KAZ,2026,2026/27,2026-07-04 12:00:00+00:00,144012,AO:AO-UEFA-79969,Altai Öskemen,Tobol,1,0,1.0,FT,16,THESPORTSDB_PREMIUM_LIVE,https://www.thesportsdb.com/api/v2/json/schedule/league/4649/2026,,AO-UEFA-79969
TSD-4347-2398836,2398836,4347,Swedish Allsvenskan,SWE,2026,2026/27,2026-07-04 13:00:00+00:00,134167,136832,Halmstad,Västerås,1,3,0.0,FT,11,THESPORTSDB_PREMIUM_LIVE,https://www.thesportsdb.com/api/v2/json/schedule/league/4347/2026,,
TSD-4347-2477921,2477921,4347,Swedish Allsvenskan,SWE,2026,2026/27,2026-07-04 13:00:00+00:00,134728,134166,Degerfors,Malmö,0,1,0.0,FT,11,THESPORTSDB_PREMIUM_LIVE,https://www.thesportsdb.com/api/v2/json/schedule/league/4347/2026,,AO-UEFA-50152
TSD-4649-2440063,2440063,AO-DOMESTIC:KAZ,Kazakhstan Premier League,KAZ,2026,2026/27,2026-07-04 13:00:00+00:00,138039,148411,Kyzylzhar Petropavl,Elimai Semey,0,1,0.0,FT,16,THESPORTSDB_PREMIUM_LIVE,https://www.thesportsdb.com/api/v2/json/schedule/league/4649/2026,,
TSD-4651-2478339,2478339,AO-DOMESTIC:LIT,Lithuanian A Lyga,LIT,2026,2026/27,2026-07-04 13:00:00+00:00,AO:AO-UEFA-2608927,141007,Panevėžys,Hegelmann,1,1,0.5,FT,21,THESPORTSDB_PREMIUM_LIVE,https://www.thesportsdb.com/api/v2/json/schedule/league/4651/2026,AO-UEFA-2608927,
TSD-4347-2398834,2398834,4347,Swedish Allsvenskan,SWE,2026,2026/27,2026-07-05 12:00:00+00:00,134161,134011,IFK Göteborg,AIK,1,2,0.0,FT,11,THESPORTSDB_PREMIUM_LIVE,https://www.thesportsdb.com/api/v2/json/schedule/league/4347/2026,,AO-UEFA-52341
TSD-4347-2398837,2398837,4347,Swedish Allsvenskan,SWE,2026,2026/27,2026-07-05 12:00:00+00:00,134002,135668,Kalmar,Örgryte,3,0,1.0,FT,11,THESPORTSDB_PREMIUM_LIVE,https://www.thesportsdb.com/api/v2/json/schedule/league/4347/2026,AO-UEFA-54187,
TSD-4649-2440058,2440058,AO-DOMESTIC:KAZ,Kazakhstan Premier League,KAZ,2026,2026/27,2026-07-05 14:00:00+00:00,AO:AO-UEFA-79973,134052,Aktobe,Jetysu Taldykorgan,2,1,1.0,FT,16,THESPORTSDB_PREMIUM_LIVE,https://www.thesportsdb.com/api/v2/json/schedule/league/4649/2026,AO-UEFA-79973,
TSD-4649-2440060,2440060,AO-DOMESTIC:KAZ,Kazakhstan Premier League,KAZ,2026,2026/27,2026-07-05 14:00:00+00:00,140521,138037,Atyrau,Caspiy Aktau,1,2,0.0,FT,16,THESPORTSDB_PREMIUM_LIVE,https://www.thesportsdb.com/api/v2/json/schedule/league/4649/2026,,
TSD-4347-2398833,2398833,4347,Swedish Allsvenskan,SWE,2026,2026/27,2026-07-05 14:30:00+00:00,133984,134731,Elfsborg,Hammarby,1,2,0.0,FT,11,THESPORTSDB_PREMIUM_LIVE,https://www.thesportsdb.com/api/v2/json/schedule/league/4347/2026,AO-UEFA-52344,AO-UEFA-52343
TSD-4649-2440062,2440062,AO-DOMESTIC:KAZ,Kazakhstan Premier League,KAZ,2026,2026/27,2026-07-05 15:00:00+00:00,AO:AO-UEFA-79971,AO:AO-UEFA-79964,Kaisar Kyzylorda,Irtysh Pavlodar,0,0,0.5,FT,16,THESPORTSDB_PREMIUM_LIVE,https://www.thesportsdb.com/api/v2/json/schedule/league/4649/2026,AO-UEFA-79971,AO-UEFA-79964
TSD-4649-2440065,2440065,AO-DOMESTIC:KAZ,Kazakhstan Premier League,KAZ,2026,2026/27,2026-07-05 15:00:00+00:00,AO:AO-UEFA-82825,150755,Ordabasy Shymkent,Ulytau,1,0,1.0,FT,16,THESPORTSDB_PREMIUM_LIVE,https://www.thesportsdb.com/api/v2/json/schedule/league/4649/2026,AO-UEFA-82825,
TSD-4651-2478340,2478340,AO-DOMESTIC:LIT,Lithuanian A Lyga,LIT,2026,2026/27,2026-07-05 15:45:00+00:00,AO:AO-UEFA-77906,AO:AO-UEFA-2602334,Šiauliai,Žalgiris Vilnius,0,3,0.0,FT,21,THESPORTSDB_PREMIUM_LIVE,https://www.thesportsdb.com/api/v2/json/schedule/league/4651/2026,AO-UEFA-77906,AO-UEFA-2602334
TSD-4651-2478341,2478341,AO-DOMESTIC:LIT,Lithuanian A Lyga,LIT,2026,2026/27,2026-07-06 15:45:00+00:00,AO:AO-UEFA-79557,AO:AO-UEFA-2613214,Sūduva,TransINVEST Vilnius,0,0,0.5,FT,21,THESPORTSDB_PREMIUM_LIVE,https://www.thesportsdb.com/api/v2/json/schedule/league/4651/2026,AO-UEFA-79557,AO-UEFA-2613214
TSD-4347-2398831,2398831,4347,Swedish Allsvenskan,SWE,2026,2026/27,2026-07-06 17:00:00+00:00,134170,134725,Brommapojkarna,GAIS,1,1,0.5,FT,11,THESPORTSDB_PREMIUM_LIVE,https://www.thesportsdb.com/api/v2/json/schedule/league/4347/2026,,
TSD-4347-2477922,2477922,4347,Swedish Allsvenskan,SWE,2026,2026/27,2026-07-06 17:00:00+00:00,134160,134162,Häcken,Djurgården,2,4,0.0,FT,11,THESPORTSDB_PREMIUM_LIVE,https://www.thesportsdb.com/api/v2/json/schedule/league/4347/2026,AO-UEFA-69621,AO-UEFA-52809
TSD-4358-2399092,2399092,4358,Norwegian Eliteserien,NOR,2026,2026/27,2026-07-11 12:00:00+00:00,134749,134569,Fredrikstad,Lillestrøm,0,2,0.0,FT,13,THESPORTSDB_PREMIUM_LIVE,https://www.thesportsdb.com/api/v2/json/schedule/league/4358/2026,AO-UEFA-64211,AO-UEFA-52314
TSD-4649-2440066,2440066,AO-DOMESTIC:KAZ,Kazakhstan Premier League,KAZ,2026,2026/27,2026-07-11 12:00:00+00:00,AO:AO-UEFA-79964,148412,Irtysh Pavlodar,Jeńis,0,1,0.0,FT,17,THESPORTSDB_PREMIUM_LIVE,https://www.thesportsdb.com/api/v2/json/schedule/league/4649/2026,AO-UEFA-79964,
TSD-4347-2398844,2398844,4347,Swedish Allsvenskan,SWE,2026,2026/27,2026-07-11 13:00:00+00:00,134164,134011,Mjällby,AIK,1,2,0.0,FT,12,THESPORTSDB_PREMIUM_LIVE,https://www.thesportsdb.com/api/v2/json/schedule/league/4347/2026,AO-UEFA-74233,AO-UEFA-52341
TSD-4649-2440073,2440073,AO-DOMESTIC:KAZ,Kazakhstan Premier League,KAZ,2026,2026/27,2026-07-11 13:00:00+00:00,134052,144012,Jetysu Taldykorgan,Altai Öskemen,0,1,0.0,FT,17,THESPORTSDB_PREMIUM_LIVE,https://www.thesportsdb.com/api/v2/json/schedule/league/4649/2026,,
TSD-4358-2399090,2399090,4358,Norwegian Eliteserien,NOR,2026,2026/27,2026-07-11 14:00:00+00:00,133998,133958,Aalesund,Molde,2,2,0.5,FT,13,THESPORTSDB_PREMIUM_LIVE,https://www.thesportsdb.com/api/v2/json/schedule/league/4358/2026,,AO-UEFA-50142
TSD-4649-2440069,2440069,AO-DOMESTIC:KAZ,Kazakhstan Premier League,KAZ,2026,2026/27,2026-07-11 15:00:00+00:00,138037,AO:AO-UEFA-82825,Caspiy Aktau,Ordabasy Shymkent,3,2,1.0,FT,17,THESPORTSDB_PREMIUM_LIVE,https://www.thesportsdb.com/api/v2/json/schedule/league/4649/2026,,AO-UEFA-82825
TSD-4347-2477924,2477924,4347,Swedish Allsvenskan,SWE,2026,2026/27,2026-07-11 15:30:00+00:00,135668,134160,Örgryte,Häcken,4,3,1.0,FT,12,THESPORTSDB_PREMIUM_LIVE,https://www.thesportsdb.com/api/v2/json/schedule/league/4347/2026,,AO-UEFA-69621
TSD-4358-2399097,2399097,4358,Norwegian Eliteserien,NOR,2026,2026/27,2026-07-11 16:00:00+00:00,133997,134574,Tromsø,Vålerenga,4,0,1.0,FT,13,THESPORTSDB_PREMIUM_LIVE,https://www.thesportsdb.com/api/v2/json/schedule/league/4358/2026,,AO-UEFA-52318
TSD-4651-2478343,2478343,AO-DOMESTIC:LIT,Lithuanian A Lyga,LIT,2026,2026/27,2026-07-11 16:00:00+00:00,AO:AO-UEFA-2605907,AO:AO-UEFA-2608927,Kauno Žalgiris,Panevėžys,3,0,1.0,FT,22,THESPORTSDB_PREMIUM_LIVE,https://www.thesportsdb.com/api/v2/json/schedule/league/4651/2026,AO-UEFA-2605907,AO-UEFA-2608927
TSD-4347-2398842,2398842,4347,Swedish Allsvenskan,SWE,2026,2026/27,2026-07-12 12:00:00+00:00,134731,134002,Hammarby,Kalmar,2,0,1.0,FT,12,THESPORTSDB_PREMIUM_LIVE,https://www.thesportsdb.com/api/v2/json/schedule/league/4347/2026,AO-UEFA-52343,AO-UEFA-54187
TSD-4347-2398846,2398846,4347,Swedish Allsvenskan,SWE,2026,2026/27,2026-07-12 12:00:00+00:00,136832,134728,Västerås,Degerfors,2,0,1.0,FT,12,THESPORTSDB_PREMIUM_LIVE,https://www.thesportsdb.com/api/v2/json/schedule/league/4347/2026,,
TSD-4347-2477923,2477923,4347,Swedish Allsvenskan,SWE,2026,2026/27,2026-07-12 12:00:00+00:00,134166,134161,Malmö,IFK Göteborg,4,0,1.0,FT,12,THESPORTSDB_PREMIUM_LIVE,https://www.thesportsdb.com/api/v2/json/schedule/league/4347/2026,AO-UEFA-50152,
TSD-4358-2399093,2399093,4358,Norwegian Eliteserien,NOR,2026,2026/27,2026-07-12 12:30:00+00:00,135723,135497,KFUM-Kameratene Oslo,Bodø/Glimt,0,2,0.0,FT,13,THESPORTSDB_PREMIUM_LIVE,https://www.thesportsdb.com/api/v2/json/schedule/league/4358/2026,,AO-UEFA-59333
TSD-4649-2440071,2440071,AO-DOMESTIC:KAZ,Kazakhstan Premier League,KAZ,2026,2026/27,2026-07-12 13:00:00+00:00,150755,AO:AO-UEFA-79971,Ulytau,Kaisar Kyzylorda,1,0,1.0,FT,17,THESPORTSDB_PREMIUM_LIVE,https://www.thesportsdb.com/api/v2/json/schedule/league/4649/2026,,AO-UEFA-79971
TSD-4649-2440067,2440067,AO-DOMESTIC:KAZ,Kazakhstan Premier League,KAZ,2026,2026/27,2026-07-12 14:00:00+00:00,AO:AO-UEFA-2600605,AO:AO-UEFA-79973,Astana,Aktobe,3,2,1.0,FT,17,THESPORTSDB_PREMIUM_LIVE,https://www.thesportsdb.com/api/v2/json/schedule/league/4649/2026,AO-UEFA-2600605,AO-UEFA-79973
TSD-4347-2398839,2398839,4347,Swedish Allsvenskan,SWE,2026,2026/27,2026-07-12 14:30:00+00:00,134170,134724,Brommapojkarna,Sirius,1,2,0.0,FT,12,THESPORTSDB_PREMIUM_LIVE,https://www.thesportsdb.com/api/v2/json/schedule/league/4347/2026,,
TSD-4347-2398841,2398841,4347,Swedish Allsvenskan,SWE,2026,2026/27,2026-07-12 14:30:00+00:00,134725,133984,GAIS,Elfsborg,1,0,1.0,FT,12,THESPORTSDB_PREMIUM_LIVE,https://www.thesportsdb.com/api/v2/json/schedule/league/4347/2026,,AO-UEFA-52344
TSD-4358-2399091,2399091,4358,Norwegian Eliteserien,NOR,2026,2026/27,2026-07-12 15:00:00+00:00,134571,134568,Brann,Start,2,1,1.0,FT,13,THESPORTSDB_PREMIUM_LIVE,https://www.thesportsdb.com/api/v2/json/schedule/league/4358/2026,AO-UEFA-52770,
TSD-4358-2399094,2399094,4358,Norwegian Eliteserien,NOR,2026,2026/27,2026-07-12 15:00:00+00:00,133990,134754,Rosenborg,Kristiansund,3,0,1.0,FT,13,THESPORTSDB_PREMIUM_LIVE,https://www.thesportsdb.com/api/v2/json/schedule/league/4358/2026,AO-UEFA-52806,
TSD-4358-2399095,2399095,4358,Norwegian Eliteserien,NOR,2026,2026/27,2026-07-12 15:00:00+00:00,135715,134753,Sandefjord,Hamarkameratene,2,2,0.5,FT,13,THESPORTSDB_PREMIUM_LIVE,https://www.thesportsdb.com/api/v2/json/schedule/league/4358/2026,,
TSD-4649-2440070,2440070,AO-DOMESTIC:KAZ,Kazakhstan Premier League,KAZ,2026,2026/27,2026-07-12 15:00:00+00:00,AO:AO-UEFA-79969,138040,Tobol,Okzhetpes Kokshetau,3,1,1.0,FT,17,THESPORTSDB_PREMIUM_LIVE,https://www.thesportsdb.com/api/v2/json/schedule/league/4649/2026,AO-UEFA-79969,
TSD-4651-2478344,2478344,AO-DOMESTIC:LIT,Lithuanian A Lyga,LIT,2026,2026/27,2026-07-12 15:45:00+00:00,AO:AO-UEFA-2613214,AO:AO-UEFA-64348,TransINVEST Vilnius,Banga Gargždai,1,3,0.0,FT,22,THESPORTSDB_PREMIUM_LIVE,https://www.thesportsdb.com/api/v2/json/schedule/league/4651/2026,AO-UEFA-2613214,AO-UEFA-64348
TSD-4358-2399096,2399096,4358,Norwegian Eliteserien,NOR,2026,2026/27,2026-07-12 17:15:00+00:00,134566,134570,Sarpsborg 08,Viking,1,0,1.0,FT,13,THESPORTSDB_PREMIUM_LIVE,https://www.thesportsdb.com/api/v2/json/schedule/league/4358/2026,AO-UEFA-2604486,AO-UEFA-52319
TSD-4347-2398840,2398840,4347,Swedish Allsvenskan,SWE,2026,2026/27,2026-07-13 17:00:00+00:00,134162,134167,Djurgården,Halmstad,3,0,1.0,FT,12,THESPORTSDB_PREMIUM_LIVE,https://www.thesportsdb.com/api/v2/json/schedule/league/4347/2026,AO-UEFA-52809,
TSD-4358-2399104,2399104,4358,Norwegian Eliteserien,NOR,2026,2026/27,2026-07-16 17:00:00+00:00,134574,133998,Vålerenga,Aalesund,6,1,1.0,FT,14,THESPORTSDB_PREMIUM_LIVE,https://www.thesportsdb.com/api/v2/json/schedule/league/4358/2026,AO-UEFA-52318,
TSD-4691-2502942,2502942,AO-DOMESTIC:ROM,Romanian Liga I,ROM,2026-2027,2026/27,2026-07-17 15:30:00+00:00,138197,AO:AO-UEFA-2605104,Voluntari,Botoșani,2,2,0.5,FT,1,THESPORTSDB_PREMIUM_LIVE,https://www.thesportsdb.com/api/v2/json/schedule/league/4691/2026-2027,,AO-UEFA-2605104
TSD-4626-2487276,2487276,AO-DOMESTIC:BUL,Bulgarian First League,BUL,2026-2027,2026/27,2026-07-17 16:00:00+00:00,142832,AO:AO-UEFA-2610262,Spartak Varna,CSKA 1948,2,2,0.5,FT,1,THESPORTSDB_PREMIUM_LIVE,https://www.thesportsdb.com/api/v2/json/schedule/league/4626/2026-2027,,AO-UEFA-2610262
TSD-4692-2495053,2495053,AO-DOMESTIC:SLO,Slovenian 1. SNL,SLO,2026-2027,2026/27,2026-07-17 16:00:00+00:00,146621,AO:AO-UEFA-69617,Nafta,Koper,0,2,0.0,FT,1,THESPORTSDB_PREMIUM_LIVE,https://www.thesportsdb.com/api/v2/json/schedule/league/4692/2026-2027,,AO-UEFA-69617
TSD-4347-2398849,2398849,4347,Swedish Allsvenskan,SWE,2026,2026/27,2026-07-17 17:00:00+00:00,134161,134170,IFK Göteborg,Brommapojkarna,2,1,1.0,FT,13,THESPORTSDB_PREMIUM_LIVE,https://www.thesportsdb.com/api/v2/json/schedule/league/4347/2026,,
TSD-4347-2398853,2398853,4347,Swedish Allsvenskan,SWE,2026,2026/27,2026-07-17 17:00:00+00:00,134164,136832,Mjällby,Västerås,0,0,0.5,FT,13,THESPORTSDB_PREMIUM_LIVE,https://www.thesportsdb.com/api/v2/json/schedule/league/4347/2026,AO-UEFA-74233,
TSD-4358-2399098,2399098,4358,Norwegian Eliteserien,NOR,2026,2026/27,2026-07-17 17:15:00+00:00,135497,134749,Bodø/Glimt,Fredrikstad,1,0,1.0,FT,14,THESPORTSDB_PREMIUM_LIVE,https://www.thesportsdb.com/api/v2/json/schedule/league/4358/2026,AO-UEFA-59333,AO-UEFA-64211
TSD-4671-2491193,2491193,AO-DOMESTIC:SRB,Serbian Super Liga,SRB,2026-2027,2026/27,2026-07-17 18:00:00+00:00,AO:AO-UEFA-50069,137867,Crvena Zvezda,Mačva Šabac,5,0,1.0,FT,1,THESPORTSDB_PREMIUM_LIVE,https://www.thesportsdb.com/api/v2/json/schedule/league/4671/2026-2027,AO-UEFA-50069,
TSD-4671-2491199,2491199,AO-DOMESTIC:SRB,Serbian Super Liga,SRB,2026-2027,2026/27,2026-07-17 18:00:00+00:00,141839,AO:AO-UEFA-52734,Železničar Pančevo,Radnički Niš,2,1,1.0,FT,1,THESPORTSDB_PREMIUM_LIVE,https://www.thesportsdb.com/api/v2/json/schedule/league/4671/2026-2027,,AO-UEFA-52734
TSD-4626-2487272,2487272,AO-DOMESTIC:BUL,Bulgarian First League,BUL,2026-2027,2026/27,2026-07-17 18:15:00+00:00,AO:AO-UEFA-50044,137918,Levski Sofia,Dunav Ruse,2,1,1.0,FT,1,THESPORTSDB_PREMIUM_LIVE,https://www.thesportsdb.com/api/v2/json/schedule/league/4626/2026-2027,AO-UEFA-50044,
TSD-4692-2495052,2495052,AO-DOMESTIC:SLO,Slovenian 1. SNL,SLO,2026-2027,2026/27,2026-07-17 18:15:00+00:00,AO:AO-UEFA-59030,AO:AO-UEFA-2607561,Celje,Mura,2,2,0.5,FT,1,THESPORTSDB_PREMIUM_LIVE,https://www.thesportsdb.com/api/v2/json/schedule/league/4692/2026-2027,AO-UEFA-59030,AO-UEFA-2607561
TSD-4691-2502940,2502940,AO-DOMESTIC:ROM,Romanian Liga I,ROM,2026-2027,2026/27,2026-07-17 18:30:00+00:00,AO:AO-UEFA-50065,138932,FCSB,Argeș Pitești,2,0,1.0,FT,1,THESPORTSDB_PREMIUM_LIVE,https://www.thesportsdb.com/api/v2/json/schedule/league/4691/2026-2027,AO-UEFA-50065,
TSD-4358-2399099,2399099,4358,Norwegian Eliteserien,NOR,2026,2026/27,2026-07-18 12:00:00+00:00,134753,133997,Hamarkameratene,Tromsø,1,4,0.0,FT,14,THESPORTSDB_PREMIUM_LIVE,https://www.thesportsdb.com/api/v2/json/schedule/league/4358/2026,,
TSD-4649-2440079,2440079,AO-DOMESTIC:KAZ,Kazakhstan Premier League,KAZ,2026,2026/27,2026-07-18 12:00:00+00:00,138040,134052,Okzhetpes Kokshetau,Jetysu Taldykorgan,2,0,1.0,FT,18,THESPORTSDB_PREMIUM_LIVE,https://www.thesportsdb.com/api/v2/json/schedule/league/4649/2026,,
TSD-4347-2398847,2398847,4347,Swedish Allsvenskan,SWE,2026,2026/27,2026-07-18 13:00:00+00:00,134011,134725,AIK,GAIS,2,0,1.0,FT,13,THESPORTSDB_PREMIUM_LIVE,https://www.thesportsdb.com/api/v2/json/schedule/league/4347/2026,AO-UEFA-52341,
TSD-4649-2440078,2440078,AO-DOMESTIC:KAZ,Kazakhstan Premier League,KAZ,2026,2026/27,2026-07-18 13:00:00+00:00,138039,AO:AO-UEFA-79969,Kyzylzhar Petropavl,Tobol,1,1,0.5,FT,18,THESPORTSDB_PREMIUM_LIVE,https://www.thesportsdb.com/api/v2/json/schedule/league/4649/2026,,AO-UEFA-79969
TSD-4649-2440081,2440081,AO-DOMESTIC:KAZ,Kazakhstan Premier League,KAZ,2026,2026/27,2026-07-18 13:00:00+00:00,148412,150755,Jeńis,Ulytau,1,1,0.5,FT,18,THESPORTSDB_PREMIUM_LIVE,https://www.thesportsdb.com/api/v2/json/schedule/league/4649/2026,,
TSD-4358-2399100,2399100,4358,Norwegian Eliteserien,NOR,2026,2026/27,2026-07-18 14:00:00+00:00,134754,134566,Kristiansund,Sarpsborg 08,0,0,0.5,FT,14,THESPORTSDB_PREMIUM_LIVE,https://www.thesportsdb.com/api/v2/json/schedule/league/4358/2026,,AO-UEFA-2604486
TSD-4358-2399101,2399101,4358,Norwegian Eliteserien,NOR,2026,2026/27,2026-07-18 14:00:00+00:00,134569,135723,Lillestrøm,KFUM-Kameratene Oslo,2,1,1.0,FT,14,THESPORTSDB_PREMIUM_LIVE,https://www.thesportsdb.com/api/v2/json/schedule/league/4358/2026,AO-UEFA-52314,
TSD-4358-2399103,2399103,4358,Norwegian Eliteserien,NOR,2026,2026/27,2026-07-18 14:00:00+00:00,134568,133990,Start,Rosenborg,0,3,0.0,FT,14,THESPORTSDB_PREMIUM_LIVE,https://www.thesportsdb.com/api/v2/json/schedule/league/4358/2026,,AO-UEFA-52806
TSD-4649-2440075,2440075,AO-DOMESTIC:KAZ,Kazakhstan Premier League,KAZ,2026,2026/27,2026-07-18 15:00:00+00:00,140521,AO:AO-UEFA-79970,Atyrau,Kairat Almaty,1,3,0.0,FT,18,THESPORTSDB_PREMIUM_LIVE,https://www.thesportsdb.com/api/v2/json/schedule/league/4649/2026,,AO-UEFA-79970
TSD-4649-2440077,2440077,AO-DOMESTIC:KAZ,Kazakhstan Premier League,KAZ,2026,2026/27,2026-07-18 15:00:00+00:00,AO:AO-UEFA-79971,138037,Kaisar Kyzylorda,Caspiy Aktau,1,1,0.5,FT,18,THESPORTSDB_PREMIUM_LIVE,https://www.thesportsdb.com/api/v2/json/schedule/league/4649/2026,AO-UEFA-79971,
TSD-4691-2502946,2502946,AO-DOMESTIC:ROM,Romanian Liga I,ROM,2026-2027,2026/27,2026-07-18 15:30:00+00:00,135929,AO:AO-UEFA-88131,Oțelul Galați,CFR Cluj,2,1,1.0,FT,1,THESPORTSDB_PREMIUM_LIVE,https://www.thesportsdb.com/api/v2/json/schedule/league/4691/2026-2027,,AO-UEFA-88131
TSD-4358-2399102,2399102,4358,Norwegian Eliteserien,NOR,2026,2026/27,2026-07-18 16:00:00+00:00,133958,134571,Molde,Brann,1,2,0.0,FT,14,THESPORTSDB_PREMIUM_LIVE,https://www.thesportsdb.com/api/v2/json/schedule/league/4358/2026,AO-UEFA-50142,AO-UEFA-52770
TSD-4358-2399105,2399105,4358,Norwegian Eliteserien,NOR,2026,2026/27,2026-07-18 16:00:00+00:00,134570,135715,Viking,Sandefjord,2,1,1.0,FT,14,THESPORTSDB_PREMIUM_LIVE,https://www.thesportsdb.com/api/v2/json/schedule/league/4358/2026,AO-UEFA-52319,
TSD-4626-2487274,2487274,AO-DOMESTIC:BUL,Bulgarian First League,BUL,2026-2027,2026/27,2026-07-18 16:00:00+00:00,140036,AO:AO-UEFA-2610060,Septemvri Sofia,Arda Kardzhali,1,1,0.5,FT,1,THESPORTSDB_PREMIUM_LIVE,https://www.thesportsdb.com/api/v2/json/schedule/league/4626/2026-2027,,AO-UEFA-2610060
TSD-4651-2478392,2478392,AO-DOMESTIC:LIT,Lithuanian A Lyga,LIT,2026,2026/27,2026-07-18 16:00:00+00:00,AO:AO-UEFA-2605907,AO:AO-UEFA-77906,Kauno Žalgiris,Šiauliai,4,0,1.0,FT,32,THESPORTSDB_PREMIUM_LIVE,https://www.thesportsdb.com/api/v2/json/schedule/league/4651/2026,AO-UEFA-2605907,AO-UEFA-77906
TSD-4692-2495054,2495054,AO-DOMESTIC:SLO,Slovenian 1. SNL,SLO,2026-2027,2026/27,2026-07-18 16:00:00+00:00,142322,146615,Radomlje,Brinje-Grosuplje,0,2,0.0,FT,1,THESPORTSDB_PREMIUM_LIVE,https://www.thesportsdb.com/api/v2/json/schedule/league/4692/2026-2027,,
TSD-4671-2491195,2491195,AO-DOMESTIC:SRB,Serbian Super Liga,SRB,2026-2027,2026/27,2026-07-18 18:00:00+00:00,143870,AO:AO-UEFA-50162,Zemun,Partizan Belgrade,2,2,0.5,FT,1,THESPORTSDB_PREMIUM_LIVE,https://www.thesportsdb.com/api/v2/json/schedule/league/4671/2026-2027,,AO-UEFA-50162
TSD-4671-2491196,2491196,AO-DOMESTIC:SRB,Serbian Super Liga,SRB,2026-2027,2026/27,2026-07-18 18:00:00+00:00,AO:AO-UEFA-2601090,AO:AO-UEFA-64289,Novi Pazar,Radnički 1923,1,0,1.0,FT,1,THESPORTSDB_PREMIUM_LIVE,https://www.thesportsdb.com/api/v2/json/schedule/league/4671/2026-2027,AO-UEFA-2601090,AO-UEFA-64289
TSD-4626-2487270,2487270,AO-DOMESTIC:BUL,Bulgarian First League,BUL,2026-2027,2026/27,2026-07-18 18:15:00+00:00,AO:AO-UEFA-2603104,AO:AO-UEFA-52369,Ludogorets Razgrad,Lokomotiv Plovdiv,1,0,1.0,FT,1,THESPORTSDB_PREMIUM_LIVE,https://www.thesportsdb.com/api/v2/json/schedule/league/4626/2026-2027,AO-UEFA-2603104,AO-UEFA-52369
TSD-4691-2502941,2502941,AO-DOMESTIC:ROM,Romanian Liga I,ROM,2026-2027,2026/27,2026-07-18 18:15:00+00:00,AO:AO-UEFA-2606501,138924,Universitatea Craiova,UTA Arad,4,0,1.0,FT,1,THESPORTSDB_PREMIUM_LIVE,https://www.thesportsdb.com/api/v2/json/schedule/league/4691/2026-2027,AO-UEFA-2606501,
TSD-4692-2495050,2495050,AO-DOMESTIC:SLO,Slovenian 1. SNL,SLO,2026-2027,2026/27,2026-07-18 18:15:00+00:00,AO:AO-UEFA-53081,AO:AO-UEFA-2607248,Olimpija Ljubljana,Bravo,0,2,0.0,FT,1,THESPORTSDB_PREMIUM_LIVE,https://www.thesportsdb.com/api/v2/json/schedule/league/4692/2026-2027,AO-UEFA-53081,AO-UEFA-2607248
TSD-4649-2440074,2440074,AO-DOMESTIC:KAZ,Kazakhstan Premier League,KAZ,2026,2026/27,2026-07-19 12:00:00+00:00,144012,AO:AO-UEFA-79973,Altai Öskemen,Aktobe,2,4,0.0,FT,18,THESPORTSDB_PREMIUM_LIVE,https://www.thesportsdb.com/api/v2/json/schedule/league/4649/2026,,AO-UEFA-79973
TSD-4691-2502944,2502944,AO-DOMESTIC:ROM,Romanian Liga I,ROM,2026-2027,2026/27,2026-07-19 14:00:00+00:00,AO:AO-UEFA-53025,AO:AO-UEFA-2604753,Universitatea Cluj,Farul Constanța,2,1,1.0,FT,1,THESPORTSDB_PREMIUM_LIVE,https://www.thesportsdb.com/api/v2/json/schedule/league/4691/2026-2027,AO-UEFA-53025,AO-UEFA-2604753
TSD-4347-2398848,2398848,4347,Swedish Allsvenskan,SWE,2026,2026/27,2026-07-19 14:30:00+00:00,133984,134724,Elfsborg,Sirius,1,3,0.0,FT,13,THESPORTSDB_PREMIUM_LIVE,https://www.thesportsdb.com/api/v2/json/schedule/league/4347/2026,AO-UEFA-52344,
TSD-4347-2398851,2398851,4347,Swedish Allsvenskan,SWE,2026,2026/27,2026-07-19 14:30:00+00:00,134731,134728,Hammarby,Degerfors,4,0,1.0,FT,13,THESPORTSDB_PREMIUM_LIVE,https://www.thesportsdb.com/api/v2/json/schedule/league/4347/2026,AO-UEFA-52343,
TSD-4347-2477925,2477925,4347,Swedish Allsvenskan,SWE,2026,2026/27,2026-07-19 14:30:00+00:00,134167,134160,Halmstad,Häcken,0,2,0.0,FT,13,THESPORTSDB_PREMIUM_LIVE,https://www.thesportsdb.com/api/v2/json/schedule/league/4347/2026,,AO-UEFA-69621
TSD-4651-2478349,2478349,AO-DOMESTIC:LIT,Lithuanian A Lyga,LIT,2026,2026/27,2026-07-19 15:45:00+00:00,137990,AO:AO-UEFA-64348,Džiugas Telšiai,Banga Gargždai,1,0,1.0,FT,23,THESPORTSDB_PREMIUM_LIVE,https://www.thesportsdb.com/api/v2/json/schedule/league/4651/2026,,AO-UEFA-64348
TSD-4649-2440080,2440080,AO-DOMESTIC:KAZ,Kazakhstan Premier League,KAZ,2026,2026/27,2026-07-19 16:00:00+00:00,AO:AO-UEFA-82825,148411,Ordabasy Shymkent,Elimai Semey,3,1,1.0,FT,18,THESPORTSDB_PREMIUM_LIVE,https://www.thesportsdb.com/api/v2/json/schedule/league/4649/2026,AO-UEFA-82825,
TSD-4651-2478350,2478350,AO-DOMESTIC:LIT,Lithuanian A Lyga,LIT,2026,2026/27,2026-07-19 16:00:00+00:00,AO:AO-UEFA-2602334,AO:AO-UEFA-2613214,Žalgiris Vilnius,TransINVEST Vilnius,3,1,1.0,FT,23,THESPORTSDB_PREMIUM_LIVE,https://www.thesportsdb.com/api/v2/json/schedule/league/4651/2026,AO-UEFA-2602334,AO-UEFA-2613214
TSD-4692-2495051,2495051,AO-DOMESTIC:SLO,Slovenian 1. SNL,SLO,2026-2027,2026/27,2026-07-19 16:00:00+00:00,138213,AO:AO-UEFA-57490,Aluminij,Maribor,0,0,0.5,FT,1,THESPORTSDB_PREMIUM_LIVE,https://www.thesportsdb.com/api/v2/json/schedule/league/4692/2026-2027,,AO-UEFA-57490
TSD-4626-2487275,2487275,AO-DOMESTIC:BUL,Bulgarian First League,BUL,2026-2027,2026/27,2026-07-19 16:30:00+00:00,137920,AO:AO-UEFA-75787,Botev Vratsa,Cherno More,1,1,0.5,FT,1,THESPORTSDB_PREMIUM_LIVE,https://www.thesportsdb.com/api/v2/json/schedule/league/4626/2026-2027,,AO-UEFA-75787
TSD-4691-2502943,2502943,AO-DOMESTIC:ROM,Romanian Liga I,ROM,2026-2027,2026/27,2026-07-19 16:30:00+00:00,134398,134121,Petrolul Ploiești,Dinamo București,1,0,1.0,FT,1,THESPORTSDB_PREMIUM_LIVE,https://www.thesportsdb.com/api/v2/json/schedule/league/4691/2026-2027,,
TSD-4671-2491194,2491194,AO-DOMESTIC:SRB,Serbian Super Liga,SRB,2026-2027,2026/27,2026-07-19 17:00:00+00:00,AO:AO-UEFA-52810,140232,Vojvodina,OFK Beograd,4,0,1.0,FT,1,THESPORTSDB_PREMIUM_LIVE,https://www.thesportsdb.com/api/v2/json/schedule/league/4671/2026-2027,AO-UEFA-52810,
TSD-4671-2491197,2491197,AO-DOMESTIC:SRB,Serbian Super Liga,SRB,2026-2027,2026/27,2026-07-19 17:00:00+00:00,AO:AO-UEFA-60570,141832,Čukarički,IMT Novi Beograd,0,1,0.0,FT,1,THESPORTSDB_PREMIUM_LIVE,https://www.thesportsdb.com/api/v2/json/schedule/league/4671/2026-2027,AO-UEFA-60570,
TSD-4671-2491198,2491198,AO-DOMESTIC:SRB,Serbian Super Liga,SRB,2026-2027,2026/27,2026-07-19 17:00:00+00:00,137864,137860,Radnik Surdulica,Mladost Lučani,1,1,0.5,FT,1,THESPORTSDB_PREMIUM_LIVE,https://www.thesportsdb.com/api/v2/json/schedule/league/4671/2026-2027,,
TSD-4691-2502947,2502947,AO-DOMESTIC:ROM,Romanian Liga I,ROM,2026-2027,2026/27,2026-07-20 15:30:00+00:00,147629,138930,Corvinul Hunedoara,Csíkszereda Miercurea Ciuc,3,0,1.0,FT,1,THESPORTSDB_PREMIUM_LIVE,https://www.thesportsdb.com/api/v2/json/schedule/league/4691/2026-2027,,
TSD-4651-2478351,2478351,AO-DOMESTIC:LIT,Lithuanian A Lyga,LIT,2026,2026/27,2026-07-20 15:45:00+00:00,AO:AO-UEFA-79557,141007,Sūduva,Hegelmann,5,1,1.0,FT,23,THESPORTSDB_PREMIUM_LIVE,https://www.thesportsdb.com/api/v2/json/schedule/league/4651/2026,AO-UEFA-79557,
TSD-4626-2487273,2487273,AO-DOMESTIC:BUL,Bulgarian First League,BUL,2026-2027,2026/27,2026-07-20 16:15:00+00:00,AO:AO-UEFA-50117,AO:AO-UEFA-2608297,Slavia Sofia,CSKA Sofia,0,0,0.5,FT,1,THESPORTSDB_PREMIUM_LIVE,https://www.thesportsdb.com/api/v2/json/schedule/league/4626/2026-2027,AO-UEFA-50117,AO-UEFA-2608297
TSD-4347-2398854,2398854,4347,Swedish Allsvenskan,SWE,2026,2026/27,2026-07-20 17:00:00+00:00,135668,134162,Örgryte,Djurgården,0,0,0.5,FT,13,THESPORTSDB_PREMIUM_LIVE,https://www.thesportsdb.com/api/v2/json/schedule/league/4347/2026,,AO-UEFA-52809
TSD-4347-2477926,2477926,4347,Swedish Allsvenskan,SWE,2026,2026/27,2026-07-20 17:00:00+00:00,134002,134166,Kalmar,Malmö,2,2,0.5,FT,13,THESPORTSDB_PREMIUM_LIVE,https://www.thesportsdb.com/api/v2/json/schedule/league/4347/2026,AO-UEFA-54187,AO-UEFA-50152
TSD-4691-2502945,2502945,AO-DOMESTIC:ROM,Romanian Liga I,ROM,2026-2027,2026/27,2026-07-20 18:30:00+00:00,134017,138192,Rapid București,Sepsi OSK,1,0,1.0,FT,1,THESPORTSDB_PREMIUM_LIVE,https://www.thesportsdb.com/api/v2/json/schedule/league/4691/2026-2027,,
TSD-4626-2487271,2487271,AO-DOMESTIC:BUL,Bulgarian First League,BUL,2026-2027,2026/27,2026-07-21 18:30:00+00:00,AO:AO-UEFA-57466,140769,Botev Plovdiv,Lokomotiv Sofia,1,1,0.5,FT,1,THESPORTSDB_PREMIUM_LIVE,https://www.thesportsdb.com/api/v2/json/schedule/league/4626/2026-2027,AO-UEFA-57466,
TSD-4358-2399006,2399006,4358,Norwegian Eliteserien,NOR,2026,2026/27,2026-07-22 17:00:00+00:00,135497,134753,Bodø/Glimt,Hamarkameratene,3,0,1.0,FT,2,THESPORTSDB_PREMIUM_LIVE,https://www.thesportsdb.com/api/v2/json/schedule/league/4358/2026,AO-UEFA-59333,
TSD-4358-2399078,2399078,4358,Norwegian Eliteserien,NOR,2026,2026/27,2026-07-22 17:00:00+00:00,134569,134570,Lillestrøm,Viking,1,2,0.0,FT,11,THESPORTSDB_PREMIUM_LIVE,https://www.thesportsdb.com/api/v2/json/schedule/league/4358/2026,AO-UEFA-52314,AO-UEFA-52319
TSD-4691-2502952,2502952,AO-DOMESTIC:ROM,Romanian Liga I,ROM,2026-2027,2026/27,2026-07-24 15:30:00+00:00,138924,135929,UTA Arad,Oțelul Galați,2,2,0.5,FT,2,THESPORTSDB_PREMIUM_LIVE,https://www.thesportsdb.com/api/v2/json/schedule/league/4691/2026-2027,,
TSD-4422-2490196,2490196,4422,Polish Ekstraklasa,POL,2026-2027,2026/27,2026-07-24 16:00:00+00:00,138916,152462,Radomiak Radom,Wieczysta Kraków,2,1,1.0,FT,1,THESPORTSDB_PREMIUM_LIVE,https://www.thesportsdb.com/api/v2/json/schedule/league/4422/2026-2027,,
TSD-4651-2477196,2477196,AO-DOMESTIC:LIT,Lithuanian A Lyga,LIT,2026,2026/27,2026-07-24 16:00:00+00:00,AO:AO-UEFA-77906,141007,Šiauliai,Hegelmann,0,2,0.0,FT,13,THESPORTSDB_PREMIUM_LIVE,https://www.thesportsdb.com/api/v2/json/schedule/league/4651/2026,AO-UEFA-77906,
TSD-4340-2481792,2481792,4340,Danish Superliga,DEN,2026-2027,2026/27,2026-07-24 17:00:00+00:00,134307,133889,Viborg,Odense BK,1,0,1.0,FT,1,THESPORTSDB_PREMIUM_LIVE,https://www.thesportsdb.com/api/v2/json/schedule/league/4340/2026-2027,AO-UEFA-69570,
TSD-4347-2398862,2398862,4347,Swedish Allsvenskan,SWE,2026,2026/27,2026-07-24 17:00:00+00:00,136832,135668,Västerås,Örgryte,2,0,1.0,FT,14,THESPORTSDB_PREMIUM_LIVE,https://www.thesportsdb.com/api/v2/json/schedule/league/4347/2026,,
TSD-4690-2498324,2498324,AO-DOMESTIC:HUN,Hungarian NB I,HUN,2026-2027,2026/27,2026-07-24 18:00:00+00:00,141223,AO:AO-UEFA-50132,Nyíregyháza,Újpest,2,1,1.0,FT,1,THESPORTSDB_PREMIUM_LIVE,https://www.thesportsdb.com/api/v2/json/schedule/league/4690/2026-2027,,AO-UEFA-50132
TSD-4626-2487283,2487283,AO-DOMESTIC:BUL,Bulgarian First League,BUL,2026-2027,2026/27,2026-07-24 18:15:00+00:00,AO:AO-UEFA-2610060,AO:AO-UEFA-50117,Arda Kardzhali,Slavia Sofia,1,0,1.0,FT,2,THESPORTSDB_PREMIUM_LIVE,https://www.thesportsdb.com/api/v2/json/schedule/league/4626/2026-2027,AO-UEFA-2610060,AO-UEFA-50117
TSD-4422-2490194,2490194,4422,Polish Ekstraklasa,POL,2026-2027,2026/27,2026-07-24 18:30:00+00:00,135302,133992,Pogoń Szczecin,Legia Warsaw,0,1,0.0,FT,1,THESPORTSDB_PREMIUM_LIVE,https://www.thesportsdb.com/api/v2/json/schedule/league/4422/2026-2027,AO-UEFA-52652,AO-UEFA-50146
TSD-4691-2502953,2502953,AO-DOMESTIC:ROM,Romanian Liga I,ROM,2026-2027,2026/27,2026-07-24 18:30:00+00:00,138932,134398,Argeș Pitești,Petrolul Ploiești,1,0,1.0,FT,2,THESPORTSDB_PREMIUM_LIVE,https://www.thesportsdb.com/api/v2/json/schedule/league/4691/2026-2027,,
TSD-4422-2490189,2490189,4422,Polish Ekstraklasa,POL,2026-2027,2026/27,2026-07-25 12:45:00+00:00,135297,135298,Jagiellonia Białystok,Korona Kielce,1,0,1.0,FT,1,THESPORTSDB_PREMIUM_LIVE,https://www.thesportsdb.com/api/v2/json/schedule/league/4422/2026-2027,AO-UEFA-2600277,
TSD-4347-2398856,2398856,4347,Swedish Allsvenskan,SWE,2026,2026/27,2026-07-25 13:00:00+00:00,134728,134162,Degerfors,Djurgården,0,1,0.0,FT,14,THESPORTSDB_PREMIUM_LIVE,https://www.thesportsdb.com/api/v2/json/schedule/league/4347/2026,,AO-UEFA-52809
TSD-4649-2440087,2440087,AO-DOMESTIC:KAZ,Kazakhstan Premier League,KAZ,2026,2026/27,2026-07-25 13:00:00+00:00,150755,AO:AO-UEFA-79964,Ulytau,Irtysh Pavlodar,1,2,0.0,FT,19,THESPORTSDB_PREMIUM_LIVE,https://www.thesportsdb.com/api/v2/json/schedule/league/4649/2026,,AO-UEFA-79964
TSD-4649-2440089,2440089,AO-DOMESTIC:KAZ,Kazakhstan Premier League,KAZ,2026,2026/27,2026-07-25 13:00:00+00:00,134052,138039,Jetysu Taldykorgan,Kyzylzhar Petropavl,1,2,0.0,FT,19,THESPORTSDB_PREMIUM_LIVE,https://www.thesportsdb.com/api/v2/json/schedule/league/4649/2026,,
TSD-4358-2399109,2399109,4358,Norwegian Eliteserien,NOR,2026,2026/27,2026-07-25 14:00:00+00:00,134754,134568,Kristiansund,Start,1,2,0.0,FT,15,THESPORTSDB_PREMIUM_LIVE,https://www.thesportsdb.com/api/v2/json/schedule/league/4358/2026,,
TSD-4691-2502954,2502954,AO-DOMESTIC:ROM,Romanian Liga I,ROM,2026-2027,2026/27,2026-07-25 14:30:00+00:00,AO:AO-UEFA-2604753,147629,Farul Constanța,Corvinul Hunedoara,2,0,1.0,FT,2,THESPORTSDB_PREMIUM_LIVE,https://www.thesportsdb.com/api/v2/json/schedule/league/4691/2026-2027,AO-UEFA-2604753,
TSD-4631-2497724,2497724,4631,Czech First League,CZE,2026-2027,2026/27,2026-07-25 15:00:00+00:00,134015,133954,Viktoria Plzeň,Slovan Liberec,1,3,0.0,FT,1,THESPORTSDB_PREMIUM_LIVE,https://www.thesportsdb.com/api/v2/json/schedule/league/4631/2026-2027,AO-UEFA-64388,AO-UEFA-64385
TSD-4631-2497725,2497725,4631,Czech First League,CZE,2026-2027,2026/27,2026-07-25 15:00:00+00:00,137810,136684,Zlín,Baník Ostrava,0,1,0.0,FT,1,THESPORTSDB_PREMIUM_LIVE,https://www.thesportsdb.com/api/v2/json/schedule/league/4631/2026-2027,,AO-UEFA-51886
TSD-4631-2497728,2497728,4631,Czech First League,CZE,2026-2027,2026/27,2026-07-25 15:00:00+00:00,136680,136681,Teplice,Bohemians 1905,3,1,1.0,FT,1,THESPORTSDB_PREMIUM_LIVE,https://www.thesportsdb.com/api/v2/json/schedule/league/4631/2026-2027,,
TSD-4649-2440082,2440082,AO-DOMESTIC:KAZ,Kazakhstan Premier League,KAZ,2026,2026/27,2026-07-25 15:00:00+00:00,AO:AO-UEFA-79973,138040,Aktobe,Okzhetpes Kokshetau,2,1,1.0,FT,19,THESPORTSDB_PREMIUM_LIVE,https://www.thesportsdb.com/api/v2/json/schedule/league/4649/2026,AO-UEFA-79973,
TSD-4347-2398859,2398859,4347,Swedish Allsvenskan,SWE,2026,2026/27,2026-07-25 15:30:00+00:00,134002,134164,Kalmar,Mjällby,2,1,1.0,FT,14,THESPORTSDB_PREMIUM_LIVE,https://www.thesportsdb.com/api/v2/json/schedule/league/4347/2026,AO-UEFA-54187,AO-UEFA-74233
TSD-4422-2490191,2490191,4422,Polish Ekstraklasa,POL,2026-2027,2026/27,2026-07-25 15:30:00+00:00,135296,133952,Górnik Zabrze,Śląsk Wrocław,2,1,1.0,FT,1,THESPORTSDB_PREMIUM_LIVE,https://www.thesportsdb.com/api/v2/json/schedule/league/4422/2026-2027,AO-UEFA-50063,AO-UEFA-52655
TSD-4671-2491202,2491202,AO-DOMESTIC:SRB,Serbian Super Liga,SRB,2026-2027,2026/27,2026-07-25 15:30:00+00:00,AO:AO-UEFA-52734,AO:AO-UEFA-60570,Radnički Niš,Čukarički,0,2,0.0,FT,2,THESPORTSDB_PREMIUM_LIVE,https://www.thesportsdb.com/api/v2/json/schedule/league/4671/2026-2027,AO-UEFA-52734,AO-UEFA-60570
TSD-4340-2481793,2481793,4340,Danish Superliga,DEN,2026-2027,2026/27,2026-07-25 16:00:00+00:00,133899,133893,AGF Aarhus,Brøndby,1,1,0.5,FT,1,THESPORTSDB_PREMIUM_LIVE,https://www.thesportsdb.com/api/v2/json/schedule/league/4340/2026-2027,AO-UEFA-50019,AO-UEFA-50021
TSD-4626-2487282,2487282,AO-DOMESTIC:BUL,Bulgarian First League,BUL,2026-2027,2026/27,2026-07-25 16:00:00+00:00,AO:AO-UEFA-2610262,137920,CSKA 1948,Botev Vratsa,2,1,1.0,FT,2,THESPORTSDB_PREMIUM_LIVE,https://www.thesportsdb.com/api/v2/json/schedule/league/4626/2026-2027,AO-UEFA-2610262,
TSD-4672-2488481,2488481,AO-DOMESTIC:SVK,Slovak First Football League,SVK,2026-2027,2026/27,2026-07-25 16:00:00+00:00,AO:AO-UEFA-64315,146626,Trenčín,Komárno,1,1,0.5,FT,1,THESPORTSDB_PREMIUM_LIVE,https://www.thesportsdb.com/api/v2/json/schedule/league/4672/2026-2027,AO-UEFA-64315,
TSD-4672-2488482,2488482,AO-DOMESTIC:SVK,Slovak First Football League,SVK,2026-2027,2026/27,2026-07-25 16:00:00+00:00,AO:AO-UEFA-52904,146400,Spartak Trnava,Skalica,1,1,0.5,FT,1,THESPORTSDB_PREMIUM_LIVE,https://www.thesportsdb.com/api/v2/json/schedule/league/4672/2026-2027,AO-UEFA-52904,
TSD-4675-2493326,2493326,4675,Swiss Super League,SUI,2026-2027,2026/27,2026-07-25 16:00:00+00:00,138990,134391,Lausanne-Sport,Grasshoppers,1,1,0.5,FT,1,THESPORTSDB_PREMIUM_LIVE,https://www.thesportsdb.com/api/v2/json/schedule/league/4675/2026-2027,AO-UEFA-4251,
TSD-4675-2493327,2493327,4675,Swiss Super League,SUI,2026-2027,2026/27,2026-07-25 16:00:00+00:00,133991,133957,Servette,Basel,0,1,0.0,FT,1,THESPORTSDB_PREMIUM_LIVE,https://www.thesportsdb.com/api/v2/json/schedule/league/4675/2026-2027,AO-UEFA-50008,AO-UEFA-59856
TSD-4692-2495056,2495056,AO-DOMESTIC:SLO,Slovenian 1. SNL,SLO,2026-2027,2026/27,2026-07-25 16:00:00+00:00,AO:AO-UEFA-2607561,AO:AO-UEFA-53081,Mura,Olimpija Ljubljana,1,0,1.0,FT,2,THESPORTSDB_PREMIUM_LIVE,https://www.thesportsdb.com/api/v2/json/schedule/league/4692/2026-2027,AO-UEFA-2607561,AO-UEFA-53081
TSD-4690-2498322,2498322,AO-DOMESTIC:HUN,Hungarian NB I,HUN,2026-2027,2026/27,2026-07-25 17:30:00+00:00,AO:AO-UEFA-2605958,134070,Kisvárda,Budapest Honvéd,1,1,0.5,FT,1,THESPORTSDB_PREMIUM_LIVE,https://www.thesportsdb.com/api/v2/json/schedule/league/4690/2026-2027,AO-UEFA-2605958,
TSD-4691-2502948,2502948,AO-DOMESTIC:ROM,Romanian Liga I,ROM,2026-2027,2026/27,2026-07-25 17:30:00+00:00,134121,AO:AO-UEFA-2606501,Dinamo București,Universitatea Craiova,5,1,1.0,FT,2,THESPORTSDB_PREMIUM_LIVE,https://www.thesportsdb.com/api/v2/json/schedule/league/4691/2026-2027,,AO-UEFA-2606501
TSD-4631-2497730,2497730,4631,Czech First League,CZE,2026-2027,2026/27,2026-07-25 18:00:00+00:00,140094,134007,Zbrojovka Brno,Sparta Prague,3,1,1.0,FT,1,THESPORTSDB_PREMIUM_LIVE,https://www.thesportsdb.com/api/v2/json/schedule/league/4631/2026-2027,,
TSD-4671-2491203,2491203,AO-DOMESTIC:SRB,Serbian Super Liga,SRB,2026-2027,2026/27,2026-07-25 18:00:00+00:00,140232,137864,OFK Beograd,Radnik Surdulica,0,0,0.5,FT,2,THESPORTSDB_PREMIUM_LIVE,https://www.thesportsdb.com/api/v2/json/schedule/league/4671/2026-2027,,
TSD-4671-2491206,2491206,AO-DOMESTIC:SRB,Serbian Super Liga,SRB,2026-2027,2026/27,2026-07-25 18:00:00+00:00,141832,143870,IMT Novi Beograd,Zemun,4,0,1.0,FT,2,THESPORTSDB_PREMIUM_LIVE,https://www.thesportsdb.com/api/v2/json/schedule/league/4671/2026-2027,,
TSD-4422-2490193,2490193,4422,Polish Ekstraklasa,POL,2026-2027,2026/27,2026-07-25 18:15:00+00:00,134010,135294,Lech Poznań,Cracovia,0,0,0.5,FT,1,THESPORTSDB_PREMIUM_LIVE,https://www.thesportsdb.com/api/v2/json/schedule/league/4422/2026-2027,AO-UEFA-64227,AO-UEFA-88133
TSD-4626-2487281,2487281,AO-DOMESTIC:BUL,Bulgarian First League,BUL,2026-2027,2026/27,2026-07-25 18:15:00+00:00,140769,AO:AO-UEFA-50044,Lokomotiv Sofia,Levski Sofia,1,2,0.0,FT,2,THESPORTSDB_PREMIUM_LIVE,https://www.thesportsdb.com/api/v2/json/schedule/league/4626/2026-2027,,AO-UEFA-50044
TSD-4692-2495055,2495055,AO-DOMESTIC:SLO,Slovenian 1. SNL,SLO,2026-2027,2026/27,2026-07-25 18:15:00+00:00,AO:AO-UEFA-57490,146615,Maribor,Brinje-Grosuplje,3,0,1.0,FT,2,THESPORTSDB_PREMIUM_LIVE,https://www.thesportsdb.com/api/v2/json/schedule/league/4692/2026-2027,AO-UEFA-57490,
TSD-4672-2488483,2488483,AO-DOMESTIC:SVK,Slovak First Football League,SVK,2026-2027,2026/27,2026-07-25 18:30:00+00:00,143920,137874,Železiarne Podbrezová,Zemplín Michalovce,2,0,1.0,FT,1,THESPORTSDB_PREMIUM_LIVE,https://www.thesportsdb.com/api/v2/json/schedule/league/4672/2026-2027,,
TSD-4675-2493328,2493328,4675,Swiss Super League,SUI,2026-2027,2026/27,2026-07-25 18:30:00+00:00,134123,134394,Luzern,Thun,1,3,0.0,FT,1,THESPORTSDB_PREMIUM_LIVE,https://www.thesportsdb.com/api/v2/json/schedule/league/4675/2026-2027,,AO-UEFA-80409
TSD-4340-2481794,2481794,4340,Danish Superliga,DEN,2026-2027,2026/27,2026-07-26 12:00:00+00:00,133897,133891,Sønderjyske,FC Midtjylland,2,3,0.0,FT,1,THESPORTSDB_PREMIUM_LIVE,https://www.thesportsdb.com/api/v2/json/schedule/league/4340/2026-2027,AO-UEFA-89694,AO-UEFA-75795
TSD-4347-2398855,2398855,4347,Swedish Allsvenskan,SWE,2026,2026/27,2026-07-26 12:00:00+00:00,134170,134731,Brommapojkarna,Hammarby,1,1,0.5,FT,14,THESPORTSDB_PREMIUM_LIVE,https://www.thesportsdb.com/api/v2/json/schedule/league/4347/2026,,AO-UEFA-52343
TSD-4347-2398861,2398861,4347,Swedish Allsvenskan,SWE,2026,2026/27,2026-07-26 12:00:00+00:00,134724,134161,Sirius,IFK Göteborg,4,1,1.0,FT,14,THESPORTSDB_PREMIUM_LIVE,https://www.thesportsdb.com/api/v2/json/schedule/league/4347/2026,,
TSD-4675-2493329,2493329,4675,Swiss Super League,SUI,2026-2027,2026/27,2026-07-26 12:00:00+00:00,134001,135947,Young Boys,Sion,4,2,1.0,FT,1,THESPORTSDB_PREMIUM_LIVE,https://www.thesportsdb.com/api/v2/json/schedule/league/4675/2026-2027,AO-UEFA-50031,
TSD-4358-2399107,2399107,4358,Norwegian Eliteserien,NOR,2026,2026/27,2026-07-26 12:30:00+00:00,134571,134574,Brann,Vålerenga,2,3,0.0,FT,15,THESPORTSDB_PREMIUM_LIVE,https://www.thesportsdb.com/api/v2/json/schedule/league/4358/2026,AO-UEFA-52770,AO-UEFA-52318
TSD-4422-2490195,2490195,4422,Polish Ekstraklasa,POL,2026-2027,2026/27,2026-07-26 12:45:00+00:00,137670,135659,Raków Częstochowa,Wisła Płock,1,2,0.0,FT,1,THESPORTSDB_PREMIUM_LIVE,https://www.thesportsdb.com/api/v2/json/schedule/league/4422/2026-2027,AO-UEFA-60566,
TSD-4631-2497723,2497723,4631,Czech First League,CZE,2026-2027,2026/27,2026-07-26 13:00:00+00:00,136036,136685,Slavia Prague,Slovácko,5,1,1.0,FT,1,THESPORTSDB_PREMIUM_LIVE,https://www.thesportsdb.com/api/v2/json/schedule/league/4631/2026-2027,AO-UEFA-52498,AO-UEFA-75794
TSD-4649-2440086,2440086,AO-DOMESTIC:KAZ,Kazakhstan Premier League,KAZ,2026,2026/27,2026-07-26 13:00:00+00:00,AO:AO-UEFA-79969,140521,Tobol,Atyrau,1,0,1.0,FT,19,THESPORTSDB_PREMIUM_LIVE,https://www.thesportsdb.com/api/v2/json/schedule/league/4649/2026,AO-UEFA-79969,
TSD-4690-2498319,2498319,AO-DOMESTIC:HUN,Hungarian NB I,HUN,2026-2027,2026/27,2026-07-26 13:45:00+00:00,141231,AO:AO-UEFA-52287,Vasas,Győri ETO,2,2,0.5,FT,1,THESPORTSDB_PREMIUM_LIVE,https://www.thesportsdb.com/api/v2/json/schedule/league/4690/2026-2027,,AO-UEFA-52287
TSD-4340-2481797,2481797,4340,Danish Superliga,DEN,2026-2027,2026/27,2026-07-26 14:00:00+00:00,133898,133900,FC Copenhagen,Lyngby,3,2,1.0,FT,1,THESPORTSDB_PREMIUM_LIVE,https://www.thesportsdb.com/api/v2/json/schedule/league/4340/2026-2027,AO-UEFA-52709,
TSD-4649-2440083,2440083,AO-DOMESTIC:KAZ,Kazakhstan Premier League,KAZ,2026,2026/27,2026-07-26 14:00:00+00:00,AO:AO-UEFA-2600605,144012,Astana,Altai Öskemen,4,1,1.0,FT,19,THESPORTSDB_PREMIUM_LIVE,https://www.thesportsdb.com/api/v2/json/schedule/league/4649/2026,AO-UEFA-2600605,
TSD-4649-2440084,2440084,AO-DOMESTIC:KAZ,Kazakhstan Premier League,KAZ,2026,2026/27,2026-07-26 14:00:00+00:00,AO:AO-UEFA-79970,AO:AO-UEFA-82825,Kairat Almaty,Ordabasy Shymkent,2,1,1.0,FT,19,THESPORTSDB_PREMIUM_LIVE,https://www.thesportsdb.com/api/v2/json/schedule/league/4649/2026,AO-UEFA-79970,AO-UEFA-82825
TSD-4649-2440088,2440088,AO-DOMESTIC:KAZ,Kazakhstan Premier League,KAZ,2026,2026/27,2026-07-26 14:00:00+00:00,148411,AO:AO-UEFA-79971,Elimai Semey,Kaisar Kyzylorda,1,1,0.5,FT,19,THESPORTSDB_PREMIUM_LIVE,https://www.thesportsdb.com/api/v2/json/schedule/league/4649/2026,,AO-UEFA-79971
TSD-4347-2398857,2398857,4347,Swedish Allsvenskan,SWE,2026,2026/27,2026-07-26 14:30:00+00:00,134725,134167,GAIS,Halmstad,1,1,0.5,FT,14,THESPORTSDB_PREMIUM_LIVE,https://www.thesportsdb.com/api/v2/json/schedule/league/4347/2026,,
TSD-4347-2477928,2477928,4347,Swedish Allsvenskan,SWE,2026,2026/27,2026-07-26 14:30:00+00:00,134166,133984,Malmö,Elfsborg,1,2,0.0,FT,14,THESPORTSDB_PREMIUM_LIVE,https://www.thesportsdb.com/api/v2/json/schedule/league/4347/2026,AO-UEFA-50152,AO-UEFA-52344
TSD-4675-2493330,2493330,4675,Swiss Super League,SUI,2026-2027,2026/27,2026-07-26 14:30:00+00:00,136037,134320,Lugano,Vaduz,2,1,1.0,FT,1,THESPORTSDB_PREMIUM_LIVE,https://www.thesportsdb.com/api/v2/json/schedule/league/4675/2026-2027,AO-UEFA-8538,
TSD-4675-2493331,2493331,4675,Swiss Super League,SUI,2026-2027,2026/27,2026-07-26 14:30:00+00:00,134406,134396,St. Gallen,Zürich,2,1,1.0,FT,1,THESPORTSDB_PREMIUM_LIVE,https://www.thesportsdb.com/api/v2/json/schedule/league/4675/2026-2027,AO-UEFA-51151,AO-UEFA-51150
TSD-4691-2502951,2502951,AO-DOMESTIC:ROM,Romanian Liga I,ROM,2026-2027,2026/27,2026-07-26 14:30:00+00:00,138192,AO:AO-UEFA-53025,Sepsi OSK,Universitatea Cluj,1,0,1.0,FT,2,THESPORTSDB_PREMIUM_LIVE,https://www.thesportsdb.com/api/v2/json/schedule/league/4691/2026-2027,,AO-UEFA-53025
TSD-4358-2399108,2399108,4358,Norwegian Eliteserien,NOR,2026,2026/27,2026-07-26 15:00:00+00:00,135723,133958,KFUM-Kameratene Oslo,Molde,2,4,0.0,FT,15,THESPORTSDB_PREMIUM_LIVE,https://www.thesportsdb.com/api/v2/json/schedule/league/4358/2026,,AO-UEFA-50142
TSD-4358-2399111,2399111,4358,Norwegian Eliteserien,NOR,2026,2026/27,2026-07-26 15:00:00+00:00,135715,135497,Sandefjord,Bodø/Glimt,0,3,0.0,FT,15,THESPORTSDB_PREMIUM_LIVE,https://www.thesportsdb.com/api/v2/json/schedule/league/4358/2026,,AO-UEFA-59333
TSD-4358-2399112,2399112,4358,Norwegian Eliteserien,NOR,2026,2026/27,2026-07-26 15:00:00+00:00,134566,134753,Sarpsborg 08,Hamarkameratene,1,0,1.0,FT,15,THESPORTSDB_PREMIUM_LIVE,https://www.thesportsdb.com/api/v2/json/schedule/league/4358/2026,AO-UEFA-2604486,
TSD-4649-2440085,2440085,AO-DOMESTIC:KAZ,Kazakhstan Premier League,KAZ,2026,2026/27,2026-07-26 15:00:00+00:00,138037,148412,Caspiy Aktau,Jeńis,3,2,1.0,FT,19,THESPORTSDB_PREMIUM_LIVE,https://www.thesportsdb.com/api/v2/json/schedule/league/4649/2026,,
TSD-4672-2488484,2488484,AO-DOMESTIC:SVK,Slovak First Football League,SVK,2026-2027,2026/27,2026-07-26 15:00:00+00:00,AO:AO-UEFA-64319,137869,Ružomberok,DAC 1904 Dunajská Streda,1,1,0.5,FT,1,THESPORTSDB_PREMIUM_LIVE,https://www.thesportsdb.com/api/v2/json/schedule/league/4672/2026-2027,AO-UEFA-64319,
TSD-4672-2488485,2488485,AO-DOMESTIC:SVK,Slovak First Football League,SVK,2026-2027,2026/27,2026-07-26 15:00:00+00:00,AO:AO-UEFA-61601,AO:AO-UEFA-2610274,Žilina,Košice,4,4,0.5,FT,1,THESPORTSDB_PREMIUM_LIVE,https://www.thesportsdb.com/api/v2/json/schedule/league/4672/2026-2027,AO-UEFA-61601,AO-UEFA-2610274
TSD-4422-2490197,2490197,4422,Polish Ekstraklasa,POL,2026-2027,2026/27,2026-07-26 15:30:00+00:00,134489,147435,Widzew Łódź,Motor Lublin,2,2,0.5,FT,1,THESPORTSDB_PREMIUM_LIVE,https://www.thesportsdb.com/api/v2/json/schedule/league/4422/2026-2027,,
TSD-4631-2497726,2497726,4631,Czech First League,CZE,2026-2027,2026/27,2026-07-26 15:30:00+00:00,134395,136677,Jablonec,Sigma Olomouc,2,1,1.0,FT,1,THESPORTSDB_PREMIUM_LIVE,https://www.thesportsdb.com/api/v2/json/schedule/league/4631/2026-2027,AO-UEFA-62169,AO-UEFA-52905
TSD-4651-2478353,2478353,AO-DOMESTIC:LIT,Lithuanian A Lyga,LIT,2026,2026/27,2026-07-26 15:45:00+00:00,AO:AO-UEFA-2613214,137990,TransINVEST Vilnius,Džiugas Telšiai,1,0,1.0,FT,24,THESPORTSDB_PREMIUM_LIVE,https://www.thesportsdb.com/api/v2/json/schedule/league/4651/2026,AO-UEFA-2613214,
TSD-4340-2481796,2481796,4340,Danish Superliga,DEN,2026-2027,2026/27,2026-07-26 16:00:00+00:00,133895,133890,AC Horsens,FC Nordsjælland,1,1,0.5,FT,1,THESPORTSDB_PREMIUM_LIVE,https://www.thesportsdb.com/api/v2/json/schedule/league/4340/2026-2027,,AO-UEFA-79940
TSD-4626-2487278,2487278,AO-DOMESTIC:BUL,Bulgarian First League,BUL,2026-2027,2026/27,2026-07-26 16:00:00+00:00,AO:AO-UEFA-75787,142832,Cherno More,Spartak Varna,0,3,0.0,FT,2,THESPORTSDB_PREMIUM_LIVE,https://www.thesportsdb.com/api/v2/json/schedule/league/4626/2026-2027,AO-UEFA-75787,
TSD-4690-2498321,2498321,AO-DOMESTIC:HUN,Hungarian NB I,HUN,2026-2027,2026/27,2026-07-26 16:00:00+00:00,AO:AO-UEFA-52958,AO:AO-UEFA-2605472,Debrecen,Puskás Akadémia,0,2,0.0,FT,1,THESPORTSDB_PREMIUM_LIVE,https://www.thesportsdb.com/api/v2/json/schedule/league/4690/2026-2027,AO-UEFA-52958,AO-UEFA-2605472
TSD-4692-2495058,2495058,AO-DOMESTIC:SLO,Slovenian 1. SNL,SLO,2026-2027,2026/27,2026-07-26 16:00:00+00:00,AO:AO-UEFA-2607248,146621,Bravo,Nafta,0,3,0.0,FT,2,THESPORTSDB_PREMIUM_LIVE,https://www.thesportsdb.com/api/v2/json/schedule/league/4692/2026-2027,AO-UEFA-2607248,
TSD-4671-2491200,2491200,AO-DOMESTIC:SRB,Serbian Super Liga,SRB,2026-2027,2026/27,2026-07-26 17:00:00+00:00,AO:AO-UEFA-50069,AO:AO-UEFA-52810,Crvena Zvezda,Vojvodina,3,1,1.0,FT,2,THESPORTSDB_PREMIUM_LIVE,https://www.thesportsdb.com/api/v2/json/schedule/league/4671/2026-2027,AO-UEFA-50069,AO-UEFA-52810
TSD-4672-2488486,2488486,AO-DOMESTIC:SVK,Slovak First Football League,SVK,2026-2027,2026/27,2026-07-26 17:00:00+00:00,146399,AO:AO-UEFA-52797,Dukla Banská Bystrica,Slovan Bratislava,0,4,0.0,FT,1,THESPORTSDB_PREMIUM_LIVE,https://www.thesportsdb.com/api/v2/json/schedule/league/4672/2026-2027,,AO-UEFA-52797
TSD-4358-2399106,2399106,4358,Norwegian Eliteserien,NOR,2026,2026/27,2026-07-26 17:15:00+00:00,133998,134570,Aalesund,Viking,1,1,0.5,FT,15,THESPORTSDB_PREMIUM_LIVE,https://www.thesportsdb.com/api/v2/json/schedule/league/4358/2026,,AO-UEFA-52319
TSD-4691-2502955,2502955,AO-DOMESTIC:ROM,Romanian Liga I,ROM,2026-2027,2026/27,2026-07-26 17:30:00+00:00,138930,AO:AO-UEFA-50065,Csíkszereda Miercurea Ciuc,FCSB,0,2,0.0,FT,2,THESPORTSDB_PREMIUM_LIVE,https://www.thesportsdb.com/api/v2/json/schedule/league/4691/2026-2027,,AO-UEFA-50065
TSD-4631-2497729,2497729,4631,Czech First League,CZE,2026-2027,2026/27,2026-07-26 18:00:00+00:00,141109,140093,Hradec Králové,Pardubice,2,1,1.0,FT,1,THESPORTSDB_PREMIUM_LIVE,https://www.thesportsdb.com/api/v2/json/schedule/league/4631/2026-2027,,
TSD-4690-2498320,2498320,AO-DOMESTIC:HUN,Hungarian NB I,HUN,2026-2027,2026/27,2026-07-26 18:00:00+00:00,138185,AO:AO-UEFA-52298,Paks,Ferencváros,4,2,1.0,FT,1,THESPORTSDB_PREMIUM_LIVE,https://www.thesportsdb.com/api/v2/json/schedule/league/4690/2026-2027,,AO-UEFA-52298
TSD-4422-2490190,2490190,4422,Polish Ekstraklasa,POL,2026-2027,2026/27,2026-07-26 18:15:00+00:00,135303,142467,Wisła Kraków,GKS Katowice,2,1,1.0,FT,1,THESPORTSDB_PREMIUM_LIVE,https://www.thesportsdb.com/api/v2/json/schedule/league/4422/2026-2027,AO-UEFA-52651,
TSD-4626-2487280,2487280,AO-DOMESTIC:BUL,Bulgarian First League,BUL,2026-2027,2026/27,2026-07-26 18:15:00+00:00,AO:AO-UEFA-52369,140036,Lokomotiv Plovdiv,Septemvri Sofia,2,1,1.0,FT,2,THESPORTSDB_PREMIUM_LIVE,https://www.thesportsdb.com/api/v2/json/schedule/league/4626/2026-2027,AO-UEFA-52369,
TSD-4692-2495059,2495059,AO-DOMESTIC:SLO,Slovenian 1. SNL,SLO,2026-2027,2026/27,2026-07-26 18:15:00+00:00,AO:AO-UEFA-69617,142322,Koper,Radomlje,2,2,0.5,FT,2,THESPORTSDB_PREMIUM_LIVE,https://www.thesportsdb.com/api/v2/json/schedule/league/4692/2026-2027,AO-UEFA-69617,
TSD-4671-2491201,2491201,AO-DOMESTIC:SRB,Serbian Super Liga,SRB,2026-2027,2026/27,2026-07-26 18:30:00+00:00,137860,AO:AO-UEFA-2601090,Mladost Lučani,Novi Pazar,0,0,0.5,FT,2,THESPORTSDB_PREMIUM_LIVE,https://www.thesportsdb.com/api/v2/json/schedule/league/4671/2026-2027,,AO-UEFA-2601090
TSD-4671-2491204,2491204,AO-DOMESTIC:SRB,Serbian Super Liga,SRB,2026-2027,2026/27,2026-07-26 19:00:00+00:00,137867,AO:AO-UEFA-50162,Mačva Šabac,Partizan Belgrade,1,3,0.0,FT,2,THESPORTSDB_PREMIUM_LIVE,https://www.thesportsdb.com/api/v2/json/schedule/league/4671/2026-2027,,AO-UEFA-50162
TSD-4691-2502949,2502949,AO-DOMESTIC:ROM,Romanian Liga I,ROM,2026-2027,2026/27,2026-07-27 15:30:00+00:00,AO:AO-UEFA-88131,138197,CFR Cluj,Voluntari,5,0,1.0,FT,2,THESPORTSDB_PREMIUM_LIVE,https://www.thesportsdb.com/api/v2/json/schedule/league/4691/2026-2027,AO-UEFA-88131,
TSD-4651-2478355,2478355,AO-DOMESTIC:LIT,Lithuanian A Lyga,LIT,2026,2026/27,2026-07-27 15:45:00+00:00,141007,AO:AO-UEFA-2602334,Hegelmann,Žalgiris Vilnius,2,3,0.0,FT,24,THESPORTSDB_PREMIUM_LIVE,https://www.thesportsdb.com/api/v2/json/schedule/league/4651/2026,,AO-UEFA-2602334
TSD-4626-2487277,2487277,AO-DOMESTIC:BUL,Bulgarian First League,BUL,2026-2027,2026/27,2026-07-27 16:00:00+00:00,137918,AO:AO-UEFA-2603104,Dunav Ruse,Ludogorets Razgrad,0,2,0.0,FT,2,THESPORTSDB_PREMIUM_LIVE,https://www.thesportsdb.com/api/v2/json/schedule/league/4626/2026-2027,,AO-UEFA-2603104
TSD-4631-2519346,2519346,4631,Czech First League,CZE,2026-2027,2026/27,2026-07-27 16:00:00+00:00,141110,134000,Artis Brno,Mladá Boleslav,2,4,0.0,FT,1,THESPORTSDB_PREMIUM_LIVE,https://www.thesportsdb.com/api/v2/json/schedule/league/4631/2026-2027,,AO-UEFA-88134
TSD-4340-2481795,2481795,4340,Danish Superliga,DEN,2026-2027,2026/27,2026-07-27 17:00:00+00:00,133938,133892,Randers FC,Silkeborg IF,1,1,0.5,FT,1,THESPORTSDB_PREMIUM_LIVE,https://www.thesportsdb.com/api/v2/json/schedule/league/4340/2026-2027,AO-UEFA-64146,AO-UEFA-52912
TSD-4347-2477927,2477927,4347,Swedish Allsvenskan,SWE,2026,2026/27,2026-07-27 17:00:00+00:00,134160,134011,Häcken,AIK,0,0,0.5,FT,14,THESPORTSDB_PREMIUM_LIVE,https://www.thesportsdb.com/api/v2/json/schedule/league/4347/2026,AO-UEFA-69621,AO-UEFA-52341
TSD-4358-2399110,2399110,4358,Norwegian Eliteserien,NOR,2026,2026/27,2026-07-27 17:00:00+00:00,133990,134749,Rosenborg,Fredrikstad,4,0,1.0,FT,15,THESPORTSDB_PREMIUM_LIVE,https://www.thesportsdb.com/api/v2/json/schedule/league/4358/2026,AO-UEFA-52806,AO-UEFA-64211
TSD-4422-2490192,2490192,4422,Polish Ekstraklasa,POL,2026-2027,2026/27,2026-07-27 17:00:00+00:00,135496,135300,Zagłębie Lubin,Piast Gliwice,2,0,1.0,FT,1,THESPORTSDB_PREMIUM_LIVE,https://www.thesportsdb.com/api/v2/json/schedule/league/4422/2026-2027,,AO-UEFA-2600545
TSD-4690-2498323,2498323,AO-DOMESTIC:HUN,Hungarian NB I,HUN,2026-2027,2026/27,2026-07-27 17:30:00+00:00,134028,138186,MTK Budapest,Zalaegerszeg,3,0,1.0,FT,1,THESPORTSDB_PREMIUM_LIVE,https://www.thesportsdb.com/api/v2/json/schedule/league/4690/2026-2027,,
TSD-4626-2487279,2487279,AO-DOMESTIC:BUL,Bulgarian First League,BUL,2026-2027,2026/27,2026-07-27 18:15:00+00:00,AO:AO-UEFA-2608297,AO:AO-UEFA-57466,CSKA Sofia,Botev Plovdiv,3,2,1.0,FT,2,THESPORTSDB_PREMIUM_LIVE,https://www.thesportsdb.com/api/v2/json/schedule/league/4626/2026-2027,AO-UEFA-2608297,AO-UEFA-57466
TSD-4691-2502950,2502950,AO-DOMESTIC:ROM,Romanian Liga I,ROM,2026-2027,2026/27,2026-07-27 18:30:00+00:00,AO:AO-UEFA-2605104,134017,Botoșani,Rapid București,1,1,0.5,FT,2,THESPORTSDB_PREMIUM_LIVE,https://www.thesportsdb.com/api/v2/json/schedule/league/4691/2026-2027,AO-UEFA-2605104,
TSD-4619-2523488,2523488,AO-DOMESTIC:ARM,Armenian Premier League,ARM,2026-2027,2026/27,2026-07-31 12:00:00+00:00,140092,152593,Van,Sardarapat,1,4,0.0,FT,1,THESPORTSDB_PREMIUM_LIVE,https://www.thesportsdb.com/api/v2/json/schedule/league/4619/2026-2027,,
TSD-4354-2503909,2503909,AO-DOMESTIC:UKR,Ukrainian Premier League,UKR,2026-2027,2026/27,2026-07-31 15:00:00+00:00,AO:AO-UEFA-65130,AO:AO-UEFA-2609189,Zorya Luhansk,Kolos Kovalivka,2,0,1.0,FT,1,THESPORTSDB_PREMIUM_LIVE,https://www.thesportsdb.com/api/v2/json/schedule/league/4354/2026-2027,AO-UEFA-65130,AO-UEFA-2609189
TSD-4691-2502959,2502959,AO-DOMESTIC:ROM,Romanian Liga I,ROM,2026-2027,2026/27,2026-07-31 15:30:00+00:00,138932,138930,Argeș Pitești,Csíkszereda Miercurea Ciuc,1,0,1.0,FT,3,THESPORTSDB_PREMIUM_LIVE,https://www.thesportsdb.com/api/v2/json/schedule/league/4691/2026-2027,,
TSD-4422-2490200,2490200,4422,Polish Ekstraklasa,POL,2026-2027,2026/27,2026-07-31 16:00:00+00:00,135659,134489,Wisła Płock,Widzew Łódź,0,0,0.5,FT,2,THESPORTSDB_PREMIUM_LIVE,https://www.thesportsdb.com/api/v2/json/schedule/league/4422/2026-2027,,
TSD-4626-2487288,2487288,AO-DOMESTIC:BUL,Bulgarian First League,BUL,2026-2027,2026/27,2026-07-31 16:00:00+00:00,AO:AO-UEFA-50117,140769,Slavia Sofia,Lokomotiv Sofia,1,1,0.5,FT,3,THESPORTSDB_PREMIUM_LIVE,https://www.thesportsdb.com/api/v2/json/schedule/league/4626/2026-2027,AO-UEFA-50117,
TSD-4358-2399120,2399120,4358,Norwegian Eliteserien,NOR,2026,2026/27,2026-07-31 17:00:00+00:00,134574,134753,Vålerenga,Hamarkameratene,0,3,0.0,FT,16,THESPORTSDB_PREMIUM_LIVE,https://www.thesportsdb.com/api/v2/json/schedule/league/4358/2026,AO-UEFA-52318,
TSD-4631-2497732,2497732,4631,Czech First League,CZE,2026-2027,2026/27,2026-07-31 17:00:00+00:00,134007,137810,Sparta Prague,Zlín,3,1,1.0,FT,2,THESPORTSDB_PREMIUM_LIVE,https://www.thesportsdb.com/api/v2/json/schedule/league/4631/2026-2027,,
TSD-4621-2499703,2499703,4621,Austrian Bundesliga,AUT,2026-2027,2026/27,2026-07-31 17:30:00+00:00,137261,139415,LASK,Grazer AK,3,0,1.0,FT,1,THESPORTSDB_PREMIUM_LIVE,https://www.thesportsdb.com/api/v2/json/schedule/league/4621/2026-2027,AO-UEFA-63405,
TSD-4629-2482521,2482521,AO-DOMESTIC:CRO,Croatian First Football League,CRO,2026-2027,2026/27,2026-07-31 18:00:00+00:00,AO:AO-UEFA-50164,133989,Dinamo Zagreb,Slaven Belupo Koprivnica,2,0,1.0,FT,1,THESPORTSDB_PREMIUM_LIVE,https://www.thesportsdb.com/api/v2/json/schedule/league/4629/2026-2027,AO-UEFA-50164,
TSD-4690-2498328,2498328,AO-DOMESTIC:HUN,Hungarian NB I,HUN,2026-2027,2026/27,2026-07-31 18:00:00+00:00,AO:AO-UEFA-2605472,AO:AO-UEFA-2605958,Puskás Akadémia,Kisvárda,0,2,0.0,FT,2,THESPORTSDB_PREMIUM_LIVE,https://www.thesportsdb.com/api/v2/json/schedule/league/4690/2026-2027,AO-UEFA-2605472,AO-UEFA-2605958
TSD-4626-2487289,2487289,AO-DOMESTIC:BUL,Bulgarian First League,BUL,2026-2027,2026/27,2026-07-31 18:15:00+00:00,AO:AO-UEFA-2610262,AO:AO-UEFA-2610060,CSKA 1948,Arda Kardzhali,2,1,1.0,FT,3,THESPORTSDB_PREMIUM_LIVE,https://www.thesportsdb.com/api/v2/json/schedule/league/4626/2026-2027,AO-UEFA-2610262,AO-UEFA-2610060
TSD-4422-2490205,2490205,4422,Polish Ekstraklasa,POL,2026-2027,2026/27,2026-07-31 18:30:00+00:00,147435,135297,Motor Lublin,Jagiellonia Białystok,1,2,0.0,FT,2,THESPORTSDB_PREMIUM_LIVE,https://www.thesportsdb.com/api/v2/json/schedule/league/4422/2026-2027,,AO-UEFA-2600277
TSD-4691-2502962,2502962,AO-DOMESTIC:ROM,Romanian Liga I,ROM,2026-2027,2026/27,2026-07-31 18:30:00+00:00,135929,134121,Oțelul Galați,Dinamo București,1,1,0.5,FT,3,THESPORTSDB_PREMIUM_LIVE,https://www.thesportsdb.com/api/v2/json/schedule/league/4691/2026-2027,,
TSD-4330-2494410,2494410,AO-DOMESTIC:SCO,Scottish Premier League,SCO,2026-2027,2026/27,2026-07-31 19:00:00+00:00,AO:AO-UEFA-50079,AO:AO-UEFA-50121,Dundee United,Rangers,1,1,0.5,FT,1,THESPORTSDB_PREMIUM_LIVE,https://www.thesportsdb.com/api/v2/json/schedule/league/4330/2026-2027,AO-UEFA-50079,AO-UEFA-50121
TSD-4358-2399114,2399114,4358,Norwegian Eliteserien,NOR,2026,2026/27,2026-07-31 19:00:00+00:00,135497,134569,Bodø/Glimt,Lillestrøm,4,0,1.0,FT,16,THESPORTSDB_PREMIUM_LIVE,https://www.thesportsdb.com/api/v2/json/schedule/league/4358/2026,AO-UEFA-59333,AO-UEFA-52314
TSD-4354-2503913,2503913,AO-DOMESTIC:UKR,Ukrainian Premier League,UKR,2026-2027,2026/27,2026-08-01 10:00:00+00:00,AO:AO-UEFA-64527,134426,Kryvbas Kryvyi Rih,Karpaty Lviv,1,4,0.0,FT,1,THESPORTSDB_PREMIUM_LIVE,https://www.thesportsdb.com/api/v2/json/schedule/league/4354/2026-2027,AO-UEFA-64527,
TSD-4649-2440091,2440091,AO-DOMESTIC:KAZ,Kazakhstan Premier League,KAZ,2026,2026/27,2026-08-01 12:00:00+00:00,AO:AO-UEFA-79964,138037,Irtysh Pavlodar,Caspiy Aktau,3,2,1.0,FT,20,THESPORTSDB_PREMIUM_LIVE,https://www.thesportsdb.com/api/v2/json/schedule/league/4649/2026,AO-UEFA-79964,
TSD-4354-2503911,2503911,AO-DOMESTIC:UKR,Ukrainian Premier League,UKR,2026-2027,2026/27,2026-08-01 12:30:00+00:00,134122,135911,Kharkiv,Veres Rivne,1,0,1.0,FT,1,THESPORTSDB_PREMIUM_LIVE,https://www.thesportsdb.com/api/v2/json/schedule/league/4354/2026-2027,,
TSD-4422-2490202,2490202,4422,Polish Ekstraklasa,POL,2026-2027,2026/27,2026-08-01 12:45:00+00:00,135300,135303,Piast Gliwice,Wisła Kraków,4,3,1.0,FT,2,THESPORTSDB_PREMIUM_LIVE,https://www.thesportsdb.com/api/v2/json/schedule/league/4422/2026-2027,AO-UEFA-2600545,AO-UEFA-52651
TSD-4347-2477930,2477930,4347,Swedish Allsvenskan,SWE,2026,2026/27,2026-08-01 13:00:00+00:00,134160,134002,Häcken,Kalmar,1,1,0.5,FT,15,THESPORTSDB_PREMIUM_LIVE,https://www.thesportsdb.com/api/v2/json/schedule/league/4347/2026,AO-UEFA-69621,AO-UEFA-54187
TSD-4330-2494411,2494411,AO-DOMESTIC:SCO,Scottish Premier League,SCO,2026-2027,2026/27,2026-08-01 14:00:00+00:00,133838,AO:AO-UEFA-52552,Falkirk,St Mirren,0,2,0.0,FT,1,THESPORTSDB_PREMIUM_LIVE,https://www.thesportsdb.com/api/v2/json/schedule/league/4330/2026-2027,,AO-UEFA-52552
TSD-4358-2399116,2399116,4358,Norwegian Eliteserien,NOR,2026,2026/27,2026-08-01 14:00:00+00:00,134749,135715,Fredrikstad,Sandefjord,1,0,1.0,FT,16,THESPORTSDB_PREMIUM_LIVE,https://www.thesportsdb.com/api/v2/json/schedule/league/4358/2026,AO-UEFA-64211,
TSD-4619-2523487,2523487,AO-DOMESTIC:ARM,Armenian Premier League,ARM,2026-2027,2026/27,2026-08-01 14:00:00+00:00,140688,AO:AO-UEFA-59877,BKMA,Shirak Gyumri,0,0,0.5,FT,1,THESPORTSDB_PREMIUM_LIVE,https://www.thesportsdb.com/api/v2/json/schedule/league/4619/2026-2027,,AO-UEFA-59877
TSD-4649-2440093,2440093,AO-DOMESTIC:KAZ,Kazakhstan Premier League,KAZ,2026,2026/27,2026-08-01 14:00:00+00:00,138039,AO:AO-UEFA-79973,Kyzylzhar Petropavl,Aktobe,3,1,1.0,FT,20,THESPORTSDB_PREMIUM_LIVE,https://www.thesportsdb.com/api/v2/json/schedule/league/4649/2026,,AO-UEFA-79973
TSD-4621-2499704,2499704,4621,Austrian Bundesliga,AUT,2026-2027,2026/27,2026-08-01 15:00:00+00:00,137807,137743,WSG Tirol,Sturm Graz,1,1,0.5,FT,1,THESPORTSDB_PREMIUM_LIVE,https://www.thesportsdb.com/api/v2/json/schedule/league/4621/2026-2027,,AO-UEFA-50111
TSD-4631-2497733,2497733,4631,Czech First League,CZE,2026-2027,2026/27,2026-08-01 15:00:00+00:00,133954,136680,Slovan Liberec,Teplice,0,1,0.0,FT,2,THESPORTSDB_PREMIUM_LIVE,https://www.thesportsdb.com/api/v2/json/schedule/league/4631/2026-2027,AO-UEFA-64385,
TSD-4631-2497735,2497735,4631,Czech First League,CZE,2026-2027,2026/27,2026-08-01 15:00:00+00:00,136684,136036,Baník Ostrava,Slavia Prague,0,4,0.0,FT,2,THESPORTSDB_PREMIUM_LIVE,https://www.thesportsdb.com/api/v2/json/schedule/league/4631/2026-2027,AO-UEFA-51886,AO-UEFA-52498
TSD-4631-2519347,2519347,4631,Czech First League,CZE,2026-2027,2026/27,2026-08-01 15:00:00+00:00,136685,141110,Slovácko,Artis Brno,1,1,0.5,FT,2,THESPORTSDB_PREMIUM_LIVE,https://www.thesportsdb.com/api/v2/json/schedule/league/4631/2026-2027,AO-UEFA-75794,
TSD-4649-2440090,2440090,AO-DOMESTIC:KAZ,Kazakhstan Premier League,KAZ,2026,2026/27,2026-08-01 15:00:00+00:00,140521,134052,Atyrau,Jetysu Taldykorgan,1,1,0.5,FT,20,THESPORTSDB_PREMIUM_LIVE,https://www.thesportsdb.com/api/v2/json/schedule/league/4649/2026,,
TSD-4422-2490206,2490206,4422,Polish Ekstraklasa,POL,2026-2027,2026/27,2026-08-01 15:30:00+00:00,152462,134010,Wieczysta Kraków,Lech Poznań,1,2,0.0,FT,2,THESPORTSDB_PREMIUM_LIVE,https://www.thesportsdb.com/api/v2/json/schedule/league/4422/2026-2027,,AO-UEFA-64227
TSD-4690-2498325,2498325,AO-DOMESTIC:HUN,Hungarian NB I,HUN,2026-2027,2026/27,2026-08-01 15:30:00+00:00,134070,134028,Budapest Honvéd,MTK Budapest,3,3,0.5,FT,2,THESPORTSDB_PREMIUM_LIVE,https://www.thesportsdb.com/api/v2/json/schedule/league/4690/2026-2027,,
TSD-4691-2502958,2502958,AO-DOMESTIC:ROM,Romanian Liga I,ROM,2026-2027,2026/27,2026-08-01 15:30:00+00:00,138197,138924,Voluntari,UTA Arad,1,0,1.0,FT,3,THESPORTSDB_PREMIUM_LIVE,https://www.thesportsdb.com/api/v2/json/schedule/league/4691/2026-2027,,
TSD-4340-2481798,2481798,4340,Danish Superliga,DEN,2026-2027,2026/27,2026-08-01 16:00:00+00:00,133900,133899,Lyngby,AGF Aarhus,2,2,0.5,FT,2,THESPORTSDB_PREMIUM_LIVE,https://www.thesportsdb.com/api/v2/json/schedule/league/4340/2026-2027,,AO-UEFA-50019
TSD-4358-2399119,2399119,4358,Norwegian Eliteserien,NOR,2026,2026/27,2026-08-01 16:00:00+00:00,134568,134570,Start,Viking,0,3,0.0,FT,16,THESPORTSDB_PREMIUM_LIVE,https://www.thesportsdb.com/api/v2/json/schedule/league/4358/2026,,AO-UEFA-52319
TSD-4619-2523484,2523484,AO-DOMESTIC:ARM,Armenian Premier League,ARM,2026-2027,2026/27,2026-08-01 16:00:00+00:00,AO:AO-UEFA-92219,AO:AO-UEFA-2610304,Gandzasar,Ararat-Armenia,3,4,0.0,FT,1,THESPORTSDB_PREMIUM_LIVE,https://www.thesportsdb.com/api/v2/json/schedule/league/4619/2026-2027,AO-UEFA-92219,AO-UEFA-2610304
TSD-4626-2487286,2487286,AO-DOMESTIC:BUL,Bulgarian First League,BUL,2026-2027,2026/27,2026-08-01 16:00:00+00:00,AO:AO-UEFA-50044,140036,Levski Sofia,Septemvri Sofia,3,0,1.0,FT,3,THESPORTSDB_PREMIUM_LIVE,https://www.thesportsdb.com/api/v2/json/schedule/league/4626/2026-2027,AO-UEFA-50044,
TSD-4672-2488487,2488487,AO-DOMESTIC:SVK,Slovak First Football League,SVK,2026-2027,2026/27,2026-08-01 16:00:00+00:00,AO:AO-UEFA-52797,143920,Slovan Bratislava,Železiarne Podbrezová,3,0,1.0,FT,2,THESPORTSDB_PREMIUM_LIVE,https://www.thesportsdb.com/api/v2/json/schedule/league/4672/2026-2027,AO-UEFA-52797,
TSD-4672-2488492,2488492,AO-DOMESTIC:SVK,Slovak First Football League,SVK,2026-2027,2026/27,2026-08-01 16:00:00+00:00,146400,AO:AO-UEFA-64319,Skalica,Ružomberok,2,1,1.0,FT,2,THESPORTSDB_PREMIUM_LIVE,https://www.thesportsdb.com/api/v2/json/schedule/league/4672/2026-2027,,AO-UEFA-64319
TSD-4675-2493332,2493332,4675,Swiss Super League,SUI,2026-2027,2026/27,2026-08-01 16:00:00+00:00,133957,138990,Basel,Lausanne-Sport,0,1,0.0,FT,2,THESPORTSDB_PREMIUM_LIVE,https://www.thesportsdb.com/api/v2/json/schedule/league/4675/2026-2027,AO-UEFA-59856,AO-UEFA-4251
TSD-4675-2493333,2493333,4675,Swiss Super League,SUI,2026-2027,2026/27,2026-08-01 16:00:00+00:00,134396,133991,Zürich,Servette,2,1,1.0,FT,2,THESPORTSDB_PREMIUM_LIVE,https://www.thesportsdb.com/api/v2/json/schedule/league/4675/2026-2027,AO-UEFA-51150,AO-UEFA-50008
TSD-4692-2495062,2495062,AO-DOMESTIC:SLO,Slovenian 1. SNL,SLO,2026-2027,2026/27,2026-08-01 16:00:00+00:00,146621,AO:AO-UEFA-2607561,Nafta,Mura,5,2,1.0,FT,3,THESPORTSDB_PREMIUM_LIVE,https://www.thesportsdb.com/api/v2/json/schedule/league/4692/2026-2027,,AO-UEFA-2607561
TSD-4330-2494412,2494412,AO-DOMESTIC:SCO,Scottish Premier League,SCO,2026-2027,2026/27,2026-08-01 16:30:00+00:00,AO:AO-UEFA-50122,133643,Aberdeen,Heart of Midlothian,2,1,1.0,FT,1,THESPORTSDB_PREMIUM_LIVE,https://www.thesportsdb.com/api/v2/json/schedule/league/4330/2026-2027,AO-UEFA-50122,
TSD-4629-2482522,2482522,AO-DOMESTIC:CRO,Croatian First Football League,CRO,2026-2027,2026/27,2026-08-01 16:30:00+00:00,137797,AO:AO-UEFA-2600783,Istra 1961,Lokomotiva Zagreb,2,3,0.0,FT,1,THESPORTSDB_PREMIUM_LIVE,https://www.thesportsdb.com/api/v2/json/schedule/league/4629/2026-2027,,AO-UEFA-2600783
TSD-4621-2499705,2499705,4621,Austrian Bundesliga,AUT,2026-2027,2026/27,2026-08-01 17:30:00+00:00,133970,137805,Red Bull Salzburg,TSV Hartberg,1,0,1.0,FT,1,THESPORTSDB_PREMIUM_LIVE,https://www.thesportsdb.com/api/v2/json/schedule/league/4621/2026-2027,AO-UEFA-50030,AO-UEFA-2601074
TSD-4631-2497731,2497731,4631,Czech First League,CZE,2026-2027,2026/27,2026-08-01 18:00:00+00:00,134015,140094,Viktoria Plzeň,Zbrojovka Brno,1,1,0.5,FT,2,THESPORTSDB_PREMIUM_LIVE,https://www.thesportsdb.com/api/v2/json/schedule/league/4631/2026-2027,AO-UEFA-64388,
TSD-4671-2491210,2491210,AO-DOMESTIC:SRB,Serbian Super Liga,SRB,2026-2027,2026/27,2026-08-01 18:00:00+00:00,AO:AO-UEFA-2601090,140232,Novi Pazar,OFK Beograd,1,4,0.0,FT,3,THESPORTSDB_PREMIUM_LIVE,https://www.thesportsdb.com/api/v2/json/schedule/league/4671/2026-2027,AO-UEFA-2601090,
TSD-4626-2487285,2487285,AO-DOMESTIC:BUL,Bulgarian First League,BUL,2026-2027,2026/27,2026-08-01 18:15:00+00:00,AO:AO-UEFA-57466,AO:AO-UEFA-75787,Botev Plovdiv,Cherno More,1,0,1.0,FT,3,THESPORTSDB_PREMIUM_LIVE,https://www.thesportsdb.com/api/v2/json/schedule/league/4626/2026-2027,AO-UEFA-57466,AO-UEFA-75787
TSD-4692-2495061,2495061,AO-DOMESTIC:SLO,Slovenian 1. SNL,SLO,2026-2027,2026/27,2026-08-01 18:15:00+00:00,AO:AO-UEFA-59030,AO:AO-UEFA-57490,Celje,Maribor,1,1,0.5,FT,3,THESPORTSDB_PREMIUM_LIVE,https://www.thesportsdb.com/api/v2/json/schedule/league/4692/2026-2027,AO-UEFA-59030,AO-UEFA-57490
TSD-4671-2491211,2491211,AO-DOMESTIC:SRB,Serbian Super Liga,SRB,2026-2027,2026/27,2026-08-01 18:30:00+00:00,AO:AO-UEFA-60570,AO:AO-UEFA-64289,Čukarički,Radnički 1923,3,0,1.0,FT,3,THESPORTSDB_PREMIUM_LIVE,https://www.thesportsdb.com/api/v2/json/schedule/league/4671/2026-2027,AO-UEFA-60570,AO-UEFA-64289
TSD-4672-2488490,2488490,AO-DOMESTIC:SVK,Slovak First Football League,SVK,2026-2027,2026/27,2026-08-01 18:30:00+00:00,AO:AO-UEFA-2610274,AO:AO-UEFA-64315,Košice,Trenčín,3,3,0.5,FT,2,THESPORTSDB_PREMIUM_LIVE,https://www.thesportsdb.com/api/v2/json/schedule/league/4672/2026-2027,AO-UEFA-2610274,AO-UEFA-64315
TSD-4675-2493334,2493334,4675,Swiss Super League,SUI,2026-2027,2026/27,2026-08-01 18:30:00+00:00,134394,134001,Thun,Young Boys,0,6,0.0,FT,2,THESPORTSDB_PREMIUM_LIVE,https://www.thesportsdb.com/api/v2/json/schedule/league/4675/2026-2027,AO-UEFA-80409,AO-UEFA-50031
TSD-4691-2502957,2502957,AO-DOMESTIC:ROM,Romanian Liga I,ROM,2026-2027,2026/27,2026-08-01 18:30:00+00:00,AO:AO-UEFA-2606501,134398,Universitatea Craiova,Petrolul Ploiești,4,0,1.0,FT,3,THESPORTSDB_PREMIUM_LIVE,https://www.thesportsdb.com/api/v2/json/schedule/league/4691/2026-2027,AO-UEFA-2606501,
TSD-4629-2482523,2482523,AO-DOMESTIC:CRO,Croatian First Football League,CRO,2026-2027,2026/27,2026-08-01 19:00:00+00:00,137794,AO:AO-UEFA-53082,HNK Gorica,Osijek,0,2,0.0,FT,1,THESPORTSDB_PREMIUM_LIVE,https://www.thesportsdb.com/api/v2/json/schedule/league/4629/2026-2027,,AO-UEFA-53082
TSD-4354-2503910,2503910,AO-DOMESTIC:UKR,Ukrainian Premier League,UKR,2026-2027,2026/27,2026-08-02 10:00:00+00:00,134392,AO:AO-UEFA-2613172,Chornomorets Odesa,Polissya Zhytomyr,1,2,0.0,FT,1,THESPORTSDB_PREMIUM_LIVE,https://www.thesportsdb.com/api/v2/json/schedule/league/4354/2026-2027,,AO-UEFA-2613172
TSD-4340-2481799,2481799,4340,Danish Superliga,DEN,2026-2027,2026/27,2026-08-02 12:00:00+00:00,133891,133895,FC Midtjylland,AC Horsens,2,1,1.0,FT,2,THESPORTSDB_PREMIUM_LIVE,https://www.thesportsdb.com/api/v2/json/schedule/league/4340/2026-2027,AO-UEFA-75795,
TSD-4340-2481800,2481800,4340,Danish Superliga,DEN,2026-2027,2026/27,2026-08-02 12:00:00+00:00,133890,133938,FC Nordsjælland,Randers FC,1,0,1.0,FT,2,THESPORTSDB_PREMIUM_LIVE,https://www.thesportsdb.com/api/v2/json/schedule/league/4340/2026-2027,AO-UEFA-79940,AO-UEFA-64146
TSD-4347-2398868,2398868,4347,Swedish Allsvenskan,SWE,2026,2026/27,2026-08-02 12:00:00+00:00,134161,134728,IFK Göteborg,Degerfors,2,0,1.0,FT,15,THESPORTSDB_PREMIUM_LIVE,https://www.thesportsdb.com/api/v2/json/schedule/league/4347/2026,,
TSD-4347-2477929,2477929,4347,Swedish Allsvenskan,SWE,2026,2026/27,2026-08-02 12:00:00+00:00,134170,134166,Brommapojkarna,Malmö,1,2,0.0,FT,15,THESPORTSDB_PREMIUM_LIVE,https://www.thesportsdb.com/api/v2/json/schedule/league/4347/2026,,AO-UEFA-50152
TSD-4649-2440094,2440094,AO-DOMESTIC:KAZ,Kazakhstan Premier League,KAZ,2026,2026/27,2026-08-02 12:00:00+00:00,138040,144012,Okzhetpes Kokshetau,Altai Öskemen,4,1,1.0,FT,20,THESPORTSDB_PREMIUM_LIVE,https://www.thesportsdb.com/api/v2/json/schedule/league/4649/2026,,
TSD-4675-2493335,2493335,4675,Swiss Super League,SUI,2026-2027,2026/27,2026-08-02 12:00:00+00:00,134320,134406,Vaduz,St. Gallen,2,3,0.0,FT,2,THESPORTSDB_PREMIUM_LIVE,https://www.thesportsdb.com/api/v2/json/schedule/league/4675/2026-2027,,AO-UEFA-51151
TSD-4354-2503914,2503914,AO-DOMESTIC:UKR,Ukrainian Premier League,UKR,2026-2027,2026/27,2026-08-02 12:30:00+00:00,146857,138447,Epitsentr Kamianets-Podilsky,Obolon Kyiv,3,0,1.0,FT,1,THESPORTSDB_PREMIUM_LIVE,https://www.thesportsdb.com/api/v2/json/schedule/league/4354/2026-2027,,
TSD-4422-2490199,2490199,4422,Polish Ekstraklasa,POL,2026-2027,2026/27,2026-08-02 12:45:00+00:00,133992,135496,Legia Warsaw,Zagłębie Lubin,3,1,1.0,FT,2,THESPORTSDB_PREMIUM_LIVE,https://www.thesportsdb.com/api/v2/json/schedule/league/4422/2026-2027,AO-UEFA-50146,
TSD-4330-2494413,2494413,AO-DOMESTIC:SCO,Scottish Premier League,SCO,2026-2027,2026/27,2026-08-02 13:00:00+00:00,AO:AO-UEFA-64249,AO:AO-UEFA-62178,St Johnstone,Kilmarnock,4,3,1.0,FT,1,THESPORTSDB_PREMIUM_LIVE,https://www.thesportsdb.com/api/v2/json/schedule/league/4330/2026-2027,AO-UEFA-64249,AO-UEFA-62178
TSD-4631-2497734,2497734,4631,Czech First League,CZE,2026-2027,2026/27,2026-08-02 13:00:00+00:00,136677,134000,Sigma Olomouc,Mladá Boleslav,2,2,0.5,FT,2,THESPORTSDB_PREMIUM_LIVE,https://www.thesportsdb.com/api/v2/json/schedule/league/4631/2026-2027,AO-UEFA-52905,AO-UEFA-88134
TSD-4649-2440096,2440096,AO-DOMESTIC:KAZ,Kazakhstan Premier League,KAZ,2026,2026/27,2026-08-02 13:00:00+00:00,150755,AO:AO-UEFA-2600605,Ulytau,Astana,0,2,0.0,FT,20,THESPORTSDB_PREMIUM_LIVE,https://www.thesportsdb.com/api/v2/json/schedule/league/4649/2026,,AO-UEFA-2600605
TSD-4649-2440097,2440097,AO-DOMESTIC:KAZ,Kazakhstan Premier League,KAZ,2026,2026/27,2026-08-02 13:00:00+00:00,148412,148411,Jeńis,Elimai Semey,0,0,0.5,FT,20,THESPORTSDB_PREMIUM_LIVE,https://www.thesportsdb.com/api/v2/json/schedule/league/4649/2026,,
TSD-4690-2498327,2498327,AO-DOMESTIC:HUN,Hungarian NB I,HUN,2026-2027,2026/27,2026-08-02 13:30:00+00:00,AO:AO-UEFA-50132,AO:AO-UEFA-52958,Újpest,Debrecen,4,2,1.0,FT,2,THESPORTSDB_PREMIUM_LIVE,https://www.thesportsdb.com/api/v2/json/schedule/league/4690/2026-2027,AO-UEFA-50132,AO-UEFA-52958
TSD-4340-2481801,2481801,4340,Danish Superliga,DEN,2026-2027,2026/27,2026-08-02 14:00:00+00:00,133893,134307,Brøndby,Viborg,1,0,1.0,FT,2,THESPORTSDB_PREMIUM_LIVE,https://www.thesportsdb.com/api/v2/json/schedule/league/4340/2026-2027,AO-UEFA-50021,AO-UEFA-69570
TSD-4347-2398863,2398863,4347,Swedish Allsvenskan,SWE,2026,2026/27,2026-08-02 14:30:00+00:00,134011,135668,AIK,Örgryte,0,3,0.0,FT,15,THESPORTSDB_PREMIUM_LIVE,https://www.thesportsdb.com/api/v2/json/schedule/league/4347/2026,AO-UEFA-52341,
TSD-4675-2493336,2493336,4675,Swiss Super League,SUI,2026-2027,2026/27,2026-08-02 14:30:00+00:00,135947,134123,Sion,Luzern,3,0,1.0,FT,2,THESPORTSDB_PREMIUM_LIVE,https://www.thesportsdb.com/api/v2/json/schedule/league/4675/2026-2027,,
TSD-4675-2493337,2493337,4675,Swiss Super League,SUI,2026-2027,2026/27,2026-08-02 14:30:00+00:00,134391,136037,Grasshoppers,Lugano,1,4,0.0,FT,2,THESPORTSDB_PREMIUM_LIVE,https://www.thesportsdb.com/api/v2/json/schedule/league/4675/2026-2027,,AO-UEFA-8538
TSD-4358-2399113,2399113,4358,Norwegian Eliteserien,NOR,2026,2026/27,2026-08-02 15:00:00+00:00,133998,133997,Aalesund,Tromsø,2,6,0.0,FT,16,THESPORTSDB_PREMIUM_LIVE,https://www.thesportsdb.com/api/v2/json/schedule/league/4358/2026,,
TSD-4358-2399117,2399117,4358,Norwegian Eliteserien,NOR,2026,2026/27,2026-08-02 15:00:00+00:00,135723,134754,KFUM-Kameratene Oslo,Kristiansund,2,1,1.0,FT,16,THESPORTSDB_PREMIUM_LIVE,https://www.thesportsdb.com/api/v2/json/schedule/league/4358/2026,,
TSD-4358-2399118,2399118,4358,Norwegian Eliteserien,NOR,2026,2026/27,2026-08-02 15:00:00+00:00,133958,134566,Molde,Sarpsborg 08,3,3,0.5,FT,16,THESPORTSDB_PREMIUM_LIVE,https://www.thesportsdb.com/api/v2/json/schedule/league/4358/2026,AO-UEFA-50142,AO-UEFA-2604486
TSD-4619-2523486,2523486,AO-DOMESTIC:ARM,Armenian Premier League,ARM,2026-2027,2026/27,2026-08-02 15:00:00+00:00,AO:AO-UEFA-2609987,147563,Noah,Syunik,3,0,1.0,FT,1,THESPORTSDB_PREMIUM_LIVE,https://www.thesportsdb.com/api/v2/json/schedule/league/4619/2026-2027,AO-UEFA-2609987,
TSD-4621-2499706,2499706,4621,Austrian Bundesliga,AUT,2026-2027,2026/27,2026-08-02 15:00:00+00:00,137252,134390,Wolfsberger AC,Austria Vienna,3,0,1.0,FT,1,THESPORTSDB_PREMIUM_LIVE,https://www.thesportsdb.com/api/v2/json/schedule/league/4621/2026-2027,AO-UEFA-2603990,
TSD-4621-2499707,2499707,4621,Austrian Bundesliga,AUT,2026-2027,2026/27,2026-08-02 15:00:00+00:00,139425,133993,Austria Lustenau,SV Ried,1,1,0.5,FT,1,THESPORTSDB_PREMIUM_LIVE,https://www.thesportsdb.com/api/v2/json/schedule/league/4621/2026-2027,,
TSD-4649-2440095,2440095,AO-DOMESTIC:KAZ,Kazakhstan Premier League,KAZ,2026,2026/27,2026-08-02 15:00:00+00:00,AO:AO-UEFA-82825,AO:AO-UEFA-79969,Ordabasy Shymkent,Tobol,2,0,1.0,FT,20,THESPORTSDB_PREMIUM_LIVE,https://www.thesportsdb.com/api/v2/json/schedule/league/4649/2026,AO-UEFA-82825,AO-UEFA-79969
TSD-4672-2488488,2488488,AO-DOMESTIC:SVK,Slovak First Football League,SVK,2026-2027,2026/27,2026-08-02 15:00:00+00:00,137869,146399,DAC 1904 Dunajská Streda,Dukla Banská Bystrica,2,0,1.0,FT,2,THESPORTSDB_PREMIUM_LIVE,https://www.thesportsdb.com/api/v2/json/schedule/league/4672/2026-2027,,
TSD-4672-2488489,2488489,AO-DOMESTIC:SVK,Slovak First Football League,SVK,2026-2027,2026/27,2026-08-02 15:00:00+00:00,137874,AO:AO-UEFA-61601,Zemplín Michalovce,Žilina,0,1,0.0,FT,2,THESPORTSDB_PREMIUM_LIVE,https://www.thesportsdb.com/api/v2/json/schedule/league/4672/2026-2027,,AO-UEFA-61601
TSD-4330-2494414,2494414,AO-DOMESTIC:SCO,Scottish Premier League,SCO,2026-2027,2026/27,2026-08-02 15:30:00+00:00,AO:AO-UEFA-52821,AO:AO-UEFA-53035,Hibernian,Motherwell,1,2,0.0,FT,1,THESPORTSDB_PREMIUM_LIVE,https://www.thesportsdb.com/api/v2/json/schedule/league/4330/2026-2027,AO-UEFA-52821,AO-UEFA-53035
TSD-4422-2490198,2490198,4422,Polish Ekstraklasa,POL,2026-2027,2026/27,2026-08-02 15:30:00+00:00,133952,137670,Śląsk Wrocław,Raków Częstochowa,2,1,1.0,FT,2,THESPORTSDB_PREMIUM_LIVE,https://www.thesportsdb.com/api/v2/json/schedule/league/4422/2026-2027,AO-UEFA-52655,AO-UEFA-60566
TSD-4631-2497736,2497736,4631,Czech First League,CZE,2026-2027,2026/27,2026-08-02 15:30:00+00:00,136681,141109,Bohemians 1905,Hradec Králové,0,0,0.5,FT,2,THESPORTSDB_PREMIUM_LIVE,https://www.thesportsdb.com/api/v2/json/schedule/league/4631/2026-2027,,
TSD-4690-2498326,2498326,AO-DOMESTIC:HUN,Hungarian NB I,HUN,2026-2027,2026/27,2026-08-02 15:30:00+00:00,AO:AO-UEFA-52298,141231,Ferencváros,Vasas,0,0,0.5,FT,2,THESPORTSDB_PREMIUM_LIVE,https://www.thesportsdb.com/api/v2/json/schedule/league/4690/2026-2027,AO-UEFA-52298,
TSD-4690-2498329,2498329,AO-DOMESTIC:HUN,Hungarian NB I,HUN,2026-2027,2026/27,2026-08-02 15:30:00+00:00,AO:AO-UEFA-52287,141223,Győri ETO,Nyíregyháza,4,0,1.0,FT,2,THESPORTSDB_PREMIUM_LIVE,https://www.thesportsdb.com/api/v2/json/schedule/league/4690/2026-2027,AO-UEFA-52287,
TSD-4691-2502963,2502963,AO-DOMESTIC:ROM,Romanian Liga I,ROM,2026-2027,2026/27,2026-08-02 15:30:00+00:00,147629,138192,Corvinul Hunedoara,Sepsi OSK,1,1,0.5,FT,3,THESPORTSDB_PREMIUM_LIVE,https://www.thesportsdb.com/api/v2/json/schedule/league/4691/2026-2027,,
TSD-4651-2478358,2478358,AO-DOMESTIC:LIT,Lithuanian A Lyga,LIT,2026,2026/27,2026-08-02 15:45:00+00:00,141007,AO:AO-UEFA-2613214,Hegelmann,TransINVEST Vilnius,1,2,0.0,FT,25,THESPORTSDB_PREMIUM_LIVE,https://www.thesportsdb.com/api/v2/json/schedule/league/4651/2026,,AO-UEFA-2613214
TSD-4340-2481802,2481802,4340,Danish Superliga,DEN,2026-2027,2026/27,2026-08-02 16:00:00+00:00,133892,133898,Silkeborg IF,FC Copenhagen,1,3,0.0,FT,2,THESPORTSDB_PREMIUM_LIVE,https://www.thesportsdb.com/api/v2/json/schedule/league/4340/2026-2027,AO-UEFA-52912,AO-UEFA-52709
TSD-4626-2487284,2487284,AO-DOMESTIC:BUL,Bulgarian First League,BUL,2026-2027,2026/27,2026-08-02 16:00:00+00:00,AO:AO-UEFA-2603104,137920,Ludogorets Razgrad,Botev Vratsa,2,1,1.0,FT,3,THESPORTSDB_PREMIUM_LIVE,https://www.thesportsdb.com/api/v2/json/schedule/league/4626/2026-2027,AO-UEFA-2603104,
TSD-4692-2495063,2495063,AO-DOMESTIC:SLO,Slovenian 1. SNL,SLO,2026-2027,2026/27,2026-08-02 16:00:00+00:00,142322,AO:AO-UEFA-2607248,Radomlje,Bravo,1,2,0.0,FT,3,THESPORTSDB_PREMIUM_LIVE,https://www.thesportsdb.com/api/v2/json/schedule/league/4692/2026-2027,,AO-UEFA-2607248
TSD-4629-2482524,2482524,AO-DOMESTIC:CRO,Croatian First Football League,CRO,2026-2027,2026/27,2026-08-02 16:30:00+00:00,AO:AO-UEFA-60514,AO:AO-UEFA-52359,Varaždin,Hajduk Split,2,1,1.0,FT,1,THESPORTSDB_PREMIUM_LIVE,https://www.thesportsdb.com/api/v2/json/schedule/league/4629/2026-2027,AO-UEFA-60514,AO-UEFA-52359
TSD-4619-2523485,2523485,AO-DOMESTIC:ARM,Armenian Premier League,ARM,2026-2027,2026/27,2026-08-02 17:00:00+00:00,AO:AO-UEFA-77866,AO:AO-UEFA-77431,Urartu,Pyunik Yerevan,2,2,0.5,FT,1,THESPORTSDB_PREMIUM_LIVE,https://www.thesportsdb.com/api/v2/json/schedule/league/4619/2026-2027,AO-UEFA-77866,AO-UEFA-77431
TSD-4621-2499708,2499708,4621,Austrian Bundesliga,AUT,2026-2027,2026/27,2026-08-02 17:00:00+00:00,134021,137742,Rapid Vienna,SCR Altach,1,0,1.0,FT,1,THESPORTSDB_PREMIUM_LIVE,https://www.thesportsdb.com/api/v2/json/schedule/league/4621/2026-2027,,
TSD-4672-2488491,2488491,AO-DOMESTIC:SVK,Slovak First Football League,SVK,2026-2027,2026/27,2026-08-02 17:00:00+00:00,146626,AO:AO-UEFA-52904,Komárno,Spartak Trnava,1,2,0.0,FT,2,THESPORTSDB_PREMIUM_LIVE,https://www.thesportsdb.com/api/v2/json/schedule/league/4672/2026-2027,,AO-UEFA-52904
TSD-4358-2399115,2399115,4358,Norwegian Eliteserien,NOR,2026,2026/27,2026-08-02 17:15:00+00:00,134571,133990,Brann,Rosenborg,3,2,1.0,FT,16,THESPORTSDB_PREMIUM_LIVE,https://www.thesportsdb.com/api/v2/json/schedule/league/4358/2026,AO-UEFA-52770,AO-UEFA-52806
TSD-4631-2497738,2497738,4631,Czech First League,CZE,2026-2027,2026/27,2026-08-02 18:00:00+00:00,140093,134395,Pardubice,Jablonec,0,2,0.0,FT,2,THESPORTSDB_PREMIUM_LIVE,https://www.thesportsdb.com/api/v2/json/schedule/league/4631/2026-2027,,AO-UEFA-62169
TSD-4671-2491207,2491207,AO-DOMESTIC:SRB,Serbian Super Liga,SRB,2026-2027,2026/27,2026-08-02 18:00:00+00:00,AO:AO-UEFA-50162,141832,Partizan Belgrade,IMT Novi Beograd,1,2,0.0,FT,3,THESPORTSDB_PREMIUM_LIVE,https://www.thesportsdb.com/api/v2/json/schedule/league/4671/2026-2027,AO-UEFA-50162,
TSD-4671-2491209,2491209,AO-DOMESTIC:SRB,Serbian Super Liga,SRB,2026-2027,2026/27,2026-08-02 18:00:00+00:00,143870,AO:AO-UEFA-52734,Zemun,Radnički Niš,0,1,0.0,FT,3,THESPORTSDB_PREMIUM_LIVE,https://www.thesportsdb.com/api/v2/json/schedule/league/4671/2026-2027,,AO-UEFA-52734
TSD-4422-2490204,2490204,4422,Polish Ekstraklasa,POL,2026-2027,2026/27,2026-08-02 18:15:00+00:00,142467,138916,GKS Katowice,Radomiak Radom,3,1,1.0,FT,2,THESPORTSDB_PREMIUM_LIVE,https://www.thesportsdb.com/api/v2/json/schedule/league/4422/2026-2027,,
TSD-4626-2487287,2487287,AO-DOMESTIC:BUL,Bulgarian First League,BUL,2026-2027,2026/27,2026-08-02 18:15:00+00:00,AO:AO-UEFA-2608297,137918,CSKA Sofia,Dunav Ruse,2,1,1.0,FT,3,THESPORTSDB_PREMIUM_LIVE,https://www.thesportsdb.com/api/v2/json/schedule/league/4626/2026-2027,AO-UEFA-2608297,
TSD-4692-2495060,2495060,AO-DOMESTIC:SLO,Slovenian 1. SNL,SLO,2026-2027,2026/27,2026-08-02 18:15:00+00:00,AO:AO-UEFA-53081,138213,Olimpija Ljubljana,Aluminij,1,0,1.0,FT,3,THESPORTSDB_PREMIUM_LIVE,https://www.thesportsdb.com/api/v2/json/schedule/league/4692/2026-2027,AO-UEFA-53081,
TSD-4692-2495064,2495064,AO-DOMESTIC:SLO,Slovenian 1. SNL,SLO,2026-2027,2026/27,2026-08-02 18:15:00+00:00,146615,AO:AO-UEFA-69617,Brinje-Grosuplje,Koper,1,1,0.5,FT,3,THESPORTSDB_PREMIUM_LIVE,https://www.thesportsdb.com/api/v2/json/schedule/league/4692/2026-2027,,AO-UEFA-69617
TSD-4691-2502961,2502961,AO-DOMESTIC:ROM,Romanian Liga I,ROM,2026-2027,2026/27,2026-08-02 18:30:00+00:00,134017,AO:AO-UEFA-88131,Rapid București,CFR Cluj,3,1,1.0,FT,3,THESPORTSDB_PREMIUM_LIVE,https://www.thesportsdb.com/api/v2/json/schedule/league/4691/2026-2027,,AO-UEFA-88131
TSD-4629-2482520,2482520,AO-DOMESTIC:CRO,Croatian First Football League,CRO,2026-2027,2026/27,2026-08-02 19:00:00+00:00,AO:AO-UEFA-52356,141086,Rijeka,Rudeš,2,1,1.0,FT,1,THESPORTSDB_PREMIUM_LIVE,https://www.thesportsdb.com/api/v2/json/schedule/league/4629/2026-2027,AO-UEFA-52356,
TSD-4354-2503912,2503912,AO-DOMESTIC:UKR,Ukrainian Premier League,UKR,2026-2027,2026/27,2026-08-03 12:30:00+00:00,146855,146860,Bukovyna Chernivtsi,LNZ Cherkasy,0,0,0.5,FT,1,THESPORTSDB_PREMIUM_LIVE,https://www.thesportsdb.com/api/v2/json/schedule/league/4354/2026-2027,,
TSD-4354-2503915,2503915,AO-DOMESTIC:UKR,Ukrainian Premier League,UKR,2026-2027,2026/27,2026-08-03 15:00:00+00:00,149227,AO:AO-UEFA-52707,Kudrivka,Shakhtar Donetsk,5,1,1.0,FT,1,THESPORTSDB_PREMIUM_LIVE,https://www.thesportsdb.com/api/v2/json/schedule/league/4354/2026-2027,,AO-UEFA-52707
TSD-4690-2498330,2498330,AO-DOMESTIC:HUN,Hungarian NB I,HUN,2026-2027,2026/27,2026-08-03 15:30:00+00:00,138186,138185,Zalaegerszeg,Paks,5,2,1.0,FT,2,THESPORTSDB_PREMIUM_LIVE,https://www.thesportsdb.com/api/v2/json/schedule/league/4690/2026-2027,,
TSD-4691-2502960,2502960,AO-DOMESTIC:ROM,Romanian Liga I,ROM,2026-2027,2026/27,2026-08-03 15:30:00+00:00,AO:AO-UEFA-53025,AO:AO-UEFA-2605104,Universitatea Cluj,Botoșani,2,1,1.0,FT,3,THESPORTSDB_PREMIUM_LIVE,https://www.thesportsdb.com/api/v2/json/schedule/league/4691/2026-2027,AO-UEFA-53025,AO-UEFA-2605104
TSD-4651-2478360,2478360,AO-DOMESTIC:LIT,Lithuanian A Lyga,LIT,2026,2026/27,2026-08-03 15:45:00+00:00,AO:AO-UEFA-77906,AO:AO-UEFA-64348,Šiauliai,Banga Gargždai,1,3,0.0,FT,25,THESPORTSDB_PREMIUM_LIVE,https://www.thesportsdb.com/api/v2/json/schedule/league/4651/2026,AO-UEFA-77906,AO-UEFA-64348
TSD-4619-2523483,2523483,AO-DOMESTIC:ARM,Armenian Premier League,ARM,2026-2027,2026/27,2026-08-03 16:00:00+00:00,AO:AO-UEFA-2605268,AO:AO-UEFA-59318,Alashkert,Ararat Yerevan,3,0,1.0,FT,1,THESPORTSDB_PREMIUM_LIVE,https://www.thesportsdb.com/api/v2/json/schedule/league/4619/2026-2027,AO-UEFA-2605268,AO-UEFA-59318
TSD-4651-2478361,2478361,AO-DOMESTIC:LIT,Lithuanian A Lyga,LIT,2026,2026/27,2026-08-03 16:30:00+00:00,AO:AO-UEFA-2608927,137990,Panevėžys,Džiugas Telšiai,1,1,0.5,FT,25,THESPORTSDB_PREMIUM_LIVE,https://www.thesportsdb.com/api/v2/json/schedule/league/4651/2026,AO-UEFA-2608927,
TSD-4340-2481803,2481803,4340,Danish Superliga,DEN,2026-2027,2026/27,2026-08-03 17:00:00+00:00,133889,133897,Odense BK,Sønderjyske,1,0,1.0,FT,2,THESPORTSDB_PREMIUM_LIVE,https://www.thesportsdb.com/api/v2/json/schedule/league/4340/2026-2027,,AO-UEFA-89694
TSD-4347-2398865,2398865,4347,Swedish Allsvenskan,SWE,2026,2026/27,2026-08-03 17:00:00+00:00,134162,136832,Djurgården,Västerås,6,0,1.0,FT,15,THESPORTSDB_PREMIUM_LIVE,https://www.thesportsdb.com/api/v2/json/schedule/league/4347/2026,AO-UEFA-52809,
TSD-4347-2398870,2398870,4347,Swedish Allsvenskan,SWE,2026,2026/27,2026-08-03 17:00:00+00:00,134167,134724,Halmstad,Sirius,0,2,0.0,FT,15,THESPORTSDB_PREMIUM_LIVE,https://www.thesportsdb.com/api/v2/json/schedule/league/4347/2026,,
TSD-4422-2490203,2490203,4422,Polish Ekstraklasa,POL,2026-2027,2026/27,2026-08-03 17:00:00+00:00,135294,135302,Cracovia,Pogoń Szczecin,0,2,0.0,FT,2,THESPORTSDB_PREMIUM_LIVE,https://www.thesportsdb.com/api/v2/json/schedule/league/4422/2026-2027,AO-UEFA-88133,AO-UEFA-52652
TSD-4671-2491208,2491208,AO-DOMESTIC:SRB,Serbian Super Liga,SRB,2026-2027,2026/27,2026-08-03 17:00:00+00:00,AO:AO-UEFA-52810,137867,Vojvodina,Mačva Šabac,2,0,1.0,FT,3,THESPORTSDB_PREMIUM_LIVE,https://www.thesportsdb.com/api/v2/json/schedule/league/4671/2026-2027,AO-UEFA-52810,
TSD-4626-2487290,2487290,AO-DOMESTIC:BUL,Bulgarian First League,BUL,2026-2027,2026/27,2026-08-03 18:15:00+00:00,142832,AO:AO-UEFA-52369,Spartak Varna,Lokomotiv Plovdiv,1,0,1.0,FT,3,THESPORTSDB_PREMIUM_LIVE,https://www.thesportsdb.com/api/v2/json/schedule/league/4626/2026-2027,,AO-UEFA-52369
TSD-4330-2494415,2494415,AO-DOMESTIC:SCO,Scottish Premier League,SCO,2026-2027,2026/27,2026-08-03 18:30:00+00:00,AO:AO-UEFA-50050,133942,Celtic,Dundee,1,0,1.0,FT,1,THESPORTSDB_PREMIUM_LIVE,https://www.thesportsdb.com/api/v2/json/schedule/league/4330/2026-2027,AO-UEFA-50050,
TSD-4691-2502956,2502956,AO-DOMESTIC:ROM,Romanian Liga I,ROM,2026-2027,2026/27,2026-08-03 18:30:00+00:00,AO:AO-UEFA-50065,AO:AO-UEFA-2604753,FCSB,Farul Constanța,2,2,0.5,FT,3,THESPORTSDB_PREMIUM_LIVE,https://www.thesportsdb.com/api/v2/json/schedule/league/4691/2026-2027,AO-UEFA-50065,AO-UEFA-2604753
TSD-4671-2491213,2491213,AO-DOMESTIC:SRB,Serbian Super Liga,SRB,2026-2027,2026/27,2026-08-03 19:00:00+00:00,141839,137860,Železničar Pančevo,Mladost Lučani,0,0,0.5,FT,3,THESPORTSDB_PREMIUM_LIVE,https://www.thesportsdb.com/api/v2/json/schedule/league/4671/2026-2027,,
TSD-4619-2523491,2523491,AO-DOMESTIC:ARM,Armenian Premier League,ARM,2026-2027,2026/27,2026-08-07 15:00:00+00:00,AO:AO-UEFA-59318,152593,Ararat Yerevan,Sardarapat,1,2,0.0,FT,2,THESPORTSDB_PREMIUM_LIVE,https://www.thesportsdb.com/api/v2/json/schedule/league/4619/2026-2027,AO-UEFA-59318,
TSD-4619-2523492,2523492,AO-DOMESTIC:ARM,Armenian Premier League,ARM,2026-2027,2026/27,2026-08-07 15:00:00+00:00,AO:AO-UEFA-2610304,AO:AO-UEFA-77866,Ararat-Armenia,Urartu,2,1,1.0,FT,2,THESPORTSDB_PREMIUM_LIVE,https://www.thesportsdb.com/api/v2/json/schedule/league/4619/2026-2027,AO-UEFA-2610304,AO-UEFA-77866
TSD-4690-2498335,2498335,AO-DOMESTIC:HUN,Hungarian NB I,HUN,2026-2027,2026/27,2026-08-07 15:30:00+00:00,134028,AO:AO-UEFA-2605472,MTK Budapest,Puskás Akadémia,2,3,0.0,FT,3,THESPORTSDB_PREMIUM_LIVE,https://www.thesportsdb.com/api/v2/json/schedule/league/4690/2026-2027,,AO-UEFA-2605472
TSD-4638-2420067,2420067,AO-DOMESTIC:GEO,Georgian Erovnuli Liga,GEO,2026,2026/27,2026-08-07 16:00:00+00:00,134056,AO:AO-UEFA-64471,Rustavi,Torpedo Kutaisi,1,0,1.0,FT,20,THESPORTSDB_PREMIUM_LIVE,https://www.thesportsdb.com/api/v2/json/schedule/league/4638/2026,,AO-UEFA-64471
TSD-4340-2481804,2481804,4340,Danish Superliga,DEN,2026-2027,2026/27,2026-08-07 17:00:00+00:00,133897,134307,Sønderjyske,Viborg,0,0,0.5,FT,3,THESPORTSDB_PREMIUM_LIVE,https://www.thesportsdb.com/api/v2/json/schedule/league/4340/2026-2027,AO-UEFA-89694,AO-UEFA-69570
TSD-4358-2399124,2399124,4358,Norwegian Eliteserien,NOR,2026,2026/27,2026-08-07 17:00:00+00:00,135715,135723,Sandefjord,KFUM-Kameratene Oslo,0,1,0.0,FT,17,THESPORTSDB_PREMIUM_LIVE,https://www.thesportsdb.com/api/v2/json/schedule/league/4358/2026,,
TSD-4631-2497746,2497746,4631,Czech First League,CZE,2026-2027,2026/27,2026-08-07 17:00:00+00:00,140094,133954,Zbrojovka Brno,Slovan Liberec,0,1,0.0,FT,3,THESPORTSDB_PREMIUM_LIVE,https://www.thesportsdb.com/api/v2/json/schedule/league/4631/2026-2027,,AO-UEFA-64385
TSD-4621-2499709,2499709,4621,Austrian Bundesliga,AUT,2026-2027,2026/27,2026-08-07 17:30:00+00:00,137742,137807,SCR Altach,WSG Tirol,3,1,1.0,FT,2,THESPORTSDB_PREMIUM_LIVE,https://www.thesportsdb.com/api/v2/json/schedule/league/4621/2026-2027,,
TSD-4337-2489066,2489066,4337,Dutch Eredivisie,NED,2026-2027,2026/27,2026-08-07 18:00:00+00:00,134303,133757,Cambuur,Excelsior,0,4,0.0,FT,1,THESPORTSDB_PREMIUM_LIVE,https://www.thesportsdb.com/api/v2/json/schedule/league/4337/2026-2027,,
TSD-4691-2502969,2502969,AO-DOMESTIC:ROM,Romanian Liga I,ROM,2026-2027,2026/27,2026-08-07 18:00:00+00:00,138924,134017,UTA Arad,Rapid București,0,0,0.5,FT,4,THESPORTSDB_PREMIUM_LIVE,https://www.thesportsdb.com/api/v2/json/schedule/league/4691/2026-2027,,
TSD-4626-2487292,2487292,AO-DOMESTIC:BUL,Bulgarian First League,BUL,2026-2027,2026/27,2026-08-07 18:15:00+00:00,AO:AO-UEFA-50044,AO:AO-UEFA-52369,Levski Sofia,Lokomotiv Plovdiv,2,0,1.0,FT,4,THESPORTSDB_PREMIUM_LIVE,https://www.thesportsdb.com/api/v2/json/schedule/league/4626/2026-2027,AO-UEFA-50044,AO-UEFA-52369
TSD-4422-2490209,2490209,4422,Polish Ekstraklasa,POL,2026-2027,2026/27,2026-08-07 18:30:00+00:00,135303,135659,Wisła Kraków,Wisła Płock,2,1,1.0,FT,3,THESPORTSDB_PREMIUM_LIVE,https://www.thesportsdb.com/api/v2/json/schedule/league/4422/2026-2027,AO-UEFA-52651,
TSD-4338-2496690,2496690,4338,Belgian Pro League,BEL,2026-2027,2026/27,2026-08-07 18:45:00+00:00,133789,133783,Club Brugge,Kortrijk,3,0,1.0,FT,1,THESPORTSDB_PREMIUM_LIVE,https://www.thesportsdb.com/api/v2/json/schedule/league/4338/2026-2027,AO-UEFA-50043,
TSD-4344-2513940,2513940,4344,Portuguese Primeira Liga,POR,2026-2027,2026/27,2026-08-07 19:15:00+00:00,134106,136854,Estoril Praia,Famalicao,1,1,0.5,FT,1,THESPORTSDB_PREMIUM_LIVE,https://www.thesportsdb.com/api/v2/json/schedule/league/4344/2026-2027,,
TSD-4358-2399126,2399126,4358,Norwegian Eliteserien,NOR,2026,2026/27,2026-08-08 12:00:00+00:00,134574,135497,Vålerenga,Bodø/Glimt,1,2,0.0,FT,17,THESPORTSDB_PREMIUM_LIVE,https://www.thesportsdb.com/api/v2/json/schedule/league/4358/2026,AO-UEFA-52318,AO-UEFA-59333
TSD-4649-2440099,2440099,AO-DOMESTIC:KAZ,Kazakhstan Premier League,KAZ,2026,2026/27,2026-08-08 12:00:00+00:00,144012,138039,Altai Öskemen,Kyzylzhar Petropavl,2,2,0.5,FT,21,THESPORTSDB_PREMIUM_LIVE,https://www.thesportsdb.com/api/v2/json/schedule/league/4649/2026,,
TSD-4354-2503923,2503923,AO-DOMESTIC:UKR,Ukrainian Premier League,UKR,2026-2027,2026/27,2026-08-08 12:30:00+00:00,147624,149227,Livyi Bereh Kyiv,Kudrivka,0,0,0.5,FT,2,THESPORTSDB_PREMIUM_LIVE,https://www.thesportsdb.com/api/v2/json/schedule/league/4354/2026-2027,,
TSD-4422-2490215,2490215,4422,Polish Ekstraklasa,POL,2026-2027,2026/27,2026-08-08 12:45:00+00:00,138916,135296,Radomiak Radom,Górnik Zabrze,1,3,0.0,FT,3,THESPORTSDB_PREMIUM_LIVE,https://www.thesportsdb.com/api/v2/json/schedule/league/4422/2026-2027,,AO-UEFA-50063
TSD-4347-2398876,2398876,4347,Swedish Allsvenskan,SWE,2026,2026/27,2026-08-08 13:00:00+00:00,135668,134011,Örgryte,AIK,3,4,0.0,FT,16,THESPORTSDB_PREMIUM_LIVE,https://www.thesportsdb.com/api/v2/json/schedule/league/4347/2026,,AO-UEFA-52341
TSD-4649-2440105,2440105,AO-DOMESTIC:KAZ,Kazakhstan Premier League,KAZ,2026,2026/27,2026-08-08 13:00:00+00:00,134052,AO:AO-UEFA-82825,Jetysu Taldykorgan,Ordabasy Shymkent,0,4,0.0,FT,21,THESPORTSDB_PREMIUM_LIVE,https://www.thesportsdb.com/api/v2/json/schedule/league/4649/2026,,AO-UEFA-82825
TSD-4690-2498331,2498331,AO-DOMESTIC:HUN,Hungarian NB I,HUN,2026-2027,2026/27,2026-08-08 13:30:00+00:00,141231,138186,Vasas,Zalaegerszeg,5,0,1.0,FT,3,THESPORTSDB_PREMIUM_LIVE,https://www.thesportsdb.com/api/v2/json/schedule/league/4690/2026-2027,,
TSD-4330-2494416,2494416,AO-DOMESTIC:SCO,Scottish Premier League,SCO,2026-2027,2026/27,2026-08-08 14:00:00+00:00,AO:AO-UEFA-52552,AO:AO-UEFA-64249,St Mirren,St Johnstone,1,0,1.0,FT,2,THESPORTSDB_PREMIUM_LIVE,https://www.thesportsdb.com/api/v2/json/schedule/league/4330/2026-2027,AO-UEFA-52552,AO-UEFA-64249
TSD-4330-2494417,2494417,AO-DOMESTIC:SCO,Scottish Premier League,SCO,2026-2027,2026/27,2026-08-08 14:00:00+00:00,133942,AO:AO-UEFA-50122,Dundee,Aberdeen,2,0,1.0,FT,2,THESPORTSDB_PREMIUM_LIVE,https://www.thesportsdb.com/api/v2/json/schedule/league/4330/2026-2027,,AO-UEFA-50122
TSD-4358-2399127,2399127,4358,Norwegian Eliteserien,NOR,2026,2026/27,2026-08-08 14:00:00+00:00,134570,134566,Viking,Sarpsborg 08,2,1,1.0,FT,17,THESPORTSDB_PREMIUM_LIVE,https://www.thesportsdb.com/api/v2/json/schedule/league/4358/2026,AO-UEFA-52319,AO-UEFA-2604486
TSD-4337-2489067,2489067,4337,Dutch Eredivisie,NED,2026-2027,2026/27,2026-08-08 14:30:00+00:00,133760,138004,NEC Nijmegen,Telstar,1,2,0.0,FT,1,THESPORTSDB_PREMIUM_LIVE,https://www.thesportsdb.com/api/v2/json/schedule/league/4337/2026-2027,AO-UEFA-52330,
TSD-4344-2513936,2513936,4344,Portuguese Primeira Liga,POR,2026-2027,2026/27,2026-08-08 14:30:00+00:00,134023,138864,Marítimo,Casa Pia,1,0,1.0,FT,1,THESPORTSDB_PREMIUM_LIVE,https://www.thesportsdb.com/api/v2/json/schedule/league/4344/2026-2027,,
TSD-4354-2503919,2503919,AO-DOMESTIC:UKR,Ukrainian Premier League,UKR,2026-2027,2026/27,2026-08-08 15:00:00+00:00,146855,138447,Bukovyna Chernivtsi,Obolon Kyiv,0,0,0.5,FT,2,THESPORTSDB_PREMIUM_LIVE,https://www.thesportsdb.com/api/v2/json/schedule/league/4354/2026-2027,,
TSD-4619-2523494,2523494,AO-DOMESTIC:ARM,Armenian Premier League,ARM,2026-2027,2026/27,2026-08-08 15:00:00+00:00,147563,AO:AO-UEFA-92219,Syunik,Gandzasar,3,1,1.0,FT,2,THESPORTSDB_PREMIUM_LIVE,https://www.thesportsdb.com/api/v2/json/schedule/league/4619/2026-2027,,AO-UEFA-92219
TSD-4621-2499710,2499710,4621,Austrian Bundesliga,AUT,2026-2027,2026/27,2026-08-08 15:00:00+00:00,139415,139425,Grazer AK,Austria Lustenau,2,1,1.0,FT,2,THESPORTSDB_PREMIUM_LIVE,https://www.thesportsdb.com/api/v2/json/schedule/league/4621/2026-2027,,
TSD-4631-2497740,2497740,4631,Czech First League,CZE,2026-2027,2026/27,2026-08-08 15:00:00+00:00,137810,136681,Zlín,Bohemians 1905,0,2,0.0,FT,3,THESPORTSDB_PREMIUM_LIVE,https://www.thesportsdb.com/api/v2/json/schedule/league/4631/2026-2027,,
TSD-4631-2497744,2497744,4631,Czech First League,CZE,2026-2027,2026/27,2026-08-08 15:00:00+00:00,136680,134015,Teplice,Viktoria Plzeň,5,5,0.5,FT,3,THESPORTSDB_PREMIUM_LIVE,https://www.thesportsdb.com/api/v2/json/schedule/league/4631/2026-2027,,AO-UEFA-64388
TSD-4649-2440102,2440102,AO-DOMESTIC:KAZ,Kazakhstan Premier League,KAZ,2026,2026/27,2026-08-08 15:00:00+00:00,138037,150755,Caspiy Aktau,Ulytau,1,1,0.5,FT,21,THESPORTSDB_PREMIUM_LIVE,https://www.thesportsdb.com/api/v2/json/schedule/league/4649/2026,,
TSD-4347-2398875,2398875,4347,Swedish Allsvenskan,SWE,2026,2026/27,2026-08-08 15:30:00+00:00,134164,133984,Mjällby,Elfsborg,0,1,0.0,FT,16,THESPORTSDB_PREMIUM_LIVE,https://www.thesportsdb.com/api/v2/json/schedule/league/4347/2026,AO-UEFA-74233,AO-UEFA-52344
TSD-4422-2490212,2490212,4422,Polish Ekstraklasa,POL,2026-2027,2026/27,2026-08-08 15:30:00+00:00,135302,147435,Pogoń Szczecin,Motor Lublin,3,1,1.0,FT,3,THESPORTSDB_PREMIUM_LIVE,https://www.thesportsdb.com/api/v2/json/schedule/league/4422/2026-2027,AO-UEFA-52652,
TSD-4690-2498334,2498334,AO-DOMESTIC:HUN,Hungarian NB I,HUN,2026-2027,2026/27,2026-08-08 15:30:00+00:00,AO:AO-UEFA-2605958,AO:AO-UEFA-50132,Kisvárda,Újpest,2,4,0.0,FT,3,THESPORTSDB_PREMIUM_LIVE,https://www.thesportsdb.com/api/v2/json/schedule/league/4690/2026-2027,AO-UEFA-2605958,AO-UEFA-50132
TSD-4691-2502970,2502970,AO-DOMESTIC:ROM,Romanian Liga I,ROM,2026-2027,2026/27,2026-08-08 15:30:00+00:00,AO:AO-UEFA-2604753,138930,Farul Constanța,Csíkszereda Miercurea Ciuc,3,2,1.0,FT,4,THESPORTSDB_PREMIUM_LIVE,https://www.thesportsdb.com/api/v2/json/schedule/league/4691/2026-2027,AO-UEFA-2604753,
TSD-4358-2399125,2399125,4358,Norwegian Eliteserien,NOR,2026,2026/27,2026-08-08 16:00:00+00:00,134568,134749,Start,Fredrikstad,0,1,0.0,FT,17,THESPORTSDB_PREMIUM_LIVE,https://www.thesportsdb.com/api/v2/json/schedule/league/4358/2026,,AO-UEFA-64211
TSD-4626-2487297,2487297,AO-DOMESTIC:BUL,Bulgarian First League,BUL,2026-2027,2026/27,2026-08-08 16:00:00+00:00,140769,AO:AO-UEFA-2610262,Lokomotiv Sofia,CSKA 1948,1,3,0.0,FT,4,THESPORTSDB_PREMIUM_LIVE,https://www.thesportsdb.com/api/v2/json/schedule/league/4626/2026-2027,,AO-UEFA-2610262
TSD-4651-2478364,2478364,AO-DOMESTIC:LIT,Lithuanian A Lyga,LIT,2026,2026/27,2026-08-08 16:00:00+00:00,AO:AO-UEFA-2605907,141007,Kauno Žalgiris,Hegelmann,2,0,1.0,FT,26,THESPORTSDB_PREMIUM_LIVE,https://www.thesportsdb.com/api/v2/json/schedule/league/4651/2026,AO-UEFA-2605907,
TSD-4672-2488495,2488495,AO-DOMESTIC:SVK,Slovak First Football League,SVK,2026-2027,2026/27,2026-08-08 16:00:00+00:00,AO:AO-UEFA-64319,143920,Ružomberok,Železiarne Podbrezová,1,4,0.0,FT,3,THESPORTSDB_PREMIUM_LIVE,https://www.thesportsdb.com/api/v2/json/schedule/league/4672/2026-2027,AO-UEFA-64319,
TSD-4672-2488496,2488496,AO-DOMESTIC:SVK,Slovak First Football League,SVK,2026-2027,2026/27,2026-08-08 16:00:00+00:00,137874,146626,Zemplín Michalovce,Komárno,1,1,0.5,FT,3,THESPORTSDB_PREMIUM_LIVE,https://www.thesportsdb.com/api/v2/json/schedule/league/4672/2026-2027,,
TSD-4675-2493339,2493339,4675,Swiss Super League,SUI,2026-2027,2026/27,2026-08-08 16:00:00+00:00,138990,134001,Lausanne-Sport,Young Boys,2,2,0.5,FT,3,THESPORTSDB_PREMIUM_LIVE,https://www.thesportsdb.com/api/v2/json/schedule/league/4675/2026-2027,AO-UEFA-4251,AO-UEFA-50031
TSD-4338-2496692,2496692,4338,Belgian Pro League,BEL,2026-2027,2026/27,2026-08-08 16:15:00+00:00,133778,133782,Standard Liège,Cercle Brugge,2,2,0.5,FT,1,THESPORTSDB_PREMIUM_LIVE,https://www.thesportsdb.com/api/v2/json/schedule/league/4338/2026-2027,,AO-UEFA-52884
TSD-4629-2482529,2482529,AO-DOMESTIC:CRO,Croatian First Football League,CRO,2026-2027,2026/27,2026-08-08 16:30:00+00:00,141086,AO:AO-UEFA-53082,Rudeš,Osijek,1,6,0.0,FT,2,THESPORTSDB_PREMIUM_LIVE,https://www.thesportsdb.com/api/v2/json/schedule/league/4629/2026-2027,,AO-UEFA-53082
TSD-4337-2489068,2489068,4337,Dutch Eredivisie,NED,2026-2027,2026/27,2026-08-08 16:45:00+00:00,134304,133827,Go Ahead Eagles,Willem II,4,1,1.0,FT,1,THESPORTSDB_PREMIUM_LIVE,https://www.thesportsdb.com/api/v2/json/schedule/league/4337/2026-2027,AO-UEFA-64207,AO-UEFA-52987
TSD-4344-2513938,2513938,4344,Portuguese Primeira Liga,POR,2026-2027,2026/27,2026-08-08 17:00:00+00:00,134115,134387,Vitória de Guimarães,Arouca,0,1,0.0,FT,1,THESPORTSDB_PREMIUM_LIVE,https://www.thesportsdb.com/api/v2/json/schedule/league/4344/2026-2027,,AO-UEFA-2602955
TSD-4638-2420064,2420064,AO-DOMESTIC:GEO,Georgian Erovnuli Liga,GEO,2026,2026/27,2026-08-08 17:00:00+00:00,AO:AO-UEFA-59885,AO:AO-UEFA-2600544,Dinamo Batumi,Gagra,2,2,0.5,FT,20,THESPORTSDB_PREMIUM_LIVE,https://www.thesportsdb.com/api/v2/json/schedule/league/4638/2026,AO-UEFA-59885,AO-UEFA-2600544
TSD-4621-2499711,2499711,4621,Austrian Bundesliga,AUT,2026-2027,2026/27,2026-08-08 17:30:00+00:00,137805,137743,TSV Hartberg,Sturm Graz,0,2,0.0,FT,2,THESPORTSDB_PREMIUM_LIVE,https://www.thesportsdb.com/api/v2/json/schedule/league/4621/2026-2027,AO-UEFA-2601074,AO-UEFA-50111
TSD-4337-2489069,2489069,4337,Dutch Eredivisie,NED,2026-2027,2026/27,2026-08-08 18:00:00+00:00,133768,134264,PSV Eindhoven,Fortuna Sittard,2,2,0.5,FT,1,THESPORTSDB_PREMIUM_LIVE,https://www.thesportsdb.com/api/v2/json/schedule/league/4337/2026-2027,AO-UEFA-50062,
TSD-4631-2497741,2497741,4631,Czech First League,CZE,2026-2027,2026/27,2026-08-08 18:00:00+00:00,134000,134007,Mladá Boleslav,Sparta Prague,2,0,1.0,FT,3,THESPORTSDB_PREMIUM_LIVE,https://www.thesportsdb.com/api/v2/json/schedule/league/4631/2026-2027,AO-UEFA-88134,
TSD-4671-2491214,2491214,AO-DOMESTIC:SRB,Serbian Super Liga,SRB,2026-2027,2026/27,2026-08-08 18:00:00+00:00,AO:AO-UEFA-50069,AO:AO-UEFA-2601090,Crvena Zvezda,Novi Pazar,2,0,1.0,FT,4,THESPORTSDB_PREMIUM_LIVE,https://www.thesportsdb.com/api/v2/json/schedule/league/4671/2026-2027,AO-UEFA-50069,AO-UEFA-2601090
TSD-4671-2491220,2491220,AO-DOMESTIC:SRB,Serbian Super Liga,SRB,2026-2027,2026/27,2026-08-08 18:00:00+00:00,AO:AO-UEFA-64289,143870,Radnički 1923,Zemun,3,0,1.0,FT,4,THESPORTSDB_PREMIUM_LIVE,https://www.thesportsdb.com/api/v2/json/schedule/league/4671/2026-2027,AO-UEFA-64289,
TSD-4422-2490210,2490210,4422,Polish Ekstraklasa,POL,2026-2027,2026/27,2026-08-08 18:15:00+00:00,135298,133992,Korona Kielce,Legia Warsaw,1,1,0.5,FT,3,THESPORTSDB_PREMIUM_LIVE,https://www.thesportsdb.com/api/v2/json/schedule/league/4422/2026-2027,,AO-UEFA-50146
TSD-4626-2487293,2487293,AO-DOMESTIC:BUL,Bulgarian First League,BUL,2026-2027,2026/27,2026-08-08 18:15:00+00:00,137918,AO:AO-UEFA-2610060,Dunav Ruse,Arda Kardzhali,0,2,0.0,FT,4,THESPORTSDB_PREMIUM_LIVE,https://www.thesportsdb.com/api/v2/json/schedule/league/4626/2026-2027,,AO-UEFA-2610060
TSD-4692-2495069,2495069,AO-DOMESTIC:SLO,Slovenian 1. SNL,SLO,2026-2027,2026/27,2026-08-08 18:15:00+00:00,AO:AO-UEFA-59030,AO:AO-UEFA-53081,Celje,Olimpija Ljubljana,1,0,1.0,FT,4,THESPORTSDB_PREMIUM_LIVE,https://www.thesportsdb.com/api/v2/json/schedule/league/4692/2026-2027,AO-UEFA-59030,AO-UEFA-53081
TSD-4672-2488494,2488494,AO-DOMESTIC:SVK,Slovak First Football League,SVK,2026-2027,2026/27,2026-08-08 18:30:00+00:00,AO:AO-UEFA-52904,146399,Spartak Trnava,Dukla Banská Bystrica,3,0,1.0,FT,3,THESPORTSDB_PREMIUM_LIVE,https://www.thesportsdb.com/api/v2/json/schedule/league/4672/2026-2027,AO-UEFA-52904,
TSD-4675-2493340,2493340,4675,Swiss Super League,SUI,2026-2027,2026/27,2026-08-08 18:30:00+00:00,133991,134391,Servette,Grasshoppers,2,1,1.0,FT,3,THESPORTSDB_PREMIUM_LIVE,https://www.thesportsdb.com/api/v2/json/schedule/league/4675/2026-2027,AO-UEFA-50008,
TSD-4691-2502965,2502965,AO-DOMESTIC:ROM,Romanian Liga I,ROM,2026-2027,2026/27,2026-08-08 18:30:00+00:00,134121,138197,Dinamo București,Voluntari,4,0,1.0,FT,4,THESPORTSDB_PREMIUM_LIVE,https://www.thesportsdb.com/api/v2/json/schedule/league/4691/2026-2027,,
TSD-4338-2496693,2496693,4338,Belgian Pro League,BEL,2026-2027,2026/27,2026-08-08 18:45:00+00:00,133790,138141,Westerlo,Union Saint-Gilloise,1,5,0.0,FT,1,THESPORTSDB_PREMIUM_LIVE,https://www.thesportsdb.com/api/v2/json/schedule/league/4338/2026-2027,,
TSD-4338-2496694,2496694,4338,Belgian Pro League,BEL,2026-2027,2026/27,2026-08-08 18:45:00+00:00,135461,138143,Sint-Truiden,Lommel,1,1,0.5,FT,1,THESPORTSDB_PREMIUM_LIVE,https://www.thesportsdb.com/api/v2/json/schedule/league/4338/2026-2027,AO-UEFA-52883,
TSD-4337-2489070,2489070,4337,Dutch Eredivisie,NED,2026-2027,2026/27,2026-08-08 19:00:00+00:00,133767,133769,AZ Alkmaar,ADO Den Haag,2,0,1.0,FT,1,THESPORTSDB_PREMIUM_LIVE,https://www.thesportsdb.com/api/v2/json/schedule/league/4337/2026-2027,AO-UEFA-52327,
TSD-4629-2482527,2482527,AO-DOMESTIC:CRO,Croatian First Football League,CRO,2026-2027,2026/27,2026-08-08 19:00:00+00:00,AO:AO-UEFA-2600783,137794,Lokomotiva Zagreb,HNK Gorica,3,1,1.0,FT,2,THESPORTSDB_PREMIUM_LIVE,https://www.thesportsdb.com/api/v2/json/schedule/league/4629/2026-2027,AO-UEFA-2600783,
TSD-4344-2513942,2513942,4344,Portuguese Primeira Liga,POR,2026-2027,2026/27,2026-08-08 19:30:00+00:00,140008,135708,Estrela Amadora,Sporting CP,2,2,0.5,FT,1,THESPORTSDB_PREMIUM_LIVE,https://www.thesportsdb.com/api/v2/json/schedule/league/4344/2026-2027,,AO-UEFA-50149
TSD-4354-2503916,2503916,AO-DOMESTIC:UKR,Ukrainian Premier League,UKR,2026-2027,2026/27,2026-08-09 10:00:00+00:00,AO:AO-UEFA-65130,AO:AO-UEFA-64527,Zorya Luhansk,Kryvbas Kryvyi Rih,1,3,0.0,FT,2,THESPORTSDB_PREMIUM_LIVE,https://www.thesportsdb.com/api/v2/json/schedule/league/4354/2026-2027,AO-UEFA-65130,AO-UEFA-64527
TSD-4337-2489071,2489071,4337,Dutch Eredivisie,NED,2026-2027,2026/27,2026-08-09 10:15:00+00:00,133866,133758,Sparta Rotterdam,Feyenoord,0,1,0.0,FT,1,THESPORTSDB_PREMIUM_LIVE,https://www.thesportsdb.com/api/v2/json/schedule/league/4337/2026-2027,,AO-UEFA-52749
TSD-4338-2496695,2496695,4338,Belgian Pro League,BEL,2026-2027,2026/27,2026-08-09 11:30:00+00:00,133781,133787,Gent,Mechelen,2,0,1.0,FT,1,THESPORTSDB_PREMIUM_LIVE,https://www.thesportsdb.com/api/v2/json/schedule/league/4338/2026-2027,AO-UEFA-4608,
TSD-4347-2477931,2477931,4347,Swedish Allsvenskan,SWE,2026,2026/27,2026-08-09 12:00:00+00:00,134731,134160,Hammarby,Häcken,3,0,1.0,FT,16,THESPORTSDB_PREMIUM_LIVE,https://www.thesportsdb.com/api/v2/json/schedule/league/4347/2026,AO-UEFA-52343,AO-UEFA-69621
TSD-4347-2477932,2477932,4347,Swedish Allsvenskan,SWE,2026,2026/27,2026-08-09 12:00:00+00:00,134166,134728,Malmö,Degerfors,1,2,0.0,FT,16,THESPORTSDB_PREMIUM_LIVE,https://www.thesportsdb.com/api/v2/json/schedule/league/4347/2026,AO-UEFA-50152,
TSD-4675-2493341,2493341,4675,Swiss Super League,SUI,2026-2027,2026/27,2026-08-09 12:00:00+00:00,136037,134396,Lugano,Zürich,5,0,1.0,FT,3,THESPORTSDB_PREMIUM_LIVE,https://www.thesportsdb.com/api/v2/json/schedule/league/4675/2026-2027,AO-UEFA-8538,AO-UEFA-51150
TSD-4330-2494420,2494420,AO-DOMESTIC:SCO,Scottish Premier League,SCO,2026-2027,2026/27,2026-08-09 12:30:00+00:00,AO:AO-UEFA-62178,AO:AO-UEFA-50050,Kilmarnock,Celtic,1,5,0.0,FT,2,THESPORTSDB_PREMIUM_LIVE,https://www.thesportsdb.com/api/v2/json/schedule/league/4330/2026-2027,AO-UEFA-62178,AO-UEFA-50050
TSD-4337-2489072,2489072,4337,Dutch Eredivisie,NED,2026-2027,2026/27,2026-08-09 12:30:00+00:00,133936,133772,PEC Zwolle,Ajax,0,2,0.0,FT,1,THESPORTSDB_PREMIUM_LIVE,https://www.thesportsdb.com/api/v2/json/schedule/league/4337/2026-2027,,AO-UEFA-50143
TSD-4337-2489073,2489073,4337,Dutch Eredivisie,NED,2026-2027,2026/27,2026-08-09 12:30:00+00:00,133762,133764,Groningen,Utrecht,2,1,1.0,FT,1,THESPORTSDB_PREMIUM_LIVE,https://www.thesportsdb.com/api/v2/json/schedule/league/4337/2026-2027,,AO-UEFA-52323
TSD-4354-2503922,2503922,AO-DOMESTIC:UKR,Ukrainian Premier League,UKR,2026-2027,2026/27,2026-08-09 12:30:00+00:00,146857,AO:AO-UEFA-52707,Epitsentr Kamianets-Podilsky,Shakhtar Donetsk,0,2,0.0,FT,2,THESPORTSDB_PREMIUM_LIVE,https://www.thesportsdb.com/api/v2/json/schedule/league/4354/2026-2027,,AO-UEFA-52707
TSD-4358-2399123,2399123,4358,Norwegian Eliteserien,NOR,2026,2026/27,2026-08-09 12:30:00+00:00,134569,133990,Lillestrøm,Rosenborg,0,2,0.0,FT,17,THESPORTSDB_PREMIUM_LIVE,https://www.thesportsdb.com/api/v2/json/schedule/league/4358/2026,AO-UEFA-52314,AO-UEFA-52806
TSD-4422-2490208,2490208,4422,Polish Ekstraklasa,POL,2026-2027,2026/27,2026-08-09 12:45:00+00:00,133952,135294,Śląsk Wrocław,Cracovia,0,0,0.5,FT,3,THESPORTSDB_PREMIUM_LIVE,https://www.thesportsdb.com/api/v2/json/schedule/league/4422/2026-2027,AO-UEFA-52655,AO-UEFA-88133
TSD-4619-2523490,2523490,AO-DOMESTIC:ARM,Armenian Premier League,ARM,2026-2027,2026/27,2026-08-09 13:00:00+00:00,AO:AO-UEFA-77431,140092,Pyunik Yerevan,Van,3,0,1.0,FT,2,THESPORTSDB_PREMIUM_LIVE,https://www.thesportsdb.com/api/v2/json/schedule/league/4619/2026-2027,AO-UEFA-77431,
TSD-4631-2497739,2497739,4631,Czech First League,CZE,2026-2027,2026/27,2026-08-09 13:00:00+00:00,136036,140093,Slavia Prague,Pardubice,2,1,1.0,FT,3,THESPORTSDB_PREMIUM_LIVE,https://www.thesportsdb.com/api/v2/json/schedule/league/4631/2026-2027,AO-UEFA-52498,
TSD-4638-2420066,2420066,AO-DOMESTIC:GEO,Georgian Erovnuli Liga,GEO,2026,2026/27,2026-08-09 13:00:00+00:00,150495,140523,Meshakhte Tkibuli,Samgurali Tskhaltubo,1,2,0.0,FT,20,THESPORTSDB_PREMIUM_LIVE,https://www.thesportsdb.com/api/v2/json/schedule/league/4638/2026,,
TSD-4649-2440100,2440100,AO-DOMESTIC:KAZ,Kazakhstan Premier League,KAZ,2026,2026/27,2026-08-09 13:00:00+00:00,AO:AO-UEFA-2600605,138040,Astana,Okzhetpes Kokshetau,2,1,1.0,FT,21,THESPORTSDB_PREMIUM_LIVE,https://www.thesportsdb.com/api/v2/json/schedule/league/4649/2026,AO-UEFA-2600605,
TSD-4690-2498332,2498332,AO-DOMESTIC:HUN,Hungarian NB I,HUN,2026-2027,2026/27,2026-08-09 13:30:00+00:00,138185,134070,Paks,Budapest Honvéd,2,2,0.5,FT,3,THESPORTSDB_PREMIUM_LIVE,https://www.thesportsdb.com/api/v2/json/schedule/league/4690/2026-2027,,
TSD-4330-2494418,2494418,AO-DOMESTIC:SCO,Scottish Premier League,SCO,2026-2027,2026/27,2026-08-09 14:00:00+00:00,133643,AO:AO-UEFA-50079,Heart of Midlothian,Dundee United,4,0,1.0,FT,2,THESPORTSDB_PREMIUM_LIVE,https://www.thesportsdb.com/api/v2/json/schedule/league/4330/2026-2027,,AO-UEFA-50079
TSD-4330-2494419,2494419,AO-DOMESTIC:SCO,Scottish Premier League,SCO,2026-2027,2026/27,2026-08-09 14:00:00+00:00,AO:AO-UEFA-53035,133838,Motherwell,Falkirk,0,0,0.5,FT,2,THESPORTSDB_PREMIUM_LIVE,https://www.thesportsdb.com/api/v2/json/schedule/league/4330/2026-2027,AO-UEFA-53035,
TSD-4338-2496691,2496691,4338,Belgian Pro League,BEL,2026-2027,2026/27,2026-08-09 14:00:00+00:00,133826,133775,Charleroi,Oud-Heverlee Leuven,3,1,1.0,FT,1,THESPORTSDB_PREMIUM_LIVE,https://www.thesportsdb.com/api/v2/json/schedule/league/4338/2026-2027,AO-UEFA-52886,
TSD-4338-2496696,2496696,4338,Belgian Pro League,BEL,2026-2027,2026/27,2026-08-09 14:00:00+00:00,133786,133779,Zulte Waregem,Genk,2,1,1.0,FT,1,THESPORTSDB_PREMIUM_LIVE,https://www.thesportsdb.com/api/v2/json/schedule/league/4338/2026-2027,,AO-UEFA-61582
TSD-4340-2481805,2481805,4340,Danish Superliga,DEN,2026-2027,2026/27,2026-08-09 14:00:00+00:00,133938,133900,Randers FC,Lyngby,2,0,1.0,FT,3,THESPORTSDB_PREMIUM_LIVE,https://www.thesportsdb.com/api/v2/json/schedule/league/4340/2026-2027,AO-UEFA-64146,
TSD-4649-2440104,2440104,AO-DOMESTIC:KAZ,Kazakhstan Premier League,KAZ,2026,2026/27,2026-08-09 14:00:00+00:00,148411,AO:AO-UEFA-79964,Elimai Semey,Irtysh Pavlodar,3,1,1.0,FT,21,THESPORTSDB_PREMIUM_LIVE,https://www.thesportsdb.com/api/v2/json/schedule/league/4649/2026,,AO-UEFA-79964
TSD-4651-2478363,2478363,AO-DOMESTIC:LIT,Lithuanian A Lyga,LIT,2026,2026/27,2026-08-09 14:00:00+00:00,AO:AO-UEFA-77906,137990,Šiauliai,Džiugas Telšiai,3,4,0.0,FT,26,THESPORTSDB_PREMIUM_LIVE,https://www.thesportsdb.com/api/v2/json/schedule/league/4651/2026,AO-UEFA-77906,
TSD-4347-2398871,2398871,4347,Swedish Allsvenskan,SWE,2026,2026/27,2026-08-09 14:30:00+00:00,134161,134002,IFK Göteborg,Kalmar,3,2,1.0,FT,16,THESPORTSDB_PREMIUM_LIVE,https://www.thesportsdb.com/api/v2/json/schedule/league/4347/2026,,AO-UEFA-54187
TSD-4347-2398872,2398872,4347,Swedish Allsvenskan,SWE,2026,2026/27,2026-08-09 14:30:00+00:00,134167,134725,Halmstad,GAIS,0,2,0.0,FT,16,THESPORTSDB_PREMIUM_LIVE,https://www.thesportsdb.com/api/v2/json/schedule/league/4347/2026,,
TSD-4675-2493338,2493338,4675,Swiss Super League,SUI,2026-2027,2026/27,2026-08-09 14:30:00+00:00,133957,134394,Basel,Thun,4,2,1.0,FT,3,THESPORTSDB_PREMIUM_LIVE,https://www.thesportsdb.com/api/v2/json/schedule/league/4675/2026-2027,AO-UEFA-59856,AO-UEFA-80409
TSD-4675-2493342,2493342,4675,Swiss Super League,SUI,2026-2027,2026/27,2026-08-09 14:30:00+00:00,135947,134320,Sion,Vaduz,3,2,1.0,FT,3,THESPORTSDB_PREMIUM_LIVE,https://www.thesportsdb.com/api/v2/json/schedule/league/4675/2026-2027,,
TSD-4675-2493343,2493343,4675,Swiss Super League,SUI,2026-2027,2026/27,2026-08-09 14:30:00+00:00,134406,134123,St. Gallen,Luzern,2,2,0.5,FT,3,THESPORTSDB_PREMIUM_LIVE,https://www.thesportsdb.com/api/v2/json/schedule/league/4675/2026-2027,AO-UEFA-51151,
TSD-4337-2489074,2489074,4337,Dutch Eredivisie,NED,2026-2027,2026/27,2026-08-09 14:45:00+00:00,133759,133774,Heerenveen,Twente,1,0,1.0,FT,1,THESPORTSDB_PREMIUM_LIVE,https://www.thesportsdb.com/api/v2/json/schedule/league/4337/2026-2027,,AO-UEFA-52818
TSD-4330-2494421,2494421,AO-DOMESTIC:SCO,Scottish Premier League,SCO,2026-2027,2026/27,2026-08-09 15:00:00+00:00,AO:AO-UEFA-50121,AO:AO-UEFA-52821,Rangers,Hibernian,1,2,0.0,FT,2,THESPORTSDB_PREMIUM_LIVE,https://www.thesportsdb.com/api/v2/json/schedule/league/4330/2026-2027,AO-UEFA-50121,AO-UEFA-52821
TSD-4354-2503921,2503921,AO-DOMESTIC:UKR,Ukrainian Premier League,UKR,2026-2027,2026/27,2026-08-09 15:00:00+00:00,135911,AO:AO-UEFA-52723,Veres Rivne,Dynamo Kyiv,1,2,0.0,FT,2,THESPORTSDB_PREMIUM_LIVE,https://www.thesportsdb.com/api/v2/json/schedule/league/4354/2026-2027,,AO-UEFA-52723
TSD-4358-2399121,2399121,4358,Norwegian Eliteserien,NOR,2026,2026/27,2026-08-09 15:00:00+00:00,134753,133998,Hamarkameratene,Aalesund,1,1,0.5,FT,17,THESPORTSDB_PREMIUM_LIVE,https://www.thesportsdb.com/api/v2/json/schedule/league/4358/2026,,
TSD-4619-2523493,2523493,AO-DOMESTIC:ARM,Armenian Premier League,ARM,2026-2027,2026/27,2026-08-09 15:00:00+00:00,AO:AO-UEFA-59877,AO:AO-UEFA-2609987,Shirak Gyumri,Noah,3,4,0.0,FT,2,THESPORTSDB_PREMIUM_LIVE,https://www.thesportsdb.com/api/v2/json/schedule/league/4619/2026-2027,AO-UEFA-59877,AO-UEFA-2609987
TSD-4621-2499712,2499712,4621,Austrian Bundesliga,AUT,2026-2027,2026/27,2026-08-09 15:00:00+00:00,137252,133970,Wolfsberger AC,Red Bull Salzburg,1,1,0.5,FT,2,THESPORTSDB_PREMIUM_LIVE,https://www.thesportsdb.com/api/v2/json/schedule/league/4621/2026-2027,AO-UEFA-2603990,AO-UEFA-50030
TSD-4621-2499713,2499713,4621,Austrian Bundesliga,AUT,2026-2027,2026/27,2026-08-09 15:00:00+00:00,133993,134021,SV Ried,Rapid Vienna,1,2,0.0,FT,2,THESPORTSDB_PREMIUM_LIVE,https://www.thesportsdb.com/api/v2/json/schedule/league/4621/2026-2027,,
TSD-4631-2497742,2497742,4631,Czech First League,CZE,2026-2027,2026/27,2026-08-09 15:00:00+00:00,134395,136685,Jablonec,Slovácko,1,0,1.0,FT,3,THESPORTSDB_PREMIUM_LIVE,https://www.thesportsdb.com/api/v2/json/schedule/league/4631/2026-2027,AO-UEFA-62169,AO-UEFA-75794
TSD-4631-2497745,2497745,4631,Czech First League,CZE,2026-2027,2026/27,2026-08-09 15:00:00+00:00,141109,136684,Hradec Králové,Baník Ostrava,2,1,1.0,FT,3,THESPORTSDB_PREMIUM_LIVE,https://www.thesportsdb.com/api/v2/json/schedule/league/4631/2026-2027,,AO-UEFA-51886
TSD-4649-2558852,2558852,AO-DOMESTIC:KAZ,Kazakhstan Premier League,KAZ,2026,2026/27,2026-08-09 15:00:00+00:00,140521,AO:AO-UEFA-79973,Atyrau,Aktobe,1,1,0.5,FT,21,THESPORTSDB_PREMIUM_LIVE,https://www.thesportsdb.com/api/v2/json/schedule/league/4649/2026,,AO-UEFA-79973
TSD-4672-2488497,2488497,AO-DOMESTIC:SVK,Slovak First Football League,SVK,2026-2027,2026/27,2026-08-09 15:00:00+00:00,AO:AO-UEFA-61601,146400,Žilina,Skalica,1,3,0.0,FT,3,THESPORTSDB_PREMIUM_LIVE,https://www.thesportsdb.com/api/v2/json/schedule/league/4672/2026-2027,AO-UEFA-61601,
TSD-4422-2490211,2490211,4422,Polish Ekstraklasa,POL,2026-2027,2026/27,2026-08-09 15:30:00+00:00,134010,135300,Lech Poznań,Piast Gliwice,3,0,1.0,FT,3,THESPORTSDB_PREMIUM_LIVE,https://www.thesportsdb.com/api/v2/json/schedule/league/4422/2026-2027,AO-UEFA-64227,AO-UEFA-2600545
TSD-4690-2498333,2498333,AO-DOMESTIC:HUN,Hungarian NB I,HUN,2026-2027,2026/27,2026-08-09 15:30:00+00:00,AO:AO-UEFA-52958,141223,Debrecen,Nyíregyháza,1,0,1.0,FT,3,THESPORTSDB_PREMIUM_LIVE,https://www.thesportsdb.com/api/v2/json/schedule/league/4690/2026-2027,AO-UEFA-52958,
TSD-4691-2502971,2502971,AO-DOMESTIC:ROM,Romanian Liga I,ROM,2026-2027,2026/27,2026-08-09 15:30:00+00:00,134398,135929,Petrolul Ploiești,Oțelul Galați,1,0,1.0,FT,4,THESPORTSDB_PREMIUM_LIVE,https://www.thesportsdb.com/api/v2/json/schedule/league/4691/2026-2027,,
TSD-4692-2495067,2495067,AO-DOMESTIC:SLO,Slovenian 1. SNL,SLO,2026-2027,2026/27,2026-08-09 15:30:00+00:00,138213,146621,Aluminij,Nafta,1,1,0.5,FT,4,THESPORTSDB_PREMIUM_LIVE,https://www.thesportsdb.com/api/v2/json/schedule/league/4692/2026-2027,,
TSD-4651-2478362,2478362,AO-DOMESTIC:LIT,Lithuanian A Lyga,LIT,2026,2026/27,2026-08-09 15:45:00+00:00,AO:AO-UEFA-64348,AO:AO-UEFA-79557,Banga Gargždai,Sūduva,0,3,0.0,FT,26,THESPORTSDB_PREMIUM_LIVE,https://www.thesportsdb.com/api/v2/json/schedule/league/4651/2026,AO-UEFA-64348,AO-UEFA-79557
TSD-4340-2481806,2481806,4340,Danish Superliga,DEN,2026-2027,2026/27,2026-08-09 16:00:00+00:00,133895,133893,AC Horsens,Brøndby,0,2,0.0,FT,3,THESPORTSDB_PREMIUM_LIVE,https://www.thesportsdb.com/api/v2/json/schedule/league/4340/2026-2027,,AO-UEFA-50021
TSD-4626-2487294,2487294,AO-DOMESTIC:BUL,Bulgarian First League,BUL,2026-2027,2026/27,2026-08-09 16:00:00+00:00,AO:AO-UEFA-75787,AO:AO-UEFA-2603104,Cherno More,Ludogorets Razgrad,2,3,0.0,FT,4,THESPORTSDB_PREMIUM_LIVE,https://www.thesportsdb.com/api/v2/json/schedule/league/4626/2026-2027,AO-UEFA-75787,AO-UEFA-2603104
TSD-4638-2420068,2420068,AO-DOMESTIC:GEO,Georgian Erovnuli Liga,GEO,2026,2026/27,2026-08-09 16:00:00+00:00,AO:AO-UEFA-2611621,AO:AO-UEFA-52705,Spaeri,Dinamo Tbilisi,1,2,0.0,FT,20,THESPORTSDB_PREMIUM_LIVE,https://www.thesportsdb.com/api/v2/json/schedule/league/4638/2026,AO-UEFA-2611621,AO-UEFA-52705
TSD-4338-2496697,2496697,4338,Belgian Pro League,BEL,2026-2027,2026/27,2026-08-09 16:30:00+00:00,133776,148488,Anderlecht,RAAL La Louvière,2,1,1.0,FT,1,THESPORTSDB_PREMIUM_LIVE,https://www.thesportsdb.com/api/v2/json/schedule/league/4338/2026-2027,AO-UEFA-50074,
TSD-4629-2482528,2482528,AO-DOMESTIC:CRO,Croatian First Football League,CRO,2026-2027,2026/27,2026-08-09 16:30:00+00:00,133989,AO:AO-UEFA-60514,Slaven Belupo Koprivnica,Varaždin,1,4,0.0,FT,2,THESPORTSDB_PREMIUM_LIVE,https://www.thesportsdb.com/api/v2/json/schedule/league/4629/2026-2027,,AO-UEFA-60514
TSD-4344-2513935,2513935,4344,Portuguese Primeira Liga,POR,2026-2027,2026/27,2026-08-09 17:00:00+00:00,134114,143704,Porto,Alverca,2,0,1.0,FT,1,THESPORTSDB_PREMIUM_LIVE,https://www.thesportsdb.com/api/v2/json/schedule/league/4344/2026-2027,AO-UEFA-50064,
TSD-4621-2499714,2499714,4621,Austrian Bundesliga,AUT,2026-2027,2026/27,2026-08-09 17:00:00+00:00,134390,137261,Austria Vienna,LASK,0,2,0.0,FT,2,THESPORTSDB_PREMIUM_LIVE,https://www.thesportsdb.com/api/v2/json/schedule/league/4621/2026-2027,,AO-UEFA-63405
TSD-4338-2496698,2496698,4338,Belgian Pro League,BEL,2026-2027,2026/27,2026-08-09 17:15:00+00:00,134245,133941,Antwerp,Beveren,2,1,1.0,FT,1,THESPORTSDB_PREMIUM_LIVE,https://www.thesportsdb.com/api/v2/json/schedule/league/4338/2026-2027,AO-UEFA-50113,
TSD-4358-2399122,2399122,4358,Norwegian Eliteserien,NOR,2026,2026/27,2026-08-09 17:15:00+00:00,134754,133958,Kristiansund,Molde,2,1,1.0,FT,17,THESPORTSDB_PREMIUM_LIVE,https://www.thesportsdb.com/api/v2/json/schedule/league/4358/2026,,AO-UEFA-50142
TSD-4631-2519348,2519348,4631,Czech First League,CZE,2026-2027,2026/27,2026-08-09 18:00:00+00:00,141110,136677,Artis Brno,Sigma Olomouc,1,2,0.0,FT,3,THESPORTSDB_PREMIUM_LIVE,https://www.thesportsdb.com/api/v2/json/schedule/league/4631/2026-2027,,AO-UEFA-52905
TSD-4671-2491216,2491216,AO-DOMESTIC:SRB,Serbian Super Liga,SRB,2026-2027,2026/27,2026-08-09 18:00:00+00:00,AO:AO-UEFA-52810,137864,Vojvodina,Radnik Surdulica,2,1,1.0,FT,4,THESPORTSDB_PREMIUM_LIVE,https://www.thesportsdb.com/api/v2/json/schedule/league/4671/2026-2027,AO-UEFA-52810,
TSD-4671-2491219,2491219,AO-DOMESTIC:SRB,Serbian Super Liga,SRB,2026-2027,2026/27,2026-08-09 18:00:00+00:00,137867,141832,Mačva Šabac,IMT Novi Beograd,1,0,1.0,FT,4,THESPORTSDB_PREMIUM_LIVE,https://www.thesportsdb.com/api/v2/json/schedule/league/4671/2026-2027,,
TSD-4422-2490207,2490207,4422,Polish Ekstraklasa,POL,2026-2027,2026/27,2026-08-09 18:15:00+00:00,135297,134489,Jagiellonia Białystok,Widzew Łódź,0,2,0.0,FT,3,THESPORTSDB_PREMIUM_LIVE,https://www.thesportsdb.com/api/v2/json/schedule/league/4422/2026-2027,AO-UEFA-2600277,
TSD-4626-2487295,2487295,AO-DOMESTIC:BUL,Bulgarian First League,BUL,2026-2027,2026/27,2026-08-09 18:15:00+00:00,140036,AO:AO-UEFA-2608297,Septemvri Sofia,CSKA Sofia,0,3,0.0,FT,4,THESPORTSDB_PREMIUM_LIVE,https://www.thesportsdb.com/api/v2/json/schedule/league/4626/2026-2027,,AO-UEFA-2608297
TSD-4692-2495065,2495065,AO-DOMESTIC:SLO,Slovenian 1. SNL,SLO,2026-2027,2026/27,2026-08-09 18:15:00+00:00,AO:AO-UEFA-57490,AO:AO-UEFA-69617,Maribor,Koper,2,0,1.0,FT,4,THESPORTSDB_PREMIUM_LIVE,https://www.thesportsdb.com/api/v2/json/schedule/league/4692/2026-2027,AO-UEFA-57490,AO-UEFA-69617
TSD-4692-2495068,2495068,AO-DOMESTIC:SLO,Slovenian 1. SNL,SLO,2026-2027,2026/27,2026-08-09 18:15:00+00:00,AO:AO-UEFA-2607248,146615,Bravo,Brinje-Grosuplje,1,1,0.5,FT,4,THESPORTSDB_PREMIUM_LIVE,https://www.thesportsdb.com/api/v2/json/schedule/league/4692/2026-2027,AO-UEFA-2607248,
TSD-4691-2502964,2502964,AO-DOMESTIC:ROM,Romanian Liga I,ROM,2026-2027,2026/27,2026-08-09 18:30:00+00:00,AO:AO-UEFA-2606501,138932,Universitatea Craiova,Argeș Pitești,0,1,0.0,FT,4,THESPORTSDB_PREMIUM_LIVE,https://www.thesportsdb.com/api/v2/json/schedule/league/4691/2026-2027,AO-UEFA-2606501,
TSD-4629-2482526,2482526,AO-DOMESTIC:CRO,Croatian First Football League,CRO,2026-2027,2026/27,2026-08-09 19:00:00+00:00,AO:AO-UEFA-52359,137797,Hajduk Split,Istra 1961,2,2,0.5,FT,2,THESPORTSDB_PREMIUM_LIVE,https://www.thesportsdb.com/api/v2/json/schedule/league/4629/2026-2027,AO-UEFA-52359,
TSD-4671-2491215,2491215,AO-DOMESTIC:SRB,Serbian Super Liga,SRB,2026-2027,2026/27,2026-08-09 19:00:00+00:00,137860,AO:AO-UEFA-60570,Mladost Lučani,Čukarički,2,2,0.5,FT,4,THESPORTSDB_PREMIUM_LIVE,https://www.thesportsdb.com/api/v2/json/schedule/league/4671/2026-2027,,AO-UEFA-60570
TSD-4671-2491218,2491218,AO-DOMESTIC:SRB,Serbian Super Liga,SRB,2026-2027,2026/27,2026-08-09 19:00:00+00:00,140232,141839,OFK Beograd,Železničar Pančevo,2,2,0.5,FT,4,THESPORTSDB_PREMIUM_LIVE,https://www.thesportsdb.com/api/v2/json/schedule/league/4671/2026-2027,,
TSD-4344-2513934,2513934,4344,Portuguese Primeira Liga,POR,2026-2027,2026/27,2026-08-09 19:30:00+00:00,134108,138856,Benfica,Académico de Viseu,2,2,0.5,FT,1,THESPORTSDB_PREMIUM_LIVE,https://www.thesportsdb.com/api/v2/json/schedule/league/4344/2026-2027,AO-UEFA-50147,
TSD-4344-2513937,2513937,4344,Portuguese Primeira Liga,POR,2026-2027,2026/27,2026-08-09 19:30:00+00:00,134112,134098,Moreirense,Braga,2,2,0.5,FT,1,THESPORTSDB_PREMIUM_LIVE,https://www.thesportsdb.com/api/v2/json/schedule/league/4344/2026-2027,,AO-UEFA-52336
TSD-4344-2513941,2513941,4344,Portuguese Primeira Liga,POR,2026-2027,2026/27,2026-08-09 19:30:00+00:00,134113,134107,Gil Vicente,Rio Ave,1,0,1.0,FT,1,THESPORTSDB_PREMIUM_LIVE,https://www.thesportsdb.com/api/v2/json/schedule/league/4344/2026-2027,AO-UEFA-73926,AO-UEFA-64237
TSD-4354-2503920,2503920,AO-DOMESTIC:UKR,Ukrainian Premier League,UKR,2026-2027,2026/27,2026-08-10 12:30:00+00:00,AO:AO-UEFA-2613172,134122,Polissya Zhytomyr,Kharkiv,3,1,1.0,FT,2,THESPORTSDB_PREMIUM_LIVE,https://www.thesportsdb.com/api/v2/json/schedule/league/4354/2026-2027,AO-UEFA-2613172,
TSD-4354-2503918,2503918,AO-DOMESTIC:UKR,Ukrainian Premier League,UKR,2026-2027,2026/27,2026-08-10 15:00:00+00:00,134426,146860,Karpaty Lviv,LNZ Cherkasy,3,0,1.0,FT,2,THESPORTSDB_PREMIUM_LIVE,https://www.thesportsdb.com/api/v2/json/schedule/league/4354/2026-2027,,
TSD-4691-2502967,2502967,AO-DOMESTIC:ROM,Romanian Liga I,ROM,2026-2027,2026/27,2026-08-10 15:30:00+00:00,AO:AO-UEFA-2605104,147629,Botoșani,Corvinul Hunedoara,0,0,0.5,FT,4,THESPORTSDB_PREMIUM_LIVE,https://www.thesportsdb.com/api/v2/json/schedule/league/4691/2026-2027,AO-UEFA-2605104,
TSD-4651-2478365,2478365,AO-DOMESTIC:LIT,Lithuanian A Lyga,LIT,2026,2026/27,2026-08-10 15:45:00+00:00,AO:AO-UEFA-2613214,AO:AO-UEFA-2608927,TransINVEST Vilnius,Panevėžys,0,2,0.0,FT,26,THESPORTSDB_PREMIUM_LIVE,https://www.thesportsdb.com/api/v2/json/schedule/league/4651/2026,AO-UEFA-2613214,AO-UEFA-2608927
TSD-4619-2523489,2523489,AO-DOMESTIC:ARM,Armenian Premier League,ARM,2026-2027,2026/27,2026-08-10 16:00:00+00:00,AO:AO-UEFA-2605268,140688,Alashkert,BKMA,3,0,1.0,FT,2,THESPORTSDB_PREMIUM_LIVE,https://www.thesportsdb.com/api/v2/json/schedule/league/4619/2026-2027,AO-UEFA-2605268,
TSD-4626-2487296,2487296,AO-DOMESTIC:BUL,Bulgarian First League,BUL,2026-2027,2026/27,2026-08-10 16:00:00+00:00,137920,AO:AO-UEFA-50117,Botev Vratsa,Slavia Sofia,0,3,0.0,FT,4,THESPORTSDB_PREMIUM_LIVE,https://www.thesportsdb.com/api/v2/json/schedule/league/4626/2026-2027,,AO-UEFA-50117
TSD-4692-2495066,2495066,AO-DOMESTIC:SLO,Slovenian 1. SNL,SLO,2026-2027,2026/27,2026-08-10 16:00:00+00:00,AO:AO-UEFA-2607561,142322,Mura,Radomlje,1,3,0.0,FT,4,THESPORTSDB_PREMIUM_LIVE,https://www.thesportsdb.com/api/v2/json/schedule/league/4692/2026-2027,AO-UEFA-2607561,
TSD-4340-2481807,2481807,4340,Danish Superliga,DEN,2026-2027,2026/27,2026-08-10 17:00:00+00:00,133892,133889,Silkeborg IF,Odense BK,1,0,1.0,FT,3,THESPORTSDB_PREMIUM_LIVE,https://www.thesportsdb.com/api/v2/json/schedule/league/4340/2026-2027,AO-UEFA-52912,
TSD-4347-2398877,2398877,4347,Swedish Allsvenskan,SWE,2026,2026/27,2026-08-10 17:00:00+00:00,134724,134170,Sirius,Brommapojkarna,2,2,0.5,FT,16,THESPORTSDB_PREMIUM_LIVE,https://www.thesportsdb.com/api/v2/json/schedule/league/4347/2026,,
TSD-4347-2398878,2398878,4347,Swedish Allsvenskan,SWE,2026,2026/27,2026-08-10 17:00:00+00:00,136832,134162,Västerås,Djurgården,1,0,1.0,FT,16,THESPORTSDB_PREMIUM_LIVE,https://www.thesportsdb.com/api/v2/json/schedule/league/4347/2026,,AO-UEFA-52809
TSD-4626-2487291,2487291,AO-DOMESTIC:BUL,Bulgarian First League,BUL,2026-2027,2026/27,2026-08-10 18:15:00+00:00,AO:AO-UEFA-57466,142832,Botev Plovdiv,Spartak Varna,3,2,1.0,FT,4,THESPORTSDB_PREMIUM_LIVE,https://www.thesportsdb.com/api/v2/json/schedule/league/4626/2026-2027,AO-UEFA-57466,
TSD-4691-2502968,2502968,AO-DOMESTIC:ROM,Romanian Liga I,ROM,2026-2027,2026/27,2026-08-10 18:30:00+00:00,138192,AO:AO-UEFA-50065,Sepsi OSK,FCSB,0,0,0.5,FT,4,THESPORTSDB_PREMIUM_LIVE,https://www.thesportsdb.com/api/v2/json/schedule/league/4691/2026-2027,,AO-UEFA-50065
TSD-4344-2513939,2513939,4344,Portuguese Primeira Liga,POR,2026-2027,2026/27,2026-08-10 19:15:00+00:00,136192,134109,Santa Clara,Nacional de Madeira,2,2,0.5,FT,1,THESPORTSDB_PREMIUM_LIVE,https://www.thesportsdb.com/api/v2/json/schedule/league/4344/2026-2027,AO-UEFA-73927,
TSD-4619-2523496,2523496,AO-DOMESTIC:ARM,Armenian Premier League,ARM,2026-2027,2026/27,2026-08-13 15:00:00+00:00,AO:AO-UEFA-77866,147563,Urartu,Syunik,3,0,1.0,FT,3,THESPORTSDB_PREMIUM_LIVE,https://www.thesportsdb.com/api/v2/json/schedule/league/4619/2026-2027,AO-UEFA-77866,
TSD-4354-2503929,2503929,AO-DOMESTIC:UKR,Ukrainian Premier League,UKR,2026-2027,2026/27,2026-08-14 15:00:00+00:00,146857,135911,Epitsentr Kamianets-Podilsky,Veres Rivne,0,0,0.5,FT,3,THESPORTSDB_PREMIUM_LIVE,https://www.thesportsdb.com/api/v2/json/schedule/league/4354/2026-2027,,
TSD-4690-2498337,2498337,AO-DOMESTIC:HUN,Hungarian NB I,HUN,2026-2027,2026/27,2026-08-14 15:30:00+00:00,134070,141231,Budapest Honvéd,Vasas,1,2,0.0,FT,4,THESPORTSDB_PREMIUM_LIVE,https://www.thesportsdb.com/api/v2/json/schedule/league/4690/2026-2027,,
TSD-4691-2502973,2502973,AO-DOMESTIC:ROM,Romanian Liga I,ROM,2026-2027,2026/27,2026-08-14 15:30:00+00:00,138197,134398,Voluntari,Petrolul Ploiești,1,2,0.0,FT,5,THESPORTSDB_PREMIUM_LIVE,https://www.thesportsdb.com/api/v2/json/schedule/league/4691/2026-2027,,
TSD-4693-2546056,2546056,AO-DOMESTIC:AZB,Azerbaijani Premier League,AZB,2026-2027,2026/27,2026-08-14 15:30:00+00:00,140704,138335,Turan Tovuz,Qəbələ,1,0,1.0,FT,1,THESPORTSDB_PREMIUM_LIVE,https://www.thesportsdb.com/api/v2/json/schedule/league/4693/2026-2027,,
TSD-4619-2523495,2523495,AO-DOMESTIC:ARM,Armenian Premier League,ARM,2026-2027,2026/27,2026-08-14 16:00:00+00:00,AO:AO-UEFA-92219,AO:AO-UEFA-59877,Gandzasar,Shirak Gyumri,0,1,0.0,FT,3,THESPORTSDB_PREMIUM_LIVE,https://www.thesportsdb.com/api/v2/json/schedule/league/4619/2026-2027,AO-UEFA-92219,AO-UEFA-59877
TSD-4340-2481808,2481808,4340,Danish Superliga,DEN,2026-2027,2026/27,2026-08-14 17:00:00+00:00,134307,133899,Viborg,AGF Aarhus,2,1,1.0,FT,3,THESPORTSDB_PREMIUM_LIVE,https://www.thesportsdb.com/api/v2/json/schedule/league/4340/2026-2027,AO-UEFA-69570,AO-UEFA-50019
TSD-4347-2398882,2398882,4347,Swedish Allsvenskan,SWE,2026,2026/27,2026-08-14 17:00:00+00:00,133984,136832,Elfsborg,Västerås,3,0,1.0,FT,17,THESPORTSDB_PREMIUM_LIVE,https://www.thesportsdb.com/api/v2/json/schedule/league/4347/2026,AO-UEFA-52344,
TSD-4358-2399133,2399133,4358,Norwegian Eliteserien,NOR,2026,2026/27,2026-08-14 17:00:00+00:00,133990,134570,Rosenborg,Viking,2,1,1.0,FT,18,THESPORTSDB_PREMIUM_LIVE,https://www.thesportsdb.com/api/v2/json/schedule/league/4358/2026,AO-UEFA-52806,AO-UEFA-52319
TSD-4621-2499715,2499715,4621,Austrian Bundesliga,AUT,2026-2027,2026/27,2026-08-14 17:30:00+00:00,137261,133993,LASK,SV Ried,4,1,1.0,FT,3,THESPORTSDB_PREMIUM_LIVE,https://www.thesportsdb.com/api/v2/json/schedule/league/4621/2026-2027,AO-UEFA-63405,
TSD-4337-2489075,2489075,4337,Dutch Eredivisie,NED,2026-2027,2026/27,2026-08-14 18:00:00+00:00,138004,133866,Telstar,Sparta Rotterdam,1,3,0.0,FT,2,THESPORTSDB_PREMIUM_LIVE,https://www.thesportsdb.com/api/v2/json/schedule/league/4337/2026-2027,,
TSD-4629-2482531,2482531,AO-DOMESTIC:CRO,Croatian First Football League,CRO,2026-2027,2026/27,2026-08-14 18:00:00+00:00,AO:AO-UEFA-50164,141086,Dinamo Zagreb,Rudeš,4,0,1.0,FT,3,THESPORTSDB_PREMIUM_LIVE,https://www.thesportsdb.com/api/v2/json/schedule/league/4629/2026-2027,AO-UEFA-50164,
TSD-4626-2487302,2487302,AO-DOMESTIC:BUL,Bulgarian First League,BUL,2026-2027,2026/27,2026-08-14 18:15:00+00:00,AO:AO-UEFA-2610262,AO:AO-UEFA-75787,CSKA 1948,Cherno More,4,1,1.0,FT,5,THESPORTSDB_PREMIUM_LIVE,https://www.thesportsdb.com/api/v2/json/schedule/league/4626/2026-2027,AO-UEFA-2610262,AO-UEFA-75787
TSD-4339-2527727,2527727,4339,Turkish Super Lig,TUR,2026-2027,2026/27,2026-08-14 18:30:00+00:00,133804,138951,Galatasaray,Çorum,2,2,0.5,FT,1,THESPORTSDB_PREMIUM_LIVE,https://www.thesportsdb.com/api/v2/json/schedule/league/4339/2026-2027,AO-UEFA-50067,
TSD-4422-2490217,2490217,4422,Polish Ekstraklasa,POL,2026-2027,2026/27,2026-08-14 18:30:00+00:00,133992,138916,Legia Warsaw,Radomiak Radom,5,0,1.0,FT,4,THESPORTSDB_PREMIUM_LIVE,https://www.thesportsdb.com/api/v2/json/schedule/league/4422/2026-2027,AO-UEFA-50146,
TSD-4691-2502974,2502974,AO-DOMESTIC:ROM,Romanian Liga I,ROM,2026-2027,2026/27,2026-08-14 18:30:00+00:00,138932,AO:AO-UEFA-2604753,Argeș Pitești,Farul Constanța,1,1,0.5,FT,5,THESPORTSDB_PREMIUM_LIVE,https://www.thesportsdb.com/api/v2/json/schedule/league/4691/2026-2027,,AO-UEFA-2604753
TSD-4338-2496699,2496699,4338,Belgian Pro League,BEL,2026-2027,2026/27,2026-08-14 18:45:00+00:00,133782,135461,Cercle Brugge,Sint-Truiden,3,3,0.5,FT,2,THESPORTSDB_PREMIUM_LIVE,https://www.thesportsdb.com/api/v2/json/schedule/league/4338/2026-2027,AO-UEFA-52884,AO-UEFA-52883
TSD-4344-2513946,2513946,4344,Portuguese Primeira Liga,POR,2026-2027,2026/27,2026-08-14 19:15:00+00:00,135708,134115,Sporting CP,Vitória de Guimarães,3,2,1.0,FT,2,THESPORTSDB_PREMIUM_LIVE,https://www.thesportsdb.com/api/v2/json/schedule/league/4344/2026-2027,AO-UEFA-50149,
TSD-4354-2503927,2503927,AO-DOMESTIC:UKR,Ukrainian Premier League,UKR,2026-2027,2026/27,2026-08-15 10:00:00+00:00,AO:AO-UEFA-64527,147624,Kryvbas Kryvyi Rih,Livyi Bereh Kyiv,1,1,0.5,FT,3,THESPORTSDB_PREMIUM_LIVE,https://www.thesportsdb.com/api/v2/json/schedule/league/4354/2026-2027,AO-UEFA-64527,
TSD-4619-2523499,2523499,AO-DOMESTIC:ARM,Armenian Premier League,ARM,2026-2027,2026/27,2026-08-15 12:00:00+00:00,140092,AO:AO-UEFA-2610304,Van,Ararat-Armenia,2,0,1.0,FT,3,THESPORTSDB_PREMIUM_LIVE,https://www.thesportsdb.com/api/v2/json/schedule/league/4619/2026-2027,,AO-UEFA-2610304
TSD-4354-2503931,2503931,AO-DOMESTIC:UKR,Ukrainian Premier League,UKR,2026-2027,2026/27,2026-08-15 12:30:00+00:00,149227,138447,Kudrivka,Obolon Kyiv,0,0,0.5,FT,3,THESPORTSDB_PREMIUM_LIVE,https://www.thesportsdb.com/api/v2/json/schedule/league/4354/2026-2027,,
TSD-4422-2490220,2490220,4422,Polish Ekstraklasa,POL,2026-2027,2026/27,2026-08-15 12:45:00+00:00,135496,133952,Zagłębie Lubin,Śląsk Wrocław,2,1,1.0,FT,4,THESPORTSDB_PREMIUM_LIVE,https://www.thesportsdb.com/api/v2/json/schedule/league/4422/2026-2027,,AO-UEFA-52655
TSD-4347-2398886,2398886,4347,Swedish Allsvenskan,SWE,2026,2026/27,2026-08-15 13:00:00+00:00,134164,134724,Mjällby,Sirius,4,3,1.0,FT,17,THESPORTSDB_PREMIUM_LIVE,https://www.thesportsdb.com/api/v2/json/schedule/league/4347/2026,AO-UEFA-74233,
TSD-4649-2440112,2440112,AO-DOMESTIC:KAZ,Kazakhstan Premier League,KAZ,2026,2026/27,2026-08-15 13:00:00+00:00,150755,AO:AO-UEFA-79970,Ulytau,Kairat Almaty,3,1,1.0,FT,22,THESPORTSDB_PREMIUM_LIVE,https://www.thesportsdb.com/api/v2/json/schedule/league/4649/2026,,AO-UEFA-79970
TSD-4649-2440113,2440113,AO-DOMESTIC:KAZ,Kazakhstan Premier League,KAZ,2026,2026/27,2026-08-15 13:00:00+00:00,148412,134052,Jeńis,Jetysu Taldykorgan,4,1,1.0,FT,22,THESPORTSDB_PREMIUM_LIVE,https://www.thesportsdb.com/api/v2/json/schedule/league/4649/2026,,
TSD-4338-2496700,2496700,4338,Belgian Pro League,BEL,2026-2027,2026/27,2026-08-15 14:00:00+00:00,138141,133786,Union Saint-Gilloise,Zulte Waregem,0,0,0.5,FT,2,THESPORTSDB_PREMIUM_LIVE,https://www.thesportsdb.com/api/v2/json/schedule/league/4338/2026-2027,,
TSD-4358-2399131,2399131,4358,Norwegian Eliteserien,NOR,2026,2026/27,2026-08-15 14:00:00+00:00,135723,134569,KFUM-Kameratene Oslo,Lillestrøm,1,1,0.5,FT,18,THESPORTSDB_PREMIUM_LIVE,https://www.thesportsdb.com/api/v2/json/schedule/league/4358/2026,,AO-UEFA-52314
TSD-4337-2489076,2489076,4337,Dutch Eredivisie,NED,2026-2027,2026/27,2026-08-15 14:30:00+00:00,133827,133760,Willem II,NEC Nijmegen,1,4,0.0,FT,2,THESPORTSDB_PREMIUM_LIVE,https://www.thesportsdb.com/api/v2/json/schedule/league/4337/2026-2027,AO-UEFA-52987,AO-UEFA-52330
TSD-4344-2513951,2513951,4344,Portuguese Primeira Liga,POR,2026-2027,2026/27,2026-08-15 14:30:00+00:00,143704,140008,Alverca,Estrela Amadora,2,2,0.5,FT,2,THESPORTSDB_PREMIUM_LIVE,https://www.thesportsdb.com/api/v2/json/schedule/league/4344/2026-2027,,
TSD-4690-2498338,2498338,AO-DOMESTIC:HUN,Hungarian NB I,HUN,2026-2027,2026/27,2026-08-15 14:30:00+00:00,AO:AO-UEFA-50132,134028,Újpest,MTK Budapest,1,1,0.5,FT,4,THESPORTSDB_PREMIUM_LIVE,https://www.thesportsdb.com/api/v2/json/schedule/league/4690/2026-2027,AO-UEFA-50132,
TSD-4693-2546058,2546058,AO-DOMESTIC:AZB,Azerbaijani Premier League,AZB,2026-2027,2026/27,2026-08-15 14:30:00+00:00,146883,146881,Araz-Naxçıvan,İmişli,0,0,0.5,FT,1,THESPORTSDB_PREMIUM_LIVE,https://www.thesportsdb.com/api/v2/json/schedule/league/4693/2026-2027,,
TSD-4354-2503925,2503925,AO-DOMESTIC:UKR,Ukrainian Premier League,UKR,2026-2027,2026/27,2026-08-15 15:00:00+00:00,134426,146855,Karpaty Lviv,Bukovyna Chernivtsi,3,0,1.0,FT,3,THESPORTSDB_PREMIUM_LIVE,https://www.thesportsdb.com/api/v2/json/schedule/league/4354/2026-2027,,
TSD-4621-2499716,2499716,4621,Austrian Bundesliga,AUT,2026-2027,2026/27,2026-08-15 15:00:00+00:00,139425,137252,Austria Lustenau,Wolfsberger AC,2,1,1.0,FT,3,THESPORTSDB_PREMIUM_LIVE,https://www.thesportsdb.com/api/v2/json/schedule/league/4621/2026-2027,,AO-UEFA-2603990
TSD-4631-2497748,2497748,4631,Czech First League,CZE,2026-2027,2026/27,2026-08-15 15:00:00+00:00,134007,136680,Sparta Prague,Teplice,4,1,1.0,FT,4,THESPORTSDB_PREMIUM_LIVE,https://www.thesportsdb.com/api/v2/json/schedule/league/4631/2026-2027,,
TSD-4631-2497752,2497752,4631,Czech First League,CZE,2026-2027,2026/27,2026-08-15 15:00:00+00:00,136685,136677,Slovácko,Sigma Olomouc,1,2,0.0,FT,4,THESPORTSDB_PREMIUM_LIVE,https://www.thesportsdb.com/api/v2/json/schedule/league/4631/2026-2027,AO-UEFA-75794,AO-UEFA-52905
TSD-4631-2497753,2497753,4631,Czech First League,CZE,2026-2027,2026/27,2026-08-15 15:00:00+00:00,140093,134000,Pardubice,Mladá Boleslav,1,1,0.5,FT,4,THESPORTSDB_PREMIUM_LIVE,https://www.thesportsdb.com/api/v2/json/schedule/league/4631/2026-2027,,AO-UEFA-88134
TSD-4638-2420070,2420070,AO-DOMESTIC:GEO,Georgian Erovnuli Liga,GEO,2026,2026/27,2026-08-15 15:00:00+00:00,AO:AO-UEFA-52705,134056,Dinamo Tbilisi,Rustavi,0,3,0.0,FT,21,THESPORTSDB_PREMIUM_LIVE,https://www.thesportsdb.com/api/v2/json/schedule/league/4638/2026,AO-UEFA-52705,
TSD-4649-2440108,2440108,AO-DOMESTIC:KAZ,Kazakhstan Premier League,KAZ,2026,2026/27,2026-08-15 15:00:00+00:00,AO:AO-UEFA-79971,AO:AO-UEFA-79973,Kaisar Kyzylorda,Aktobe,1,2,0.0,FT,22,THESPORTSDB_PREMIUM_LIVE,https://www.thesportsdb.com/api/v2/json/schedule/league/4649/2026,AO-UEFA-79971,AO-UEFA-79973
TSD-4649-2440111,2440111,AO-DOMESTIC:KAZ,Kazakhstan Premier League,KAZ,2026,2026/27,2026-08-15 15:00:00+00:00,AO:AO-UEFA-82825,144012,Ordabasy Shymkent,Altai Öskemen,3,1,1.0,FT,22,THESPORTSDB_PREMIUM_LIVE,https://www.thesportsdb.com/api/v2/json/schedule/league/4649/2026,AO-UEFA-82825,
TSD-4422-2490221,2490221,4422,Polish Ekstraklasa,POL,2026-2027,2026/27,2026-08-15 15:30:00+00:00,135300,152462,Piast Gliwice,Wieczysta Kraków,3,4,0.0,FT,4,THESPORTSDB_PREMIUM_LIVE,https://www.thesportsdb.com/api/v2/json/schedule/league/4422/2026-2027,AO-UEFA-2600545,
TSD-4619-2523498,2523498,AO-DOMESTIC:ARM,Armenian Premier League,ARM,2026-2027,2026/27,2026-08-15 15:30:00+00:00,140688,AO:AO-UEFA-59318,BKMA,Ararat Yerevan,1,2,0.0,FT,3,THESPORTSDB_PREMIUM_LIVE,https://www.thesportsdb.com/api/v2/json/schedule/league/4619/2026-2027,,AO-UEFA-59318
TSD-4690-2498341,2498341,AO-DOMESTIC:HUN,Hungarian NB I,HUN,2026-2027,2026/27,2026-08-15 15:30:00+00:00,141223,AO:AO-UEFA-2605958,Nyíregyháza,Kisvárda,2,1,1.0,FT,4,THESPORTSDB_PREMIUM_LIVE,https://www.thesportsdb.com/api/v2/json/schedule/league/4690/2026-2027,,AO-UEFA-2605958
TSD-4691-2502976,2502976,AO-DOMESTIC:ROM,Romanian Liga I,ROM,2026-2027,2026/27,2026-08-15 15:30:00+00:00,138930,138192,Csíkszereda Miercurea Ciuc,Sepsi OSK,0,0,0.5,FT,5,THESPORTSDB_PREMIUM_LIVE,https://www.thesportsdb.com/api/v2/json/schedule/league/4691/2026-2027,,
TSD-4339-2527726,2527726,4339,Turkish Super Lig,TUR,2026-2027,2026/27,2026-08-15 16:00:00+00:00,133835,133885,Konyaspor,Rizespor,0,1,0.0,FT,1,THESPORTSDB_PREMIUM_LIVE,https://www.thesportsdb.com/api/v2/json/schedule/league/4339/2026-2027,AO-UEFA-84515,
TSD-4339-2527729,2527729,4339,Turkish Super Lig,TUR,2026-2027,2026/27,2026-08-15 16:00:00+00:00,133834,133796,Kasımpaşa,Trabzonspor,1,1,0.5,FT,1,THESPORTSDB_PREMIUM_LIVE,https://www.thesportsdb.com/api/v2/json/schedule/league/4339/2026-2027,,AO-UEFA-52731
TSD-4672-2488499,2488499,AO-DOMESTIC:SVK,Slovak First Football League,SVK,2026-2027,2026/27,2026-08-15 16:00:00+00:00,AO:AO-UEFA-52797,AO:AO-UEFA-64319,Slovan Bratislava,Ružomberok,5,0,1.0,FT,4,THESPORTSDB_PREMIUM_LIVE,https://www.thesportsdb.com/api/v2/json/schedule/league/4672/2026-2027,AO-UEFA-52797,AO-UEFA-64319
TSD-4672-2488502,2488502,AO-DOMESTIC:SVK,Slovak First Football League,SVK,2026-2027,2026/27,2026-08-15 16:00:00+00:00,146399,AO:AO-UEFA-61601,Dukla Banská Bystrica,Žilina,3,4,0.0,FT,4,THESPORTSDB_PREMIUM_LIVE,https://www.thesportsdb.com/api/v2/json/schedule/league/4672/2026-2027,,AO-UEFA-61601
TSD-4672-2488504,2488504,AO-DOMESTIC:SVK,Slovak First Football League,SVK,2026-2027,2026/27,2026-08-15 16:00:00+00:00,146400,AO:AO-UEFA-2610274,Skalica,Košice,2,4,0.0,FT,4,THESPORTSDB_PREMIUM_LIVE,https://www.thesportsdb.com/api/v2/json/schedule/league/4672/2026-2027,,AO-UEFA-2610274
TSD-4692-2495072,2495072,AO-DOMESTIC:SLO,Slovenian 1. SNL,SLO,2026-2027,2026/27,2026-08-15 16:00:00+00:00,146621,AO:AO-UEFA-59030,Nafta,Celje,1,3,0.0,FT,5,THESPORTSDB_PREMIUM_LIVE,https://www.thesportsdb.com/api/v2/json/schedule/league/4692/2026-2027,,AO-UEFA-59030
TSD-4338-2496701,2496701,4338,Belgian Pro League,BEL,2026-2027,2026/27,2026-08-15 16:15:00+00:00,133783,134245,Kortrijk,Antwerp,0,3,0.0,FT,2,THESPORTSDB_PREMIUM_LIVE,https://www.thesportsdb.com/api/v2/json/schedule/league/4338/2026-2027,,AO-UEFA-50113
TSD-4629-2482532,2482532,AO-DOMESTIC:CRO,Croatian First Football League,CRO,2026-2027,2026/27,2026-08-15 16:30:00+00:00,137797,133989,Istra 1961,Slaven Belupo Koprivnica,3,0,1.0,FT,3,THESPORTSDB_PREMIUM_LIVE,https://www.thesportsdb.com/api/v2/json/schedule/league/4629/2026-2027,,
TSD-4337-2489077,2489077,4337,Dutch Eredivisie,NED,2026-2027,2026/27,2026-08-15 16:45:00+00:00,133764,133767,Utrecht,AZ Alkmaar,1,4,0.0,FT,2,THESPORTSDB_PREMIUM_LIVE,https://www.thesportsdb.com/api/v2/json/schedule/league/4337/2026-2027,AO-UEFA-52323,AO-UEFA-52327
TSD-4693-2546055,2546055,AO-DOMESTIC:AZB,Azerbaijani Premier League,AZB,2026-2027,2026/27,2026-08-15 16:45:00+00:00,140696,138341,Kəpəz,Sabah Baku,2,0,1.0,FT,1,THESPORTSDB_PREMIUM_LIVE,https://www.thesportsdb.com/api/v2/json/schedule/league/4693/2026-2027,,
TSD-4344-2513947,2513947,4344,Portuguese Primeira Liga,POR,2026-2027,2026/27,2026-08-15 17:00:00+00:00,138856,136192,Académico de Viseu,Santa Clara,0,1,0.0,FT,2,THESPORTSDB_PREMIUM_LIVE,https://www.thesportsdb.com/api/v2/json/schedule/league/4344/2026-2027,,AO-UEFA-73927
TSD-4638-2420073,2420073,AO-DOMESTIC:GEO,Georgian Erovnuli Liga,GEO,2026,2026/27,2026-08-15 17:00:00+00:00,AO:AO-UEFA-64471,AO:AO-UEFA-2605905,Torpedo Kutaisi,Iberia 1999,4,3,1.0,FT,21,THESPORTSDB_PREMIUM_LIVE,https://www.thesportsdb.com/api/v2/json/schedule/league/4638/2026,AO-UEFA-64471,AO-UEFA-2605905
TSD-4671-2491225,2491225,AO-DOMESTIC:SRB,Serbian Super Liga,SRB,2026-2027,2026/27,2026-08-15 17:00:00+00:00,137864,137867,Radnik Surdulica,Mačva Šabac,2,1,1.0,FT,5,THESPORTSDB_PREMIUM_LIVE,https://www.thesportsdb.com/api/v2/json/schedule/league/4671/2026-2027,,
TSD-4335-2506176,2506176,4335,Spanish La Liga,ESP,2026-2027,2026/27,2026-08-15 17:30:00+00:00,134221,133731,Deportivo Alavés,Getafe,3,0,1.0,FT,1,THESPORTSDB_PREMIUM_LIVE,https://www.thesportsdb.com/api/v2/json/schedule/league/4335/2026-2027,,AO-UEFA-87960
TSD-4621-2499717,2499717,4621,Austrian Bundesliga,AUT,2026-2027,2026/27,2026-08-15 17:30:00+00:00,137743,137742,Sturm Graz,SCR Altach,1,0,1.0,FT,3,THESPORTSDB_PREMIUM_LIVE,https://www.thesportsdb.com/api/v2/json/schedule/league/4621/2026-2027,AO-UEFA-50111,
TSD-4337-2489078,2489078,4337,Dutch Eredivisie,NED,2026-2027,2026/27,2026-08-15 18:00:00+00:00,133757,133768,Excelsior,PSV Eindhoven,1,2,0.0,FT,2,THESPORTSDB_PREMIUM_LIVE,https://www.thesportsdb.com/api/v2/json/schedule/league/4337/2026-2027,,AO-UEFA-50062
TSD-4631-2497747,2497747,4631,Czech First League,CZE,2026-2027,2026/27,2026-08-15 18:00:00+00:00,134015,137810,Viktoria Plzeň,Zlín,3,2,1.0,FT,4,THESPORTSDB_PREMIUM_LIVE,https://www.thesportsdb.com/api/v2/json/schedule/league/4631/2026-2027,AO-UEFA-64388,
TSD-4422-2490223,2490223,4422,Polish Ekstraklasa,POL,2026-2027,2026/27,2026-08-15 18:15:00+00:00,134489,135298,Widzew Łódź,Korona Kielce,1,2,0.0,FT,4,THESPORTSDB_PREMIUM_LIVE,https://www.thesportsdb.com/api/v2/json/schedule/league/4422/2026-2027,,
TSD-4626-2487298,2487298,AO-DOMESTIC:BUL,Bulgarian First League,BUL,2026-2027,2026/27,2026-08-15 18:15:00+00:00,AO:AO-UEFA-2603104,AO:AO-UEFA-57466,Ludogorets Razgrad,Botev Plovdiv,2,0,1.0,FT,5,THESPORTSDB_PREMIUM_LIVE,https://www.thesportsdb.com/api/v2/json/schedule/league/4626/2026-2027,AO-UEFA-2603104,AO-UEFA-57466
TSD-4692-2495070,2495070,AO-DOMESTIC:SLO,Slovenian 1. SNL,SLO,2026-2027,2026/27,2026-08-15 18:15:00+00:00,AO:AO-UEFA-53081,AO:AO-UEFA-57490,Olimpija Ljubljana,Maribor,1,1,0.5,FT,5,THESPORTSDB_PREMIUM_LIVE,https://www.thesportsdb.com/api/v2/json/schedule/league/4692/2026-2027,AO-UEFA-53081,AO-UEFA-57490
TSD-4339-2527728,2527728,4339,Turkish Super Lig,TUR,2026-2027,2026/27,2026-08-15 18:30:00+00:00,133798,133807,Gençlerbirliği,Fenerbahçe,2,1,1.0,FT,1,THESPORTSDB_PREMIUM_LIVE,https://www.thesportsdb.com/api/v2/json/schedule/league/4339/2026-2027,,AO-UEFA-52692
TSD-4339-2527730,2527730,4339,Turkish Super Lig,TUR,2026-2027,2026/27,2026-08-15 18:30:00+00:00,138092,135676,Gaziantep,Alanyaspor,1,1,0.5,FT,1,THESPORTSDB_PREMIUM_LIVE,https://www.thesportsdb.com/api/v2/json/schedule/league/4339/2026-2027,,AO-UEFA-2607117
TSD-4672-2488501,2488501,AO-DOMESTIC:SVK,Slovak First Football League,SVK,2026-2027,2026/27,2026-08-15 18:30:00+00:00,143920,AO:AO-UEFA-64315,Železiarne Podbrezová,Trenčín,2,1,1.0,FT,4,THESPORTSDB_PREMIUM_LIVE,https://www.thesportsdb.com/api/v2/json/schedule/league/4672/2026-2027,,AO-UEFA-64315
TSD-4691-2502977,2502977,AO-DOMESTIC:ROM,Romanian Liga I,ROM,2026-2027,2026/27,2026-08-15 18:30:00+00:00,134017,134121,Rapid București,Dinamo București,0,1,0.0,FT,5,THESPORTSDB_PREMIUM_LIVE,https://www.thesportsdb.com/api/v2/json/schedule/league/4691/2026-2027,,
TSD-4338-2496702,2496702,4338,Belgian Pro League,BEL,2026-2027,2026/27,2026-08-15 18:45:00+00:00,133775,133789,Oud-Heverlee Leuven,Club Brugge,0,3,0.0,FT,2,THESPORTSDB_PREMIUM_LIVE,https://www.thesportsdb.com/api/v2/json/schedule/league/4338/2026-2027,,AO-UEFA-50043
TSD-4338-2496703,2496703,4338,Belgian Pro League,BEL,2026-2027,2026/27,2026-08-15 18:45:00+00:00,133779,133790,Genk,Westerlo,3,2,1.0,FT,2,THESPORTSDB_PREMIUM_LIVE,https://www.thesportsdb.com/api/v2/json/schedule/league/4338/2026-2027,AO-UEFA-61582,
TSD-4337-2489079,2489079,4337,Dutch Eredivisie,NED,2026-2027,2026/27,2026-08-15 19:00:00+00:00,134264,134303,Fortuna Sittard,Cambuur,3,1,1.0,FT,2,THESPORTSDB_PREMIUM_LIVE,https://www.thesportsdb.com/api/v2/json/schedule/league/4337/2026-2027,,
TSD-4629-2482530,2482530,AO-DOMESTIC:CRO,Croatian First Football League,CRO,2026-2027,2026/27,2026-08-15 19:00:00+00:00,AO:AO-UEFA-53082,AO:AO-UEFA-2600783,Osijek,Lokomotiva Zagreb,1,0,1.0,FT,3,THESPORTSDB_PREMIUM_LIVE,https://www.thesportsdb.com/api/v2/json/schedule/league/4629/2026-2027,AO-UEFA-53082,AO-UEFA-2600783
TSD-4671-2491224,2491224,AO-DOMESTIC:SRB,Serbian Super Liga,SRB,2026-2027,2026/27,2026-08-15 19:00:00+00:00,AO:AO-UEFA-60570,140232,Čukarički,OFK Beograd,2,0,1.0,FT,5,THESPORTSDB_PREMIUM_LIVE,https://www.thesportsdb.com/api/v2/json/schedule/league/4671/2026-2027,AO-UEFA-60570,
TSD-4335-2506172,2506172,4335,Spanish La Liga,ESP,2026-2027,2026/27,2026-08-15 19:30:00+00:00,133735,133728,Sevilla,Rayo Vallecano,2,1,1.0,FT,1,THESPORTSDB_PREMIUM_LIVE,https://www.thesportsdb.com/api/v2/json/schedule/league/4335/2026-2027,AO-UEFA-52714,
TSD-4344-2513945,2513945,4344,Portuguese Primeira Liga,POR,2026-2027,2026/27,2026-08-15 19:30:00+00:00,134107,134114,Rio Ave,Porto,0,2,0.0,FT,2,THESPORTSDB_PREMIUM_LIVE,https://www.thesportsdb.com/api/v2/json/schedule/league/4344/2026-2027,AO-UEFA-64237,AO-UEFA-50064
TSD-4354-2503930,2503930,AO-DOMESTIC:UKR,Ukrainian Premier League,UKR,2026-2027,2026/27,2026-08-16 10:00:00+00:00,146860,134392,LNZ Cherkasy,Chornomorets Odesa,2,0,1.0,FT,3,THESPORTSDB_PREMIUM_LIVE,https://www.thesportsdb.com/api/v2/json/schedule/league/4354/2026-2027,,
TSD-4337-2489080,2489080,4337,Dutch Eredivisie,NED,2026-2027,2026/27,2026-08-16 10:15:00+00:00,133769,133762,ADO Den Haag,Groningen,1,4,0.0,FT,2,THESPORTSDB_PREMIUM_LIVE,https://www.thesportsdb.com/api/v2/json/schedule/league/4337/2026-2027,,
TSD-4338-2496704,2496704,4338,Belgian Pro League,BEL,2026-2027,2026/27,2026-08-16 11:30:00+00:00,133941,133776,Beveren,Anderlecht,1,0,1.0,FT,2,THESPORTSDB_PREMIUM_LIVE,https://www.thesportsdb.com/api/v2/json/schedule/league/4338/2026-2027,,AO-UEFA-50074
TSD-4340-2481809,2481809,4340,Danish Superliga,DEN,2026-2027,2026/27,2026-08-16 12:00:00+00:00,133890,133892,FC Nordsjælland,Silkeborg IF,1,0,1.0,FT,4,THESPORTSDB_PREMIUM_LIVE,https://www.thesportsdb.com/api/v2/json/schedule/league/4340/2026-2027,AO-UEFA-79940,AO-UEFA-52912
TSD-4340-2481810,2481810,4340,Danish Superliga,DEN,2026-2027,2026/27,2026-08-16 12:00:00+00:00,133889,133895,Odense BK,AC Horsens,1,2,0.0,FT,3,THESPORTSDB_PREMIUM_LIVE,https://www.thesportsdb.com/api/v2/json/schedule/league/4340/2026-2027,,
TSD-4347-2398879,2398879,4347,Swedish Allsvenskan,SWE,2026,2026/27,2026-08-16 12:00:00+00:00,134170,135668,Brommapojkarna,Örgryte,3,1,1.0,FT,17,THESPORTSDB_PREMIUM_LIVE,https://www.thesportsdb.com/api/v2/json/schedule/league/4347/2026,,
TSD-4347-2398880,2398880,4347,Swedish Allsvenskan,SWE,2026,2026/27,2026-08-16 12:00:00+00:00,134728,134161,Degerfors,IFK Göteborg,3,0,1.0,FT,17,THESPORTSDB_PREMIUM_LIVE,https://www.thesportsdb.com/api/v2/json/schedule/league/4347/2026,,
TSD-4347-2398881,2398881,4347,Swedish Allsvenskan,SWE,2026,2026/27,2026-08-16 12:00:00+00:00,134162,134011,Djurgården,AIK,1,3,0.0,FT,17,THESPORTSDB_PREMIUM_LIVE,https://www.thesportsdb.com/api/v2/json/schedule/league/4347/2026,AO-UEFA-52809,AO-UEFA-52341
TSD-4649-2440107,2440107,AO-DOMESTIC:KAZ,Kazakhstan Premier League,KAZ,2026,2026/27,2026-08-16 12:00:00+00:00,AO:AO-UEFA-79964,AO:AO-UEFA-79969,Irtysh Pavlodar,Tobol,0,2,0.0,FT,22,THESPORTSDB_PREMIUM_LIVE,https://www.thesportsdb.com/api/v2/json/schedule/league/4649/2026,AO-UEFA-79964,AO-UEFA-79969
TSD-4337-2489081,2489081,4337,Dutch Eredivisie,NED,2026-2027,2026/27,2026-08-16 12:30:00+00:00,133758,134304,Feyenoord,Go Ahead Eagles,2,2,0.5,FT,2,THESPORTSDB_PREMIUM_LIVE,https://www.thesportsdb.com/api/v2/json/schedule/league/4337/2026-2027,AO-UEFA-52749,AO-UEFA-64207
TSD-4337-2489082,2489082,4337,Dutch Eredivisie,NED,2026-2027,2026/27,2026-08-16 12:30:00+00:00,133774,133936,Twente,PEC Zwolle,3,1,1.0,FT,2,THESPORTSDB_PREMIUM_LIVE,https://www.thesportsdb.com/api/v2/json/schedule/league/4337/2026-2027,AO-UEFA-52818,
TSD-4354-2503926,2503926,AO-DOMESTIC:UKR,Ukrainian Premier League,UKR,2026-2027,2026/27,2026-08-16 12:30:00+00:00,134122,AO:AO-UEFA-52707,Kharkiv,Shakhtar Donetsk,0,1,0.0,FT,3,THESPORTSDB_PREMIUM_LIVE,https://www.thesportsdb.com/api/v2/json/schedule/league/4354/2026-2027,,AO-UEFA-52707
TSD-4358-2399128,2399128,4358,Norwegian Eliteserien,NOR,2026,2026/27,2026-08-16 12:30:00+00:00,133998,134574,Aalesund,Vålerenga,5,5,0.5,FT,18,THESPORTSDB_PREMIUM_LIVE,https://www.thesportsdb.com/api/v2/json/schedule/league/4358/2026,,AO-UEFA-52318
TSD-4422-2490224,2490224,4422,Polish Ekstraklasa,POL,2026-2027,2026/27,2026-08-16 12:45:00+00:00,147435,142467,Motor Lublin,GKS Katowice,1,0,1.0,FT,4,THESPORTSDB_PREMIUM_LIVE,https://www.thesportsdb.com/api/v2/json/schedule/league/4422/2026-2027,,
TSD-4631-2519349,2519349,4631,Czech First League,CZE,2026-2027,2026/27,2026-08-16 13:00:00+00:00,136684,141110,Baník Ostrava,Artis Brno,1,0,1.0,FT,4,THESPORTSDB_PREMIUM_LIVE,https://www.thesportsdb.com/api/v2/json/schedule/league/4631/2026-2027,AO-UEFA-51886,
TSD-4649-2440109,2440109,AO-DOMESTIC:KAZ,Kazakhstan Premier League,KAZ,2026,2026/27,2026-08-16 13:00:00+00:00,138037,148411,Caspiy Aktau,Elimai Semey,2,2,0.5,FT,22,THESPORTSDB_PREMIUM_LIVE,https://www.thesportsdb.com/api/v2/json/schedule/league/4649/2026,,
TSD-4338-2496705,2496705,4338,Belgian Pro League,BEL,2026-2027,2026/27,2026-08-16 14:00:00+00:00,148488,133781,RAAL La Louvière,Gent,1,2,0.0,FT,2,THESPORTSDB_PREMIUM_LIVE,https://www.thesportsdb.com/api/v2/json/schedule/league/4338/2026-2027,,AO-UEFA-4608
TSD-4340-2481811,2481811,4340,Danish Superliga,DEN,2026-2027,2026/27,2026-08-16 14:00:00+00:00,133900,133891,Lyngby,FC Midtjylland,1,1,0.5,FT,4,THESPORTSDB_PREMIUM_LIVE,https://www.thesportsdb.com/api/v2/json/schedule/league/4340/2026-2027,,AO-UEFA-75795
TSD-4649-2440110,2440110,AO-DOMESTIC:KAZ,Kazakhstan Premier League,KAZ,2026,2026/27,2026-08-16 14:00:00+00:00,138039,AO:AO-UEFA-2600605,Kyzylzhar Petropavl,Astana,1,1,0.5,FT,22,THESPORTSDB_PREMIUM_LIVE,https://www.thesportsdb.com/api/v2/json/schedule/league/4649/2026,,AO-UEFA-2600605
TSD-4344-2513944,2513944,4344,Portuguese Primeira Liga,POR,2026-2027,2026/27,2026-08-16 14:30:00+00:00,134109,134106,Nacional de Madeira,Estoril Praia,2,0,1.0,FT,2,THESPORTSDB_PREMIUM_LIVE,https://www.thesportsdb.com/api/v2/json/schedule/league/4344/2026-2027,,
TSD-4347-2398885,2398885,4347,Swedish Allsvenskan,SWE,2026,2026/27,2026-08-16 14:30:00+00:00,134002,134731,Kalmar,Hammarby,0,4,0.0,FT,17,THESPORTSDB_PREMIUM_LIVE,https://www.thesportsdb.com/api/v2/json/schedule/league/4347/2026,AO-UEFA-54187,AO-UEFA-52343
TSD-4347-2477933,2477933,4347,Swedish Allsvenskan,SWE,2026,2026/27,2026-08-16 14:30:00+00:00,134725,134166,GAIS,Malmö,0,1,0.0,FT,17,THESPORTSDB_PREMIUM_LIVE,https://www.thesportsdb.com/api/v2/json/schedule/league/4347/2026,,AO-UEFA-50152
TSD-4690-2498340,2498340,AO-DOMESTIC:HUN,Hungarian NB I,HUN,2026-2027,2026/27,2026-08-16 14:30:00+00:00,AO:AO-UEFA-52958,AO:AO-UEFA-52287,Debrecen,Győri ETO,1,1,0.5,FT,4,THESPORTSDB_PREMIUM_LIVE,https://www.thesportsdb.com/api/v2/json/schedule/league/4690/2026-2027,AO-UEFA-52958,AO-UEFA-52287
TSD-4337-2489083,2489083,4337,Dutch Eredivisie,NED,2026-2027,2026/27,2026-08-16 14:45:00+00:00,133772,133759,Ajax,Heerenveen,2,2,0.5,FT,2,THESPORTSDB_PREMIUM_LIVE,https://www.thesportsdb.com/api/v2/json/schedule/league/4337/2026-2027,AO-UEFA-50143,
TSD-4335-2506178,2506178,4335,Spanish La Liga,ESP,2026-2027,2026/27,2026-08-16 15:00:00+00:00,133726,133740,Racing de Santander,Villarreal,2,2,0.5,FT,1,THESPORTSDB_PREMIUM_LIVE,https://www.thesportsdb.com/api/v2/json/schedule/league/4335/2026-2027,,AO-UEFA-70691
TSD-4354-2503924,2503924,AO-DOMESTIC:UKR,Ukrainian Premier League,UKR,2026-2027,2026/27,2026-08-16 15:00:00+00:00,AO:AO-UEFA-52723,AO:AO-UEFA-2609189,Dynamo Kyiv,Kolos Kovalivka,2,1,1.0,FT,3,THESPORTSDB_PREMIUM_LIVE,https://www.thesportsdb.com/api/v2/json/schedule/league/4354/2026-2027,AO-UEFA-52723,AO-UEFA-2609189
TSD-4358-2399129,2399129,4358,Norwegian Eliteserien,NOR,2026,2026/27,2026-08-16 15:00:00+00:00,134571,134753,Brann,Hamarkameratene,3,0,1.0,FT,18,THESPORTSDB_PREMIUM_LIVE,https://www.thesportsdb.com/api/v2/json/schedule/league/4358/2026,AO-UEFA-52770,
TSD-4358-2399132,2399132,4358,Norwegian Eliteserien,NOR,2026,2026/27,2026-08-16 15:00:00+00:00,133958,133997,Molde,Tromsø,3,2,1.0,FT,18,THESPORTSDB_PREMIUM_LIVE,https://www.thesportsdb.com/api/v2/json/schedule/league/4358/2026,AO-UEFA-50142,
TSD-4358-2399134,2399134,4358,Norwegian Eliteserien,NOR,2026,2026/27,2026-08-16 15:00:00+00:00,134566,135715,Sarpsborg 08,Sandefjord,1,2,0.0,FT,18,THESPORTSDB_PREMIUM_LIVE,https://www.thesportsdb.com/api/v2/json/schedule/league/4358/2026,AO-UEFA-2604486,
TSD-4621-2499718,2499718,4621,Austrian Bundesliga,AUT,2026-2027,2026/27,2026-08-16 15:00:00+00:00,137805,134390,TSV Hartberg,Austria Vienna,0,2,0.0,FT,3,THESPORTSDB_PREMIUM_LIVE,https://www.thesportsdb.com/api/v2/json/schedule/league/4621/2026-2027,AO-UEFA-2601074,
TSD-4621-2499719,2499719,4621,Austrian Bundesliga,AUT,2026-2027,2026/27,2026-08-16 15:00:00+00:00,137807,133970,WSG Tirol,Red Bull Salzburg,0,3,0.0,FT,3,THESPORTSDB_PREMIUM_LIVE,https://www.thesportsdb.com/api/v2/json/schedule/league/4621/2026-2027,,AO-UEFA-50030
TSD-4638-2420069,2420069,AO-DOMESTIC:GEO,Georgian Erovnuli Liga,GEO,2026,2026/27,2026-08-16 15:00:00+00:00,AO:AO-UEFA-64467,150495,Dila Gori,Meshakhte Tkibuli,3,1,1.0,FT,21,THESPORTSDB_PREMIUM_LIVE,https://www.thesportsdb.com/api/v2/json/schedule/league/4638/2026,AO-UEFA-64467,
TSD-4649-2440106,2440106,AO-DOMESTIC:KAZ,Kazakhstan Premier League,KAZ,2026,2026/27,2026-08-16 15:00:00+00:00,140521,138040,Atyrau,Okzhetpes Kokshetau,0,2,0.0,FT,22,THESPORTSDB_PREMIUM_LIVE,https://www.thesportsdb.com/api/v2/json/schedule/league/4649/2026,,
TSD-4672-2488500,2488500,AO-DOMESTIC:SVK,Slovak First Football League,SVK,2026-2027,2026/27,2026-08-16 15:00:00+00:00,AO:AO-UEFA-52904,137874,Spartak Trnava,Zemplín Michalovce,2,0,1.0,FT,4,THESPORTSDB_PREMIUM_LIVE,https://www.thesportsdb.com/api/v2/json/schedule/league/4672/2026-2027,AO-UEFA-52904,
TSD-4693-2546057,2546057,AO-DOMESTIC:AZB,Azerbaijani Premier League,AZB,2026-2027,2026/27,2026-08-16 15:00:00+00:00,AO:AO-UEFA-2603921,138337,Sumqayıt,Neftçi PFK,1,3,0.0,FT,1,THESPORTSDB_PREMIUM_LIVE,https://www.thesportsdb.com/api/v2/json/schedule/league/4693/2026-2027,AO-UEFA-2603921,
TSD-4422-2490222,2490222,4422,Polish Ekstraklasa,POL,2026-2027,2026/27,2026-08-16 15:30:00+00:00,135294,137670,Cracovia,Raków Częstochowa,2,1,1.0,FT,4,THESPORTSDB_PREMIUM_LIVE,https://www.thesportsdb.com/api/v2/json/schedule/league/4422/2026-2027,AO-UEFA-88133,AO-UEFA-60566
TSD-4690-2498339,2498339,AO-DOMESTIC:HUN,Hungarian NB I,HUN,2026-2027,2026/27,2026-08-16 15:30:00+00:00,AO:AO-UEFA-2605472,138185,Puskás Akadémia,Paks,3,2,1.0,FT,4,THESPORTSDB_PREMIUM_LIVE,https://www.thesportsdb.com/api/v2/json/schedule/league/4690/2026-2027,AO-UEFA-2605472,
TSD-4691-2502978,2502978,AO-DOMESTIC:ROM,Romanian Liga I,ROM,2026-2027,2026/27,2026-08-16 15:30:00+00:00,135929,AO:AO-UEFA-2606501,Oțelul Galați,Universitatea Craiova,1,1,0.5,FT,5,THESPORTSDB_PREMIUM_LIVE,https://www.thesportsdb.com/api/v2/json/schedule/league/4691/2026-2027,,AO-UEFA-2606501
TSD-4692-2495073,2495073,AO-DOMESTIC:SLO,Slovenian 1. SNL,SLO,2026-2027,2026/27,2026-08-16 15:30:00+00:00,142322,138213,Radomlje,Aluminij,1,3,0.0,FT,5,THESPORTSDB_PREMIUM_LIVE,https://www.thesportsdb.com/api/v2/json/schedule/league/4692/2026-2027,,
TSD-4651-2478367,2478367,AO-DOMESTIC:LIT,Lithuanian A Lyga,LIT,2026,2026/27,2026-08-16 15:45:00+00:00,AO:AO-UEFA-2605907,AO:AO-UEFA-2613214,Kauno Žalgiris,TransINVEST Vilnius,1,1,0.5,FT,27,THESPORTSDB_PREMIUM_LIVE,https://www.thesportsdb.com/api/v2/json/schedule/league/4651/2026,AO-UEFA-2605907,AO-UEFA-2613214
TSD-4339-2527725,2527725,4339,Turkish Super Lig,TUR,2026-2027,2026/27,2026-08-16 16:00:00+00:00,134589,133870,İstanbul Başakşehir,Kocaelispor,2,0,1.0,FT,1,THESPORTSDB_PREMIUM_LIVE,https://www.thesportsdb.com/api/v2/json/schedule/league/4339/2026-2027,AO-UEFA-2600288,
TSD-4340-2481812,2481812,4340,Danish Superliga,DEN,2026-2027,2026/27,2026-08-16 16:00:00+00:00,133938,133898,Randers FC,FC Copenhagen,0,4,0.0,FT,4,THESPORTSDB_PREMIUM_LIVE,https://www.thesportsdb.com/api/v2/json/schedule/league/4340/2026-2027,AO-UEFA-64146,AO-UEFA-52709
TSD-4626-2487299,2487299,AO-DOMESTIC:BUL,Bulgarian First League,BUL,2026-2027,2026/27,2026-08-16 16:00:00+00:00,AO:AO-UEFA-2608297,137920,CSKA Sofia,Botev Vratsa,5,0,1.0,FT,5,THESPORTSDB_PREMIUM_LIVE,https://www.thesportsdb.com/api/v2/json/schedule/league/4626/2026-2027,AO-UEFA-2608297,
TSD-4692-2495074,2495074,AO-DOMESTIC:SLO,Slovenian 1. SNL,SLO,2026-2027,2026/27,2026-08-16 16:00:00+00:00,146615,AO:AO-UEFA-2607561,Brinje-Grosuplje,Mura,1,2,0.0,FT,5,THESPORTSDB_PREMIUM_LIVE,https://www.thesportsdb.com/api/v2/json/schedule/league/4692/2026-2027,,AO-UEFA-2607561
TSD-4338-2496706,2496706,4338,Belgian Pro League,BEL,2026-2027,2026/27,2026-08-16 16:30:00+00:00,133787,133778,Mechelen,Standard Liège,3,3,0.5,FT,2,THESPORTSDB_PREMIUM_LIVE,https://www.thesportsdb.com/api/v2/json/schedule/league/4338/2026-2027,,
TSD-4629-2482534,2482534,AO-DOMESTIC:CRO,Croatian First Football League,CRO,2026-2027,2026/27,2026-08-16 16:30:00+00:00,AO:AO-UEFA-60514,AO:AO-UEFA-52356,Varaždin,Rijeka,2,0,1.0,FT,3,THESPORTSDB_PREMIUM_LIVE,https://www.thesportsdb.com/api/v2/json/schedule/league/4629/2026-2027,AO-UEFA-60514,AO-UEFA-52356
TSD-4651-2478368,2478368,AO-DOMESTIC:LIT,Lithuanian A Lyga,LIT,2026,2026/27,2026-08-16 16:30:00+00:00,AO:AO-UEFA-2602334,AO:AO-UEFA-64348,Žalgiris Vilnius,Banga Gargždai,2,3,0.0,FT,27,THESPORTSDB_PREMIUM_LIVE,https://www.thesportsdb.com/api/v2/json/schedule/league/4651/2026,AO-UEFA-2602334,AO-UEFA-64348
TSD-4335-2506174,2506174,4335,Spanish La Liga,ESP,2026-2027,2026/27,2026-08-16 17:00:00+00:00,133734,133732,Espanyol,Levante,3,0,1.0,FT,1,THESPORTSDB_PREMIUM_LIVE,https://www.thesportsdb.com/api/v2/json/schedule/league/4335/2026-2027,AO-UEFA-54189,
TSD-4344-2513948,2513948,4344,Portuguese Primeira Liga,POR,2026-2027,2026/27,2026-08-16 17:00:00+00:00,134387,134112,Arouca,Moreirense,4,0,1.0,FT,2,THESPORTSDB_PREMIUM_LIVE,https://www.thesportsdb.com/api/v2/json/schedule/league/4344/2026-2027,AO-UEFA-2602955,
TSD-4621-2499720,2499720,4621,Austrian Bundesliga,AUT,2026-2027,2026/27,2026-08-16 17:00:00+00:00,134021,139415,Rapid Vienna,Grazer AK,8,0,1.0,FT,3,THESPORTSDB_PREMIUM_LIVE,https://www.thesportsdb.com/api/v2/json/schedule/league/4621/2026-2027,,
TSD-4638-2420072,2420072,AO-DOMESTIC:GEO,Georgian Erovnuli Liga,GEO,2026,2026/27,2026-08-16 17:00:00+00:00,140523,AO:AO-UEFA-59885,Samgurali Tskhaltubo,Dinamo Batumi,0,4,0.0,FT,21,THESPORTSDB_PREMIUM_LIVE,https://www.thesportsdb.com/api/v2/json/schedule/league/4638/2026,,AO-UEFA-59885
TSD-4671-2491226,2491226,AO-DOMESTIC:SRB,Serbian Super Liga,SRB,2026-2027,2026/27,2026-08-16 17:00:00+00:00,141832,AO:AO-UEFA-52734,IMT Novi Beograd,Radnički Niš,0,0,0.5,FT,5,THESPORTSDB_PREMIUM_LIVE,https://www.thesportsdb.com/api/v2/json/schedule/league/4671/2026-2027,,AO-UEFA-52734
TSD-4672-2488503,2488503,AO-DOMESTIC:SVK,Slovak First Football League,SVK,2026-2027,2026/27,2026-08-16 17:00:00+00:00,146626,137869,Komárno,DAC 1904 Dunajská Streda,0,3,0.0,FT,4,THESPORTSDB_PREMIUM_LIVE,https://www.thesportsdb.com/api/v2/json/schedule/league/4672/2026-2027,,
TSD-4693-2546053,2546053,AO-DOMESTIC:AZB,Azerbaijani Premier League,AZB,2026-2027,2026/27,2026-08-16 17:00:00+00:00,138340,150689,Zirə,Şəfa,2,0,1.0,FT,1,THESPORTSDB_PREMIUM_LIVE,https://www.thesportsdb.com/api/v2/json/schedule/league/4693/2026-2027,,
TSD-4338-2496707,2496707,4338,Belgian Pro League,BEL,2026-2027,2026/27,2026-08-16 17:15:00+00:00,138143,133826,Lommel,Charleroi,0,1,0.0,FT,2,THESPORTSDB_PREMIUM_LIVE,https://www.thesportsdb.com/api/v2/json/schedule/league/4338/2026-2027,,AO-UEFA-52886
TSD-4358-2399130,2399130,4358,Norwegian Eliteserien,NOR,2026,2026/27,2026-08-16 17:15:00+00:00,134749,134754,Fredrikstad,Kristiansund,1,0,1.0,FT,18,THESPORTSDB_PREMIUM_LIVE,https://www.thesportsdb.com/api/v2/json/schedule/league/4358/2026,AO-UEFA-64211,
TSD-4631-2497749,2497749,4631,Czech First League,CZE,2026-2027,2026/27,2026-08-16 18:00:00+00:00,133954,136036,Slovan Liberec,Slavia Prague,1,1,0.5,FT,4,THESPORTSDB_PREMIUM_LIVE,https://www.thesportsdb.com/api/v2/json/schedule/league/4631/2026-2027,AO-UEFA-64385,AO-UEFA-52498
TSD-4422-2490218,2490218,4422,Polish Ekstraklasa,POL,2026-2027,2026/27,2026-08-16 18:15:00+00:00,135296,135303,Górnik Zabrze,Wisła Kraków,2,1,1.0,FT,4,THESPORTSDB_PREMIUM_LIVE,https://www.thesportsdb.com/api/v2/json/schedule/league/4422/2026-2027,AO-UEFA-50063,AO-UEFA-52651
TSD-4626-2487301,2487301,AO-DOMESTIC:BUL,Bulgarian First League,BUL,2026-2027,2026/27,2026-08-16 18:15:00+00:00,AO:AO-UEFA-52369,137918,Lokomotiv Plovdiv,Dunav Ruse,1,2,0.0,FT,5,THESPORTSDB_PREMIUM_LIVE,https://www.thesportsdb.com/api/v2/json/schedule/league/4626/2026-2027,AO-UEFA-52369,
TSD-4692-2495071,2495071,AO-DOMESTIC:SLO,Slovenian 1. SNL,SLO,2026-2027,2026/27,2026-08-16 18:15:00+00:00,AO:AO-UEFA-69617,AO:AO-UEFA-2607248,Koper,Bravo,0,0,0.5,FT,5,THESPORTSDB_PREMIUM_LIVE,https://www.thesportsdb.com/api/v2/json/schedule/league/4692/2026-2027,AO-UEFA-69617,AO-UEFA-2607248
TSD-4339-2527724,2527724,4339,Turkish Super Lig,TUR,2026-2027,2026/27,2026-08-16 18:30:00+00:00,133794,138977,Beşiktaş,Eyüpspor,1,0,1.0,FT,1,THESPORTSDB_PREMIUM_LIVE,https://www.thesportsdb.com/api/v2/json/schedule/league/4339/2026-2027,AO-UEFA-50157,
TSD-4339-2527731,2527731,4339,Turkish Super Lig,TUR,2026-2027,2026/27,2026-08-16 18:30:00+00:00,138959,134272,Amed,Erzurumspor,3,0,1.0,FT,1,THESPORTSDB_PREMIUM_LIVE,https://www.thesportsdb.com/api/v2/json/schedule/league/4339/2026-2027,,
TSD-4691-2502979,2502979,AO-DOMESTIC:ROM,Romanian Liga I,ROM,2026-2027,2026/27,2026-08-16 18:30:00+00:00,147629,AO:AO-UEFA-88131,Corvinul Hunedoara,CFR Cluj,3,0,1.0,FT,5,THESPORTSDB_PREMIUM_LIVE,https://www.thesportsdb.com/api/v2/json/schedule/league/4691/2026-2027,,AO-UEFA-88131
TSD-4629-2482533,2482533,AO-DOMESTIC:CRO,Croatian First Football League,CRO,2026-2027,2026/27,2026-08-16 19:00:00+00:00,137794,AO:AO-UEFA-52359,HNK Gorica,Hajduk Split,1,2,0.0,FT,3,THESPORTSDB_PREMIUM_LIVE,https://www.thesportsdb.com/api/v2/json/schedule/league/4629/2026-2027,,AO-UEFA-52359
TSD-4671-2491221,2491221,AO-DOMESTIC:SRB,Serbian Super Liga,SRB,2026-2027,2026/27,2026-08-16 19:00:00+00:00,AO:AO-UEFA-50162,AO:AO-UEFA-64289,Partizan Belgrade,Radnički 1923,0,1,0.0,FT,5,THESPORTSDB_PREMIUM_LIVE,https://www.thesportsdb.com/api/v2/json/schedule/league/4671/2026-2027,AO-UEFA-50162,AO-UEFA-64289
TSD-4671-2491222,2491222,AO-DOMESTIC:SRB,Serbian Super Liga,SRB,2026-2027,2026/27,2026-08-16 19:00:00+00:00,143870,137860,Zemun,Mladost Lučani,0,1,0.0,FT,5,THESPORTSDB_PREMIUM_LIVE,https://www.thesportsdb.com/api/v2/json/schedule/league/4671/2026-2027,,
TSD-4344-2513949,2513949,4344,Portuguese Primeira Liga,POR,2026-2027,2026/27,2026-08-16 19:30:00+00:00,136854,134023,Famalicao,Marítimo,1,2,0.0,FT,2,THESPORTSDB_PREMIUM_LIVE,https://www.thesportsdb.com/api/v2/json/schedule/league/4344/2026-2027,,
TSD-4354-2503928,2503928,AO-DOMESTIC:UKR,Ukrainian Premier League,UKR,2026-2027,2026/27,2026-08-17 15:00:00+00:00,AO:AO-UEFA-2613172,AO:AO-UEFA-65130,Polissya Zhytomyr,Zorya Luhansk,1,2,0.0,FT,3,THESPORTSDB_PREMIUM_LIVE,https://www.thesportsdb.com/api/v2/json/schedule/league/4354/2026-2027,AO-UEFA-2613172,AO-UEFA-65130
TSD-4651-2478369,2478369,AO-DOMESTIC:LIT,Lithuanian A Lyga,LIT,2026,2026/27,2026-08-17 15:00:00+00:00,AO:AO-UEFA-77906,AO:AO-UEFA-2608927,Šiauliai,Panevėžys,1,0,1.0,FT,27,THESPORTSDB_PREMIUM_LIVE,https://www.thesportsdb.com/api/v2/json/schedule/league/4651/2026,AO-UEFA-77906,AO-UEFA-2608927
TSD-4690-2498342,2498342,AO-DOMESTIC:HUN,Hungarian NB I,HUN,2026-2027,2026/27,2026-08-17 15:30:00+00:00,138186,AO:AO-UEFA-52298,Zalaegerszeg,Ferencváros,0,1,0.0,FT,4,THESPORTSDB_PREMIUM_LIVE,https://www.thesportsdb.com/api/v2/json/schedule/league/4690/2026-2027,,AO-UEFA-52298
TSD-4691-2502975,2502975,AO-DOMESTIC:ROM,Romanian Liga I,ROM,2026-2027,2026/27,2026-08-17 15:30:00+00:00,AO:AO-UEFA-53025,138924,Universitatea Cluj,UTA Arad,2,1,1.0,FT,5,THESPORTSDB_PREMIUM_LIVE,https://www.thesportsdb.com/api/v2/json/schedule/league/4691/2026-2027,AO-UEFA-53025,
TSD-4693-2546054,2546054,AO-DOMESTIC:AZB,Azerbaijani Premier League,AZB,2026-2027,2026/27,2026-08-17 15:30:00+00:00,AO:AO-UEFA-74072,AO:AO-UEFA-60609,Şamaxı,Qarabağ,3,1,1.0,FT,1,THESPORTSDB_PREMIUM_LIVE,https://www.thesportsdb.com/api/v2/json/schedule/league/4693/2026-2027,AO-UEFA-74072,AO-UEFA-60609
TSD-4651-2478370,2478370,AO-DOMESTIC:LIT,Lithuanian A Lyga,LIT,2026,2026/27,2026-08-17 15:45:00+00:00,137990,AO:AO-UEFA-79557,Džiugas Telšiai,Sūduva,0,2,0.0,FT,27,THESPORTSDB_PREMIUM_LIVE,https://www.thesportsdb.com/api/v2/json/schedule/league/4651/2026,,AO-UEFA-79557
TSD-4619-2523497,2523497,AO-DOMESTIC:ARM,Armenian Premier League,ARM,2026-2027,2026/27,2026-08-17 16:00:00+00:00,AO:AO-UEFA-2609987,AO:AO-UEFA-2605268,Noah,Alashkert,1,0,1.0,FT,3,THESPORTSDB_PREMIUM_LIVE,https://www.thesportsdb.com/api/v2/json/schedule/league/4619/2026-2027,AO-UEFA-2609987,AO-UEFA-2605268
TSD-4626-2487304,2487304,AO-DOMESTIC:BUL,Bulgarian First League,BUL,2026-2027,2026/27,2026-08-17 16:00:00+00:00,142832,140036,Spartak Varna,Septemvri Sofia,0,1,0.0,FT,5,THESPORTSDB_PREMIUM_LIVE,https://www.thesportsdb.com/api/v2/json/schedule/league/4626/2026-2027,,
TSD-4638-2420071,2420071,AO-DOMESTIC:GEO,Georgian Erovnuli Liga,GEO,2026,2026/27,2026-08-17 16:00:00+00:00,AO:AO-UEFA-2600544,AO:AO-UEFA-2611621,Gagra,Spaeri,1,1,0.5,FT,21,THESPORTSDB_PREMIUM_LIVE,https://www.thesportsdb.com/api/v2/json/schedule/league/4638/2026,AO-UEFA-2600544,AO-UEFA-2611621
TSD-4340-2481813,2481813,4340,Danish Superliga,DEN,2026-2027,2026/27,2026-08-17 17:00:00+00:00,133893,133897,Brøndby,Sønderjyske,3,2,1.0,FT,4,THESPORTSDB_PREMIUM_LIVE,https://www.thesportsdb.com/api/v2/json/schedule/league/4340/2026-2027,AO-UEFA-50021,AO-UEFA-89694
TSD-4347-2477934,2477934,4347,Swedish Allsvenskan,SWE,2026,2026/27,2026-08-17 17:00:00+00:00,134160,134167,Häcken,Halmstad,1,0,1.0,FT,17,THESPORTSDB_PREMIUM_LIVE,https://www.thesportsdb.com/api/v2/json/schedule/league/4347/2026,AO-UEFA-69621,
TSD-4671-2491223,2491223,AO-DOMESTIC:SRB,Serbian Super Liga,SRB,2026-2027,2026/27,2026-08-17 18:00:00+00:00,AO:AO-UEFA-2601090,AO:AO-UEFA-52810,Novi Pazar,Vojvodina,2,0,1.0,FT,5,THESPORTSDB_PREMIUM_LIVE,https://www.thesportsdb.com/api/v2/json/schedule/league/4671/2026-2027,AO-UEFA-2601090,AO-UEFA-52810
TSD-4626-2487303,2487303,AO-DOMESTIC:BUL,Bulgarian First League,BUL,2026-2027,2026/27,2026-08-17 18:15:00+00:00,AO:AO-UEFA-2610060,140769,Arda Kardzhali,Lokomotiv Sofia,3,1,1.0,FT,5,THESPORTSDB_PREMIUM_LIVE,https://www.thesportsdb.com/api/v2/json/schedule/league/4626/2026-2027,AO-UEFA-2610060,
TSD-4339-2527732,2527732,4339,Turkish Super Lig,TUR,2026-2027,2026/27,2026-08-17 18:30:00+00:00,133797,135891,Samsunspor,Göztepe,3,3,0.5,FT,1,THESPORTSDB_PREMIUM_LIVE,https://www.thesportsdb.com/api/v2/json/schedule/league/4339/2026-2027,AO-UEFA-53060,
TSD-4691-2502972,2502972,AO-DOMESTIC:ROM,Romanian Liga I,ROM,2026-2027,2026/27,2026-08-17 18:30:00+00:00,AO:AO-UEFA-50065,AO:AO-UEFA-2605104,FCSB,Botoșani,3,2,1.0,FT,5,THESPORTSDB_PREMIUM_LIVE,https://www.thesportsdb.com/api/v2/json/schedule/league/4691/2026-2027,AO-UEFA-50065,AO-UEFA-2605104
TSD-4335-2506177,2506177,4335,Spanish La Liga,ESP,2026-2027,2026/27,2026-08-17 19:00:00+00:00,133816,134384,Deportivo de A Coruña,Elche,1,1,0.5,FT,1,THESPORTSDB_PREMIUM_LIVE,https://www.thesportsdb.com/api/v2/json/schedule/league/4335/2026-2027,,
TSD-4344-2513950,2513950,4344,Portuguese Primeira Liga,POR,2026-2027,2026/27,2026-08-17 19:15:00+00:00,138864,134108,Casa Pia,Benfica,0,7,0.0,FT,2,THESPORTSDB_PREMIUM_LIVE,https://www.thesportsdb.com/api/v2/json/schedule/league/4344/2026-2027,,AO-UEFA-50147
TSD-4335-2506170,2506170,4335,Spanish La Liga,ESP,2026-2027,2026/27,2026-08-19 19:00:00+00:00,133729,133736,Atlético Madrid,Málaga,2,0,1.0,FT,1,THESPORTSDB_PREMIUM_LIVE,https://www.thesportsdb.com/api/v2/json/schedule/league/4335/2026-2027,AO-UEFA-50124,
TSD-4619-2523506,2523506,AO-DOMESTIC:ARM,Armenian Premier League,ARM,2026-2027,2026/27,2026-08-20 12:00:00+00:00,147563,140092,Syunik,Van,1,1,0.5,FT,4,THESPORTSDB_PREMIUM_LIVE,https://www.thesportsdb.com/api/v2/json/schedule/league/4619/2026-2027,,
TSD-4335-2506187,2506187,4335,Spanish La Liga,ESP,2026-2027,2026/27,2026-08-20 19:00:00+00:00,133728,134221,Rayo Vallecano,Deportivo Alavés,1,1,0.5,FT,2,THESPORTSDB_PREMIUM_LIVE,https://www.thesportsdb.com/api/v2/json/schedule/league/4335/2026-2027,,
TSD-4638-2420076,2420076,AO-DOMESTIC:GEO,Georgian Erovnuli Liga,GEO,2026,2026/27,2026-08-21 13:00:00+00:00,150495,AO:AO-UEFA-59885,Meshakhte Tkibuli,Dinamo Batumi,0,1,0.0,FT,22,THESPORTSDB_PREMIUM_LIVE,https://www.thesportsdb.com/api/v2/json/schedule/league/4638/2026,,AO-UEFA-59885
TSD-4619-2523502,2523502,AO-DOMESTIC:ARM,Armenian Premier League,ARM,2026-2027,2026/27,2026-08-21 15:00:00+00:00,AO:AO-UEFA-59318,AO:AO-UEFA-77431,Ararat Yerevan,Pyunik Yerevan,0,2,0.0,FT,4,THESPORTSDB_PREMIUM_LIVE,https://www.thesportsdb.com/api/v2/json/schedule/league/4619/2026-2027,AO-UEFA-59318,AO-UEFA-77431
TSD-4690-2498345,2498345,AO-DOMESTIC:HUN,Hungarian NB I,HUN,2026-2027,2026/27,2026-08-21 15:30:00+00:00,138185,AO:AO-UEFA-50132,Paks,Újpest,2,0,1.0,FT,5,THESPORTSDB_PREMIUM_LIVE,https://www.thesportsdb.com/api/v2/json/schedule/league/4690/2026-2027,,AO-UEFA-50132
TSD-4692-2495078,2495078,AO-DOMESTIC:SLO,Slovenian 1. SNL,SLO,2026-2027,2026/27,2026-08-21 15:30:00+00:00,138213,146615,Aluminij,Brinje-Grosuplje,4,2,1.0,FT,6,THESPORTSDB_PREMIUM_LIVE,https://www.thesportsdb.com/api/v2/json/schedule/league/4692/2026-2027,,
TSD-4347-2477936,2477936,4347,Swedish Allsvenskan,SWE,2026,2026/27,2026-08-21 17:00:00+00:00,134724,134160,Sirius,Häcken,0,3,0.0,FT,18,THESPORTSDB_PREMIUM_LIVE,https://www.thesportsdb.com/api/v2/json/schedule/league/4347/2026,,AO-UEFA-69621
TSD-4619-2523501,2523501,AO-DOMESTIC:ARM,Armenian Premier League,ARM,2026-2027,2026/27,2026-08-21 17:00:00+00:00,AO:AO-UEFA-2605268,AO:AO-UEFA-92219,Alashkert,Gandzasar,3,0,1.0,FT,4,THESPORTSDB_PREMIUM_LIVE,https://www.thesportsdb.com/api/v2/json/schedule/league/4619/2026-2027,AO-UEFA-2605268,AO-UEFA-92219
TSD-4621-2499721,2499721,4621,Austrian Bundesliga,AUT,2026-2027,2026/27,2026-08-21 17:30:00+00:00,133993,139415,SV Ried,Grazer AK,1,0,1.0,FT,4,THESPORTSDB_PREMIUM_LIVE,https://www.thesportsdb.com/api/v2/json/schedule/league/4621/2026-2027,,
TSD-4691-2502986,2502986,AO-DOMESTIC:ROM,Romanian Liga I,ROM,2026-2027,2026/27,2026-08-21 17:30:00+00:00,134398,134017,Petrolul Ploiești,Rapid București,0,2,0.0,FT,6,THESPORTSDB_PREMIUM_LIVE,https://www.thesportsdb.com/api/v2/json/schedule/league/4691/2026-2027,,
TSD-4629-2482539,2482539,AO-DOMESTIC:CRO,Croatian First Football League,CRO,2026-2027,2026/27,2026-08-21 18:00:00+00:00,141086,AO:AO-UEFA-2600783,Rudeš,Lokomotiva Zagreb,4,1,1.0,FT,4,THESPORTSDB_PREMIUM_LIVE,https://www.thesportsdb.com/api/v2/json/schedule/league/4629/2026-2027,,AO-UEFA-2600783
TSD-4626-2487307,2487307,AO-DOMESTIC:BUL,Bulgarian First League,BUL,2026-2027,2026/27,2026-08-21 18:15:00+00:00,AO:AO-UEFA-75787,137918,Cherno More,Dunav Ruse,3,1,1.0,FT,6,THESPORTSDB_PREMIUM_LIVE,https://www.thesportsdb.com/api/v2/json/schedule/league/4626/2026-2027,AO-UEFA-75787,
TSD-4692-2495076,2495076,AO-DOMESTIC:SLO,Slovenian 1. SNL,SLO,2026-2027,2026/27,2026-08-21 18:15:00+00:00,AO:AO-UEFA-53081,146621,Olimpija Ljubljana,Nafta,1,0,1.0,FT,6,THESPORTSDB_PREMIUM_LIVE,https://www.thesportsdb.com/api/v2/json/schedule/league/4692/2026-2027,AO-UEFA-53081,
TSD-4339-2527738,2527738,4339,Turkish Super Lig,TUR,2026-2027,2026/27,2026-08-21 18:30:00+00:00,134272,133804,Erzurumspor,Galatasaray,0,4,0.0,FT,2,THESPORTSDB_PREMIUM_LIVE,https://www.thesportsdb.com/api/v2/json/schedule/league/4339/2026-2027,,AO-UEFA-50067
TSD-4422-2490230,2490230,4422,Polish Ekstraklasa,POL,2026-2027,2026/27,2026-08-21 18:30:00+00:00,135294,152462,Cracovia,Wieczysta Kraków,3,2,1.0,FT,5,THESPORTSDB_PREMIUM_LIVE,https://www.thesportsdb.com/api/v2/json/schedule/league/4422/2026-2027,AO-UEFA-88133,
TSD-4334-2489463,2489463,4334,French Ligue 1,FRA,2026-2027,2026/27,2026-08-21 18:45:00+00:00,133707,133882,Marseille,Strasbourg,4,0,1.0,FT,1,THESPORTSDB_PREMIUM_LIVE,https://www.thesportsdb.com/api/v2/json/schedule/league/4334/2026-2027,AO-UEFA-52748,AO-UEFA-59857
TSD-4338-2496708,2496708,4338,Belgian Pro League,BEL,2026-2027,2026/27,2026-08-21 18:45:00+00:00,133778,148488,Standard Liège,RAAL La Louvière,2,0,1.0,FT,3,THESPORTSDB_PREMIUM_LIVE,https://www.thesportsdb.com/api/v2/json/schedule/league/4338/2026-2027,,
TSD-4328-2494000,2494000,4328,English Premier League,ENG,2026-2027,2026/27,2026-08-21 19:00:00+00:00,133604,133625,Arsenal,Coventry City,3,0,1.0,FT,1,THESPORTSDB_PREMIUM_LIVE,https://www.thesportsdb.com/api/v2/json/schedule/league/4328/2026-2027,AO-UEFA-52280,
TSD-4335-2506184,2506184,4335,Spanish La Liga,ESP,2026-2027,2026/27,2026-08-21 19:00:00+00:00,133722,133724,Real Betis,Real Sociedad,1,0,1.0,FT,2,THESPORTSDB_PREMIUM_LIVE,https://www.thesportsdb.com/api/v2/json/schedule/league/4335/2026-2027,AO-UEFA-52265,AO-UEFA-50123
TSD-4617-2533262,2533262,AO-DOMESTIC:ALB,Albanian Superliga,ALB,2026-2027,2026/27,2026-08-21 19:00:00+00:00,137800,133977,Vllaznia Shkodër,Skënderbeu Korçë,2,2,0.5,FT,1,THESPORTSDB_PREMIUM_LIVE,https://www.thesportsdb.com/api/v2/json/schedule/league/4617/2026-2027,,
TSD-4328-2494001,2494001,4328,English Premier League,ENG,2026-2027,2026/27,2026-08-22 11:30:00+00:00,133617,133612,Hull City,Manchester United,2,0,1.0,FT,1,THESPORTSDB_PREMIUM_LIVE,https://www.thesportsdb.com/api/v2/json/schedule/league/4328/2026-2027,,AO-UEFA-52682
TSD-4422-2490226,2490226,4422,Polish Ekstraklasa,POL,2026-2027,2026/27,2026-08-22 12:45:00+00:00,135298,147435,Korona Kielce,Motor Lublin,1,1,0.5,FT,5,THESPORTSDB_PREMIUM_LIVE,https://www.thesportsdb.com/api/v2/json/schedule/league/4422/2026-2027,,
TSD-4347-2398892,2398892,4347,Swedish Allsvenskan,SWE,2026,2026/27,2026-08-22 13:00:00+00:00,135668,134167,Örgryte,Halmstad,1,1,0.5,FT,18,THESPORTSDB_PREMIUM_LIVE,https://www.thesportsdb.com/api/v2/json/schedule/league/4347/2026,,
TSD-4690-2498344,2498344,AO-DOMESTIC:HUN,Hungarian NB I,HUN,2026-2027,2026/27,2026-08-22 13:30:00+00:00,141231,AO:AO-UEFA-2605472,Vasas,Puskás Akadémia,0,1,0.0,FT,5,THESPORTSDB_PREMIUM_LIVE,https://www.thesportsdb.com/api/v2/json/schedule/league/4690/2026-2027,,AO-UEFA-2605472
TSD-4328-2494002,2494002,4328,English Premier League,ENG,2026-2027,2026/27,2026-08-22 14:00:00+00:00,133615,133632,Everton,Crystal Palace,2,0,1.0,FT,1,THESPORTSDB_PREMIUM_LIVE,https://www.thesportsdb.com/api/v2/json/schedule/league/4328/2026-2027,,AO-UEFA-52916
TSD-4328-2494003,2494003,4328,English Premier League,ENG,2026-2027,2026/27,2026-08-22 14:00:00+00:00,133622,133603,Ipswich Town,Sunderland,2,1,1.0,FT,1,THESPORTSDB_PREMIUM_LIVE,https://www.thesportsdb.com/api/v2/json/schedule/league/4328/2026-2027,,AO-UEFA-53360
TSD-4328-2494004,2494004,4328,English Premier League,ENG,2026-2027,2026/27,2026-08-22 14:00:00+00:00,133720,133635,Nottingham Forest,Leeds United,0,1,0.0,FT,1,THESPORTSDB_PREMIUM_LIVE,https://www.thesportsdb.com/api/v2/json/schedule/league/4328/2026-2027,AO-UEFA-52681,
TSD-4338-2496709,2496709,4338,Belgian Pro League,BEL,2026-2027,2026/27,2026-08-22 14:00:00+00:00,133786,133941,Zulte Waregem,Beveren,4,0,1.0,FT,3,THESPORTSDB_PREMIUM_LIVE,https://www.thesportsdb.com/api/v2/json/schedule/league/4338/2026-2027,,
TSD-4617-2533258,2533258,AO-DOMESTIC:ALB,Albanian Superliga,ALB,2026-2027,2026/27,2026-08-22 14:00:00+00:00,AO:AO-UEFA-52876,AO:AO-UEFA-59316,Partizani Tirana,Teuta Durrës,0,0,0.5,FT,1,THESPORTSDB_PREMIUM_LIVE,https://www.thesportsdb.com/api/v2/json/schedule/league/4617/2026-2027,AO-UEFA-52876,AO-UEFA-59316
TSD-4617-2533259,2533259,AO-DOMESTIC:ALB,Albanian Superliga,ALB,2026-2027,2026/27,2026-08-22 14:00:00+00:00,134349,147403,Laçi,Elbasani,1,1,0.5,FT,1,THESPORTSDB_PREMIUM_LIVE,https://www.thesportsdb.com/api/v2/json/schedule/league/4617/2026-2027,,
TSD-4619-2523504,2523504,AO-DOMESTIC:ARM,Armenian Premier League,ARM,2026-2027,2026/27,2026-08-22 14:00:00+00:00,AO:AO-UEFA-59877,AO:AO-UEFA-77866,Shirak Gyumri,Urartu,0,1,0.0,FT,4,THESPORTSDB_PREMIUM_LIVE,https://www.thesportsdb.com/api/v2/json/schedule/league/4619/2026-2027,AO-UEFA-59877,AO-UEFA-77866
TSD-4337-2489084,2489084,4337,Dutch Eredivisie,NED,2026-2027,2026/27,2026-08-22 14:30:00+00:00,134264,133767,Fortuna Sittard,AZ Alkmaar,0,2,0.0,FT,3,THESPORTSDB_PREMIUM_LIVE,https://www.thesportsdb.com/api/v2/json/schedule/league/4337/2026-2027,,AO-UEFA-52327
TSD-4344-2513953,2513953,4344,Portuguese Primeira Liga,POR,2026-2027,2026/27,2026-08-22 14:30:00+00:00,134023,138856,Marítimo,Académico de Viseu,2,2,0.5,FT,3,THESPORTSDB_PREMIUM_LIVE,https://www.thesportsdb.com/api/v2/json/schedule/league/4344/2026-2027,,
TSD-4693-2546627,2546627,AO-DOMESTIC:AZB,Azerbaijani Premier League,AZB,2026-2027,2026/27,2026-08-22 14:30:00+00:00,138335,150689,Qəbələ,Şəfa,0,1,0.0,FT,2,THESPORTSDB_PREMIUM_LIVE,https://www.thesportsdb.com/api/v2/json/schedule/league/4693/2026-2027,,
TSD-4335-2506180,2506180,4335,Spanish La Liga,ESP,2026-2027,2026/27,2026-08-22 15:00:00+00:00,133727,133735,Athletic Bilbao,Sevilla,1,3,0.0,FT,2,THESPORTSDB_PREMIUM_LIVE,https://www.thesportsdb.com/api/v2/json/schedule/league/4335/2026-2027,,AO-UEFA-52714
TSD-4621-2499722,2499722,4621,Austrian Bundesliga,AUT,2026-2027,2026/27,2026-08-22 15:00:00+00:00,137742,137805,SCR Altach,TSV Hartberg,1,2,0.0,FT,4,THESPORTSDB_PREMIUM_LIVE,https://www.thesportsdb.com/api/v2/json/schedule/league/4621/2026-2027,,AO-UEFA-2601074
TSD-4631-2497756,2497756,4631,Czech First League,CZE,2026-2027,2026/27,2026-08-22 15:00:00+00:00,137810,133954,Zlín,Slovan Liberec,0,1,0.0,FT,5,THESPORTSDB_PREMIUM_LIVE,https://www.thesportsdb.com/api/v2/json/schedule/league/4631/2026-2027,,AO-UEFA-64385
TSD-4631-2497757,2497757,4631,Czech First League,CZE,2026-2027,2026/27,2026-08-22 15:00:00+00:00,134000,136685,Mladá Boleslav,Slovácko,2,1,1.0,FT,5,THESPORTSDB_PREMIUM_LIVE,https://www.thesportsdb.com/api/v2/json/schedule/league/4631/2026-2027,AO-UEFA-88134,AO-UEFA-75794
TSD-4631-2519350,2519350,4631,Czech First League,CZE,2026-2027,2026/27,2026-08-22 15:00:00+00:00,141110,134007,Artis Brno,Sparta Prague,0,4,0.0,FT,5,THESPORTSDB_PREMIUM_LIVE,https://www.thesportsdb.com/api/v2/json/schedule/league/4631/2026-2027,,
TSD-4638-2420074,2420074,AO-DOMESTIC:GEO,Georgian Erovnuli Liga,GEO,2026,2026/27,2026-08-22 15:00:00+00:00,AO:AO-UEFA-64467,AO:AO-UEFA-64471,Dila Gori,Torpedo Kutaisi,2,2,0.5,FT,22,THESPORTSDB_PREMIUM_LIVE,https://www.thesportsdb.com/api/v2/json/schedule/league/4638/2026,AO-UEFA-64467,AO-UEFA-64471
TSD-4638-2420078,2420078,AO-DOMESTIC:GEO,Georgian Erovnuli Liga,GEO,2026,2026/27,2026-08-22 15:00:00+00:00,AO:AO-UEFA-2611621,140523,Spaeri,Samgurali Tskhaltubo,3,4,0.0,FT,22,THESPORTSDB_PREMIUM_LIVE,https://www.thesportsdb.com/api/v2/json/schedule/league/4638/2026,AO-UEFA-2611621,
TSD-4334-2489469,2489469,4334,French Ligue 1,FRA,2026-2027,2026/27,2026-08-22 15:15:00+00:00,133822,134788,Lens,Auxerre,5,2,1.0,FT,1,THESPORTSDB_PREMIUM_LIVE,https://www.thesportsdb.com/api/v2/json/schedule/league/4334/2026-2027,AO-UEFA-52277,
TSD-4422-2490229,2490229,4422,Polish Ekstraklasa,POL,2026-2027,2026/27,2026-08-22 15:30:00+00:00,135300,133992,Piast Gliwice,Legia Warsaw,1,1,0.5,FT,5,THESPORTSDB_PREMIUM_LIVE,https://www.thesportsdb.com/api/v2/json/schedule/league/4422/2026-2027,AO-UEFA-2600545,AO-UEFA-50146
TSD-4690-2498347,2498347,AO-DOMESTIC:HUN,Hungarian NB I,HUN,2026-2027,2026/27,2026-08-22 15:30:00+00:00,134028,141223,MTK Budapest,Nyíregyháza,2,1,1.0,FT,5,THESPORTSDB_PREMIUM_LIVE,https://www.thesportsdb.com/api/v2/json/schedule/league/4690/2026-2027,,
TSD-4691-2502985,2502985,AO-DOMESTIC:ROM,Romanian Liga I,ROM,2026-2027,2026/27,2026-08-22 15:30:00+00:00,138924,147629,UTA Arad,Corvinul Hunedoara,0,0,0.5,FT,6,THESPORTSDB_PREMIUM_LIVE,https://www.thesportsdb.com/api/v2/json/schedule/league/4691/2026-2027,,
TSD-4692-2495077,2495077,AO-DOMESTIC:SLO,Slovenian 1. SNL,SLO,2026-2027,2026/27,2026-08-22 15:30:00+00:00,AO:AO-UEFA-2607561,AO:AO-UEFA-69617,Mura,Koper,0,1,0.0,FT,6,THESPORTSDB_PREMIUM_LIVE,https://www.thesportsdb.com/api/v2/json/schedule/league/4692/2026-2027,AO-UEFA-2607561,AO-UEFA-69617
TSD-4339-2527737,2527737,4339,Turkish Super Lig,TUR,2026-2027,2026/27,2026-08-22 16:00:00+00:00,133885,133797,Rizespor,Samsunspor,0,2,0.0,FT,2,THESPORTSDB_PREMIUM_LIVE,https://www.thesportsdb.com/api/v2/json/schedule/league/4339/2026-2027,,AO-UEFA-53060
TSD-4339-2527740,2527740,4339,Turkish Super Lig,TUR,2026-2027,2026/27,2026-08-22 16:00:00+00:00,138951,133834,Çorum,Kasımpaşa,0,1,0.0,FT,2,THESPORTSDB_PREMIUM_LIVE,https://www.thesportsdb.com/api/v2/json/schedule/league/4339/2026-2027,,
TSD-4626-2487305,2487305,AO-DOMESTIC:BUL,Bulgarian First League,BUL,2026-2027,2026/27,2026-08-22 16:00:00+00:00,AO:AO-UEFA-2603104,AO:AO-UEFA-50117,Ludogorets Razgrad,Slavia Sofia,1,1,0.5,FT,6,THESPORTSDB_PREMIUM_LIVE,https://www.thesportsdb.com/api/v2/json/schedule/league/4626/2026-2027,AO-UEFA-2603104,AO-UEFA-50117
TSD-4672-2488506,2488506,AO-DOMESTIC:SVK,Slovak First Football League,SVK,2026-2027,2026/27,2026-08-22 16:00:00+00:00,137869,143920,DAC 1904 Dunajská Streda,Železiarne Podbrezová,5,0,1.0,FT,5,THESPORTSDB_PREMIUM_LIVE,https://www.thesportsdb.com/api/v2/json/schedule/league/4672/2026-2027,,
TSD-4672-2488507,2488507,AO-DOMESTIC:SVK,Slovak First Football League,SVK,2026-2027,2026/27,2026-08-22 16:00:00+00:00,AO:AO-UEFA-64319,146399,Ružomberok,Dukla Banská Bystrica,0,1,0.0,FT,5,THESPORTSDB_PREMIUM_LIVE,https://www.thesportsdb.com/api/v2/json/schedule/league/4672/2026-2027,AO-UEFA-64319,
TSD-4672-2488508,2488508,AO-DOMESTIC:SVK,Slovak First Football League,SVK,2026-2027,2026/27,2026-08-22 16:00:00+00:00,137874,146400,Zemplín Michalovce,Skalica,2,0,1.0,FT,5,THESPORTSDB_PREMIUM_LIVE,https://www.thesportsdb.com/api/v2/json/schedule/league/4672/2026-2027,,
TSD-4675-2493344,2493344,4675,Swiss Super League,SUI,2026-2027,2026/27,2026-08-22 16:00:00+00:00,134123,138990,Luzern,Lausanne-Sport,1,0,1.0,FT,4,THESPORTSDB_PREMIUM_LIVE,https://www.thesportsdb.com/api/v2/json/schedule/league/4675/2026-2027,,AO-UEFA-4251
TSD-4338-2496710,2496710,4338,Belgian Pro League,BEL,2026-2027,2026/27,2026-08-22 16:15:00+00:00,133826,133787,Charleroi,Mechelen,2,0,1.0,FT,3,THESPORTSDB_PREMIUM_LIVE,https://www.thesportsdb.com/api/v2/json/schedule/league/4338/2026-2027,AO-UEFA-52886,
TSD-4328-2494005,2494005,4328,English Premier League,ENG,2026-2027,2026/27,2026-08-22 16:30:00+00:00,134355,133616,Brentford,Tottenham Hotspur,3,0,1.0,FT,1,THESPORTSDB_PREMIUM_LIVE,https://www.thesportsdb.com/api/v2/json/schedule/league/4328/2026-2027,,AO-UEFA-1652
TSD-4332-2482138,2482138,4332,Italian Serie A,ITA,2026-2027,2026/27,2026-08-22 16:30:00+00:00,133679,134243,Udinese,Como,1,1,0.5,FT,1,THESPORTSDB_PREMIUM_LIVE,https://www.thesportsdb.com/api/v2/json/schedule/league/4332/2026-2027,,AO-UEFA-79946
TSD-4332-2482144,2482144,4332,Italian Serie A,ITA,2026-2027,2026/27,2026-08-22 16:30:00+00:00,133681,134270,Inter Milan,Monza,4,1,1.0,FT,1,THESPORTSDB_PREMIUM_LIVE,https://www.thesportsdb.com/api/v2/json/schedule/league/4332/2026-2027,AO-UEFA-50138,
TSD-4629-2482538,2482538,AO-DOMESTIC:CRO,Croatian First Football League,CRO,2026-2027,2026/27,2026-08-22 16:30:00+00:00,133989,137794,Slaven Belupo Koprivnica,HNK Gorica,2,0,1.0,FT,4,THESPORTSDB_PREMIUM_LIVE,https://www.thesportsdb.com/api/v2/json/schedule/league/4629/2026-2027,,
TSD-4671-2491232,2491232,AO-DOMESTIC:SRB,Serbian Super Liga,SRB,2026-2027,2026/27,2026-08-22 16:30:00+00:00,137867,AO:AO-UEFA-52734,Mačva Šabac,Radnički Niš,1,0,1.0,FT,6,THESPORTSDB_PREMIUM_LIVE,https://www.thesportsdb.com/api/v2/json/schedule/league/4671/2026-2027,,AO-UEFA-52734
TSD-4330-2494426,2494426,AO-DOMESTIC:SCO,Scottish Premier League,SCO,2026-2027,2026/27,2026-08-22 16:45:00+00:00,AO:AO-UEFA-50079,133942,Dundee United,Dundee,0,2,0.0,FT,3,THESPORTSDB_PREMIUM_LIVE,https://www.thesportsdb.com/api/v2/json/schedule/league/4330/2026-2027,AO-UEFA-50079,
TSD-4337-2489086,2489086,4337,Dutch Eredivisie,NED,2026-2027,2026/27,2026-08-22 16:45:00+00:00,133866,133764,Sparta Rotterdam,Utrecht,3,3,0.5,FT,3,THESPORTSDB_PREMIUM_LIVE,https://www.thesportsdb.com/api/v2/json/schedule/league/4337/2026-2027,,AO-UEFA-52323
TSD-4693-2546628,2546628,AO-DOMESTIC:AZB,Azerbaijani Premier League,AZB,2026-2027,2026/27,2026-08-22 16:45:00+00:00,138340,146881,Zirə,İmişli,3,1,1.0,FT,2,THESPORTSDB_PREMIUM_LIVE,https://www.thesportsdb.com/api/v2/json/schedule/league/4693/2026-2027,,
TSD-4336-2539920,2539920,4336,Greek Super League 1,GRE,2026-2027,2026/27,2026-08-22 17:00:00+00:00,133753,144154,AEK Athens,Iraklis 1908,4,0,1.0,FT,1,THESPORTSDB_PREMIUM_LIVE,https://www.thesportsdb.com/api/v2/json/schedule/league/4336/2026-2027,AO-UEFA-50129,
TSD-4336-2539925,2539925,4336,Greek Super League 1,GRE,2026-2027,2026/27,2026-08-22 17:00:00+00:00,134275,133742,Kalamata,Aris,2,3,0.0,FT,1,THESPORTSDB_PREMIUM_LIVE,https://www.thesportsdb.com/api/v2/json/schedule/league/4336/2026-2027,,
TSD-4344-2513958,2513958,4344,Portuguese Primeira Liga,POR,2026-2027,2026/27,2026-08-22 17:00:00+00:00,134106,134107,Estoril Praia,Rio Ave,0,2,0.0,FT,3,THESPORTSDB_PREMIUM_LIVE,https://www.thesportsdb.com/api/v2/json/schedule/league/4344/2026-2027,,AO-UEFA-64237
TSD-4638-2420077,2420077,AO-DOMESTIC:GEO,Georgian Erovnuli Liga,GEO,2026,2026/27,2026-08-22 17:00:00+00:00,134056,AO:AO-UEFA-2600544,Rustavi,Gagra,3,0,1.0,FT,22,THESPORTSDB_PREMIUM_LIVE,https://www.thesportsdb.com/api/v2/json/schedule/league/4638/2026,,AO-UEFA-2600544
TSD-4644-2493551,2493551,4644,Israeli Premier League,ISR,2026-2027,2026/27,2026-08-22 17:00:00+00:00,135998,133950,Maccabi Petah Tikva,Hapoel Ironi Kiryat Shmona,2,1,1.0,FT,1,THESPORTSDB_PREMIUM_LIVE,https://www.thesportsdb.com/api/v2/json/schedule/league/4644/2026-2027,AO-UEFA-61576,
TSD-4644-2493554,2493554,4644,Israeli Premier League,ISR,2026-2027,2026/27,2026-08-22 17:00:00+00:00,146401,141238,Ironi Tiberias,Hapoel Petah Tikva,1,0,1.0,FT,1,THESPORTSDB_PREMIUM_LIVE,https://www.thesportsdb.com/api/v2/json/schedule/league/4644/2026-2027,,
TSD-4671-2491233,2491233,AO-DOMESTIC:SRB,Serbian Super Liga,SRB,2026-2027,2026/27,2026-08-22 17:00:00+00:00,AO:AO-UEFA-64289,141832,Radnički 1923,IMT Novi Beograd,2,1,1.0,FT,6,THESPORTSDB_PREMIUM_LIVE,https://www.thesportsdb.com/api/v2/json/schedule/league/4671/2026-2027,AO-UEFA-64289,
TSD-4335-2506181,2506181,4335,Spanish La Liga,ESP,2026-2027,2026/27,2026-08-22 17:30:00+00:00,133725,133937,Valencia,Celta Vigo,0,0,0.5,FT,2,THESPORTSDB_PREMIUM_LIVE,https://www.thesportsdb.com/api/v2/json/schedule/league/4335/2026-2027,AO-UEFA-52268,AO-UEFA-53043
TSD-4621-2499723,2499723,4621,Austrian Bundesliga,AUT,2026-2027,2026/27,2026-08-22 17:30:00+00:00,137743,139425,Sturm Graz,Austria Lustenau,1,1,0.5,FT,4,THESPORTSDB_PREMIUM_LIVE,https://www.thesportsdb.com/api/v2/json/schedule/league/4621/2026-2027,AO-UEFA-50111,
TSD-4644-2493549,2493549,4644,Israeli Premier League,ISR,2026-2027,2026/27,2026-08-22 17:30:00+00:00,134400,134796,Maccabi Haifa,Hapoel Ramat Gan,2,1,1.0,FT,1,THESPORTSDB_PREMIUM_LIVE,https://www.thesportsdb.com/api/v2/json/schedule/league/4644/2026-2027,AO-UEFA-59045,
TSD-4631-2497755,2497755,4631,Czech First League,CZE,2026-2027,2026/27,2026-08-22 18:00:00+00:00,136036,136681,Slavia Prague,Bohemians 1905,2,2,0.5,FT,5,THESPORTSDB_PREMIUM_LIVE,https://www.thesportsdb.com/api/v2/json/schedule/league/4631/2026-2027,AO-UEFA-52498,
TSD-4422-2490225,2490225,4422,Polish Ekstraklasa,POL,2026-2027,2026/27,2026-08-22 18:15:00+00:00,133952,134489,Śląsk Wrocław,Widzew Łódź,3,3,0.5,FT,5,THESPORTSDB_PREMIUM_LIVE,https://www.thesportsdb.com/api/v2/json/schedule/league/4422/2026-2027,AO-UEFA-52655,
TSD-4626-2487306,2487306,AO-DOMESTIC:BUL,Bulgarian First League,BUL,2026-2027,2026/27,2026-08-22 18:15:00+00:00,AO:AO-UEFA-50044,142832,Levski Sofia,Spartak Varna,6,0,1.0,FT,6,THESPORTSDB_PREMIUM_LIVE,https://www.thesportsdb.com/api/v2/json/schedule/league/4626/2026-2027,AO-UEFA-50044,
TSD-4336-2539919,2539919,4336,Greek Super League 1,GRE,2026-2027,2026/27,2026-08-22 18:30:00+00:00,133754,133744,Olympiacos,Atromitos,1,0,1.0,FT,1,THESPORTSDB_PREMIUM_LIVE,https://www.thesportsdb.com/api/v2/json/schedule/league/4336/2026-2027,,AO-UEFA-84641
TSD-4339-2527733,2527733,4339,Turkish Super Lig,TUR,2026-2027,2026/27,2026-08-22 18:30:00+00:00,133807,133835,Fenerbahçe,Konyaspor,4,2,1.0,FT,2,THESPORTSDB_PREMIUM_LIVE,https://www.thesportsdb.com/api/v2/json/schedule/league/4339/2026-2027,AO-UEFA-52692,AO-UEFA-84515
TSD-4672-2488510,2488510,AO-DOMESTIC:SVK,Slovak First Football League,SVK,2026-2027,2026/27,2026-08-22 18:30:00+00:00,AO:AO-UEFA-2610274,AO:AO-UEFA-52797,Košice,Slovan Bratislava,1,2,0.0,FT,5,THESPORTSDB_PREMIUM_LIVE,https://www.thesportsdb.com/api/v2/json/schedule/league/4672/2026-2027,AO-UEFA-2610274,AO-UEFA-52797
TSD-4675-2493345,2493345,4675,Swiss Super League,SUI,2026-2027,2026/27,2026-08-22 18:30:00+00:00,134396,133957,Zürich,Basel,1,2,0.0,FT,4,THESPORTSDB_PREMIUM_LIVE,https://www.thesportsdb.com/api/v2/json/schedule/league/4675/2026-2027,AO-UEFA-51150,AO-UEFA-59856
TSD-4691-2502981,2502981,AO-DOMESTIC:ROM,Romanian Liga I,ROM,2026-2027,2026/27,2026-08-22 18:30:00+00:00,134121,AO:AO-UEFA-53025,Dinamo București,Universitatea Cluj,2,1,1.0,FT,6,THESPORTSDB_PREMIUM_LIVE,https://www.thesportsdb.com/api/v2/json/schedule/league/4691/2026-2027,,AO-UEFA-53025
TSD-4332-2482139,2482139,4332,Italian Serie A,ITA,2026-2027,2026/27,2026-08-22 18:45:00+00:00,133675,133670,Genoa,Napoli,0,2,0.0,FT,1,THESPORTSDB_PREMIUM_LIVE,https://www.thesportsdb.com/api/v2/json/schedule/league/4332/2026-2027,,AO-UEFA-50136
TSD-4332-2482147,2482147,4332,Italian Serie A,ITA,2026-2027,2026/27,2026-08-22 18:45:00+00:00,135728,134783,Parma,Cagliari,0,1,0.0,FT,1,THESPORTSDB_PREMIUM_LIVE,https://www.thesportsdb.com/api/v2/json/schedule/league/4332/2026-2027,,
TSD-4334-2489464,2489464,4334,French Ligue 1,FRA,2026-2027,2026/27,2026-08-22 18:45:00+00:00,133712,133715,Nice,Lorient,0,0,0.5,FT,1,THESPORTSDB_PREMIUM_LIVE,https://www.thesportsdb.com/api/v2/json/schedule/league/4334/2026-2027,AO-UEFA-52355,
TSD-4334-2489466,2489466,4334,French Ligue 1,FRA,2026-2027,2026/27,2026-08-22 18:45:00+00:00,133703,133713,Toulouse,Lyon,0,2,0.0,FT,1,THESPORTSDB_PREMIUM_LIVE,https://www.thesportsdb.com/api/v2/json/schedule/league/4334/2026-2027,AO-UEFA-52934,AO-UEFA-5312
TSD-4334-2489467,2489467,4334,French Ligue 1,FRA,2026-2027,2026/27,2026-08-22 18:45:00+00:00,134789,135465,Troyes,Paris FC,0,0,0.5,FT,1,THESPORTSDB_PREMIUM_LIVE,https://www.thesportsdb.com/api/v2/json/schedule/league/4334/2026-2027,,
TSD-4334-2489470,2489470,4334,French Ligue 1,FRA,2026-2027,2026/27,2026-08-22 18:45:00+00:00,133848,133704,Le Mans,Brest,2,2,0.5,FT,1,THESPORTSDB_PREMIUM_LIVE,https://www.thesportsdb.com/api/v2/json/schedule/league/4334/2026-2027,,AO-UEFA-2601306
TSD-4338-2496712,2496712,4338,Belgian Pro League,BEL,2026-2027,2026/27,2026-08-22 18:45:00+00:00,134245,133779,Antwerp,Genk,4,4,0.5,FT,3,THESPORTSDB_PREMIUM_LIVE,https://www.thesportsdb.com/api/v2/json/schedule/league/4338/2026-2027,AO-UEFA-50113,AO-UEFA-61582
TSD-4337-2489087,2489087,4337,Dutch Eredivisie,NED,2026-2027,2026/27,2026-08-22 19:00:00+00:00,133759,133936,Heerenveen,PEC Zwolle,0,2,0.0,FT,3,THESPORTSDB_PREMIUM_LIVE,https://www.thesportsdb.com/api/v2/json/schedule/league/4337/2026-2027,,
TSD-4629-2482537,2482537,AO-DOMESTIC:CRO,Croatian First Football League,CRO,2026-2027,2026/27,2026-08-22 19:00:00+00:00,AO:AO-UEFA-50164,AO:AO-UEFA-60514,Dinamo Zagreb,Varaždin,3,1,1.0,FT,4,THESPORTSDB_PREMIUM_LIVE,https://www.thesportsdb.com/api/v2/json/schedule/league/4629/2026-2027,AO-UEFA-50164,AO-UEFA-60514
TSD-4671-2491231,2491231,AO-DOMESTIC:SRB,Serbian Super Liga,SRB,2026-2027,2026/27,2026-08-22 19:00:00+00:00,140232,143870,OFK Beograd,Zemun,1,0,1.0,FT,6,THESPORTSDB_PREMIUM_LIVE,https://www.thesportsdb.com/api/v2/json/schedule/league/4671/2026-2027,,
TSD-4335-2506183,2506183,4335,Spanish La Liga,ESP,2026-2027,2026/27,2026-08-22 19:30:00+00:00,133734,133738,Espanyol,Real Madrid,1,2,0.0,FT,2,THESPORTSDB_PREMIUM_LIVE,https://www.thesportsdb.com/api/v2/json/schedule/league/4335/2026-2027,AO-UEFA-54189,AO-UEFA-50051
TSD-4344-2513957,2513957,4344,Portuguese Primeira Liga,POR,2026-2027,2026/27,2026-08-22 19:30:00+00:00,135708,143704,Sporting CP,Alverca,3,1,1.0,FT,3,THESPORTSDB_PREMIUM_LIVE,https://www.thesportsdb.com/api/v2/json/schedule/league/4344/2026-2027,AO-UEFA-50149,
TSD-4340-2481815,2481815,4340,Danish Superliga,DEN,2026-2027,2026/27,2026-08-23 10:00:00+00:00,133897,133890,Sønderjyske,FC Nordsjælland,0,3,0.0,FT,4,THESPORTSDB_PREMIUM_LIVE,https://www.thesportsdb.com/api/v2/json/schedule/league/4340/2026-2027,AO-UEFA-89694,AO-UEFA-79940
TSD-4337-2489088,2489088,4337,Dutch Eredivisie,NED,2026-2027,2026/27,2026-08-23 10:15:00+00:00,134304,133769,Go Ahead Eagles,ADO Den Haag,3,1,1.0,FT,3,THESPORTSDB_PREMIUM_LIVE,https://www.thesportsdb.com/api/v2/json/schedule/league/4337/2026-2027,AO-UEFA-64207,
TSD-4340-2481814,2481814,4340,Danish Superliga,DEN,2026-2027,2026/27,2026-08-23 12:00:00+00:00,133899,133889,AGF Aarhus,Odense BK,2,2,0.5,FT,4,THESPORTSDB_PREMIUM_LIVE,https://www.thesportsdb.com/api/v2/json/schedule/league/4340/2026-2027,AO-UEFA-50019,
TSD-4340-2481816,2481816,4340,Danish Superliga,DEN,2026-2027,2026/27,2026-08-23 12:00:00+00:00,133891,133938,FC Midtjylland,Randers FC,1,0,1.0,FT,5,THESPORTSDB_PREMIUM_LIVE,https://www.thesportsdb.com/api/v2/json/schedule/league/4340/2026-2027,AO-UEFA-75795,AO-UEFA-64146
TSD-4347-2398889,2398889,4347,Swedish Allsvenskan,SWE,2026,2026/27,2026-08-23 12:00:00+00:00,134161,133984,IFK Göteborg,Elfsborg,1,1,0.5,FT,18,THESPORTSDB_PREMIUM_LIVE,https://www.thesportsdb.com/api/v2/json/schedule/league/4347/2026,,AO-UEFA-52344
TSD-4347-2398894,2398894,4347,Swedish Allsvenskan,SWE,2026,2026/27,2026-08-23 12:00:00+00:00,136832,134002,Västerås,Kalmar,0,0,0.5,FT,18,THESPORTSDB_PREMIUM_LIVE,https://www.thesportsdb.com/api/v2/json/schedule/league/4347/2026,,AO-UEFA-54187
TSD-4675-2493346,2493346,4675,Swiss Super League,SUI,2026-2027,2026/27,2026-08-23 12:00:00+00:00,134001,134320,Young Boys,Vaduz,4,2,1.0,FT,4,THESPORTSDB_PREMIUM_LIVE,https://www.thesportsdb.com/api/v2/json/schedule/league/4675/2026-2027,AO-UEFA-50031,
TSD-4337-2489089,2489089,4337,Dutch Eredivisie,NED,2026-2027,2026/27,2026-08-23 12:30:00+00:00,133768,133762,PSV Eindhoven,Groningen,5,1,1.0,FT,3,THESPORTSDB_PREMIUM_LIVE,https://www.thesportsdb.com/api/v2/json/schedule/league/4337/2026-2027,AO-UEFA-50062,
TSD-4422-2490233,2490233,4422,Polish Ekstraklasa,POL,2026-2027,2026/27,2026-08-23 12:45:00+00:00,138916,135496,Radomiak Radom,Zagłębie Lubin,0,0,0.5,FT,5,THESPORTSDB_PREMIUM_LIVE,https://www.thesportsdb.com/api/v2/json/schedule/league/4422/2026-2027,,
TSD-4328-2494006,2494006,4328,English Premier League,ENG,2026-2027,2026/27,2026-08-23 13:00:00+00:00,133613,134301,Manchester City,Bournemouth,2,1,1.0,FT,1,THESPORTSDB_PREMIUM_LIVE,https://www.thesportsdb.com/api/v2/json/schedule/league/4328/2026-2027,AO-UEFA-52919,AO-UEFA-2601124
TSD-4328-2494007,2494007,4328,English Premier League,ENG,2026-2027,2026/27,2026-08-23 13:00:00+00:00,133619,133601,Brighton and Hove Albion,Aston Villa,4,0,1.0,FT,1,THESPORTSDB_PREMIUM_LIVE,https://www.thesportsdb.com/api/v2/json/schedule/league/4328/2026-2027,AO-UEFA-2601105,AO-UEFA-52683
TSD-4334-2489462,2489462,4334,French Ligue 1,FRA,2026-2027,2026/27,2026-08-23 13:00:00+00:00,134709,133711,Angers,Lille,0,2,0.0,FT,1,THESPORTSDB_PREMIUM_LIVE,https://www.thesportsdb.com/api/v2/json/schedule/league/4334/2026-2027,,AO-UEFA-75797
TSD-4691-2502984,2502984,AO-DOMESTIC:ROM,Romanian Liga I,ROM,2026-2027,2026/27,2026-08-23 13:00:00+00:00,138192,AO:AO-UEFA-2604753,Sepsi OSK,Farul Constanța,1,1,0.5,FT,6,THESPORTSDB_PREMIUM_LIVE,https://www.thesportsdb.com/api/v2/json/schedule/league/4691/2026-2027,,AO-UEFA-2604753
TSD-4338-2496714,2496714,4338,Belgian Pro League,BEL,2026-2027,2026/27,2026-08-23 14:00:00+00:00,138143,133790,Lommel,Westerlo,4,0,1.0,FT,3,THESPORTSDB_PREMIUM_LIVE,https://www.thesportsdb.com/api/v2/json/schedule/league/4338/2026-2027,,
TSD-4340-2481817,2481817,4340,Danish Superliga,DEN,2026-2027,2026/27,2026-08-23 14:00:00+00:00,133895,133900,AC Horsens,Lyngby,2,1,1.0,FT,5,THESPORTSDB_PREMIUM_LIVE,https://www.thesportsdb.com/api/v2/json/schedule/league/4340/2026-2027,,
TSD-4619-2523505,2523505,AO-DOMESTIC:ARM,Armenian Premier League,ARM,2026-2027,2026/27,2026-08-23 14:00:00+00:00,140688,AO:AO-UEFA-2609987,BKMA,Noah,0,1,0.0,FT,4,THESPORTSDB_PREMIUM_LIVE,https://www.thesportsdb.com/api/v2/json/schedule/league/4619/2026-2027,,AO-UEFA-2609987
TSD-4344-2513955,2513955,4344,Portuguese Primeira Liga,POR,2026-2027,2026/27,2026-08-23 14:30:00+00:00,134115,134109,Vitória de Guimarães,Nacional de Madeira,1,0,1.0,FT,3,THESPORTSDB_PREMIUM_LIVE,https://www.thesportsdb.com/api/v2/json/schedule/league/4344/2026-2027,,
TSD-4347-2398888,2398888,4347,Swedish Allsvenskan,SWE,2026,2026/27,2026-08-23 14:30:00+00:00,134170,134728,Brommapojkarna,Degerfors,2,0,1.0,FT,18,THESPORTSDB_PREMIUM_LIVE,https://www.thesportsdb.com/api/v2/json/schedule/league/4347/2026,,
TSD-4347-2398890,2398890,4347,Swedish Allsvenskan,SWE,2026,2026/27,2026-08-23 14:30:00+00:00,134731,134725,Hammarby,GAIS,2,0,1.0,FT,18,THESPORTSDB_PREMIUM_LIVE,https://www.thesportsdb.com/api/v2/json/schedule/league/4347/2026,AO-UEFA-52343,
TSD-4693-2546630,2546630,AO-DOMESTIC:AZB,Azerbaijani Premier League,AZB,2026-2027,2026/27,2026-08-23 14:30:00+00:00,140704,AO:AO-UEFA-74072,Turan Tovuz,Şamaxı,0,0,0.5,FT,2,THESPORTSDB_PREMIUM_LIVE,https://www.thesportsdb.com/api/v2/json/schedule/league/4693/2026-2027,,AO-UEFA-74072
TSD-4337-2489090,2489090,4337,Dutch Eredivisie,NED,2026-2027,2026/27,2026-08-23 14:45:00+00:00,134303,133758,Cambuur,Feyenoord,2,5,0.0,FT,3,THESPORTSDB_PREMIUM_LIVE,https://www.thesportsdb.com/api/v2/json/schedule/league/4337/2026-2027,,AO-UEFA-52749
TSD-4335-2506179,2506179,4335,Spanish La Liga,ESP,2026-2027,2026/27,2026-08-23 15:00:00+00:00,133729,133740,Atlético Madrid,Villarreal,2,2,0.5,FT,2,THESPORTSDB_PREMIUM_LIVE,https://www.thesportsdb.com/api/v2/json/schedule/league/4335/2026-2027,AO-UEFA-50124,AO-UEFA-70691
TSD-4631-2497761,2497761,4631,Czech First League,CZE,2026-2027,2026/27,2026-08-23 15:00:00+00:00,136680,140094,Teplice,Zbrojovka Brno,0,2,0.0,FT,5,THESPORTSDB_PREMIUM_LIVE,https://www.thesportsdb.com/api/v2/json/schedule/league/4631/2026-2027,,
TSD-4672-2488505,2488505,AO-DOMESTIC:SVK,Slovak First Football League,SVK,2026-2027,2026/27,2026-08-23 15:00:00+00:00,AO:AO-UEFA-64315,AO:AO-UEFA-52904,Trenčín,Spartak Trnava,0,4,0.0,FT,5,THESPORTSDB_PREMIUM_LIVE,https://www.thesportsdb.com/api/v2/json/schedule/league/4672/2026-2027,AO-UEFA-64315,AO-UEFA-52904
TSD-4334-2489468,2489468,4334,French Ligue 1,FRA,2026-2027,2026/27,2026-08-23 15:15:00+00:00,133862,133823,Le Havre,Monaco,0,1,0.0,FT,1,THESPORTSDB_PREMIUM_LIVE,https://www.thesportsdb.com/api/v2/json/schedule/league/4334/2026-2027,,AO-UEFA-50023
TSD-4328-2494008,2494008,4328,English Premier League,ENG,2026-2027,2026/27,2026-08-23 15:30:00+00:00,134777,133602,Newcastle United,Liverpool,2,2,0.5,FT,1,THESPORTSDB_PREMIUM_LIVE,https://www.thesportsdb.com/api/v2/json/schedule/league/4328/2026-2027,AO-UEFA-59324,AO-UEFA-7889
TSD-4422-2490231,2490231,4422,Polish Ekstraklasa,POL,2026-2027,2026/27,2026-08-23 15:30:00+00:00,142467,135659,GKS Katowice,Wisła Płock,5,0,1.0,FT,5,THESPORTSDB_PREMIUM_LIVE,https://www.thesportsdb.com/api/v2/json/schedule/league/4422/2026-2027,,
TSD-4651-2478372,2478372,AO-DOMESTIC:LIT,Lithuanian A Lyga,LIT,2026,2026/27,2026-08-23 15:30:00+00:00,141007,AO:AO-UEFA-64348,Hegelmann,Banga Gargždai,1,1,0.5,FT,28,THESPORTSDB_PREMIUM_LIVE,https://www.thesportsdb.com/api/v2/json/schedule/league/4651/2026,,AO-UEFA-64348
TSD-4690-2498346,2498346,AO-DOMESTIC:HUN,Hungarian NB I,HUN,2026-2027,2026/27,2026-08-23 15:30:00+00:00,AO:AO-UEFA-2605958,AO:AO-UEFA-52958,Kisvárda,Debrecen,0,0,0.5,FT,5,THESPORTSDB_PREMIUM_LIVE,https://www.thesportsdb.com/api/v2/json/schedule/league/4690/2026-2027,AO-UEFA-2605958,AO-UEFA-52958
TSD-4690-2498348,2498348,AO-DOMESTIC:HUN,Hungarian NB I,HUN,2026-2027,2026/27,2026-08-23 15:30:00+00:00,AO:AO-UEFA-52287,138186,Győri ETO,Zalaegerszeg,3,0,1.0,FT,5,THESPORTSDB_PREMIUM_LIVE,https://www.thesportsdb.com/api/v2/json/schedule/league/4690/2026-2027,AO-UEFA-52287,
TSD-4691-2502980,2502980,AO-DOMESTIC:ROM,Romanian Liga I,ROM,2026-2027,2026/27,2026-08-23 15:30:00+00:00,AO:AO-UEFA-2606501,138197,Universitatea Craiova,Voluntari,3,1,1.0,FT,6,THESPORTSDB_PREMIUM_LIVE,https://www.thesportsdb.com/api/v2/json/schedule/league/4691/2026-2027,AO-UEFA-2606501,
TSD-4651-2478373,2478373,AO-DOMESTIC:LIT,Lithuanian A Lyga,LIT,2026,2026/27,2026-08-23 15:45:00+00:00,AO:AO-UEFA-79557,AO:AO-UEFA-2608927,Sūduva,Panevėžys,2,0,1.0,FT,28,THESPORTSDB_PREMIUM_LIVE,https://www.thesportsdb.com/api/v2/json/schedule/league/4651/2026,AO-UEFA-79557,AO-UEFA-2608927
TSD-4339-2527736,2527736,4339,Turkish Super Lig,TUR,2026-2027,2026/27,2026-08-23 16:00:00+00:00,133796,134589,Trabzonspor,İstanbul Başakşehir,2,1,1.0,FT,2,THESPORTSDB_PREMIUM_LIVE,https://www.thesportsdb.com/api/v2/json/schedule/league/4339/2026-2027,AO-UEFA-52731,AO-UEFA-2600288
TSD-4339-2527739,2527739,4339,Turkish Super Lig,TUR,2026-2027,2026/27,2026-08-23 16:00:00+00:00,138977,138092,Eyüpspor,Gaziantep,0,1,0.0,FT,2,THESPORTSDB_PREMIUM_LIVE,https://www.thesportsdb.com/api/v2/json/schedule/league/4339/2026-2027,,
TSD-4340-2481818,2481818,4340,Danish Superliga,DEN,2026-2027,2026/27,2026-08-23 16:00:00+00:00,134307,133898,Viborg,FC Copenhagen,4,0,1.0,FT,5,THESPORTSDB_PREMIUM_LIVE,https://www.thesportsdb.com/api/v2/json/schedule/league/4340/2026-2027,AO-UEFA-69570,AO-UEFA-52709
TSD-4626-2487308,2487308,AO-DOMESTIC:BUL,Bulgarian First League,BUL,2026-2027,2026/27,2026-08-23 16:00:00+00:00,140036,AO:AO-UEFA-2610262,Septemvri Sofia,CSKA 1948,1,0,1.0,FT,6,THESPORTSDB_PREMIUM_LIVE,https://www.thesportsdb.com/api/v2/json/schedule/league/4626/2026-2027,,AO-UEFA-2610262
TSD-4332-2482145,2482145,4332,Italian Serie A,ITA,2026-2027,2026/27,2026-08-23 16:30:00+00:00,133818,133676,Frosinone,Juventus,0,1,0.0,FT,1,THESPORTSDB_PREMIUM_LIVE,https://www.thesportsdb.com/api/v2/json/schedule/league/4332/2026-2027,,AO-UEFA-50139
TSD-4332-2482146,2482146,4332,Italian Serie A,ITA,2026-2027,2026/27,2026-08-23 16:30:00+00:00,134234,133678,Venezia,Lecce,0,2,0.0,FT,1,THESPORTSDB_PREMIUM_LIVE,https://www.thesportsdb.com/api/v2/json/schedule/league/4332/2026-2027,,
TSD-4336-2539924,2539924,4336,Greek Super League 1,GRE,2026-2027,2026/27,2026-08-23 16:30:00+00:00,133743,136853,OFI,Volos,2,0,1.0,FT,1,THESPORTSDB_PREMIUM_LIVE,https://www.thesportsdb.com/api/v2/json/schedule/league/4336/2026-2027,AO-UEFA-52953,
TSD-4338-2496715,2496715,4338,Belgian Pro League,BEL,2026-2027,2026/27,2026-08-23 16:30:00+00:00,133789,133782,Club Brugge,Cercle Brugge,1,0,1.0,FT,3,THESPORTSDB_PREMIUM_LIVE,https://www.thesportsdb.com/api/v2/json/schedule/league/4338/2026-2027,AO-UEFA-50043,AO-UEFA-52884
TSD-4629-2482535,2482535,AO-DOMESTIC:CRO,Croatian First Football League,CRO,2026-2027,2026/27,2026-08-23 16:30:00+00:00,AO:AO-UEFA-52356,137797,Rijeka,Istra 1961,3,2,1.0,FT,4,THESPORTSDB_PREMIUM_LIVE,https://www.thesportsdb.com/api/v2/json/schedule/league/4629/2026-2027,AO-UEFA-52356,
TSD-4651-2478374,2478374,AO-DOMESTIC:LIT,Lithuanian A Lyga,LIT,2026,2026/27,2026-08-23 16:30:00+00:00,AO:AO-UEFA-2602334,137990,Žalgiris Vilnius,Džiugas Telšiai,2,0,1.0,FT,28,THESPORTSDB_PREMIUM_LIVE,https://www.thesportsdb.com/api/v2/json/schedule/league/4651/2026,AO-UEFA-2602334,
TSD-4693-2546629,2546629,AO-DOMESTIC:AZB,Azerbaijani Premier League,AZB,2026-2027,2026/27,2026-08-23 16:45:00+00:00,138337,146883,Neftçi PFK,Araz-Naxçıvan,5,0,1.0,FT,2,THESPORTSDB_PREMIUM_LIVE,https://www.thesportsdb.com/api/v2/json/schedule/league/4693/2026-2027,,
TSD-4344-2513956,2513956,4344,Portuguese Primeira Liga,POR,2026-2027,2026/27,2026-08-23 17:00:00+00:00,136192,136854,Santa Clara,Famalicao,1,0,1.0,FT,3,THESPORTSDB_PREMIUM_LIVE,https://www.thesportsdb.com/api/v2/json/schedule/league/4344/2026-2027,AO-UEFA-73927,
TSD-4619-2523503,2523503,AO-DOMESTIC:ARM,Armenian Premier League,ARM,2026-2027,2026/27,2026-08-23 17:00:00+00:00,AO:AO-UEFA-2610304,152593,Ararat-Armenia,Sardarapat,1,1,0.5,FT,4,THESPORTSDB_PREMIUM_LIVE,https://www.thesportsdb.com/api/v2/json/schedule/league/4619/2026-2027,AO-UEFA-2610304,
TSD-4671-2491228,2491228,AO-DOMESTIC:SRB,Serbian Super Liga,SRB,2026-2027,2026/27,2026-08-23 17:00:00+00:00,AO:AO-UEFA-50069,AO:AO-UEFA-60570,Crvena Zvezda,Čukarički,4,0,1.0,FT,6,THESPORTSDB_PREMIUM_LIVE,https://www.thesportsdb.com/api/v2/json/schedule/league/4671/2026-2027,AO-UEFA-50069,AO-UEFA-60570
TSD-4671-2491234,2491234,AO-DOMESTIC:SRB,Serbian Super Liga,SRB,2026-2027,2026/27,2026-08-23 17:00:00+00:00,137864,AO:AO-UEFA-2601090,Radnik Surdulica,Novi Pazar,1,0,1.0,FT,6,THESPORTSDB_PREMIUM_LIVE,https://www.thesportsdb.com/api/v2/json/schedule/league/4671/2026-2027,,AO-UEFA-2601090
TSD-4672-2488509,2488509,AO-DOMESTIC:SVK,Slovak First Football League,SVK,2026-2027,2026/27,2026-08-23 17:00:00+00:00,AO:AO-UEFA-61601,146626,Žilina,Komárno,2,1,1.0,FT,5,THESPORTSDB_PREMIUM_LIVE,https://www.thesportsdb.com/api/v2/json/schedule/league/4672/2026-2027,AO-UEFA-61601,
TSD-4644-2493550,2493550,4644,Israeli Premier League,ISR,2026-2027,2026/27,2026-08-23 17:15:00+00:00,141235,134315,Hapoel Jerusalem,Maccabi Tel Aviv,2,5,0.0,FT,1,THESPORTSDB_PREMIUM_LIVE,https://www.thesportsdb.com/api/v2/json/schedule/league/4644/2026-2027,,AO-UEFA-57477
TSD-4335-2506185,2506185,4335,Spanish La Liga,ESP,2026-2027,2026/27,2026-08-23 17:30:00+00:00,133731,133726,Getafe,Racing de Santander,1,0,1.0,FT,2,THESPORTSDB_PREMIUM_LIVE,https://www.thesportsdb.com/api/v2/json/schedule/league/4335/2026-2027,AO-UEFA-87960,
TSD-4336-2539922,2539922,4336,Greek Super League 1,GRE,2026-2027,2026/27,2026-08-23 18:00:00+00:00,133749,133755,PAOK,Levadiakos,4,0,1.0,FT,1,THESPORTSDB_PREMIUM_LIVE,https://www.thesportsdb.com/api/v2/json/schedule/league/4336/2026-2027,AO-UEFA-50130,
TSD-4631-2497759,2497759,4631,Czech First League,CZE,2026-2027,2026/27,2026-08-23 18:00:00+00:00,136677,140093,Sigma Olomouc,Pardubice,3,1,1.0,FT,5,THESPORTSDB_PREMIUM_LIVE,https://www.thesportsdb.com/api/v2/json/schedule/league/4631/2026-2027,AO-UEFA-52905,
TSD-4422-2490228,2490228,4422,Polish Ekstraklasa,POL,2026-2027,2026/27,2026-08-23 18:15:00+00:00,135302,135303,Pogoń Szczecin,Wisła Kraków,2,2,0.5,FT,5,THESPORTSDB_PREMIUM_LIVE,https://www.thesportsdb.com/api/v2/json/schedule/league/4422/2026-2027,AO-UEFA-52652,AO-UEFA-52651
TSD-4692-2495075,2495075,AO-DOMESTIC:SLO,Slovenian 1. SNL,SLO,2026-2027,2026/27,2026-08-23 18:15:00+00:00,AO:AO-UEFA-57490,AO:AO-UEFA-2607248,Maribor,Bravo,3,1,1.0,FT,6,THESPORTSDB_PREMIUM_LIVE,https://www.thesportsdb.com/api/v2/json/schedule/league/4692/2026-2027,AO-UEFA-57490,AO-UEFA-2607248
TSD-4336-2539923,2539923,4336,Greek Super League 1,GRE,2026-2027,2026/27,2026-08-23 18:30:00+00:00,133751,133752,Panetolikos,Asteras Tripolis,3,1,1.0,FT,1,THESPORTSDB_PREMIUM_LIVE,https://www.thesportsdb.com/api/v2/json/schedule/league/4336/2026-2027,,AO-UEFA-2600293
TSD-4339-2527734,2527734,4339,Turkish Super Lig,TUR,2026-2027,2026/27,2026-08-23 18:30:00+00:00,135891,133798,Göztepe,Gençlerbirliği,0,1,0.0,FT,2,THESPORTSDB_PREMIUM_LIVE,https://www.thesportsdb.com/api/v2/json/schedule/league/4339/2026-2027,,
TSD-4339-2527735,2527735,4339,Turkish Super Lig,TUR,2026-2027,2026/27,2026-08-23 18:30:00+00:00,135676,133794,Alanyaspor,Beşiktaş,1,0,1.0,FT,2,THESPORTSDB_PREMIUM_LIVE,https://www.thesportsdb.com/api/v2/json/schedule/league/4339/2026-2027,AO-UEFA-2607117,AO-UEFA-50157
TSD-4691-2502982,2502982,AO-DOMESTIC:ROM,Romanian Liga I,ROM,2026-2027,2026/27,2026-08-23 18:30:00+00:00,AO:AO-UEFA-88131,AO:AO-UEFA-50065,CFR Cluj,FCSB,1,0,1.0,FT,6,THESPORTSDB_PREMIUM_LIVE,https://www.thesportsdb.com/api/v2/json/schedule/league/4691/2026-2027,AO-UEFA-88131,AO-UEFA-50065
TSD-4332-2482141,2482141,4332,Italian Serie A,ITA,2026-2027,2026/27,2026-08-23 18:45:00+00:00,134782,133701,Atalanta,Sassuolo,2,1,1.0,FT,1,THESPORTSDB_PREMIUM_LIVE,https://www.thesportsdb.com/api/v2/json/schedule/league/4332/2026-2027,AO-UEFA-52816,
TSD-4332-2482143,2482143,4332,Italian Serie A,ITA,2026-2027,2026/27,2026-08-23 18:45:00+00:00,133687,133667,Torino,AC Milan,1,2,0.0,FT,1,THESPORTSDB_PREMIUM_LIVE,https://www.thesportsdb.com/api/v2/json/schedule/league/4332/2026-2027,AO-UEFA-50029,AO-UEFA-50058
TSD-4334-2489465,2489465,4334,French Ligue 1,FRA,2026-2027,2026/27,2026-08-23 18:45:00+00:00,133719,133714,Rennes,Paris Saint-Germain,2,2,0.5,FT,1,THESPORTSDB_PREMIUM_LIVE,https://www.thesportsdb.com/api/v2/json/schedule/league/4334/2026-2027,AO-UEFA-55031,AO-UEFA-52747
TSD-4617-2533260,2533260,AO-DOMESTIC:ALB,Albanian Superliga,ALB,2026-2027,2026/27,2026-08-23 19:00:00+00:00,AO:AO-UEFA-52792,140678,Dinamo City,Vora,0,1,0.0,FT,1,THESPORTSDB_PREMIUM_LIVE,https://www.thesportsdb.com/api/v2/json/schedule/league/4617/2026-2027,AO-UEFA-52792,
TSD-4617-2533261,2533261,AO-DOMESTIC:ALB,Albanian Superliga,ALB,2026-2027,2026/27,2026-08-23 19:00:00+00:00,AO:AO-UEFA-88148,AO:AO-UEFA-50049,Egnatia,Tirana,3,0,1.0,FT,1,THESPORTSDB_PREMIUM_LIVE,https://www.thesportsdb.com/api/v2/json/schedule/league/4617/2026-2027,AO-UEFA-88148,AO-UEFA-50049
TSD-4629-2482536,2482536,AO-DOMESTIC:CRO,Croatian First Football League,CRO,2026-2027,2026/27,2026-08-23 19:00:00+00:00,AO:AO-UEFA-52359,AO:AO-UEFA-53082,Hajduk Split,Osijek,4,0,1.0,FT,4,THESPORTSDB_PREMIUM_LIVE,https://www.thesportsdb.com/api/v2/json/schedule/league/4629/2026-2027,AO-UEFA-52359,AO-UEFA-53082
TSD-4671-2491229,2491229,AO-DOMESTIC:SRB,Serbian Super Liga,SRB,2026-2027,2026/27,2026-08-23 19:00:00+00:00,137860,AO:AO-UEFA-50162,Mladost Lučani,Partizan Belgrade,3,1,1.0,FT,6,THESPORTSDB_PREMIUM_LIVE,https://www.thesportsdb.com/api/v2/json/schedule/league/4671/2026-2027,,AO-UEFA-50162
TSD-4671-2491230,2491230,AO-DOMESTIC:SRB,Serbian Super Liga,SRB,2026-2027,2026/27,2026-08-23 19:00:00+00:00,AO:AO-UEFA-52810,141839,Vojvodina,Železničar Pančevo,1,0,1.0,FT,6,THESPORTSDB_PREMIUM_LIVE,https://www.thesportsdb.com/api/v2/json/schedule/league/4671/2026-2027,AO-UEFA-52810,
TSD-4335-2506188,2506188,4335,Spanish La Liga,ESP,2026-2027,2026/27,2026-08-23 19:30:00+00:00,134384,133739,Elche,Barcelona,0,5,0.0,FT,2,THESPORTSDB_PREMIUM_LIVE,https://www.thesportsdb.com/api/v2/json/schedule/league/4335/2026-2027,,AO-UEFA-50080
TSD-4344-2513952,2513952,4344,Portuguese Primeira Liga,POR,2026-2027,2026/27,2026-08-23 19:30:00+00:00,134114,134387,Porto,Arouca,2,0,1.0,FT,3,THESPORTSDB_PREMIUM_LIVE,https://www.thesportsdb.com/api/v2/json/schedule/league/4344/2026-2027,AO-UEFA-50064,AO-UEFA-2602955
TSD-4691-2502983,2502983,AO-DOMESTIC:ROM,Romanian Liga I,ROM,2026-2027,2026/27,2026-08-24 15:30:00+00:00,AO:AO-UEFA-2605104,138930,Botoșani,Csíkszereda Miercurea Ciuc,1,0,1.0,FT,6,THESPORTSDB_PREMIUM_LIVE,https://www.thesportsdb.com/api/v2/json/schedule/league/4691/2026-2027,AO-UEFA-2605104,
TSD-4651-2478375,2478375,AO-DOMESTIC:LIT,Lithuanian A Lyga,LIT,2026,2026/27,2026-08-24 15:45:00+00:00,AO:AO-UEFA-2613214,AO:AO-UEFA-77906,TransINVEST Vilnius,Šiauliai,3,0,1.0,FT,28,THESPORTSDB_PREMIUM_LIVE,https://www.thesportsdb.com/api/v2/json/schedule/league/4651/2026,AO-UEFA-2613214,AO-UEFA-77906
TSD-4626-2487310,2487310,AO-DOMESTIC:BUL,Bulgarian First League,BUL,2026-2027,2026/27,2026-08-24 16:00:00+00:00,137920,AO:AO-UEFA-57466,Botev Vratsa,Botev Plovdiv,1,0,1.0,FT,6,THESPORTSDB_PREMIUM_LIVE,https://www.thesportsdb.com/api/v2/json/schedule/league/4626/2026-2027,,AO-UEFA-57466
TSD-4332-2482142,2482142,4332,Italian Serie A,ITA,2026-2027,2026/27,2026-08-24 16:30:00+00:00,134781,133668,Bologna,Lazio,0,1,0.0,FT,1,THESPORTSDB_PREMIUM_LIVE,https://www.thesportsdb.com/api/v2/json/schedule/league/4332/2026-2027,AO-UEFA-52969,AO-UEFA-52973
TSD-4340-2481819,2481819,4340,Danish Superliga,DEN,2026-2027,2026/27,2026-08-24 17:00:00+00:00,133893,133892,Brøndby,Silkeborg IF,3,1,1.0,FT,5,THESPORTSDB_PREMIUM_LIVE,https://www.thesportsdb.com/api/v2/json/schedule/league/4340/2026-2027,AO-UEFA-50021,AO-UEFA-52912
TSD-4347-2477935,2477935,4347,Swedish Allsvenskan,SWE,2026,2026/27,2026-08-24 17:00:00+00:00,134166,134162,Malmö,Djurgården,0,3,0.0,FT,18,THESPORTSDB_PREMIUM_LIVE,https://www.thesportsdb.com/api/v2/json/schedule/league/4347/2026,AO-UEFA-50152,AO-UEFA-52809
TSD-4644-2493553,2493553,4644,Israeli Premier League,ISR,2026-2027,2026/27,2026-08-24 17:00:00+00:00,134087,135994,Maccabi Netanya,Bnei Sakhnin,0,0,0.5,FT,1,THESPORTSDB_PREMIUM_LIVE,https://www.thesportsdb.com/api/v2/json/schedule/league/4644/2026-2027,AO-UEFA-73561,
TSD-4335-2506186,2506186,4335,Spanish La Liga,ESP,2026-2027,2026/27,2026-08-24 17:30:00+00:00,133730,133732,Osasuna,Levante,0,0,0.5,FT,2,THESPORTSDB_PREMIUM_LIVE,https://www.thesportsdb.com/api/v2/json/schedule/league/4335/2026-2027,AO-UEFA-53042,
TSD-4626-2487309,2487309,AO-DOMESTIC:BUL,Bulgarian First League,BUL,2026-2027,2026/27,2026-08-24 18:15:00+00:00,AO:AO-UEFA-52369,AO:AO-UEFA-2610060,Lokomotiv Plovdiv,Arda Kardzhali,0,1,0.0,FT,6,THESPORTSDB_PREMIUM_LIVE,https://www.thesportsdb.com/api/v2/json/schedule/league/4626/2026-2027,AO-UEFA-52369,AO-UEFA-2610060
TSD-4339-2527741,2527741,4339,Turkish Super Lig,TUR,2026-2027,2026/27,2026-08-24 18:30:00+00:00,133870,138959,Kocaelispor,Amed,2,0,1.0,FT,2,THESPORTSDB_PREMIUM_LIVE,https://www.thesportsdb.com/api/v2/json/schedule/league/4339/2026-2027,,
TSD-4691-2502987,2502987,AO-DOMESTIC:ROM,Romanian Liga I,ROM,2026-2027,2026/27,2026-08-24 18:30:00+00:00,135929,138932,Oțelul Galați,Argeș Pitești,1,0,1.0,FT,6,THESPORTSDB_PREMIUM_LIVE,https://www.thesportsdb.com/api/v2/json/schedule/league/4691/2026-2027,,
TSD-4332-2482140,2482140,4332,Italian Serie A,ITA,2026-2027,2026/27,2026-08-24 18:45:00+00:00,133682,133674,Roma,Fiorentina,4,0,1.0,FT,1,THESPORTSDB_PREMIUM_LIVE,https://www.thesportsdb.com/api/v2/json/schedule/league/4332/2026-2027,AO-UEFA-50137,AO-UEFA-52817
TSD-4328-2494009,2494009,4328,English Premier League,ENG,2026-2027,2026/27,2026-08-24 19:00:00+00:00,133600,133610,Fulham,Chelsea,2,3,0.0,FT,1,THESPORTSDB_PREMIUM_LIVE,https://www.thesportsdb.com/api/v2/json/schedule/league/4328/2026-2027,,AO-UEFA-52914
TSD-4344-2513959,2513959,4344,Portuguese Primeira Liga,POR,2026-2027,2026/27,2026-08-24 19:15:00+00:00,134113,138864,Gil Vicente,Casa Pia,2,0,1.0,FT,3,THESPORTSDB_PREMIUM_LIVE,https://www.thesportsdb.com/api/v2/json/schedule/league/4344/2026-2027,AO-UEFA-73926,
TSD-4335-2506182,2506182,4335,Spanish La Liga,ESP,2026-2027,2026/27,2026-08-24 19:30:00+00:00,133736,133816,Málaga,Deportivo de A Coruña,1,1,0.5,FT,2,THESPORTSDB_PREMIUM_LIVE,https://www.thesportsdb.com/api/v2/json/schedule/league/4335/2026-2027,,
TSD-4649-2440103,2440103,AO-DOMESTIC:KAZ,Kazakhstan Premier League,KAZ,2026,2026/27,2026-08-25 14:00:00+00:00,AO:AO-UEFA-79969,AO:AO-UEFA-79971,Tobol,Kaisar Kyzylorda,3,2,1.0,FT,21,THESPORTSDB_PREMIUM_LIVE,https://www.thesportsdb.com/api/v2/json/schedule/league/4649/2026,AO-UEFA-79969,AO-UEFA-79971
TSD-4335-2506171,2506171,4335,Spanish La Liga,ESP,2026-2027,2026/27,2026-08-25 19:00:00+00:00,133725,133722,Valencia,Real Betis,0,1,0.0,FT,1,THESPORTSDB_PREMIUM_LIVE,https://www.thesportsdb.com/api/v2/json/schedule/league/4335/2026-2027,AO-UEFA-52268,AO-UEFA-52265
TSD-4335-2506175,2506175,4335,Spanish La Liga,ESP,2026-2027,2026/27,2026-08-26 19:00:00+00:00,133738,133724,Real Madrid,Real Sociedad,4,1,1.0,FT,1,THESPORTSDB_PREMIUM_LIVE,https://www.thesportsdb.com/api/v2/json/schedule/league/4335/2026-2027,AO-UEFA-50051,AO-UEFA-50123
TSD-4335-2506173,2506173,4335,Spanish La Liga,ESP,2026-2027,2026/27,2026-08-27 18:30:00+00:00,133937,133730,Celta Vigo,Osasuna,1,2,0.0,FT,1,THESPORTSDB_PREMIUM_LIVE,https://www.thesportsdb.com/api/v2/json/schedule/league/4335/2026-2027,AO-UEFA-53043,AO-UEFA-53042
TSD-4335-2506169,2506169,4335,Spanish La Liga,ESP,2026-2027,2026/27,2026-08-27 19:00:00+00:00,133739,133727,Barcelona,Athletic Bilbao,2,0,1.0,FT,1,THESPORTSDB_PREMIUM_LIVE,https://www.thesportsdb.com/api/v2/json/schedule/league/4335/2026-2027,AO-UEFA-50080,
TSD-4354-2503935,2503935,AO-DOMESTIC:UKR,Ukrainian Premier League,UKR,2026-2027,2026/27,2026-08-28 12:30:00+00:00,AO:AO-UEFA-2609189,138447,Kolos Kovalivka,Obolon Kyiv,0,0,0.5,FT,4,THESPORTSDB_PREMIUM_LIVE,https://www.thesportsdb.com/api/v2/json/schedule/league/4354/2026-2027,AO-UEFA-2609189,
TSD-4691-2502989,2502989,AO-DOMESTIC:ROM,Romanian Liga I,ROM,2026-2027,2026/27,2026-08-28 15:00:00+00:00,138197,135929,Voluntari,Oțelul Galați,2,2,0.5,FT,7,THESPORTSDB_PREMIUM_LIVE,https://www.thesportsdb.com/api/v2/json/schedule/league/4691/2026-2027,,
TSD-4422-2490237,2490237,4422,Polish Ekstraklasa,POL,2026-2027,2026/27,2026-08-28 16:00:00+00:00,135659,135298,Wisła Płock,Korona Kielce,0,2,0.0,FT,6,THESPORTSDB_PREMIUM_LIVE,https://www.thesportsdb.com/api/v2/json/schedule/league/4422/2026-2027,,
TSD-4619-2523509,2523509,AO-DOMESTIC:ARM,Armenian Premier League,ARM,2026-2027,2026/27,2026-08-28 16:00:00+00:00,AO:AO-UEFA-77866,AO:AO-UEFA-2605268,Urartu,Alashkert,1,1,0.5,FT,5,THESPORTSDB_PREMIUM_LIVE,https://www.thesportsdb.com/api/v2/json/schedule/league/4619/2026-2027,AO-UEFA-77866,AO-UEFA-2605268
TSD-4626-2487315,2487315,AO-DOMESTIC:BUL,Bulgarian First League,BUL,2026-2027,2026/27,2026-08-28 16:00:00+00:00,AO:AO-UEFA-50117,140036,Slavia Sofia,Septemvri Sofia,1,1,0.5,FT,7,THESPORTSDB_PREMIUM_LIVE,https://www.thesportsdb.com/api/v2/json/schedule/league/4626/2026-2027,AO-UEFA-50117,
TSD-4630-2548673,2548673,4630,Cypriot First Division,CYP,2026-2027,2026/27,2026-08-28 16:00:00+00:00,141098,143789,Krasava Ypsonas,Omonia 29M,0,3,0.0,FT,1,THESPORTSDB_PREMIUM_LIVE,https://www.thesportsdb.com/api/v2/json/schedule/league/4630/2026-2027,,
TSD-4335-2506198,2506198,4335,Spanish La Liga,ESP,2026-2027,2026/27,2026-08-28 17:00:00+00:00,133726,134384,Racing de Santander,Elche,3,2,1.0,FT,3,THESPORTSDB_PREMIUM_LIVE,https://www.thesportsdb.com/api/v2/json/schedule/league/4335/2026-2027,,
TSD-4340-2481820,2481820,4340,Danish Superliga,DEN,2026-2027,2026/27,2026-08-28 17:00:00+00:00,133895,134307,AC Horsens,Viborg,2,3,0.0,FT,5,THESPORTSDB_PREMIUM_LIVE,https://www.thesportsdb.com/api/v2/json/schedule/league/4340/2026-2027,,AO-UEFA-69570
TSD-4630-2548672,2548672,4630,Cypriot First Division,CYP,2026-2027,2026/27,2026-08-28 17:00:00+00:00,137927,137926,Olympiakos Nicosia,Nea Salamis Famagusta,3,3,0.5,FT,1,THESPORTSDB_PREMIUM_LIVE,https://www.thesportsdb.com/api/v2/json/schedule/league/4630/2026-2027,,
TSD-4621-2499727,2499727,4621,Austrian Bundesliga,AUT,2026-2027,2026/27,2026-08-28 17:30:00+00:00,139425,137807,Austria Lustenau,WSG Tirol,0,4,0.0,FT,5,THESPORTSDB_PREMIUM_LIVE,https://www.thesportsdb.com/api/v2/json/schedule/league/4621/2026-2027,,
TSD-4337-2489091,2489091,4337,Dutch Eredivisie,NED,2026-2027,2026/27,2026-08-28 18:00:00+00:00,133762,134264,Groningen,Fortuna Sittard,2,3,0.0,FT,4,THESPORTSDB_PREMIUM_LIVE,https://www.thesportsdb.com/api/v2/json/schedule/league/4337/2026-2027,,
TSD-4690-2498352,2498352,AO-DOMESTIC:HUN,Hungarian NB I,HUN,2026-2027,2026/27,2026-08-28 18:00:00+00:00,AO:AO-UEFA-52958,134028,Debrecen,MTK Budapest,2,2,0.5,FT,6,THESPORTSDB_PREMIUM_LIVE,https://www.thesportsdb.com/api/v2/json/schedule/league/4690/2026-2027,AO-UEFA-52958,
TSD-4691-2502992,2502992,AO-DOMESTIC:ROM,Romanian Liga I,ROM,2026-2027,2026/27,2026-08-28 18:00:00+00:00,AO:AO-UEFA-53025,134398,Universitatea Cluj,Petrolul Ploiești,2,3,0.0,FT,7,THESPORTSDB_PREMIUM_LIVE,https://www.thesportsdb.com/api/v2/json/schedule/league/4691/2026-2027,AO-UEFA-53025,
TSD-4626-2487316,2487316,AO-DOMESTIC:BUL,Bulgarian First League,BUL,2026-2027,2026/27,2026-08-28 18:15:00+00:00,AO:AO-UEFA-2610262,AO:AO-UEFA-52369,CSKA 1948,Lokomotiv Plovdiv,2,0,1.0,FT,7,THESPORTSDB_PREMIUM_LIVE,https://www.thesportsdb.com/api/v2/json/schedule/league/4626/2026-2027,AO-UEFA-2610262,AO-UEFA-52369
TSD-4692-2495081,2495081,AO-DOMESTIC:SLO,Slovenian 1. SNL,SLO,2026-2027,2026/27,2026-08-28 18:15:00+00:00,AO:AO-UEFA-69617,138213,Koper,Aluminij,0,1,0.0,FT,7,THESPORTSDB_PREMIUM_LIVE,https://www.thesportsdb.com/api/v2/json/schedule/league/4692/2026-2027,AO-UEFA-69617,
TSD-4331-2508333,2508333,4331,German Bundesliga,GER,2026-2027,2026/27,2026-08-28 18:30:00+00:00,133664,133660,Bayern Munich,Stuttgart,5,1,1.0,FT,1,THESPORTSDB_PREMIUM_LIVE,https://www.thesportsdb.com/api/v2/json/schedule/league/4331/2026-2027,AO-UEFA-50037,AO-UEFA-50107
TSD-4339-2527746,2527746,4339,Turkish Super Lig,TUR,2026-2027,2026/27,2026-08-28 18:30:00+00:00,133798,134272,Gençlerbirliği,Erzurumspor,1,1,0.5,FT,3,THESPORTSDB_PREMIUM_LIVE,https://www.thesportsdb.com/api/v2/json/schedule/league/4339/2026-2027,,
TSD-4422-2490235,2490235,4422,Polish Ekstraklasa,POL,2026-2027,2026/27,2026-08-28 18:30:00+00:00,133992,133952,Legia Warsaw,Śląsk Wrocław,1,1,0.5,FT,6,THESPORTSDB_PREMIUM_LIVE,https://www.thesportsdb.com/api/v2/json/schedule/league/4422/2026-2027,AO-UEFA-50146,AO-UEFA-52655
TSD-4332-2482150,2482150,4332,Italian Serie A,ITA,2026-2027,2026/27,2026-08-28 18:45:00+00:00,133667,134234,AC Milan,Venezia,2,0,1.0,FT,2,THESPORTSDB_PREMIUM_LIVE,https://www.thesportsdb.com/api/v2/json/schedule/league/4332/2026-2027,AO-UEFA-50058,
TSD-4334-2489479,2489479,4334,French Ligue 1,FRA,2026-2027,2026/27,2026-08-28 18:45:00+00:00,133711,133714,Lille,Paris Saint-Germain,2,2,0.5,FT,2,THESPORTSDB_PREMIUM_LIVE,https://www.thesportsdb.com/api/v2/json/schedule/league/4334/2026-2027,AO-UEFA-75797,AO-UEFA-52747
TSD-4338-2496716,2496716,4338,Belgian Pro League,BEL,2026-2027,2026/27,2026-08-28 18:45:00+00:00,133779,133941,Genk,Beveren,4,0,1.0,FT,4,THESPORTSDB_PREMIUM_LIVE,https://www.thesportsdb.com/api/v2/json/schedule/league/4338/2026-2027,AO-UEFA-61582,
TSD-4328-2494015,2494015,4328,English Premier League,ENG,2026-2027,2026/27,2026-08-28 19:00:00+00:00,133632,133613,Crystal Palace,Manchester City,1,4,0.0,FT,2,THESPORTSDB_PREMIUM_LIVE,https://www.thesportsdb.com/api/v2/json/schedule/league/4328/2026-2027,AO-UEFA-52916,AO-UEFA-52919
TSD-4344-2513964,2513964,4344,Portuguese Primeira Liga,POR,2026-2027,2026/27,2026-08-28 19:15:00+00:00,134107,135708,Rio Ave,Sporting CP,0,4,0.0,FT,4,THESPORTSDB_PREMIUM_LIVE,https://www.thesportsdb.com/api/v2/json/schedule/league/4344/2026-2027,AO-UEFA-64237,AO-UEFA-50149
TSD-4335-2506194,2506194,4335,Spanish La Liga,ESP,2026-2027,2026/27,2026-08-28 19:30:00+00:00,134221,133740,Deportivo Alavés,Villarreal,1,0,1.0,FT,3,THESPORTSDB_PREMIUM_LIVE,https://www.thesportsdb.com/api/v2/json/schedule/league/4335/2026-2027,,AO-UEFA-70691
