match_id,uefa_verification_status,uefa_score_changed,uefa_kickoff_changed,uefa_team_identity_changed,fotmob_date_feed_status,fotmob_candidate_count,fotmob_source_match_id,fotmob_home_team_id,fotmob_away_team_id,fotmob_home_team_name,fotmob_away_team_name,home_similarity,away_similarity,pair_similarity,runner_up_similarity,identity_accepted,identity_resolution,fotmob_fetch_status,detail_identity_verified,detail_score_verified,detail_chronology_verified,xg_disposition
202021-0001,LIVE_REFRESH_VERIFIED,False,False,False,OK,1,3374620,163543,7971,Tre Fiori,Linfield,1,0.6666666667,0.8333333333,0,True,unique_utc_time_competition_score_alias,OK,True,True,True,NO_PUBLIC_XG
202021-0002,LIVE_REFRESH_VERIFIED,False,False,False,OK,3,3382564,784771,10050,Drita,Inter Club d'Escaldes,1,1,1,0.2981481481,True,utc_time_competition_score_high_confidence_name,OK,True,True,True,NO_PUBLIC_XG
202021-0003,LIVE_REFRESH_VERIFIED,False,False,False,OK,1,3382565,784771,7971,Drita,Linfield,1,0.6666666667,0.8333333333,0,True,unique_utc_time_competition_score_alias,OK,True,True,True,NO_PUBLIC_XG
202021-0014,LIVE_REFRESH_VERIFIED,False,False,False,OK,1,3402562,7981,6187,Qarabag FK,FK Sileks,1,0.6,0.8,0,True,unique_utc_time_competition_score_alias,OK,True,True,True,NO_PUBLIC_XG
202021-0006,LIVE_REFRESH_VERIFIED,False,False,False,OK,1,3402554,8673,7971,Legia Warszawa,Linfield,0.9230769231,0.6666666667,0.7948717949,0,True,unique_utc_time_competition_score_alias,OK,True,True,True,NO_PUBLIC_XG
202021-0016,LIVE_REFRESH_VERIFIED,False,False,False,OK,1,3402564,10065,166865,Dynamo Brest,FC Astana,1,1,1,0,True,utc_time_competition_score_high_confidence_name,OK,True,True,True,NO_PUBLIC_XG
202021-0182,LIVE_REFRESH_VERIFIED,False,False,False,OK,1,3402580,97887,7933,UE Engordany,Zeta,1,0.4444444444,0.7222222222,0,True,unique_utc_time_competition_score_alias,OK,True,True,True,NO_PUBLIC_XG
202021-0005,LIVE_REFRESH_VERIFIED,False,False,False,OK,1,3402553,9925,8130,Celtic,KR Reykjavik,1,1,1,0,True,utc_time_competition_score_high_confidence_name,OK,True,True,True,ACCEPTED
202021-0009,LIVE_REFRESH_VERIFIED,False,False,False,OK,2,3402557,8687,545013,FK Crvena Zvezda,Europa FC,1,1,1,0.2555555556,True,utc_time_competition_score_high_confidence_name,OK,True,True,True,NO_PUBLIC_XG
202021-0011,LIVE_REFRESH_VERIFIED,False,False,False,OK,1,3402559,866109,8044,Ararat Armenia,Omonia Nicosia,1,1,1,0,True,utc_time_competition_score_high_confidence_name,OK,True,True,True,NO_PUBLIC_XG
202021-0017,LIVE_REFRESH_VERIFIED,False,False,False,OK,2,3402565,9917,1693,Molde,KuPS,1,1,1,0.2555555556,True,utc_time_competition_score_high_confidence_name,OK,True,True,True,NO_PUBLIC_XG
202021-0018,LIVE_REFRESH_VERIFIED,False,False,False,OK,1,3402566,8155,8337,Flora Tallinn,Suduva,1,0.5,0.75,0,True,unique_utc_time_competition_score_alias,OK,True,True,True,NO_PUBLIC_XG
202021-0004,LIVE_REFRESH_VERIFIED,False,False,False,OK,3,3402552,8222,9802,Ferencvaros,Djurgården,1,0.8333333333,0.9166666667,0.2407407407,True,utc_time_competition_score_high_confidence_name,OK,True,True,True,NO_PUBLIC_XG
202021-0013,LIVE_REFRESH_VERIFIED,False,False,False,OK,3,3402561,7855,624924,Maccabi Tel Aviv,Riga FC,1,1,1,0.2513227513,True,utc_time_competition_score_high_confidence_name,OK,True,True,True,NO_PUBLIC_XG
202021-0015,LIVE_REFRESH_VERIFIED,False,False,False,OK,3,3402563,7755,10029,Dinamo Tbilisi,KF Tirana,1,1,1,0.265795207,True,utc_time_competition_score_high_confidence_name,OK,True,True,True,NO_PUBLIC_XG
202021-0019,LIVE_REFRESH_VERIFIED,False,False,False,OK,1,3402567,4622,1853,NK Celje,Dundalk,1,1,1,0,True,utc_time_competition_score_high_confidence_name,OK,True,True,True,NO_PUBLIC_XG
202021-0007,LIVE_REFRESH_VERIFIED,False,False,False,OK,3,3402555,9729,132044,FC Sheriff,CS Fola Esch,0.6086956522,1,0.8043478261,0.2390572391,True,separated_utc_time_competition_score_alias,OK,True,True,True,NO_PUBLIC_XG
202021-0008,LIVE_REFRESH_VERIFIED,False,False,False,OK,3,3402556,2193,10105,Connah's Quay,FK Sarajevo,1,1,1,0.2678571429,True,utc_time_competition_score_high_confidence_name,OK,True,True,True,NO_PUBLIC_XG
202021-0010,LIVE_REFRESH_VERIFIED,False,False,False,OK,1,3402558,8627,210173,Buducnost Podgorica,Ludogorets Razgrad,1,1,1,0,True,utc_time_competition_score_high_confidence_name,OK,True,True,True,NO_PUBLIC_XG
202021-0012,LIVE_REFRESH_VERIFIED,False,False,False,OK,3,3402560,1580,9731,Floriana,CFR Cluj,1,1,1,0.2678571429,True,utc_time_competition_score_high_confidence_name,OK,True,True,True,NO_PUBLIC_XG
202021-0184,LIVE_REFRESH_VERIFIED,False,False,False,OK,1,3402582,631395,8002,St Joseph's,B36 Torshavn,1,1,1,0,True,utc_time_competition_score_high_confidence_name,OK,True,True,True,NO_PUBLIC_XG
202021-0186,LIVE_REFRESH_VERIFIED,False,False,False,OK,1,3402584,8110,1603,NSI Runavik,Barry Town,1,1,1,0,True,utc_time_competition_score_high_confidence_name,OK,True,True,True,NO_PUBLIC_XG
202021-0181,LIVE_REFRESH_VERIFIED,False,False,False,OK,1,3402579,10042,205493,FC Santa Coloma,FK Iskra,1,0.4545454545,0.7272727273,0,True,unique_utc_time_competition_score_alias,OK,True,True,True,NO_PUBLIC_XG
202021-0183,LIVE_REFRESH_VERIFIED,False,False,False,OK,2,3402581,2203,6652,Glentoran,HB Torshavn,1,1,1,0.4206349206,True,utc_time_competition_score_high_confidence_name,OK,True,True,True,NO_PUBLIC_XG
202021-0185,LIVE_REFRESH_VERIFIED,False,False,False,OK,2,3402583,2202,163541,Coleraine,La Fiorita Montegiardino,1,0.5882352941,0.7941176471,0.4682539683,True,separated_utc_time_competition_score_alias,OK,True,True,True,NO_PUBLIC_XG
202021-0020,LIVE_REFRESH_VERIFIED,False,False,False,OK,1,3402568,8106,6019,Klaksvik,Slovan Bratislava,0.8421052632,1,0.9210526316,0,True,utc_time_competition_score_high_confidence_name,OK,True,True,True,NO_PUBLIC_XG
202021-0179,LIVE_REFRESH_VERIFIED,False,False,False,OK,1,3402577,163542,784770,Tre Penne Galazzano,Gjilani,0.6428571429,1,0.8214285714,0,True,unique_utc_time_competition_score_alias,OK,True,True,True,NO_PUBLIC_XG
202021-0180,LIVE_REFRESH_VERIFIED,False,False,False,OK,1,3402578,545012,674506,Lincoln Red Imps FC,FC Prishtina,1,1,1,0,True,utc_time_competition_score_high_confidence_name,OK,True,True,True,NO_PUBLIC_XG
202021-0190,LIVE_REFRESH_VERIFIED,False,False,False,OK,1,3403099,257518,8338,Riteriai,Derry City,1,1,1,0,True,utc_time_competition_score_high_confidence_name,OK,True,True,True,NO_PUBLIC_XG
202021-0030,LIVE_REFRESH_VERIFIED,False,False,False,OK,4,3403093,10029,8687,KF Tirana,FK Crvena Zvezda,1,1,1,0.3409610984,True,utc_time_competition_score_high_confidence_name,OK,True,True,True,NO_PUBLIC_XG
202021-0032,LIVE_REFRESH_VERIFIED,False,False,False,OK,3,3403095,8619,10188,PAOK Thessaloniki FC,Besiktas,1,1,1,0.367003367,True,utc_time_competition_score_high_confidence_name,OK,True,True,True,NO_PUBLIC_XG
202021-0031,LIVE_REFRESH_VERIFIED,False,False,False,OK,3,3403096,10229,6033,AZ Alkmaar,Viktoria Plzen,1,1,1,0.367003367,True,utc_time_competition_score_high_confidence_name,OK,True,True,True,NO_PUBLIC_XG
202021-0024,LIVE_REFRESH_VERIFIED,False,False,False,OK,1,3403088,8337,7855,Suduva,Maccabi Tel Aviv,0.5,1,0.75,0,True,unique_utc_time_competition_score_alias,OK,True,True,True,NO_PUBLIC_XG
202021-0026,LIVE_REFRESH_VERIFIED,False,False,False,OK,2,3403094,4622,9917,NK Celje,Molde,1,1,1,0.3352272727,True,utc_time_competition_score_high_confidence_name,OK,True,True,True,NO_PUBLIC_XG
202021-0029,LIVE_REFRESH_VERIFIED,False,False,False,OK,2,3403091,7981,9729,Qarabag FK,FC Sheriff,1,0.6086956522,0.8043478261,0.2719298246,True,separated_utc_time_competition_score_alias,OK,True,True,True,NO_PUBLIC_XG
202021-0224,LIVE_REFRESH_VERIFIED,False,False,False,OK,7,3403120,7953,7933,FC Progres Niederkorn,Zeta,1,0.4444444444,0.7222222222,0.3111111111,True,separated_utc_time_competition_score_alias,OK,True,True,True,NO_PUBLIC_XG
202021-0033,LIVE_REFRESH_VERIFIED,False,False,False,OK,4,3403097,175388,10015,NK Lokomotiva,Rapid Wien,0.7407407407,1,0.8703703704,0.3714285714,True,utc_time_competition_score_high_confidence_name,OK,True,True,True,NO_PUBLIC_XG
202021-0027,LIVE_REFRESH_VERIFIED,False,False,False,OK,4,3403089,210173,8113,Ludogorets Razgrad,Midtjylland,1,1,1,0.3214285714,True,utc_time_competition_score_high_confidence_name,OK,True,True,True,NO_PUBLIC_XG
202021-0021,LIVE_REFRESH_VERIFIED,False,False,False,OK,1,3403085,9731,10156,CFR Cluj,Dinamo Zagreb,1,1,1,0,True,utc_time_competition_score_high_confidence_name,OK,True,True,True,NO_PUBLIC_XG
202021-0025,LIVE_REFRESH_VERIFIED,False,False,False,OK,1,3403948,8673,8044,Legia Warszawa,Omonia Nicosia,0.9230769231,1,0.9615384615,0,True,utc_time_competition_score_high_confidence_name,OK,True,True,True,NO_PUBLIC_XG
202021-0028,LIVE_REFRESH_VERIFIED,False,False,False,OK,2,3403090,10065,10105,Dynamo Brest,FK Sarajevo,1,1,1,0.2385964912,True,utc_time_competition_score_high_confidence_name,OK,True,True,True,NO_PUBLIC_XG
202021-0022,LIVE_REFRESH_VERIFIED,False,False,False,OK,3,3403086,10192,8106,Young Boys,Klaksvik,1,0.8421052632,0.9210526316,0.2319688109,True,utc_time_competition_score_high_confidence_name,OK,True,True,True,NO_PUBLIC_XG
202021-0023,LIVE_REFRESH_VERIFIED,False,False,False,OK,2,3403087,9925,8222,Celtic,Ferencvaros,1,1,1,0.3352272727,True,utc_time_competition_score_high_confidence_name,OK,True,True,True,NO_PUBLIC_XG
202021-0202,LIVE_REFRESH_VERIFIED,False,False,False,OK,7,3403103,8624,210286,Ventspils,Dinamo-Auto,1,0.7096774194,0.8548387097,0.325,True,utc_time_competition_score_high_confidence_name,OK,True,True,True,NO_PUBLIC_XG
202021-0222,LIVE_REFRESH_VERIFIED,False,False,False,OK,1,3403132,2127,188191,Ordabasy Shymkent,Botosani,1,1,1,0,True,utc_time_competition_score_high_confidence_name,OK,True,True,True,NO_PUBLIC_XG
202021-0228,LIVE_REFRESH_VERIFIED,False,False,False,OK,1,3403139,8037,866111,Kairat Almaty,FC Noah,1,1,1,0,True,utc_time_competition_score_high_confidence_name,OK,True,True,True,NO_PUBLIC_XG
202021-0230,LIVE_REFRESH_VERIFIED,False,False,False,OK,4,3403135,10037,8173,Teuta Durres,Beitar Jerusalem,1,1,1,0.3142857143,True,utc_time_competition_score_high_confidence_name,OK,True,True,True,NO_PUBLIC_XG
202021-0231,LIVE_REFRESH_VERIFIED,False,False,False,OK,2,3403137,10116,2245,Borac Banja Luka,Sutjeska,1,0.6956521739,0.847826087,0.1805555556,True,separated_utc_time_competition_score_alias,OK,True,True,True,NO_PUBLIC_XG
202021-0204,LIVE_REFRESH_VERIFIED,False,False,False,OK,6,3403126,10058,8028,Dinamo Minsk,Piast Gliwice,1,1,1,0.2732793522,True,utc_time_competition_score_high_confidence_name,OK,True,True,True,NO_PUBLIC_XG
202021-0195,LIVE_REFRESH_VERIFIED,False,False,False,OK,4,3403123,545012,654352,Lincoln Red Imps FC,Union Titus Petange,1,1,1,0.2857142857,True,utc_time_competition_score_high_confidence_name,OK,True,True,True,NO_PUBLIC_XG
202021-0211,LIVE_REFRESH_VERIFIED,False,False,False,OK,7,3403143,4617,358106,FK Neftchi,Shkupi,0.7368421053,1,0.8684210526,0.3205128205,True,utc_time_competition_score_high_confidence_name,OK,True,True,True,NO_PUBLIC_XG
202021-0215,LIVE_REFRESH_VERIFIED,False,False,False,OK,1,3403118,8402,439132,Bodø/Glimt,FK Kauno Zalgiris,1,1,1,0,True,utc_time_competition_score_high_confidence_name,OK,True,True,True,NO_PUBLIC_XG
202021-0217,LIVE_REFRESH_VERIFIED,False,False,False,OK,2,3403106,8003,480291,Apollon Limassol,Saburtalo,1,0.6923076923,0.8461538462,0.1538461538,True,separated_utc_time_competition_score_alias,OK,True,True,True,NO_PUBLIC_XG
202021-0219,LIVE_REFRESH_VERIFIED,False,False,False,OK,3,3403131,310094,4538,Alashkert FC,Renova,1,0.5454545455,0.7727272727,0.2964705882,True,separated_utc_time_competition_score_alias,OK,True,True,True,NO_PUBLIC_XG
202021-0227,LIVE_REFRESH_VERIFIED,False,False,False,OK,6,3403136,213987,2234,Sumqayit,KF Shkendija,0.875,0.8571428571,0.8660714286,0.3363636364,True,utc_time_competition_score_high_confidence_name,OK,True,True,True,NO_PUBLIC_XG
202021-0188,LIVE_REFRESH_VERIFIED,False,False,False,OK,7,3403109,7872,6017,Olimpija Ljubljana,Vikingur Reykjavik,1,1,1,0.25,True,utc_time_competition_score_high_confidence_name,OK,True,True,True,NO_PUBLIC_XG
202021-0216,LIVE_REFRESH_VERIFIED,False,False,False,OK,2,3403130,8036,4594,Fehervar FC,Bohemian FC,1,0.6666666667,0.8333333333,0.3333333333,True,separated_utc_time_competition_score_alias,OK,True,True,True,NO_PUBLIC_XG
202021-0191,LIVE_REFRESH_VERIFIED,False,False,False,OK,4,3403110,4616,163540,Zalgiris Vilnius,Paide Linnameeskond,1,1,1,0.2664473684,True,utc_time_competition_score_high_confidence_name,OK,True,True,True,NO_PUBLIC_XG
202021-0196,LIVE_REFRESH_VERIFIED,False,False,False,OK,1,3403101,8422,8332,Rosenborg,Breidablik,0.8571428571,1,0.9285714286,0,True,utc_time_competition_score_high_confidence_name,OK,True,True,True,NO_PUBLIC_XG
202021-0199,LIVE_REFRESH_VERIFIED,False,False,False,OK,7,3403102,8248,355346,Hammarby,Puskas FC Academy,0.8421052632,0.8275862069,0.834845735,0.2648221344,True,utc_time_competition_score_high_confidence_name,OK,True,True,True,NO_PUBLIC_XG
202021-0200,LIVE_REFRESH_VERIFIED,False,False,False,OK,4,3403113,10237,2186,Malmö FF,Cracovia,1,0.6956521739,0.847826087,0.2720588235,True,separated_utc_time_competition_score_alias,OK,True,True,True,NO_PUBLIC_XG
202021-0205,LIVE_REFRESH_VERIFIED,False,False,False,OK,1,3403104,8071,6605,AGF Aarhus,Honka,1,0.625,0.8125,0,True,unique_utc_time_competition_score_alias,OK,True,True,True,NO_PUBLIC_XG
202021-0209,LIVE_REFRESH_VERIFIED,False,False,False,OK,6,3403116,9824,8040,FC Vaduz,Hibernians,1,1,1,0.2572463768,True,utc_time_competition_score_high_confidence_name,OK,True,True,True,NO_PUBLIC_XG
202021-0212,LIVE_REFRESH_VERIFIED,False,False,False,OK,4,3403117,2103,10031,Keshla,Laci,0.9090909091,0.7272727273,0.8181818182,0.2119565217,True,utc_time_competition_score_high_confidence_name,OK,True,True,True,NO_PUBLIC_XG
202021-0225,LIVE_REFRESH_VERIFIED,False,False,False,OK,7,3403133,10144,680637,PFC CSKA-Sofia,Sirens FC,0.8333333333,1,0.9166666667,0.2916666667,True,utc_time_competition_score_high_confidence_name,OK,True,True,True,NO_PUBLIC_XG
202021-0229,LIVE_REFRESH_VERIFIED,False,False,False,OK,7,3403141,7751,480286,Lokomotivi Tbilisi,CS Universitatea Craiova,1,0.9333333333,0.9666666667,0.2462121212,True,utc_time_competition_score_high_confidence_name,OK,True,True,True,NO_PUBLIC_XG
202021-0233,LIVE_REFRESH_VERIFIED,False,False,False,OK,6,3403142,784770,8621,Gjilani,APOEL Nicosia,1,1,1,0.3117408907,True,utc_time_competition_score_high_confidence_name,OK,True,True,True,NO_PUBLIC_XG
202021-0207,LIVE_REFRESH_VERIFIED,False,False,False,OK,6,3403127,8151,103598,FH Hafnarfjordur,DAC 1904 Dunajska Streda,0.875,0.8837209302,0.8793604651,0.2740740741,True,utc_time_competition_score_high_confidence_name,OK,True,True,True,NO_PUBLIC_XG
202021-0203,LIVE_REFRESH_VERIFIED,False,False,False,OK,4,3403114,10068,175683,Shakhtyor Soligorsk,FC Sfintul Gheorghe,0.8947368421,0.9375,0.9161184211,0.1990740741,True,utc_time_competition_score_high_confidence_name,OK,True,True,True,NO_PUBLIC_XG
202021-0208,LIVE_REFRESH_VERIFIED,False,False,False,OK,1,3403105,7852,6022,TNS,Zilina,1,0.75,0.875,0,True,utc_time_competition_score_high_confidence_name,OK,True,True,True,NO_PUBLIC_XG
202021-0213,LIVE_REFRESH_VERIFIED,False,False,False,OK,7,3403129,9754,6193,Hapoel Beer Sheva,Dinamo Batumi,1,1,1,0.2857142857,True,utc_time_competition_score_high_confidence_name,OK,True,True,True,NO_PUBLIC_XG
202021-0189,LIVE_REFRESH_VERIFIED,False,False,False,OK,1,3403121,8002,1588,B36 Torshavn,FCI Levadia,1,0.6363636364,0.8181818182,0,True,unique_utc_time_competition_score_alias,OK,True,True,True,NO_PUBLIC_XG
202021-0193,LIVE_REFRESH_VERIFIED,False,False,False,OK,7,3403100,10107,7951,Zrinjski Mostar,FC Differdange 03,1,1,1,0.2972027972,True,utc_time_competition_score_high_confidence_name,OK,True,True,True,NO_PUBLIC_XG
202021-0194,LIVE_REFRESH_VERIFIED,False,False,False,OK,3,3403111,2139,175654,Valletta,Bala Town,1,1,1,0.3019607843,True,utc_time_competition_score_high_confidence_name,OK,True,True,True,NO_PUBLIC_XG
202021-0201,LIVE_REFRESH_VERIFIED,False,False,False,OK,7,3403125,288599,10134,Kukesi,Slavia Sofia,1,1,1,0.3304347826,True,utc_time_competition_score_high_confidence_name,OK,True,True,True,NO_PUBLIC_XG
202021-0226,LIVE_REFRESH_VERIFIED,False,False,False,OK,6,3403134,561981,676140,CS Petrocub,TSC Backa Topola,0.5714285714,1,0.7857142857,0.2974137931,True,separated_utc_time_competition_score_alias,OK,True,True,True,NO_PUBLIC_XG
202021-0232,LIVE_REFRESH_VERIFIED,False,False,False,OK,3,3403140,205493,10129,FK Iskra,Lokomotiv Plovdiv,0.4545454545,1,0.7272727273,0.2023411371,True,separated_utc_time_competition_score_alias,OK,True,True,True,NO_PUBLIC_XG
202021-0210,LIVE_REFRESH_VERIFIED,False,False,False,OK,7,3403128,9777,10186,Servette,Ruzomberok,0.6956521739,0.8333333333,0.7644927536,0.3043981481,True,separated_utc_time_competition_score_alias,OK,True,True,True,NO_PUBLIC_XG
202021-0223,LIVE_REFRESH_VERIFIED,False,False,False,OK,7,3403108,9723,2211,FC FCSB,Shirak,1,0.6315789474,0.8157894737,0.2783882784,True,separated_utc_time_competition_score_alias,OK,True,True,True,NO_PUBLIC_XG
202021-0187,LIVE_REFRESH_VERIFIED,False,False,False,OK,2,3403098,8340,2202,Maribor,Coleraine,1,1,1,0.368627451,True,utc_time_competition_score_high_confidence_name,OK,True,True,True,NO_PUBLIC_XG
202021-0197,LIVE_REFRESH_VERIFIED,False,False,False,OK,1,3403112,8485,8110,Aberdeen,NSI Runavik,1,1,1,0,True,utc_time_competition_score_high_confidence_name,OK,True,True,True,NO_PUBLIC_XG
202021-0198,LIVE_REFRESH_VERIFIED,False,False,False,OK,2,3403124,9927,2203,Motherwell,Glentoran,1,1,1,0.2264957265,True,utc_time_competition_score_high_confidence_name,OK,True,True,True,NO_PUBLIC_XG
202021-0192,LIVE_REFRESH_VERIFIED,False,False,False,OK,7,3403122,7779,6550,Budapest Honved,FC Inter Turku,0.5333333333,1,0.7666666667,0.303030303,True,separated_utc_time_competition_score_alias,OK,True,True,True,NO_PUBLIC_XG
202021-0206,LIVE_REFRESH_VERIFIED,False,False,False,OK,1,3403115,4131,162146,Shamrock Rovers,Ilves,1,0.5555555556,0.7777777778,0,True,unique_utc_time_competition_score_alias,OK,True,True,True,NO_PUBLIC_XG
202021-0220,LIVE_REFRESH_VERIFIED,False,False,False,OK,2,3403107,7998,248871,Partizan Beograd,RFS,0.9090909091,1,0.9545454545,0.2727272727,True,utc_time_competition_score_high_confidence_name,OK,True,True,True,NO_PUBLIC_XG
202021-0221,LIVE_REFRESH_VERIFIED,False,False,False,OK,7,3403138,2182,197871,Lech Poznan,Valmiera FC,1,0.9411764706,0.9705882353,0.2892976589,True,utc_time_competition_score_high_confidence_name,OK,True,True,True,NO_PUBLIC_XG
202021-0218,LIVE_REFRESH_VERIFIED,False,False,False,OK,1,3403119,10185,10108,Maccabi Haifa,Zeljeznicar,1,0.7096774194,0.8548387097,0,True,utc_time_competition_score_high_confidence_name,OK,True,True,True,NO_PUBLIC_XG
202021-0214,LIVE_REFRESH_VERIFIED,False,False,False,OK,1,3403144,112484,2172,Nomme JK Kalju,Mura,0.4,0.3636363636,0.3818181818,0,False,identity_below_threshold_or_ambiguous,NOT_REQUESTED,False,False,False,IDENTITY_AMBIGUOUS
202021-0040,LIVE_REFRESH_VERIFIED,False,False,False,OK,1,3423636,8688,10229,Dynamo Kyiv,AZ Alkmaar,0.8181818182,1,0.9090909091,0,True,utc_time_competition_score_high_confidence_name,OK,True,True,True,NO_PUBLIC_XG
202021-0039,LIVE_REFRESH_VERIFIED,False,False,False,OK,5,3423635,8619,9772,PAOK Thessaloniki FC,Benfica,1,1,1,0.2023411371,True,utc_time_competition_score_high_confidence_name,OK,True,True,True,ACCEPTED
202021-0041,LIVE_REFRESH_VERIFIED,False,False,False,OK,5,3423637,9991,10015,Gent,Rapid Wien,0.7272727273,1,0.8636363636,0.2761904762,True,utc_time_competition_score_high_confidence_name,OK,True,True,True,NO_PUBLIC_XG
202021-0036,LIVE_REFRESH_VERIFIED,False,False,False,OK,1,3423632,8044,8687,Omonia Nicosia,FK Crvena Zvezda,1,1,1,0,True,utc_time_competition_score_high_confidence_name,OK,True,True,True,NO_PUBLIC_XG
202021-0246,LIVE_REFRESH_VERIFIED,False,False,False,OK,2,3423651,7953,8525,FC Progres Niederkorn,Willem II,1,0.6923076923,0.8461538462,0.2009803922,True,separated_utc_time_competition_score_alias,OK,True,True,True,NO_PUBLIC_XG
202021-0034,LIVE_REFRESH_VERIFIED,False,False,False,OK,5,3423630,8222,10156,Ferencvaros,Dinamo Zagreb,1,1,1,0.2637681159,True,utc_time_competition_score_high_confidence_name,OK,True,True,True,NO_PUBLIC_XG
202021-0035,LIVE_REFRESH_VERIFIED,False,False,False,OK,3,3423631,7981,9917,Qarabag FK,Molde,1,1,1,0.2163461538,True,utc_time_competition_score_high_confidence_name,OK,True,True,True,NO_PUBLIC_XG
202021-0038,LIVE_REFRESH_VERIFIED,False,False,False,OK,2,3423634,7855,10065,Maccabi Tel Aviv,Dynamo Brest,1,1,1,0.08391608392,True,utc_time_competition_score_high_confidence_name,OK,True,True,True,NO_PUBLIC_XG
202021-0234,LIVE_REFRESH_VERIFIED,False,False,False,OK,1,3423647,8248,2182,Hammarby,Lech Poznan,0.8421052632,1,0.9210526316,0,True,utc_time_competition_score_high_confidence_name,OK,True,True,True,NO_PUBLIC_XG
202021-0240,LIVE_REFRESH_VERIFIED,False,False,False,OK,2,3423649,8002,7852,B36 Torshavn,TNS,1,1,1,0.2673992674,True,utc_time_competition_score_high_confidence_name,OK,True,True,True,NO_PUBLIC_XG
202021-0037,LIVE_REFRESH_VERIFIED,False,False,False,OK,1,3423633,8113,10192,Midtjylland,Young Boys,1,1,1,0,True,utc_time_competition_score_high_confidence_name,OK,True,True,True,NO_PUBLIC_XG
202021-0235,LIVE_REFRESH_VERIFIED,False,False,False,OK,1,3423659,2125,8621,Kaisar Kyzylorda,APOEL Nicosia,0.9375,1,0.96875,0,True,utc_time_competition_score_high_confidence_name,OK,True,True,True,NO_PUBLIC_XG
202021-0256,LIVE_REFRESH_VERIFIED,False,False,False,OK,2,3423666,8624,8422,Ventspils,Rosenborg,1,0.8571428571,0.9285714286,0.1945701357,True,utc_time_competition_score_high_confidence_name,OK,True,True,True,NO_PUBLIC_XG
202021-0261,LIVE_REFRESH_VERIFIED,False,False,False,OK,10,3423656,4538,10154,Renova,Hajduk Split,0.5454545455,1,0.7727272727,0.3453947368,True,separated_utc_time_competition_score_alias,OK,True,True,True,NO_PUBLIC_XG
202021-0244,LIVE_REFRESH_VERIFIED,False,False,False,OK,2,3423662,10037,7878,Teuta Durres,Granada,1,1,1,0.2291666667,True,utc_time_competition_score_high_confidence_name,OK,True,True,True,NO_PUBLIC_XG
202021-0277,LIVE_REFRESH_VERIFIED,False,False,False,OK,10,3423687,166865,8627,FC Astana,Buducnost Podgorica,1,1,1,0.3110599078,True,utc_time_competition_score_high_confidence_name,OK,True,True,True,NO_PUBLIC_XG
202021-0278,LIVE_REFRESH_VERIFIED,False,False,False,OK,1,3423688,866109,132044,Ararat Armenia,CS Fola Esch,1,1,1,0,True,utc_time_competition_score_high_confidence_name,OK,True,True,True,NO_PUBLIC_XG
202021-0258,LIVE_REFRESH_VERIFIED,False,False,False,OK,2,3423655,545012,8548,Lincoln Red Imps FC,Rangers,1,0.6363636364,0.8181818182,0.2009803922,True,separated_utc_time_competition_score_alias,OK,True,True,True,NO_PUBLIC_XG
202021-0271,LIVE_REFRESH_VERIFIED,False,False,False,OK,1,3423691,1693,6019,KuPS,Slovan Bratislava,1,1,1,0,True,utc_time_competition_score_high_confidence_name,OK,True,True,True,NO_PUBLIC_XG
202021-0251,LIVE_REFRESH_VERIFIED,False,False,False,OK,10,3423676,188191,2234,Botosani,KF Shkendija,1,0.8571428571,0.9285714286,0.3571428571,True,utc_time_competition_score_high_confidence_name,OK,True,True,True,NO_PUBLIC_XG
202021-0239,LIVE_REFRESH_VERIFIED,False,False,False,OK,1,3423672,4617,8637,FK Neftchi,Galatasaray,0.7368421053,1,0.8684210526,0,True,utc_time_competition_score_high_confidence_name,OK,True,True,True,NO_PUBLIC_XG
202021-0242,LIVE_REFRESH_VERIFIED,False,False,False,OK,5,3423673,9893,8391,IFK Göteborg,FC København,1,1,1,0.2917771883,True,utc_time_competition_score_high_confidence_name,OK,True,True,True,NO_PUBLIC_XG
202021-0252,LIVE_REFRESH_VERIFIED,False,False,False,OK,5,3423653,10129,8586,Lokomotiv Plovdiv,Tottenham Hotspur,1,1,1,0.2917771883,True,utc_time_competition_score_high_confidence_name,OK,True,True,True,NO_PUBLIC_XG
202021-0257,LIVE_REFRESH_VERIFIED,False,False,False,OK,2,3423678,257518,10245,Riteriai,Slovan Liberec,1,1,1,0.189258312,True,utc_time_competition_score_high_confidence_name,OK,True,True,True,NO_PUBLIC_XG
202021-0269,LIVE_REFRESH_VERIFIED,False,False,False,OK,1,3423682,8402,4616,Bodø/Glimt,Zalgiris Vilnius,1,1,1,0,True,utc_time_competition_score_high_confidence_name,OK,True,True,True,NO_PUBLIC_XG
202021-0262,LIVE_REFRESH_VERIFIED,False,False,False,OK,1,3423668,7872,10107,Olimpija Ljubljana,Zrinjski Mostar,1,1,1,0,True,utc_time_competition_score_high_confidence_name,OK,True,True,True,NO_PUBLIC_XG
202021-0275,LIVE_REFRESH_VERIFIED,False,False,False,OK,4,3423685,8155,8130,Flora Tallinn,KR Reykjavik,1,1,1,0.2415458937,True,utc_time_competition_score_high_confidence_name,OK,True,True,True,NO_PUBLIC_XG
202021-0237,LIVE_REFRESH_VERIFIED,False,False,False,OK,4,3423648,10185,8037,Maccabi Haifa,Kairat Almaty,1,1,1,0.2444168734,True,utc_time_competition_score_high_confidence_name,OK,True,True,True,NO_PUBLIC_XG
202021-0238,LIVE_REFRESH_VERIFIED,False,False,False,OK,4,3423660,7751,9763,Lokomotivi Tbilisi,Dinamo Moscow,1,1,1,0.2444168734,True,utc_time_competition_score_high_confidence_name,OK,True,True,True,NO_PUBLIC_XG
202021-0245,LIVE_REFRESH_VERIFIED,False,False,False,OK,10,3423674,7753,8003,OFI Crete,Apollon Limassol,0.4545454545,1,0.7272727273,0.3571428571,True,separated_utc_time_competition_score_alias,OK,True,True,True,NO_PUBLIC_XG
202021-0249,LIVE_REFRESH_VERIFIED,False,False,False,OK,10,3423652,175683,7998,FC Sfintul Gheorghe,Partizan Beograd,0.9375,0.9090909091,0.9232954545,0.2833333333,True,utc_time_competition_score_high_confidence_name,OK,True,True,True,NO_PUBLIC_XG
202021-0250,LIVE_REFRESH_VERIFIED,False,False,False,OK,2,3423664,10144,10063,PFC CSKA-Sofia,BATE Borisov,0.8333333333,1,0.9166666667,0.3571428571,True,utc_time_competition_score_high_confidence_name,OK,True,True,True,NO_PUBLIC_XG
202021-0253,LIVE_REFRESH_VERIFIED,False,False,False,OK,5,3423665,10031,9754,Laci,Hapoel Beer Sheva,0.7272727273,1,0.8636363636,0.2975708502,True,utc_time_competition_score_high_confidence_name,OK,True,True,True,NO_PUBLIC_XG
202021-0268,LIVE_REFRESH_VERIFIED,False,False,False,OK,10,3423670,8040,8036,Hibernians,Fehervar FC,1,1,1,0.3166666667,True,utc_time_competition_score_high_confidence_name,OK,True,True,True,NO_PUBLIC_XG
202021-0274,LIVE_REFRESH_VERIFIED,False,False,False,OK,4,3423684,9802,545013,Djurgården,Europa FC,0.8333333333,1,0.9166666667,0.253411306,True,utc_time_competition_score_high_confidence_name,OK,True,True,True,NO_PUBLIC_XG
202021-0279,LIVE_REFRESH_VERIFIED,False,False,False,OK,10,3423689,2193,7755,Connah's Quay,Dinamo Tbilisi,1,1,1,0.2939244663,True,utc_time_competition_score_high_confidence_name,OK,True,True,True,NO_PUBLIC_XG
202021-0270,LIVE_REFRESH_VERIFIED,False,False,False,OK,10,3423690,10050,1853,Inter Club d'Escaldes,Dundalk,1,1,1,0.3416666667,True,utc_time_competition_score_high_confidence_name,OK,True,True,True,NO_PUBLIC_XG
202021-0248,LIVE_REFRESH_VERIFIED,False,False,False,OK,2,3423675,9985,175654,Standard Liege,Bala Town,1,1,1,0.2976190476,True,utc_time_competition_score_high_confidence_name,OK,True,True,True,NO_PUBLIC_XG
202021-0254,LIVE_REFRESH_VERIFIED,False,False,False,OK,5,3423677,8239,599924,Aris Thessaloniki FC,FC Kolos Kovalivka,1,1,1,0.2514880952,True,utc_time_competition_score_high_confidence_name,OK,True,True,True,NO_PUBLIC_XG
202021-0260,LIVE_REFRESH_VERIFIED,False,False,False,OK,5,3423679,10116,7841,Borac Banja Luka,Rio Ave,1,1,1,0.3409090909,True,utc_time_competition_score_high_confidence_name,OK,True,True,True,NO_PUBLIC_XG
202021-0263,LIVE_REFRESH_VERIFIED,False,False,False,OK,2,3423680,288599,8721,Kukesi,Wolfsburg,1,0.8181818182,0.9090909091,0.2166666667,True,utc_time_competition_score_high_confidence_name,OK,True,True,True,NO_PUBLIC_XG
202021-0265,LIVE_REFRESH_VERIFIED,False,False,False,OK,1,3423669,8028,10056,Piast Gliwice,Hartberg,1,0.8,0.9,0,True,utc_time_competition_score_high_confidence_name,OK,True,True,True,NO_PUBLIC_XG
202021-0267,LIVE_REFRESH_VERIFIED,False,False,False,OK,5,3423658,4131,8564,Shamrock Rovers,Milan,1,1,1,0.3428571429,True,utc_time_competition_score_high_confidence_name,OK,True,True,True,NO_PUBLIC_XG
202021-0276,LIVE_REFRESH_VERIFIED,False,False,False,OK,5,3423686,6187,784771,FK Sileks,Drita,0.6,1,0.8,0.4068965517,True,separated_utc_time_competition_score_alias,OK,True,True,True,NO_PUBLIC_XG
202021-0236,LIVE_REFRESH_VERIFIED,False,False,False,OK,1,3423671,2172,8071,Mura,AGF Aarhus,0.3636363636,1,0.6818181818,0,True,unique_utc_time_competition_score_alias,OK,True,True,True,NO_PUBLIC_XG
202021-0241,LIVE_REFRESH_VERIFIED,False,False,False,OK,2,3423661,2202,9927,Coleraine,Motherwell,1,1,1,0.2673992674,True,utc_time_competition_score_high_confidence_name,OK,True,True,True,NO_PUBLIC_XG
202021-0247,LIVE_REFRESH_VERIFIED,False,False,False,OK,5,3423663,8478,8485,Viking,Aberdeen,0.5454545455,1,0.7727272727,0.2506203474,True,separated_utc_time_competition_score_alias,OK,True,True,True,NO_PUBLIC_XG
202021-0259,LIVE_REFRESH_VERIFIED,False,False,False,OK,10,3423667,9777,9837,Servette,Reims,0.6956521739,0.5263157895,0.6109839817,0.3333333333,True,separated_utc_time_competition_score_alias,OK,True,True,True,NO_PUBLIC_XG
202021-0264,LIVE_REFRESH_VERIFIED,False,False,False,OK,1,3423657,103598,7758,DAC 1904 Dunajska Streda,Jablonec,0.8837209302,1,0.9418604651,0,True,utc_time_competition_score_high_confidence_name,OK,True,True,True,NO_PUBLIC_XG
202021-0266,LIVE_REFRESH_VERIFIED,False,False,False,OK,5,3423681,10157,9931,Osijek,Basel,1,1,1,0.253968254,True,utc_time_competition_score_high_confidence_name,OK,True,True,True,NO_PUBLIC_XG
202021-0272,LIVE_REFRESH_VERIFIED,False,False,False,OK,10,3423692,7971,1580,Linfield,Floriana,0.6666666667,1,0.8333333333,0.3798076923,True,separated_utc_time_competition_score_alias,OK,True,True,True,NO_PUBLIC_XG
202021-0243,LIVE_REFRESH_VERIFIED,False,False,False,OK,1,3423650,676140,9723,TSC Backa Topola,FC FCSB,1,1,1,0,True,utc_time_competition_score_high_confidence_name,OK,True,True,True,NO_PUBLIC_XG
202021-0255,LIVE_REFRESH_VERIFIED,False,False,False,OK,5,3423654,7779,10237,Budapest Honved,Malmö FF,0.5333333333,1,0.7666666667,0.3205128205,True,separated_utc_time_competition_score_alias,OK,True,True,True,NO_PUBLIC_XG
202021-0273,LIVE_REFRESH_VERIFIED,False,False,False,OK,1,3423683,624924,163543,Riga FC,Tre Fiori,1,1,1,0,True,utc_time_competition_score_high_confidence_name,OK,True,True,True,NO_PUBLIC_XG
202021-0042,LIVE_REFRESH_VERIFIED,False,False,False,OK,4,3425324,7787,8113,Slavia Prague,Midtjylland,0.8,1,0.9,0.3808049536,True,utc_time_competition_score_high_confidence_name,OK,True,True,True,NO_PUBLIC_XG
202021-0044,LIVE_REFRESH_VERIFIED,False,False,False,OK,2,3425325,7855,10013,Maccabi Tel Aviv,Salzburg,1,1,1,0.1026315789,True,utc_time_competition_score_high_confidence_name,OK,True,True,True,NO_PUBLIC_XG
202021-0050,LIVE_REFRESH_VERIFIED,False,False,False,OK,1,3425328,168719,8619,FC Krasnodar,PAOK Thessaloniki FC,1,1,1,0,True,utc_time_competition_score_high_confidence_name,OK,True,True,True,NO_PUBLIC_XG
202021-0296,LIVE_REFRESH_VERIFIED,False,False,False,OK,1,3425417,8003,2182,Apollon Limassol,Lech Poznan,1,1,1,0,True,utc_time_competition_score_high_confidence_name,OK,True,True,True,NO_PUBLIC_XG
202021-0046,LIVE_REFRESH_VERIFIED,False,False,False,OK,1,3425326,8638,8044,Olympiacos,Omonia Nicosia,0.6428571429,1,0.8214285714,0,True,unique_utc_time_competition_score_alias,OK,True,True,True,NO_PUBLIC_XG
202021-0048,LIVE_REFRESH_VERIFIED,False,False,False,OK,1,3425327,9917,8222,Molde,Ferencvaros,1,1,1,0,True,utc_time_competition_score_high_confidence_name,OK,True,True,True,NO_PUBLIC_XG
202021-0052,LIVE_REFRESH_VERIFIED,False,False,False,OK,2,3425329,9991,8688,Gent,Dynamo Kyiv,0.7272727273,0.8181818182,0.7727272727,0.2265446224,True,separated_utc_time_competition_score_alias,OK,True,True,True,NO_PUBLIC_XG
202021-0308,LIVE_REFRESH_VERIFIED,False,False,False,OK,3,3425433,866109,4622,Ararat Armenia,NK Celje,1,1,1,0.2738461538,True,utc_time_competition_score_high_confidence_name,OK,True,True,True,NO_PUBLIC_XG
202021-0310,LIVE_REFRESH_VERIFIED,False,False,False,OK,6,3425435,1693,8337,KuPS,Suduva,1,0.5,0.75,0.229468599,True,separated_utc_time_competition_score_alias,OK,True,True,True,NO_PUBLIC_XG
202021-0286,LIVE_REFRESH_VERIFIED,False,False,False,OK,2,3425408,8036,9837,Fehervar FC,Reims,1,0.5263157895,0.7631578947,0.2986111111,True,separated_utc_time_competition_score_alias,OK,True,True,True,NO_PUBLIC_XG
202021-0303,LIVE_REFRESH_VERIFIED,False,False,False,OK,3,3425426,6033,8487,Viktoria Plzen,SønderjyskE,1,1,1,0.2989130435,True,utc_time_competition_score_high_confidence_name,OK,True,True,True,NO_PUBLIC_XG
202021-0294,LIVE_REFRESH_VERIFIED,False,False,False,OK,1,3425444,8705,10185,FC Rostov,Maccabi Haifa,1,1,1,0,True,utc_time_competition_score_high_confidence_name,OK,True,True,True,NO_PUBLIC_XG
202021-0280,LIVE_REFRESH_VERIFIED,False,False,False,OK,1,3425445,2172,8640,Mura,PSV Eindhoven,0.3636363636,1,0.6818181818,0,True,unique_utc_time_competition_score_alias,OK,True,True,True,NO_PUBLIC_XG
202021-0281,LIVE_REFRESH_VERIFIED,False,False,False,OK,1,3425412,10237,175388,Malmö FF,NK Lokomotiva,1,0.7407407407,0.8703703704,0,True,utc_time_competition_score_high_confidence_name,OK,True,True,True,NO_PUBLIC_XG
202021-0283,LIVE_REFRESH_VERIFIED,False,False,False,OK,3,3425407,9986,7998,Sporting Charleroi,Partizan Beograd,0.6666666667,0.9090909091,0.7878787879,0.2908496732,True,separated_utc_time_competition_score_alias,OK,True,True,True,NO_PUBLIC_XG
202021-0284,LIVE_REFRESH_VERIFIED,False,False,False,OK,3,3425413,8422,4678,Rosenborg,Alanyaspor,0.8571428571,1,0.9285714286,0.3285024155,True,utc_time_competition_score_high_confidence_name,OK,True,True,True,NO_PUBLIC_XG
202021-0297,LIVE_REFRESH_VERIFIED,False,False,False,OK,2,3425422,10188,7841,Besiktas,Rio Ave,1,1,1,0.2047619048,True,utc_time_competition_score_high_confidence_name,OK,True,True,True,NO_PUBLIC_XG
202021-0305,LIVE_REFRESH_VERIFIED,False,False,False,OK,1,3425430,10144,8002,PFC CSKA-Sofia,B36 Torshavn,0.8333333333,1,0.9166666667,0,True,utc_time_competition_score_high_confidence_name,OK,True,True,True,NO_PUBLIC_XG
202021-0309,LIVE_REFRESH_VERIFIED,False,False,False,OK,3,3425434,624924,9925,Riga FC,Celtic,1,1,1,0.3571428571,True,utc_time_competition_score_high_confidence_name,OK,True,True,True,NO_PUBLIC_XG
202021-0313,LIVE_REFRESH_VERIFIED,False,False,False,OK,3,3425438,9802,9731,Djurgården,CFR Cluj,0.8333333333,1,0.9166666667,0.3095238095,True,utc_time_competition_score_high_confidence_name,OK,True,True,True,NO_PUBLIC_XG
202021-0314,LIVE_REFRESH_VERIFIED,False,False,False,OK,2,3425439,1580,8155,Floriana,Flora Tallinn,1,1,1,0.2986111111,True,utc_time_competition_score_high_confidence_name,OK,True,True,True,NO_PUBLIC_XG
202021-0298,LIVE_REFRESH_VERIFIED,False,False,False,OK,1,3425423,9723,10245,FC FCSB,Slovan Liberec,1,1,1,0,True,utc_time_competition_score_high_confidence_name,OK,True,True,True,NO_PUBLIC_XG
202021-0299,LIVE_REFRESH_VERIFIED,False,False,False,OK,3,3425425,9754,9927,Hapoel Beer Sheva,Motherwell,1,1,1,0.279264214,True,utc_time_competition_score_high_confidence_name,OK,True,True,True,NO_PUBLIC_XG
202021-0287,LIVE_REFRESH_VERIFIED,False,False,False,OK,6,3425414,7878,7751,Granada,Lokomotivi Tbilisi,1,1,1,0.3356643357,True,utc_time_competition_score_high_confidence_name,OK,True,True,True,NO_PUBLIC_XG
202021-0292,LIVE_REFRESH_VERIFIED,False,False,False,OK,1,3425410,2234,8586,KF Shkendija,Tottenham Hotspur,0.8571428571,1,0.9285714286,0,True,utc_time_competition_score_high_confidence_name,OK,True,True,True,NO_PUBLIC_XG
202021-0293,LIVE_REFRESH_VERIFIED,False,False,False,OK,3,3425416,9985,6406,Standard Liege,Vojvodina,1,0.6666666667,0.8333333333,0.316953317,True,separated_utc_time_competition_score_alias,OK,True,True,True,NO_PUBLIC_XG
202021-0300,LIVE_REFRESH_VERIFIED,False,False,False,OK,3,3425427,8391,8028,FC København,Piast Gliwice,1,1,1,0.2989130435,True,utc_time_competition_score_high_confidence_name,OK,True,True,True,NO_PUBLIC_XG
202021-0302,LIVE_REFRESH_VERIFIED,False,False,False,OK,6,3425424,8637,10154,Galatasaray,Hajduk Split,1,1,1,0.3764705882,True,utc_time_competition_score_high_confidence_name,OK,True,True,True,NO_PUBLIC_XG
202021-0304,LIVE_REFRESH_VERIFIED,False,False,False,OK,1,3425428,8621,10107,APOEL Nicosia,Zrinjski Mostar,1,1,1,0,True,utc_time_competition_score_high_confidence_name,OK,True,True,True,NO_PUBLIC_XG
202021-0306,LIVE_REFRESH_VERIFIED,False,False,False,OK,3,3425431,10105,8627,FK Sarajevo,Buducnost Podgorica,1,1,1,0.3603896104,True,utc_time_competition_score_high_confidence_name,OK,True,True,True,NO_PUBLIC_XG
202021-0307,LIVE_REFRESH_VERIFIED,False,False,False,OK,2,3425432,9729,1853,FC Sheriff,Dundalk,0.6086956522,1,0.8043478261,0.2797619048,True,separated_utc_time_competition_score_alias,OK,True,True,True,NO_PUBLIC_XG
202021-0312,LIVE_REFRESH_VERIFIED,False,False,False,OK,1,3425437,8106,7755,Klaksvik,Dinamo Tbilisi,0.8421052632,1,0.9210526316,0,True,utc_time_competition_score_high_confidence_name,OK,True,True,True,NO_PUBLIC_XG
202021-0285,LIVE_REFRESH_VERIFIED,False,False,False,OK,6,3425419,8721,2144,Wolfsburg,Desna,0.8181818182,0.5,0.6590909091,0.2481481481,True,separated_utc_time_competition_score_alias,OK,True,True,True,NO_PUBLIC_XG
202021-0289,LIVE_REFRESH_VERIFIED,False,False,False,OK,3,3425409,10190,8563,St. Gallen,AEK Athens,0.8571428571,1,0.9285714286,0.25,True,utc_time_competition_score_high_confidence_name,OK,True,True,True,NO_PUBLIC_XG
202021-0290,LIVE_REFRESH_VERIFIED,False,False,False,OK,1,3425415,9977,103598,LASK,DAC 1904 Dunajska Streda,1,0.8837209302,0.9418604651,0,True,utc_time_competition_score_high_confidence_name,OK,True,True,True,NO_PUBLIC_XG
202021-0291,LIVE_REFRESH_VERIFIED,False,False,False,OK,2,3425421,8564,8402,Milan,Bodø/Glimt,1,1,1,0.2052631579,True,utc_time_competition_score_high_confidence_name,OK,True,True,True,NO_PUBLIC_XG
202021-0301,LIVE_REFRESH_VERIFIED,False,False,False,OK,2,3425429,9931,6243,Basel,Anorthosis,1,0.6666666667,0.8333333333,0.1689655172,True,separated_utc_time_competition_score_alias,OK,True,True,True,NO_PUBLIC_XG
202021-0311,LIVE_REFRESH_VERIFIED,False,False,False,OK,6,3425436,8673,784771,Legia Warszawa,Drita,0.9230769231,1,0.9615384615,0.3938618926,True,utc_time_competition_score_high_confidence_name,OK,True,True,True,NO_PUBLIC_XG
202021-0288,LIVE_REFRESH_VERIFIED,False,False,False,OK,6,3425420,10162,599924,Rijeka,FC Kolos Kovalivka,1,1,1,0.3356643357,True,utc_time_competition_score_high_confidence_name,OK,True,True,True,NO_PUBLIC_XG
202021-0282,LIVE_REFRESH_VERIFIED,False,False,False,OK,3,3425418,9768,8485,Sporting CP,Aberdeen,0.7586206897,1,0.8793103448,0.2592592593,True,utc_time_competition_score_high_confidence_name,OK,True,True,True,NO_PUBLIC_XG
202021-0295,LIVE_REFRESH_VERIFIED,False,False,False,OK,1,3425411,8525,8548,Willem II,Rangers,0.6923076923,0.6363636364,0.6643356643,0,True,unique_utc_time_competition_score_alias,OK,True,True,True,NO_PUBLIC_XG
202021-0047,LIVE_REFRESH_VERIFIED,False,False,False,OK,2,3425332,8044,8638,Omonia Nicosia,Olympiacos,1,0.6428571429,0.8214285714,0.2904347826,True,separated_utc_time_competition_score_alias,OK,True,True,True,NO_PUBLIC_XG
202021-0049,LIVE_REFRESH_VERIFIED,False,False,False,OK,2,3425333,8222,9917,Ferencvaros,Molde,1,1,1,0.2933333333,True,utc_time_competition_score_high_confidence_name,OK,True,True,True,NO_PUBLIC_XG
202021-0053,LIVE_REFRESH_VERIFIED,False,False,False,OK,1,3425335,8688,9991,Dynamo Kyiv,Gent,0.8181818182,0.7272727273,0.7727272727,0,True,unique_utc_time_competition_score_alias,OK,True,True,True,ACCEPTED
202021-0043,LIVE_REFRESH_VERIFIED,False,False,False,OK,1,3425330,8113,7787,Midtjylland,Slavia Prague,1,0.8,0.9,0,True,utc_time_competition_score_high_confidence_name,OK,True,True,True,NO_PUBLIC_XG
202021-0045,LIVE_REFRESH_VERIFIED,False,False,False,OK,1,3425331,10013,7855,Salzburg,Maccabi Tel Aviv,1,1,1,0,True,utc_time_competition_score_high_confidence_name,OK,True,True,True,NO_PUBLIC_XG
202021-0051,LIVE_REFRESH_VERIFIED,False,False,False,OK,1,3425334,8619,168719,PAOK Thessaloniki FC,FC Krasnodar,1,1,1,0,True,utc_time_competition_score_high_confidence_name,OK,True,True,True,NO_PUBLIC_XG
202021-0330,LIVE_REFRESH_VERIFIED,False,False,False,OK,4,3449162,9731,1693,CFR Cluj,KuPS,1,1,1,0.2333333333,True,utc_time_competition_score_high_confidence_name,OK,True,True,True,NO_PUBLIC_XG
202021-0316,LIVE_REFRESH_VERIFIED,False,False,False,OK,2,3449168,8422,8640,Rosenborg,PSV Eindhoven,0.8571428571,1,0.9285714286,0.2217741935,True,utc_time_competition_score_high_confidence_name,OK,True,True,True,NO_PUBLIC_XG
202021-0320,LIVE_REFRESH_VERIFIED,False,False,False,OK,2,3449172,9986,2182,Sporting Charleroi,Lech Poznan,0.6666666667,1,0.8333333333,0.2989130435,True,separated_utc_time_competition_score_alias,OK,True,True,True,NO_PUBLIC_XG
202021-0323,LIVE_REFRESH_VERIFIED,False,False,False,OK,2,3449175,10237,7878,Malmö FF,Granada,1,1,1,0.2490842491,True,utc_time_competition_score_high_confidence_name,OK,True,True,True,NO_PUBLIC_XG
202021-0325,LIVE_REFRESH_VERIFIED,False,False,False,OK,2,3449177,10245,8621,Slovan Liberec,APOEL Nicosia,1,1,1,0.2078853047,True,utc_time_competition_score_high_confidence_name,OK,True,True,True,NO_PUBLIC_XG
202021-0329,LIVE_REFRESH_VERIFIED,False,False,False,OK,4,3449160,10156,8155,Dinamo Zagreb,Flora Tallinn,1,1,1,0.2928571429,True,utc_time_competition_score_high_confidence_name,OK,True,True,True,NO_PUBLIC_XG
202021-0331,LIVE_REFRESH_VERIFIED,False,False,False,OK,2,3449161,866109,8687,Ararat Armenia,FK Crvena Zvezda,1,1,1,0.25,True,utc_time_competition_score_high_confidence_name,OK,True,True,True,NO_PUBLIC_XG
202021-0315,LIVE_REFRESH_VERIFIED,False,False,False,OK,2,3449167,9754,6033,Hapoel Beer Sheva,Viktoria Plzen,1,1,1,0.3094384707,True,utc_time_competition_score_high_confidence_name,OK,True,True,True,NO_PUBLIC_XG
202021-0322,LIVE_REFRESH_VERIFIED,False,False,False,OK,2,3449174,8391,10162,FC København,Rijeka,1,1,1,0.2009803922,True,utc_time_competition_score_high_confidence_name,OK,True,True,True,NO_PUBLIC_XG
202021-0326,LIVE_REFRESH_VERIFIED,False,False,False,OK,4,3449178,9985,8036,Standard Liege,Fehervar FC,1,1,1,0.291005291,True,utc_time_competition_score_high_confidence_name,OK,True,True,True,NO_PUBLIC_XG
202021-0332,LIVE_REFRESH_VERIFIED,False,False,False,OK,2,3449163,10065,210173,Dynamo Brest,Ludogorets Razgrad,1,1,1,0.2396313364,True,utc_time_competition_score_high_confidence_name,OK,True,True,True,NO_PUBLIC_XG
202021-0333,LIVE_REFRESH_VERIFIED,False,False,False,OK,2,3449164,10105,9925,FK Sarajevo,Celtic,1,1,1,0.2009803922,True,utc_time_competition_score_high_confidence_name,OK,True,True,True,NO_PUBLIC_XG
202021-0334,LIVE_REFRESH_VERIFIED,False,False,False,OK,1,3449165,8673,7981,Legia Warszawa,Qarabag FK,0.9230769231,1,0.9615384615,0,True,utc_time_competition_score_high_confidence_name,OK,True,True,True,NO_PUBLIC_XG
202021-0318,LIVE_REFRESH_VERIFIED,False,False,False,OK,2,3449170,9931,10144,Basel,PFC CSKA-Sofia,1,0.8333333333,0.9166666667,0.2714932127,True,utc_time_competition_score_high_confidence_name,OK,True,True,True,NO_PUBLIC_XG
202021-0328,LIVE_REFRESH_VERIFIED,False,False,False,OK,1,3449159,10192,10029,Young Boys,KF Tirana,1,1,1,0,True,utc_time_competition_score_high_confidence_name,OK,True,True,True,NO_PUBLIC_XG
202021-0335,LIVE_REFRESH_VERIFIED,False,False,False,OK,4,3449166,1853,8106,Dundalk,Klaksvik,1,0.8421052632,0.9210526316,0.2431077694,True,utc_time_competition_score_high_confidence_name,OK,True,True,True,NO_PUBLIC_XG
202021-0317,LIVE_REFRESH_VERIFIED,False,False,False,OK,2,3449169,8563,8721,AEK Athens,Wolfsburg,1,0.8181818182,0.9090909091,0.3014705882,True,utc_time_competition_score_high_confidence_name,OK,True,True,True,NO_PUBLIC_XG
202021-0327,LIVE_REFRESH_VERIFIED,False,False,False,OK,2,3449179,8548,8637,Rangers,Galatasaray,0.6363636364,1,0.8181818182,0.13,True,separated_utc_time_competition_score_alias,OK,True,True,True,NO_PUBLIC_XG
202021-0319,LIVE_REFRESH_VERIFIED,False,False,False,OK,1,3449171,9768,9977,Sporting CP,LASK,0.7586206897,1,0.8793103448,0,True,utc_time_competition_score_high_confidence_name,OK,True,True,True,NO_PUBLIC_XG
202021-0321,LIVE_REFRESH_VERIFIED,False,False,False,OK,1,3449173,7841,8564,Rio Ave,Milan,1,1,1,0,True,utc_time_competition_score_high_confidence_name,OK,True,True,True,NO_PUBLIC_XG
202021-0324,LIVE_REFRESH_VERIFIED,False,False,False,OK,1,3449176,8586,10185,Tottenham Hotspur,Maccabi Haifa,1,1,1,0,True,utc_time_competition_score_high_confidence_name,OK,True,True,True,NO_PUBLIC_XG
202021-0064,LIVE_REFRESH_VERIFIED,False,False,False,OK,2,3461830,8698,8342,Zenit St. Petersburg,Club Brugge,1,1,1,0.26201373,True,utc_time_competition_score_high_confidence_name,OK,True,True,True,ACCEPTED
202021-0067,LIVE_REFRESH_VERIFIED,False,False,False,OK,1,3462006,8688,9885,Dynamo Kyiv,Juventus,0.8181818182,1,0.9090909091,0,True,utc_time_competition_score_high_confidence_name,OK,True,True,True,ACCEPTED
202021-0062,LIVE_REFRESH_VERIFIED,False,False,False,OK,1,3461740,8455,8302,Chelsea,Sevilla,1,1,1,0,True,utc_time_competition_score_high_confidence_name,OK,True,True,True,ACCEPTED
202021-0063,LIVE_REFRESH_VERIFIED,False,False,False,OK,1,3461741,9851,168719,Rennes,FC Krasnodar,0.5263157895,1,0.7631578947,0,True,unique_utc_time_competition_score_alias,OK,True,True,True,ACCEPTED
202021-0065,LIVE_REFRESH_VERIFIED,False,False,False,OK,2,3461831,8543,9789,Lazio,Borussia Dortmund,1,1,1,0.2363636364,True,utc_time_competition_score_high_confidence_name,OK,True,True,True,ACCEPTED
202021-0066,LIVE_REFRESH_VERIFIED,False,False,False,OK,1,3462007,8634,8222,Barcelona,Ferencvaros,1,1,1,0,True,utc_time_competition_score_high_confidence_name,OK,True,True,True,ACCEPTED
202021-0068,LIVE_REFRESH_VERIFIED,False,False,False,OK,1,3462200,178475,1933,RB Leipzig,Istanbul Basaksehir,1,1,1,0,True,utc_time_competition_score_high_confidence_name,OK,True,True,True,ACCEPTED
202021-0069,LIVE_REFRESH_VERIFIED,False,False,False,OK,2,3462201,9847,10260,Paris Saint-Germain,Manchester United,1,1,1,0.2276887872,True,utc_time_competition_score_high_confidence_name,OK,True,True,True,ACCEPTED
202021-0054,LIVE_REFRESH_VERIFIED,False,False,False,OK,2,3461638,10013,8710,Salzburg,Lokomotiv Moscow,1,1,1,0.2197802198,True,utc_time_competition_score_high_confidence_name,OK,True,True,True,ACCEPTED
202021-0056,LIVE_REFRESH_VERIFIED,False,False,False,OK,1,3461649,8633,9728,Real Madrid,Shakhtar Donetsk,1,1,1,0,True,utc_time_competition_score_high_confidence_name,OK,True,True,True,ACCEPTED
202021-0055,LIVE_REFRESH_VERIFIED,False,False,False,OK,1,3461637,9823,9906,Bayern München,Atletico Madrid,1,1,1,0,True,utc_time_competition_score_high_confidence_name,OK,True,True,True,ACCEPTED
202021-0057,LIVE_REFRESH_VERIFIED,False,False,False,OK,2,3461650,8636,9788,Inter,Borussia M'Gladbach,0.5263157895,0.8372093023,0.6817625459,0.2409090909,True,separated_utc_time_competition_score_alias,OK,True,True,True,ACCEPTED
202021-0058,LIVE_REFRESH_VERIFIED,False,False,False,OK,2,3461663,8456,9773,Manchester City,FC Porto,1,1,1,0.2363636364,True,utc_time_competition_score_high_confidence_name,OK,True,True,True,ACCEPTED
202021-0059,LIVE_REFRESH_VERIFIED,False,False,False,OK,1,3461664,8638,8592,Olympiacos,Marseille,0.6428571429,0.6428571429,0.6428571429,0,True,unique_utc_time_competition_score_alias,OK,True,True,True,ACCEPTED
202021-0060,LIVE_REFRESH_VERIFIED,False,False,False,OK,1,3461676,8113,8524,Midtjylland,Atalanta,1,1,1,0,True,utc_time_competition_score_high_confidence_name,OK,True,True,True,ACCEPTED
202021-0061,LIVE_REFRESH_VERIFIED,False,False,False,OK,1,3461675,8593,8650,Ajax,Liverpool,1,1,1,0,True,utc_time_competition_score_high_confidence_name,OK,True,True,True,ACCEPTED
202021-0336,LIVE_REFRESH_VERIFIED,False,False,False,OK,5,3462249,10192,8686,Young Boys,Roma,1,0.7272727273,0.8636363636,0.2642857143,True,utc_time_competition_score_high_confidence_name,OK,True,True,True,ACCEPTED
202021-0337,LIVE_REFRESH_VERIFIED,False,False,False,OK,2,3462250,10144,9731,PFC CSKA-Sofia,CFR Cluj,0.8333333333,1,0.9166666667,0.2333333333,True,utc_time_competition_score_high_confidence_name,OK,True,True,True,ACCEPTED
202021-0338,LIVE_REFRESH_VERIFIED,False,False,False,OK,5,3462262,10015,9825,Rapid Wien,Arsenal,1,1,1,0.4316770186,True,utc_time_competition_score_high_confidence_name,OK,True,True,True,ACCEPTED
202021-0339,LIVE_REFRESH_VERIFIED,False,False,False,OK,5,3462261,1853,9917,Dundalk,Molde,1,1,1,0.2466666667,True,utc_time_competition_score_high_confidence_name,OK,True,True,True,ACCEPTED
202021-0340,LIVE_REFRESH_VERIFIED,False,False,False,OK,1,3462275,9754,7787,Hapoel Beer Sheva,Slavia Prague,1,0.8,0.9,0,True,utc_time_competition_score_high_confidence_name,OK,True,True,True,ACCEPTED
202021-0341,LIVE_REFRESH_VERIFIED,False,False,False,OK,1,3462274,8178,9831,Bayer Leverkusen,Nice,1,0.6666666667,0.8333333333,0,True,unique_utc_time_competition_score_alias,OK,True,True,True,ACCEPTED
202021-0342,LIVE_REFRESH_VERIFIED,False,False,False,OK,1,3462287,2182,9772,Lech Poznan,Benfica,1,1,1,0,True,utc_time_competition_score_high_confidence_name,OK,True,True,True,ACCEPTED
202021-0343,LIVE_REFRESH_VERIFIED,False,False,False,OK,2,3462286,9985,8548,Standard Liege,Rangers,1,0.6363636364,0.8181818182,0.150621118,True,separated_utc_time_competition_score_alias,OK,True,True,True,ACCEPTED
202021-0344,LIVE_REFRESH_VERIFIED,False,False,False,OK,2,3462299,8619,8044,PAOK Thessaloniki FC,Omonia Nicosia,1,1,1,0.2314285714,True,utc_time_competition_score_high_confidence_name,OK,True,True,True,ACCEPTED
202021-0345,LIVE_REFRESH_VERIFIED,False,False,False,OK,5,3462298,8640,7878,PSV Eindhoven,Granada,1,1,1,0.4316770186,True,utc_time_competition_score_high_confidence_name,OK,True,True,True,ACCEPTED
202021-0346,LIVE_REFRESH_VERIFIED,False,False,False,OK,2,3462311,10162,8560,Rijeka,Real Sociedad,1,1,1,0.2137681159,True,utc_time_competition_score_high_confidence_name,OK,True,True,True,ACCEPTED
202021-0347,LIVE_REFRESH_VERIFIED,False,False,False,OK,2,3462310,9875,10229,Napoli,AZ Alkmaar,1,1,1,0.2137681159,True,utc_time_competition_score_high_confidence_name,OK,True,True,True,ACCEPTED
202021-0348,LIVE_REFRESH_VERIFIED,False,False,False,OK,3,3462323,8197,7770,Leicester City,Zorya,1,0.5555555556,0.7777777778,0.2732447818,True,separated_utc_time_competition_score_alias,OK,True,True,True,ACCEPTED
202021-0349,LIVE_REFRESH_VERIFIED,False,False,False,OK,3,3462322,10264,8563,Braga,AEK Athens,0.5263157895,1,0.7631578947,0.2396313364,True,separated_utc_time_competition_score_alias,OK,True,True,True,ACCEPTED
202021-0350,LIVE_REFRESH_VERIFIED,False,False,False,OK,1,3462334,9925,8564,Celtic,Milan,1,1,1,0,True,utc_time_competition_score_high_confidence_name,OK,True,True,True,ACCEPTED
202021-0351,LIVE_REFRESH_VERIFIED,False,False,False,OK,1,3462335,10247,8639,Sparta Prague,Lille,0.8,0.7142857143,0.7571428571,0,True,unique_utc_time_competition_score_alias,OK,True,True,True,ACCEPTED
202021-0352,LIVE_REFRESH_VERIFIED,False,False,False,OK,1,3462346,10205,6265,Villarreal,Sivasspor,1,1,1,0,True,utc_time_competition_score_high_confidence_name,OK,True,True,True,ACCEPTED
202021-0353,LIVE_REFRESH_VERIFIED,False,False,False,OK,2,3462347,7855,7981,Maccabi Tel Aviv,Qarabag FK,1,1,1,0.1575757576,True,utc_time_competition_score_high_confidence_name,OK,True,True,True,ACCEPTED
202021-0354,LIVE_REFRESH_VERIFIED,False,False,False,OK,5,3462359,210173,9988,Ludogorets Razgrad,Royal Antwerp,1,1,1,0.2836134454,True,utc_time_competition_score_high_confidence_name,OK,True,True,True,ACCEPTED
202021-0355,LIVE_REFRESH_VERIFIED,False,False,False,OK,3,3462358,8586,9977,Tottenham Hotspur,LASK,1,1,1,0.2401433692,True,utc_time_competition_score_high_confidence_name,OK,True,True,True,ACCEPTED
202021-0356,LIVE_REFRESH_VERIFIED,False,False,False,OK,1,3462370,10156,10235,Dinamo Zagreb,Feyenoord,1,1,1,0,True,utc_time_competition_score_high_confidence_name,OK,True,True,True,ACCEPTED
202021-0357,LIVE_REFRESH_VERIFIED,False,False,False,OK,2,3462371,1954,9760,Wolfsberger AC,CSKA Moscow,1,1,1,0.2314285714,True,utc_time_competition_score_high_confidence_name,OK,True,True,True,ACCEPTED
202021-0358,LIVE_REFRESH_VERIFIED,False,False,False,OK,1,3462382,8226,8687,TSG Hoffenheim,FK Crvena Zvezda,0.7586206897,1,0.8793103448,0,True,utc_time_competition_score_high_confidence_name,OK,True,True,True,ACCEPTED
202021-0359,LIVE_REFRESH_VERIFIED,False,False,False,OK,2,3462383,10245,9991,Slovan Liberec,Gent,1,0.7272727273,0.8636363636,0.3142857143,True,utc_time_competition_score_high_confidence_name,OK,True,True,True,ACCEPTED
202021-0071,LIVE_REFRESH_VERIFIED,False,False,False,OK,1,3461642,8710,9823,Lokomotiv Moscow,Bayern München,1,1,1,0,True,utc_time_competition_score_high_confidence_name,OK,True,True,True,ACCEPTED
202021-0073,LIVE_REFRESH_VERIFIED,False,False,False,OK,1,3461651,9728,8636,Shakhtar Donetsk,Inter,1,0.5263157895,0.7631578947,0,True,unique_utc_time_competition_score_alias,OK,True,True,True,ACCEPTED
202021-0070,LIVE_REFRESH_VERIFIED,False,False,False,OK,1,3461641,9906,10013,Atletico Madrid,Salzburg,1,1,1,0,True,utc_time_competition_score_high_confidence_name,OK,True,True,True,ACCEPTED
202021-0072,LIVE_REFRESH_VERIFIED,False,False,False,OK,3,3461652,9788,8633,Borussia M'Gladbach,Real Madrid,0.8372093023,1,0.9186046512,0.2583333333,True,utc_time_competition_score_high_confidence_name,OK,True,True,True,ACCEPTED
202021-0074,LIVE_REFRESH_VERIFIED,False,False,False,OK,1,3461666,8592,8456,Marseille,Manchester City,0.6428571429,1,0.8214285714,0,True,unique_utc_time_competition_score_alias,OK,True,True,True,ACCEPTED
202021-0075,LIVE_REFRESH_VERIFIED,False,False,False,OK,3,3461665,9773,8638,FC Porto,Olympiacos,1,0.6428571429,0.8214285714,0.2985257985,True,separated_utc_time_competition_score_alias,OK,True,True,True,ACCEPTED
202021-0076,LIVE_REFRESH_VERIFIED,False,False,False,OK,3,3461677,8650,8113,Liverpool,Midtjylland,1,1,1,0.3571428571,True,utc_time_competition_score_high_confidence_name,OK,True,True,True,ACCEPTED
202021-0077,LIVE_REFRESH_VERIFIED,False,False,False,OK,3,3461678,8524,8593,Atalanta,Ajax,1,1,1,0.2814814815,True,utc_time_competition_score_high_confidence_name,OK,True,True,True,ACCEPTED
202021-0078,LIVE_REFRESH_VERIFIED,False,False,False,OK,1,3461742,168719,8455,FC Krasnodar,Chelsea,1,1,1,0,True,utc_time_competition_score_high_confidence_name,OK,True,True,True,ACCEPTED
202021-0085,LIVE_REFRESH_VERIFIED,False,False,False,OK,2,3462202,1933,9847,Istanbul Basaksehir,Paris Saint-Germain,1,1,1,0.1441798942,True,utc_time_competition_score_high_confidence_name,OK,True,True,True,ACCEPTED
202021-0079,LIVE_REFRESH_VERIFIED,False,False,False,OK,1,3461743,8302,9851,Sevilla,Rennes,1,0.5263157895,0.7631578947,0,True,unique_utc_time_competition_score_alias,OK,True,True,True,ACCEPTED
202021-0080,LIVE_REFRESH_VERIFIED,False,False,False,OK,3,3461833,9789,8698,Borussia Dortmund,Zenit St. Petersburg,1,1,1,0.2053291536,True,utc_time_competition_score_high_confidence_name,OK,True,True,True,ACCEPTED
202021-0081,LIVE_REFRESH_VERIFIED,False,False,False,OK,1,3461832,8342,8543,Club Brugge,Lazio,1,1,1,0,True,utc_time_competition_score_high_confidence_name,OK,True,True,True,ACCEPTED
202021-0082,LIVE_REFRESH_VERIFIED,False,False,False,OK,2,3462009,9885,8634,Juventus,Barcelona,1,1,1,0.2169312169,True,utc_time_competition_score_high_confidence_name,OK,True,True,True,ACCEPTED
202021-0083,LIVE_REFRESH_VERIFIED,False,False,False,OK,3,3462008,8222,8688,Ferencvaros,Dynamo Kyiv,1,0.8181818182,0.9090909091,0.1719298246,True,utc_time_competition_score_high_confidence_name,OK,True,True,True,ACCEPTED
202021-0084,LIVE_REFRESH_VERIFIED,False,False,False,OK,1,3462203,10260,178475,Manchester United,RB Leipzig,1,1,1,0,True,utc_time_competition_score_high_confidence_name,OK,True,True,True,ACCEPTED
202021-0372,LIVE_REFRESH_VERIFIED,False,False,False,OK,4,3462324,8563,8197,AEK Athens,Leicester City,1,1,1,0.2719298246,True,utc_time_competition_score_high_confidence_name,OK,True,True,True,ACCEPTED
202021-0373,LIVE_REFRESH_VERIFIED,False,False,False,OK,4,3462325,7770,10264,Zorya,Braga,0.5555555556,0.5263157895,0.5409356725,0.3245341615,False,identity_below_threshold_or_ambiguous,NOT_REQUESTED,False,False,False,IDENTITY_AMBIGUOUS
202021-0374,LIVE_REFRESH_VERIFIED,False,False,False,OK,1,3462337,8639,9925,Lille,Celtic,0.7142857143,1,0.8571428571,0,True,utc_time_competition_score_high_confidence_name,OK,True,True,True,ACCEPTED
202021-0375,LIVE_REFRESH_VERIFIED,False,False,False,OK,3,3462336,8564,10247,Milan,Sparta Prague,1,0.8,0.9,0.3205128205,True,utc_time_competition_score_high_confidence_name,OK,True,True,True,ACCEPTED
202021-0376,LIVE_REFRESH_VERIFIED,False,False,False,OK,1,3462348,7981,10205,Qarabag FK,Villarreal,1,1,1,0,True,utc_time_competition_score_high_confidence_name,OK,True,True,True,ACCEPTED
202021-0377,LIVE_REFRESH_VERIFIED,False,False,False,OK,4,3462349,6265,7855,Sivasspor,Maccabi Tel Aviv,1,1,1,0.2380952381,True,utc_time_competition_score_high_confidence_name,OK,True,True,True,ACCEPTED
202021-0378,LIVE_REFRESH_VERIFIED,False,False,False,OK,1,3462360,9977,210173,LASK,Ludogorets Razgrad,1,1,1,0,True,utc_time_competition_score_high_confidence_name,OK,True,True,True,ACCEPTED
202021-0379,LIVE_REFRESH_VERIFIED,False,False,False,OK,5,3462361,9988,8586,Royal Antwerp,Tottenham Hotspur,1,1,1,0.3571428571,True,utc_time_competition_score_high_confidence_name,OK,True,True,True,ACCEPTED
202021-0380,LIVE_REFRESH_VERIFIED,False,False,False,OK,3,3462372,9760,10156,CSKA Moscow,Dinamo Zagreb,1,1,1,0.1407407407,True,utc_time_competition_score_high_confidence_name,OK,True,True,True,ACCEPTED
202021-0381,LIVE_REFRESH_VERIFIED,False,False,False,OK,2,3462373,10235,1954,Feyenoord,Wolfsberger AC,1,1,1,0.3138461538,True,utc_time_competition_score_high_confidence_name,OK,True,True,True,ACCEPTED
202021-0382,LIVE_REFRESH_VERIFIED,False,False,False,OK,2,3462384,9991,8226,Gent,TSG Hoffenheim,0.7272727273,0.7586206897,0.7429467085,0.2788461538,True,separated_utc_time_competition_score_alias,OK,True,True,True,ACCEPTED
202021-0383,LIVE_REFRESH_VERIFIED,False,False,False,OK,1,3462385,8687,10245,FK Crvena Zvezda,Slovan Liberec,1,1,1,0,True,utc_time_competition_score_high_confidence_name,OK,True,True,True,ACCEPTED
202021-0360,LIVE_REFRESH_VERIFIED,False,False,False,OK,1,3462252,9731,10192,CFR Cluj,Young Boys,1,1,1,0,True,utc_time_competition_score_high_confidence_name,OK,True,True,True,ACCEPTED
202021-0361,LIVE_REFRESH_VERIFIED,False,False,False,OK,3,3462251,8686,10144,Roma,PFC CSKA-Sofia,0.7272727273,0.8333333333,0.7803030303,0.2971014493,True,separated_utc_time_competition_score_alias,OK,True,True,True,ACCEPTED
202021-0362,LIVE_REFRESH_VERIFIED,False,False,False,OK,5,3462264,9917,10015,Molde,Rapid Wien,1,1,1,0.264957265,True,utc_time_competition_score_high_confidence_name,OK,True,True,True,ACCEPTED
202021-0363,LIVE_REFRESH_VERIFIED,False,False,False,OK,3,3462263,9825,1853,Arsenal,Dundalk,1,1,1,0.4047619048,True,utc_time_competition_score_high_confidence_name,OK,True,True,True,ACCEPTED
202021-0364,LIVE_REFRESH_VERIFIED,False,False,False,OK,5,3462277,9831,9754,Nice,Hapoel Beer Sheva,0.6666666667,1,0.8333333333,0.3081232493,True,separated_utc_time_competition_score_alias,OK,True,True,True,ACCEPTED
202021-0365,LIVE_REFRESH_VERIFIED,False,False,False,OK,5,3462276,7787,8178,Slavia Prague,Bayer Leverkusen,0.8,1,0.9,0.2443181818,True,utc_time_competition_score_high_confidence_name,OK,True,True,True,ACCEPTED
202021-0366,LIVE_REFRESH_VERIFIED,False,False,False,OK,5,3462289,8548,2182,Rangers,Lech Poznan,0.6363636364,1,0.8181818182,0.3611111111,True,separated_utc_time_competition_score_alias,OK,True,True,True,ACCEPTED
202021-0367,LIVE_REFRESH_VERIFIED,False,False,False,OK,3,3462288,9772,9985,Benfica,Standard Liege,1,1,1,0.4047619048,True,utc_time_competition_score_high_confidence_name,OK,True,True,True,ACCEPTED
202021-0368,LIVE_REFRESH_VERIFIED,False,False,False,OK,3,3462301,7878,8619,Granada,PAOK Thessaloniki FC,1,1,1,0.3108504399,True,utc_time_competition_score_high_confidence_name,OK,True,True,True,ACCEPTED
202021-0369,LIVE_REFRESH_VERIFIED,False,False,False,OK,4,3462300,8044,8640,Omonia Nicosia,PSV Eindhoven,1,1,1,0.2338830585,True,utc_time_competition_score_high_confidence_name,OK,True,True,True,ACCEPTED
202021-0370,LIVE_REFRESH_VERIFIED,False,False,False,OK,1,3462313,10229,10162,AZ Alkmaar,Rijeka,1,1,1,0,True,utc_time_competition_score_high_confidence_name,OK,True,True,True,ACCEPTED
202021-0371,LIVE_REFRESH_VERIFIED,False,False,False,OK,1,3462312,8560,9875,Real Sociedad,Napoli,1,1,1,0,True,utc_time_competition_score_high_confidence_name,OK,True,True,True,ACCEPTED
202021-0086,LIVE_REFRESH_VERIFIED,False,False,False,OK,2,3461639,8710,9906,Lokomotiv Moscow,Atletico Madrid,1,1,1,0.2357142857,True,utc_time_competition_score_high_confidence_name,OK,True,True,True,ACCEPTED
202021-0088,LIVE_REFRESH_VERIFIED,False,False,False,OK,1,3461653,9728,9788,Shakhtar Donetsk,Borussia M'Gladbach,1,0.8372093023,0.9186046512,0,True,utc_time_competition_score_high_confidence_name,OK,True,True,True,ACCEPTED
202021-0087,LIVE_REFRESH_VERIFIED,False,False,False,OK,1,3461640,10013,9823,Salzburg,Bayern München,1,1,1,0,True,utc_time_competition_score_high_confidence_name,OK,True,True,True,ACCEPTED
202021-0089,LIVE_REFRESH_VERIFIED,False,False,False,OK,2,3461654,8633,8636,Real Madrid,Inter,1,0.5263157895,0.7631578947,0.1980676329,True,separated_utc_time_competition_score_alias,OK,True,True,True,ACCEPTED
202021-0090,LIVE_REFRESH_VERIFIED,False,False,False,OK,3,3461668,9773,8592,FC Porto,Marseille,1,0.6428571429,0.8214285714,0.375862069,True,separated_utc_time_competition_score_alias,OK,True,True,True,ACCEPTED
202021-0091,LIVE_REFRESH_VERIFIED,False,False,False,OK,3,3461667,8456,8638,Manchester City,Olympiacos,1,0.6428571429,0.8214285714,0.2689393939,True,separated_utc_time_competition_score_alias,OK,True,True,True,ACCEPTED
202021-0092,LIVE_REFRESH_VERIFIED,False,False,False,OK,1,3461680,8524,8650,Atalanta,Liverpool,1,1,1,0,True,utc_time_competition_score_high_confidence_name,OK,True,True,True,ACCEPTED
202021-0093,LIVE_REFRESH_VERIFIED,False,False,False,OK,1,3461679,8113,8593,Midtjylland,Ajax,1,1,1,0,True,utc_time_competition_score_high_confidence_name,OK,True,True,True,ACCEPTED
202021-0097,LIVE_REFRESH_VERIFIED,False,False,False,OK,2,3461834,8698,8543,Zenit St. Petersburg,Lazio,1,1,1,0.2357142857,True,utc_time_competition_score_high_confidence_name,OK,True,True,True,ACCEPTED
202021-0100,LIVE_REFRESH_VERIFIED,False,False,False,OK,3,3462204,1933,10260,Istanbul Basaksehir,Manchester United,1,1,1,0.2142857143,True,utc_time_competition_score_high_confidence_name,OK,True,True,True,ACCEPTED
202021-0094,LIVE_REFRESH_VERIFIED,False,False,False,OK,2,3461744,8302,168719,Sevilla,FC Krasnodar,1,1,1,0.1825396825,True,utc_time_competition_score_high_confidence_name,OK,True,True,True,ACCEPTED
202021-0095,LIVE_REFRESH_VERIFIED,False,False,False,OK,3,3461745,8455,9851,Chelsea,Rennes,1,0.5263157895,0.7631578947,0.2707509881,True,separated_utc_time_competition_score_alias,OK,True,True,True,ACCEPTED
202021-0096,LIVE_REFRESH_VERIFIED,False,False,False,OK,1,3461835,8342,9789,Club Brugge,Borussia Dortmund,1,1,1,0,True,utc_time_competition_score_high_confidence_name,OK,True,True,True,ACCEPTED
202021-0098,LIVE_REFRESH_VERIFIED,False,False,False,OK,1,3462011,8222,9885,Ferencvaros,Juventus,1,1,1,0,True,utc_time_competition_score_high_confidence_name,OK,True,True,True,ACCEPTED
202021-0099,LIVE_REFRESH_VERIFIED,False,False,False,OK,3,3462010,8634,8688,Barcelona,Dynamo Kyiv,1,0.8181818182,0.9090909091,0.2385964912,True,utc_time_competition_score_high_confidence_name,OK,True,True,True,ACCEPTED
202021-0101,LIVE_REFRESH_VERIFIED,False,False,False,OK,3,3462205,178475,9847,RB Leipzig,Paris Saint-Germain,1,1,1,0.2011494253,True,utc_time_competition_score_high_confidence_name,OK,True,True,True,ACCEPTED
202021-0384,LIVE_REFRESH_VERIFIED,False,False,False,OK,2,3462253,8686,9731,Roma,CFR Cluj,0.7272727273,1,0.8636363636,0.2359307359,True,utc_time_competition_score_high_confidence_name,OK,True,True,True,ACCEPTED
202021-0387,LIVE_REFRESH_VERIFIED,False,False,False,OK,1,3462265,10015,1853,Rapid Wien,Dundalk,1,1,1,0,True,utc_time_competition_score_high_confidence_name,OK,True,True,True,ACCEPTED
202021-0388,LIVE_REFRESH_VERIFIED,False,False,False,OK,1,3462278,7787,9831,Slavia Prague,Nice,0.8,0.6666666667,0.7333333333,0,True,unique_utc_time_competition_score_alias,OK,True,True,True,ACCEPTED
202021-0389,LIVE_REFRESH_VERIFIED,False,False,False,OK,1,3462279,9754,8178,Hapoel Beer Sheva,Bayer Leverkusen,1,1,1,0,True,utc_time_competition_score_high_confidence_name,OK,True,True,True,ACCEPTED
202021-0390,LIVE_REFRESH_VERIFIED,False,False,False,OK,1,3462290,9772,8548,Benfica,Rangers,1,0.6363636364,0.8181818182,0,True,unique_utc_time_competition_score_alias,OK,True,True,True,ACCEPTED
202021-0391,LIVE_REFRESH_VERIFIED,False,False,False,OK,2,3462291,2182,9985,Lech Poznan,Standard Liege,1,1,1,0.22,True,utc_time_competition_score_high_confidence_name,OK,True,True,True,ACCEPTED
202021-0392,LIVE_REFRESH_VERIFIED,False,False,False,OK,1,3462303,8044,7878,Omonia Nicosia,Granada,1,1,1,0,True,utc_time_competition_score_high_confidence_name,OK,True,True,True,ACCEPTED
202021-0393,LIVE_REFRESH_VERIFIED,False,False,False,OK,2,3462302,8619,8640,PAOK Thessaloniki FC,PSV Eindhoven,1,1,1,0.2222222222,True,utc_time_competition_score_high_confidence_name,OK,True,True,True,ACCEPTED
202021-0394,LIVE_REFRESH_VERIFIED,False,False,False,OK,2,3462314,8560,10229,Real Sociedad,AZ Alkmaar,1,1,1,0.1721611722,True,utc_time_competition_score_high_confidence_name,OK,True,True,True,ACCEPTED
202021-0395,LIVE_REFRESH_VERIFIED,False,False,False,OK,1,3462315,10162,9875,Rijeka,Napoli,1,1,1,0,True,utc_time_competition_score_high_confidence_name,OK,True,True,True,ACCEPTED
202021-0400,LIVE_REFRESH_VERIFIED,False,False,False,OK,1,3462350,6265,7981,Sivasspor,Qarabag FK,1,1,1,0,True,utc_time_competition_score_high_confidence_name,OK,True,True,True,ACCEPTED
202021-0403,LIVE_REFRESH_VERIFIED,False,False,False,OK,1,3462362,210173,8586,Ludogorets Razgrad,Tottenham Hotspur,1,1,1,0,True,utc_time_competition_score_high_confidence_name,OK,True,True,True,ACCEPTED
202021-0385,LIVE_REFRESH_VERIFIED,False,False,False,OK,1,3462254,10192,10144,Young Boys,PFC CSKA-Sofia,1,0.8333333333,0.9166666667,0,True,utc_time_competition_score_high_confidence_name,OK,True,True,True,ACCEPTED
202021-0386,LIVE_REFRESH_VERIFIED,False,False,False,OK,2,3462266,9825,9917,Arsenal,Molde,1,1,1,0.2777777778,True,utc_time_competition_score_high_confidence_name,OK,True,True,True,ACCEPTED
202021-0396,LIVE_REFRESH_VERIFIED,False,False,False,OK,2,3462327,7770,8563,Zorya,AEK Athens,0.5555555556,1,0.7777777778,0.1395881007,True,separated_utc_time_competition_score_alias,OK,True,True,True,ACCEPTED
202021-0397,LIVE_REFRESH_VERIFIED,False,False,False,OK,2,3462326,8197,10264,Leicester City,Braga,1,0.5263157895,0.7631578947,0.15,True,separated_utc_time_competition_score_alias,OK,True,True,True,ACCEPTED
202021-0398,LIVE_REFRESH_VERIFIED,False,False,False,OK,1,3462339,8564,8639,Milan,Lille,1,0.7142857143,0.8571428571,0,True,utc_time_competition_score_high_confidence_name,OK,True,True,True,ACCEPTED
202021-0399,LIVE_REFRESH_VERIFIED,False,False,False,OK,2,3462338,9925,10247,Celtic,Sparta Prague,1,0.8,0.9,0.04545454545,True,utc_time_competition_score_high_confidence_name,OK,True,True,True,ACCEPTED
202021-0401,LIVE_REFRESH_VERIFIED,False,False,False,OK,2,3462351,10205,7855,Villarreal,Maccabi Tel Aviv,1,1,1,0.1785714286,True,utc_time_competition_score_high_confidence_name,OK,True,True,True,ACCEPTED
202021-0402,LIVE_REFRESH_VERIFIED,False,False,False,OK,1,3462363,9988,9977,Royal Antwerp,LASK,1,1,1,0,True,utc_time_competition_score_high_confidence_name,OK,True,True,True,ACCEPTED
202021-0404,LIVE_REFRESH_VERIFIED,False,False,False,OK,2,3462375,10235,9760,Feyenoord,CSKA Moscow,1,1,1,0.22,True,utc_time_competition_score_high_confidence_name,OK,True,True,True,ACCEPTED
202021-0405,LIVE_REFRESH_VERIFIED,False,False,False,OK,2,3462374,10156,1954,Dinamo Zagreb,Wolfsberger AC,1,1,1,0.1721611722,True,utc_time_competition_score_high_confidence_name,OK,True,True,True,ACCEPTED
202021-0406,LIVE_REFRESH_VERIFIED,False,False,False,OK,1,3462386,8687,9991,FK Crvena Zvezda,Gent,1,0.7272727273,0.8636363636,0,True,utc_time_competition_score_high_confidence_name,OK,True,True,True,ACCEPTED
202021-0407,LIVE_REFRESH_VERIFIED,False,False,False,OK,2,3462387,8226,10245,TSG Hoffenheim,Slovan Liberec,0.7586206897,1,0.8793103448,0.1507177033,True,utc_time_competition_score_high_confidence_name,OK,True,True,True,ACCEPTED
202021-0110,LIVE_REFRESH_VERIFIED,False,False,False,OK,3,3461747,168719,8302,FC Krasnodar,Sevilla,1,1,1,0.3476190476,True,utc_time_competition_score_high_confidence_name,OK,True,True,True,ACCEPTED
202021-0111,LIVE_REFRESH_VERIFIED,False,False,False,OK,3,3461746,9851,8455,Rennes,Chelsea,0.5263157895,1,0.7631578947,0.3506493506,True,separated_utc_time_competition_score_alias,OK,True,True,True,ACCEPTED
202021-0112,LIVE_REFRESH_VERIFIED,False,False,False,OK,1,3461836,9789,8342,Borussia Dortmund,Club Brugge,1,1,1,0,True,utc_time_competition_score_high_confidence_name,OK,True,True,True,ACCEPTED
202021-0113,LIVE_REFRESH_VERIFIED,False,False,False,OK,4,3461837,8543,8698,Lazio,Zenit St. Petersburg,1,1,1,0.2378167641,True,utc_time_competition_score_high_confidence_name,OK,True,True,True,ACCEPTED
202021-0114,LIVE_REFRESH_VERIFIED,False,False,False,OK,1,3462012,9885,8222,Juventus,Ferencvaros,1,1,1,0,True,utc_time_competition_score_high_confidence_name,OK,True,True,True,ACCEPTED
202021-0115,LIVE_REFRESH_VERIFIED,False,False,False,OK,1,3462013,8688,8634,Dynamo Kyiv,Barcelona,0.8181818182,1,0.9090909091,0,True,utc_time_competition_score_high_confidence_name,OK,True,True,True,ACCEPTED
202021-0116,LIVE_REFRESH_VERIFIED,False,False,False,OK,1,3462207,10260,1933,Manchester United,Istanbul Basaksehir,1,1,1,0,True,utc_time_competition_score_high_confidence_name,OK,True,True,True,ACCEPTED
202021-0117,LIVE_REFRESH_VERIFIED,False,False,False,OK,2,3462206,9847,178475,Paris Saint-Germain,RB Leipzig,1,1,1,0.1009615385,True,utc_time_competition_score_high_confidence_name,OK,True,True,True,ACCEPTED
202021-0104,LIVE_REFRESH_VERIFIED,False,False,False,OK,1,3461655,9788,9728,Borussia M'Gladbach,Shakhtar Donetsk,0.8372093023,1,0.9186046512,0,True,utc_time_competition_score_high_confidence_name,OK,True,True,True,ACCEPTED
202021-0107,LIVE_REFRESH_VERIFIED,False,False,False,OK,3,3461669,8638,8456,Olympiacos,Manchester City,0.6428571429,1,0.8214285714,0.2594670407,True,separated_utc_time_competition_score_alias,OK,True,True,True,ACCEPTED
202021-0102,LIVE_REFRESH_VERIFIED,False,False,False,OK,2,3461644,9906,8710,Atletico Madrid,Lokomotiv Moscow,1,1,1,0.1588235294,True,utc_time_competition_score_high_confidence_name,OK,True,True,True,ACCEPTED
202021-0103,LIVE_REFRESH_VERIFIED,False,False,False,OK,4,3461643,9823,10013,Bayern München,Salzburg,1,1,1,0.2711111111,True,utc_time_competition_score_high_confidence_name,OK,True,True,True,ACCEPTED
202021-0105,LIVE_REFRESH_VERIFIED,False,False,False,OK,3,3461656,8636,8633,Inter,Real Madrid,0.5263157895,1,0.7631578947,0.3752860412,True,separated_utc_time_competition_score_alias,OK,True,True,True,ACCEPTED
202021-0106,LIVE_REFRESH_VERIFIED,False,False,False,OK,3,3461670,8592,9773,Marseille,FC Porto,0.6428571429,1,0.8214285714,0.1875,True,separated_utc_time_competition_score_alias,OK,True,True,True,ACCEPTED
202021-0108,LIVE_REFRESH_VERIFIED,False,False,False,OK,3,3461681,8650,8524,Liverpool,Atalanta,1,1,1,0.3721804511,True,utc_time_competition_score_high_confidence_name,OK,True,True,True,ACCEPTED
202021-0109,LIVE_REFRESH_VERIFIED,False,False,False,OK,4,3461682,8593,8113,Ajax,Midtjylland,1,1,1,0.2016806723,True,utc_time_competition_score_high_confidence_name,OK,True,True,True,ACCEPTED
202021-0409,LIVE_REFRESH_VERIFIED,False,False,False,OK,1,3462255,10144,10192,PFC CSKA-Sofia,Young Boys,0.8333333333,1,0.9166666667,0,True,utc_time_competition_score_high_confidence_name,OK,True,True,True,ACCEPTED
202021-0410,LIVE_REFRESH_VERIFIED,False,False,False,OK,3,3462267,9917,9825,Molde,Arsenal,1,1,1,0.2875,True,utc_time_competition_score_high_confidence_name,OK,True,True,True,ACCEPTED
202021-0420,LIVE_REFRESH_VERIFIED,False,False,False,OK,3,3462329,8563,7770,AEK Athens,Zorya,1,0.5555555556,0.7777777778,0.2166666667,True,separated_utc_time_competition_score_alias,OK,True,True,True,ACCEPTED
202021-0421,LIVE_REFRESH_VERIFIED,False,False,False,OK,1,3462328,10264,8197,Braga,Leicester City,0.5263157895,1,0.7631578947,0,True,unique_utc_time_competition_score_alias,OK,True,True,True,ACCEPTED
202021-0422,LIVE_REFRESH_VERIFIED,False,False,False,OK,2,3462341,8639,8564,Lille,Milan,0.7142857143,1,0.8571428571,0.28,True,utc_time_competition_score_high_confidence_name,OK,True,True,True,ACCEPTED
202021-0423,LIVE_REFRESH_VERIFIED,False,False,False,OK,2,3462340,10247,9925,Sparta Prague,Celtic,0.8,1,0.9,0.1226708075,True,utc_time_competition_score_high_confidence_name,OK,True,True,True,ACCEPTED
202021-0424,LIVE_REFRESH_VERIFIED,False,False,False,OK,1,3462353,7981,6265,Qarabag FK,Sivasspor,1,1,1,0,True,utc_time_competition_score_high_confidence_name,OK,True,True,True,ACCEPTED
202021-0425,LIVE_REFRESH_VERIFIED,False,False,False,OK,2,3462352,7855,10205,Maccabi Tel Aviv,Villarreal,1,1,1,0.2952380952,True,utc_time_competition_score_high_confidence_name,OK,True,True,True,ACCEPTED
202021-0426,LIVE_REFRESH_VERIFIED,False,False,False,OK,4,3462364,9977,9988,LASK,Royal Antwerp,1,1,1,0.2598039216,True,utc_time_competition_score_high_confidence_name,OK,True,True,True,ACCEPTED
202021-0428,LIVE_REFRESH_VERIFIED,False,False,False,OK,2,3462376,9760,10235,CSKA Moscow,Feyenoord,1,1,1,0.2316017316,True,utc_time_competition_score_high_confidence_name,OK,True,True,True,ACCEPTED
202021-0429,LIVE_REFRESH_VERIFIED,False,False,False,OK,3,3462377,1954,10156,Wolfsberger AC,Dinamo Zagreb,1,1,1,0.2875,True,utc_time_competition_score_high_confidence_name,OK,True,True,True,ACCEPTED
202021-0430,LIVE_REFRESH_VERIFIED,False,False,False,OK,4,3462388,9991,8687,Gent,FK Crvena Zvezda,0.7272727273,1,0.8636363636,0.253968254,True,utc_time_competition_score_high_confidence_name,OK,True,True,True,ACCEPTED
202021-0431,LIVE_REFRESH_VERIFIED,False,False,False,OK,4,3462389,10245,8226,Slovan Liberec,TSG Hoffenheim,1,0.7586206897,0.8793103448,0.1626984127,True,utc_time_competition_score_high_confidence_name,OK,True,True,True,ACCEPTED
202021-0408,LIVE_REFRESH_VERIFIED,False,False,False,OK,4,3462256,9731,8686,CFR Cluj,Roma,1,0.7272727273,0.8636363636,0.2359307359,True,utc_time_competition_score_high_confidence_name,OK,True,True,True,ACCEPTED
202021-0411,LIVE_REFRESH_VERIFIED,False,False,False,OK,2,3462268,1853,10015,Dundalk,Rapid Wien,1,1,1,0.2213438735,True,utc_time_competition_score_high_confidence_name,OK,True,True,True,ACCEPTED
202021-0412,LIVE_REFRESH_VERIFIED,False,False,False,OK,2,3462281,9831,7787,Nice,Slavia Prague,0.6666666667,0.8,0.7333333333,0.1575757576,True,separated_utc_time_competition_score_alias,OK,True,True,True,ACCEPTED
202021-0413,LIVE_REFRESH_VERIFIED,False,False,False,OK,2,3462280,8178,9754,Bayer Leverkusen,Hapoel Beer Sheva,1,1,1,0.155922039,True,utc_time_competition_score_high_confidence_name,OK,True,True,True,ACCEPTED
202021-0414,LIVE_REFRESH_VERIFIED,False,False,False,OK,1,3462293,8548,9772,Rangers,Benfica,0.6363636364,1,0.8181818182,0,True,unique_utc_time_competition_score_alias,OK,True,True,True,ACCEPTED
202021-0415,LIVE_REFRESH_VERIFIED,False,False,False,OK,2,3462292,9985,2182,Standard Liege,Lech Poznan,1,1,1,0.3104761905,True,utc_time_competition_score_high_confidence_name,OK,True,True,True,ACCEPTED
202021-0416,LIVE_REFRESH_VERIFIED,False,False,False,OK,2,3462305,7878,8044,Granada,Omonia Nicosia,1,1,1,0.3504761905,True,utc_time_competition_score_high_confidence_name,OK,True,True,True,ACCEPTED
202021-0417,LIVE_REFRESH_VERIFIED,False,False,False,OK,1,3462304,8640,8619,PSV Eindhoven,PAOK Thessaloniki FC,1,1,1,0,True,utc_time_competition_score_high_confidence_name,OK,True,True,True,ACCEPTED
202021-0418,LIVE_REFRESH_VERIFIED,False,False,False,OK,2,3462317,10229,8560,AZ Alkmaar,Real Sociedad,1,1,1,0.2337662338,True,utc_time_competition_score_high_confidence_name,OK,True,True,True,ACCEPTED
202021-0419,LIVE_REFRESH_VERIFIED,False,False,False,OK,1,3462316,9875,10162,Napoli,Rijeka,1,1,1,0,True,utc_time_competition_score_high_confidence_name,OK,True,True,True,ACCEPTED
202021-0427,LIVE_REFRESH_VERIFIED,False,False,False,OK,1,3462365,8586,210173,Tottenham Hotspur,Ludogorets Razgrad,1,1,1,0,True,utc_time_competition_score_high_confidence_name,OK,True,True,True,ACCEPTED
202021-0118,LIVE_REFRESH_VERIFIED,False,False,False,OK,2,3461645,8710,10013,Lokomotiv Moscow,Salzburg,1,1,1,0.202020202,True,utc_time_competition_score_high_confidence_name,OK,True,True,True,ACCEPTED
202021-0120,LIVE_REFRESH_VERIFIED,False,False,False,OK,1,3461657,9728,8633,Shakhtar Donetsk,Real Madrid,1,1,1,0,True,utc_time_competition_score_high_confidence_name,OK,True,True,True,ACCEPTED
202021-0119,LIVE_REFRESH_VERIFIED,False,False,False,OK,4,3461646,9906,9823,Atletico Madrid,Bayern München,1,1,1,0.2973913043,True,utc_time_competition_score_high_confidence_name,OK,True,True,True,ACCEPTED
202021-0121,LIVE_REFRESH_VERIFIED,False,False,False,OK,1,3461658,9788,8636,Borussia M'Gladbach,Inter,0.8372093023,0.5263157895,0.6817625459,0,True,unique_utc_time_competition_score_alias,OK,True,True,True,ACCEPTED
202021-0122,LIVE_REFRESH_VERIFIED,False,False,False,OK,2,3461671,9773,8456,FC Porto,Manchester City,1,1,1,0.2073578595,True,utc_time_competition_score_high_confidence_name,OK,True,True,True,ACCEPTED
202021-0123,LIVE_REFRESH_VERIFIED,False,False,False,OK,1,3461672,8592,8638,Marseille,Olympiacos,0.6428571429,0.6428571429,0.6428571429,0,True,unique_utc_time_competition_score_alias,OK,True,True,True,ACCEPTED
202021-0124,LIVE_REFRESH_VERIFIED,False,False,False,OK,4,3461684,8524,8113,Atalanta,Midtjylland,1,1,1,0.245,True,utc_time_competition_score_high_confidence_name,OK,True,True,True,ACCEPTED
202021-0125,LIVE_REFRESH_VERIFIED,False,False,False,OK,2,3461683,8650,8593,Liverpool,Ajax,1,1,1,0.1111111111,True,utc_time_competition_score_high_confidence_name,OK,True,True,True,ACCEPTED
202021-0127,LIVE_REFRESH_VERIFIED,False,False,False,OK,2,3461748,168719,9851,FC Krasnodar,Rennes,1,0.5263157895,0.7631578947,0.2287581699,True,separated_utc_time_competition_score_alias,OK,True,True,True,ACCEPTED
202021-0132,LIVE_REFRESH_VERIFIED,False,False,False,OK,1,3462208,1933,178475,Istanbul Basaksehir,RB Leipzig,1,1,1,0,True,utc_time_competition_score_high_confidence_name,OK,True,True,True,ACCEPTED
202021-0126,LIVE_REFRESH_VERIFIED,False,False,False,OK,2,3461749,8302,8455,Sevilla,Chelsea,1,1,1,0.1769230769,True,utc_time_competition_score_high_confidence_name,OK,True,True,True,ACCEPTED
202021-0128,LIVE_REFRESH_VERIFIED,False,False,False,OK,2,3461839,8342,8698,Club Brugge,Zenit St. Petersburg,1,1,1,0.2095238095,True,utc_time_competition_score_high_confidence_name,OK,True,True,True,ACCEPTED
202021-0129,LIVE_REFRESH_VERIFIED,False,False,False,OK,5,3461838,9789,8543,Borussia Dortmund,Lazio,1,1,1,0.245,True,utc_time_competition_score_high_confidence_name,OK,True,True,True,ACCEPTED
202021-0130,LIVE_REFRESH_VERIFIED,False,False,False,OK,1,3462015,8222,8634,Ferencvaros,Barcelona,1,1,1,0,True,utc_time_competition_score_high_confidence_name,OK,True,True,True,ACCEPTED
202021-0131,LIVE_REFRESH_VERIFIED,False,False,False,OK,2,3462014,9885,8688,Juventus,Dynamo Kyiv,1,0.8181818182,0.9090909091,0.2428571429,True,utc_time_competition_score_high_confidence_name,OK,True,True,True,ACCEPTED
202021-0133,LIVE_REFRESH_VERIFIED,False,False,False,OK,2,3462209,10260,9847,Manchester United,Paris Saint-Germain,1,1,1,0.1717171717,True,utc_time_competition_score_high_confidence_name,OK,True,True,True,ACCEPTED
202021-0444,LIVE_REFRESH_VERIFIED,False,False,False,OK,1,3462331,7770,8197,Zorya,Leicester City,0.5555555556,1,0.7777777778,0,True,unique_utc_time_competition_score_alias,OK,True,True,True,ACCEPTED
202021-0445,LIVE_REFRESH_VERIFIED,False,False,False,OK,1,3462330,8563,10264,AEK Athens,Braga,1,0.5263157895,0.7631578947,0,True,unique_utc_time_competition_score_alias,OK,True,True,True,ACCEPTED
202021-0446,LIVE_REFRESH_VERIFIED,False,False,False,OK,1,3462342,8564,9925,Milan,Celtic,1,1,1,0,True,utc_time_competition_score_high_confidence_name,OK,True,True,True,ACCEPTED
202021-0447,LIVE_REFRESH_VERIFIED,False,False,False,OK,2,3462343,8639,10247,Lille,Sparta Prague,0.7142857143,0.8,0.7571428571,0.311844078,True,separated_utc_time_competition_score_alias,OK,True,True,True,ACCEPTED
202021-0448,LIVE_REFRESH_VERIFIED,False,False,False,OK,3,3462355,6265,10205,Sivasspor,Villarreal,1,1,1,0.3428571429,True,utc_time_competition_score_high_confidence_name,OK,True,True,True,ACCEPTED
202021-0449,LIVE_REFRESH_VERIFIED,False,False,False,OK,2,3462354,7981,7855,Qarabag FK,Maccabi Tel Aviv,1,1,1,0.2085561497,True,utc_time_competition_score_high_confidence_name,OK,True,True,True,ACCEPTED
202021-0450,LIVE_REFRESH_VERIFIED,False,False,False,OK,3,3462367,9988,210173,Royal Antwerp,Ludogorets Razgrad,1,1,1,0.2836134454,True,utc_time_competition_score_high_confidence_name,OK,True,True,True,ACCEPTED
202021-0451,LIVE_REFRESH_VERIFIED,False,False,False,OK,1,3462366,9977,8586,LASK,Tottenham Hotspur,1,1,1,0,True,utc_time_competition_score_high_confidence_name,OK,True,True,True,ACCEPTED
202021-0452,LIVE_REFRESH_VERIFIED,False,False,False,OK,1,3462379,10235,10156,Feyenoord,Dinamo Zagreb,1,1,1,0,True,utc_time_competition_score_high_confidence_name,OK,True,True,True,ACCEPTED
202021-0453,LIVE_REFRESH_VERIFIED,False,False,False,OK,3,3462378,9760,1954,CSKA Moscow,Wolfsberger AC,1,1,1,0.2452380952,True,utc_time_competition_score_high_confidence_name,OK,True,True,True,ACCEPTED
202021-0454,LIVE_REFRESH_VERIFIED,False,False,False,OK,2,3462391,8687,8226,FK Crvena Zvezda,TSG Hoffenheim,1,0.7586206897,0.8793103448,0.2807881773,True,utc_time_competition_score_high_confidence_name,OK,True,True,True,ACCEPTED
202021-0455,LIVE_REFRESH_VERIFIED,False,False,False,OK,1,3462390,9991,10245,Gent,Slovan Liberec,0.7272727273,1,0.8636363636,0,True,utc_time_competition_score_high_confidence_name,OK,True,True,True,ACCEPTED
202021-0432,LIVE_REFRESH_VERIFIED,False,False,False,OK,3,3462257,8686,10192,Roma,Young Boys,0.7272727273,1,0.8636363636,0.2571428571,True,utc_time_competition_score_high_confidence_name,OK,True,True,True,ACCEPTED
202021-0433,LIVE_REFRESH_VERIFIED,False,False,False,OK,2,3462258,9731,10144,CFR Cluj,PFC CSKA-Sofia,1,0.8333333333,0.9166666667,0.3511904762,True,utc_time_competition_score_high_confidence_name,OK,True,True,True,ACCEPTED
202021-0434,LIVE_REFRESH_VERIFIED,False,False,False,OK,1,3462269,9825,10015,Arsenal,Rapid Wien,1,1,1,0,True,utc_time_competition_score_high_confidence_name,OK,True,True,True,ACCEPTED
202021-0435,LIVE_REFRESH_VERIFIED,False,False,False,OK,3,3462270,9917,1853,Molde,Dundalk,1,1,1,0.2466666667,True,utc_time_competition_score_high_confidence_name,OK,True,True,True,ACCEPTED
202021-0436,LIVE_REFRESH_VERIFIED,False,False,False,OK,1,3462282,7787,9754,Slavia Prague,Hapoel Beer Sheva,0.8,1,0.9,0,True,utc_time_competition_score_high_confidence_name,OK,True,True,True,ACCEPTED
202021-0437,LIVE_REFRESH_VERIFIED,False,False,False,OK,1,3462283,9831,8178,Nice,Bayer Leverkusen,0.6666666667,1,0.8333333333,0,True,unique_utc_time_competition_score_alias,OK,True,True,True,ACCEPTED
202021-0438,LIVE_REFRESH_VERIFIED,False,False,False,OK,1,3462294,9772,2182,Benfica,Lech Poznan,1,1,1,0,True,utc_time_competition_score_high_confidence_name,OK,True,True,True,ACCEPTED
202021-0439,LIVE_REFRESH_VERIFIED,False,False,False,OK,1,3462295,8548,9985,Rangers,Standard Liege,0.6363636364,1,0.8181818182,0,True,unique_utc_time_competition_score_alias,OK,True,True,True,ACCEPTED
202021-0440,LIVE_REFRESH_VERIFIED,False,False,False,OK,2,3462307,8044,8619,Omonia Nicosia,PAOK Thessaloniki FC,1,1,1,0.1859649123,True,utc_time_competition_score_high_confidence_name,OK,True,True,True,ACCEPTED
202021-0441,LIVE_REFRESH_VERIFIED,False,False,False,OK,3,3462306,7878,8640,Granada,PSV Eindhoven,1,1,1,0.1805555556,True,utc_time_competition_score_high_confidence_name,OK,True,True,True,ACCEPTED
202021-0442,LIVE_REFRESH_VERIFIED,False,False,False,OK,1,3462319,8560,10162,Real Sociedad,Rijeka,1,1,1,0,True,utc_time_competition_score_high_confidence_name,OK,True,True,True,ACCEPTED
202021-0443,LIVE_REFRESH_VERIFIED,False,False,False,OK,2,3462318,10229,9875,AZ Alkmaar,Napoli,1,1,1,0.2540106952,True,utc_time_competition_score_high_confidence_name,OK,True,True,True,ACCEPTED
202021-0144,LIVE_REFRESH_VERIFIED,False,False,False,OK,2,3461840,8698,9789,Zenit St. Petersburg,Borussia Dortmund,1,1,1,0.2589670014,True,utc_time_competition_score_high_confidence_name,OK,True,True,True,ACCEPTED
202021-0145,LIVE_REFRESH_VERIFIED,False,False,False,OK,2,3461841,8543,8342,Lazio,Club Brugge,1,1,1,0.1843137255,True,utc_time_competition_score_high_confidence_name,OK,True,True,True,ACCEPTED
202021-0142,LIVE_REFRESH_VERIFIED,False,False,False,OK,2,3461750,8455,168719,Chelsea,FC Krasnodar,1,1,1,0.2222222222,True,utc_time_competition_score_high_confidence_name,OK,True,True,True,ACCEPTED
202021-0143,LIVE_REFRESH_VERIFIED,False,False,False,OK,1,3461751,9851,8302,Rennes,Sevilla,0.5263157895,1,0.7631578947,0,True,unique_utc_time_competition_score_alias,OK,True,True,True,ACCEPTED
202021-0146,LIVE_REFRESH_VERIFIED,False,False,False,OK,2,3462016,8634,9885,Barcelona,Juventus,1,1,1,0.205955335,True,utc_time_competition_score_high_confidence_name,OK,True,True,True,ACCEPTED
202021-0147,LIVE_REFRESH_VERIFIED,False,False,False,OK,2,3462017,8688,8222,Dynamo Kyiv,Ferencvaros,0.8181818182,1,0.9090909091,0.2159090909,True,utc_time_competition_score_high_confidence_name,OK,True,True,True,ACCEPTED
202021-0148,LIVE_REFRESH_VERIFIED,False,False,False,OK,1,3462211,178475,10260,RB Leipzig,Manchester United,1,1,1,0,True,utc_time_competition_score_high_confidence_name,OK,True,True,True,ACCEPTED
202021-0140,LIVE_REFRESH_VERIFIED,False,False,False,OK,3,3461686,8113,8650,Midtjylland,Liverpool,1,1,1,0.2222222222,True,utc_time_competition_score_high_confidence_name,OK,True,True,True,ACCEPTED
202021-0141,LIVE_REFRESH_VERIFIED,False,False,False,OK,1,3461685,8593,8524,Ajax,Atalanta,1,1,1,0,True,utc_time_competition_score_high_confidence_name,OK,True,True,True,ACCEPTED
202021-0149,LIVE_REFRESH_VERIFIED,False,False,False,OK,1,3462210,9847,1933,Paris Saint-Germain,Istanbul Basaksehir,1,1,1,0,True,utc_time_competition_score_high_confidence_name,OK,True,True,True,ACCEPTED
202021-0134,LIVE_REFRESH_VERIFIED,False,False,False,OK,4,3461648,10013,9906,Salzburg,Atletico Madrid,1,1,1,0.2101449275,True,utc_time_competition_score_high_confidence_name,OK,True,True,True,ACCEPTED
202021-0135,LIVE_REFRESH_VERIFIED,False,False,False,OK,4,3461647,9823,8710,Bayern München,Lokomotiv Moscow,1,1,1,0.2628571429,True,utc_time_competition_score_high_confidence_name,OK,True,True,True,ACCEPTED
202021-0136,LIVE_REFRESH_VERIFIED,False,False,False,OK,4,3461659,8633,9788,Real Madrid,Borussia M'Gladbach,1,0.8372093023,0.9186046512,0.3018018018,True,utc_time_competition_score_high_confidence_name,OK,True,True,True,ACCEPTED
202021-0137,LIVE_REFRESH_VERIFIED,False,False,False,OK,2,3461660,8636,9728,Inter,Shakhtar Donetsk,0.5263157895,1,0.7631578947,0.2271428571,True,separated_utc_time_competition_score_alias,OK,True,True,True,ACCEPTED
202021-0138,LIVE_REFRESH_VERIFIED,False,False,False,OK,1,3461673,8456,8592,Manchester City,Marseille,1,0.6428571429,0.8214285714,0,True,unique_utc_time_competition_score_alias,OK,True,True,True,ACCEPTED
202021-0139,LIVE_REFRESH_VERIFIED,False,False,False,OK,4,3461674,8638,9773,Olympiacos,FC Porto,0.6428571429,1,0.8214285714,0.2365967366,True,separated_utc_time_competition_score_alias,OK,True,True,True,ACCEPTED
202021-0456,LIVE_REFRESH_VERIFIED,False,False,False,OK,2,3462259,10192,9731,Young Boys,CFR Cluj,1,1,1,0.05555555556,True,utc_time_competition_score_high_confidence_name,OK,True,True,True,ACCEPTED
202021-0457,LIVE_REFRESH_VERIFIED,False,False,False,OK,2,3462260,10144,8686,PFC CSKA-Sofia,Roma,0.8333333333,0.7272727273,0.7803030303,0.2971014493,True,separated_utc_time_competition_score_alias,OK,True,True,True,ACCEPTED
202021-0458,LIVE_REFRESH_VERIFIED,False,False,False,OK,2,3462272,10015,9917,Rapid Wien,Molde,1,1,1,0.2916666667,True,utc_time_competition_score_high_confidence_name,OK,True,True,True,ACCEPTED
202021-0459,LIVE_REFRESH_VERIFIED,False,False,False,OK,1,3462271,1853,9825,Dundalk,Arsenal,1,1,1,0,True,utc_time_competition_score_high_confidence_name,OK,True,True,True,ACCEPTED
202021-0460,LIVE_REFRESH_VERIFIED,False,False,False,OK,3,3462285,9754,9831,Hapoel Beer Sheva,Nice,1,0.6666666667,0.8333333333,0.2731092437,True,separated_utc_time_competition_score_alias,OK,True,True,True,ACCEPTED
202021-0461,LIVE_REFRESH_VERIFIED,False,False,False,OK,2,3462284,8178,7787,Bayer Leverkusen,Slavia Prague,1,0.8,0.9,0.2917771883,True,utc_time_competition_score_high_confidence_name,OK,True,True,True,ACCEPTED
202021-0462,LIVE_REFRESH_VERIFIED,False,False,False,OK,1,3462297,2182,8548,Lech Poznan,Rangers,1,0.6363636364,0.8181818182,0,True,unique_utc_time_competition_score_alias,OK,True,True,True,ACCEPTED
202021-0463,LIVE_REFRESH_VERIFIED,False,False,False,OK,2,3462296,9985,9772,Standard Liege,Benfica,1,1,1,0.2916666667,True,utc_time_competition_score_high_confidence_name,OK,True,True,True,ACCEPTED
202021-0464,LIVE_REFRESH_VERIFIED,False,False,False,OK,3,3462309,8619,7878,PAOK Thessaloniki FC,Granada,1,1,1,0.4112903226,True,utc_time_competition_score_high_confidence_name,OK,True,True,True,ACCEPTED
202021-0465,LIVE_REFRESH_VERIFIED,False,False,False,OK,2,3462308,8640,8044,PSV Eindhoven,Omonia Nicosia,1,1,1,0.3205619413,True,utc_time_competition_score_high_confidence_name,OK,True,True,True,ACCEPTED
202021-0466,LIVE_REFRESH_VERIFIED,False,False,False,OK,2,3462321,10162,10229,Rijeka,AZ Alkmaar,1,1,1,0.1111111111,True,utc_time_competition_score_high_confidence_name,OK,True,True,True,ACCEPTED
202021-0467,LIVE_REFRESH_VERIFIED,False,False,False,OK,1,3462320,9875,8560,Napoli,Real Sociedad,1,1,1,0,True,utc_time_competition_score_high_confidence_name,OK,True,True,True,ACCEPTED
202021-0468,LIVE_REFRESH_VERIFIED,False,False,False,OK,3,3462333,8197,8563,Leicester City,AEK Athens,1,1,1,0.3141654979,True,utc_time_competition_score_high_confidence_name,OK,True,True,True,ACCEPTED
202021-0469,LIVE_REFRESH_VERIFIED,False,False,False,OK,3,3462332,10264,7770,Braga,Zorya,0.5263157895,0.5555555556,0.5409356725,0.3275434243,False,identity_below_threshold_or_ambiguous,NOT_REQUESTED,False,False,False,IDENTITY_AMBIGUOUS
202021-0470,LIVE_REFRESH_VERIFIED,False,False,False,OK,1,3462344,9925,8639,Celtic,Lille,1,0.7142857143,0.8571428571,0,True,utc_time_competition_score_high_confidence_name,OK,True,True,True,ACCEPTED
202021-0471,LIVE_REFRESH_VERIFIED,False,False,False,OK,1,3462345,10247,8564,Sparta Prague,Milan,0.8,1,0.9,0,True,utc_time_competition_score_high_confidence_name,OK,True,True,True,ACCEPTED
202021-0472,LIVE_REFRESH_VERIFIED,False,False,False,OK,0,,,,,,,,,,False,no_time_competition_score_candidate,NOT_REQUESTED,False,False,False,IDENTITY_AMBIGUOUS
202021-0473,LIVE_REFRESH_VERIFIED,False,False,False,OK,3,3462357,7855,6265,Maccabi Tel Aviv,Sivasspor,1,1,1,0.2284382284,True,utc_time_competition_score_high_confidence_name,OK,True,True,True,ACCEPTED
202021-0474,LIVE_REFRESH_VERIFIED,False,False,False,OK,1,3462369,210173,9977,Ludogorets Razgrad,LASK,1,1,1,0,True,utc_time_competition_score_high_confidence_name,OK,True,True,True,ACCEPTED
202021-0475,LIVE_REFRESH_VERIFIED,False,False,False,OK,3,3462368,8586,9988,Tottenham Hotspur,Royal Antwerp,1,1,1,0.3029453015,True,utc_time_competition_score_high_confidence_name,OK,True,True,True,ACCEPTED
202021-0476,LIVE_REFRESH_VERIFIED,False,False,False,OK,2,3462380,10156,9760,Dinamo Zagreb,CSKA Moscow,1,1,1,0.1407407407,True,utc_time_competition_score_high_confidence_name,OK,True,True,True,ACCEPTED
202021-0477,LIVE_REFRESH_VERIFIED,False,False,False,OK,3,3462381,1954,10235,Wolfsberger AC,Feyenoord,1,1,1,0.2912087912,True,utc_time_competition_score_high_confidence_name,OK,True,True,True,ACCEPTED
202021-0478,LIVE_REFRESH_VERIFIED,False,False,False,OK,1,3462392,8226,9991,TSG Hoffenheim,Gent,0.7586206897,0.7272727273,0.7429467085,0,True,unique_utc_time_competition_score_alias,OK,True,True,True,ACCEPTED
202021-0479,LIVE_REFRESH_VERIFIED,False,False,False,OK,3,3462393,10245,8687,Slovan Liberec,FK Crvena Zvezda,1,1,1,0.4112903226,True,utc_time_competition_score_high_confidence_name,OK,True,True,True,ACCEPTED
202021-0156,LIVE_REFRESH_VERIFIED,False,False,False,OK,1,3497092,178475,8650,RB Leipzig,Liverpool,1,1,1,0,True,utc_time_competition_score_high_confidence_name,OK,True,True,True,ACCEPTED
202021-0160,LIVE_REFRESH_VERIFIED,False,False,False,OK,1,3497096,8634,9847,Barcelona,Paris Saint-Germain,1,1,1,0,True,utc_time_competition_score_high_confidence_name,OK,True,True,True,ACCEPTED
202021-0158,LIVE_REFRESH_VERIFIED,False,False,False,OK,1,3497094,9773,9885,FC Porto,Juventus,1,1,1,0,True,utc_time_competition_score_high_confidence_name,OK,True,True,True,ACCEPTED
202021-0162,LIVE_REFRESH_VERIFIED,False,False,False,OK,1,3497098,8302,9789,Sevilla,Borussia Dortmund,1,1,1,0,True,utc_time_competition_score_high_confidence_name,OK,True,True,True,ACCEPTED
202021-0482,LIVE_REFRESH_VERIFIED,False,False,False,OK,2,3497179,8688,8342,Dynamo Kyiv,Club Brugge,0.8181818182,1,0.9090909091,0.264957265,True,utc_time_competition_score_high_confidence_name,OK,True,True,True,ACCEPTED
202021-0480,LIVE_REFRESH_VERIFIED,False,False,False,OK,1,3497177,1954,8586,Wolfsberger AC,Tottenham Hotspur,1,1,1,0,True,utc_time_competition_score_high_confidence_name,OK,True,True,True,ACCEPTED
202021-0484,LIVE_REFRESH_VERIFIED,False,False,False,OK,1,3497181,8560,10260,Real Sociedad,Manchester United,1,1,1,0,True,utc_time_competition_score_high_confidence_name,OK,True,True,True,ACCEPTED
202021-0488,LIVE_REFRESH_VERIFIED,False,False,False,OK,1,3497185,8687,8564,FK Crvena Zvezda,Milan,1,1,1,0,True,utc_time_competition_score_high_confidence_name,OK,True,True,True,ACCEPTED
202021-0492,LIVE_REFRESH_VERIFIED,False,False,False,OK,1,3497189,7787,8197,Slavia Prague,Leicester City,0.8,1,0.9,0,True,utc_time_competition_score_high_confidence_name,OK,True,True,True,ACCEPTED
202021-0496,LIVE_REFRESH_VERIFIED,False,False,False,OK,3,3497193,10264,8686,Braga,Roma,0.5263157895,0.7272727273,0.6267942584,0.3128342246,True,separated_utc_time_competition_score_alias,OK,True,True,True,ACCEPTED
202021-0498,LIVE_REFRESH_VERIFIED,False,False,False,OK,1,3497195,168719,10156,FC Krasnodar,Dinamo Zagreb,1,1,1,0,True,utc_time_competition_score_high_confidence_name,OK,True,True,True,ACCEPTED
202021-0500,LIVE_REFRESH_VERIFIED,False,False,False,OK,1,3497197,10192,8178,Young Boys,Bayer Leverkusen,1,1,1,0,True,utc_time_competition_score_high_confidence_name,OK,True,True,True,ACCEPTED
202021-0510,LIVE_REFRESH_VERIFIED,False,False,False,OK,1,3497207,8638,8640,Olympiacos,PSV Eindhoven,0.6428571429,1,0.8214285714,0,True,unique_utc_time_competition_score_alias,OK,True,True,True,ACCEPTED
202021-0486,LIVE_REFRESH_VERIFIED,False,False,False,OK,2,3497183,9772,9825,Benfica,Arsenal,1,1,1,0.264957265,True,utc_time_competition_score_high_confidence_name,OK,True,True,True,ACCEPTED
202021-0490,LIVE_REFRESH_VERIFIED,False,False,False,OK,1,3497187,9988,8548,Royal Antwerp,Rangers,1,0.6363636364,0.8181818182,0,True,unique_utc_time_competition_score_alias,OK,True,True,True,ACCEPTED
202021-0494,LIVE_REFRESH_VERIFIED,False,False,False,OK,3,3497191,10013,10205,Salzburg,Villarreal,1,1,1,0.2252747253,True,utc_time_competition_score_high_confidence_name,OK,True,True,True,ACCEPTED
202021-0502,LIVE_REFRESH_VERIFIED,False,False,False,OK,1,3497199,9917,8226,Molde,TSG Hoffenheim,1,0.7586206897,0.8793103448,0,True,utc_time_competition_score_high_confidence_name,OK,True,True,True,ACCEPTED
202021-0504,LIVE_REFRESH_VERIFIED,False,False,False,OK,1,3497201,7878,9875,Granada,Napoli,1,1,1,0,True,utc_time_competition_score_high_confidence_name,OK,True,True,True,ACCEPTED
202021-0506,LIVE_REFRESH_VERIFIED,False,False,False,OK,3,3497203,7855,9728,Maccabi Tel Aviv,Shakhtar Donetsk,1,1,1,0.1987179487,True,utc_time_competition_score_high_confidence_name,OK,True,True,True,ACCEPTED
202021-0508,LIVE_REFRESH_VERIFIED,False,False,False,OK,1,3497205,8639,8593,Lille,Ajax,0.7142857143,1,0.8571428571,0,True,utc_time_competition_score_high_confidence_name,OK,True,True,True,ACCEPTED
202021-0152,LIVE_REFRESH_VERIFIED,False,False,False,OK,2,3497088,8543,9823,Lazio,Bayern München,1,1,1,0.2202380952,True,utc_time_competition_score_high_confidence_name,OK,True,True,True,ACCEPTED
202021-0154,LIVE_REFRESH_VERIFIED,False,False,False,OK,3,3497090,9906,8455,Atletico Madrid,Chelsea,1,1,1,0.4062968516,True,utc_time_competition_score_high_confidence_name,OK,True,True,True,ACCEPTED
202021-0481,LIVE_REFRESH_VERIFIED,False,False,False,OK,1,3497178,8586,1954,Tottenham Hotspur,Wolfsberger AC,1,1,1,0,True,utc_time_competition_score_high_confidence_name,OK,True,True,True,ACCEPTED
202021-0150,LIVE_REFRESH_VERIFIED,False,False,False,OK,1,3497086,9788,8456,Borussia M'Gladbach,Manchester City,0.8372093023,1,0.9186046512,0,True,utc_time_competition_score_high_confidence_name,OK,True,True,True,ACCEPTED
202021-0164,LIVE_REFRESH_VERIFIED,False,False,False,OK,3,3497100,8524,8633,Atalanta,Real Madrid,1,1,1,0.2558922559,True,utc_time_competition_score_high_confidence_name,OK,True,True,True,ACCEPTED
202021-0487,LIVE_REFRESH_VERIFIED,False,False,False,OK,1,3497184,9825,9772,Arsenal,Benfica,1,1,1,0,True,utc_time_competition_score_high_confidence_name,OK,True,True,True,ACCEPTED
202021-0491,LIVE_REFRESH_VERIFIED,False,False,False,OK,1,3497188,8548,9988,Rangers,Royal Antwerp,0.6363636364,1,0.8181818182,0,True,unique_utc_time_competition_score_alias,OK,True,True,True,ACCEPTED
202021-0495,LIVE_REFRESH_VERIFIED,False,False,False,OK,4,3497192,10205,10013,Villarreal,Salzburg,1,1,1,0.2197802198,True,utc_time_competition_score_high_confidence_name,OK,True,True,True,ACCEPTED
202021-0503,LIVE_REFRESH_VERIFIED,False,False,False,OK,3,3497200,8226,9917,TSG Hoffenheim,Molde,0.7586206897,1,0.8793103448,0.1800766284,True,utc_time_competition_score_high_confidence_name,OK,True,True,True,ACCEPTED
202021-0505,LIVE_REFRESH_VERIFIED,False,False,False,OK,4,3497202,9875,7878,Napoli,Granada,1,1,1,0.1916666667,True,utc_time_competition_score_high_confidence_name,OK,True,True,True,ACCEPTED
202021-0507,LIVE_REFRESH_VERIFIED,False,False,False,OK,2,3497204,9728,7855,Shakhtar Donetsk,Maccabi Tel Aviv,1,1,1,0.2179310345,True,utc_time_competition_score_high_confidence_name,OK,True,True,True,ACCEPTED
202021-0509,LIVE_REFRESH_VERIFIED,False,False,False,OK,4,3497206,8593,8639,Ajax,Lille,1,0.7142857143,0.8571428571,0.2105263158,True,utc_time_competition_score_high_confidence_name,OK,True,True,True,ACCEPTED
202021-0483,LIVE_REFRESH_VERIFIED,False,False,False,OK,1,3497180,8342,8688,Club Brugge,Dynamo Kyiv,1,0.8181818182,0.9090909091,0,True,utc_time_competition_score_high_confidence_name,OK,True,True,True,ACCEPTED
202021-0485,LIVE_REFRESH_VERIFIED,False,False,False,OK,1,3497182,10260,8560,Manchester United,Real Sociedad,1,1,1,0,True,utc_time_competition_score_high_confidence_name,OK,True,True,True,ACCEPTED
202021-0489,LIVE_REFRESH_VERIFIED,False,False,False,OK,1,3497186,8564,8687,Milan,FK Crvena Zvezda,1,1,1,0,True,utc_time_competition_score_high_confidence_name,OK,True,True,True,ACCEPTED
202021-0493,LIVE_REFRESH_VERIFIED,False,False,False,OK,3,3497190,8197,7787,Leicester City,Slavia Prague,1,0.8,0.9,0.1454545455,True,utc_time_competition_score_high_confidence_name,OK,True,True,True,ACCEPTED
202021-0497,LIVE_REFRESH_VERIFIED,False,False,False,OK,1,3497194,8686,10264,Roma,Braga,0.7272727273,0.5263157895,0.6267942584,0,True,unique_utc_time_competition_score_alias,OK,True,True,True,ACCEPTED
202021-0499,LIVE_REFRESH_VERIFIED,False,False,False,OK,2,3497196,10156,168719,Dinamo Zagreb,FC Krasnodar,1,1,1,0.1834482759,True,utc_time_competition_score_high_confidence_name,OK,True,True,True,ACCEPTED
202021-0501,LIVE_REFRESH_VERIFIED,False,False,False,OK,3,3497198,8178,10192,Bayer Leverkusen,Young Boys,1,1,1,0.1666666667,True,utc_time_competition_score_high_confidence_name,OK,True,True,True,ACCEPTED
202021-0511,LIVE_REFRESH_VERIFIED,False,False,False,OK,4,3497208,8640,8638,PSV Eindhoven,Olympiacos,1,0.6428571429,0.8214285714,0.1852631579,True,separated_utc_time_competition_score_alias,OK,True,True,True,ACCEPTED
202021-0159,LIVE_REFRESH_VERIFIED,False,False,False,OK,1,3497095,9885,9773,Juventus,FC Porto,1,1,1,0,True,utc_time_competition_score_high_confidence_name,OK,True,True,True,EXTRA_TIME_SCOPE_MISMATCH
202021-0163,LIVE_REFRESH_VERIFIED,False,False,False,OK,1,3497099,9789,8302,Borussia Dortmund,Sevilla,1,1,1,0,True,utc_time_competition_score_high_confidence_name,OK,True,True,True,ACCEPTED
202021-0157,LIVE_REFRESH_VERIFIED,False,False,False,OK,1,3497093,8650,178475,Liverpool,RB Leipzig,1,1,1,0,True,utc_time_competition_score_high_confidence_name,OK,True,True,True,ACCEPTED
202021-0161,LIVE_REFRESH_VERIFIED,False,False,False,OK,2,3497097,9847,8634,Paris Saint-Germain,Barcelona,1,1,1,0.3194444444,True,utc_time_competition_score_high_confidence_name,OK,True,True,True,ACCEPTED
202021-0512,LIVE_REFRESH_VERIFIED,False,False,False,OK,2,3542755,8593,10192,Ajax,Young Boys,1,1,1,0.2403846154,True,utc_time_competition_score_high_confidence_name,OK,True,True,True,ACCEPTED
202021-0514,LIVE_REFRESH_VERIFIED,False,False,False,OK,1,3542757,8688,10205,Dynamo Kyiv,Villarreal,0.8181818182,1,0.9090909091,0,True,utc_time_competition_score_high_confidence_name,OK,True,True,True,ACCEPTED
202021-0522,LIVE_REFRESH_VERIFIED,False,False,False,OK,2,3542765,10260,8564,Manchester United,Milan,1,1,1,0.2333333333,True,utc_time_competition_score_high_confidence_name,OK,True,True,True,ACCEPTED
202021-0524,LIVE_REFRESH_VERIFIED,False,False,False,OK,2,3542767,7787,8548,Slavia Prague,Rangers,0.8,0.6363636364,0.7181818182,0.2189655172,True,separated_utc_time_competition_score_alias,OK,True,True,True,ACCEPTED
202021-0516,LIVE_REFRESH_VERIFIED,False,False,False,OK,2,3542759,8686,9728,Roma,Shakhtar Donetsk,0.7272727273,1,0.8636363636,0.2202797203,True,utc_time_competition_score_high_confidence_name,OK,True,True,True,ACCEPTED
202021-0518,LIVE_REFRESH_VERIFIED,False,False,False,OK,1,3542761,8638,9825,Olympiacos,Arsenal,0.6428571429,1,0.8214285714,0,True,unique_utc_time_competition_score_alias,OK,True,True,True,ACCEPTED
202021-0520,LIVE_REFRESH_VERIFIED,False,False,False,OK,2,3542764,8586,10156,Tottenham Hotspur,Dinamo Zagreb,1,1,1,0.25,True,utc_time_competition_score_high_confidence_name,OK,True,True,True,ACCEPTED
202021-0526,LIVE_REFRESH_VERIFIED,False,False,False,OK,2,3542769,7878,9917,Granada,Molde,1,1,1,0.2083333333,True,utc_time_competition_score_high_confidence_name,OK,True,True,True,ACCEPTED
202021-0151,LIVE_REFRESH_VERIFIED,False,False,False,OK,2,3497087,8456,9788,Manchester City,Borussia M'Gladbach,1,0.8372093023,0.9186046512,0.3554778555,True,utc_time_competition_score_high_confidence_name,OK,True,True,True,ACCEPTED
202021-0165,LIVE_REFRESH_VERIFIED,False,False,False,OK,1,3497101,8633,8524,Real Madrid,Atalanta,1,1,1,0,True,utc_time_competition_score_high_confidence_name,OK,True,True,True,ACCEPTED
202021-0153,LIVE_REFRESH_VERIFIED,False,False,False,OK,1,3497089,9823,8543,Bayern München,Lazio,1,1,1,0,True,utc_time_competition_score_high_confidence_name,OK,True,True,True,ACCEPTED
202021-0155,LIVE_REFRESH_VERIFIED,False,False,False,OK,2,3497091,8455,9906,Chelsea,Atletico Madrid,1,1,1,0.3743315508,True,utc_time_competition_score_high_confidence_name,OK,True,True,True,ACCEPTED
202021-0517,LIVE_REFRESH_VERIFIED,False,False,False,OK,1,3542760,9728,8686,Shakhtar Donetsk,Roma,1,0.7272727273,0.8636363636,0,True,utc_time_competition_score_high_confidence_name,OK,True,True,True,ACCEPTED
202021-0519,LIVE_REFRESH_VERIFIED,False,False,False,OK,2,3542762,9825,8638,Arsenal,Olympiacos,1,0.6428571429,0.8214285714,0.2523809524,True,separated_utc_time_competition_score_alias,OK,True,True,True,ACCEPTED
202021-0521,LIVE_REFRESH_VERIFIED,False,False,False,OK,1,3542763,10156,8586,Dinamo Zagreb,Tottenham Hotspur,1,1,1,0,True,utc_time_competition_score_high_confidence_name,OK,True,True,True,EXTRA_TIME_SCOPE_MISMATCH
202021-0527,LIVE_REFRESH_VERIFIED,False,False,False,OK,1,3542770,9917,7878,Molde,Granada,1,1,1,0,True,utc_time_competition_score_high_confidence_name,OK,True,True,True,ACCEPTED
202021-0513,LIVE_REFRESH_VERIFIED,False,False,False,OK,2,3542756,10192,8593,Young Boys,Ajax,1,1,1,0.2941176471,True,utc_time_competition_score_high_confidence_name,OK,True,True,True,ACCEPTED
202021-0515,LIVE_REFRESH_VERIFIED,False,False,False,OK,1,3542758,10205,8688,Villarreal,Dynamo Kyiv,1,0.8181818182,0.9090909091,0,True,utc_time_competition_score_high_confidence_name,OK,True,True,True,ACCEPTED
202021-0523,LIVE_REFRESH_VERIFIED,False,False,False,OK,2,3542766,8564,10260,Milan,Manchester United,1,1,1,0.2314814815,True,utc_time_competition_score_high_confidence_name,OK,True,True,True,ACCEPTED
202021-0525,LIVE_REFRESH_VERIFIED,False,False,False,OK,2,3542768,8548,7787,Rangers,Slavia Prague,0.6363636364,0.8,0.7181818182,0.285,True,separated_utc_time_competition_score_alias,OK,True,True,True,ACCEPTED
202021-0166,LIVE_REFRESH_VERIFIED,False,False,False,OK,2,3557611,8456,9789,Manchester City,Borussia Dortmund,1,1,1,0.1638795987,True,utc_time_competition_score_high_confidence_name,OK,True,True,True,ACCEPTED
202021-0172,LIVE_REFRESH_VERIFIED,False,False,False,OK,1,3557617,8633,8650,Real Madrid,Liverpool,1,1,1,0,True,utc_time_competition_score_high_confidence_name,OK,True,True,True,ACCEPTED
202021-0168,LIVE_REFRESH_VERIFIED,False,False,False,OK,1,3557613,9773,8455,FC Porto,Chelsea,1,1,1,0,True,utc_time_competition_score_high_confidence_name,OK,True,True,True,ACCEPTED
202021-0170,LIVE_REFRESH_VERIFIED,False,False,False,OK,1,3557615,9823,9847,Bayern München,Paris Saint-Germain,1,1,1,0,True,utc_time_competition_score_high_confidence_name,OK,True,True,True,ACCEPTED
202021-0528,LIVE_REFRESH_VERIFIED,False,False,False,OK,1,3557697,7878,10260,Granada,Manchester United,1,1,1,0,True,utc_time_competition_score_high_confidence_name,OK,True,True,True,ACCEPTED
202021-0530,LIVE_REFRESH_VERIFIED,False,False,False,OK,1,3557699,9825,7787,Arsenal,Slavia Prague,1,0.8,0.9,0,True,utc_time_competition_score_high_confidence_name,OK,True,True,True,ACCEPTED
202021-0532,LIVE_REFRESH_VERIFIED,False,False,False,OK,1,3557701,8593,8686,Ajax,Roma,1,0.7272727273,0.8636363636,0,True,utc_time_competition_score_high_confidence_name,OK,True,True,True,ACCEPTED
202021-0534,LIVE_REFRESH_VERIFIED,False,False,False,OK,1,3557703,10156,10205,Dinamo Zagreb,Villarreal,1,1,1,0,True,utc_time_competition_score_high_confidence_name,OK,True,True,True,ACCEPTED
202021-0169,LIVE_REFRESH_VERIFIED,False,False,False,OK,3,3557614,8455,9773,Chelsea,FC Porto,1,1,1,0.2095238095,True,utc_time_competition_score_high_confidence_name,OK,True,True,True,ACCEPTED
202021-0171,LIVE_REFRESH_VERIFIED,False,False,False,OK,3,3557616,9847,9823,Paris Saint-Germain,Bayern München,1,1,1,0.1955128205,True,utc_time_competition_score_high_confidence_name,OK,True,True,True,ACCEPTED
202021-0167,LIVE_REFRESH_VERIFIED,False,False,False,OK,1,3557612,9789,8456,Borussia Dortmund,Manchester City,1,1,1,0,True,utc_time_competition_score_high_confidence_name,OK,True,True,True,ACCEPTED
202021-0173,LIVE_REFRESH_VERIFIED,False,False,False,OK,6,3557618,8650,8633,Liverpool,Real Madrid,1,1,1,0.3742690058,True,utc_time_competition_score_high_confidence_name,OK,True,True,True,ACCEPTED
202021-0529,LIVE_REFRESH_VERIFIED,False,False,False,OK,1,3557698,10260,7878,Manchester United,Granada,1,1,1,0,True,utc_time_competition_score_high_confidence_name,OK,True,True,True,ACCEPTED
202021-0531,LIVE_REFRESH_VERIFIED,False,False,False,OK,1,3557700,7787,9825,Slavia Prague,Arsenal,0.8,1,0.9,0,True,utc_time_competition_score_high_confidence_name,OK,True,True,True,ACCEPTED
202021-0533,LIVE_REFRESH_VERIFIED,False,False,False,OK,1,3557702,8686,8593,Roma,Ajax,0.7272727273,1,0.8636363636,0,True,utc_time_competition_score_high_confidence_name,OK,True,True,True,ACCEPTED
202021-0535,LIVE_REFRESH_VERIFIED,False,False,False,OK,1,3557704,10205,10156,Villarreal,Dinamo Zagreb,1,1,1,0,True,utc_time_competition_score_high_confidence_name,OK,True,True,True,ACCEPTED
202021-0176,LIVE_REFRESH_VERIFIED,False,False,False,OK,3,3557619,8633,8455,Real Madrid,Chelsea,1,1,1,0.3,True,utc_time_competition_score_high_confidence_name,OK,True,True,True,ACCEPTED
202021-0174,LIVE_REFRESH_VERIFIED,False,False,False,OK,2,3557621,9847,8456,Paris Saint-Germain,Manchester City,1,1,1,0.3277591973,True,utc_time_competition_score_high_confidence_name,OK,True,True,True,ACCEPTED
202021-0536,LIVE_REFRESH_VERIFIED,False,False,False,OK,1,3557705,10260,8686,Manchester United,Roma,1,0.7272727273,0.8636363636,0,True,utc_time_competition_score_high_confidence_name,OK,True,True,True,ACCEPTED
202021-0538,LIVE_REFRESH_VERIFIED,False,False,False,OK,1,3557707,10205,9825,Villarreal,Arsenal,1,1,1,0,True,utc_time_competition_score_high_confidence_name,OK,True,True,True,ACCEPTED
202021-0175,LIVE_REFRESH_VERIFIED,False,False,False,OK,2,3557622,8456,9847,Manchester City,Paris Saint-Germain,1,1,1,0.3272727273,True,utc_time_competition_score_high_confidence_name,OK,True,True,True,ACCEPTED
202021-0177,LIVE_REFRESH_VERIFIED,False,False,False,OK,2,3557620,8455,8633,Chelsea,Real Madrid,1,1,1,0.3939393939,True,utc_time_competition_score_high_confidence_name,OK,True,True,True,ACCEPTED
202021-0537,LIVE_REFRESH_VERIFIED,False,False,False,OK,1,3557706,8686,10260,Roma,Manchester United,0.7272727273,1,0.8636363636,0,True,utc_time_competition_score_high_confidence_name,OK,True,True,True,ACCEPTED
202021-0539,LIVE_REFRESH_VERIFIED,False,False,False,OK,1,3557708,9825,10205,Arsenal,Villarreal,1,1,1,0,True,utc_time_competition_score_high_confidence_name,OK,True,True,True,ACCEPTED
202021-0540,LIVE_REFRESH_VERIFIED,False,False,False,OK,1,3557709,10205,10260,Villarreal,Manchester United,1,1,1,0,True,utc_time_competition_score_high_confidence_name,OK,True,True,True,EXTRA_TIME_SCOPE_MISMATCH
202021-0178,LIVE_REFRESH_VERIFIED,False,False,False,OK,1,3557623,8456,8455,Manchester City,Chelsea,1,1,1,0,True,utc_time_competition_score_high_confidence_name,OK,True,True,True,ACCEPTED
202122-0001,LIVE_REFRESH_VERIFIED,False,False,False,OK,1,3601826,1604,674506,Folgore,FC Prishtina,1,1,1,0,True,utc_time_competition_score_high_confidence_name,OK,True,True,True,NO_PUBLIC_XG
202122-0002,LIVE_REFRESH_VERIFIED,False,False,False,OK,3,3601827,6652,10050,HB Torshavn,Inter Club d'Escaldes,1,1,1,0.2379310345,True,utc_time_competition_score_high_confidence_name,OK,True,True,True,NO_PUBLIC_XG
202122-0003,LIVE_REFRESH_VERIFIED,False,False,False,OK,2,3601828,674506,10050,FC Prishtina,Inter Club d'Escaldes,1,1,1,0.175,True,utc_time_competition_score_high_confidence_name,OK,True,True,True,NO_PUBLIC_XG
202122-0452,LIVE_REFRESH_VERIFIED,False,False,False,OK,1,3608992,4527,4662,Mosta,Spartak Trnava,1,1,1,0,True,utc_time_competition_score_high_confidence_name,OK,True,True,True,NO_PUBLIC_XG
202122-0404,LIVE_REFRESH_VERIFIED,False,False,False,OK,1,3609000,794164,10042,Mons Calpe SC,FC Santa Coloma,1,1,1,0,True,utc_time_competition_score_high_confidence_name,OK,True,True,True,NO_PUBLIC_XG
202122-0014,LIVE_REFRESH_VERIFIED,False,False,False,OK,3,3608448,9861,8627,HJK,Buducnost Podgorica,0.4,1,0.7,0.1928571429,True,separated_utc_time_competition_score_alias,OK,True,True,True,NO_PUBLIC_XG
202122-0028,LIVE_REFRESH_VERIFIED,False,False,False,OK,1,3608455,8222,674506,Ferencvaros,FC Prishtina,1,1,1,0,True,utc_time_competition_score_high_confidence_name,OK,True,True,True,NO_PUBLIC_XG
202122-0032,LIVE_REFRESH_VERIFIED,False,False,False,OK,2,3608457,8155,8040,Flora Tallinn,Hibernians,1,1,1,0.36,True,utc_time_competition_score_high_confidence_name,OK,True,True,True,NO_PUBLIC_XG
202122-0016,LIVE_REFRESH_VERIFIED,False,False,False,OK,3,3608449,9731,10116,CFR Cluj,Borac Banja Luka,1,1,1,0.25,True,utc_time_competition_score_high_confidence_name,OK,True,True,True,NO_PUBLIC_XG
202122-0030,LIVE_REFRESH_VERIFIED,False,False,False,OK,3,3608456,4616,7971,Zalgiris Vilnius,Linfield,1,0.6666666667,0.8333333333,0.2083333333,True,separated_utc_time_competition_score_alias,OK,True,True,True,NO_PUBLIC_XG
202122-0004,LIVE_REFRESH_VERIFIED,False,False,False,OK,2,3608443,132044,545012,CS Fola Esch,Lincoln Red Imps FC,1,1,1,0.24,True,utc_time_competition_score_high_confidence_name,OK,True,True,True,NO_PUBLIC_XG
202122-0018,LIVE_REFRESH_VERIFIED,False,False,False,OK,1,3608450,2234,2172,KF Shkendija,Mura,0.8571428571,0.3636363636,0.6103896104,0,True,unique_utc_time_competition_score_alias,OK,True,True,True,NO_PUBLIC_XG
202122-0418,LIVE_REFRESH_VERIFIED,False,False,False,OK,1,3608942,677268,10031,FK Podgorica,Laci,1,0.7272727273,0.8636363636,0,True,utc_time_competition_score_high_confidence_name,OK,True,True,True,NO_PUBLIC_XG
202122-0010,LIVE_REFRESH_VERIFIED,False,False,False,OK,2,3608446,8402,8673,Bodø/Glimt,Legia Warszawa,1,0.9230769231,0.9615384615,0.2233201581,True,utc_time_competition_score_high_confidence_name,OK,True,True,True,NO_PUBLIC_XG
202122-0022,LIVE_REFRESH_VERIFIED,False,False,False,OK,1,3608452,7755,4617,Dinamo Tbilisi,FK Neftchi,1,0.7368421053,0.8684210526,0,True,utc_time_competition_score_high_confidence_name,OK,True,True,True,NO_PUBLIC_XG
202122-0006,LIVE_REFRESH_VERIFIED,False,False,False,OK,2,3608444,6019,4131,Slovan Bratislava,Shamrock Rovers,1,1,1,0.36,True,utc_time_competition_score_high_confidence_name,OK,True,True,True,NO_PUBLIC_XG
202122-0008,LIVE_REFRESH_VERIFIED,False,False,False,OK,2,3608445,10237,624924,Malmö FF,Riga FC,1,1,1,0.1688963211,True,utc_time_competition_score_high_confidence_name,OK,True,True,True,NO_PUBLIC_XG
202122-0020,LIVE_REFRESH_VERIFIED,False,False,False,OK,1,3608451,10037,9729,Teuta Durres,FC Sheriff,1,0.6086956522,0.8043478261,0,True,unique_utc_time_competition_score_alias,OK,True,True,True,NO_PUBLIC_XG
202122-0024,LIVE_REFRESH_VERIFIED,False,False,False,OK,3,3608453,10185,8037,Maccabi Haifa,Kairat Almaty,1,1,1,0.2195767196,True,utc_time_competition_score_high_confidence_name,OK,True,True,True,NO_PUBLIC_XG
202122-0026,LIVE_REFRESH_VERIFIED,False,False,False,OK,2,3608454,210173,10068,Ludogorets Razgrad,Shakhtyor Soligorsk,1,0.8947368421,0.9473684211,0.245819398,True,utc_time_competition_score_high_confidence_name,OK,True,True,True,NO_PUBLIC_XG
202122-0034,LIVE_REFRESH_VERIFIED,False,False,False,OK,1,3608458,10156,8064,Dinamo Zagreb,Valur,1,0.5,0.75,0,True,unique_utc_time_competition_score_alias,OK,True,True,True,NO_PUBLIC_XG
202122-0012,LIVE_REFRESH_VERIFIED,False,False,False,OK,2,3608447,2193,310094,Connah's Quay,Alashkert FC,1,1,1,0.24,True,utc_time_competition_score_high_confidence_name,OK,True,True,True,NO_PUBLIC_XG
202122-0422,LIVE_REFRESH_VERIFIED,False,False,False,OK,6,3608968,866111,1693,FC Noah,KuPS,1,1,1,0.2318181818,True,utc_time_competition_score_high_confidence_name,OK,True,True,True,NO_PUBLIC_XG
202122-0438,LIVE_REFRESH_VERIFIED,False,False,False,OK,6,3608972,6187,561981,FK Sileks,CS Petrocub,0.6,0.5714285714,0.5857142857,0.3239130435,True,separated_utc_time_competition_score_alias,OK,True,True,True,NO_PUBLIC_XG
202122-0454,LIVE_REFRESH_VERIFIED,False,False,False,OK,6,3608994,8016,866489,FK Liepaja,FK Struga,1,1,1,0.3891402715,True,utc_time_competition_score_high_confidence_name,OK,True,True,True,NO_PUBLIC_XG
202122-0396,LIVE_REFRESH_VERIFIED,False,False,False,OK,6,3608950,6550,355346,FC Inter Turku,Puskas FC Academy,1,0.8275862069,0.9137931034,0.3007518797,True,utc_time_competition_score_high_confidence_name,OK,True,True,True,NO_PUBLIC_XG
202122-0400,LIVE_REFRESH_VERIFIED,False,False,False,OK,3,3608976,8337,197871,Suduva,Valmiera FC,0.5,0.9411764706,0.7205882353,0.3888888889,True,separated_utc_time_competition_score_alias,OK,True,True,True,NO_PUBLIC_XG
202122-0430,LIVE_REFRESH_VERIFIED,False,False,False,OK,2,3608970,248871,8106,RFS,Klaksvik,1,0.8421052632,0.9210526316,0.2289377289,True,utc_time_competition_score_high_confidence_name,OK,True,True,True,NO_PUBLIC_XG
202122-0446,LIVE_REFRESH_VERIFIED,False,False,False,OK,4,3608974,10049,339993,Sant Julia,Gzira United,1,1,1,0.3239130435,True,utc_time_competition_score_high_confidence_name,OK,True,True,True,NO_PUBLIC_XG
202122-0458,LIVE_REFRESH_VERIFIED,False,False,False,OK,4,3608998,6605,8110,Honka,NSI Runavik,0.625,1,0.8125,0.3126293996,True,separated_utc_time_competition_score_alias,OK,True,True,True,NO_PUBLIC_XG
202122-0394,LIVE_REFRESH_VERIFIED,False,False,False,OK,2,3608936,1588,631395,FCI Levadia,St Joseph's,0.6363636364,1,0.8181818182,0.03571428571,True,separated_utc_time_competition_score_alias,OK,True,True,True,NO_PUBLIC_XG
202122-0424,LIVE_REFRESH_VERIFIED,False,False,False,OK,1,3608982,6022,2217,Zilina,Dila Gori,0.75,1,0.875,0,True,utc_time_competition_score_high_confidence_name,OK,True,True,True,NO_PUBLIC_XG
202122-0450,LIVE_REFRESH_VERIFIED,False,False,False,OK,1,3608990,1853,2188,Dundalk,Newtown,1,1,1,0,True,utc_time_competition_score_high_confidence_name,OK,True,True,True,NO_PUBLIC_XG
202122-0420,LIVE_REFRESH_VERIFIED,False,False,False,OK,4,3608954,175682,10105,FC Milsami Orhei,FK Sarajevo,1,1,1,0.2804347826,True,utc_time_competition_score_high_confidence_name,OK,True,True,True,NO_PUBLIC_XG
202122-0456,LIVE_REFRESH_VERIFIED,False,False,False,OK,2,3608996,2110,8332,Racing FC Union Luxembourg,Breidablik,1,1,1,0.2051282051,True,utc_time_competition_score_high_confidence_name,OK,True,True,True,NO_PUBLIC_XG
202122-0444,LIVE_REFRESH_VERIFIED,False,False,False,OK,6,3608960,2203,7852,Glentoran,TNS,1,1,1,0.2986111111,True,utc_time_competition_score_high_confidence_name,OK,True,True,True,NO_PUBLIC_XG
202122-0398,LIVE_REFRESH_VERIFIED,False,False,False,OK,3,3608962,784771,8100,Drita,Decic Tuzi,1,1,1,0.2373737374,True,utc_time_competition_score_high_confidence_name,OK,True,True,True,NO_PUBLIC_XG
202122-0402,LIVE_REFRESH_VERIFIED,False,False,False,OK,6,3608938,8001,163541,Birkirkara,La Fiorita Montegiardino,1,0.5882352941,0.7941176471,0.3111111111,True,separated_utc_time_competition_score_alias,OK,True,True,True,NO_PUBLIC_XG
202122-0408,LIVE_REFRESH_VERIFIED,False,False,False,OK,6,3608978,8154,2113,Domzale,Swift Hesperange,1,1,1,0.2318181818,True,utc_time_competition_score_high_confidence_name,OK,True,True,True,NO_PUBLIC_XG
202122-0410,LIVE_REFRESH_VERIFIED,False,False,False,OK,1,3608940,358106,784763,Shkupi,Llapi,1,0.7692307692,0.8846153846,0,True,utc_time_competition_score_high_confidence_name,OK,True,True,True,NO_PUBLIC_XG
202122-0414,LIVE_REFRESH_VERIFIED,False,False,False,OK,1,3608966,10028,175683,Partizani,FC Sfintul Gheorghe,0.72,0.9375,0.82875,0,True,utc_time_competition_score_high_confidence_name,OK,True,True,True,NO_PUBLIC_XG
202122-0426,LIVE_REFRESH_VERIFIED,False,False,False,OK,6,3608944,8151,6361,FH Hafnarfjordur,Sligo Rovers,0.875,1,0.9375,0.2415458937,True,utc_time_competition_score_high_confidence_name,OK,True,True,True,NO_PUBLIC_XG
202122-0428,LIVE_REFRESH_VERIFIED,False,False,False,OK,1,3608956,163540,8025,Paide Linnameeskond,Slask Wroclaw,1,1,1,0,True,utc_time_competition_score_high_confidence_name,OK,True,True,True,NO_PUBLIC_XG
202122-0432,LIVE_REFRESH_VERIFIED,False,False,False,OK,1,3608984,175654,2206,Bala Town,Larne,1,1,1,0,True,utc_time_competition_score_high_confidence_name,OK,True,True,True,NO_PUBLIC_XG
202122-0434,LIVE_REFRESH_VERIFIED,False,False,False,OK,6,3608946,8036,2212,Fehervar FC,Ararat,1,0.6,0.8,0.3007518797,True,separated_utc_time_competition_score_alias,OK,True,True,True,NO_PUBLIC_XG
202122-0448,LIVE_REFRESH_VERIFIED,False,False,False,OK,4,3608988,545013,439132,Europa FC,FK Kauno Zalgiris,1,1,1,0.3418181818,True,utc_time_competition_score_high_confidence_name,OK,True,True,True,NO_PUBLIC_XG
202122-0406,LIVE_REFRESH_VERIFIED,False,False,False,OK,3,3608964,10122,2202,FK Velez Mostar,Coleraine,1,1,1,0.3464052288,True,utc_time_competition_score_high_confidence_name,OK,True,True,True,NO_PUBLIC_XG
202122-0436,LIVE_REFRESH_VERIFIED,False,False,False,OK,6,3608958,2245,154186,Sutjeska,FC Gagra,0.6956521739,0.5555555556,0.6256038647,0.2488038278,True,separated_utc_time_competition_score_alias,OK,True,True,True,NO_PUBLIC_XG
202122-0412,LIVE_REFRESH_VERIFIED,False,False,False,OK,1,3608952,163542,6193,Tre Penne Galazzano,Dinamo Batumi,0.6428571429,1,0.8214285714,0,True,unique_utc_time_competition_score_alias,OK,True,True,True,NO_PUBLIC_XG
202122-0416,LIVE_REFRESH_VERIFIED,False,False,False,OK,6,3608980,8340,7979,Maribor,Urartu FC,1,1,1,0.2850241546,True,utc_time_competition_score_high_confidence_name,OK,True,True,True,NO_PUBLIC_XG
202122-0440,LIVE_REFRESH_VERIFIED,False,False,False,OK,2,3608986,10112,10034,Siroki Brijeg,Vllaznia,1,0.6666666667,0.8333333333,0.1240740741,True,separated_utc_time_competition_score_alias,OK,True,True,True,NO_PUBLIC_XG
202122-0442,LIVE_REFRESH_VERIFIED,False,False,False,OK,6,3608948,6343,4594,Stjarnan,Bohemian FC,1,0.6666666667,0.8333333333,0.3405572755,True,separated_utc_time_competition_score_alias,OK,True,True,True,NO_PUBLIC_XG
202122-0005,LIVE_REFRESH_VERIFIED,False,False,False,OK,2,3608459,545012,132044,Lincoln Red Imps FC,CS Fola Esch,1,1,1,0.1333333333,True,utc_time_competition_score_high_confidence_name,OK,True,True,True,NO_PUBLIC_XG
202122-0009,LIVE_REFRESH_VERIFIED,False,False,False,OK,1,3608461,624924,10237,Riga FC,Malmö FF,1,1,1,0,True,utc_time_competition_score_high_confidence_name,OK,True,True,True,NO_PUBLIC_XG
202122-0033,LIVE_REFRESH_VERIFIED,False,False,False,OK,1,3608473,8040,8155,Hibernians,Flora Tallinn,1,1,1,0,True,utc_time_competition_score_high_confidence_name,OK,True,True,True,NO_PUBLIC_XG
202122-0451,LIVE_REFRESH_VERIFIED,False,False,False,OK,1,3608991,2188,1853,Newtown,Dundalk,1,1,1,0,True,utc_time_competition_score_high_confidence_name,OK,True,True,True,NO_PUBLIC_XG
202122-0021,LIVE_REFRESH_VERIFIED,False,False,False,OK,2,3608467,9729,10037,FC Sheriff,Teuta Durres,0.6086956522,1,0.8043478261,0.28,True,separated_utc_time_competition_score_alias,OK,True,True,True,NO_PUBLIC_XG
202122-0017,LIVE_REFRESH_VERIFIED,False,False,False,OK,3,3608465,10116,9731,Borac Banja Luka,CFR Cluj,1,1,1,0.144516129,True,utc_time_competition_score_high_confidence_name,OK,True,True,True,NO_PUBLIC_XG
202122-0019,LIVE_REFRESH_VERIFIED,False,False,False,OK,2,3608466,2172,2234,Mura,KF Shkendija,0.3636363636,0.8571428571,0.6103896104,0.1540616246,True,separated_utc_time_competition_score_alias,OK,True,True,True,NO_PUBLIC_XG
202122-0029,LIVE_REFRESH_VERIFIED,False,False,False,OK,1,3608471,674506,8222,FC Prishtina,Ferencvaros,1,1,1,0,True,utc_time_competition_score_high_confidence_name,OK,True,True,True,NO_PUBLIC_XG
202122-0015,LIVE_REFRESH_VERIFIED,False,False,False,OK,1,3608464,8627,9861,Buducnost Podgorica,HJK,1,0.4,0.7,0,True,unique_utc_time_competition_score_alias,OK,True,True,True,NO_PUBLIC_XG
202122-0031,LIVE_REFRESH_VERIFIED,False,False,False,OK,1,3608472,7971,4616,Linfield,Zalgiris Vilnius,0.6666666667,1,0.8333333333,0,True,unique_utc_time_competition_score_alias,OK,True,True,True,NO_PUBLIC_XG
202122-0007,LIVE_REFRESH_VERIFIED,False,False,False,OK,3,3608460,4131,6019,Shamrock Rovers,Slovan Bratislava,1,1,1,0.142228739,True,utc_time_competition_score_high_confidence_name,OK,True,True,True,NO_PUBLIC_XG
202122-0027,LIVE_REFRESH_VERIFIED,False,False,False,OK,1,3608470,10068,210173,Shakhtyor Soligorsk,Ludogorets Razgrad,0.8947368421,1,0.9473684211,0,True,utc_time_competition_score_high_confidence_name,OK,True,True,True,NO_PUBLIC_XG
202122-0035,LIVE_REFRESH_VERIFIED,False,False,False,OK,1,3608474,8064,10156,Valur,Dinamo Zagreb,0.5,1,0.75,0,True,unique_utc_time_competition_score_alias,OK,True,True,True,NO_PUBLIC_XG
202122-0025,LIVE_REFRESH_VERIFIED,False,False,False,OK,2,3608469,8037,10185,Kairat Almaty,Maccabi Haifa,1,1,1,0.1936026936,True,utc_time_competition_score_high_confidence_name,OK,True,True,True,NO_PUBLIC_XG
202122-0013,LIVE_REFRESH_VERIFIED,False,False,False,OK,2,3608463,310094,2193,Alashkert FC,Connah's Quay,1,1,1,0.37,True,utc_time_competition_score_high_confidence_name,OK,True,True,True,NO_PUBLIC_XG
202122-0023,LIVE_REFRESH_VERIFIED,False,False,False,OK,3,3608468,4617,7755,FK Neftchi,Dinamo Tbilisi,0.7368421053,1,0.8684210526,0.2694805195,True,utc_time_competition_score_high_confidence_name,OK,True,True,True,NO_PUBLIC_XG
202122-0011,LIVE_REFRESH_VERIFIED,False,False,False,OK,2,3608462,8673,8402,Legia Warszawa,Bodø/Glimt,0.9230769231,1,0.9615384615,0.2163636364,True,utc_time_competition_score_high_confidence_name,OK,True,True,True,NO_PUBLIC_XG
202122-0435,LIVE_REFRESH_VERIFIED,False,False,False,OK,7,3608947,2212,8036,Ararat,Fehervar FC,0.6,1,0.8,0.3269230769,True,separated_utc_time_competition_score_alias,OK,True,True,True,NO_PUBLIC_XG
202122-0455,LIVE_REFRESH_VERIFIED,False,False,False,OK,1,3608995,866489,8016,FK Struga,FK Liepaja,1,1,1,0,True,utc_time_competition_score_high_confidence_name,OK,True,True,True,NO_PUBLIC_XG
202122-0401,LIVE_REFRESH_VERIFIED,False,False,False,OK,1,3608977,197871,8337,Valmiera FC,Suduva,0.9411764706,0.5,0.7205882353,0,True,unique_utc_time_competition_score_alias,OK,True,True,True,NO_PUBLIC_XG
202122-0417,LIVE_REFRESH_VERIFIED,False,False,False,OK,3,3608981,7979,8340,Urartu FC,Maribor,1,1,1,0.3928571429,True,utc_time_competition_score_high_confidence_name,OK,True,True,True,NO_PUBLIC_XG
202122-0423,LIVE_REFRESH_VERIFIED,False,False,False,OK,1,3608969,1693,866111,KuPS,FC Noah,1,1,1,0,True,utc_time_competition_score_high_confidence_name,OK,True,True,True,NO_PUBLIC_XG
202122-0437,LIVE_REFRESH_VERIFIED,False,False,False,OK,6,3608959,154186,2245,FC Gagra,Sutjeska,0.5555555556,0.6956521739,0.6256038647,0.32,True,separated_utc_time_competition_score_alias,OK,True,True,True,NO_PUBLIC_XG
202122-0449,LIVE_REFRESH_VERIFIED,False,False,False,OK,7,3608989,439132,545013,FK Kauno Zalgiris,Europa FC,1,1,1,0.3642857143,True,utc_time_competition_score_high_confidence_name,OK,True,True,True,NO_PUBLIC_XG
202122-0395,LIVE_REFRESH_VERIFIED,False,False,False,OK,6,3608937,631395,1588,St Joseph's,FCI Levadia,1,0.6363636364,0.8181818182,0.2760942761,True,separated_utc_time_competition_score_alias,OK,True,True,True,NO_PUBLIC_XG
202122-0405,LIVE_REFRESH_VERIFIED,False,False,False,OK,1,3609001,10042,794164,FC Santa Coloma,Mons Calpe SC,1,1,1,0,True,utc_time_competition_score_high_confidence_name,OK,True,True,True,NO_PUBLIC_XG
202122-0413,LIVE_REFRESH_VERIFIED,False,False,False,OK,4,3608953,6193,163542,Dinamo Batumi,Tre Penne Galazzano,1,0.6428571429,0.8214285714,0.3781512605,True,separated_utc_time_competition_score_alias,OK,True,True,True,NO_PUBLIC_XG
202122-0415,LIVE_REFRESH_VERIFIED,False,False,False,OK,1,3608967,175683,10028,FC Sfintul Gheorghe,Partizani,0.9375,0.72,0.82875,0,True,utc_time_competition_score_high_confidence_name,OK,True,True,True,NO_PUBLIC_XG
202122-0425,LIVE_REFRESH_VERIFIED,False,False,False,OK,1,3608983,2217,6022,Dila Gori,Zilina,1,0.75,0.875,0,True,utc_time_competition_score_high_confidence_name,OK,True,True,True,NO_PUBLIC_XG
202122-0427,LIVE_REFRESH_VERIFIED,False,False,False,OK,2,3608945,6361,8151,Sligo Rovers,FH Hafnarfjordur,1,0.875,0.9375,0.25,True,utc_time_competition_score_high_confidence_name,OK,True,True,True,NO_PUBLIC_XG
202122-0439,LIVE_REFRESH_VERIFIED,False,False,False,OK,2,3608973,561981,6187,CS Petrocub,FK Sileks,0.5714285714,0.6,0.5857142857,0.2193675889,True,separated_utc_time_competition_score_alias,OK,True,True,True,NO_PUBLIC_XG
202122-0459,LIVE_REFRESH_VERIFIED,False,False,False,OK,1,3608999,8110,6605,NSI Runavik,Honka,1,0.625,0.8125,0,True,unique_utc_time_competition_score_alias,OK,True,True,True,NO_PUBLIC_XG
202122-0445,LIVE_REFRESH_VERIFIED,False,False,False,OK,7,3608961,7852,2203,TNS,Glentoran,1,1,1,0.3176470588,True,utc_time_competition_score_high_confidence_name,OK,True,True,True,NO_PUBLIC_XG
202122-0397,LIVE_REFRESH_VERIFIED,False,False,False,OK,7,3608951,355346,6550,Puskas FC Academy,FC Inter Turku,0.8275862069,1,0.9137931034,0.3007518797,True,utc_time_competition_score_high_confidence_name,OK,True,True,True,NO_PUBLIC_XG
202122-0409,LIVE_REFRESH_VERIFIED,False,False,False,OK,6,3608979,2113,8154,Swift Hesperange,Domzale,1,1,1,0.328042328,True,utc_time_competition_score_high_confidence_name,OK,True,True,True,NO_PUBLIC_XG
202122-0411,LIVE_REFRESH_VERIFIED,False,False,False,OK,6,3608941,784763,358106,Llapi,Shkupi,0.7692307692,1,0.8846153846,0.2875,True,utc_time_competition_score_high_confidence_name,OK,True,True,True,NO_PUBLIC_XG
202122-0419,LIVE_REFRESH_VERIFIED,False,False,False,OK,4,3608943,10031,677268,Laci,FK Podgorica,0.7272727273,1,0.8636363636,0.3363636364,True,utc_time_competition_score_high_confidence_name,OK,True,True,True,NO_PUBLIC_XG
202122-0447,LIVE_REFRESH_VERIFIED,False,False,False,OK,6,3608975,339993,10049,Gzira United,Sant Julia,1,1,1,0.2962184874,True,utc_time_competition_score_high_confidence_name,OK,True,True,True,NO_PUBLIC_XG
202122-0433,LIVE_REFRESH_VERIFIED,False,False,False,OK,2,3608985,2206,175654,Larne,Bala Town,1,1,1,0.1291666667,True,utc_time_competition_score_high_confidence_name,OK,True,True,True,NO_PUBLIC_XG
202122-0399,LIVE_REFRESH_VERIFIED,False,False,False,OK,3,3608963,8100,784771,Decic Tuzi,Drita,1,1,1,0.2916666667,True,utc_time_competition_score_high_confidence_name,OK,True,True,True,NO_PUBLIC_XG
202122-0403,LIVE_REFRESH_VERIFIED,False,False,False,OK,6,3608939,163541,8001,La Fiorita Montegiardino,Birkirkara,0.5882352941,1,0.7941176471,0.3111111111,True,separated_utc_time_competition_score_alias,OK,True,True,True,NO_PUBLIC_XG
202122-0443,LIVE_REFRESH_VERIFIED,False,False,False,OK,4,3608949,4594,6343,Bohemian FC,Stjarnan,0.6666666667,1,0.8333333333,0.251596424,True,separated_utc_time_competition_score_alias,OK,True,True,True,NO_PUBLIC_XG
202122-0453,LIVE_REFRESH_VERIFIED,False,False,False,OK,7,3608993,4662,4527,Spartak Trnava,Mosta,1,1,1,0.3055555556,True,utc_time_competition_score_high_confidence_name,OK,True,True,True,NO_PUBLIC_XG
202122-0407,LIVE_REFRESH_VERIFIED,False,False,False,OK,2,3608965,2202,10122,Coleraine,FK Velez Mostar,1,1,1,0.25,True,utc_time_competition_score_high_confidence_name,OK,True,True,True,NO_PUBLIC_XG
202122-0421,LIVE_REFRESH_VERIFIED,False,False,False,OK,3,3608955,10105,175682,FK Sarajevo,FC Milsami Orhei,1,1,1,0.3428571429,True,utc_time_competition_score_high_confidence_name,OK,True,True,True,NO_PUBLIC_XG
202122-0429,LIVE_REFRESH_VERIFIED,False,False,False,OK,7,3608957,8025,163540,Slask Wroclaw,Paide Linnameeskond,1,1,1,0.3555555556,True,utc_time_competition_score_high_confidence_name,OK,True,True,True,NO_PUBLIC_XG
202122-0431,LIVE_REFRESH_VERIFIED,False,False,False,OK,1,3608971,8106,248871,Klaksvik,RFS,0.8421052632,1,0.9210526316,0,True,utc_time_competition_score_high_confidence_name,OK,True,True,True,NO_PUBLIC_XG
202122-0441,LIVE_REFRESH_VERIFIED,False,False,False,OK,4,3608987,10034,10112,Vllaznia,Siroki Brijeg,0.6666666667,1,0.8333333333,0.2863636364,True,separated_utc_time_competition_score_alias,OK,True,True,True,NO_PUBLIC_XG
202122-0457,LIVE_REFRESH_VERIFIED,False,False,False,OK,7,3608997,8332,2110,Breidablik,Racing FC Union Luxembourg,1,1,1,0.2298136646,True,utc_time_competition_score_high_confidence_name,OK,True,True,True,NO_PUBLIC_XG
202122-0042,LIVE_REFRESH_VERIFIED,False,False,False,OK,1,3610322,310094,9729,Alashkert FC,FC Sheriff,1,0.6086956522,0.8043478261,0,True,unique_utc_time_competition_score_alias,OK,True,True,True,NO_PUBLIC_XG
202122-0496,LIVE_REFRESH_VERIFIED,False,False,False,OK,1,3610548,8154,6605,Domzale,Honka,1,0.625,0.8125,0,True,unique_utc_time_competition_score_alias,OK,True,True,True,NO_PUBLIC_XG
202122-0048,LIVE_REFRESH_VERIFIED,False,False,False,OK,1,3610324,545012,9731,Lincoln Red Imps FC,CFR Cluj,1,1,1,0,True,utc_time_competition_score_high_confidence_name,OK,True,True,True,NO_PUBLIC_XG
202122-0494,LIVE_REFRESH_VERIFIED,False,False,False,OK,1,3610546,439132,7852,FK Kauno Zalgiris,TNS,1,1,1,0,True,utc_time_competition_score_high_confidence_name,OK,True,True,True,NO_PUBLIC_XG
202122-0564,LIVE_REFRESH_VERIFIED,False,False,False,OK,1,3610686,674506,2193,FC Prishtina,Connah's Quay,1,1,1,0,True,utc_time_competition_score_high_confidence_name,OK,True,True,True,NO_PUBLIC_XG
202122-0036,LIVE_REFRESH_VERIFIED,False,False,False,OK,2,3610314,10156,8044,Dinamo Zagreb,Omonia Nicosia,1,1,1,0.1833333333,True,utc_time_competition_score_high_confidence_name,OK,True,True,True,NO_PUBLIC_XG
202122-0052,LIVE_REFRESH_VERIFIED,False,False,False,OK,2,3610337,8222,4616,Ferencvaros,Zalgiris Vilnius,1,1,1,0.1833333333,True,utc_time_competition_score_high_confidence_name,OK,True,True,True,NO_PUBLIC_XG
202122-0056,LIVE_REFRESH_VERIFIED,False,False,False,OK,4,3610330,10015,10247,Rapid Wien,Sparta Prague,1,0.8,0.9,0.2904347826,True,utc_time_competition_score_high_confidence_name,OK,True,True,True,ACCEPTED
202122-0058,LIVE_REFRESH_VERIFIED,False,False,False,OK,1,3610332,9925,8113,Celtic,Midtjylland,1,1,1,0,True,utc_time_competition_score_high_confidence_name,OK,True,True,True,ACCEPTED
202122-0562,LIVE_REFRESH_VERIFIED,False,False,False,OK,1,3610684,1604,8040,Folgore,Hibernians,1,1,1,0,True,utc_time_competition_score_high_confidence_name,OK,True,True,True,NO_PUBLIC_XG
202122-0046,LIVE_REFRESH_VERIFIED,False,False,False,OK,4,3610320,8037,8687,Kairat Almaty,FK Crvena Zvezda,1,1,1,0.301994302,True,utc_time_competition_score_high_confidence_name,OK,True,True,True,NO_PUBLIC_XG
202122-0050,LIVE_REFRESH_VERIFIED,False,False,False,OK,4,3610326,10237,9861,Malmö FF,HJK,1,0.4,0.7,0.2509090909,True,separated_utc_time_competition_score_alias,OK,True,True,True,NO_PUBLIC_XG
202122-0054,LIVE_REFRESH_VERIFIED,False,False,False,OK,2,3610328,2172,210173,Mura,Ludogorets Razgrad,0.3636363636,1,0.6818181818,0.25,True,separated_utc_time_competition_score_alias,OK,True,True,True,NO_PUBLIC_XG
202122-0468,LIVE_REFRESH_VERIFIED,False,False,False,OK,8,3610490,6374,213987,Cukaricki,Sumqayit,0.6666666667,0.875,0.7708333333,0.3051470588,True,separated_utc_time_competition_score_alias,OK,True,True,True,NO_PUBLIC_XG
202122-0038,LIVE_REFRESH_VERIFIED,False,False,False,OK,2,3610316,6019,10192,Slovan Bratislava,Young Boys,1,1,1,0.2023809524,True,utc_time_competition_score_high_confidence_name,OK,True,True,True,ACCEPTED
202122-0040,LIVE_REFRESH_VERIFIED,False,False,False,OK,4,3611226,8673,8155,Legia Warszawa,Flora Tallinn,0.9230769231,1,0.9615384615,0.2338461538,True,utc_time_competition_score_high_confidence_name,OK,True,True,True,NO_PUBLIC_XG
202122-0044,LIVE_REFRESH_VERIFIED,False,False,False,OK,1,3610318,8638,4617,Olympiacos,FK Neftchi,0.6428571429,0.7368421053,0.6898496241,0,True,unique_utc_time_competition_score_alias,OK,True,True,True,NO_PUBLIC_XG
202122-0060,LIVE_REFRESH_VERIFIED,False,False,False,OK,1,3610334,8640,8637,PSV Eindhoven,Galatasaray,1,1,1,0,True,utc_time_competition_score_high_confidence_name,OK,True,True,True,ACCEPTED
202122-0472,LIVE_REFRESH_VERIFIED,False,False,False,OK,3,3610494,166865,8239,FC Astana,Aris Thessaloniki FC,1,1,1,0.2311827957,True,utc_time_competition_score_high_confidence_name,OK,True,True,True,NO_PUBLIC_XG
202122-0516,LIVE_REFRESH_VERIFIED,False,False,False,OK,1,3610568,2212,8025,Ararat,Slask Wroclaw,0.6,1,0.8,0,True,unique_utc_time_competition_score_alias,OK,True,True,True,NO_PUBLIC_XG
202122-0544,LIVE_REFRESH_VERIFIED,False,False,False,OK,4,3610524,479143,6406,FK Panevezys,Vojvodina,1,0.6666666667,0.8333333333,0.2517482517,True,separated_utc_time_competition_score_alias,OK,True,True,True,NO_PUBLIC_XG
202122-0460,LIVE_REFRESH_VERIFIED,False,False,False,OK,2,3610482,1693,2373,KuPS,Vorskla,1,0.6363636364,0.8181818182,0.2272727273,True,separated_utc_time_competition_score_alias,OK,True,True,True,NO_PUBLIC_XG
202122-0478,LIVE_REFRESH_VERIFIED,False,False,False,OK,5,3610500,195601,2103,PFC Sochi,Keshla,0.7142857143,0.9090909091,0.8116883117,0.3193277311,True,utc_time_competition_score_high_confidence_name,OK,True,True,True,NO_PUBLIC_XG
202122-0482,LIVE_REFRESH_VERIFIED,False,False,False,OK,5,3610504,248871,355346,RFS,Puskas FC Academy,1,0.8275862069,0.9137931034,0.2916666667,True,utc_time_competition_score_high_confidence_name,OK,True,True,True,NO_PUBLIC_XG
202122-0512,LIVE_REFRESH_VERIFIED,False,False,False,OK,8,3610564,7981,6203,Qarabag FK,FC Ashdod,1,0.8,0.9,0.3571428571,True,utc_time_competition_score_high_confidence_name,OK,True,True,True,NO_PUBLIC_XG
202122-0526,LIVE_REFRESH_VERIFIED,False,False,False,OK,1,3610516,10011,8332,Austria Wien,Breidablik,1,1,1,0,True,utc_time_competition_score_high_confidence_name,OK,True,True,True,NO_PUBLIC_XG
202122-0528,LIVE_REFRESH_VERIFIED,False,False,False,OK,6,3610517,7872,8001,Olimpija Ljubljana,Birkirkara,1,1,1,0.284457478,True,utc_time_competition_score_high_confidence_name,OK,True,True,True,NO_PUBLIC_XG
202122-0532,LIVE_REFRESH_VERIFIED,False,False,False,OK,5,3610519,9917,9777,Molde,Servette,1,0.6956521739,0.847826087,0.225,True,separated_utc_time_competition_score_alias,OK,True,True,True,NO_PUBLIC_XG
202122-0508,LIVE_REFRESH_VERIFIED,False,False,False,OK,4,3610560,4548,4594,F91 Dudelange,Bohemian FC,1,0.6666666667,0.8333333333,0.2963636364,True,separated_utc_time_competition_score_alias,OK,True,True,True,NO_PUBLIC_XG
202122-0554,LIVE_REFRESH_VERIFIED,False,False,False,OK,2,3610676,7755,10185,Dinamo Tbilisi,Maccabi Haifa,1,1,1,0.3018181818,True,utc_time_competition_score_high_confidence_name,OK,True,True,True,NO_PUBLIC_XG
202122-0480,LIVE_REFRESH_VERIFIED,False,False,False,OK,4,3610502,8014,175682,Elfsborg,FC Milsami Orhei,0.8421052632,1,0.9210526316,0.2926136364,True,utc_time_competition_score_high_confidence_name,OK,True,True,True,NO_PUBLIC_XG
202122-0530,LIVE_REFRESH_VERIFIED,False,False,False,OK,1,3610518,8248,8340,Hammarby,Maribor,0.8421052632,1,0.9210526316,0,True,utc_time_competition_score_high_confidence_name,OK,True,True,True,NO_PUBLIC_XG
202122-0466,LIVE_REFRESH_VERIFIED,False,False,False,OK,1,3610488,8003,6022,Apollon Limassol,Zilina,1,0.75,0.875,0,True,utc_time_competition_score_high_confidence_name,OK,True,True,True,NO_PUBLIC_XG
202122-0474,LIVE_REFRESH_VERIFIED,False,False,False,OK,4,3610496,561981,6265,CS Petrocub,Sivasspor,0.5714285714,1,0.7857142857,0.2761904762,True,separated_utc_time_competition_score_alias,OK,True,True,True,NO_PUBLIC_XG
202122-0476,LIVE_REFRESH_VERIFIED,False,False,False,OK,6,3610498,2134,10034,AEL Limassol,Vllaznia,1,0.6666666667,0.8333333333,0.3045977011,True,separated_utc_time_competition_score_alias,OK,True,True,True,NO_PUBLIC_XG
202122-0484,LIVE_REFRESH_VERIFIED,False,False,False,OK,4,3610506,6193,10063,Dinamo Batumi,BATE Borisov,1,1,1,0.2269230769,True,utc_time_competition_score_high_confidence_name,OK,True,True,True,NO_PUBLIC_XG
202122-0490,LIVE_REFRESH_VERIFIED,False,False,False,OK,4,3610542,339993,10162,Gzira United,Rijeka,1,1,1,0.303030303,True,utc_time_competition_score_high_confidence_name,OK,True,True,True,NO_PUBLIC_XG
202122-0492,LIVE_REFRESH_VERIFIED,False,False,False,OK,4,3610544,6033,10065,Viktoria Plzen,Dynamo Brest,1,1,1,0.2870813397,True,utc_time_competition_score_high_confidence_name,OK,True,True,True,NO_PUBLIC_XG
202122-0498,LIVE_REFRESH_VERIFIED,False,False,False,OK,8,3610550,10144,8016,PFC CSKA-Sofia,FK Liepaja,0.8333333333,1,0.9166666667,0.2916666667,True,utc_time_competition_score_high_confidence_name,OK,True,True,True,NO_PUBLIC_XG
202122-0514,LIVE_REFRESH_VERIFIED,False,False,False,OK,6,3610566,10129,2021,Lokomotiv Plovdiv,Slovacko,1,0.8888888889,0.9444444444,0.2691622103,True,utc_time_competition_score_high_confidence_name,OK,True,True,True,NO_PUBLIC_XG
202122-0518,LIVE_REFRESH_VERIFIED,False,False,False,OK,6,3610570,10031,480286,Laci,Universitatea Craiova,0.7272727273,1,0.8636363636,0.3356643357,True,utc_time_competition_score_high_confidence_name,OK,True,True,True,NO_PUBLIC_XG
202122-0536,LIVE_REFRESH_VERIFIED,False,False,False,OK,8,3611228,8337,4024,Suduva,Rakow Czestochowa,0.5,1,0.75,0.2365967366,True,separated_utc_time_competition_score_alias,OK,True,True,True,NO_PUBLIC_XG
202122-0538,LIVE_REFRESH_VERIFIED,False,False,False,OK,8,3610521,4662,583706,Spartak Trnava,Sepsi OSK,1,1,1,0.3238095238,True,utc_time_competition_score_high_confidence_name,OK,True,True,True,NO_PUBLIC_XG
202122-0542,LIVE_REFRESH_VERIFIED,False,False,False,OK,1,3610523,8391,10072,FC København,Torpedo Zhodino,1,1,1,0,True,utc_time_competition_score_high_confidence_name,OK,True,True,True,NO_PUBLIC_XG
202122-0550,LIVE_REFRESH_VERIFIED,False,False,False,OK,4,3610672,10037,10050,Teuta Durres,Inter Club d'Escaldes,1,1,1,0.2668997669,True,utc_time_competition_score_high_confidence_name,OK,True,True,True,NO_PUBLIC_XG
202122-0552,LIVE_REFRESH_VERIFIED,False,False,False,OK,3,3610674,624924,2234,Riga FC,KF Shkendija,1,0.8571428571,0.9285714286,0.2538461538,True,utc_time_competition_score_high_confidence_name,OK,True,True,True,NO_PUBLIC_XG
202122-0464,LIVE_REFRESH_VERIFIED,False,False,False,OK,4,3610486,944173,9754,Arda Kardzhali,Hapoel Beer Sheva,1,1,1,0.2871794872,True,utc_time_competition_score_high_confidence_name,OK,True,True,True,NO_PUBLIC_XG
202122-0500,LIVE_REFRESH_VERIFIED,False,False,False,OK,2,3610552,358106,1567,Shkupi,Santa Clara,1,0.88,0.94,0.2213438735,True,utc_time_competition_score_high_confidence_name,OK,True,True,True,NO_PUBLIC_XG
202122-0556,LIVE_REFRESH_VERIFIED,False,False,False,OK,4,3610677,6652,8627,HB Torshavn,Buducnost Podgorica,1,1,1,0.3141447368,True,utc_time_competition_score_high_confidence_name,OK,True,True,True,NO_PUBLIC_XG
202122-0522,LIVE_REFRESH_VERIFIED,False,False,False,OK,5,3610514,9931,10028,Basel,Partizani,1,0.72,0.86,0.2857142857,True,utc_time_competition_score_high_confidence_name,OK,True,True,True,NO_PUBLIC_XG
202122-0462,LIVE_REFRESH_VERIFIED,False,False,False,OK,6,3610484,9723,8241,FC FCSB,Shakhter Karagandy,1,0.8648648649,0.9324324324,0.3,True,utc_time_competition_score_high_confidence_name,OK,True,True,True,NO_PUBLIC_XG
202122-0470,LIVE_REFRESH_VERIFIED,False,False,False,OK,8,3610492,2245,7855,Sutjeska,Maccabi Tel Aviv,0.6956521739,1,0.847826087,0.375,True,separated_utc_time_competition_score_alias,OK,True,True,True,NO_PUBLIC_XG
202122-0504,LIVE_REFRESH_VERIFIED,False,False,False,OK,4,3610556,2206,8071,Larne,AGF Aarhus,1,1,1,0.4264705882,True,utc_time_competition_score_high_confidence_name,OK,True,True,True,NO_PUBLIC_XG
202122-0506,LIVE_REFRESH_VERIFIED,False,False,False,OK,4,3610558,9991,8007,Gent,Vålerenga,0.7272727273,0.6956521739,0.7114624506,0.1777777778,True,separated_utc_time_competition_score_alias,OK,True,True,True,NO_PUBLIC_XG
202122-0510,LIVE_REFRESH_VERIFIED,False,False,False,OK,4,3610562,10122,8563,FK Velez Mostar,AEK Athens,1,1,1,0.4264705882,True,utc_time_competition_score_high_confidence_name,OK,True,True,True,NO_PUBLIC_XG
202122-0502,LIVE_REFRESH_VERIFIED,False,False,False,OK,5,3610554,10251,10042,Hibernian,FC Santa Coloma,1,1,1,0.2756410256,True,utc_time_competition_score_high_confidence_name,OK,True,True,True,NO_PUBLIC_XG
202122-0548,LIVE_REFRESH_VERIFIED,False,False,False,OK,1,3610526,8485,8428,Aberdeen,Häcken,1,0.8,0.9,0,True,utc_time_competition_score_high_confidence_name,OK,True,True,True,NO_PUBLIC_XG
202122-0558,LIVE_REFRESH_VERIFIED,False,False,False,OK,4,3610679,7971,10116,Linfield,Borac Banja Luka,0.6666666667,1,0.8333333333,0.2356321839,True,separated_utc_time_competition_score_alias,OK,True,True,True,NO_PUBLIC_XG
202122-0486,LIVE_REFRESH_VERIFIED,False,False,False,OK,6,3610508,7998,103598,Partizan Beograd,DAC 1904 Dunajska Streda,0.9090909091,0.8837209302,0.8964059197,0.2807881773,True,utc_time_competition_score_high_confidence_name,OK,True,True,True,NO_PUBLIC_XG
202122-0488,LIVE_REFRESH_VERIFIED,False,False,False,OK,2,3610510,1853,1588,Dundalk,FCI Levadia,1,0.6363636364,0.8181818182,0.1818181818,True,separated_utc_time_competition_score_alias,OK,True,True,True,NO_PUBLIC_XG
202122-0520,LIVE_REFRESH_VERIFIED,False,False,False,OK,8,3610513,784771,10235,Drita,Feyenoord,1,1,1,0.3,True,utc_time_competition_score_high_confidence_name,OK,True,True,True,NO_PUBLIC_XG
202122-0524,LIVE_REFRESH_VERIFIED,False,False,False,OK,8,3610515,8023,10157,Pogon Szczecin,Osijek,1,1,1,0.2967032967,True,utc_time_competition_score_high_confidence_name,OK,True,True,True,NO_PUBLIC_XG
202122-0534,LIVE_REFRESH_VERIFIED,False,False,False,OK,4,3610520,8043,9824,Ujpest,FC Vaduz,0.8,1,0.9,0.2095238095,True,utc_time_competition_score_high_confidence_name,OK,True,True,True,NO_PUBLIC_XG
202122-0540,LIVE_REFRESH_VERIFIED,False,False,False,OK,4,3610522,8151,8422,FH Hafnarfjordur,Rosenborg,0.875,0.8571428571,0.8660714286,0.3045977011,True,utc_time_competition_score_high_confidence_name,OK,True,True,True,NO_PUBLIC_XG
202122-0546,LIVE_REFRESH_VERIFIED,False,False,False,OK,3,3610525,10154,7983,Hajduk Split,Tobol Kostanay,1,0.8571428571,0.9285714286,0.2956989247,True,utc_time_competition_score_high_confidence_name,OK,True,True,True,NO_PUBLIC_XG
202122-0566,LIVE_REFRESH_VERIFIED,False,False,False,OK,2,3610688,8064,8402,Valur,Bodø/Glimt,0.5,1,0.75,0.1952380952,True,separated_utc_time_competition_score_alias,OK,True,True,True,NO_PUBLIC_XG
202122-0560,LIVE_REFRESH_VERIFIED,False,False,False,OK,2,3610682,10068,132044,Shakhtyor Soligorsk,CS Fola Esch,0.8947368421,1,0.9473684211,0.3418181818,True,utc_time_competition_score_high_confidence_name,OK,True,True,True,NO_PUBLIC_XG
202122-0551,LIVE_REFRESH_VERIFIED,False,False,False,OK,1,3610673,10050,10037,Inter Club d'Escaldes,Teuta Durres,1,1,1,0,True,utc_time_competition_score_high_confidence_name,OK,True,True,True,NO_PUBLIC_XG
202122-0037,LIVE_REFRESH_VERIFIED,False,False,False,OK,3,3610315,8044,10156,Omonia Nicosia,Dinamo Zagreb,1,1,1,0.3333333333,True,utc_time_competition_score_high_confidence_name,OK,True,True,True,NO_PUBLIC_XG
202122-0041,LIVE_REFRESH_VERIFIED,False,False,False,OK,3,3611227,8155,8673,Flora Tallinn,Legia Warszawa,1,0.9230769231,0.9615384615,0.3318181818,True,utc_time_competition_score_high_confidence_name,OK,True,True,True,NO_PUBLIC_XG
202122-0051,LIVE_REFRESH_VERIFIED,False,False,False,OK,1,3610327,9861,10237,HJK,Malmö FF,0.4,1,0.7,0,True,unique_utc_time_competition_score_alias,OK,True,True,True,NO_PUBLIC_XG
202122-0053,LIVE_REFRESH_VERIFIED,False,False,False,OK,1,3610338,4616,8222,Zalgiris Vilnius,Ferencvaros,1,1,1,0,True,utc_time_competition_score_high_confidence_name,OK,True,True,True,NO_PUBLIC_XG
202122-0557,LIVE_REFRESH_VERIFIED,False,False,False,OK,1,3610678,8627,6652,Buducnost Podgorica,HB Torshavn,1,1,1,0,True,utc_time_competition_score_high_confidence_name,OK,True,True,True,NO_PUBLIC_XG
202122-0563,LIVE_REFRESH_VERIFIED,False,False,False,OK,1,3610685,8040,1604,Hibernians,Folgore,1,1,1,0,True,utc_time_competition_score_high_confidence_name,OK,True,True,True,NO_PUBLIC_XG
202122-0043,LIVE_REFRESH_VERIFIED,False,False,False,OK,2,3610323,9729,310094,FC Sheriff,Alashkert FC,0.6086956522,1,0.8043478261,0.1945701357,True,separated_utc_time_competition_score_alias,OK,True,True,True,NO_PUBLIC_XG
202122-0045,LIVE_REFRESH_VERIFIED,False,False,False,OK,3,3610319,4617,8638,FK Neftchi,Olympiacos,0.7368421053,0.6428571429,0.6898496241,0.2828784119,True,separated_utc_time_competition_score_alias,OK,True,True,True,NO_PUBLIC_XG
202122-0049,LIVE_REFRESH_VERIFIED,False,False,False,OK,2,3610325,9731,545012,CFR Cluj,Lincoln Red Imps FC,1,1,1,0.2967032967,True,utc_time_competition_score_high_confidence_name,OK,True,True,True,NO_PUBLIC_XG
202122-0059,LIVE_REFRESH_VERIFIED,False,False,False,OK,1,3610333,8113,9925,Midtjylland,Celtic,1,1,1,0,True,utc_time_competition_score_high_confidence_name,OK,True,True,True,EXTRA_TIME_SCOPE_MISMATCH
202122-0055,LIVE_REFRESH_VERIFIED,False,False,False,OK,2,3610329,210173,2172,Ludogorets Razgrad,Mura,1,0.3636363636,0.6818181818,0.1140740741,True,separated_utc_time_competition_score_alias,OK,True,True,True,NO_PUBLIC_XG
202122-0061,LIVE_REFRESH_VERIFIED,False,False,False,OK,1,3610335,8637,8640,Galatasaray,PSV Eindhoven,1,1,1,0,True,utc_time_competition_score_high_confidence_name,OK,True,True,True,ACCEPTED
202122-0039,LIVE_REFRESH_VERIFIED,False,False,False,OK,1,3610317,10192,6019,Young Boys,Slovan Bratislava,1,1,1,0,True,utc_time_competition_score_high_confidence_name,OK,True,True,True,ACCEPTED
202122-0047,LIVE_REFRESH_VERIFIED,False,False,False,OK,1,3610321,8687,8037,FK Crvena Zvezda,Kairat Almaty,1,1,1,0,True,utc_time_competition_score_high_confidence_name,OK,True,True,True,NO_PUBLIC_XG
202122-0057,LIVE_REFRESH_VERIFIED,False,False,False,OK,2,3610331,10247,10015,Sparta Prague,Rapid Wien,0.8,1,0.9,0.2538461538,True,utc_time_competition_score_high_confidence_name,OK,True,True,True,ACCEPTED
202122-0463,LIVE_REFRESH_VERIFIED,False,False,False,OK,3,3610485,8241,9723,Shakhter Karagandy,FC FCSB,0.8648648649,1,0.9324324324,0.2111111111,True,utc_time_competition_score_high_confidence_name,OK,True,True,True,NO_PUBLIC_XG
202122-0499,LIVE_REFRESH_VERIFIED,False,False,False,OK,4,3610551,8016,10144,FK Liepaja,PFC CSKA-Sofia,1,0.8333333333,0.9166666667,0.2857142857,True,utc_time_competition_score_high_confidence_name,OK,True,True,True,NO_PUBLIC_XG
202122-0547,LIVE_REFRESH_VERIFIED,False,False,False,OK,2,3610539,7983,10154,Tobol Kostanay,Hajduk Split,0.8571428571,1,0.9285714286,0.3090062112,True,utc_time_competition_score_high_confidence_name,OK,True,True,True,NO_PUBLIC_XG
202122-0461,LIVE_REFRESH_VERIFIED,False,False,False,OK,1,3610483,2373,1693,Vorskla,KuPS,0.6363636364,1,0.8181818182,0,True,unique_utc_time_competition_score_alias,OK,True,True,True,NO_PUBLIC_XG
202122-0469,LIVE_REFRESH_VERIFIED,False,False,False,OK,4,3610491,213987,6374,Sumqayit,Cukaricki,0.875,0.6666666667,0.7708333333,0.3878676471,True,separated_utc_time_competition_score_alias,OK,True,True,True,NO_PUBLIC_XG
202122-0479,LIVE_REFRESH_VERIFIED,False,False,False,OK,1,3610501,2103,195601,Keshla,PFC Sochi,0.9090909091,0.7142857143,0.8116883117,0,True,utc_time_competition_score_high_confidence_name,OK,True,True,True,NO_PUBLIC_XG
202122-0493,LIVE_REFRESH_VERIFIED,False,False,False,OK,3,3610545,10065,6033,Dynamo Brest,Viktoria Plzen,1,1,1,0.3423913043,True,utc_time_competition_score_high_confidence_name,OK,True,True,True,NO_PUBLIC_XG
202122-0497,LIVE_REFRESH_VERIFIED,False,False,False,OK,5,3610549,6605,8154,Honka,Domzale,0.625,1,0.8125,0.2213438735,True,separated_utc_time_competition_score_alias,OK,True,True,True,NO_PUBLIC_XG
202122-0529,LIVE_REFRESH_VERIFIED,False,False,False,OK,8,3610531,8001,7872,Birkirkara,Olimpija Ljubljana,1,1,1,0.3541666667,True,utc_time_competition_score_high_confidence_name,OK,True,True,True,NO_PUBLIC_XG
202122-0535,LIVE_REFRESH_VERIFIED,False,False,False,OK,1,3610534,9824,8043,FC Vaduz,Ujpest,1,0.8,0.9,0,True,utc_time_competition_score_high_confidence_name,OK,True,True,True,NO_PUBLIC_XG
202122-0567,LIVE_REFRESH_VERIFIED,False,False,False,OK,2,3610689,8402,8064,Bodø/Glimt,Valur,1,0.5,0.75,0.2478991597,True,separated_utc_time_competition_score_alias,OK,True,True,True,NO_PUBLIC_XG
202122-0489,LIVE_REFRESH_VERIFIED,False,False,False,OK,3,3610511,1588,1853,FCI Levadia,Dundalk,0.6363636364,1,0.8181818182,0.2731481481,True,separated_utc_time_competition_score_alias,OK,True,True,True,NO_PUBLIC_XG
202122-0503,LIVE_REFRESH_VERIFIED,False,False,False,OK,3,3610555,10042,10251,FC Santa Coloma,Hibernian,1,1,1,0.3007246377,True,utc_time_competition_score_high_confidence_name,OK,True,True,True,NO_PUBLIC_XG
202122-0539,LIVE_REFRESH_VERIFIED,False,False,False,OK,2,3610535,583706,4662,Sepsi OSK,Spartak Trnava,1,1,1,0.2105263158,True,utc_time_competition_score_high_confidence_name,OK,True,True,True,NO_PUBLIC_XG
202122-0549,LIVE_REFRESH_VERIFIED,False,False,False,OK,4,3610540,8428,8485,Häcken,Aberdeen,0.8,1,0.9,0.3333333333,True,utc_time_competition_score_high_confidence_name,OK,True,True,True,NO_PUBLIC_XG
202122-0467,LIVE_REFRESH_VERIFIED,False,False,False,OK,1,3610489,6022,8003,Zilina,Apollon Limassol,0.75,1,0.875,0,True,utc_time_competition_score_high_confidence_name,OK,True,True,True,NO_PUBLIC_XG
202122-0465,LIVE_REFRESH_VERIFIED,False,False,False,OK,1,3610487,9754,944173,Hapoel Beer Sheva,Arda Kardzhali,1,1,1,0,True,utc_time_competition_score_high_confidence_name,OK,True,True,True,NO_PUBLIC_XG
202122-0475,LIVE_REFRESH_VERIFIED,False,False,False,OK,8,3610497,6265,561981,Sivasspor,CS Petrocub,1,0.5714285714,0.7857142857,0.3235294118,True,separated_utc_time_competition_score_alias,OK,True,True,True,NO_PUBLIC_XG
202122-0481,LIVE_REFRESH_VERIFIED,False,False,False,OK,2,3610503,175682,8014,FC Milsami Orhei,Elfsborg,1,0.8421052632,0.9210526316,0.2428571429,True,utc_time_competition_score_high_confidence_name,OK,True,True,True,NO_PUBLIC_XG
202122-0485,LIVE_REFRESH_VERIFIED,False,False,False,OK,1,3610507,10063,6193,BATE Borisov,Dinamo Batumi,1,1,1,0,True,utc_time_competition_score_high_confidence_name,OK,True,True,True,NO_PUBLIC_XG
202122-0505,LIVE_REFRESH_VERIFIED,False,False,False,OK,2,3610557,8071,2206,AGF Aarhus,Larne,1,1,1,0.2631578947,True,utc_time_competition_score_high_confidence_name,OK,True,True,True,NO_PUBLIC_XG
202122-0507,LIVE_REFRESH_VERIFIED,False,False,False,OK,4,3610559,8007,9991,Vålerenga,Gent,0.6956521739,0.7272727273,0.7114624506,0.35,True,separated_utc_time_competition_score_alias,OK,True,True,True,NO_PUBLIC_XG
202122-0513,LIVE_REFRESH_VERIFIED,False,False,False,OK,5,3610565,6203,7981,FC Ashdod,Qarabag FK,0.8,1,0.9,0.3875,True,utc_time_competition_score_high_confidence_name,OK,True,True,True,NO_PUBLIC_XG
202122-0515,LIVE_REFRESH_VERIFIED,False,False,False,OK,8,3610567,2021,10129,Slovacko,Lokomotiv Plovdiv,0.8888888889,1,0.9444444444,0.3176691729,True,utc_time_competition_score_high_confidence_name,OK,True,True,True,NO_PUBLIC_XG
202122-0537,LIVE_REFRESH_VERIFIED,False,False,False,OK,4,3611229,4024,8337,Rakow Czestochowa,Suduva,1,0.5,0.75,0.2083333333,True,separated_utc_time_competition_score_alias,OK,True,True,True,NO_PUBLIC_XG
202122-0541,LIVE_REFRESH_VERIFIED,False,False,False,OK,2,3610536,8422,8151,Rosenborg,FH Hafnarfjordur,0.8571428571,0.875,0.8660714286,0.2582417582,True,utc_time_competition_score_high_confidence_name,OK,True,True,True,NO_PUBLIC_XG
202122-0543,LIVE_REFRESH_VERIFIED,False,False,False,OK,2,3610537,10072,8391,Torpedo Zhodino,FC København,1,1,1,0.2016806723,True,utc_time_competition_score_high_confidence_name,OK,True,True,True,NO_PUBLIC_XG
202122-0555,LIVE_REFRESH_VERIFIED,False,False,False,OK,2,3610681,10185,7755,Maccabi Haifa,Dinamo Tbilisi,1,1,1,0.2142857143,True,utc_time_competition_score_high_confidence_name,OK,True,True,True,NO_PUBLIC_XG
202122-0495,LIVE_REFRESH_VERIFIED,False,False,False,OK,2,3610547,7852,439132,TNS,FK Kauno Zalgiris,1,1,1,0.2142857143,True,utc_time_competition_score_high_confidence_name,OK,True,True,True,NO_PUBLIC_XG
202122-0471,LIVE_REFRESH_VERIFIED,False,False,False,OK,1,3610493,7855,2245,Maccabi Tel Aviv,Sutjeska,1,0.6956521739,0.847826087,0,True,unique_utc_time_competition_score_alias,OK,True,True,True,NO_PUBLIC_XG
202122-0527,LIVE_REFRESH_VERIFIED,False,False,False,OK,3,3610530,8332,10011,Breidablik,Austria Wien,1,1,1,0.5,True,utc_time_competition_score_high_confidence_name,OK,True,True,True,NO_PUBLIC_XG
202122-0561,LIVE_REFRESH_VERIFIED,False,False,False,OK,8,3610683,132044,10068,CS Fola Esch,Shakhtyor Soligorsk,1,0.8947368421,0.9473684211,0.2388888889,True,utc_time_competition_score_high_confidence_name,OK,True,True,True,NO_PUBLIC_XG
202122-0483,LIVE_REFRESH_VERIFIED,False,False,False,OK,4,3610505,355346,248871,Puskas FC Academy,RFS,0.8275862069,1,0.9137931034,0.2916666667,True,utc_time_competition_score_high_confidence_name,OK,True,True,True,NO_PUBLIC_XG
202122-0491,LIVE_REFRESH_VERIFIED,False,False,False,OK,8,3610543,10162,339993,Rijeka,Gzira United,1,1,1,0.4871794872,True,utc_time_competition_score_high_confidence_name,OK,True,True,True,NO_PUBLIC_XG
202122-0511,LIVE_REFRESH_VERIFIED,False,False,False,OK,8,3610563,8563,10122,AEK Athens,FK Velez Mostar,1,1,1,0.2490421456,True,utc_time_competition_score_high_confidence_name,OK,True,True,True,NO_PUBLIC_XG
202122-0517,LIVE_REFRESH_VERIFIED,False,False,False,OK,1,3610569,8025,2212,Slask Wroclaw,Ararat,1,0.6,0.8,0,True,unique_utc_time_competition_score_alias,OK,True,True,True,NO_PUBLIC_XG
202122-0521,LIVE_REFRESH_VERIFIED,False,False,False,OK,1,3610527,10235,784771,Feyenoord,Drita,1,1,1,0,True,utc_time_competition_score_high_confidence_name,OK,True,True,True,NO_PUBLIC_XG
202122-0523,LIVE_REFRESH_VERIFIED,False,False,False,OK,4,3610528,10028,9931,Partizani,Basel,0.72,1,0.86,0.2583333333,True,utc_time_competition_score_high_confidence_name,OK,True,True,True,NO_PUBLIC_XG
202122-0545,LIVE_REFRESH_VERIFIED,False,False,False,OK,8,3610538,6406,479143,Vojvodina,FK Panevezys,0.6666666667,1,0.8333333333,0.2619047619,True,separated_utc_time_competition_score_alias,OK,True,True,True,NO_PUBLIC_XG
202122-0553,LIVE_REFRESH_VERIFIED,False,False,False,OK,5,3610675,2234,624924,KF Shkendija,Riga FC,0.8571428571,1,0.9285714286,0.3818181818,True,utc_time_competition_score_high_confidence_name,OK,True,True,True,NO_PUBLIC_XG
202122-0559,LIVE_REFRESH_VERIFIED,False,False,False,OK,4,3610680,10116,7971,Borac Banja Luka,Linfield,1,0.6666666667,0.8333333333,0.2304347826,True,separated_utc_time_competition_score_alias,OK,True,True,True,NO_PUBLIC_XG
202122-0565,LIVE_REFRESH_VERIFIED,False,False,False,OK,1,3610687,2193,674506,Connah's Quay,FC Prishtina,1,1,1,0,True,utc_time_competition_score_high_confidence_name,OK,True,True,True,NO_PUBLIC_XG
202122-0473,LIVE_REFRESH_VERIFIED,False,False,False,OK,3,3610495,8239,166865,Aris Thessaloniki FC,FC Astana,1,1,1,0.4259259259,True,utc_time_competition_score_high_confidence_name,OK,True,True,True,NO_PUBLIC_XG
202122-0519,LIVE_REFRESH_VERIFIED,False,False,False,OK,4,3610571,480286,10031,Universitatea Craiova,Laci,1,0.7272727273,0.8636363636,0.2857142857,True,utc_time_competition_score_high_confidence_name,OK,True,True,True,NO_PUBLIC_XG
202122-0533,LIVE_REFRESH_VERIFIED,False,False,False,OK,4,3610533,9777,9917,Servette,Molde,0.6956521739,1,0.847826087,0.2777777778,True,separated_utc_time_competition_score_alias,OK,True,True,True,NO_PUBLIC_XG
202122-0487,LIVE_REFRESH_VERIFIED,False,False,False,OK,4,3610509,103598,7998,DAC 1904 Dunajska Streda,Partizan Beograd,0.8837209302,0.9090909091,0.8964059197,0.2318181818,True,utc_time_competition_score_high_confidence_name,OK,True,True,True,NO_PUBLIC_XG
202122-0509,LIVE_REFRESH_VERIFIED,False,False,False,OK,2,3610561,4594,4548,Bohemian FC,F91 Dudelange,0.6666666667,1,0.8333333333,0.2555555556,True,separated_utc_time_competition_score_alias,OK,True,True,True,NO_PUBLIC_XG
202122-0531,LIVE_REFRESH_VERIFIED,False,False,False,OK,5,3610532,8340,8248,Maribor,Hammarby,1,0.8421052632,0.9210526316,0.3205128205,True,utc_time_competition_score_high_confidence_name,OK,True,True,True,NO_PUBLIC_XG
202122-0477,LIVE_REFRESH_VERIFIED,False,False,False,OK,5,3610499,10034,2134,Vllaznia,AEL Limassol,0.6666666667,1,0.8333333333,0.3325358852,True,separated_utc_time_competition_score_alias,OK,True,True,True,NO_PUBLIC_XG
202122-0525,LIVE_REFRESH_VERIFIED,False,False,False,OK,8,3610529,10157,8023,Osijek,Pogon Szczecin,1,1,1,0.4487179487,True,utc_time_competition_score_high_confidence_name,OK,True,True,True,NO_PUBLIC_XG
202122-0501,LIVE_REFRESH_VERIFIED,False,False,False,OK,4,3610553,1567,358106,Santa Clara,Shkupi,0.88,1,0.94,0.1304347826,True,utc_time_competition_score_high_confidence_name,OK,True,True,True,NO_PUBLIC_XG
202122-0064,LIVE_REFRESH_VERIFIED,False,False,False,OK,1,3664512,10237,8548,Malmö FF,Rangers,1,0.6363636364,0.8181818182,0,True,unique_utc_time_competition_score_alias,OK,True,True,True,NO_PUBLIC_XG
202122-0080,LIVE_REFRESH_VERIFIED,False,False,False,OK,2,3664527,10247,9829,Sparta Prague,Monaco,0.8,0.8,0.8,0.3317307692,True,utc_time_competition_score_high_confidence_name,OK,True,True,True,ACCEPTED
202122-0233,LIVE_REFRESH_VERIFIED,False,False,False,OK,1,3664540,4617,9861,FK Neftchi,HJK,0.7368421053,0.4,0.5684210526,0,True,unique_utc_time_competition_score_alias,OK,True,True,True,NO_PUBLIC_XG
202122-0068,LIVE_REFRESH_VERIFIED,False,False,False,OK,4,3664509,9731,10192,CFR Cluj,Young Boys,1,1,1,0.2016806723,True,utc_time_competition_score_high_confidence_name,OK,True,True,True,ACCEPTED
202122-0074,LIVE_REFRESH_VERIFIED,False,False,False,OK,1,3664523,8640,8113,PSV Eindhoven,Midtjylland,1,1,1,0,True,utc_time_competition_score_high_confidence_name,OK,True,True,True,ACCEPTED
202122-0078,LIVE_REFRESH_VERIFIED,False,False,False,OK,1,3664525,9987,9728,Genk,Shakhtar Donetsk,1,1,1,0,True,utc_time_competition_score_high_confidence_name,OK,True,True,True,NO_PUBLIC_XG
202122-0596,LIVE_REFRESH_VERIFIED,False,False,False,OK,1,3664658,4594,8619,Bohemian FC,PAOK Thessaloniki FC,0.6666666667,1,0.8333333333,0,True,unique_utc_time_competition_score_alias,OK,True,True,True,NO_PUBLIC_XG
202122-0624,LIVE_REFRESH_VERIFIED,False,False,False,OK,1,3664639,7971,132044,Linfield,CS Fola Esch,0.6666666667,1,0.8333333333,0,True,unique_utc_time_competition_score_alias,OK,True,True,True,NO_PUBLIC_XG
202122-0062,LIVE_REFRESH_VERIFIED,False,False,False,OK,4,3664510,8638,210173,Olympiacos,Ludogorets Razgrad,0.6428571429,1,0.8214285714,0.3165322581,True,separated_utc_time_competition_score_alias,OK,True,True,True,NO_PUBLIC_XG
202122-0070,LIVE_REFRESH_VERIFIED,False,False,False,OK,4,3664511,8687,9729,FK Crvena Zvezda,FC Sheriff,1,0.6086956522,0.8043478261,0.258974359,True,separated_utc_time_competition_score_alias,OK,True,True,True,NO_PUBLIC_XG
202122-0076,LIVE_REFRESH_VERIFIED,False,False,False,OK,2,3664524,8643,9772,Spartak Moscow,Benfica,1,1,1,0.4131054131,True,utc_time_competition_score_high_confidence_name,OK,True,True,True,ACCEPTED
202122-0066,LIVE_REFRESH_VERIFIED,False,False,False,OK,4,3664508,10156,8673,Dinamo Zagreb,Legia Warszawa,1,0.9230769231,0.9615384615,0.2975708502,True,utc_time_competition_score_high_confidence_name,OK,True,True,True,NO_PUBLIC_XG
202122-0072,LIVE_REFRESH_VERIFIED,False,False,False,OK,1,3664513,8222,7787,Ferencvaros,Slavia Prague,1,0.8,0.9,0,True,utc_time_competition_score_high_confidence_name,OK,True,True,True,NO_PUBLIC_XG
202122-0229,LIVE_REFRESH_VERIFIED,False,False,False,OK,2,3664538,8037,310094,Kairat Almaty,Alashkert FC,1,1,1,0.2376470588,True,utc_time_competition_score_high_confidence_name,OK,True,True,True,NO_PUBLIC_XG
202122-0219,LIVE_REFRESH_VERIFIED,False,False,False,OK,1,3664541,7758,9925,Jablonec,Celtic,1,1,1,0,True,utc_time_competition_score_high_confidence_name,OK,True,True,True,ACCEPTED
202122-0225,LIVE_REFRESH_VERIFIED,False,False,False,OK,1,3664536,8044,8155,Omonia Nicosia,Flora Tallinn,1,1,1,0,True,utc_time_competition_score_high_confidence_name,OK,True,True,True,NO_PUBLIC_XG
202122-0231,LIVE_REFRESH_VERIFIED,False,False,False,OK,1,3664539,545012,6019,Lincoln Red Imps FC,Slovan Bratislava,1,1,1,0,True,utc_time_competition_score_high_confidence_name,OK,True,True,True,NO_PUBLIC_XG
202122-0570,LIVE_REFRESH_VERIFIED,False,False,False,OK,6,3664649,1693,166865,KuPS,FC Astana,1,1,1,0.3811188811,True,utc_time_competition_score_high_confidence_name,OK,True,True,True,NO_PUBLIC_XG
202122-0572,LIVE_REFRESH_VERIFIED,False,False,False,OK,6,3664655,195601,7998,PFC Sochi,Partizan Beograd,0.7142857143,0.9090909091,0.8116883117,0.3285024155,True,utc_time_competition_score_high_confidence_name,OK,True,True,True,NO_PUBLIC_XG
202122-0602,LIVE_REFRESH_VERIFIED,False,False,False,OK,6,3664653,10129,8391,Lokomotiv Plovdiv,FC København,1,1,1,0.2369230769,True,utc_time_competition_score_high_confidence_name,OK,True,True,True,NO_PUBLIC_XG
202122-0606,LIVE_REFRESH_VERIFIED,False,False,False,OK,3,3664665,7983,6022,Tobol Kostanay,Zilina,0.8571428571,0.75,0.8035714286,0.3167701863,True,utc_time_competition_score_high_confidence_name,OK,True,True,True,NO_PUBLIC_XG
202122-0582,LIVE_REFRESH_VERIFIED,False,False,False,OK,6,3664656,8014,10122,Elfsborg,FK Velez Mostar,0.8421052632,1,0.9210526316,0.2791762014,True,utc_time_competition_score_high_confidence_name,OK,True,True,True,NO_PUBLIC_XG
202122-0568,LIVE_REFRESH_VERIFIED,False,False,False,OK,2,3664643,6193,6265,Dinamo Batumi,Sivasspor,1,1,1,0.1954887218,True,utc_time_competition_score_high_confidence_name,OK,True,True,True,NO_PUBLIC_XG
202122-0608,LIVE_REFRESH_VERIFIED,False,False,False,OK,2,3664648,10144,10157,PFC CSKA-Sofia,Osijek,0.8333333333,1,0.9166666667,0.2269230769,True,utc_time_competition_score_high_confidence_name,OK,True,True,True,NO_PUBLIC_XG
202122-0610,LIVE_REFRESH_VERIFIED,False,False,False,OK,3,3664654,6406,9977,Vojvodina,LASK,0.6666666667,1,0.8333333333,0.325,True,separated_utc_time_competition_score_alias,OK,True,True,True,NO_PUBLIC_XG
202122-0612,LIVE_REFRESH_VERIFIED,False,False,False,OK,6,3664660,2134,7981,AEL Limassol,Qarabag FK,1,1,1,0.3602484472,True,utc_time_competition_score_high_confidence_name,OK,True,True,True,NO_PUBLIC_XG
202122-0616,LIVE_REFRESH_VERIFIED,False,False,False,OK,1,3664667,8422,8154,Rosenborg,Domzale,0.8571428571,1,0.9285714286,0,True,utc_time_competition_score_high_confidence_name,OK,True,True,True,NO_PUBLIC_XG
202122-0618,LIVE_REFRESH_VERIFIED,False,False,False,OK,2,3664668,10031,8635,Laci,Anderlecht,0.7272727273,1,0.8636363636,0.1821862348,True,utc_time_competition_score_high_confidence_name,OK,True,True,True,NO_PUBLIC_XG
202122-0620,LIVE_REFRESH_VERIFIED,False,False,False,OK,2,3664669,8277,1853,Vitesse,Dundalk,0.6666666667,1,0.8333333333,0.05555555556,True,separated_utc_time_competition_score_alias,OK,True,True,True,NO_PUBLIC_XG
202122-0622,LIVE_REFRESH_VERIFIED,False,False,False,OK,1,3664638,10185,6652,Maccabi Haifa,HB Torshavn,1,1,1,0,True,utc_time_competition_score_high_confidence_name,OK,True,True,True,NO_PUBLIC_XG
202122-0628,LIVE_REFRESH_VERIFIED,False,False,False,OK,3,3664641,624924,8040,Riga FC,Hibernians,1,1,1,0.2967032967,True,utc_time_competition_score_high_confidence_name,OK,True,True,True,NO_PUBLIC_XG
202122-0594,LIVE_REFRESH_VERIFIED,False,False,False,OK,1,3664652,9752,9917,Trabzonspor,Molde,1,1,1,0,True,utc_time_competition_score_high_confidence_name,OK,True,True,True,NO_PUBLIC_XG
202122-0223,LIVE_REFRESH_VERIFIED,False,False,False,OK,1,3664543,8637,8467,Galatasaray,St. Johnstone,1,1,1,0,True,utc_time_competition_score_high_confidence_name,OK,True,True,True,NO_PUBLIC_XG
202122-0227,LIVE_REFRESH_VERIFIED,False,False,False,OK,2,3664537,2172,4616,Mura,Zalgiris Vilnius,0.3636363636,1,0.6818181818,0.3135483871,True,separated_utc_time_competition_score_alias,OK,True,True,True,NO_PUBLIC_XG
202122-0574,LIVE_REFRESH_VERIFIED,False,False,False,OK,2,3664661,8025,9754,Slask Wroclaw,Hapoel Beer Sheva,1,1,1,0.1678321678,True,utc_time_competition_score_high_confidence_name,OK,True,True,True,NO_PUBLIC_XG
202122-0580,LIVE_REFRESH_VERIFIED,False,False,False,OK,3,3664662,599924,8241,FC Kolos Kovalivka,Shakhter Karagandy,1,0.8648648649,0.9324324324,0.35625,True,utc_time_competition_score_high_confidence_name,OK,True,True,True,NO_PUBLIC_XG
202122-0584,LIVE_REFRESH_VERIFIED,False,False,False,OK,1,3664645,6403,2206,Pacos de Ferreira,Larne,1,1,1,0,True,utc_time_competition_score_high_confidence_name,OK,True,True,True,NO_PUBLIC_XG
202122-0630,LIVE_REFRESH_VERIFIED,False,False,False,OK,2,3664642,674506,8402,FC Prishtina,Bodø/Glimt,1,1,1,0.1678321678,True,utc_time_competition_score_high_confidence_name,OK,True,True,True,NO_PUBLIC_XG
202122-0614,LIVE_REFRESH_VERIFIED,False,False,False,OK,3,3664666,4662,7855,Spartak Trnava,Maccabi Tel Aviv,1,1,1,0.3416965352,True,utc_time_competition_score_high_confidence_name,OK,True,True,True,NO_PUBLIC_XG
202122-0221,LIVE_REFRESH_VERIFIED,False,False,False,OK,1,3664542,10015,6243,Rapid Wien,Anorthosis,1,0.6666666667,0.8333333333,0,True,unique_utc_time_competition_score_alias,OK,True,True,True,ACCEPTED
202122-0586,LIVE_REFRESH_VERIFIED,False,False,False,OK,2,3664651,10199,10235,Luzern,Feyenoord,1,1,1,0.2052631579,True,utc_time_competition_score_high_confidence_name,OK,True,True,True,NO_PUBLIC_XG
202122-0588,LIVE_REFRESH_VERIFIED,False,False,False,OK,2,3664657,9991,248871,Gent,RFS,0.7272727273,1,0.8636363636,0.07142857143,True,utc_time_competition_score_high_confidence_name,OK,True,True,True,NO_PUBLIC_XG
202122-0590,LIVE_REFRESH_VERIFIED,False,False,False,OK,6,3664663,10251,10162,Hibernian,Rijeka,1,1,1,0.2929292929,True,utc_time_competition_score_high_confidence_name,OK,True,True,True,NO_PUBLIC_XG
202122-0598,LIVE_REFRESH_VERIFIED,False,False,False,OK,2,3664664,7852,6033,TNS,Viktoria Plzen,1,1,1,0.1588235294,True,utc_time_competition_score_high_confidence_name,OK,True,True,True,NO_PUBLIC_XG
202122-0578,LIVE_REFRESH_VERIFIED,False,False,False,OK,2,3664650,8043,9931,Ujpest,Basel,0.8,1,0.9,0.1883116883,True,utc_time_competition_score_high_confidence_name,OK,True,True,True,NO_PUBLIC_XG
202122-0592,LIVE_REFRESH_VERIFIED,False,False,False,OK,1,3664646,8332,8485,Breidablik,Aberdeen,1,1,1,0,True,utc_time_competition_score_high_confidence_name,OK,True,True,True,NO_PUBLIC_XG
202122-0600,LIVE_REFRESH_VERIFIED,False,False,False,OK,3,3664647,4024,8683,Rakow Czestochowa,Rubin Kazan,1,1,1,0.3631465517,True,utc_time_competition_score_high_confidence_name,OK,True,True,True,NO_PUBLIC_XG
202122-0604,LIVE_REFRESH_VERIFIED,False,False,False,OK,1,3664659,6374,8248,Cukaricki,Hammarby,0.6666666667,0.8421052632,0.7543859649,0,True,unique_utc_time_competition_score_alias,OK,True,True,True,NO_PUBLIC_XG
202122-0626,LIVE_REFRESH_VERIFIED,False,False,False,OK,1,3664640,4131,10037,Shamrock Rovers,Teuta Durres,1,1,1,0,True,utc_time_competition_score_high_confidence_name,OK,True,True,True,NO_PUBLIC_XG
202122-0576,LIVE_REFRESH_VERIFIED,False,False,False,OK,1,3664644,1567,7872,Santa Clara,Olimpija Ljubljana,0.88,1,0.94,0,True,utc_time_competition_score_high_confidence_name,OK,True,True,True,NO_PUBLIC_XG
202122-0581,LIVE_REFRESH_VERIFIED,False,False,False,OK,1,3664694,8241,599924,Shakhter Karagandy,FC Kolos Kovalivka,0.8648648649,1,0.9324324324,0,True,utc_time_competition_score_high_confidence_name,OK,True,True,True,NO_PUBLIC_XG
202122-0226,LIVE_REFRESH_VERIFIED,False,False,False,OK,1,3664544,8155,8044,Flora Tallinn,Omonia Nicosia,1,1,1,0,True,utc_time_competition_score_high_confidence_name,OK,True,True,True,NO_PUBLIC_XG
202122-0071,LIVE_REFRESH_VERIFIED,False,False,False,OK,3,3664516,9729,8687,FC Sheriff,FK Crvena Zvezda,0.6086956522,1,0.8043478261,0.3390804598,True,separated_utc_time_competition_score_alias,OK,True,True,True,NO_PUBLIC_XG
202122-0073,LIVE_REFRESH_VERIFIED,False,False,False,OK,3,3664514,7787,8222,Slavia Prague,Ferencvaros,0.8,1,0.9,0.3135964912,True,utc_time_competition_score_high_confidence_name,OK,True,True,True,ACCEPTED
202122-0079,LIVE_REFRESH_VERIFIED,False,False,False,OK,1,3664528,9728,9987,Shakhtar Donetsk,Genk,1,1,1,0,True,utc_time_competition_score_high_confidence_name,OK,True,True,True,NO_PUBLIC_XG
202122-0063,LIVE_REFRESH_VERIFIED,False,False,False,OK,1,3664517,210173,8638,Ludogorets Razgrad,Olympiacos,1,0.6428571429,0.8214285714,0,True,unique_utc_time_competition_score_alias,OK,True,True,True,NO_PUBLIC_XG
202122-0075,LIVE_REFRESH_VERIFIED,False,False,False,OK,2,3664530,8113,8640,Midtjylland,PSV Eindhoven,1,1,1,0.2338461538,True,utc_time_competition_score_high_confidence_name,OK,True,True,True,ACCEPTED
202122-0081,LIVE_REFRESH_VERIFIED,False,False,False,OK,2,3664526,9829,10247,Monaco,Sparta Prague,0.8,0.8,0.8,0.1526315789,True,utc_time_competition_score_high_confidence_name,OK,True,True,True,ACCEPTED
202122-0617,LIVE_REFRESH_VERIFIED,False,False,False,OK,1,3664699,8154,8422,Domzale,Rosenborg,1,0.8571428571,0.9285714286,0,True,utc_time_competition_score_high_confidence_name,OK,True,True,True,NO_PUBLIC_XG
202122-0069,LIVE_REFRESH_VERIFIED,False,False,False,OK,2,3664518,10192,9731,Young Boys,CFR Cluj,1,1,1,0.3303571429,True,utc_time_competition_score_high_confidence_name,OK,True,True,True,ACCEPTED
202122-0232,LIVE_REFRESH_VERIFIED,False,False,False,OK,1,3664547,6019,545012,Slovan Bratislava,Lincoln Red Imps FC,1,1,1,0,True,utc_time_competition_score_high_confidence_name,OK,True,True,True,NO_PUBLIC_XG
202122-0065,LIVE_REFRESH_VERIFIED,False,False,False,OK,1,3664515,8548,10237,Rangers,Malmö FF,0.6363636364,1,0.8181818182,0,True,unique_utc_time_competition_score_alias,OK,True,True,True,NO_PUBLIC_XG
202122-0067,LIVE_REFRESH_VERIFIED,False,False,False,OK,2,3664519,8673,10156,Legia Warszawa,Dinamo Zagreb,0.9230769231,1,0.9615384615,0.2408026756,True,utc_time_competition_score_high_confidence_name,OK,True,True,True,NO_PUBLIC_XG
202122-0077,LIVE_REFRESH_VERIFIED,False,False,False,OK,1,3664529,9772,8643,Benfica,Spartak Moscow,1,1,1,0,True,utc_time_competition_score_high_confidence_name,OK,True,True,True,ACCEPTED
202122-0571,LIVE_REFRESH_VERIFIED,False,False,False,OK,1,3664681,166865,1693,FC Astana,KuPS,1,1,1,0,True,utc_time_competition_score_high_confidence_name,OK,True,True,True,NO_PUBLIC_XG
202122-0230,LIVE_REFRESH_VERIFIED,False,False,False,OK,1,3664546,310094,8037,Alashkert FC,Kairat Almaty,1,1,1,0,True,utc_time_competition_score_high_confidence_name,OK,True,True,True,NO_PUBLIC_XG
202122-0234,LIVE_REFRESH_VERIFIED,False,False,False,OK,2,3664548,9861,4617,HJK,FK Neftchi,0.4,0.7368421053,0.5684210526,0.3166666667,True,separated_utc_time_competition_score_alias,OK,True,True,True,NO_PUBLIC_XG
202122-0595,LIVE_REFRESH_VERIFIED,False,False,False,OK,3,3664684,9917,9752,Molde,Trabzonspor,1,1,1,0.2618181818,True,utc_time_competition_score_high_confidence_name,OK,True,True,True,NO_PUBLIC_XG
202122-0601,LIVE_REFRESH_VERIFIED,False,False,False,OK,3,3664679,8683,4024,Rubin Kazan,Rakow Czestochowa,1,1,1,0.2093596059,True,utc_time_competition_score_high_confidence_name,OK,True,True,True,NO_PUBLIC_XG
202122-0613,LIVE_REFRESH_VERIFIED,False,False,False,OK,4,3664692,7981,2134,Qarabag FK,AEL Limassol,1,1,1,0.3390804598,True,utc_time_competition_score_high_confidence_name,OK,True,True,True,NO_PUBLIC_XG
202122-0631,LIVE_REFRESH_VERIFIED,False,False,False,OK,2,3664674,8402,674506,Bodø/Glimt,FC Prishtina,1,1,1,0.2714932127,True,utc_time_competition_score_high_confidence_name,OK,True,True,True,NO_PUBLIC_XG
202122-0605,LIVE_REFRESH_VERIFIED,False,False,False,OK,1,3664691,8248,6374,Hammarby,Cukaricki,0.8421052632,0.6666666667,0.7543859649,0,True,unique_utc_time_competition_score_alias,OK,True,True,True,NO_PUBLIC_XG
202122-0607,LIVE_REFRESH_VERIFIED,False,False,False,OK,1,3664697,6022,7983,Zilina,Tobol Kostanay,0.75,0.8571428571,0.8035714286,0,True,utc_time_competition_score_high_confidence_name,OK,True,True,True,NO_PUBLIC_XG
202122-0222,LIVE_REFRESH_VERIFIED,False,False,False,OK,1,3664550,6243,10015,Anorthosis,Rapid Wien,0.6666666667,1,0.8333333333,0,True,unique_utc_time_competition_score_alias,OK,True,True,True,ACCEPTED
202122-0228,LIVE_REFRESH_VERIFIED,False,False,False,OK,1,3664545,4616,2172,Zalgiris Vilnius,Mura,1,0.3636363636,0.6818181818,0,True,unique_utc_time_competition_score_alias,OK,True,True,True,NO_PUBLIC_XG
202122-0575,LIVE_REFRESH_VERIFIED,False,False,False,OK,2,3664693,9754,8025,Hapoel Beer Sheva,Slask Wroclaw,1,1,1,0.1889952153,True,utc_time_competition_score_high_confidence_name,OK,True,True,True,NO_PUBLIC_XG
202122-0589,LIVE_REFRESH_VERIFIED,False,False,False,OK,3,3664689,248871,9991,RFS,Gent,1,0.7272727273,0.8636363636,0.1666666667,True,utc_time_competition_score_high_confidence_name,OK,True,True,True,NO_PUBLIC_XG
202122-0597,LIVE_REFRESH_VERIFIED,False,False,False,OK,2,3664690,8619,4594,PAOK Thessaloniki FC,Bohemian FC,1,0.6666666667,0.8333333333,0.2353846154,True,separated_utc_time_competition_score_alias,OK,True,True,True,NO_PUBLIC_XG
202122-0599,LIVE_REFRESH_VERIFIED,False,False,False,OK,1,3664696,6033,7852,Viktoria Plzen,TNS,1,1,1,0,True,utc_time_competition_score_high_confidence_name,OK,True,True,True,NO_PUBLIC_XG
202122-0579,LIVE_REFRESH_VERIFIED,False,False,False,OK,2,3664682,9931,8043,Basel,Ujpest,1,0.8,0.9,0.2272727273,True,utc_time_competition_score_high_confidence_name,OK,True,True,True,NO_PUBLIC_XG
202122-0615,LIVE_REFRESH_VERIFIED,False,False,False,OK,4,3664698,7855,4662,Maccabi Tel Aviv,Spartak Trnava,1,1,1,0.3703703704,True,utc_time_competition_score_high_confidence_name,OK,True,True,True,NO_PUBLIC_XG
202122-0625,LIVE_REFRESH_VERIFIED,False,False,False,OK,3,3664671,132044,7971,CS Fola Esch,Linfield,1,0.6666666667,0.8333333333,0.2818181818,True,separated_utc_time_competition_score_alias,OK,True,True,True,NO_PUBLIC_XG
202122-0224,LIVE_REFRESH_VERIFIED,False,False,False,OK,1,3664551,8467,8637,St. Johnstone,Galatasaray,1,1,1,0,True,utc_time_competition_score_high_confidence_name,OK,True,True,True,NO_PUBLIC_XG
202122-0569,LIVE_REFRESH_VERIFIED,False,False,False,OK,3,3664675,6265,6193,Sivasspor,Dinamo Batumi,1,1,1,0.2074074074,True,utc_time_competition_score_high_confidence_name,OK,True,True,True,NO_PUBLIC_XG
202122-0577,LIVE_REFRESH_VERIFIED,False,False,False,OK,3,3664676,7872,1567,Olimpija Ljubljana,Santa Clara,1,0.88,0.94,0.2669632925,True,utc_time_competition_score_high_confidence_name,OK,True,True,True,NO_PUBLIC_XG
202122-0583,LIVE_REFRESH_VERIFIED,False,False,False,OK,2,3664688,10122,8014,FK Velez Mostar,Elfsborg,1,0.8421052632,0.9210526316,0.2242424242,True,utc_time_competition_score_high_confidence_name,OK,True,True,True,NO_PUBLIC_XG
202122-0587,LIVE_REFRESH_VERIFIED,False,False,False,OK,1,3664683,10235,10199,Feyenoord,Luzern,1,1,1,0,True,utc_time_competition_score_high_confidence_name,OK,True,True,True,NO_PUBLIC_XG
202122-0591,LIVE_REFRESH_VERIFIED,False,False,False,OK,1,3664695,10162,10251,Rijeka,Hibernian,1,1,1,0,True,utc_time_competition_score_high_confidence_name,OK,True,True,True,NO_PUBLIC_XG
202122-0603,LIVE_REFRESH_VERIFIED,False,False,False,OK,1,3664685,8391,10129,FC København,Lokomotiv Plovdiv,1,1,1,0,True,utc_time_competition_score_high_confidence_name,OK,True,True,True,NO_PUBLIC_XG
202122-0619,LIVE_REFRESH_VERIFIED,False,False,False,OK,3,3664700,8635,10031,Anderlecht,Laci,1,0.7272727273,0.8636363636,0.3151515152,True,utc_time_competition_score_high_confidence_name,OK,True,True,True,NO_PUBLIC_XG
202122-0627,LIVE_REFRESH_VERIFIED,False,False,False,OK,1,3664672,10037,4131,Teuta Durres,Shamrock Rovers,1,1,1,0,True,utc_time_competition_score_high_confidence_name,OK,True,True,True,NO_PUBLIC_XG
202122-0629,LIVE_REFRESH_VERIFIED,False,False,False,OK,2,3664673,8040,624924,Hibernians,Riga FC,1,1,1,0.2575757576,True,utc_time_competition_score_high_confidence_name,OK,True,True,True,NO_PUBLIC_XG
202122-0585,LIVE_REFRESH_VERIFIED,False,False,False,OK,4,3664677,2206,6403,Larne,Pacos de Ferreira,1,1,1,0.2916666667,True,utc_time_competition_score_high_confidence_name,OK,True,True,True,NO_PUBLIC_XG
202122-0220,LIVE_REFRESH_VERIFIED,False,False,False,OK,2,3664549,9925,7758,Celtic,Jablonec,1,1,1,0.2,True,utc_time_competition_score_high_confidence_name,OK,True,True,True,ACCEPTED
202122-0593,LIVE_REFRESH_VERIFIED,False,False,False,OK,3,3664678,8485,8332,Aberdeen,Breidablik,1,1,1,0.2936507937,True,utc_time_competition_score_high_confidence_name,OK,True,True,True,NO_PUBLIC_XG
202122-0623,LIVE_REFRESH_VERIFIED,False,False,False,OK,4,3664670,6652,10185,HB Torshavn,Maccabi Haifa,1,1,1,0.3703703704,True,utc_time_competition_score_high_confidence_name,OK,True,True,True,NO_PUBLIC_XG
202122-0573,LIVE_REFRESH_VERIFIED,False,False,False,OK,1,3664687,7998,195601,Partizan Beograd,PFC Sochi,0.9090909091,0.7142857143,0.8116883117,0,True,utc_time_competition_score_high_confidence_name,OK,True,True,True,NO_PUBLIC_XG
202122-0611,LIVE_REFRESH_VERIFIED,False,False,False,OK,1,3664686,9977,6406,LASK,Vojvodina,1,0.6666666667,0.8333333333,0,True,unique_utc_time_competition_score_alias,OK,True,True,True,NO_PUBLIC_XG
202122-0621,LIVE_REFRESH_VERIFIED,False,False,False,OK,1,3664701,1853,8277,Dundalk,Vitesse,1,0.6666666667,0.8333333333,0,True,unique_utc_time_competition_score_alias,OK,True,True,True,NO_PUBLIC_XG
202122-0609,LIVE_REFRESH_VERIFIED,False,False,False,OK,3,3664680,10157,10144,Osijek,PFC CSKA-Sofia,1,0.8333333333,0.9166666667,0.2770562771,True,utc_time_competition_score_high_confidence_name,OK,True,True,True,NO_PUBLIC_XG
202122-0082,LIVE_REFRESH_VERIFIED,False,False,False,OK,2,3686961,10013,8595,Salzburg,Brøndby IF,1,1,1,0.1971014493,True,utc_time_competition_score_high_confidence_name,OK,True,True,True,ACCEPTED
202122-0088,LIVE_REFRESH_VERIFIED,False,False,False,OK,1,3686964,9729,10156,FC Sheriff,Dinamo Zagreb,0.6086956522,1,0.8043478261,0,True,unique_utc_time_competition_score_alias,OK,True,True,True,ACCEPTED
202122-0090,LIVE_REFRESH_VERIFIED,False,False,False,OK,1,3686965,9829,9728,Monaco,Shakhtar Donetsk,0.8,1,0.9,0,True,utc_time_competition_score_high_confidence_name,OK,True,True,True,ACCEPTED
202122-0253,LIVE_REFRESH_VERIFIED,False,False,False,OK,1,3687062,8687,9731,FK Crvena Zvezda,CFR Cluj,1,1,1,0,True,utc_time_competition_score_high_confidence_name,OK,True,True,True,NO_PUBLIC_XG
202122-0239,LIVE_REFRESH_VERIFIED,False,False,False,OK,1,3687055,9925,10229,Celtic,AZ Alkmaar,1,1,1,0,True,utc_time_competition_score_high_confidence_name,OK,True,True,True,ACCEPTED
202122-0084,LIVE_REFRESH_VERIFIED,False,False,False,OK,1,3686962,10192,8222,Young Boys,Ferencvaros,1,1,1,0,True,utc_time_competition_score_high_confidence_name,OK,True,True,True,ACCEPTED
202122-0086,LIVE_REFRESH_VERIFIED,False,False,False,OK,1,3686963,10237,210173,Malmö FF,Ludogorets Razgrad,1,1,1,0,True,utc_time_competition_score_high_confidence_name,OK,True,True,True,ACCEPTED
202122-0092,LIVE_REFRESH_VERIFIED,False,False,False,OK,2,3686966,9772,8640,Benfica,PSV Eindhoven,1,1,1,0.1971014493,True,utc_time_competition_score_high_confidence_name,OK,True,True,True,ACCEPTED
202122-0646,LIVE_REFRESH_VERIFIED,False,False,False,OK,3,3687222,8241,7855,Shakhter Karagandy,Maccabi Tel Aviv,0.8648648649,1,0.9324324324,0.3028571429,True,utc_time_competition_score_high_confidence_name,OK,True,True,True,NO_PUBLIC_XG
202122-0632,LIVE_REFRESH_VERIFIED,False,False,False,OK,3,3687212,7981,8485,Qarabag FK,Aberdeen,1,1,1,0.2916666667,True,utc_time_competition_score_high_confidence_name,OK,True,True,True,NO_PUBLIC_XG
202122-0650,LIVE_REFRESH_VERIFIED,False,False,False,OK,1,3687217,1693,8149,KuPS,Union Berlin,1,1,1,0,True,utc_time_competition_score_high_confidence_name,OK,True,True,True,NO_PUBLIC_XG
202122-0654,LIVE_REFRESH_VERIFIED,False,False,False,OK,3,3687223,4024,9991,Rakow Czestochowa,Gent,1,0.7272727273,0.8636363636,0.325,True,utc_time_competition_score_high_confidence_name,OK,True,True,True,NO_PUBLIC_XG
202122-0672,LIVE_REFRESH_VERIFIED,False,False,False,OK,1,3687209,8155,4131,Flora Tallinn,Shamrock Rovers,1,1,1,0,True,utc_time_competition_score_high_confidence_name,OK,True,True,True,NO_PUBLIC_XG
202122-0235,LIVE_REFRESH_VERIFIED,False,False,False,OK,1,3687053,8410,8637,Randers FC,Galatasaray,1,1,1,0,True,utc_time_competition_score_high_confidence_name,OK,True,True,True,NO_PUBLIC_XG
202122-0245,LIVE_REFRESH_VERIFIED,False,False,False,OK,1,3687058,8044,9988,Omonia Nicosia,Royal Antwerp,1,1,1,0,True,utc_time_competition_score_high_confidence_name,OK,True,True,True,ACCEPTED
202122-0251,LIVE_REFRESH_VERIFIED,False,False,False,OK,1,3687061,7787,8673,Slavia Prague,Legia Warszawa,0.8,0.9230769231,0.8615384615,0,True,utc_time_competition_score_high_confidence_name,OK,True,True,True,NO_PUBLIC_XG
202122-0636,LIVE_REFRESH_VERIFIED,False,False,False,OK,2,3687218,6033,10144,Viktoria Plzen,PFC CSKA-Sofia,1,0.8333333333,0.9166666667,0.2552631579,True,utc_time_competition_score_high_confidence_name,OK,True,True,True,NO_PUBLIC_XG
202122-0644,LIVE_REFRESH_VERIFIED,False,False,False,OK,3,3687219,9977,8467,LASK,St. Johnstone,1,1,1,0.2063492063,True,utc_time_competition_score_high_confidence_name,OK,True,True,True,NO_PUBLIC_XG
202122-0662,LIVE_REFRESH_VERIFIED,False,False,False,OK,1,3687227,9754,6243,Hapoel Beer Sheva,Anorthosis,1,0.6666666667,0.8333333333,0,True,unique_utc_time_competition_score_alias,OK,True,True,True,NO_PUBLIC_XG
202122-0666,LIVE_REFRESH_VERIFIED,False,False,False,OK,3,3687210,624924,545012,Riga FC,Lincoln Red Imps FC,1,1,1,0.2678571429,True,utc_time_competition_score_high_confidence_name,OK,True,True,True,NO_PUBLIC_XG
202122-0670,LIVE_REFRESH_VERIFIED,False,False,False,OK,2,3687208,4617,10185,FK Neftchi,Maccabi Haifa,0.7368421053,1,0.8684210526,0.2318181818,True,utc_time_competition_score_high_confidence_name,OK,True,True,True,NO_PUBLIC_XG
202122-0674,LIVE_REFRESH_VERIFIED,False,False,False,OK,1,3687207,4616,8402,Zalgiris Vilnius,Bodø/Glimt,1,1,1,0,True,utc_time_competition_score_high_confidence_name,OK,True,True,True,NO_PUBLIC_XG
202122-0634,LIVE_REFRESH_VERIFIED,False,False,False,OK,1,3687215,9931,8248,Basel,Hammarby,1,0.8421052632,0.9210526316,0,True,utc_time_competition_score_high_confidence_name,OK,True,True,True,NO_PUBLIC_XG
202122-0660,LIVE_REFRESH_VERIFIED,False,False,False,OK,3,3687226,9752,8686,Trabzonspor,Roma,1,0.7272727273,0.8636363636,0.3125,True,utc_time_competition_score_high_confidence_name,OK,True,True,True,NO_PUBLIC_XG
202122-0668,LIVE_REFRESH_VERIFIED,False,False,False,OK,1,3687211,132044,8037,CS Fola Esch,Kairat Almaty,1,1,1,0,True,utc_time_competition_score_high_confidence_name,OK,True,True,True,NO_PUBLIC_XG
202122-0243,LIVE_REFRESH_VERIFIED,False,False,False,OK,1,3687057,2172,10014,Mura,Sturm Graz,0.3636363636,1,0.6818181818,0,True,unique_utc_time_competition_score_alias,OK,True,True,True,ACCEPTED
202122-0640,LIVE_REFRESH_VERIFIED,False,False,False,OK,2,3687213,9851,8422,Rennes,Rosenborg,0.5263157895,0.8571428571,0.6917293233,0.2236467236,True,separated_utc_time_competition_score_alias,OK,True,True,True,NO_PUBLIC_XG
202122-0642,LIVE_REFRESH_VERIFIED,False,False,False,OK,2,3687216,8635,8277,Anderlecht,Vitesse,1,0.6666666667,0.8333333333,0.3464052288,True,separated_utc_time_competition_score_alias,OK,True,True,True,NO_PUBLIC_XG
202122-0648,LIVE_REFRESH_VERIFIED,False,False,False,OK,3,3687214,8619,10162,PAOK Thessaloniki FC,Rijeka,1,1,1,0.2063492063,True,utc_time_competition_score_high_confidence_name,OK,True,True,True,NO_PUBLIC_XG
202122-0652,LIVE_REFRESH_VERIFIED,False,False,False,OK,1,3687220,10235,8014,Feyenoord,Elfsborg,1,0.8421052632,0.9210526316,0,True,utc_time_competition_score_high_confidence_name,OK,True,True,True,NO_PUBLIC_XG
202122-0656,LIVE_REFRESH_VERIFIED,False,False,False,OK,3,3687224,6265,8391,Sivasspor,FC København,1,1,1,0.3269230769,True,utc_time_competition_score_high_confidence_name,OK,True,True,True,NO_PUBLIC_XG
202122-0664,LIVE_REFRESH_VERIFIED,False,False,False,OK,1,3687228,7758,6022,Jablonec,Zilina,1,0.75,0.875,0,True,utc_time_competition_score_high_confidence_name,OK,True,True,True,NO_PUBLIC_XG
202122-0638,LIVE_REFRESH_VERIFIED,False,False,False,OK,3,3687221,6403,8586,Pacos de Ferreira,Tottenham Hotspur,1,1,1,0.205,True,utc_time_competition_score_high_confidence_name,OK,True,True,True,NO_PUBLIC_XG
202122-0241,LIVE_REFRESH_VERIFIED,False,False,False,OK,2,3687056,8695,9861,Fenerbahce,HJK,1,0.4,0.7,0.3193277311,True,separated_utc_time_competition_score_alias,OK,True,True,True,NO_PUBLIC_XG
202122-0237,LIVE_REFRESH_VERIFIED,False,False,False,OK,2,3687054,10015,7770,Rapid Wien,Zorya,1,0.5555555556,0.7777777778,0.2333333333,True,separated_utc_time_competition_score_alias,OK,True,True,True,ACCEPTED
202122-0247,LIVE_REFRESH_VERIFIED,False,False,False,OK,2,3687059,8638,6019,Olympiacos,Slovan Bratislava,0.6428571429,1,0.8214285714,0.2694805195,True,separated_utc_time_competition_score_alias,OK,True,True,True,NO_PUBLIC_XG
202122-0249,LIVE_REFRESH_VERIFIED,False,False,False,OK,2,3687060,8548,310094,Rangers,Alashkert FC,0.6363636364,1,0.8181818182,0.2866666667,True,separated_utc_time_competition_score_alias,OK,True,True,True,NO_PUBLIC_XG
202122-0658,LIVE_REFRESH_VERIFIED,False,False,False,OK,1,3687225,1567,7998,Santa Clara,Partizan Beograd,0.88,0.9090909091,0.8945454545,0,True,utc_time_competition_score_high_confidence_name,OK,True,True,True,NO_PUBLIC_XG
202122-0085,LIVE_REFRESH_VERIFIED,False,False,False,OK,1,3686968,8222,10192,Ferencvaros,Young Boys,1,1,1,0,True,utc_time_competition_score_high_confidence_name,OK,True,True,True,ACCEPTED
202122-0087,LIVE_REFRESH_VERIFIED,False,False,False,OK,1,3686969,210173,10237,Ludogorets Razgrad,Malmö FF,1,1,1,0,True,utc_time_competition_score_high_confidence_name,OK,True,True,True,ACCEPTED
202122-0093,LIVE_REFRESH_VERIFIED,False,False,False,OK,2,3686972,8640,9772,PSV Eindhoven,Benfica,1,1,1,0.2967032967,True,utc_time_competition_score_high_confidence_name,OK,True,True,True,ACCEPTED
202122-0083,LIVE_REFRESH_VERIFIED,False,False,False,OK,1,3686967,8595,10013,Brøndby IF,Salzburg,1,1,1,0,True,utc_time_competition_score_high_confidence_name,OK,True,True,True,ACCEPTED
202122-0089,LIVE_REFRESH_VERIFIED,False,False,False,OK,2,3686970,10156,9729,Dinamo Zagreb,FC Sheriff,1,0.6086956522,0.8043478261,0.2842809365,True,separated_utc_time_competition_score_alias,OK,True,True,True,ACCEPTED
202122-0091,LIVE_REFRESH_VERIFIED,False,False,False,OK,1,3686971,9728,9829,Shakhtar Donetsk,Monaco,1,0.8,0.9,0,True,utc_time_competition_score_high_confidence_name,OK,True,True,True,EXTRA_TIME_SCOPE_MISMATCH
202122-0669,LIVE_REFRESH_VERIFIED,False,False,False,OK,5,3687233,8037,132044,Kairat Almaty,CS Fola Esch,1,1,1,0.3081232493,True,utc_time_competition_score_high_confidence_name,OK,True,True,True,NO_PUBLIC_XG
202122-0250,LIVE_REFRESH_VERIFIED,False,False,False,OK,1,3687070,310094,8548,Alashkert FC,Rangers,1,0.6363636364,0.8181818182,0,True,unique_utc_time_competition_score_alias,OK,True,True,True,NO_PUBLIC_XG
202122-0242,LIVE_REFRESH_VERIFIED,False,False,False,OK,1,3687066,9861,8695,HJK,Fenerbahce,0.4,1,0.7,0,True,unique_utc_time_competition_score_alias,OK,True,True,True,NO_PUBLIC_XG
202122-0665,LIVE_REFRESH_VERIFIED,False,False,False,OK,1,3687250,6022,7758,Zilina,Jablonec,0.75,1,0.875,0,True,utc_time_competition_score_high_confidence_name,OK,True,True,True,NO_PUBLIC_XG
202122-0667,LIVE_REFRESH_VERIFIED,False,False,False,OK,5,3687232,545012,624924,Lincoln Red Imps FC,Riga FC,1,1,1,0.2019230769,True,utc_time_competition_score_high_confidence_name,OK,True,True,True,NO_PUBLIC_XG
202122-0675,LIVE_REFRESH_VERIFIED,False,False,False,OK,1,3687229,8402,4616,Bodø/Glimt,Zalgiris Vilnius,1,1,1,0,True,utc_time_competition_score_high_confidence_name,OK,True,True,True,NO_PUBLIC_XG
202122-0238,LIVE_REFRESH_VERIFIED,False,False,False,OK,1,3687064,7770,10015,Zorya,Rapid Wien,0.5555555556,1,0.7777777778,0,True,unique_utc_time_competition_score_alias,OK,True,True,True,ACCEPTED
202122-0635,LIVE_REFRESH_VERIFIED,False,False,False,OK,5,3687237,8248,9931,Hammarby,Basel,0.8421052632,1,0.9210526316,0.2843137255,True,utc_time_competition_score_high_confidence_name,OK,True,True,True,NO_PUBLIC_XG
202122-0637,LIVE_REFRESH_VERIFIED,False,False,False,OK,4,3687240,10144,6033,PFC CSKA-Sofia,Viktoria Plzen,0.8333333333,1,0.9166666667,0.1914285714,True,utc_time_competition_score_high_confidence_name,OK,True,True,True,NO_PUBLIC_XG
202122-0641,LIVE_REFRESH_VERIFIED,False,False,False,OK,2,3687235,8422,9851,Rosenborg,Rennes,0.8571428571,0.5263157895,0.6917293233,0.3,True,separated_utc_time_competition_score_alias,OK,True,True,True,NO_PUBLIC_XG
202122-0643,LIVE_REFRESH_VERIFIED,False,False,False,OK,1,3687238,8277,8635,Vitesse,Anderlecht,0.6666666667,1,0.8333333333,0,True,unique_utc_time_competition_score_alias,OK,True,True,True,NO_PUBLIC_XG
202122-0653,LIVE_REFRESH_VERIFIED,False,False,False,OK,5,3687242,8014,10235,Elfsborg,Feyenoord,0.8421052632,1,0.9210526316,0.2250712251,True,utc_time_competition_score_high_confidence_name,OK,True,True,True,NO_PUBLIC_XG
202122-0657,LIVE_REFRESH_VERIFIED,False,False,False,OK,1,3687246,8391,6265,FC København,Sivasspor,1,1,1,0,True,utc_time_competition_score_high_confidence_name,OK,True,True,True,NO_PUBLIC_XG
202122-0661,LIVE_REFRESH_VERIFIED,False,False,False,OK,4,3687248,8686,9752,Roma,Trabzonspor,0.7272727273,1,0.8636363636,0.3104761905,True,utc_time_competition_score_high_confidence_name,OK,True,True,True,NO_PUBLIC_XG
202122-0663,LIVE_REFRESH_VERIFIED,False,False,False,OK,5,3687249,6243,9754,Anorthosis,Hapoel Beer Sheva,0.6666666667,1,0.8333333333,0.2792207792,True,separated_utc_time_competition_score_alias,OK,True,True,True,NO_PUBLIC_XG
202122-0671,LIVE_REFRESH_VERIFIED,False,False,False,OK,1,3687230,10185,4617,Maccabi Haifa,FK Neftchi,1,0.7368421053,0.8684210526,0,True,utc_time_competition_score_high_confidence_name,OK,True,True,True,NO_PUBLIC_XG
202122-0647,LIVE_REFRESH_VERIFIED,False,False,False,OK,2,3687244,7855,8241,Maccabi Tel Aviv,Shakhter Karagandy,1,0.8648648649,0.9324324324,0.3895833333,True,utc_time_competition_score_high_confidence_name,OK,True,True,True,NO_PUBLIC_XG
202122-0236,LIVE_REFRESH_VERIFIED,False,False,False,OK,3,3687063,8637,8410,Galatasaray,Randers FC,1,1,1,0.35,True,utc_time_competition_score_high_confidence_name,OK,True,True,True,NO_PUBLIC_XG
202122-0645,LIVE_REFRESH_VERIFIED,False,False,False,OK,2,3687241,8467,9977,St. Johnstone,LASK,1,1,1,0.2063492063,True,utc_time_competition_score_high_confidence_name,OK,True,True,True,NO_PUBLIC_XG
202122-0649,LIVE_REFRESH_VERIFIED,False,False,False,OK,2,3687236,10162,8619,Rijeka,PAOK Thessaloniki FC,1,1,1,0.2063492063,True,utc_time_competition_score_high_confidence_name,OK,True,True,True,NO_PUBLIC_XG
202122-0655,LIVE_REFRESH_VERIFIED,False,False,False,OK,4,3687245,9991,4024,Gent,Rakow Czestochowa,0.7272727273,1,0.8636363636,0.2694805195,True,utc_time_competition_score_high_confidence_name,OK,True,True,True,NO_PUBLIC_XG
202122-0240,LIVE_REFRESH_VERIFIED,False,False,False,OK,3,3687065,10229,9925,AZ Alkmaar,Celtic,1,1,1,0.315018315,True,utc_time_competition_score_high_confidence_name,OK,True,True,True,ACCEPTED
202122-0651,LIVE_REFRESH_VERIFIED,False,False,False,OK,1,3687239,8149,1693,Union Berlin,KuPS,1,1,1,0,True,utc_time_competition_score_high_confidence_name,OK,True,True,True,NO_PUBLIC_XG
202122-0254,LIVE_REFRESH_VERIFIED,False,False,False,OK,1,3687072,9731,8687,CFR Cluj,FK Crvena Zvezda,1,1,1,0,True,utc_time_competition_score_high_confidence_name,OK,True,True,True,NO_PUBLIC_XG
202122-0248,LIVE_REFRESH_VERIFIED,False,False,False,OK,1,3687069,6019,8638,Slovan Bratislava,Olympiacos,1,0.6428571429,0.8214285714,0,True,unique_utc_time_competition_score_alias,OK,True,True,True,NO_PUBLIC_XG
202122-0633,LIVE_REFRESH_VERIFIED,False,False,False,OK,2,3687234,8485,7981,Aberdeen,Qarabag FK,1,1,1,0.2533936652,True,utc_time_competition_score_high_confidence_name,OK,True,True,True,NO_PUBLIC_XG
202122-0639,LIVE_REFRESH_VERIFIED,False,False,False,OK,4,3687243,8586,6403,Tottenham Hotspur,Pacos de Ferreira,1,1,1,0.2016806723,True,utc_time_competition_score_high_confidence_name,OK,True,True,True,NO_PUBLIC_XG
202122-0673,LIVE_REFRESH_VERIFIED,False,False,False,OK,1,3687231,4131,8155,Shamrock Rovers,Flora Tallinn,1,1,1,0,True,utc_time_competition_score_high_confidence_name,OK,True,True,True,NO_PUBLIC_XG
202122-0244,LIVE_REFRESH_VERIFIED,False,False,False,OK,2,3687067,10014,2172,Sturm Graz,Mura,1,0.3636363636,0.6818181818,0.2432065217,True,separated_utc_time_competition_score_alias,OK,True,True,True,ACCEPTED
202122-0246,LIVE_REFRESH_VERIFIED,False,False,False,OK,2,3687068,9988,8044,Royal Antwerp,Omonia Nicosia,1,1,1,0.1980676329,True,utc_time_competition_score_high_confidence_name,OK,True,True,True,EXTRA_TIME_SCOPE_MISMATCH
202122-0252,LIVE_REFRESH_VERIFIED,False,False,False,OK,3,3687071,8673,7787,Legia Warszawa,Slavia Prague,0.9230769231,0.8,0.8615384615,0.3226544622,True,utc_time_competition_score_high_confidence_name,OK,True,True,True,NO_PUBLIC_XG
202122-0659,LIVE_REFRESH_VERIFIED,False,False,False,OK,2,3687247,7998,1567,Partizan Beograd,Santa Clara,0.9090909091,0.88,0.8945454545,0.2765151515,True,utc_time_competition_score_high_confidence_name,OK,True,True,True,NO_PUBLIC_XG
202122-0676,LIVE_REFRESH_VERIFIED,False,False,False,OK,1,3714270,7855,310094,Maccabi Tel Aviv,Alashkert FC,1,1,1,0,True,utc_time_competition_score_high_confidence_name,OK,True,True,True,ACCEPTED
202122-0684,LIVE_REFRESH_VERIFIED,False,False,False,OK,1,3714282,10185,10235,Maccabi Haifa,Feyenoord,1,1,1,0,True,utc_time_competition_score_high_confidence_name,OK,True,True,True,ACCEPTED
202122-0104,LIVE_REFRESH_VERIFIED,False,False,False,OK,1,3714058,10192,10260,Young Boys,Manchester United,1,1,1,0,True,utc_time_competition_score_high_confidence_name,OK,True,True,True,ACCEPTED
202122-0106,LIVE_REFRESH_VERIFIED,False,False,False,OK,4,3714070,8302,10013,Sevilla,Salzburg,1,1,1,0.2554347826,True,utc_time_competition_score_high_confidence_name,OK,True,True,True,ACCEPTED
202122-0102,LIVE_REFRESH_VERIFIED,False,False,False,OK,4,3714047,8688,9772,Dynamo Kyiv,Benfica,0.8181818182,1,0.9090909091,0.1875,True,utc_time_competition_score_high_confidence_name,OK,True,True,True,ACCEPTED
202122-0103,LIVE_REFRESH_VERIFIED,False,False,False,OK,2,3714046,8634,9823,Barcelona,Bayern München,1,1,1,0.3128342246,True,utc_time_competition_score_high_confidence_name,OK,True,True,True,ACCEPTED
202122-0105,LIVE_REFRESH_VERIFIED,False,False,False,OK,1,3714059,10205,8524,Villarreal,Atalanta,1,1,1,0,True,utc_time_competition_score_high_confidence_name,OK,True,True,True,ACCEPTED
202122-0107,LIVE_REFRESH_VERIFIED,False,False,False,OK,4,3714071,8639,8721,Lille,Wolfsburg,0.7142857143,0.8181818182,0.7662337662,0.2361111111,True,separated_utc_time_competition_score_alias,OK,True,True,True,ACCEPTED
202122-0108,LIVE_REFRESH_VERIFIED,False,False,False,OK,2,3714082,8455,8698,Chelsea,Zenit St. Petersburg,1,1,1,0.2487179487,True,utc_time_competition_score_high_confidence_name,OK,True,True,True,ACCEPTED
202122-0109,LIVE_REFRESH_VERIFIED,False,False,False,OK,2,3714083,10237,9885,Malmö FF,Juventus,1,1,1,0.3128342246,True,utc_time_competition_score_high_confidence_name,OK,True,True,True,ACCEPTED
202122-0260,LIVE_REFRESH_VERIFIED,False,False,False,OK,2,3714222,8643,8673,Spartak Moscow,Legia Warszawa,1,0.9230769231,0.9615384615,0.1875,True,utc_time_competition_score_high_confidence_name,OK,True,True,True,ACCEPTED
202122-0099,LIVE_REFRESH_VERIFIED,False,False,False,OK,1,3714022,10188,9789,Besiktas,Borussia Dortmund,1,1,1,0,True,utc_time_competition_score_high_confidence_name,OK,True,True,True,ACCEPTED
202122-0100,LIVE_REFRESH_VERIFIED,False,False,False,OK,1,3714034,9729,9728,FC Sheriff,Shakhtar Donetsk,0.6086956522,1,0.8043478261,0,True,unique_utc_time_competition_score_alias,OK,True,True,True,ACCEPTED
202122-0094,LIVE_REFRESH_VERIFIED,False,False,False,OK,4,3713999,8342,9847,Club Brugge,Paris Saint-Germain,1,1,1,0.2967032967,True,utc_time_competition_score_high_confidence_name,OK,True,True,True,ACCEPTED
202122-0095,LIVE_REFRESH_VERIFIED,False,False,False,OK,1,3713998,8456,178475,Manchester City,RB Leipzig,1,1,1,0,True,utc_time_competition_score_high_confidence_name,OK,True,True,True,ACCEPTED
202122-0096,LIVE_REFRESH_VERIFIED,False,False,False,OK,4,3714010,9906,9773,Atletico Madrid,FC Porto,1,1,1,0.2428571429,True,utc_time_competition_score_high_confidence_name,OK,True,True,True,ACCEPTED
202122-0097,LIVE_REFRESH_VERIFIED,False,False,False,OK,1,3714011,8650,8564,Liverpool,Milan,1,1,1,0,True,utc_time_competition_score_high_confidence_name,OK,True,True,True,ACCEPTED
202122-0098,LIVE_REFRESH_VERIFIED,False,False,False,OK,1,3714023,9768,8593,Sporting CP,Ajax,0.7586206897,1,0.8793103448,0,True,utc_time_competition_score_high_confidence_name,OK,True,True,True,ACCEPTED
202122-0101,LIVE_REFRESH_VERIFIED,False,False,False,OK,3,3714035,8636,8633,Inter,Real Madrid,0.5263157895,1,0.7631578947,0.4177489177,True,separated_utc_time_competition_score_alias,OK,True,True,True,ACCEPTED
202122-0691,LIVE_REFRESH_VERIFIED,False,False,False,OK,2,3714420,8037,8044,Kairat Almaty,Omonia Nicosia,1,1,1,0.3052631579,True,utc_time_competition_score_high_confidence_name,OK,True,True,True,ACCEPTED
202122-0263,LIVE_REFRESH_VERIFIED,False,False,False,OK,2,3714197,8637,8543,Galatasaray,Lazio,1,1,1,0.1921568627,True,utc_time_competition_score_high_confidence_name,OK,True,True,True,ACCEPTED
202122-0264,LIVE_REFRESH_VERIFIED,False,False,False,OK,3,3714198,8710,8592,Lokomotiv Moscow,Marseille,1,0.6428571429,0.8214285714,0.1721721722,True,separated_utc_time_competition_score_alias,OK,True,True,True,ACCEPTED
202122-0265,LIVE_REFRESH_VERIFIED,False,False,False,OK,3,3714234,8687,10264,FK Crvena Zvezda,Braga,1,0.5263157895,0.7631578947,0.1779310345,True,separated_utc_time_competition_score_alias,OK,True,True,True,ACCEPTED
202122-0266,LIVE_REFRESH_VERIFIED,False,False,False,OK,3,3714233,8113,210173,Midtjylland,Ludogorets Razgrad,1,1,1,0.2047619048,True,utc_time_competition_score_high_confidence_name,OK,True,True,True,ACCEPTED
202122-0267,LIVE_REFRESH_VERIFIED,False,False,False,OK,3,3714185,8178,8222,Bayer Leverkusen,Ferencvaros,1,1,1,0.2629310345,True,utc_time_competition_score_high_confidence_name,OK,True,True,True,ACCEPTED
202122-0268,LIVE_REFRESH_VERIFIED,False,False,False,OK,1,3714186,8603,9925,Real Betis,Celtic,1,1,1,0,True,utc_time_competition_score_high_confidence_name,OK,True,True,True,ACCEPTED
202122-0269,LIVE_REFRESH_VERIFIED,False,False,False,OK,2,3714209,10156,8654,Dinamo Zagreb,West Ham United,1,1,1,0.2026315789,True,utc_time_competition_score_high_confidence_name,OK,True,True,True,ACCEPTED
202122-0270,LIVE_REFRESH_VERIFIED,False,False,False,OK,2,3714210,10015,9987,Rapid Wien,Genk,1,1,1,0.2222222222,True,utc_time_competition_score_high_confidence_name,OK,True,True,True,ACCEPTED
202122-0677,LIVE_REFRESH_VERIFIED,False,False,False,OK,4,3714271,9861,9977,HJK,LASK,0.4,1,0.7,0.2380952381,True,separated_utc_time_competition_score_alias,OK,True,True,True,ACCEPTED
202122-0679,LIVE_REFRESH_VERIFIED,False,False,False,OK,1,3714306,8155,9991,Flora Tallinn,Gent,1,0.7272727273,0.8636363636,0,True,utc_time_competition_score_high_confidence_name,OK,True,True,True,ACCEPTED
202122-0685,LIVE_REFRESH_VERIFIED,False,False,False,OK,2,3714283,7787,8149,Slavia Prague,Union Berlin,0.8,1,0.9,0.2128851541,True,utc_time_competition_score_high_confidence_name,OK,True,True,True,ACCEPTED
202122-0686,LIVE_REFRESH_VERIFIED,False,False,False,OK,1,3714408,6019,8391,Slovan Bratislava,FC København,1,1,1,0,True,utc_time_competition_score_high_confidence_name,OK,True,True,True,ACCEPTED
202122-0687,LIVE_REFRESH_VERIFIED,False,False,False,OK,4,3714409,545012,8619,Lincoln Red Imps FC,PAOK Thessaloniki FC,1,1,1,0.2166666667,True,utc_time_competition_score_high_confidence_name,OK,True,True,True,ACCEPTED
202122-0688,LIVE_REFRESH_VERIFIED,False,False,False,OK,4,3714319,2172,8277,Mura,Vitesse,0.3636363636,0.6666666667,0.5151515152,0.2523719165,False,identity_below_threshold_or_ambiguous,NOT_REQUESTED,False,False,False,IDENTITY_AMBIGUOUS
202122-0689,LIVE_REFRESH_VERIFIED,False,False,False,OK,2,3714318,9851,8586,Rennes,Tottenham Hotspur,0.5263157895,1,0.7631578947,0.3611111111,True,separated_utc_time_competition_score_alias,OK,True,True,True,ACCEPTED
202122-0690,LIVE_REFRESH_VERIFIED,False,False,False,OK,2,3714421,7981,9931,Qarabag FK,Basel,1,1,1,0.3052631579,True,utc_time_competition_score_high_confidence_name,OK,True,True,True,ACCEPTED
202122-0255,LIVE_REFRESH_VERIFIED,False,False,False,OK,1,3714162,8595,10247,Brøndby IF,Sparta Prague,1,0.8,0.9,0,True,utc_time_competition_score_high_confidence_name,OK,True,True,True,ACCEPTED
202122-0256,LIVE_REFRESH_VERIFIED,False,False,False,OK,2,3714161,8548,9748,Rangers,Lyon,0.6363636364,0.4444444444,0.5404040404,0.210591133,False,identity_below_threshold_or_ambiguous,NOT_REQUESTED,False,False,False,IDENTITY_AMBIGUOUS
202122-0257,LIVE_REFRESH_VERIFIED,False,False,False,OK,2,3714174,9829,10014,Monaco,Sturm Graz,0.8,1,0.9,0.2833333333,True,utc_time_competition_score_high_confidence_name,OK,True,True,True,ACCEPTED
202122-0258,LIVE_REFRESH_VERIFIED,False,False,False,OK,2,3714173,8640,8560,PSV Eindhoven,Real Sociedad,1,1,1,0.269005848,True,utc_time_competition_score_high_confidence_name,OK,True,True,True,ACCEPTED
202122-0259,LIVE_REFRESH_VERIFIED,False,False,False,OK,2,3714221,8197,9875,Leicester City,Napoli,1,1,1,0.269005848,True,utc_time_competition_score_high_confidence_name,OK,True,True,True,ACCEPTED
202122-0261,LIVE_REFRESH_VERIFIED,False,False,False,OK,3,3714245,8638,9988,Olympiacos,Royal Antwerp,0.6428571429,1,0.8214285714,0.2634408602,True,separated_utc_time_competition_score_alias,OK,True,True,True,ACCEPTED
202122-0262,LIVE_REFRESH_VERIFIED,False,False,False,OK,3,3714246,9810,8695,Eintracht Frankfurt,Fenerbahce,1,1,1,0.2404761905,True,utc_time_competition_score_high_confidence_name,OK,True,True,True,ACCEPTED
202122-0678,LIVE_REFRESH_VERIFIED,False,False,False,OK,4,3714307,6243,7998,Anorthosis,Partizan Beograd,0.6666666667,0.9090909091,0.7878787879,0.2287581699,True,separated_utc_time_competition_score_alias,OK,True,True,True,ACCEPTED
202122-0680,LIVE_REFRESH_VERIFIED,False,False,False,OK,1,3714258,8686,10144,Roma,PFC CSKA-Sofia,0.7272727273,0.8333333333,0.7803030303,0,True,unique_utc_time_competition_score_alias,OK,True,True,True,ACCEPTED
202122-0681,LIVE_REFRESH_VERIFIED,False,False,False,OK,2,3714259,8402,7770,Bodø/Glimt,Zorya,1,0.5555555556,0.7777777778,0.2509090909,True,separated_utc_time_competition_score_alias,OK,True,True,True,ACCEPTED
202122-0682,LIVE_REFRESH_VERIFIED,False,False,False,OK,1,3714294,7758,9731,Jablonec,CFR Cluj,1,1,1,0,True,utc_time_competition_score_high_confidence_name,OK,True,True,True,ACCEPTED
202122-0683,LIVE_REFRESH_VERIFIED,False,False,False,OK,2,3714295,8410,10229,Randers FC,AZ Alkmaar,1,1,1,0.4188034188,True,utc_time_competition_score_high_confidence_name,OK,True,True,True,ACCEPTED
202122-0114,LIVE_REFRESH_VERIFIED,False,False,False,OK,2,3714024,8593,10188,Ajax,Besiktas,1,1,1,0.2608695652,True,utc_time_competition_score_high_confidence_name,OK,True,True,True,ACCEPTED
202122-0116,LIVE_REFRESH_VERIFIED,False,False,False,OK,1,3714036,9728,8636,Shakhtar Donetsk,Inter,1,0.5263157895,0.7631578947,0,True,unique_utc_time_competition_score_alias,OK,True,True,True,ACCEPTED
202122-0110,LIVE_REFRESH_VERIFIED,False,False,False,OK,2,3714000,9847,8456,Paris Saint-Germain,Manchester City,1,1,1,0.2173913043,True,utc_time_competition_score_high_confidence_name,OK,True,True,True,ACCEPTED
202122-0111,LIVE_REFRESH_VERIFIED,False,False,False,OK,3,3714001,178475,8342,RB Leipzig,Club Brugge,1,1,1,0.2197802198,True,utc_time_competition_score_high_confidence_name,OK,True,True,True,ACCEPTED
202122-0112,LIVE_REFRESH_VERIFIED,False,False,False,OK,1,3714013,9773,8650,FC Porto,Liverpool,1,1,1,0,True,utc_time_competition_score_high_confidence_name,OK,True,True,True,ACCEPTED
202122-0113,LIVE_REFRESH_VERIFIED,False,False,False,OK,3,3714012,8564,9906,Milan,Atletico Madrid,1,1,1,0.2613636364,True,utc_time_competition_score_high_confidence_name,OK,True,True,True,ACCEPTED
202122-0115,LIVE_REFRESH_VERIFIED,False,False,False,OK,3,3714025,9789,9768,Borussia Dortmund,Sporting CP,1,0.7586206897,0.8793103448,0.3342857143,True,utc_time_competition_score_high_confidence_name,OK,True,True,True,ACCEPTED
202122-0117,LIVE_REFRESH_VERIFIED,False,False,False,OK,3,3714037,8633,9729,Real Madrid,FC Sheriff,1,0.6086956522,0.8043478261,0.1883116883,True,separated_utc_time_competition_score_alias,OK,True,True,True,ACCEPTED
202122-0121,LIVE_REFRESH_VERIFIED,False,False,False,OK,3,3714060,8524,10192,Atalanta,Young Boys,1,1,1,0.3104761905,True,utc_time_competition_score_high_confidence_name,OK,True,True,True,ACCEPTED
202122-0124,LIVE_REFRESH_VERIFIED,False,False,False,OK,1,3714084,8698,10237,Zenit St. Petersburg,Malmö FF,1,1,1,0,True,utc_time_competition_score_high_confidence_name,OK,True,True,True,ACCEPTED
202122-0118,LIVE_REFRESH_VERIFIED,False,False,False,OK,1,3714049,9772,8634,Benfica,Barcelona,1,1,1,0,True,utc_time_competition_score_high_confidence_name,OK,True,True,True,ACCEPTED
202122-0119,LIVE_REFRESH_VERIFIED,False,False,False,OK,1,3714048,9823,8688,Bayern München,Dynamo Kyiv,1,0.8181818182,0.9090909091,0,True,utc_time_competition_score_high_confidence_name,OK,True,True,True,ACCEPTED
202122-0120,LIVE_REFRESH_VERIFIED,False,False,False,OK,2,3714061,10260,10205,Manchester United,Villarreal,1,1,1,0.3466666667,True,utc_time_competition_score_high_confidence_name,OK,True,True,True,ACCEPTED
202122-0122,LIVE_REFRESH_VERIFIED,False,False,False,OK,2,3714072,10013,8639,Salzburg,Lille,1,0.7142857143,0.8571428571,0.2905263158,True,utc_time_competition_score_high_confidence_name,OK,True,True,True,ACCEPTED
202122-0123,LIVE_REFRESH_VERIFIED,False,False,False,OK,1,3714073,8721,8302,Wolfsburg,Sevilla,0.8181818182,1,0.9090909091,0,True,utc_time_competition_score_high_confidence_name,OK,True,True,True,ACCEPTED
202122-0125,LIVE_REFRESH_VERIFIED,False,False,False,OK,3,3714085,9885,8455,Juventus,Chelsea,1,1,1,0.1838235294,True,utc_time_competition_score_high_confidence_name,OK,True,True,True,ACCEPTED
202122-0271,LIVE_REFRESH_VERIFIED,False,False,False,OK,2,3714163,10247,8548,Sparta Prague,Rangers,0.8,0.6363636364,0.7181818182,0.2917771883,True,separated_utc_time_competition_score_alias,OK,True,True,True,ACCEPTED
202122-0272,LIVE_REFRESH_VERIFIED,False,False,False,OK,1,3714164,9748,8595,Lyon,Brøndby IF,0.4444444444,1,0.7222222222,0,True,unique_utc_time_competition_score_alias,OK,True,True,True,ACCEPTED
202122-0273,LIVE_REFRESH_VERIFIED,False,False,False,OK,1,3714176,10014,8640,Sturm Graz,PSV Eindhoven,1,1,1,0,True,utc_time_competition_score_high_confidence_name,OK,True,True,True,ACCEPTED
202122-0274,LIVE_REFRESH_VERIFIED,False,False,False,OK,1,3714175,8560,9829,Real Sociedad,Monaco,1,0.8,0.9,0,True,utc_time_competition_score_high_confidence_name,OK,True,True,True,ACCEPTED
202122-0275,LIVE_REFRESH_VERIFIED,False,False,False,OK,1,3714224,9875,8643,Napoli,Spartak Moscow,1,1,1,0,True,utc_time_competition_score_high_confidence_name,OK,True,True,True,ACCEPTED
202122-0276,LIVE_REFRESH_VERIFIED,False,False,False,OK,2,3714223,8673,8197,Legia Warszawa,Leicester City,0.9230769231,1,0.9615384615,0.2152380952,True,utc_time_competition_score_high_confidence_name,OK,True,True,True,ACCEPTED
202122-0277,LIVE_REFRESH_VERIFIED,False,False,False,OK,2,3714247,9988,9810,Royal Antwerp,Eintracht Frankfurt,1,1,1,0.2530241935,True,utc_time_competition_score_high_confidence_name,OK,True,True,True,ACCEPTED
202122-0278,LIVE_REFRESH_VERIFIED,False,False,False,OK,2,3714248,8695,8638,Fenerbahce,Olympiacos,1,0.6428571429,0.8214285714,0.2718894009,True,separated_utc_time_competition_score_alias,OK,True,True,True,ACCEPTED
202122-0692,LIVE_REFRESH_VERIFIED,False,False,False,OK,1,3714272,310094,9861,Alashkert FC,HJK,1,0.4,0.7,0,True,unique_utc_time_competition_score_alias,OK,True,True,True,ACCEPTED
202122-0693,LIVE_REFRESH_VERIFIED,False,False,False,OK,3,3714273,9977,7855,LASK,Maccabi Tel Aviv,1,1,1,0.2770562771,True,utc_time_competition_score_high_confidence_name,OK,True,True,True,ACCEPTED
202122-0694,LIVE_REFRESH_VERIFIED,False,False,False,OK,2,3714309,7998,8155,Partizan Beograd,Flora Tallinn,0.9090909091,1,0.9545454545,0.2215320911,True,utc_time_competition_score_high_confidence_name,OK,True,True,True,ACCEPTED
202122-0695,LIVE_REFRESH_VERIFIED,False,False,False,OK,2,3714308,9991,6243,Gent,Anorthosis,0.7272727273,0.6666666667,0.696969697,0.325428195,True,separated_utc_time_competition_score_alias,OK,True,True,True,ACCEPTED
202122-0696,LIVE_REFRESH_VERIFIED,False,False,False,OK,1,3714261,10144,8402,PFC CSKA-Sofia,Bodø/Glimt,0.8333333333,1,0.9166666667,0,True,utc_time_competition_score_high_confidence_name,OK,True,True,True,ACCEPTED
202122-0697,LIVE_REFRESH_VERIFIED,False,False,False,OK,1,3714260,7770,8686,Zorya,Roma,0.5555555556,0.7272727273,0.6414141414,0,True,unique_utc_time_competition_score_alias,OK,True,True,True,ACCEPTED
202122-0698,LIVE_REFRESH_VERIFIED,False,False,False,OK,3,3714297,9731,8410,CFR Cluj,Randers FC,1,1,1,0.205,True,utc_time_competition_score_high_confidence_name,OK,True,True,True,ACCEPTED
202122-0699,LIVE_REFRESH_VERIFIED,False,False,False,OK,1,3714296,10229,7758,AZ Alkmaar,Jablonec,1,1,1,0,True,utc_time_competition_score_high_confidence_name,OK,True,True,True,ACCEPTED
202122-0279,LIVE_REFRESH_VERIFIED,False,False,False,OK,2,3714199,8543,8710,Lazio,Lokomotiv Moscow,1,1,1,0.2153846154,True,utc_time_competition_score_high_confidence_name,OK,True,True,True,ACCEPTED
202122-0280,LIVE_REFRESH_VERIFIED,False,False,False,OK,1,3714200,8592,8637,Marseille,Galatasaray,0.6428571429,1,0.8214285714,0,True,unique_utc_time_competition_score_alias,OK,True,True,True,ACCEPTED
202122-0281,LIVE_REFRESH_VERIFIED,False,False,False,OK,1,3714236,10264,8113,Braga,Midtjylland,0.5263157895,1,0.7631578947,0,True,unique_utc_time_competition_score_alias,OK,True,True,True,ACCEPTED
202122-0282,LIVE_REFRESH_VERIFIED,False,False,False,OK,2,3714235,210173,8687,Ludogorets Razgrad,FK Crvena Zvezda,1,1,1,0.158266129,True,utc_time_competition_score_high_confidence_name,OK,True,True,True,ACCEPTED
202122-0283,LIVE_REFRESH_VERIFIED,False,False,False,OK,1,3714188,8222,8603,Ferencvaros,Real Betis,1,1,1,0,True,utc_time_competition_score_high_confidence_name,OK,True,True,True,ACCEPTED
202122-0284,LIVE_REFRESH_VERIFIED,False,False,False,OK,1,3714187,9925,8178,Celtic,Bayer Leverkusen,1,1,1,0,True,utc_time_competition_score_high_confidence_name,OK,True,True,True,ACCEPTED
202122-0285,LIVE_REFRESH_VERIFIED,False,False,False,OK,2,3714212,8654,10015,West Ham United,Rapid Wien,1,1,1,0.2153846154,True,utc_time_competition_score_high_confidence_name,OK,True,True,True,ACCEPTED
202122-0286,LIVE_REFRESH_VERIFIED,False,False,False,OK,2,3714211,9987,10156,Genk,Dinamo Zagreb,1,1,1,0.2732919255,True,utc_time_competition_score_high_confidence_name,OK,True,True,True,ACCEPTED
202122-0700,LIVE_REFRESH_VERIFIED,False,False,False,OK,1,3714284,10235,7787,Feyenoord,Slavia Prague,1,0.8,0.9,0,True,utc_time_competition_score_high_confidence_name,OK,True,True,True,ACCEPTED
202122-0701,LIVE_REFRESH_VERIFIED,False,False,False,OK,1,3714285,8149,10185,Union Berlin,Maccabi Haifa,1,1,1,0,True,utc_time_competition_score_high_confidence_name,OK,True,True,True,ACCEPTED
202122-0702,LIVE_REFRESH_VERIFIED,False,False,False,OK,1,3714411,8391,545012,FC København,Lincoln Red Imps FC,1,1,1,0,True,utc_time_competition_score_high_confidence_name,OK,True,True,True,ACCEPTED
202122-0703,LIVE_REFRESH_VERIFIED,False,False,False,OK,3,3714410,8619,6019,PAOK Thessaloniki FC,Slovan Bratislava,1,1,1,0.2466666667,True,utc_time_competition_score_high_confidence_name,OK,True,True,True,ACCEPTED
202122-0704,LIVE_REFRESH_VERIFIED,False,False,False,OK,1,3714321,8277,9851,Vitesse,Rennes,0.6666666667,0.5263157895,0.5964912281,0,True,unique_utc_time_competition_score_alias,OK,True,True,True,ACCEPTED
202122-0705,LIVE_REFRESH_VERIFIED,False,False,False,OK,1,3714320,8586,2172,Tottenham Hotspur,Mura,1,0.3636363636,0.6818181818,0,True,unique_utc_time_competition_score_alias,OK,True,True,True,ACCEPTED
202122-0706,LIVE_REFRESH_VERIFIED,False,False,False,OK,1,3714422,9931,8037,Basel,Kairat Almaty,1,1,1,0,True,utc_time_competition_score_high_confidence_name,OK,True,True,True,ACCEPTED
202122-0707,LIVE_REFRESH_VERIFIED,False,False,False,OK,1,3714423,8044,7981,Omonia Nicosia,Qarabag FK,1,1,1,0,True,utc_time_competition_score_high_confidence_name,OK,True,True,True,ACCEPTED
202122-0299,LIVE_REFRESH_VERIFIED,False,False,False,OK,1,3714189,9925,8222,Celtic,Ferencvaros,1,1,1,0,True,utc_time_competition_score_high_confidence_name,OK,True,True,True,ACCEPTED
202122-0127,LIVE_REFRESH_VERIFIED,False,False,False,OK,1,3714002,8342,8456,Club Brugge,Manchester City,1,1,1,0,True,utc_time_competition_score_high_confidence_name,OK,True,True,True,ACCEPTED
202122-0131,LIVE_REFRESH_VERIFIED,False,False,False,OK,2,3714026,10188,9768,Besiktas,Sporting CP,1,0.7586206897,0.8793103448,0.1825396825,True,utc_time_competition_score_high_confidence_name,OK,True,True,True,ACCEPTED
202122-0126,LIVE_REFRESH_VERIFIED,False,False,False,OK,2,3714003,9847,178475,Paris Saint-Germain,RB Leipzig,1,1,1,0.2222222222,True,utc_time_competition_score_high_confidence_name,OK,True,True,True,ACCEPTED
202122-0128,LIVE_REFRESH_VERIFIED,False,False,False,OK,2,3714015,9773,8564,FC Porto,Milan,1,1,1,0.1964285714,True,utc_time_competition_score_high_confidence_name,OK,True,True,True,ACCEPTED
202122-0129,LIVE_REFRESH_VERIFIED,False,False,False,OK,1,3714014,9906,8650,Atletico Madrid,Liverpool,1,1,1,0,True,utc_time_competition_score_high_confidence_name,OK,True,True,True,ACCEPTED
202122-0130,LIVE_REFRESH_VERIFIED,False,False,False,OK,2,3714027,8593,9789,Ajax,Borussia Dortmund,1,1,1,0.1709090909,True,utc_time_competition_score_high_confidence_name,OK,True,True,True,ACCEPTED
202122-0132,LIVE_REFRESH_VERIFIED,False,False,False,OK,1,3714038,9728,8633,Shakhtar Donetsk,Real Madrid,1,1,1,0,True,utc_time_competition_score_high_confidence_name,OK,True,True,True,ACCEPTED
202122-0133,LIVE_REFRESH_VERIFIED,False,False,False,OK,2,3714039,8636,9729,Inter,FC Sheriff,0.5263157895,0.6086956522,0.5675057208,0.1709090909,True,separated_utc_time_competition_score_alias,OK,True,True,True,ACCEPTED
202122-0292,LIVE_REFRESH_VERIFIED,False,False,False,OK,2,3714225,8643,8197,Spartak Moscow,Leicester City,1,1,1,0.3703703704,True,utc_time_competition_score_high_confidence_name,OK,True,True,True,ACCEPTED
202122-0135,LIVE_REFRESH_VERIFIED,False,False,False,OK,2,3714050,8634,8688,Barcelona,Dynamo Kyiv,1,0.8181818182,0.9090909091,0.2678571429,True,utc_time_competition_score_high_confidence_name,OK,True,True,True,ACCEPTED
202122-0138,LIVE_REFRESH_VERIFIED,False,False,False,OK,2,3714074,10013,8721,Salzburg,Wolfsburg,1,0.8181818182,0.9090909091,0.1769230769,True,utc_time_competition_score_high_confidence_name,OK,True,True,True,ACCEPTED
202122-0134,LIVE_REFRESH_VERIFIED,False,False,False,OK,1,3714051,9772,9823,Benfica,Bayern München,1,1,1,0,True,utc_time_competition_score_high_confidence_name,OK,True,True,True,ACCEPTED
202122-0136,LIVE_REFRESH_VERIFIED,False,False,False,OK,2,3714063,10260,8524,Manchester United,Atalanta,1,1,1,0.1388888889,True,utc_time_competition_score_high_confidence_name,OK,True,True,True,ACCEPTED
202122-0137,LIVE_REFRESH_VERIFIED,False,False,False,OK,2,3714062,10192,10205,Young Boys,Villarreal,1,1,1,0.1587301587,True,utc_time_competition_score_high_confidence_name,OK,True,True,True,ACCEPTED
202122-0139,LIVE_REFRESH_VERIFIED,False,False,False,OK,1,3714075,8639,8302,Lille,Sevilla,0.7142857143,1,0.8571428571,0,True,utc_time_competition_score_high_confidence_name,OK,True,True,True,ACCEPTED
202122-0140,LIVE_REFRESH_VERIFIED,False,False,False,OK,1,3714087,8698,9885,Zenit St. Petersburg,Juventus,1,1,1,0,True,utc_time_competition_score_high_confidence_name,OK,True,True,True,ACCEPTED
202122-0141,LIVE_REFRESH_VERIFIED,False,False,False,OK,2,3714086,8455,10237,Chelsea,Malmö FF,1,1,1,0.1309090909,True,utc_time_competition_score_high_confidence_name,OK,True,True,True,ACCEPTED
202122-0709,LIVE_REFRESH_VERIFIED,False,False,False,OK,1,3714275,9861,7855,HJK,Maccabi Tel Aviv,0.4,1,0.7,0,True,unique_utc_time_competition_score_alias,OK,True,True,True,ACCEPTED
202122-0293,LIVE_REFRESH_VERIFIED,False,False,False,OK,1,3714249,8695,9988,Fenerbahce,Royal Antwerp,1,1,1,0,True,utc_time_competition_score_high_confidence_name,OK,True,True,True,ACCEPTED
202122-0295,LIVE_REFRESH_VERIFIED,False,False,False,OK,1,3714201,8543,8592,Lazio,Marseille,1,0.6428571429,0.8214285714,0,True,unique_utc_time_competition_score_alias,OK,True,True,True,ACCEPTED
202122-0297,LIVE_REFRESH_VERIFIED,False,False,False,OK,3,3714237,210173,10264,Ludogorets Razgrad,Braga,1,0.5263157895,0.7631578947,0.3267195767,True,separated_utc_time_competition_score_alias,OK,True,True,True,ACCEPTED
202122-0298,LIVE_REFRESH_VERIFIED,False,False,False,OK,2,3714238,8113,8687,Midtjylland,FK Crvena Zvezda,1,1,1,0.1855500821,True,utc_time_competition_score_high_confidence_name,OK,True,True,True,ACCEPTED
202122-0300,LIVE_REFRESH_VERIFIED,False,False,False,OK,2,3714190,8603,8178,Real Betis,Bayer Leverkusen,1,1,1,0.1855500821,True,utc_time_competition_score_high_confidence_name,OK,True,True,True,ACCEPTED
202122-0302,LIVE_REFRESH_VERIFIED,False,False,False,OK,1,3714213,10015,10156,Rapid Wien,Dinamo Zagreb,1,1,1,0,True,utc_time_competition_score_high_confidence_name,OK,True,True,True,ACCEPTED
202122-0708,LIVE_REFRESH_VERIFIED,False,False,False,OK,1,3714274,310094,9977,Alashkert FC,LASK,1,1,1,0,True,utc_time_competition_score_high_confidence_name,OK,True,True,True,ACCEPTED
202122-0711,LIVE_REFRESH_VERIFIED,False,False,False,OK,2,3714310,6243,8155,Anorthosis,Flora Tallinn,0.6666666667,1,0.8333333333,0.2214285714,True,separated_utc_time_competition_score_alias,OK,True,True,True,ACCEPTED
202122-0713,LIVE_REFRESH_VERIFIED,False,False,False,OK,1,3714262,8402,8686,Bodø/Glimt,Roma,1,0.7272727273,0.8636363636,0,True,utc_time_competition_score_high_confidence_name,OK,True,True,True,ACCEPTED
202122-0716,LIVE_REFRESH_VERIFIED,False,False,False,OK,2,3714286,10235,8149,Feyenoord,Union Berlin,1,1,1,0.2252747253,True,utc_time_competition_score_high_confidence_name,OK,True,True,True,ACCEPTED
202122-0717,LIVE_REFRESH_VERIFIED,False,False,False,OK,2,3714287,10185,7787,Maccabi Haifa,Slavia Prague,1,0.8,0.9,0.1189655172,True,utc_time_competition_score_high_confidence_name,OK,True,True,True,ACCEPTED
202122-0718,LIVE_REFRESH_VERIFIED,False,False,False,OK,2,3714412,8391,8619,FC København,PAOK Thessaloniki FC,1,1,1,0.1638795987,True,utc_time_competition_score_high_confidence_name,OK,True,True,True,ACCEPTED
202122-0720,LIVE_REFRESH_VERIFIED,False,False,False,OK,2,3714323,8277,8586,Vitesse,Tottenham Hotspur,0.6666666667,1,0.8333333333,0.1444444444,True,separated_utc_time_competition_score_alias,OK,True,True,True,ACCEPTED
202122-0721,LIVE_REFRESH_VERIFIED,False,False,False,OK,2,3714322,2172,9851,Mura,Rennes,0.3636363636,0.5263157895,0.4449760766,0.1703703704,False,identity_below_threshold_or_ambiguous,NOT_REQUESTED,False,False,False,IDENTITY_AMBIGUOUS
202122-0723,LIVE_REFRESH_VERIFIED,False,False,False,OK,1,3714424,7981,8037,Qarabag FK,Kairat Almaty,1,1,1,0,True,utc_time_competition_score_high_confidence_name,OK,True,True,True,ACCEPTED
202122-0287,LIVE_REFRESH_VERIFIED,False,False,False,OK,2,3714165,10247,9748,Sparta Prague,Lyon,0.8,0.4444444444,0.6222222222,0.3406593407,True,separated_utc_time_competition_score_alias,OK,True,True,True,ACCEPTED
202122-0288,LIVE_REFRESH_VERIFIED,False,False,False,OK,1,3714166,8548,8595,Rangers,Brøndby IF,0.6363636364,1,0.8181818182,0,True,unique_utc_time_competition_score_alias,OK,True,True,True,ACCEPTED
202122-0289,LIVE_REFRESH_VERIFIED,False,False,False,OK,3,3714178,10014,8560,Sturm Graz,Real Sociedad,1,1,1,0.3452380952,True,utc_time_competition_score_high_confidence_name,OK,True,True,True,ACCEPTED
202122-0290,LIVE_REFRESH_VERIFIED,False,False,False,OK,1,3714177,8640,9829,PSV Eindhoven,Monaco,1,0.8,0.9,0,True,utc_time_competition_score_high_confidence_name,OK,True,True,True,ACCEPTED
202122-0291,LIVE_REFRESH_VERIFIED,False,False,False,OK,2,3714226,9875,8673,Napoli,Legia Warszawa,1,0.9230769231,0.9615384615,0.1577380952,True,utc_time_competition_score_high_confidence_name,OK,True,True,True,ACCEPTED
202122-0294,LIVE_REFRESH_VERIFIED,False,False,False,OK,1,3714250,9810,8638,Eintracht Frankfurt,Olympiacos,1,0.6428571429,0.8214285714,0,True,unique_utc_time_competition_score_alias,OK,True,True,True,ACCEPTED
202122-0296,LIVE_REFRESH_VERIFIED,False,False,False,OK,3,3714202,8710,8637,Lokomotiv Moscow,Galatasaray,1,1,1,0.2720588235,True,utc_time_competition_score_high_confidence_name,OK,True,True,True,ACCEPTED
202122-0301,LIVE_REFRESH_VERIFIED,False,False,False,OK,2,3714214,8654,9987,West Ham United,Genk,1,1,1,0.1507936508,True,utc_time_competition_score_high_confidence_name,OK,True,True,True,ACCEPTED
202122-0710,LIVE_REFRESH_VERIFIED,False,False,False,OK,3,3714311,7998,9991,Partizan Beograd,Gent,0.9090909091,0.7272727273,0.8181818182,0.2376470588,True,utc_time_competition_score_high_confidence_name,OK,True,True,True,ACCEPTED
202122-0712,LIVE_REFRESH_VERIFIED,False,False,False,OK,3,3714263,10144,7770,PFC CSKA-Sofia,Zorya,0.8333333333,0.5555555556,0.6944444444,0.2126696833,True,separated_utc_time_competition_score_alias,OK,True,True,True,ACCEPTED
202122-0714,LIVE_REFRESH_VERIFIED,False,False,False,OK,3,3714299,9731,10229,CFR Cluj,AZ Alkmaar,1,1,1,0.203030303,True,utc_time_competition_score_high_confidence_name,OK,True,True,True,ACCEPTED
202122-0715,LIVE_REFRESH_VERIFIED,False,False,False,OK,2,3714298,7758,8410,Jablonec,Randers FC,1,1,1,0.2611111111,True,utc_time_competition_score_high_confidence_name,OK,True,True,True,ACCEPTED
202122-0719,LIVE_REFRESH_VERIFIED,False,False,False,OK,1,3714413,6019,545012,Slovan Bratislava,Lincoln Red Imps FC,1,1,1,0,True,utc_time_competition_score_high_confidence_name,OK,True,True,True,ACCEPTED
202122-0722,LIVE_REFRESH_VERIFIED,False,False,False,OK,2,3714425,9931,8044,Basel,Omonia Nicosia,1,1,1,0.2252747253,True,utc_time_competition_score_high_confidence_name,OK,True,True,True,ACCEPTED
202122-0154,LIVE_REFRESH_VERIFIED,False,False,False,OK,2,3714076,8721,10013,Wolfsburg,Salzburg,0.8181818182,1,0.9090909091,0.25,True,utc_time_competition_score_high_confidence_name,OK,True,True,True,ACCEPTED
202122-0157,LIVE_REFRESH_VERIFIED,False,False,False,OK,2,3714088,10237,8455,Malmö FF,Chelsea,1,1,1,0.4605263158,True,utc_time_competition_score_high_confidence_name,OK,True,True,True,ACCEPTED
202122-0150,LIVE_REFRESH_VERIFIED,False,False,False,OK,1,3714053,9823,9772,Bayern München,Benfica,1,1,1,0,True,utc_time_competition_score_high_confidence_name,OK,True,True,True,ACCEPTED
202122-0151,LIVE_REFRESH_VERIFIED,False,False,False,OK,2,3714052,8688,8634,Dynamo Kyiv,Barcelona,0.8181818182,1,0.9090909091,0.4605263158,True,utc_time_competition_score_high_confidence_name,OK,True,True,True,ACCEPTED
202122-0152,LIVE_REFRESH_VERIFIED,False,False,False,OK,2,3714065,8524,10260,Atalanta,Manchester United,1,1,1,0.1388888889,True,utc_time_competition_score_high_confidence_name,OK,True,True,True,ACCEPTED
202122-0153,LIVE_REFRESH_VERIFIED,False,False,False,OK,2,3714064,10205,10192,Villarreal,Young Boys,1,1,1,0.1852631579,True,utc_time_competition_score_high_confidence_name,OK,True,True,True,ACCEPTED
202122-0155,LIVE_REFRESH_VERIFIED,False,False,False,OK,1,3714077,8302,8639,Sevilla,Lille,1,0.7142857143,0.8571428571,0,True,utc_time_competition_score_high_confidence_name,OK,True,True,True,ACCEPTED
202122-0156,LIVE_REFRESH_VERIFIED,False,False,False,OK,1,3714089,9885,8698,Juventus,Zenit St. Petersburg,1,1,1,0,True,utc_time_competition_score_high_confidence_name,OK,True,True,True,ACCEPTED
202122-0144,LIVE_REFRESH_VERIFIED,False,False,False,OK,1,3714016,8564,9773,Milan,FC Porto,1,1,1,0,True,utc_time_competition_score_high_confidence_name,OK,True,True,True,ACCEPTED
202122-0148,LIVE_REFRESH_VERIFIED,False,False,False,OK,2,3714040,8633,9728,Real Madrid,Shakhtar Donetsk,1,1,1,0.175,True,utc_time_competition_score_high_confidence_name,OK,True,True,True,ACCEPTED
202122-0142,LIVE_REFRESH_VERIFIED,False,False,False,OK,2,3714005,178475,9847,RB Leipzig,Paris Saint-Germain,1,1,1,0.2222222222,True,utc_time_competition_score_high_confidence_name,OK,True,True,True,ACCEPTED
202122-0143,LIVE_REFRESH_VERIFIED,False,False,False,OK,1,3714004,8456,8342,Manchester City,Club Brugge,1,1,1,0,True,utc_time_competition_score_high_confidence_name,OK,True,True,True,ACCEPTED
202122-0145,LIVE_REFRESH_VERIFIED,False,False,False,OK,2,3714017,8650,9906,Liverpool,Atletico Madrid,1,1,1,0.2378947368,True,utc_time_competition_score_high_confidence_name,OK,True,True,True,ACCEPTED
202122-0146,LIVE_REFRESH_VERIFIED,False,False,False,OK,2,3714029,9789,8593,Borussia Dortmund,Ajax,1,1,1,0.08333333333,True,utc_time_competition_score_high_confidence_name,OK,True,True,True,ACCEPTED
202122-0147,LIVE_REFRESH_VERIFIED,False,False,False,OK,1,3714028,9768,10188,Sporting CP,Beşiktaş,0.7586206897,1,0.8793103448,0,True,utc_time_competition_score_high_confidence_name,OK,True,True,True,ACCEPTED
202122-0149,LIVE_REFRESH_VERIFIED,False,False,False,OK,2,3714041,9729,8636,FC Sheriff,Inter,0.6086956522,0.5263157895,0.5675057208,0.202020202,True,separated_utc_time_competition_score_alias,OK,True,True,True,ACCEPTED
202122-0727,LIVE_REFRESH_VERIFIED,False,False,False,OK,3,3714313,8155,6243,Flora Tallinn,Anorthosis,1,0.6666666667,0.8333333333,0.2214285714,True,separated_utc_time_competition_score_alias,OK,True,True,True,ACCEPTED
202122-0739,LIVE_REFRESH_VERIFIED,False,False,False,OK,3,3714426,8037,7981,Kairat Almaty,Qarabag FK,1,1,1,0.1958333333,True,utc_time_competition_score_high_confidence_name,OK,True,True,True,ACCEPTED
202122-0303,LIVE_REFRESH_VERIFIED,False,False,False,OK,1,3714167,9748,10247,Lyon,Sparta Prague,0.4444444444,0.8,0.6222222222,0,True,unique_utc_time_competition_score_alias,OK,True,True,True,ACCEPTED
202122-0304,LIVE_REFRESH_VERIFIED,False,False,False,OK,4,3714168,8595,8548,Brøndby IF,Rangers,1,0.6363636364,0.8181818182,0.2629310345,True,separated_utc_time_competition_score_alias,OK,True,True,True,ACCEPTED
202122-0305,LIVE_REFRESH_VERIFIED,False,False,False,OK,4,3714179,8560,10014,Real Sociedad,Sturm Graz,1,1,1,0.2731481481,True,utc_time_competition_score_high_confidence_name,OK,True,True,True,ACCEPTED
202122-0306,LIVE_REFRESH_VERIFIED,False,False,False,OK,1,3714180,9829,8640,Monaco,PSV Eindhoven,0.8,1,0.9,0,True,utc_time_competition_score_high_confidence_name,OK,True,True,True,ACCEPTED
202122-0307,LIVE_REFRESH_VERIFIED,False,False,False,OK,1,3714231,8673,9875,Legia Warszawa,Napoli,0.9230769231,1,0.9615384615,0,True,utc_time_competition_score_high_confidence_name,OK,True,True,True,ACCEPTED
202122-0310,LIVE_REFRESH_VERIFIED,False,False,False,OK,1,3714251,8638,9810,Olympiacos,Eintracht Frankfurt,0.6428571429,1,0.8214285714,0,True,unique_utc_time_competition_score_alias,OK,True,True,True,ACCEPTED
202122-0312,LIVE_REFRESH_VERIFIED,False,False,False,OK,4,3714203,8637,8710,Galatasaray,Lokomotiv Moscow,1,1,1,0.4266666667,True,utc_time_competition_score_high_confidence_name,OK,True,True,True,ACCEPTED
202122-0317,LIVE_REFRESH_VERIFIED,False,False,False,OK,2,3714215,9987,8654,Genk,West Ham United,1,1,1,0.1769230769,True,utc_time_competition_score_high_confidence_name,OK,True,True,True,ACCEPTED
202122-0724,LIVE_REFRESH_VERIFIED,False,False,False,OK,3,3714276,9977,310094,LASK,Alashkert FC,1,1,1,0.2016806723,True,utc_time_competition_score_high_confidence_name,OK,True,True,True,ACCEPTED
202122-0725,LIVE_REFRESH_VERIFIED,False,False,False,OK,1,3714277,7855,9861,Maccabi Tel Aviv,HJK,1,0.4,0.7,0,True,unique_utc_time_competition_score_alias,OK,True,True,True,ACCEPTED
202122-0726,LIVE_REFRESH_VERIFIED,False,False,False,OK,2,3714312,9991,7998,Gent,Partizan Beograd,0.7272727273,0.9090909091,0.8181818182,0.2792207792,True,utc_time_competition_score_high_confidence_name,OK,True,True,True,ACCEPTED
202122-0728,LIVE_REFRESH_VERIFIED,False,False,False,OK,3,3714264,7770,10144,Zorya,PFC CSKA-Sofia,0.5555555556,0.8333333333,0.6944444444,0.2817337461,True,separated_utc_time_competition_score_alias,OK,True,True,True,ACCEPTED
202122-0730,LIVE_REFRESH_VERIFIED,False,False,False,OK,3,3714301,10229,9731,AZ Alkmaar,CFR Cluj,1,1,1,0.203030303,True,utc_time_competition_score_high_confidence_name,OK,True,True,True,ACCEPTED
202122-0731,LIVE_REFRESH_VERIFIED,False,False,False,OK,3,3714300,8410,7758,Randers FC,Jablonec,1,1,1,0.2994652406,True,utc_time_competition_score_high_confidence_name,OK,True,True,True,ACCEPTED
202122-0735,LIVE_REFRESH_VERIFIED,False,False,False,OK,1,3714414,545012,6019,Lincoln Red Imps FC,Slovan Bratislava,1,1,1,0,True,utc_time_competition_score_high_confidence_name,OK,True,True,True,ACCEPTED
202122-0738,LIVE_REFRESH_VERIFIED,False,False,False,OK,2,3714427,8044,9931,Omonia Nicosia,Basel,1,1,1,0.1507936508,True,utc_time_competition_score_high_confidence_name,OK,True,True,True,ACCEPTED
202122-0308,LIVE_REFRESH_VERIFIED,False,False,False,OK,4,3714232,8197,8643,Leicester City,Spartak Moscow,1,1,1,0.4266666667,True,utc_time_competition_score_high_confidence_name,OK,True,True,True,ACCEPTED
202122-0309,LIVE_REFRESH_VERIFIED,False,False,False,OK,1,3714252,9988,8695,Royal Antwerp,Fenerbahçe,1,1,1,0,True,utc_time_competition_score_high_confidence_name,OK,True,True,True,ACCEPTED
202122-0311,LIVE_REFRESH_VERIFIED,False,False,False,OK,2,3714204,8592,8543,Marseille,Lazio,0.6428571429,1,0.8214285714,0.1434782609,True,separated_utc_time_competition_score_alias,OK,True,True,True,ACCEPTED
202122-0313,LIVE_REFRESH_VERIFIED,False,False,False,OK,1,3714239,10264,210173,Braga,Ludogorets Razgrad,0.5263157895,1,0.7631578947,0,True,unique_utc_time_competition_score_alias,OK,True,True,True,ACCEPTED
202122-0314,LIVE_REFRESH_VERIFIED,False,False,False,OK,1,3714240,8687,8113,FK Crvena Zvezda,Midtjylland,1,1,1,0,True,utc_time_competition_score_high_confidence_name,OK,True,True,True,ACCEPTED
202122-0315,LIVE_REFRESH_VERIFIED,False,False,False,OK,1,3714192,8222,9925,Ferencvaros,Celtic,1,1,1,0,True,utc_time_competition_score_high_confidence_name,OK,True,True,True,ACCEPTED
202122-0316,LIVE_REFRESH_VERIFIED,False,False,False,OK,1,3714191,8178,8603,Bayer Leverkusen,Real Betis,1,1,1,0,True,utc_time_competition_score_high_confidence_name,OK,True,True,True,ACCEPTED
202122-0318,LIVE_REFRESH_VERIFIED,False,False,False,OK,1,3714216,10156,10015,Dinamo Zagreb,Rapid Wien,1,1,1,0,True,utc_time_competition_score_high_confidence_name,OK,True,True,True,ACCEPTED
202122-0729,LIVE_REFRESH_VERIFIED,False,False,False,OK,3,3714265,8686,8402,Roma,Bodø/Glimt,0.7272727273,1,0.8636363636,0.2605042017,True,utc_time_competition_score_high_confidence_name,OK,True,True,True,ACCEPTED
202122-0732,LIVE_REFRESH_VERIFIED,False,False,False,OK,3,3714288,8149,10235,Union Berlin,Feyenoord,1,1,1,0.214559387,True,utc_time_competition_score_high_confidence_name,OK,True,True,True,ACCEPTED
202122-0733,LIVE_REFRESH_VERIFIED,False,False,False,OK,2,3714289,7787,10185,Slavia Prague,Maccabi Haifa,0.8,1,0.9,0.1732026144,True,utc_time_competition_score_high_confidence_name,OK,True,True,True,ACCEPTED
202122-0734,LIVE_REFRESH_VERIFIED,False,False,False,OK,3,3714415,8619,8391,PAOK Thessaloniki FC,FC København,1,1,1,0.2583333333,True,utc_time_competition_score_high_confidence_name,OK,True,True,True,ACCEPTED
202122-0736,LIVE_REFRESH_VERIFIED,False,False,False,OK,1,3714325,8586,8277,Tottenham Hotspur,Vitesse,1,0.6666666667,0.8333333333,0,True,unique_utc_time_competition_score_alias,OK,True,True,True,ACCEPTED
202122-0737,LIVE_REFRESH_VERIFIED,False,False,False,OK,2,3714324,9851,2172,Rennes,Mura,0.5263157895,0.3636363636,0.4449760766,0.276674938,False,identity_below_threshold_or_ambiguous,NOT_REQUESTED,False,False,False,IDENTITY_AMBIGUOUS
202122-0183,LIVE_REFRESH_VERIFIED,False,False,False,OK,2,3714054,8688,9823,Dynamo Kyiv,Bayern München,0.8181818182,1,0.9090909091,0.1608187135,True,utc_time_competition_score_high_confidence_name,OK,True,True,True,ACCEPTED
202122-0184,LIVE_REFRESH_VERIFIED,False,False,False,OK,1,3714066,10205,10260,Villarreal,Manchester United,1,1,1,0,True,utc_time_competition_score_high_confidence_name,OK,True,True,True,ACCEPTED
202122-0182,LIVE_REFRESH_VERIFIED,False,False,False,OK,1,3714055,8634,9772,Barcelona,Benfica,1,1,1,0,True,utc_time_competition_score_high_confidence_name,OK,True,True,True,ACCEPTED
202122-0185,LIVE_REFRESH_VERIFIED,False,False,False,OK,1,3714067,10192,8524,Young Boys,Atalanta,1,1,1,0,True,utc_time_competition_score_high_confidence_name,OK,True,True,True,ACCEPTED
202122-0186,LIVE_REFRESH_VERIFIED,False,False,False,OK,1,3714079,8639,10013,Lille,Salzburg,0.7142857143,1,0.8571428571,0,True,utc_time_competition_score_high_confidence_name,OK,True,True,True,ACCEPTED
202122-0187,LIVE_REFRESH_VERIFIED,False,False,False,OK,4,3714078,8302,8721,Sevilla,Wolfsburg,1,0.8181818182,0.9090909091,0.2714285714,True,utc_time_competition_score_high_confidence_name,OK,True,True,True,ACCEPTED
202122-0188,LIVE_REFRESH_VERIFIED,False,False,False,OK,1,3714090,10237,8698,Malmö FF,Zenit St. Petersburg,1,1,1,0,True,utc_time_competition_score_high_confidence_name,OK,True,True,True,ACCEPTED
202122-0189,LIVE_REFRESH_VERIFIED,False,False,False,OK,1,3714091,8455,9885,Chelsea,Juventus,1,1,1,0,True,utc_time_competition_score_high_confidence_name,OK,True,True,True,ACCEPTED
202122-0339,LIVE_REFRESH_VERIFIED,False,False,False,OK,2,3714227,8643,9875,Spartak Moscow,Napoli,1,1,1,0.3578947368,True,utc_time_competition_score_high_confidence_name,OK,True,True,True,ACCEPTED
202122-0178,LIVE_REFRESH_VERIFIED,False,False,False,OK,2,3714030,10188,8593,Beşiktaş,Ajax,1,1,1,0.1081871345,True,utc_time_competition_score_high_confidence_name,OK,True,True,True,ACCEPTED
202122-0180,LIVE_REFRESH_VERIFIED,False,False,False,OK,4,3714042,8636,9728,Inter,Shakhtar Donetsk,0.5263157895,1,0.7631578947,0.3126293996,True,separated_utc_time_competition_score_alias,OK,True,True,True,ACCEPTED
202122-0174,LIVE_REFRESH_VERIFIED,False,False,False,OK,1,3714006,8456,9847,Manchester City,Paris Saint-Germain,1,1,1,0,True,utc_time_competition_score_high_confidence_name,OK,True,True,True,ACCEPTED
202122-0175,LIVE_REFRESH_VERIFIED,False,False,False,OK,1,3714007,8342,178475,Club Brugge,RB Leipzig,1,1,1,0,True,utc_time_competition_score_high_confidence_name,OK,True,True,True,ACCEPTED
202122-0176,LIVE_REFRESH_VERIFIED,False,False,False,OK,4,3714019,8650,9773,Liverpool,FC Porto,1,1,1,0.3264705882,True,utc_time_competition_score_high_confidence_name,OK,True,True,True,ACCEPTED
202122-0177,LIVE_REFRESH_VERIFIED,False,False,False,OK,1,3714018,9906,8564,Atletico Madrid,Milan,1,1,1,0,True,utc_time_competition_score_high_confidence_name,OK,True,True,True,ACCEPTED
202122-0179,LIVE_REFRESH_VERIFIED,False,False,False,OK,1,3714031,9768,9789,Sporting CP,Borussia Dortmund,0.7586206897,1,0.8793103448,0,True,utc_time_competition_score_high_confidence_name,OK,True,True,True,ACCEPTED
202122-0181,LIVE_REFRESH_VERIFIED,False,False,False,OK,1,3714043,9729,8633,FC Sheriff,Real Madrid,0.6086956522,1,0.8043478261,0,True,unique_utc_time_competition_score_alias,OK,True,True,True,ACCEPTED
202122-0758,LIVE_REFRESH_VERIFIED,False,False,False,OK,3,3714315,8155,7998,Flora Tallinn,Partizan Beograd,1,0.9090909091,0.9545454545,0.2215320911,True,utc_time_competition_score_high_confidence_name,OK,True,True,True,ACCEPTED
202122-0770,LIVE_REFRESH_VERIFIED,False,False,False,OK,1,3714428,8037,9931,Kairat Almaty,Basel,1,1,1,0,True,utc_time_competition_score_high_confidence_name,OK,True,True,True,ACCEPTED
202122-0343,LIVE_REFRESH_VERIFIED,False,False,False,OK,1,3714206,8710,8543,Lokomotiv Moscow,Lazio,1,1,1,0,True,utc_time_competition_score_high_confidence_name,OK,True,True,True,ACCEPTED
202122-0344,LIVE_REFRESH_VERIFIED,False,False,False,OK,1,3714205,8637,8592,Galatasaray,Marseille,1,0.6428571429,0.8214285714,0,True,unique_utc_time_competition_score_alias,OK,True,True,True,ACCEPTED
202122-0345,LIVE_REFRESH_VERIFIED,False,False,False,OK,2,3714241,8113,10264,Midtjylland,Braga,1,0.5263157895,0.7631578947,0.2111111111,True,separated_utc_time_competition_score_alias,OK,True,True,True,ACCEPTED
202122-0346,LIVE_REFRESH_VERIFIED,False,False,False,OK,2,3714242,8687,210173,FK Crvena Zvezda,Ludogorets Razgrad,1,1,1,0.1149068323,True,utc_time_competition_score_high_confidence_name,OK,True,True,True,ACCEPTED
202122-0347,LIVE_REFRESH_VERIFIED,False,False,False,OK,3,3714194,8603,8222,Real Betis,Ferencvaros,1,1,1,0.2598039216,True,utc_time_competition_score_high_confidence_name,OK,True,True,True,ACCEPTED
202122-0348,LIVE_REFRESH_VERIFIED,False,False,False,OK,2,3714193,8178,9925,Bayer Leverkusen,Celtic,1,1,1,0.07407407407,True,utc_time_competition_score_high_confidence_name,OK,True,True,True,ACCEPTED
202122-0349,LIVE_REFRESH_VERIFIED,False,False,False,OK,1,3714218,10015,8654,Rapid Wien,West Ham United,1,1,1,0,True,utc_time_competition_score_high_confidence_name,OK,True,True,True,ACCEPTED
202122-0350,LIVE_REFRESH_VERIFIED,False,False,False,OK,1,3714217,10156,9987,Dinamo Zagreb,Genk,1,1,1,0,True,utc_time_competition_score_high_confidence_name,OK,True,True,True,ACCEPTED
202122-0756,LIVE_REFRESH_VERIFIED,False,False,False,OK,3,3714278,9861,310094,HJK,Alashkert FC,0.4,1,0.7,0.2902097902,True,separated_utc_time_competition_score_alias,OK,True,True,True,ACCEPTED
202122-0764,LIVE_REFRESH_VERIFIED,False,False,False,OK,2,3714290,7787,10235,Slavia Prague,Feyenoord,0.8,1,0.9,0.2974828375,True,utc_time_competition_score_high_confidence_name,OK,True,True,True,ACCEPTED
202122-0765,LIVE_REFRESH_VERIFIED,False,False,False,OK,2,3714291,10185,8149,Maccabi Haifa,Union Berlin,1,1,1,0.4073275862,True,utc_time_competition_score_high_confidence_name,OK,True,True,True,ACCEPTED
202122-0766,LIVE_REFRESH_VERIFIED,False,False,False,OK,1,3714417,545012,8391,Lincoln Red Imps FC,FC København,1,1,1,0,True,utc_time_competition_score_high_confidence_name,OK,True,True,True,ACCEPTED
202122-0767,LIVE_REFRESH_VERIFIED,False,False,False,OK,1,3714416,6019,8619,Slovan Bratislava,PAOK Thessaloniki FC,1,1,1,0,True,utc_time_competition_score_high_confidence_name,OK,True,True,True,ACCEPTED
202122-0768,LIVE_REFRESH_VERIFIED,False,False,False,OK,1,3714327,9851,8277,Rennes,Vitesse,0.5263157895,0.6666666667,0.5964912281,0,True,unique_utc_time_competition_score_alias,OK,True,True,True,ACCEPTED
202122-0769,LIVE_REFRESH_VERIFIED,False,False,False,OK,2,3714326,2172,8586,Mura,Tottenham Hotspur,0.3636363636,1,0.6818181818,0.24,True,separated_utc_time_competition_score_alias,OK,True,True,True,ACCEPTED
202122-0771,LIVE_REFRESH_VERIFIED,False,False,False,OK,2,3714429,7981,8044,Qarabag FK,Omonia Nicosia,1,1,1,0.2869565217,True,utc_time_competition_score_high_confidence_name,OK,True,True,True,ACCEPTED
202122-0335,LIVE_REFRESH_VERIFIED,False,False,False,OK,3,3714169,8548,10247,Rangers,Sparta Prague,0.6363636364,0.8,0.7181818182,0.3344155844,True,separated_utc_time_competition_score_alias,OK,True,True,True,ACCEPTED
202122-0336,LIVE_REFRESH_VERIFIED,False,False,False,OK,1,3714170,8595,9748,Brøndby IF,Lyon,1,0.4444444444,0.7222222222,0,True,unique_utc_time_competition_score_alias,OK,True,True,True,ACCEPTED
202122-0337,LIVE_REFRESH_VERIFIED,False,False,False,OK,3,3714181,8640,10014,PSV Eindhoven,Sturm Graz,1,1,1,0.2673913043,True,utc_time_competition_score_high_confidence_name,OK,True,True,True,ACCEPTED
202122-0338,LIVE_REFRESH_VERIFIED,False,False,False,OK,2,3714182,9829,8560,Monaco,Real Sociedad,0.8,1,0.9,0.4187643021,True,utc_time_competition_score_high_confidence_name,OK,True,True,True,ACCEPTED
202122-0340,LIVE_REFRESH_VERIFIED,False,False,False,OK,1,3714228,8197,8673,Leicester City,Legia Warszawa,1,0.9230769231,0.9615384615,0,True,utc_time_competition_score_high_confidence_name,OK,True,True,True,ACCEPTED
202122-0341,LIVE_REFRESH_VERIFIED,False,False,False,OK,1,3714254,9810,9988,Eintracht Frankfurt,Royal Antwerp,1,1,1,0,True,utc_time_competition_score_high_confidence_name,OK,True,True,True,ACCEPTED
202122-0342,LIVE_REFRESH_VERIFIED,False,False,False,OK,2,3714253,8638,8695,Olympiacos,Fenerbahçe,0.6428571429,1,0.8214285714,0.2039170507,True,separated_utc_time_competition_score_alias,OK,True,True,True,ACCEPTED
202122-0757,LIVE_REFRESH_VERIFIED,False,False,False,OK,2,3714279,7855,9977,Maccabi Tel Aviv,LASK,1,1,1,0.4073275862,True,utc_time_competition_score_high_confidence_name,OK,True,True,True,ACCEPTED
202122-0759,LIVE_REFRESH_VERIFIED,False,False,False,OK,3,3714314,6243,9991,Anorthosis,Gent,0.6666666667,0.7272727273,0.696969697,0.325428195,True,separated_utc_time_competition_score_alias,OK,True,True,True,ACCEPTED
202122-0760,LIVE_REFRESH_VERIFIED,False,False,False,OK,1,3714267,8402,10144,Bodø/Glimt,PFC CSKA-Sofia,1,0.8333333333,0.9166666667,0,True,utc_time_competition_score_high_confidence_name,OK,True,True,True,ACCEPTED
202122-0761,LIVE_REFRESH_VERIFIED,False,False,False,OK,1,3714266,8686,7770,Roma,Zorya,0.7272727273,0.5555555556,0.6414141414,0,True,unique_utc_time_competition_score_alias,OK,True,True,True,ACCEPTED
202122-0762,LIVE_REFRESH_VERIFIED,False,False,False,OK,2,3714303,8410,9731,Randers FC,CFR Cluj,1,1,1,0.2218181818,True,utc_time_competition_score_high_confidence_name,OK,True,True,True,ACCEPTED
202122-0763,LIVE_REFRESH_VERIFIED,False,False,False,OK,1,3714302,7758,10229,Jablonec,AZ Alkmaar,1,1,1,0,True,utc_time_competition_score_high_confidence_name,OK,True,True,True,ACCEPTED
202122-0158,LIVE_REFRESH_VERIFIED,False,False,False,OK,1,3714008,9847,8342,Paris Saint-Germain,Club Brugge,1,1,1,0,True,utc_time_competition_score_high_confidence_name,OK,True,True,True,ACCEPTED
202122-0159,LIVE_REFRESH_VERIFIED,False,False,False,OK,1,3714009,178475,8456,RB Leipzig,Manchester City,1,1,1,0,True,utc_time_competition_score_high_confidence_name,OK,True,True,True,ACCEPTED
202122-0160,LIVE_REFRESH_VERIFIED,False,False,False,OK,2,3714020,9773,9906,FC Porto,Atletico Madrid,1,1,1,0.2428571429,True,utc_time_competition_score_high_confidence_name,OK,True,True,True,ACCEPTED
202122-0161,LIVE_REFRESH_VERIFIED,False,False,False,OK,1,3714021,8564,8650,Milan,Liverpool,1,1,1,0,True,utc_time_competition_score_high_confidence_name,OK,True,True,True,ACCEPTED
202122-0162,LIVE_REFRESH_VERIFIED,False,False,False,OK,1,3714033,8593,9768,Ajax,Sporting CP,1,0.7586206897,0.8793103448,0,True,utc_time_competition_score_high_confidence_name,OK,True,True,True,ACCEPTED
202122-0163,LIVE_REFRESH_VERIFIED,False,False,False,OK,1,3714032,9789,10188,Borussia Dortmund,Beşiktaş,1,1,1,0,True,utc_time_competition_score_high_confidence_name,OK,True,True,True,ACCEPTED
202122-0164,LIVE_REFRESH_VERIFIED,False,False,False,OK,2,3714045,9728,9729,Shakhtar Donetsk,FC Sheriff,1,0.6086956522,0.8043478261,0.18997669,True,separated_utc_time_competition_score_alias,OK,True,True,True,ACCEPTED
202122-0165,LIVE_REFRESH_VERIFIED,False,False,False,OK,2,3714044,8633,8636,Real Madrid,Inter,1,0.5263157895,0.7631578947,0.2311111111,True,separated_utc_time_competition_score_alias,OK,True,True,True,ACCEPTED
202122-0172,LIVE_REFRESH_VERIFIED,False,False,False,OK,1,3714093,8698,8455,Zenit St. Petersburg,Chelsea,1,1,1,0,True,utc_time_competition_score_high_confidence_name,OK,True,True,True,ACCEPTED
202122-0173,LIVE_REFRESH_VERIFIED,False,False,False,OK,2,3714092,9885,10237,Juventus,Malmö FF,1,1,1,0.1291666667,True,utc_time_competition_score_high_confidence_name,OK,True,True,True,ACCEPTED
202122-0166,LIVE_REFRESH_VERIFIED,False,False,False,OK,2,3714056,9772,8688,Benfica,Dynamo Kyiv,1,0.8181818182,0.9090909091,0.2986111111,True,utc_time_competition_score_high_confidence_name,OK,True,True,True,ACCEPTED
202122-0167,LIVE_REFRESH_VERIFIED,False,False,False,OK,1,3714057,9823,8634,Bayern München,Barcelona,1,1,1,0,True,utc_time_competition_score_high_confidence_name,OK,True,True,True,ACCEPTED
202122-0168,LIVE_REFRESH_VERIFIED,False,False,False,OK,2,3714068,10260,10192,Manchester United,Young Boys,1,1,1,0.2709447415,True,utc_time_competition_score_high_confidence_name,OK,True,True,True,ACCEPTED
202122-0170,LIVE_REFRESH_VERIFIED,False,False,False,OK,2,3714080,10013,8302,Salzburg,Sevilla,1,1,1,0.1291666667,True,utc_time_competition_score_high_confidence_name,OK,True,True,True,ACCEPTED
202122-0171,LIVE_REFRESH_VERIFIED,False,False,False,OK,2,3714081,8721,8639,Wolfsburg,Lille,0.8181818182,0.7142857143,0.7662337662,0.2361111111,True,separated_utc_time_competition_score_alias,OK,True,True,True,ACCEPTED
202122-0319,LIVE_REFRESH_VERIFIED,False,False,False,OK,1,3714171,10247,8595,Sparta Prague,Brøndby IF,0.8,1,0.9,0,True,utc_time_competition_score_high_confidence_name,OK,True,True,True,ACCEPTED
202122-0320,LIVE_REFRESH_VERIFIED,False,False,False,OK,4,3714172,9748,8548,Lyon,Rangers,0.4444444444,0.6363636364,0.5404040404,0.2598039216,False,identity_below_threshold_or_ambiguous,NOT_REQUESTED,False,False,False,IDENTITY_AMBIGUOUS
202122-0321,LIVE_REFRESH_VERIFIED,False,False,False,OK,4,3714184,10014,9829,Sturm Graz,Monaco,1,0.8,0.9,0.2242424242,True,utc_time_competition_score_high_confidence_name,OK,True,True,True,ACCEPTED
202122-0322,LIVE_REFRESH_VERIFIED,False,False,False,OK,1,3714183,8560,8640,Real Sociedad,PSV Eindhoven,1,1,1,0,True,utc_time_competition_score_high_confidence_name,OK,True,True,True,ACCEPTED
202122-0323,LIVE_REFRESH_VERIFIED,False,False,False,OK,2,3714230,9875,8197,Napoli,Leicester City,1,1,1,0.3333333333,True,utc_time_competition_score_high_confidence_name,OK,True,True,True,ACCEPTED
202122-0324,LIVE_REFRESH_VERIFIED,False,False,False,OK,3,3714229,8673,8643,Legia Warszawa,Spartak Moscow,0.9230769231,1,0.9615384615,0.1875,True,utc_time_competition_score_high_confidence_name,OK,True,True,True,ACCEPTED
202122-0325,LIVE_REFRESH_VERIFIED,False,False,False,OK,3,3714255,9988,8638,Royal Antwerp,Olympiacos,1,0.6428571429,0.8214285714,0.2540106952,True,separated_utc_time_competition_score_alias,OK,True,True,True,ACCEPTED
202122-0326,LIVE_REFRESH_VERIFIED,False,False,False,OK,4,3714256,8695,9810,Fenerbahçe,Eintracht Frankfurt,1,1,1,0.2895833333,True,utc_time_competition_score_high_confidence_name,OK,True,True,True,ACCEPTED
202122-0740,LIVE_REFRESH_VERIFIED,False,False,False,OK,4,3714280,310094,7855,Alashkert FC,Maccabi Tel Aviv,1,1,1,0.2331691297,True,utc_time_competition_score_high_confidence_name,OK,True,True,True,ACCEPTED
202122-0741,LIVE_REFRESH_VERIFIED,False,False,False,OK,2,3714281,9977,9861,LASK,HJK,1,0.4,0.7,0.2222222222,True,separated_utc_time_competition_score_alias,OK,True,True,True,ACCEPTED
202122-0742,LIVE_REFRESH_VERIFIED,False,False,False,OK,4,3714317,7998,6243,Partizan Beograd,Anorthosis,0.9090909091,0.6666666667,0.7878787879,0.3584117032,True,separated_utc_time_competition_score_alias,OK,True,True,True,NO_PUBLIC_XG
202122-0743,LIVE_REFRESH_VERIFIED,False,False,False,OK,2,3714316,9991,8155,Gent,Flora Tallinn,0.7272727273,1,0.8636363636,0.2676470588,True,utc_time_competition_score_high_confidence_name,OK,True,True,True,ACCEPTED
202122-0744,LIVE_REFRESH_VERIFIED,False,False,False,OK,1,3714268,10144,8686,PFC CSKA-Sofia,Roma,0.8333333333,0.7272727273,0.7803030303,0,True,unique_utc_time_competition_score_alias,OK,True,True,True,ACCEPTED
202122-0745,LIVE_REFRESH_VERIFIED,False,False,False,OK,4,3714269,7770,8402,Zorya,Bodø/Glimt,0.5555555556,1,0.7777777778,0.2509090909,True,separated_utc_time_competition_score_alias,OK,True,True,True,ACCEPTED
202122-0746,LIVE_REFRESH_VERIFIED,False,False,False,OK,3,3714304,9731,7758,CFR Cluj,Jablonec,1,1,1,0.2466666667,True,utc_time_competition_score_high_confidence_name,OK,True,True,True,ACCEPTED
202122-0747,LIVE_REFRESH_VERIFIED,False,False,False,OK,2,3714305,10229,8410,AZ Alkmaar,Randers FC,1,1,1,0.15,True,utc_time_competition_score_high_confidence_name,OK,True,True,True,ACCEPTED
202122-0169,LIVE_REFRESH_VERIFIED,False,False,False,OK,1,3714069,8524,10205,Atalanta,Villarreal,1,1,1,0,True,utc_time_competition_score_high_confidence_name,OK,True,True,True,ACCEPTED
202122-0327,LIVE_REFRESH_VERIFIED,False,False,False,OK,2,3714207,8543,8637,Lazio,Galatasaray,1,1,1,0.2213438735,True,utc_time_competition_score_high_confidence_name,OK,True,True,True,ACCEPTED
202122-0328,LIVE_REFRESH_VERIFIED,False,False,False,OK,3,3714208,8592,8710,Marseille,Lokomotiv Moscow,0.6428571429,1,0.8214285714,0.2860576923,True,separated_utc_time_competition_score_alias,OK,True,True,True,ACCEPTED
202122-0329,LIVE_REFRESH_VERIFIED,False,False,False,OK,4,3714244,10264,8687,Braga,FK Crvena Zvezda,0.5263157895,1,0.7631578947,0.3135964912,True,separated_utc_time_competition_score_alias,OK,True,True,True,ACCEPTED
202122-0330,LIVE_REFRESH_VERIFIED,False,False,False,OK,2,3714243,210173,8113,Ludogorets Razgrad,Midtjylland,1,1,1,0.2213438735,True,utc_time_competition_score_high_confidence_name,OK,True,True,True,ACCEPTED
202122-0331,LIVE_REFRESH_VERIFIED,False,False,False,OK,3,3714196,8222,8178,Ferencvaros,Bayer Leverkusen,1,1,1,0.2125,True,utc_time_competition_score_high_confidence_name,OK,True,True,True,ACCEPTED
202122-0332,LIVE_REFRESH_VERIFIED,False,False,False,OK,2,3714195,9925,8603,Celtic,Real Betis,1,1,1,0.2916666667,True,utc_time_competition_score_high_confidence_name,OK,True,True,True,ACCEPTED
202122-0333,LIVE_REFRESH_VERIFIED,False,False,False,OK,3,3714220,8654,10156,West Ham United,Dinamo Zagreb,1,1,1,0.2356979405,True,utc_time_competition_score_high_confidence_name,OK,True,True,True,ACCEPTED
202122-0334,LIVE_REFRESH_VERIFIED,False,False,False,OK,3,3714219,9987,10015,Genk,Rapid Wien,1,1,1,0.2222222222,True,utc_time_competition_score_high_confidence_name,OK,True,True,True,ACCEPTED
202122-0748,LIVE_REFRESH_VERIFIED,False,False,False,OK,1,3714292,10235,10185,Feyenoord,Maccabi Haifa,1,1,1,0,True,utc_time_competition_score_high_confidence_name,OK,True,True,True,ACCEPTED
202122-0749,LIVE_REFRESH_VERIFIED,False,False,False,OK,4,3714293,8149,7787,Union Berlin,Slavia Prague,1,0.8,0.9,0.3051948052,True,utc_time_competition_score_high_confidence_name,OK,True,True,True,ACCEPTED
202122-0750,LIVE_REFRESH_VERIFIED,False,False,False,OK,3,3714418,8391,6019,FC København,Slovan Bratislava,1,1,1,0.365967366,True,utc_time_competition_score_high_confidence_name,OK,True,True,True,ACCEPTED
202122-0751,LIVE_REFRESH_VERIFIED,False,False,False,OK,3,3714419,8619,545012,PAOK Thessaloniki FC,Lincoln Red Imps FC,1,1,1,0.4044289044,True,utc_time_competition_score_high_confidence_name,OK,True,True,True,ACCEPTED
202122-0752,LIVE_REFRESH_VERIFIED,False,False,False,OK,1,3714329,8277,2172,Vitesse,Mura,0.6666666667,0.3636363636,0.5151515152,0,True,unique_utc_time_competition_score_alias,OK,True,True,True,ACCEPTED
202122-0753,LIVE_REFRESH_VERIFIED,False,False,False,OK,0,,,,,,,,,,False,no_time_competition_score_candidate,NOT_REQUESTED,False,False,False,IDENTITY_AMBIGUOUS
202122-0754,LIVE_REFRESH_VERIFIED,False,False,False,OK,2,3714431,9931,7981,Basel,Qarabag FK,1,1,1,0.2222222222,True,utc_time_competition_score_high_confidence_name,OK,True,True,True,ACCEPTED
202122-0755,LIVE_REFRESH_VERIFIED,False,False,False,OK,2,3714430,8044,8037,Omonia Nicosia,Kairat Almaty,1,1,1,0.181663837,True,utc_time_competition_score_high_confidence_name,OK,True,True,True,ACCEPTED
202122-0190,LIVE_REFRESH_VERIFIED,False,False,False,OK,1,3780915,9768,8456,Sporting CP,Manchester City,0.7586206897,1,0.8793103448,0,True,utc_time_competition_score_high_confidence_name,OK,True,True,True,ACCEPTED
202122-0192,LIVE_REFRESH_VERIFIED,False,False,False,OK,2,3780921,9847,8633,Paris Saint-Germain,Real Madrid,1,1,1,0.3980263158,True,utc_time_competition_score_high_confidence_name,OK,True,True,True,ACCEPTED
202122-0194,LIVE_REFRESH_VERIFIED,False,False,False,OK,1,3780914,10013,9823,Salzburg,Bayern München,1,1,1,0,True,utc_time_competition_score_high_confidence_name,OK,True,True,True,ACCEPTED
202122-0196,LIVE_REFRESH_VERIFIED,False,False,False,OK,3,3780920,8636,8650,Inter,Liverpool,0.5263157895,1,0.7631578947,0.3974358974,True,separated_utc_time_competition_score_alias,OK,True,True,True,ACCEPTED
202122-0351,LIVE_REFRESH_VERIFIED,False,False,False,OK,1,3780884,8634,9875,Barcelona,Napoli,1,1,1,0,True,utc_time_competition_score_high_confidence_name,OK,True,True,True,ACCEPTED
202122-0353,LIVE_REFRESH_VERIFIED,False,False,False,OK,1,3780886,8698,8603,Zenit St. Petersburg,Real Betis,1,1,1,0,True,utc_time_competition_score_high_confidence_name,OK,True,True,True,ACCEPTED
202122-0355,LIVE_REFRESH_VERIFIED,False,False,False,OK,1,3780888,9789,8548,Borussia Dortmund,Rangers,1,0.6363636364,0.8181818182,0,True,unique_utc_time_competition_score_alias,OK,True,True,True,ACCEPTED
202122-0357,LIVE_REFRESH_VERIFIED,False,False,False,OK,1,3780890,9729,10264,FC Sheriff,Braga,0.6086956522,0.5263157895,0.5675057208,0,True,unique_utc_time_competition_score_alias,OK,True,True,True,ACCEPTED
202122-0772,LIVE_REFRESH_VERIFIED,False,False,False,OK,1,3780900,8695,7787,Fenerbahçe,Slavia Prague,1,0.8,0.9,0,True,utc_time_competition_score_high_confidence_name,OK,True,True,True,ACCEPTED
202122-0774,LIVE_REFRESH_VERIFIED,False,False,False,OK,2,3780901,8113,8619,Midtjylland,PAOK Thessaloniki FC,1,1,1,0.3068181818,True,utc_time_competition_score_high_confidence_name,OK,True,True,True,ACCEPTED
202122-0776,LIVE_REFRESH_VERIFIED,False,False,False,OK,1,3780905,10015,8277,Rapid Wien,Vitesse,1,0.6666666667,0.8333333333,0,True,unique_utc_time_competition_score_alias,OK,True,True,True,ACCEPTED
202122-0780,LIVE_REFRESH_VERIFIED,False,False,False,OK,2,3780899,8640,7855,PSV Eindhoven,Maccabi Tel Aviv,1,1,1,0.3068181818,True,utc_time_competition_score_high_confidence_name,OK,True,True,True,ACCEPTED
202122-0359,LIVE_REFRESH_VERIFIED,False,False,False,OK,1,3780878,8302,10156,Sevilla,Dinamo Zagreb,1,1,1,0,True,utc_time_competition_score_high_confidence_name,OK,True,True,True,ACCEPTED
202122-0361,LIVE_REFRESH_VERIFIED,False,False,False,OK,2,3780880,8524,8638,Atalanta,Olympiacos,1,0.6428571429,0.8214285714,0.1204013378,True,separated_utc_time_competition_score_alias,OK,True,True,True,ACCEPTED
202122-0363,LIVE_REFRESH_VERIFIED,False,False,False,OK,1,3780882,178475,8560,RB Leipzig,Real Sociedad,1,1,1,0,True,utc_time_competition_score_high_confidence_name,OK,True,True,True,ACCEPTED
202122-0365,LIVE_REFRESH_VERIFIED,False,False,False,OK,2,3780892,9773,8543,FC Porto,Lazio,1,1,1,0.2769230769,True,utc_time_competition_score_high_confidence_name,OK,True,True,True,ACCEPTED
202122-0778,LIVE_REFRESH_VERIFIED,False,False,False,OK,1,3780898,8592,7981,Marseille,Qarabag FK,0.6428571429,1,0.8214285714,0,True,unique_utc_time_competition_score_alias,OK,True,True,True,ACCEPTED
202122-0782,LIVE_REFRESH_VERIFIED,False,False,False,OK,1,3780902,8197,8410,Leicester City,Randers FC,1,1,1,0,True,utc_time_competition_score_high_confidence_name,OK,True,True,True,ACCEPTED
202122-0784,LIVE_REFRESH_VERIFIED,False,False,False,OK,1,3780903,9925,8402,Celtic,Bodø/Glimt,1,1,1,0,True,utc_time_competition_score_high_confidence_name,OK,True,True,True,ACCEPTED
202122-0786,LIVE_REFRESH_VERIFIED,False,False,False,OK,1,3780904,10247,7998,Sparta Prague,Partizan Beograd,0.8,0.9090909091,0.8545454545,0,True,utc_time_competition_score_high_confidence_name,OK,True,True,True,ACCEPTED
202122-0198,LIVE_REFRESH_VERIFIED,False,False,False,OK,1,3780917,8455,8639,Chelsea,Lille,1,0.7142857143,0.8571428571,0,True,utc_time_competition_score_high_confidence_name,OK,True,True,True,ACCEPTED
202122-0200,LIVE_REFRESH_VERIFIED,False,False,False,OK,2,3780919,10205,9885,Villarreal,Juventus,1,1,1,0.2,True,utc_time_competition_score_high_confidence_name,OK,True,True,True,ACCEPTED
202122-0202,LIVE_REFRESH_VERIFIED,False,False,False,OK,1,3780916,9772,8593,Benfica,Ajax,1,1,1,0,True,utc_time_competition_score_high_confidence_name,OK,True,True,True,ACCEPTED
202122-0204,LIVE_REFRESH_VERIFIED,False,False,False,OK,2,3780918,9906,10260,Atletico Madrid,Manchester United,1,1,1,0.16,True,utc_time_competition_score_high_confidence_name,OK,True,True,True,ACCEPTED
202122-0360,LIVE_REFRESH_VERIFIED,False,False,False,OK,1,3780879,10156,8302,Dinamo Zagreb,Sevilla,1,1,1,0,True,utc_time_competition_score_high_confidence_name,OK,True,True,True,ACCEPTED
202122-0362,LIVE_REFRESH_VERIFIED,False,False,False,OK,1,3780881,8638,8524,Olympiacos,Atalanta,0.6428571429,1,0.8214285714,0,True,unique_utc_time_competition_score_alias,OK,True,True,True,ACCEPTED
202122-0364,LIVE_REFRESH_VERIFIED,False,False,False,OK,1,3780883,8560,178475,Real Sociedad,RB Leipzig,1,1,1,0,True,utc_time_competition_score_high_confidence_name,OK,True,True,True,ACCEPTED
202122-0366,LIVE_REFRESH_VERIFIED,False,False,False,OK,2,3780893,8543,9773,Lazio,FC Porto,1,1,1,0.2196969697,True,utc_time_competition_score_high_confidence_name,OK,True,True,True,ACCEPTED
202122-0779,LIVE_REFRESH_VERIFIED,False,False,False,OK,1,3780906,7981,8592,Qarabag FK,Marseille,1,0.6428571429,0.8214285714,0,True,unique_utc_time_competition_score_alias,OK,True,True,True,ACCEPTED
202122-0781,LIVE_REFRESH_VERIFIED,False,False,False,OK,1,3780907,7855,8640,Maccabi Tel Aviv,PSV Eindhoven,1,1,1,0,True,utc_time_competition_score_high_confidence_name,OK,True,True,True,ACCEPTED
202122-0783,LIVE_REFRESH_VERIFIED,False,False,False,OK,1,3780910,8410,8197,Randers FC,Leicester City,1,1,1,0,True,utc_time_competition_score_high_confidence_name,OK,True,True,True,ACCEPTED
202122-0785,LIVE_REFRESH_VERIFIED,False,False,False,OK,2,3780911,8402,9925,Bodø/Glimt,Celtic,1,1,1,0.1875,True,utc_time_competition_score_high_confidence_name,OK,True,True,True,ACCEPTED
202122-0787,LIVE_REFRESH_VERIFIED,False,False,False,OK,2,3780912,7998,10247,Partizan Beograd,Sparta Prague,0.9090909091,0.8,0.8545454545,0.1611253197,True,utc_time_competition_score_high_confidence_name,OK,True,True,True,ACCEPTED
202122-0352,LIVE_REFRESH_VERIFIED,False,False,False,OK,1,3780885,9875,8634,Napoli,Barcelona,1,1,1,0,True,utc_time_competition_score_high_confidence_name,OK,True,True,True,ACCEPTED
202122-0354,LIVE_REFRESH_VERIFIED,False,False,False,OK,1,3780887,8603,8698,Real Betis,Zenit St. Petersburg,1,1,1,0,True,utc_time_competition_score_high_confidence_name,OK,True,True,True,ACCEPTED
202122-0356,LIVE_REFRESH_VERIFIED,False,False,False,OK,2,3780889,8548,9789,Rangers,Borussia Dortmund,0.6363636364,1,0.8181818182,0.2863636364,True,separated_utc_time_competition_score_alias,OK,True,True,True,ACCEPTED
202122-0358,LIVE_REFRESH_VERIFIED,False,False,False,OK,1,3780891,10264,9729,Braga,FC Sheriff,0.5263157895,0.6086956522,0.5675057208,0,True,unique_utc_time_competition_score_alias,OK,True,True,True,EXTRA_TIME_SCOPE_MISMATCH
202122-0773,LIVE_REFRESH_VERIFIED,False,False,False,OK,1,3780908,7787,8695,Slavia Prague,Fenerbahçe,0.8,1,0.9,0,True,utc_time_competition_score_high_confidence_name,OK,True,True,True,ACCEPTED
202122-0775,LIVE_REFRESH_VERIFIED,False,False,False,OK,2,3780909,8619,8113,PAOK Thessaloniki FC,Midtjylland,1,1,1,0.2045454545,True,utc_time_competition_score_high_confidence_name,OK,True,True,True,EXTRA_TIME_SCOPE_MISMATCH
202122-0777,LIVE_REFRESH_VERIFIED,False,False,False,OK,2,3780913,8277,10015,Vitesse,Rapid Wien,0.6666666667,1,0.8333333333,0.1494565217,True,separated_utc_time_competition_score_alias,OK,True,True,True,ACCEPTED
202122-0195,LIVE_REFRESH_VERIFIED,False,False,False,OK,1,3780922,9823,10013,Bayern München,Salzburg,1,1,1,0,True,utc_time_competition_score_high_confidence_name,OK,True,True,True,ACCEPTED
202122-0197,LIVE_REFRESH_VERIFIED,False,False,False,OK,1,3780928,8650,8636,Liverpool,Inter,1,0.5263157895,0.7631578947,0,True,unique_utc_time_competition_score_alias,OK,True,True,True,ACCEPTED
202122-0371,LIVE_REFRESH_VERIFIED,False,False,False,OK,1,3835588,9773,9748,FC Porto,Lyon,1,0.4444444444,0.7222222222,0,True,unique_utc_time_competition_score_alias,OK,True,True,True,ACCEPTED
202122-0379,LIVE_REFRESH_VERIFIED,False,False,False,OK,1,3835590,8603,9810,Real Betis,Eintracht Frankfurt,1,1,1,0,True,utc_time_competition_score_high_confidence_name,OK,True,True,True,ACCEPTED
202122-0191,LIVE_REFRESH_VERIFIED,False,False,False,OK,1,3780923,8456,9768,Manchester City,Sporting CP,1,0.7586206897,0.8793103448,0,True,utc_time_competition_score_high_confidence_name,OK,True,True,True,ACCEPTED
202122-0193,LIVE_REFRESH_VERIFIED,False,False,False,OK,2,3780929,8633,9847,Real Madrid,Paris Saint-Germain,1,1,1,0.2159090909,True,utc_time_competition_score_high_confidence_name,OK,True,True,True,ACCEPTED
202122-0375,LIVE_REFRESH_VERIFIED,False,False,False,OK,1,3835598,8302,8654,Sevilla,West Ham United,1,1,1,0,True,utc_time_competition_score_high_confidence_name,OK,True,True,True,ACCEPTED
202122-0792,LIVE_REFRESH_VERIFIED,False,False,False,OK,1,3835640,8619,9991,PAOK Thessaloniki FC,Gent,1,0.7272727273,0.8636363636,0,True,utc_time_competition_score_high_confidence_name,OK,True,True,True,ACCEPTED
202122-0794,LIVE_REFRESH_VERIFIED,False,False,False,OK,1,3835642,8277,8686,Vitesse,Roma,0.6666666667,0.7272727273,0.696969697,0,True,unique_utc_time_competition_score_alias,OK,True,True,True,ACCEPTED
202122-0798,LIVE_REFRESH_VERIFIED,False,False,False,OK,1,3835644,7787,9977,Slavia Prague,LASK,0.8,1,0.9,0,True,utc_time_competition_score_high_confidence_name,OK,True,True,True,ACCEPTED
202122-0802,LIVE_REFRESH_VERIFIED,False,False,False,OK,1,3835648,7998,10235,Partizan Beograd,Feyenoord,0.9090909091,1,0.9545454545,0,True,utc_time_competition_score_high_confidence_name,OK,True,True,True,ACCEPTED
202122-0367,LIVE_REFRESH_VERIFIED,False,False,False,OK,1,3835592,8548,8687,Rangers,FK Crvena Zvezda,0.6363636364,1,0.8181818182,0,True,unique_utc_time_competition_score_alias,OK,True,True,True,ACCEPTED
202122-0369,LIVE_REFRESH_VERIFIED,False,False,False,OK,1,3835594,10264,9829,Braga,Monaco,0.5263157895,0.8,0.6631578947,0,True,unique_utc_time_competition_score_alias,OK,True,True,True,ACCEPTED
202122-0373,LIVE_REFRESH_VERIFIED,False,False,False,OK,1,3835596,8524,8178,Atalanta,Bayer Leverkusen,1,1,1,0,True,utc_time_competition_score_high_confidence_name,OK,True,True,True,ACCEPTED
202122-0377,LIVE_REFRESH_VERIFIED,False,False,False,OK,2,3835600,8634,8637,Barcelona,Galatasaray,1,1,1,0.2652631579,True,utc_time_competition_score_high_confidence_name,OK,True,True,True,ACCEPTED
202122-0788,LIVE_REFRESH_VERIFIED,False,False,False,OK,2,3835636,8592,9931,Marseille,Basel,0.6428571429,1,0.8214285714,0.2404761905,True,separated_utc_time_competition_score_alias,OK,True,True,True,ACCEPTED
202122-0790,LIVE_REFRESH_VERIFIED,False,False,False,OK,1,3835638,8197,9851,Leicester City,Rennes,1,0.5263157895,0.7631578947,0,True,unique_utc_time_competition_score_alias,OK,True,True,True,ACCEPTED
202122-0796,LIVE_REFRESH_VERIFIED,False,False,False,OK,1,3835634,8640,8391,PSV Eindhoven,FC København,1,1,1,0,True,utc_time_competition_score_high_confidence_name,OK,True,True,True,ACCEPTED
202122-0800,LIVE_REFRESH_VERIFIED,False,False,False,OK,2,3835646,8402,10229,Bodø/Glimt,AZ Alkmaar,1,1,1,0.1888888889,True,utc_time_competition_score_high_confidence_name,OK,True,True,True,ACCEPTED
202122-0203,LIVE_REFRESH_VERIFIED,False,False,False,OK,2,3780924,8593,9772,Ajax,Benfica,1,1,1,0.2294372294,True,utc_time_competition_score_high_confidence_name,OK,True,True,True,ACCEPTED
202122-0205,LIVE_REFRESH_VERIFIED,False,False,False,OK,2,3780926,10260,9906,Manchester United,Atletico Madrid,1,1,1,0.2294372294,True,utc_time_competition_score_high_confidence_name,OK,True,True,True,ACCEPTED
202122-0199,LIVE_REFRESH_VERIFIED,False,False,False,OK,1,3780925,8639,8455,Lille,Chelsea,0.7142857143,1,0.8571428571,0,True,utc_time_competition_score_high_confidence_name,OK,True,True,True,ACCEPTED
202122-0201,LIVE_REFRESH_VERIFIED,False,False,False,OK,1,3780927,9885,10205,Juventus,Villarreal,1,1,1,0,True,utc_time_competition_score_high_confidence_name,OK,True,True,True,ACCEPTED
202122-0368,LIVE_REFRESH_VERIFIED,False,False,False,OK,1,3835593,8687,8548,FK Crvena Zvezda,Rangers,1,0.6363636364,0.8181818182,0,True,unique_utc_time_competition_score_alias,OK,True,True,True,ACCEPTED
202122-0370,LIVE_REFRESH_VERIFIED,False,False,False,OK,3,3835595,9829,10264,Monaco,Braga,0.8,0.5263157895,0.6631578947,0.3643724696,True,separated_utc_time_competition_score_alias,OK,True,True,True,ACCEPTED
202122-0374,LIVE_REFRESH_VERIFIED,False,False,False,OK,1,3835597,8178,8524,Bayer Leverkusen,Atalanta,1,1,1,0,True,utc_time_competition_score_high_confidence_name,OK,True,True,True,ACCEPTED
202122-0378,LIVE_REFRESH_VERIFIED,False,False,False,OK,1,3835601,8637,8634,Galatasaray,Barcelona,1,1,1,0,True,utc_time_competition_score_high_confidence_name,OK,True,True,True,ACCEPTED
202122-0789,LIVE_REFRESH_VERIFIED,False,False,False,OK,2,3835637,9931,8592,Basel,Marseille,1,0.6428571429,0.8214285714,0.2222222222,True,separated_utc_time_competition_score_alias,OK,True,True,True,ACCEPTED
202122-0791,LIVE_REFRESH_VERIFIED,False,False,False,OK,1,3835639,9851,8197,Rennes,Leicester City,0.5263157895,1,0.7631578947,0,True,unique_utc_time_competition_score_alias,OK,True,True,True,ACCEPTED
202122-0797,LIVE_REFRESH_VERIFIED,False,False,False,OK,1,3835635,8391,8640,FC København,PSV Eindhoven,1,1,1,0,True,utc_time_competition_score_high_confidence_name,OK,True,True,True,ACCEPTED
202122-0801,LIVE_REFRESH_VERIFIED,False,False,False,OK,1,3835647,10229,8402,AZ Alkmaar,Bodø/Glimt,1,1,1,0,True,utc_time_competition_score_high_confidence_name,OK,True,True,True,EXTRA_TIME_SCOPE_MISMATCH
202122-0372,LIVE_REFRESH_VERIFIED,False,False,False,OK,3,3835589,9748,9773,Lyon,FC Porto,0.4444444444,1,0.7222222222,0.25,True,separated_utc_time_competition_score_alias,OK,True,True,True,ACCEPTED
202122-0376,LIVE_REFRESH_VERIFIED,False,False,False,OK,1,3835599,8654,8302,West Ham United,Sevilla,1,1,1,0,True,utc_time_competition_score_high_confidence_name,OK,True,True,True,EXTRA_TIME_SCOPE_MISMATCH
202122-0380,LIVE_REFRESH_VERIFIED,False,False,False,OK,3,3835591,9810,8603,Eintracht Frankfurt,Real Betis,1,1,1,0.2533333333,True,utc_time_competition_score_high_confidence_name,OK,True,True,True,EXTRA_TIME_SCOPE_MISMATCH
202122-0793,LIVE_REFRESH_VERIFIED,False,False,False,OK,2,3835641,9991,8619,Gent,PAOK Thessaloniki FC,0.7272727273,1,0.8636363636,0.2820512821,True,utc_time_competition_score_high_confidence_name,OK,True,True,True,ACCEPTED
202122-0795,LIVE_REFRESH_VERIFIED,False,False,False,OK,1,3835643,8686,8277,Roma,Vitesse,0.7272727273,0.6666666667,0.696969697,0,True,unique_utc_time_competition_score_alias,OK,True,True,True,ACCEPTED
202122-0799,LIVE_REFRESH_VERIFIED,False,False,False,OK,1,3835645,9977,7787,LASK,Slavia Prague,1,0.8,0.9,0,True,utc_time_competition_score_high_confidence_name,OK,True,True,True,ACCEPTED
202122-0803,LIVE_REFRESH_VERIFIED,False,False,False,OK,1,3835649,10235,7998,Feyenoord,Partizan Beograd,1,0.9090909091,0.9545454545,0,True,utc_time_competition_score_high_confidence_name,OK,True,True,True,NO_PUBLIC_XG
202122-0208,LIVE_REFRESH_VERIFIED,False,False,False,OK,2,3846343,8456,9906,Manchester City,Atletico Madrid,1,1,1,0.2179310345,True,utc_time_competition_score_high_confidence_name,OK,True,True,True,ACCEPTED
202122-0212,LIVE_REFRESH_VERIFIED,False,False,False,OK,2,3846347,9772,8650,Benfica,Liverpool,1,1,1,0.2428571429,True,utc_time_competition_score_high_confidence_name,OK,True,True,True,ACCEPTED
202122-0206,LIVE_REFRESH_VERIFIED,False,False,False,OK,3,3846341,8455,8633,Chelsea,Real Madrid,1,1,1,0.2466666667,True,utc_time_competition_score_high_confidence_name,OK,True,True,True,ACCEPTED
202122-0210,LIVE_REFRESH_VERIFIED,False,False,False,OK,2,3846345,10205,9823,Villarreal,Bayern München,1,1,1,0.1779310345,True,utc_time_competition_score_high_confidence_name,OK,True,True,True,ACCEPTED
202122-0381,LIVE_REFRESH_VERIFIED,False,False,False,OK,3,3846454,178475,8524,RB Leipzig,Atalanta,1,1,1,0.2466666667,True,utc_time_competition_score_high_confidence_name,OK,True,True,True,ACCEPTED
202122-0806,LIVE_REFRESH_VERIFIED,False,False,False,OK,1,3846479,10235,7787,Feyenoord,Slavia Prague,1,0.8,0.9,0,True,utc_time_competition_score_high_confidence_name,OK,True,True,True,ACCEPTED
202122-0383,LIVE_REFRESH_VERIFIED,False,False,False,OK,3,3846456,9810,8634,Eintracht Frankfurt,Barcelona,1,1,1,0.407239819,True,utc_time_competition_score_high_confidence_name,OK,True,True,True,ACCEPTED
202122-0385,LIVE_REFRESH_VERIFIED,False,False,False,OK,3,3846458,8654,9748,West Ham United,Lyon,1,0.4444444444,0.7222222222,0.3069053708,True,separated_utc_time_competition_score_alias,OK,True,True,True,ACCEPTED
202122-0387,LIVE_REFRESH_VERIFIED,False,False,False,OK,1,3846460,10264,8548,Braga,Rangers,0.5263157895,0.6363636364,0.5813397129,0,True,unique_utc_time_competition_score_alias,OK,True,True,True,ACCEPTED
202122-0804,LIVE_REFRESH_VERIFIED,False,False,False,OK,2,3846477,8402,8686,Bodø/Glimt,Roma,1,0.7272727273,0.8636363636,0.1805555556,True,utc_time_competition_score_high_confidence_name,OK,True,True,True,ACCEPTED
202122-0808,LIVE_REFRESH_VERIFIED,False,False,False,OK,2,3846481,8592,8619,Marseille,PAOK Thessaloniki FC,0.6428571429,1,0.8214285714,0.1547619048,True,separated_utc_time_competition_score_alias,OK,True,True,True,ACCEPTED
202122-0810,LIVE_REFRESH_VERIFIED,False,False,False,OK,1,3846483,8197,8640,Leicester City,PSV Eindhoven,1,1,1,0,True,utc_time_competition_score_high_confidence_name,OK,True,True,True,ACCEPTED
202122-0207,LIVE_REFRESH_VERIFIED,False,False,False,OK,1,3846342,8633,8455,Real Madrid,Chelsea,1,1,1,0,True,utc_time_competition_score_high_confidence_name,OK,True,True,True,EXTRA_TIME_SCOPE_MISMATCH
202122-0211,LIVE_REFRESH_VERIFIED,False,False,False,OK,2,3846346,9823,10205,Bayern München,Villarreal,1,1,1,0.2635327635,True,utc_time_competition_score_high_confidence_name,OK,True,True,True,ACCEPTED
202122-0209,LIVE_REFRESH_VERIFIED,False,False,False,OK,2,3846344,9906,8456,Atletico Madrid,Manchester City,1,1,1,0.2547619048,True,utc_time_competition_score_high_confidence_name,OK,True,True,True,ACCEPTED
202122-0213,LIVE_REFRESH_VERIFIED,False,False,False,OK,1,3846348,8650,9772,Liverpool,Benfica,1,1,1,0,True,utc_time_competition_score_high_confidence_name,OK,True,True,True,ACCEPTED
202122-0382,LIVE_REFRESH_VERIFIED,False,False,False,OK,1,3846455,8524,178475,Atalanta,RB Leipzig,1,1,1,0,True,utc_time_competition_score_high_confidence_name,OK,True,True,True,ACCEPTED
202122-0811,LIVE_REFRESH_VERIFIED,False,False,False,OK,1,3846484,8640,8197,PSV Eindhoven,Leicester City,1,1,1,0,True,utc_time_competition_score_high_confidence_name,OK,True,True,True,ACCEPTED
202122-0384,LIVE_REFRESH_VERIFIED,False,False,False,OK,1,3846457,8634,9810,Barcelona,Eintracht Frankfurt,1,1,1,0,True,utc_time_competition_score_high_confidence_name,OK,True,True,True,ACCEPTED
202122-0386,LIVE_REFRESH_VERIFIED,False,False,False,OK,1,3846459,9748,8654,Lyon,West Ham United,0.4444444444,1,0.7222222222,0,True,unique_utc_time_competition_score_alias,OK,True,True,True,ACCEPTED
202122-0388,LIVE_REFRESH_VERIFIED,False,False,False,OK,1,3846461,8548,10264,Rangers,Braga,0.6363636364,0.5263157895,0.5813397129,0,True,unique_utc_time_competition_score_alias,OK,True,True,True,EXTRA_TIME_SCOPE_MISMATCH
202122-0805,LIVE_REFRESH_VERIFIED,False,False,False,OK,1,3846478,8686,8402,Roma,Bodø/Glimt,0.7272727273,1,0.8636363636,0,True,utc_time_competition_score_high_confidence_name,OK,True,True,True,ACCEPTED
202122-0807,LIVE_REFRESH_VERIFIED,False,False,False,OK,1,3846480,7787,10235,Slavia Prague,Feyenoord,0.8,1,0.9,0,True,utc_time_competition_score_high_confidence_name,OK,True,True,True,ACCEPTED
202122-0809,LIVE_REFRESH_VERIFIED,False,False,False,OK,1,3846482,8619,8592,PAOK Thessaloniki FC,Marseille,1,0.6428571429,0.8214285714,0,True,unique_utc_time_competition_score_alias,OK,True,True,True,ACCEPTED
202122-0214,LIVE_REFRESH_VERIFIED,False,False,False,OK,1,3846447,8456,8633,Manchester City,Real Madrid,1,1,1,0,True,utc_time_competition_score_high_confidence_name,OK,True,True,True,ACCEPTED
202122-0216,LIVE_REFRESH_VERIFIED,False,False,False,OK,4,3846449,8650,10205,Liverpool,Villarreal,1,1,1,0.3687782805,True,utc_time_competition_score_high_confidence_name,OK,True,True,True,ACCEPTED
202122-0389,LIVE_REFRESH_VERIFIED,False,False,False,OK,1,3846462,178475,8548,RB Leipzig,Rangers,1,0.6363636364,0.8181818182,0,True,unique_utc_time_competition_score_alias,OK,True,True,True,ACCEPTED
202122-0391,LIVE_REFRESH_VERIFIED,False,False,False,OK,1,3846464,8654,9810,West Ham United,Eintracht Frankfurt,1,1,1,0,True,utc_time_competition_score_high_confidence_name,OK,True,True,True,ACCEPTED
202122-0812,LIVE_REFRESH_VERIFIED,False,False,False,OK,1,3846500,8197,8686,Leicester City,Roma,1,0.7272727273,0.8636363636,0,True,utc_time_competition_score_high_confidence_name,OK,True,True,True,ACCEPTED
202122-0814,LIVE_REFRESH_VERIFIED,False,False,False,OK,1,3846502,10235,8592,Feyenoord,Marseille,1,0.6428571429,0.8214285714,0,True,unique_utc_time_competition_score_alias,OK,True,True,True,ACCEPTED
202122-0217,LIVE_REFRESH_VERIFIED,False,False,False,OK,1,3846450,10205,8650,Villarreal,Liverpool,1,1,1,0,True,utc_time_competition_score_high_confidence_name,OK,True,True,True,ACCEPTED
202122-0215,LIVE_REFRESH_VERIFIED,False,False,False,OK,1,3846448,8633,8456,Real Madrid,Manchester City,1,1,1,0,True,utc_time_competition_score_high_confidence_name,OK,True,True,True,EXTRA_TIME_SCOPE_MISMATCH
202122-0390,LIVE_REFRESH_VERIFIED,False,False,False,OK,1,3846463,8548,178475,Rangers,RB Leipzig,0.6363636364,1,0.8181818182,0,True,unique_utc_time_competition_score_alias,OK,True,True,True,ACCEPTED
202122-0392,LIVE_REFRESH_VERIFIED,False,False,False,OK,1,3846465,9810,8654,Eintracht Frankfurt,West Ham United,1,1,1,0,True,utc_time_competition_score_high_confidence_name,OK,True,True,True,ACCEPTED
202122-0813,LIVE_REFRESH_VERIFIED,False,False,False,OK,1,3846501,8686,8197,Roma,Leicester City,0.7272727273,1,0.8636363636,0,True,utc_time_competition_score_high_confidence_name,OK,True,True,True,ACCEPTED
202122-0815,LIVE_REFRESH_VERIFIED,False,False,False,OK,1,3846503,8592,10235,Marseille,Feyenoord,0.6428571429,1,0.8214285714,0,True,unique_utc_time_competition_score_alias,OK,True,True,True,ACCEPTED
202122-0393,LIVE_REFRESH_VERIFIED,False,False,False,OK,1,3846466,9810,8548,Eintracht Frankfurt,Rangers,1,0.6363636364,0.8181818182,0,True,unique_utc_time_competition_score_alias,OK,True,True,True,EXTRA_TIME_SCOPE_MISMATCH
202122-0816,LIVE_REFRESH_VERIFIED,False,False,False,OK,1,3846504,8686,10235,Roma,Feyenoord,0.7272727273,1,0.8636363636,0,True,utc_time_competition_score_high_confidence_name,OK,True,True,True,ACCEPTED
202122-0218,LIVE_REFRESH_VERIFIED,False,False,False,OK,1,3846451,8650,8633,Liverpool,Real Madrid,1,1,1,0,True,utc_time_competition_score_high_confidence_name,OK,True,True,True,ACCEPTED
202223-0002,LIVE_REFRESH_VERIFIED,False,False,False,OK,1,3892869,163541,10050,La Fiorita Montegiardino,Inter Club d'Escaldes,0.5882352941,1,0.7941176471,0,True,unique_utc_time_competition_score_alias,OK,True,True,True,NO_PUBLIC_XG
202223-0001,LIVE_REFRESH_VERIFIED,False,False,False,OK,1,3892868,1588,6017,FCI Levadia,Vikingur Reykjavik,0.6363636364,1,0.8181818182,0,True,unique_utc_time_competition_score_alias,OK,True,True,True,NO_PUBLIC_XG
202223-0003,LIVE_REFRESH_VERIFIED,False,False,False,OK,1,3892875,10050,6017,Inter Club d'Escaldes,Vikingur Reykjavik,1,1,1,0,True,utc_time_competition_score_high_confidence_name,OK,True,True,True,NO_PUBLIC_XG
202223-0004,LIVE_REFRESH_VERIFIED,False,False,False,OK,5,3898992,6345,9731,Pyunik,CFR Cluj,0.6,1,0.8,0.212406015,True,separated_utc_time_competition_score_alias,OK,True,True,True,NO_PUBLIC_XG
202223-0014,LIVE_REFRESH_VERIFIED,False,False,False,OK,1,3899002,10237,6017,Malmö FF,Vikingur Reykjavik,1,1,1,0,True,utc_time_competition_score_high_confidence_name,OK,True,True,True,NO_PUBLIC_XG
202223-0412,LIVE_REFRESH_VERIFIED,False,False,False,OK,1,3899184,339993,10044,Gzira United,Atletic Escaldes,1,0.9411764706,0.9705882353,0,True,utc_time_competition_score_high_confidence_name,OK,True,True,True,NO_PUBLIC_XG
202223-0418,LIVE_REFRESH_VERIFIED,False,False,False,OK,1,3899221,631395,2206,St Joseph's,Larne,1,1,1,0,True,utc_time_competition_score_high_confidence_name,OK,True,True,True,NO_PUBLIC_XG
202223-0008,LIVE_REFRESH_VERIFIED,False,False,False,OK,1,3898996,210173,2245,Ludogorets Razgrad,Sutjeska,1,0.6956521739,0.847826087,0,True,unique_utc_time_competition_score_alias,OK,True,True,True,NO_PUBLIC_XG
202223-0016,LIVE_REFRESH_VERIFIED,False,False,False,OK,1,3899004,952668,4616,Ballkani,Zalgiris Vilnius,1,1,1,0,True,utc_time_competition_score_high_confidence_name,OK,True,True,True,NO_PUBLIC_XG
202223-0022,LIVE_REFRESH_VERIFIED,False,False,False,OK,4,3899010,7852,7971,TNS,Linfield,1,0.6666666667,0.8333333333,0.1825,True,separated_utc_time_competition_score_alias,OK,True,True,True,NO_PUBLIC_XG
202223-0026,LIVE_REFRESH_VERIFIED,False,False,False,OK,4,3899014,2182,7981,Lech Poznan,Qarabag FK,1,1,1,0.3125,True,utc_time_competition_score_high_confidence_name,OK,True,True,True,NO_PUBLIC_XG
202223-0024,LIVE_REFRESH_VERIFIED,False,False,False,OK,3,3899012,4131,8040,Shamrock Rovers,Hibernians,1,1,1,0.2967032967,True,utc_time_competition_score_high_confidence_name,OK,True,True,True,NO_PUBLIC_XG
202223-0028,LIVE_REFRESH_VERIFIED,False,False,False,OK,3,3899016,358106,545012,Shkupi,Lincoln Red Imps FC,1,1,1,0.2967032967,True,utc_time_competition_score_high_confidence_name,OK,True,True,True,NO_PUBLIC_XG
202223-0012,LIVE_REFRESH_VERIFIED,False,False,False,OK,5,3899000,7983,8222,Tobol Kostanay,Ferencvaros,0.8571428571,1,0.9285714286,0.2862903226,True,utc_time_competition_score_high_confidence_name,OK,True,True,True,NO_PUBLIC_XG
202223-0394,LIVE_REFRESH_VERIFIED,False,False,False,OK,6,3899192,6550,784771,FC Inter Turku,Drita,1,1,1,0.3923444976,True,utc_time_competition_score_high_confidence_name,OK,True,True,True,NO_PUBLIC_XG
202223-0018,LIVE_REFRESH_VERIFIED,False,False,False,OK,4,3899006,9861,248871,HJK,RFS,0.4,1,0.7,0.2433333333,True,separated_utc_time_competition_score_alias,OK,True,True,True,NO_PUBLIC_XG
202223-0020,LIVE_REFRESH_VERIFIED,False,False,False,OK,3,3899008,8402,8106,Bodø/Glimt,Klaksvik,1,0.8421052632,0.9210526316,0.2261904762,True,utc_time_competition_score_high_confidence_name,OK,True,True,True,NO_PUBLIC_XG
202223-0010,LIVE_REFRESH_VERIFIED,False,False,False,OK,4,3898998,4548,10029,F91 Dudelange,KF Tirana,1,1,1,0.3125,True,utc_time_competition_score_high_confidence_name,OK,True,True,True,NO_PUBLIC_XG
202223-0030,LIVE_REFRESH_VERIFIED,False,False,False,OK,5,3899018,10107,9729,Zrinjski Mostar,FC Sheriff,1,0.6086956522,0.8043478261,0.3818181818,True,separated_utc_time_competition_score_alias,OK,True,True,True,NO_PUBLIC_XG
202223-0424,LIVE_REFRESH_VERIFIED,False,False,False,OK,6,3899198,4666,545013,Vikingur,Europa FC,1,1,1,0.3923444976,True,utc_time_competition_score_high_confidence_name,OK,True,True,True,NO_PUBLIC_XG
202223-0006,LIVE_REFRESH_VERIFIED,False,False,False,OK,5,3898994,8340,10068,Maribor,Shakhtyor Soligorsk,1,0.8947368421,0.9473684211,0.2517482517,True,utc_time_competition_score_high_confidence_name,OK,True,True,True,NO_PUBLIC_XG
202223-0032,LIVE_REFRESH_VERIFIED,False,False,False,OK,5,3899020,6019,6193,Slovan Bratislava,Dinamo Batumi,1,1,1,0.2540322581,True,utc_time_competition_score_high_confidence_name,OK,True,True,True,NO_PUBLIC_XG
202223-0390,LIVE_REFRESH_VERIFIED,False,False,False,OK,6,3899168,310094,4528,Alashkert FC,Hamrun Spartans,1,1,1,0.3,True,utc_time_competition_score_high_confidence_name,OK,True,True,True,NO_PUBLIC_XG
202223-0420,LIVE_REFRESH_VERIFIED,False,False,False,OK,3,3899175,155305,8332,UE Santa Coloma,Breidablik,1,1,1,0.4605263158,True,utc_time_competition_score_high_confidence_name,OK,True,True,True,NO_PUBLIC_XG
202223-0398,LIVE_REFRESH_VERIFIED,False,False,False,OK,3,3899216,479143,175682,FK Panevezys,FC Milsami Orhei,1,1,1,0.2435897436,True,utc_time_competition_score_high_confidence_name,OK,True,True,True,NO_PUBLIC_XG
202223-0406,LIVE_REFRESH_VERIFIED,False,False,False,OK,5,3899206,1693,2217,KuPS,Dila Gori,1,1,1,0.301242236,True,utc_time_competition_score_high_confidence_name,OK,True,True,True,NO_PUBLIC_XG
202223-0414,LIVE_REFRESH_VERIFIED,False,False,False,OK,5,3899196,10116,8002,Borac Banja Luka,B36 Torshavn,1,1,1,0.2307692308,True,utc_time_competition_score_high_confidence_name,OK,True,True,True,NO_PUBLIC_XG
202223-0434,LIVE_REFRESH_VERIFIED,False,False,False,OK,3,3899200,480291,10028,Saburtalo,Partizani,0.6923076923,0.72,0.7061538462,0.2644230769,True,separated_utc_time_competition_score_alias,OK,True,True,True,NO_PUBLIC_XG
202223-0440,LIVE_REFRESH_VERIFIED,False,False,False,OK,2,3899178,8023,8130,Pogon Szczecin,KR Reykjavik,1,1,1,0.2635327635,True,utc_time_competition_score_high_confidence_name,OK,True,True,True,NO_PUBLIC_XG
202223-0444,LIVE_REFRESH_VERIFIED,False,False,False,OK,2,3899202,1080103,1937,Bruno's Magpies,Crusaders,0.6923076923,0.6923076923,0.6923076923,0.1832512315,True,separated_utc_time_competition_score_alias,OK,True,True,True,NO_PUBLIC_XG
202223-0446,LIVE_REFRESH_VERIFIED,False,False,False,OK,6,3899214,8155,162162,Flora Tallinn,SJK,1,0.375,0.6875,0.3,True,separated_utc_time_competition_score_alias,OK,True,True,True,NO_PUBLIC_XG
202223-0408,LIVE_REFRESH_VERIFIED,False,False,False,OK,5,3899218,10186,439132,Ruzomberok,FK Kauno Zalgiris,0.8333333333,1,0.9166666667,0.2850241546,True,utc_time_competition_score_high_confidence_name,OK,True,True,True,NO_PUBLIC_XG
202223-0396,LIVE_REFRESH_VERIFIED,False,False,False,OK,1,3899204,7755,163540,Dinamo Tbilisi,Paide Linnameeskond,1,1,1,0,True,utc_time_competition_score_high_confidence_name,OK,True,True,True,NO_PUBLIC_XG
202223-0404,LIVE_REFRESH_VERIFIED,False,False,False,OK,2,3899194,175683,2172,FC Sfintul Gheorghe,Mura,0.9375,0.3636363636,0.6505681818,0.18,True,separated_utc_time_competition_score_alias,OK,True,True,True,NO_PUBLIC_XG
202223-0416,LIVE_REFRESH_VERIFIED,False,False,False,OK,2,3899208,7872,7951,Olimpija Ljubljana,FC Differdange 03,1,1,1,0.225,True,utc_time_competition_score_high_confidence_name,OK,True,True,True,NO_PUBLIC_XG
202223-0438,LIVE_REFRESH_VERIFIED,False,False,False,OK,3,3899224,1580,561981,Floriana,CS Petrocub,1,0.5714285714,0.7857142857,0.2121212121,True,separated_utc_time_competition_score_alias,OK,True,True,True,NO_PUBLIC_XG
202223-0400,LIVE_REFRESH_VERIFIED,False,False,False,OK,3,3899170,10031,205493,Laci,FK Iskra,0.7272727273,0.4545454545,0.5909090909,0.3071428571,True,separated_utc_time_competition_score_alias,OK,True,True,True,NO_PUBLIC_XG
202223-0402,LIVE_REFRESH_VERIFIED,False,False,False,OK,6,3899183,784770,8016,Gjilani,FK Liepaja,1,1,1,0.2974358974,True,utc_time_competition_score_high_confidence_name,OK,True,True,True,NO_PUBLIC_XG
202223-0426,LIVE_REFRESH_VERIFIED,False,False,False,OK,2,3899210,175654,6361,Bala Town,Sligo Rovers,1,1,1,0.1825,True,utc_time_competition_score_high_confidence_name,OK,True,True,True,NO_PUBLIC_XG
202223-0428,LIVE_REFRESH_VERIFIED,False,False,False,OK,3,3899223,132044,163543,CS Fola Esch,Tre Fiori,1,1,1,0.3586744639,True,utc_time_competition_score_high_confidence_name,OK,True,True,True,NO_PUBLIC_XG
202223-0430,LIVE_REFRESH_VERIFIED,False,False,False,OK,2,3899176,10058,8100,Dinamo Minsk,Decic Tuzi,1,1,1,0.225,True,utc_time_competition_score_high_confidence_name,OK,True,True,True,NO_PUBLIC_XG
202223-0436,LIVE_REFRESH_VERIFIED,False,False,False,OK,5,3899212,2234,2212,KF Shkendija,Ararat,0.8571428571,0.6,0.7285714286,0.2353846154,True,separated_utc_time_competition_score_alias,OK,True,True,True,NO_PUBLIC_XG
202223-0442,LIVE_REFRESH_VERIFIED,False,False,False,OK,6,3899190,6652,2188,HB Torshavn,Newtown,1,1,1,0.2363636364,True,utc_time_competition_score_high_confidence_name,OK,True,True,True,NO_PUBLIC_XG
202223-0392,LIVE_REFRESH_VERIFIED,False,False,False,OK,2,3899180,8030,769984,Lechia Gdansk,FC Academy Pandev,1,0.8,0.9,0.3267195767,True,utc_time_competition_score_high_confidence_name,OK,True,True,True,NO_PUBLIC_XG
202223-0410,LIVE_REFRESH_VERIFIED,False,False,False,OK,5,3899172,8627,784763,Buducnost Podgorica,Llapi,1,0.7692307692,0.8846153846,0.26342711,True,utc_time_competition_score_high_confidence_name,OK,True,True,True,NO_PUBLIC_XG
202223-0422,LIVE_REFRESH_VERIFIED,False,False,False,OK,2,3899186,103598,1703,DAC 1904 Dunajska Streda,Cliftonville,0.8837209302,1,0.9418604651,0.2422969188,True,utc_time_competition_score_high_confidence_name,OK,True,True,True,NO_PUBLIC_XG
202223-0432,LIVE_REFRESH_VERIFIED,False,False,False,OK,2,3899188,163542,767370,Tre Penne Galazzano,FK Tuzla City,0.6428571429,1,0.8214285714,0.1240601504,True,separated_utc_time_competition_score_alias,OK,True,True,True,NO_PUBLIC_XG
202223-0448,LIVE_REFRESH_VERIFIED,False,False,False,OK,2,3899226,8338,624924,Derry City,Riga FC,1,1,1,0.1403940887,True,utc_time_competition_score_high_confidence_name,OK,True,True,True,NO_PUBLIC_XG
202223-0019,LIVE_REFRESH_VERIFIED,False,False,False,OK,1,3899007,248871,9861,RFS,HJK,1,0.4,0.7,0,True,unique_utc_time_competition_score_alias,OK,True,True,True,NO_PUBLIC_XG
202223-0017,LIVE_REFRESH_VERIFIED,False,False,False,OK,2,3899005,4616,952668,Zalgiris Vilnius,Ballkani,1,1,1,0.1304347826,True,utc_time_competition_score_high_confidence_name,OK,True,True,True,NO_PUBLIC_XG
202223-0027,LIVE_REFRESH_VERIFIED,False,False,False,OK,2,3899015,7981,2182,Qarabag FK,Lech Poznan,1,1,1,0.3111111111,True,utc_time_competition_score_high_confidence_name,OK,True,True,True,NO_PUBLIC_XG
202223-0029,LIVE_REFRESH_VERIFIED,False,False,False,OK,2,3899017,545012,358106,Lincoln Red Imps FC,Shkupi,1,1,1,0.3194444444,True,utc_time_competition_score_high_confidence_name,OK,True,True,True,NO_PUBLIC_XG
202223-0031,LIVE_REFRESH_VERIFIED,False,False,False,OK,2,3899019,9729,10107,FC Sheriff,Zrinjski Mostar,0.6086956522,1,0.8043478261,0.1997282609,True,separated_utc_time_competition_score_alias,OK,True,True,True,NO_PUBLIC_XG
202223-0011,LIVE_REFRESH_VERIFIED,False,False,False,OK,2,3898999,10029,4548,KF Tirana,F91 Dudelange,1,1,1,0.2363636364,True,utc_time_competition_score_high_confidence_name,OK,True,True,True,NO_PUBLIC_XG
202223-0025,LIVE_REFRESH_VERIFIED,False,False,False,OK,1,3899013,8040,4131,Hibernians,Shamrock Rovers,1,1,1,0,True,utc_time_competition_score_high_confidence_name,OK,True,True,True,NO_PUBLIC_XG
202223-0395,LIVE_REFRESH_VERIFIED,False,False,False,OK,1,3899193,784771,6550,Drita,FC Inter Turku,1,1,1,0,True,utc_time_competition_score_high_confidence_name,OK,True,True,True,NO_PUBLIC_XG
202223-0009,LIVE_REFRESH_VERIFIED,False,False,False,OK,1,3898997,2245,210173,Sutjeska,Ludogorets Razgrad,0.6956521739,1,0.847826087,0,True,unique_utc_time_competition_score_alias,OK,True,True,True,NO_PUBLIC_XG
202223-0015,LIVE_REFRESH_VERIFIED,False,False,False,OK,1,3899003,6017,10237,Vikingur Reykjavik,Malmö FF,1,1,1,0,True,utc_time_competition_score_high_confidence_name,OK,True,True,True,NO_PUBLIC_XG
202223-0007,LIVE_REFRESH_VERIFIED,False,False,False,OK,1,3898995,10068,8340,Shakhtyor Soligorsk,Maribor,0.8947368421,1,0.9473684211,0,True,utc_time_competition_score_high_confidence_name,OK,True,True,True,NO_PUBLIC_XG
202223-0021,LIVE_REFRESH_VERIFIED,False,False,False,OK,1,3899009,8106,8402,Klaksvik,Bodø/Glimt,0.8421052632,1,0.9210526316,0,True,utc_time_competition_score_high_confidence_name,OK,True,True,True,NO_PUBLIC_XG
202223-0033,LIVE_REFRESH_VERIFIED,False,False,False,OK,2,3899021,6193,6019,Dinamo Batumi,Slovan Bratislava,1,1,1,0.2363636364,True,utc_time_competition_score_high_confidence_name,OK,True,True,True,NO_PUBLIC_XG
202223-0013,LIVE_REFRESH_VERIFIED,False,False,False,OK,2,3899001,8222,7983,Ferencvaros,Tobol Kostanay,1,0.8571428571,0.9285714286,0.2311111111,True,utc_time_competition_score_high_confidence_name,OK,True,True,True,NO_PUBLIC_XG
202223-0005,LIVE_REFRESH_VERIFIED,False,False,False,OK,1,3898993,9731,6345,CFR Cluj,Pyunik,1,0.6,0.8,0,True,unique_utc_time_competition_score_alias,OK,True,True,True,NO_PUBLIC_XG
202223-0023,LIVE_REFRESH_VERIFIED,False,False,False,OK,2,3899011,7971,7852,Linfield,TNS,0.6666666667,1,0.8333333333,0.3298611111,True,separated_utc_time_competition_score_alias,OK,True,True,True,NO_PUBLIC_XG
202223-0403,LIVE_REFRESH_VERIFIED,False,False,False,OK,4,3899182,8016,784770,FK Liepaja,Gjilani,1,1,1,0.1677631579,True,utc_time_competition_score_high_confidence_name,OK,True,True,True,NO_PUBLIC_XG
202223-0393,LIVE_REFRESH_VERIFIED,False,False,False,OK,5,3899181,769984,8030,FC Academy Pandev,Lechia Gdansk,0.8,1,0.9,0.3938461538,True,utc_time_competition_score_high_confidence_name,OK,True,True,True,NO_PUBLIC_XG
202223-0425,LIVE_REFRESH_VERIFIED,False,False,False,OK,5,3899199,545013,4666,Europa FC,Vikingur,1,1,1,0.2653846154,True,utc_time_competition_score_high_confidence_name,OK,True,True,True,NO_PUBLIC_XG
202223-0437,LIVE_REFRESH_VERIFIED,False,False,False,OK,2,3899213,2212,2234,Ararat,KF Shkendija,0.6,0.8571428571,0.7285714286,0.1954887218,True,separated_utc_time_competition_score_alias,OK,True,True,True,NO_PUBLIC_XG
202223-0397,LIVE_REFRESH_VERIFIED,False,False,False,OK,5,3899205,163540,7755,Paide Linnameeskond,Dinamo Tbilisi,1,1,1,0.4840848806,True,utc_time_competition_score_high_confidence_name,OK,True,True,True,NO_PUBLIC_XG
202223-0399,LIVE_REFRESH_VERIFIED,False,False,False,OK,2,3899217,175682,479143,FC Milsami Orhei,FK Panevezys,1,1,1,0.2229102167,True,utc_time_competition_score_high_confidence_name,OK,True,True,True,NO_PUBLIC_XG
202223-0409,LIVE_REFRESH_VERIFIED,False,False,False,OK,2,3899219,439132,10186,FK Kauno Zalgiris,Ruzomberok,1,0.8333333333,0.9166666667,0.2850241546,True,utc_time_competition_score_high_confidence_name,OK,True,True,True,NO_PUBLIC_XG
202223-0433,LIVE_REFRESH_VERIFIED,False,False,False,OK,1,3899189,767370,163542,FK Tuzla City,Tre Penne Galazzano,1,0.6428571429,0.8214285714,0,True,unique_utc_time_competition_score_alias,OK,True,True,True,NO_PUBLIC_XG
202223-0447,LIVE_REFRESH_VERIFIED,False,False,False,OK,1,3899215,162162,8155,SJK,Flora Tallinn,0.375,1,0.6875,0,True,unique_utc_time_competition_score_alias,OK,True,True,True,NO_PUBLIC_XG
202223-0407,LIVE_REFRESH_VERIFIED,False,False,False,OK,2,3899207,2217,1693,Dila Gori,KuPS,1,1,1,0.201863354,True,utc_time_competition_score_high_confidence_name,OK,True,True,True,NO_PUBLIC_XG
202223-0413,LIVE_REFRESH_VERIFIED,False,False,False,OK,5,3899185,10044,339993,Atletic Escaldes,Gzira United,0.9411764706,1,0.9705882353,0.2433862434,True,utc_time_competition_score_high_confidence_name,OK,True,True,True,NO_PUBLIC_XG
202223-0415,LIVE_REFRESH_VERIFIED,False,False,False,OK,4,3899197,8002,10116,B36 Torshavn,Borac Banja Luka,1,1,1,0.25,True,utc_time_competition_score_high_confidence_name,OK,True,True,True,NO_PUBLIC_XG
202223-0439,LIVE_REFRESH_VERIFIED,False,False,False,OK,2,3899225,561981,1580,CS Petrocub,Floriana,0.5714285714,1,0.7857142857,0.2053291536,True,separated_utc_time_competition_score_alias,OK,True,True,True,NO_PUBLIC_XG
202223-0449,LIVE_REFRESH_VERIFIED,False,False,False,OK,2,3899227,624924,8338,Riga FC,Derry City,1,1,1,0.2229102167,True,utc_time_competition_score_high_confidence_name,OK,True,True,True,NO_PUBLIC_XG
202223-0443,LIVE_REFRESH_VERIFIED,False,False,False,OK,2,3899191,2188,6652,Newtown,HB Torshavn,1,1,1,0.1481481481,True,utc_time_competition_score_high_confidence_name,OK,True,True,True,NO_PUBLIC_XG
202223-0417,LIVE_REFRESH_VERIFIED,False,False,False,OK,5,3899209,7951,7872,FC Differdange 03,Olimpija Ljubljana,1,1,1,0.3721198157,True,utc_time_competition_score_high_confidence_name,OK,True,True,True,NO_PUBLIC_XG
202223-0391,LIVE_REFRESH_VERIFIED,False,False,False,OK,2,3899169,4528,310094,Hamrun Spartans,Alashkert FC,1,1,1,0.165,True,utc_time_competition_score_high_confidence_name,OK,True,True,True,NO_PUBLIC_XG
202223-0405,LIVE_REFRESH_VERIFIED,False,False,False,OK,2,3899195,2172,175683,Mura,FC Sfintul Gheorghe,0.3636363636,0.9375,0.6505681818,0.1881481481,True,separated_utc_time_competition_score_alias,OK,True,True,True,NO_PUBLIC_XG
202223-0411,LIVE_REFRESH_VERIFIED,False,False,False,OK,2,3899173,784763,8627,Llapi,Buducnost Podgorica,0.7692307692,1,0.8846153846,0.168202765,True,utc_time_competition_score_high_confidence_name,OK,True,True,True,NO_PUBLIC_XG
202223-0427,LIVE_REFRESH_VERIFIED,False,False,False,OK,5,3899211,6361,175654,Sligo Rovers,Bala Town,1,1,1,0.2857142857,True,utc_time_competition_score_high_confidence_name,OK,True,True,True,NO_PUBLIC_XG
202223-0435,LIVE_REFRESH_VERIFIED,False,False,False,OK,5,3899201,10028,480291,Partizani,Saburtalo,0.72,0.6923076923,0.7061538462,0.3214285714,True,separated_utc_time_competition_score_alias,OK,True,True,True,NO_PUBLIC_XG
202223-0441,LIVE_REFRESH_VERIFIED,False,False,False,OK,2,3899179,8130,8023,KR Reykjavik,Pogon Szczecin,1,1,1,0.1343873518,True,utc_time_competition_score_high_confidence_name,OK,True,True,True,NO_PUBLIC_XG
202223-0419,LIVE_REFRESH_VERIFIED,False,False,False,OK,5,3899220,2206,631395,Larne,St Joseph's,1,1,1,0.3642857143,True,utc_time_competition_score_high_confidence_name,OK,True,True,True,NO_PUBLIC_XG
202223-0429,LIVE_REFRESH_VERIFIED,False,False,False,OK,4,3899222,163543,132044,Tre Fiori,CS Fola Esch,1,1,1,0.3518518519,True,utc_time_competition_score_high_confidence_name,OK,True,True,True,NO_PUBLIC_XG
202223-0431,LIVE_REFRESH_VERIFIED,False,False,False,OK,5,3899177,8100,10058,Decic Tuzi,Dinamo Minsk,1,1,1,0.449602122,True,utc_time_competition_score_high_confidence_name,OK,True,True,True,NO_PUBLIC_XG
202223-0401,LIVE_REFRESH_VERIFIED,False,False,False,OK,5,3899171,205493,10031,FK Iskra,Laci,0.4545454545,0.7272727273,0.5909090909,0.2974137931,True,separated_utc_time_competition_score_alias,OK,True,True,True,NO_PUBLIC_XG
202223-0423,LIVE_REFRESH_VERIFIED,False,False,False,OK,1,3899187,1703,103598,Cliftonville,DAC 1904 Dunajska Streda,1,0.8837209302,0.9418604651,0,True,utc_time_competition_score_high_confidence_name,OK,True,True,True,NO_PUBLIC_XG
202223-0445,LIVE_REFRESH_VERIFIED,False,False,False,OK,4,3899203,1937,1080103,Crusaders,Bruno's Magpies,0.6923076923,0.6923076923,0.6923076923,0.2892976589,True,separated_utc_time_competition_score_alias,OK,True,True,True,NO_PUBLIC_XG
202223-0421,LIVE_REFRESH_VERIFIED,False,False,False,OK,2,3899174,8332,155305,Breidablik,UE Santa Coloma,1,1,1,0.1633333333,True,utc_time_competition_score_high_confidence_name,OK,True,True,True,NO_PUBLIC_XG
202223-0038,LIVE_REFRESH_VERIFIED,False,False,False,OK,1,3899813,7981,10243,Qarabag FK,FC Zürich,1,1,1,0,True,utc_time_competition_score_high_confidence_name,OK,True,True,True,ACCEPTED
202223-0044,LIVE_REFRESH_VERIFIED,False,False,False,OK,2,3899819,4616,10237,Zalgiris Vilnius,Malmö FF,1,1,1,0.2254901961,True,utc_time_competition_score_high_confidence_name,OK,True,True,True,NO_PUBLIC_XG
202223-0052,LIVE_REFRESH_VERIFIED,False,False,False,OK,1,3899827,6345,4548,Pyunik,F91 Dudelange,0.6,1,0.8,0,True,unique_utc_time_competition_score_alias,OK,True,True,True,NO_PUBLIC_XG
202223-0046,LIVE_REFRESH_VERIFIED,False,False,False,OK,1,3899821,210173,4131,Ludogorets Razgrad,Shamrock Rovers,1,1,1,0,True,utc_time_competition_score_high_confidence_name,OK,True,True,True,NO_PUBLIC_XG
202223-0054,LIVE_REFRESH_VERIFIED,False,False,False,OK,2,3899829,8113,7797,Midtjylland,AEK Larnaca,1,1,1,0.2678571429,True,utc_time_competition_score_high_confidence_name,OK,True,True,True,ACCEPTED
202223-0546,LIVE_REFRESH_VERIFIED,False,False,False,OK,1,3900051,8040,1588,Hibernians,FCI Levadia,1,0.6363636364,0.8181818182,0,True,unique_utc_time_competition_score_alias,OK,True,True,True,NO_PUBLIC_XG
202223-0548,LIVE_REFRESH_VERIFIED,False,False,False,OK,1,3900053,10029,10107,KF Tirana,Zrinjski Mostar,1,1,1,0,True,utc_time_competition_score_high_confidence_name,OK,True,True,True,NO_PUBLIC_XG
202223-0042,LIVE_REFRESH_VERIFIED,False,False,False,OK,2,3899817,7971,8402,Linfield,Bodø/Glimt,0.6666666667,1,0.8333333333,0.2738970588,True,separated_utc_time_competition_score_alias,OK,True,True,True,NO_PUBLIC_XG
202223-0540,LIVE_REFRESH_VERIFIED,False,False,False,OK,1,3900045,163541,952668,La Fiorita Montegiardino,Ballkani,0.5882352941,1,0.7941176471,0,True,unique_utc_time_competition_score_alias,OK,True,True,True,NO_PUBLIC_XG
202223-0036,LIVE_REFRESH_VERIFIED,False,False,False,OK,1,3899811,10156,358106,Dinamo Zagreb,Shkupi,1,1,1,0,True,utc_time_competition_score_high_confidence_name,OK,True,True,True,NO_PUBLIC_XG
202223-0040,LIVE_REFRESH_VERIFIED,False,False,False,OK,2,3899815,9861,6033,HJK,Viktoria Plzen,0.4,1,0.7,0.1837307153,True,separated_utc_time_competition_score_alias,OK,True,True,True,NO_PUBLIC_XG
202223-0050,LIVE_REFRESH_VERIFIED,False,False,False,OK,2,3899825,10185,8638,Maccabi Haifa,Olympiacos,1,0.6428571429,0.8214285714,0.1522988506,True,separated_utc_time_competition_score_alias,OK,True,True,True,NO_PUBLIC_XG
202223-0454,LIVE_REFRESH_VERIFIED,False,False,False,OK,8,3900115,10131,8621,Botev Plovdiv,APOEL Nicosia,1,1,1,0.2592592593,True,utc_time_competition_score_high_confidence_name,OK,True,True,True,NO_PUBLIC_XG
202223-0500,LIVE_REFRESH_VERIFIED,False,False,False,OK,1,3900071,4666,103598,Vikingur,DAC 1904 Dunajska Streda,1,0.8837209302,0.9418604651,0,True,utc_time_competition_score_high_confidence_name,OK,True,True,True,NO_PUBLIC_XG
202223-0034,LIVE_REFRESH_VERIFIED,False,False,False,OK,2,3899809,8222,6019,Ferencvaros,Slovan Bratislava,1,1,1,0.06451612903,True,utc_time_competition_score_high_confidence_name,OK,True,True,True,NO_PUBLIC_XG
202223-0056,LIVE_REFRESH_VERIFIED,False,False,False,OK,2,3899831,8688,8695,Dynamo Kyiv,Fenerbahçe,1,1,1,0.2287581699,True,utc_time_competition_score_high_confidence_name,OK,True,True,True,NO_PUBLIC_XG
202223-0048,LIVE_REFRESH_VERIFIED,False,False,False,OK,2,3899823,8340,9729,Maribor,FC Sheriff,1,0.6086956522,0.8043478261,0.2264957265,True,separated_utc_time_competition_score_alias,OK,True,True,True,NO_PUBLIC_XG
202223-0544,LIVE_REFRESH_VERIFIED,False,False,False,OK,8,3900049,2245,8106,Sutjeska,Klaksvik,0.6956521739,0.8421052632,0.7688787185,0.3193277311,True,separated_utc_time_competition_score_alias,OK,True,True,True,NO_PUBLIC_XG
202223-0482,LIVE_REFRESH_VERIFIED,False,False,False,OK,3,3900200,2120,10157,FC Kyzylzhar Petropavlovsk,Osijek,0.5625,1,0.78125,0.2843137255,True,separated_utc_time_competition_score_alias,OK,True,True,True,NO_PUBLIC_XG
202223-0476,LIVE_REFRESH_VERIFIED,False,False,False,OK,7,3900083,8037,465382,Kairat Almaty,Kisvarda,1,1,1,0.3418803419,True,utc_time_competition_score_high_confidence_name,OK,True,True,True,NO_PUBLIC_XG
202223-0484,LIVE_REFRESH_VERIFIED,False,False,False,OK,7,3900121,8016,10192,FK Liepaja,Young Boys,1,1,1,0.3178947368,True,utc_time_competition_score_high_confidence_name,OK,True,True,True,NO_PUBLIC_XG
202223-0554,LIVE_REFRESH_VERIFIED,False,False,False,OK,6,3900059,7983,545012,Tobol Kostanay,Lincoln Red Imps FC,0.8571428571,1,0.9285714286,0.2652631579,True,utc_time_competition_score_high_confidence_name,OK,True,True,True,NO_PUBLIC_XG
202223-0474,LIVE_REFRESH_VERIFIED,False,False,False,OK,8,3900119,866109,163540,Ararat Armenia,Paide Linnameeskond,1,1,1,0.3645833333,True,utc_time_competition_score_high_confidence_name,OK,True,True,True,NO_PUBLIC_XG
202223-0532,LIVE_REFRESH_VERIFIED,False,False,False,OK,3,3900208,197871,2234,Valmiera FC,KF Shkendija,0.9411764706,0.8571428571,0.8991596639,0.29375,True,utc_time_competition_score_high_confidence_name,OK,True,True,True,NO_PUBLIC_XG
202223-0466,LIVE_REFRESH_VERIFIED,False,False,False,OK,8,3900082,276798,10144,Makedonija GjP,PFC CSKA-Sofia,1,0.8333333333,0.9166666667,0.2850241546,True,utc_time_competition_score_high_confidence_name,OK,True,True,True,NO_PUBLIC_XG
202223-0464,LIVE_REFRESH_VERIFIED,False,False,False,OK,3,3900117,480291,9723,Saburtalo,FC FCSB,0.6923076923,1,0.8461538462,0.2148541114,True,separated_utc_time_competition_score_alias,OK,True,True,True,NO_PUBLIC_XG
202223-0470,LIVE_REFRESH_VERIFIED,False,False,False,OK,3,3900065,577619,7855,Zira,Maccabi Tel Aviv,1,1,1,0.1928571429,True,utc_time_competition_score_high_confidence_name,OK,True,True,True,NO_PUBLIC_XG
202223-0488,LIVE_REFRESH_VERIFIED,False,False,False,OK,7,3900103,162162,8476,SJK,Lillestrøm,0.375,1,0.6875,0.2820512821,True,separated_utc_time_competition_score_alias,OK,True,True,True,NO_PUBLIC_XG
202223-0508,LIVE_REFRESH_VERIFIED,False,False,False,OK,3,3900107,9917,8014,Molde,Elfsborg,1,0.8421052632,0.9210526316,0.1357466063,True,utc_time_competition_score_high_confidence_name,OK,True,True,True,NO_PUBLIC_XG
202223-0510,LIVE_REFRESH_VERIFIED,False,False,False,OK,7,3900073,5772,9824,Koper,FC Vaduz,1,1,1,0.3418803419,True,utc_time_competition_score_high_confidence_name,OK,True,True,True,NO_PUBLIC_XG
202223-0536,LIVE_REFRESH_VERIFIED,False,False,False,OK,2,3900095,1693,175682,KuPS,FC Milsami Orhei,1,1,1,0.2225,True,utc_time_competition_score_high_confidence_name,OK,True,True,True,NO_PUBLIC_XG
202223-0550,LIVE_REFRESH_VERIFIED,False,False,False,OK,2,3900055,2182,6193,Lech Poznan,Dinamo Batumi,1,1,1,0.2838345865,True,utc_time_competition_score_high_confidence_name,OK,True,True,True,NO_PUBLIC_XG
202223-0498,LIVE_REFRESH_VERIFIED,False,False,False,OK,7,3967454,8337,9939,Suduva,Viborg,0.5,0.8,0.65,0.2531328321,True,separated_utc_time_competition_score_alias,OK,True,True,True,NO_PUBLIC_XG
202223-0502,LIVE_REFRESH_VERIFIED,False,False,False,OK,4,3900172,8023,8595,Pogon Szczecin,Brøndby IF,1,1,1,0.3115151515,True,utc_time_competition_score_high_confidence_name,OK,True,True,True,NO_PUBLIC_XG
202223-0514,LIVE_REFRESH_VERIFIED,False,False,False,OK,3,3900127,10186,624924,Ruzomberok,Riga FC,0.8333333333,1,0.9166666667,0.1923076923,True,utc_time_competition_score_high_confidence_name,OK,True,True,True,NO_PUBLIC_XG
202223-0450,LIVE_REFRESH_VERIFIED,False,False,False,OK,2,3900061,339993,6410,Gzira United,Radnicki Nis,1,1,1,0.2225,True,utc_time_competition_score_high_confidence_name,OK,True,True,True,NO_PUBLIC_XG
202223-0456,LIVE_REFRESH_VERIFIED,False,False,False,OK,3,3900079,8036,8076,Fehervar FC,FK Qabala,1,0.8333333333,0.9166666667,0.1483516484,True,utc_time_competition_score_high_confidence_name,OK,True,True,True,NO_PUBLIC_XG
202223-0486,LIVE_REFRESH_VERIFIED,False,False,False,OK,8,3900085,10015,8030,Rapid Wien,Lechia Gdansk,1,1,1,0.3333333333,True,utc_time_competition_score_high_confidence_name,OK,True,True,True,NO_PUBLIC_XG
202223-0494,LIVE_REFRESH_VERIFIED,False,False,False,OK,1,3900123,631395,7787,St Joseph's,Slavia Prague,1,0.8,0.9,0,True,utc_time_competition_score_high_confidence_name,OK,True,True,True,NO_PUBLIC_XG
202223-0512,LIVE_REFRESH_VERIFIED,False,False,False,OK,3,3900204,8002,163543,B36 Torshavn,Tre Fiori,1,1,1,0.2488038278,True,utc_time_competition_score_high_confidence_name,OK,True,True,True,NO_PUBLIC_XG
202223-0516,LIVE_REFRESH_VERIFIED,False,False,False,OK,6,3900091,9931,1937,Basel,Crusaders,1,0.6923076923,0.8461538462,0.2833333333,True,separated_utc_time_competition_score_alias,OK,True,True,True,NO_PUBLIC_XG
202223-0518,LIVE_REFRESH_VERIFIED,False,False,False,OK,8,3900109,9988,784771,Royal Antwerp,Drita,1,1,1,0.3101851852,True,utc_time_competition_score_high_confidence_name,OK,True,True,True,NO_PUBLIC_XG
202223-0520,LIVE_REFRESH_VERIFIED,False,False,False,OK,8,3900075,561981,10031,CS Petrocub,Laci,0.5714285714,0.7272727273,0.6493506494,0.3866666667,True,separated_utc_time_competition_score_alias,OK,True,True,True,NO_PUBLIC_XG
202223-0524,LIVE_REFRESH_VERIFIED,False,False,False,OK,6,3900129,8632,8619,Levski Sofia,PAOK Thessaloniki FC,1,1,1,0.285,True,utc_time_competition_score_high_confidence_name,OK,True,True,True,NO_PUBLIC_XG
202223-0530,LIVE_REFRESH_VERIFIED,False,False,False,OK,1,3900077,2373,8349,Vorskla,AIK,0.6363636364,1,0.8181818182,0,True,unique_utc_time_competition_score_alias,OK,True,True,True,NO_PUBLIC_XG
202223-0538,LIVE_REFRESH_VERIFIED,False,False,False,OK,8,3900113,10247,8478,Sparta Prague,Viking,0.8,0.5454545455,0.6727272727,0.3736263736,True,separated_utc_time_competition_score_alias,OK,True,True,True,NO_PUBLIC_XG
202223-0460,LIVE_REFRESH_VERIFIED,False,False,False,OK,6,3900063,2136,4617,Aris Limassol,FK Neftchi,1,0.7368421053,0.8684210526,0.2634482759,True,utc_time_competition_score_high_confidence_name,OK,True,True,True,NO_PUBLIC_XG
202223-0468,LIVE_REFRESH_VERIFIED,False,False,False,OK,1,3900099,9754,10058,Hapoel Beer Sheva,Dinamo Minsk,1,1,1,0,True,utc_time_competition_score_high_confidence_name,OK,True,True,True,NO_PUBLIC_XG
202223-0552,LIVE_REFRESH_VERIFIED,False,False,False,OK,2,3900057,9731,10050,CFR Cluj,Inter Club d'Escaldes,1,1,1,0.2738095238,True,utc_time_competition_score_high_confidence_name,OK,True,True,True,NO_PUBLIC_XG
202223-0458,LIVE_REFRESH_VERIFIED,False,False,False,OK,4,3900097,1933,1832,Istanbul Başakşehir,Maccabi Netanya,1,1,1,0.2552631579,True,utc_time_competition_score_high_confidence_name,OK,True,True,True,NO_PUBLIC_XG
202223-0452,LIVE_REFRESH_VERIFIED,False,False,False,OK,1,3900194,8239,10060,Aris Thessaloniki FC,Gomel,1,1,1,0,True,utc_time_competition_score_high_confidence_name,OK,True,True,True,NO_PUBLIC_XG
202223-0480,LIVE_REFRESH_VERIFIED,False,False,False,OK,1,3900067,583706,7872,Sepsi OSK,Olimpija Ljubljana,1,1,1,0,True,utc_time_competition_score_high_confidence_name,OK,True,True,True,NO_PUBLIC_XG
202223-0522,LIVE_REFRESH_VERIFIED,False,False,False,OK,1,3900206,2110,6374,Racing FC Union Luxembourg,Cukaricki,1,0.6666666667,0.8333333333,0,True,unique_utc_time_competition_score_alias,OK,True,True,True,NO_PUBLIC_XG
202223-0462,LIVE_REFRESH_VERIFIED,False,False,False,OK,7,3900196,10122,4528,FK Velez Mostar,Hamrun Spartans,1,1,1,0.2939130435,True,utc_time_competition_score_high_confidence_name,OK,True,True,True,NO_PUBLIC_XG
202223-0496,LIVE_REFRESH_VERIFIED,False,False,False,OK,3,3900087,4662,2188,Spartak Trnava,Newtown,1,1,1,0.1333333333,True,utc_time_competition_score_high_confidence_name,OK,True,True,True,NO_PUBLIC_XG
202223-0504,LIVE_REFRESH_VERIFIED,False,False,False,OK,3,3900125,10229,767370,AZ Alkmaar,FK Tuzla City,1,1,1,0.2293233083,True,utc_time_competition_score_high_confidence_name,OK,True,True,True,NO_PUBLIC_XG
202223-0528,LIVE_REFRESH_VERIFIED,False,False,False,OK,3,3900111,10162,9802,Rijeka,Djurgården,1,0.8333333333,0.9166666667,0.2582417582,True,utc_time_competition_score_high_confidence_name,OK,True,True,True,NO_PUBLIC_XG
202223-0492,LIVE_REFRESH_VERIFIED,False,False,False,OK,4,3900202,1854,2172,St. Patrick's Athletic,Mura,1,0.3636363636,0.6818181818,0.2765151515,True,separated_utc_time_competition_score_alias,OK,True,True,True,NO_PUBLIC_XG
202223-0506,LIVE_REFRESH_VERIFIED,False,False,False,OK,7,3900089,9927,6361,Motherwell,Sligo Rovers,1,1,1,0.2929292929,True,utc_time_competition_score_high_confidence_name,OK,True,True,True,NO_PUBLIC_XG
202223-0472,LIVE_REFRESH_VERIFIED,False,False,False,OK,4,3900198,10034,480286,Vllaznia,Universitatea Craiova,0.6666666667,1,0.8333333333,0.2821621622,True,separated_utc_time_competition_score_alias,OK,True,True,True,NO_PUBLIC_XG
202223-0478,LIVE_REFRESH_VERIFIED,False,False,False,OK,3,3900101,10063,8622,BATE Borisov,Konyaspor,1,1,1,0.2132867133,True,utc_time_competition_score_high_confidence_name,OK,True,True,True,NO_PUBLIC_XG
202223-0534,LIVE_REFRESH_VERIFIED,False,False,False,OK,2,3900131,4024,166865,Rakow Czestochowa,FC Astana,1,1,1,0.2838345865,True,utc_time_competition_score_high_confidence_name,OK,True,True,True,NO_PUBLIC_XG
202223-0490,LIVE_REFRESH_VERIFIED,False,False,False,OK,6,3900069,8332,8627,Breidablik,Buducnost Podgorica,1,1,1,0.3071428571,True,utc_time_competition_score_high_confidence_name,OK,True,True,True,NO_PUBLIC_XG
202223-0526,LIVE_REFRESH_VERIFIED,False,False,False,OK,2,3900093,7844,355346,Vitoria de Guimaraes,Puskas FC Academy,0.9189189189,0.8275862069,0.8732525629,0.2490322581,True,utc_time_competition_score_high_confidence_name,OK,True,True,True,NO_PUBLIC_XG
202223-0542,LIVE_REFRESH_VERIFIED,False,False,False,OK,6,3900047,6017,7852,Vikingur Reykjavik,TNS,1,1,1,0.2666666667,True,utc_time_competition_score_high_confidence_name,OK,True,True,True,NO_PUBLIC_XG
202223-0055,LIVE_REFRESH_VERIFIED,False,False,False,OK,1,3899830,7797,8113,AEK Larnaca,Midtjylland,1,1,1,0,True,utc_time_competition_score_high_confidence_name,OK,True,True,True,EXTRA_TIME_SCOPE_MISMATCH
202223-0555,LIVE_REFRESH_VERIFIED,False,False,False,OK,1,3900060,545012,7983,Lincoln Red Imps FC,Tobol Kostanay,1,0.8571428571,0.9285714286,0,True,utc_time_competition_score_high_confidence_name,OK,True,True,True,NO_PUBLIC_XG
202223-0041,LIVE_REFRESH_VERIFIED,False,False,False,OK,1,3899816,6033,9861,Viktoria Plzen,HJK,1,0.4,0.7,0,True,unique_utc_time_competition_score_alias,OK,True,True,True,NO_PUBLIC_XG
202223-0049,LIVE_REFRESH_VERIFIED,False,False,False,OK,1,3899824,9729,8340,FC Sheriff,Maribor,0.6086956522,1,0.8043478261,0,True,unique_utc_time_competition_score_alias,OK,True,True,True,NO_PUBLIC_XG
202223-0543,LIVE_REFRESH_VERIFIED,False,False,False,OK,1,3900048,7852,6017,TNS,Vikingur Reykjavik,1,1,1,0,True,utc_time_competition_score_high_confidence_name,OK,True,True,True,NO_PUBLIC_XG
202223-0053,LIVE_REFRESH_VERIFIED,False,False,False,OK,2,3899828,4548,6345,F91 Dudelange,Pyunik,1,0.6,0.8,0.3,True,separated_utc_time_competition_score_alias,OK,True,True,True,NO_PUBLIC_XG
202223-0541,LIVE_REFRESH_VERIFIED,False,False,False,OK,1,3900046,952668,163541,Ballkani,La Fiorita Montegiardino,1,0.5882352941,0.7941176471,0,True,unique_utc_time_competition_score_alias,OK,True,True,True,NO_PUBLIC_XG
202223-0037,LIVE_REFRESH_VERIFIED,False,False,False,OK,1,3899812,358106,10156,Shkupi,Dinamo Zagreb,1,1,1,0,True,utc_time_competition_score_high_confidence_name,OK,True,True,True,NO_PUBLIC_XG
202223-0047,LIVE_REFRESH_VERIFIED,False,False,False,OK,1,3899822,4131,210173,Shamrock Rovers,Ludogorets Razgrad,1,1,1,0,True,utc_time_competition_score_high_confidence_name,OK,True,True,True,NO_PUBLIC_XG
202223-0553,LIVE_REFRESH_VERIFIED,False,False,False,OK,6,3900058,10050,9731,Inter Club d'Escaldes,CFR Cluj,1,1,1,0.2087114338,True,utc_time_competition_score_high_confidence_name,OK,True,True,True,NO_PUBLIC_XG
202223-0043,LIVE_REFRESH_VERIFIED,False,False,False,OK,1,3899818,8402,7971,Bodø/Glimt,Linfield,1,0.6666666667,0.8333333333,0,True,unique_utc_time_competition_score_alias,OK,True,True,True,NO_PUBLIC_XG
202223-0039,LIVE_REFRESH_VERIFIED,False,False,False,OK,1,3899814,10243,7981,FC Zürich,Qarabag FK,1,1,1,0,True,utc_time_competition_score_high_confidence_name,OK,True,True,True,EXTRA_TIME_SCOPE_MISMATCH
202223-0045,LIVE_REFRESH_VERIFIED,False,False,False,OK,1,3899820,10237,4616,Malmö FF,Zalgiris Vilnius,1,1,1,0,True,utc_time_competition_score_high_confidence_name,OK,True,True,True,NO_PUBLIC_XG
202223-0057,LIVE_REFRESH_VERIFIED,False,False,False,OK,1,3899832,8695,8688,Fenerbahçe,Dynamo Kyiv,1,1,1,0,True,utc_time_competition_score_high_confidence_name,OK,True,True,True,NO_PUBLIC_XG
202223-0531,LIVE_REFRESH_VERIFIED,False,False,False,OK,7,3900078,8349,2373,AIK,Vorskla,1,0.6363636364,0.8181818182,0.3035714286,True,separated_utc_time_competition_score_alias,OK,True,True,True,NO_PUBLIC_XG
202223-0453,LIVE_REFRESH_VERIFIED,False,False,False,OK,4,3900195,10060,8239,Gomel,Aris Thessaloniki FC,1,1,1,0.2446236559,True,utc_time_competition_score_high_confidence_name,OK,True,True,True,NO_PUBLIC_XG
202223-0545,LIVE_REFRESH_VERIFIED,False,False,False,OK,4,3900050,8106,2245,Klaksvik,Sutjeska,0.8421052632,0.6956521739,0.7688787185,0.3176691729,True,separated_utc_time_competition_score_alias,OK,True,True,True,NO_PUBLIC_XG
202223-0035,LIVE_REFRESH_VERIFIED,False,False,False,OK,2,3899810,6019,8222,Slovan Bratislava,Ferencvaros,1,1,1,0.1588235294,True,utc_time_competition_score_high_confidence_name,OK,True,True,True,NO_PUBLIC_XG
202223-0051,LIVE_REFRESH_VERIFIED,False,False,False,OK,1,3899826,8638,10185,Olympiacos,Maccabi Haifa,0.6428571429,1,0.8214285714,0,True,unique_utc_time_competition_score_alias,OK,True,True,True,NO_PUBLIC_XG
202223-0535,LIVE_REFRESH_VERIFIED,False,False,False,OK,3,3900132,166865,4024,FC Astana,Rakow Czestochowa,1,1,1,0.3492063492,True,utc_time_competition_score_high_confidence_name,OK,True,True,True,NO_PUBLIC_XG
202223-0457,LIVE_REFRESH_VERIFIED,False,False,False,OK,4,3900080,8076,8036,FK Qabala,Fehervar FC,0.8333333333,1,0.9166666667,0.3111111111,True,utc_time_competition_score_high_confidence_name,OK,True,True,True,NO_PUBLIC_XG
202223-0475,LIVE_REFRESH_VERIFIED,False,False,False,OK,5,3900120,163540,866109,Paide Linnameeskond,Ararat Armenia,1,1,1,0.2691622103,True,utc_time_competition_score_high_confidence_name,OK,True,True,True,NO_PUBLIC_XG
202223-0477,LIVE_REFRESH_VERIFIED,False,False,False,OK,4,3900084,465382,8037,Kisvarda,Kairat Almaty,1,1,1,0.2827380952,True,utc_time_competition_score_high_confidence_name,OK,True,True,True,NO_PUBLIC_XG
202223-0537,LIVE_REFRESH_VERIFIED,False,False,False,OK,2,3900096,175682,1693,FC Milsami Orhei,KuPS,1,1,1,0.1254901961,True,utc_time_competition_score_high_confidence_name,OK,True,True,True,NO_PUBLIC_XG
202223-0459,LIVE_REFRESH_VERIFIED,False,False,False,OK,3,3900098,1832,1933,Maccabi Netanya,Istanbul Başakşehir,1,1,1,0.3214285714,True,utc_time_competition_score_high_confidence_name,OK,True,True,True,NO_PUBLIC_XG
202223-0509,LIVE_REFRESH_VERIFIED,False,False,False,OK,4,3900108,8014,9917,Elfsborg,Molde,0.8421052632,1,0.9210526316,0.2583333333,True,utc_time_competition_score_high_confidence_name,OK,True,True,True,NO_PUBLIC_XG
202223-0451,LIVE_REFRESH_VERIFIED,False,False,False,OK,1,3900062,6410,339993,Radnicki Nis,Gzira United,1,1,1,0,True,utc_time_competition_score_high_confidence_name,OK,True,True,True,NO_PUBLIC_XG
202223-0455,LIVE_REFRESH_VERIFIED,False,False,False,OK,7,3900116,8621,10131,APOEL Nicosia,Botev Plovdiv,1,1,1,0.2963636364,True,utc_time_competition_score_high_confidence_name,OK,True,True,True,NO_PUBLIC_XG
202223-0461,LIVE_REFRESH_VERIFIED,False,False,False,OK,3,3900064,4617,2136,FK Neftchi,Aris Limassol,0.7368421053,1,0.8684210526,0.3246753247,True,utc_time_competition_score_high_confidence_name,OK,True,True,True,NO_PUBLIC_XG
202223-0467,LIVE_REFRESH_VERIFIED,False,False,False,OK,3,3900081,10144,276798,PFC CSKA-Sofia,Makedonija GjP,0.8333333333,1,0.9166666667,0.3456614509,True,utc_time_competition_score_high_confidence_name,OK,True,True,True,NO_PUBLIC_XG
202223-0481,LIVE_REFRESH_VERIFIED,False,False,False,OK,7,3900068,7872,583706,Olimpija Ljubljana,Sepsi OSK,1,1,1,0.2976539589,True,utc_time_competition_score_high_confidence_name,OK,True,True,True,NO_PUBLIC_XG
202223-0489,LIVE_REFRESH_VERIFIED,False,False,False,OK,1,3900104,8476,162162,Lillestrøm,SJK,1,0.375,0.6875,0,True,unique_utc_time_competition_score_alias,OK,True,True,True,NO_PUBLIC_XG
202223-0495,LIVE_REFRESH_VERIFIED,False,False,False,OK,1,3900124,7787,631395,Slavia Prague,St Joseph's,0.8,1,0.9,0,True,utc_time_competition_score_high_confidence_name,OK,True,True,True,NO_PUBLIC_XG
202223-0497,LIVE_REFRESH_VERIFIED,False,False,False,OK,4,3900088,2188,4662,Newtown,Spartak Trnava,1,1,1,0.2446236559,True,utc_time_competition_score_high_confidence_name,OK,True,True,True,NO_PUBLIC_XG
202223-0499,LIVE_REFRESH_VERIFIED,False,False,False,OK,4,3900106,9939,8337,Viborg,Suduva,0.8,0.5,0.65,0.25,True,separated_utc_time_competition_score_alias,OK,True,True,True,NO_PUBLIC_XG
202223-0515,LIVE_REFRESH_VERIFIED,False,False,False,OK,4,3900128,624924,10186,Riga FC,Ruzomberok,1,0.8333333333,0.9166666667,0.3481481481,True,utc_time_competition_score_high_confidence_name,OK,True,True,True,NO_PUBLIC_XG
202223-0529,LIVE_REFRESH_VERIFIED,False,False,False,OK,7,3900112,9802,10162,Djurgården,Rijeka,0.8333333333,1,0.9166666667,0.3484162896,True,utc_time_competition_score_high_confidence_name,OK,True,True,True,NO_PUBLIC_XG
202223-0539,LIVE_REFRESH_VERIFIED,False,False,False,OK,4,3900114,8478,10247,Viking,Sparta Prague,0.5454545455,0.8,0.6727272727,0.2409090909,True,separated_utc_time_competition_score_alias,OK,True,True,True,NO_PUBLIC_XG
202223-0547,LIVE_REFRESH_VERIFIED,False,False,False,OK,6,3900052,1588,8040,FCI Levadia,Hibernians,0.6363636364,1,0.8181818182,0.4047619048,True,separated_utc_time_competition_score_alias,OK,True,True,True,NO_PUBLIC_XG
202223-0551,LIVE_REFRESH_VERIFIED,False,False,False,OK,6,3900056,6193,2182,Dinamo Batumi,Lech Poznan,1,1,1,0.3404761905,True,utc_time_competition_score_high_confidence_name,OK,True,True,True,NO_PUBLIC_XG
202223-0465,LIVE_REFRESH_VERIFIED,False,False,False,OK,1,3900118,9723,480291,FC FCSB,Saburtalo,1,0.6923076923,0.8461538462,0,True,unique_utc_time_competition_score_alias,OK,True,True,True,NO_PUBLIC_XG
202223-0471,LIVE_REFRESH_VERIFIED,False,False,False,OK,5,3900066,7855,577619,Maccabi Tel Aviv,Zira,1,1,1,0.2583333333,True,utc_time_competition_score_high_confidence_name,OK,True,True,True,NO_PUBLIC_XG
202223-0473,LIVE_REFRESH_VERIFIED,False,False,False,OK,3,3900199,480286,10034,Universitatea Craiova,Vllaznia,1,0.6666666667,0.8333333333,0.2272089762,True,separated_utc_time_competition_score_alias,OK,True,True,True,NO_PUBLIC_XG
202223-0525,LIVE_REFRESH_VERIFIED,False,False,False,OK,6,3900130,8619,8632,PAOK Thessaloniki FC,Levski Sofia,1,1,1,0.384057971,True,utc_time_competition_score_high_confidence_name,OK,True,True,True,NO_PUBLIC_XG
202223-0487,LIVE_REFRESH_VERIFIED,False,False,False,OK,4,3900086,8030,10015,Lechia Gdansk,Rapid Wien,1,1,1,0.2666666667,True,utc_time_competition_score_high_confidence_name,OK,True,True,True,NO_PUBLIC_XG
202223-0463,LIVE_REFRESH_VERIFIED,False,False,False,OK,4,3900197,4528,10122,Hamrun Spartans,FK Velez Mostar,1,1,1,0.2939130435,True,utc_time_competition_score_high_confidence_name,OK,True,True,True,NO_PUBLIC_XG
202223-0469,LIVE_REFRESH_VERIFIED,False,False,False,OK,3,3900100,10058,9754,Dinamo Minsk,Hapoel Beer Sheva,1,1,1,0.3148148148,True,utc_time_competition_score_high_confidence_name,OK,True,True,True,NO_PUBLIC_XG
202223-0479,LIVE_REFRESH_VERIFIED,False,False,False,OK,7,3900102,8622,10063,Konyaspor,BATE Borisov,1,1,1,0.3763636364,True,utc_time_competition_score_high_confidence_name,OK,True,True,True,NO_PUBLIC_XG
202223-0485,LIVE_REFRESH_VERIFIED,False,False,False,OK,3,3900122,10192,8016,Young Boys,FK Liepaja,1,1,1,0.3290322581,True,utc_time_competition_score_high_confidence_name,OK,True,True,True,NO_PUBLIC_XG
202223-0493,LIVE_REFRESH_VERIFIED,False,False,False,OK,5,3900203,2172,1854,Mura,St. Patrick's Athletic,0.3636363636,1,0.6818181818,0.3094512195,True,separated_utc_time_competition_score_alias,OK,True,True,True,NO_PUBLIC_XG
202223-0503,LIVE_REFRESH_VERIFIED,False,False,False,OK,3,3900173,8595,8023,Brøndby IF,Pogon Szczecin,1,1,1,0.240398293,True,utc_time_competition_score_high_confidence_name,OK,True,True,True,NO_PUBLIC_XG
202223-0507,LIVE_REFRESH_VERIFIED,True,False,False,OK,4,3900197,4528,10122,Hamrun Spartans,FK Velez Mostar,0.2222222222,0.3636363636,0.2929292929,0.2111111111,False,identity_below_threshold_or_ambiguous,NOT_REQUESTED,False,False,False,IDENTITY_AMBIGUOUS
202223-0511,LIVE_REFRESH_VERIFIED,False,False,False,OK,6,3900074,9824,5772,FC Vaduz,Koper,1,1,1,0.3833333333,True,utc_time_competition_score_high_confidence_name,OK,True,True,True,NO_PUBLIC_XG
202223-0519,LIVE_REFRESH_VERIFIED,False,False,False,OK,2,3900110,784771,9988,Drita,Royal Antwerp,1,1,1,0.202020202,True,utc_time_competition_score_high_confidence_name,OK,True,True,True,NO_PUBLIC_XG
202223-0521,LIVE_REFRESH_VERIFIED,False,False,False,OK,2,3900076,10031,561981,Laci,CS Petrocub,0.7272727273,0.5714285714,0.6493506494,0.1952380952,True,separated_utc_time_competition_score_alias,OK,True,True,True,NO_PUBLIC_XG
202223-0523,LIVE_REFRESH_VERIFIED,False,False,False,OK,3,3900207,6374,2110,Cukaricki,Racing FC Union Luxembourg,0.6666666667,1,0.8333333333,0.2913851351,True,separated_utc_time_competition_score_alias,OK,True,True,True,NO_PUBLIC_XG
202223-0533,LIVE_REFRESH_VERIFIED,False,False,False,OK,1,3900209,2234,197871,KF Shkendija,Valmiera FC,0.8571428571,0.9411764706,0.8991596639,0,True,utc_time_competition_score_high_confidence_name,OK,True,True,True,NO_PUBLIC_XG
202223-0483,LIVE_REFRESH_VERIFIED,False,False,False,OK,2,3900201,10157,2120,Osijek,FC Kyzylzhar Petropavlovsk,1,0.5625,0.78125,0.2727272727,True,separated_utc_time_competition_score_alias,OK,True,True,True,NO_PUBLIC_XG
202223-0491,LIVE_REFRESH_VERIFIED,False,False,False,OK,4,3900070,8627,8332,Buducnost Podgorica,Breidablik,1,1,1,0.2804347826,True,utc_time_competition_score_high_confidence_name,OK,True,True,True,NO_PUBLIC_XG
202223-0505,LIVE_REFRESH_VERIFIED,False,False,False,OK,1,3900126,767370,10229,FK Tuzla City,AZ Alkmaar,1,1,1,0,True,utc_time_competition_score_high_confidence_name,OK,True,True,True,NO_PUBLIC_XG
202223-0513,LIVE_REFRESH_VERIFIED,False,False,False,OK,5,3900205,163543,8002,Tre Fiori,B36 Torshavn,1,1,1,0.285,True,utc_time_competition_score_high_confidence_name,OK,True,True,True,NO_PUBLIC_XG
202223-0501,LIVE_REFRESH_VERIFIED,False,False,False,OK,7,3900072,103598,4666,DAC 1904 Dunajska Streda,Vikingur,0.8837209302,1,0.9418604651,0.2807881773,True,utc_time_competition_score_high_confidence_name,OK,True,True,True,NO_PUBLIC_XG
202223-0517,LIVE_REFRESH_VERIFIED,False,False,False,OK,6,3900092,1937,9931,Crusaders,Basel,0.6923076923,1,0.8461538462,0.325,True,separated_utc_time_competition_score_alias,OK,True,True,True,NO_PUBLIC_XG
202223-0527,LIVE_REFRESH_VERIFIED,False,False,False,OK,5,3900094,355346,7844,Puskas FC Academy,Vitoria de Guimaraes,0.8275862069,0.9189189189,0.8732525629,0.2718894009,True,utc_time_competition_score_high_confidence_name,OK,True,True,True,NO_PUBLIC_XG
202223-0549,LIVE_REFRESH_VERIFIED,False,False,False,OK,1,3900054,10107,10029,Zrinjski Mostar,KF Tirana,1,1,1,0,True,utc_time_competition_score_high_confidence_name,OK,True,True,True,NO_PUBLIC_XG
202223-0064,LIVE_REFRESH_VERIFIED,False,False,False,OK,2,3960289,9729,6033,FC Sheriff,Viktoria Plzen,0.6086956522,1,0.8043478261,0.265795207,True,separated_utc_time_competition_score_alias,OK,True,True,True,NO_PUBLIC_XG
202223-0062,LIVE_REFRESH_VERIFIED,False,False,False,OK,2,3960287,210173,10156,Ludogorets Razgrad,Dinamo Zagreb,1,1,1,0.1140740741,True,utc_time_competition_score_high_confidence_name,OK,True,True,True,NO_PUBLIC_XG
202223-0070,LIVE_REFRESH_VERIFIED,False,False,False,OK,2,3960295,9829,8640,Monaco,PSV Eindhoven,0.8,1,0.9,0.25,True,utc_time_competition_score_high_confidence_name,OK,True,True,True,ACCEPTED
202223-0074,LIVE_REFRESH_VERIFIED,False,False,False,OK,1,3960299,7978,8548,Union St.Gilloise,Rangers,0.9189189189,0.6363636364,0.7776412776,0,True,unique_utc_time_competition_score_alias,OK,True,True,True,NO_PUBLIC_XG
202223-0076,LIVE_REFRESH_VERIFIED,False,False,False,OK,1,3960301,9772,8113,Benfica,Midtjylland,1,1,1,0,True,utc_time_competition_score_high_confidence_name,OK,True,True,True,ACCEPTED
202223-0060,LIVE_REFRESH_VERIFIED,False,False,False,OK,2,3960285,7981,8222,Qarabag FK,Ferencvaros,1,1,1,0.2019230769,True,utc_time_competition_score_high_confidence_name,OK,True,True,True,NO_PUBLIC_XG
202223-0066,LIVE_REFRESH_VERIFIED,False,False,False,OK,2,3960291,8402,4616,Bodø/Glimt,Zalgiris Vilnius,1,1,1,0.1363636364,True,utc_time_competition_score_high_confidence_name,OK,True,True,True,NO_PUBLIC_XG
202223-0058,LIVE_REFRESH_VERIFIED,False,False,False,OK,1,3960283,10185,8003,Maccabi Haifa,Apollon Limassol,1,1,1,0,True,utc_time_competition_score_high_confidence_name,OK,True,True,True,NO_PUBLIC_XG
202223-0568,LIVE_REFRESH_VERIFIED,False,False,False,OK,2,3960354,9939,8002,Viborg,B36 Torshavn,0.8,1,0.9,0.1714285714,True,utc_time_competition_score_high_confidence_name,OK,True,True,True,NO_PUBLIC_XG
202223-0584,LIVE_REFRESH_VERIFIED,False,False,False,OK,4,3960376,624924,9764,Riga FC,Gil Vicente,1,1,1,0.2857142857,True,utc_time_competition_score_high_confidence_name,OK,True,True,True,NO_PUBLIC_XG
202223-0586,LIVE_REFRESH_VERIFIED,False,False,False,OK,2,3960382,1954,339993,Wolfsberger AC,Gzira United,1,1,1,0.25,True,utc_time_competition_score_high_confidence_name,OK,True,True,True,NO_PUBLIC_XG
202223-0072,LIVE_REFRESH_VERIFIED,False,False,False,OK,1,3960297,8688,10014,Dynamo Kyiv,Sturm Graz,1,1,1,0,True,utc_time_competition_score_high_confidence_name,OK,True,True,True,ACCEPTED
202223-0582,LIVE_REFRESH_VERIFIED,False,False,False,OK,3,3960370,103598,9723,DAC 1904 Dunajska Streda,FC FCSB,0.8837209302,1,0.9418604651,0.3224242424,True,utc_time_competition_score_high_confidence_name,OK,True,True,True,NO_PUBLIC_XG
202223-0068,LIVE_REFRESH_VERIFIED,False,False,False,OK,2,3960293,8687,6345,FK Crvena Zvezda,Pyunik,1,0.6,0.8,0.1121212121,True,separated_utc_time_competition_score_alias,OK,True,True,True,NO_PUBLIC_XG
202223-0215,LIVE_REFRESH_VERIFIED,False,False,False,OK,1,3960309,7797,7998,AEK Larnaca,Partizan Beograd,1,0.9090909091,0.9545454545,0,True,utc_time_competition_score_high_confidence_name,OK,True,True,True,NO_PUBLIC_XG
202223-0564,LIVE_REFRESH_VERIFIED,False,False,False,OK,4,3960342,1693,10192,KuPS,Young Boys,1,1,1,0.2481481481,True,utc_time_competition_score_high_confidence_name,OK,True,True,True,NO_PUBLIC_XG
202223-0612,LIVE_REFRESH_VERIFIED,False,False,False,OK,4,3960332,248871,8040,RFS,Hibernians,1,1,1,0.2857142857,True,utc_time_competition_score_high_confidence_name,OK,True,True,True,NO_PUBLIC_XG
202223-0556,LIVE_REFRESH_VERIFIED,False,False,False,OK,4,3960340,4662,4024,Spartak Trnava,Rakow Czestochowa,1,1,1,0.2996632997,True,utc_time_competition_score_high_confidence_name,OK,True,True,True,NO_PUBLIC_XG
202223-0566,LIVE_REFRESH_VERIFIED,False,False,False,OK,4,3960348,163540,8635,Paide Linnameeskond,Anderlecht,1,1,1,0.2996632997,True,utc_time_competition_score_high_confidence_name,OK,True,True,True,NO_PUBLIC_XG
202223-0217,LIVE_REFRESH_VERIFIED,False,False,False,OK,2,3960310,8695,2021,Fenerbahçe,Slovacko,1,0.8888888889,0.9444444444,0.229468599,True,utc_time_competition_score_high_confidence_name,OK,True,True,True,NO_PUBLIC_XG
202223-0219,LIVE_REFRESH_VERIFIED,False,False,False,OK,2,3960304,10237,4548,Malmö FF,F91 Dudelange,1,1,1,0.1507936508,True,utc_time_competition_score_high_confidence_name,OK,True,True,True,NO_PUBLIC_XG
202223-0558,LIVE_REFRESH_VERIFIED,False,False,False,OK,4,3960346,8349,2234,AIK,KF Shkendija,1,0.8571428571,0.9285714286,0.2428571429,True,utc_time_competition_score_high_confidence_name,OK,True,True,True,NO_PUBLIC_XG
202223-0560,LIVE_REFRESH_VERIFIED,False,False,False,OK,1,3960352,8478,6361,Viking,Sligo Rovers,0.5454545455,1,0.7727272727,0,True,unique_utc_time_competition_score_alias,OK,True,True,True,NO_PUBLIC_XG
202223-0574,LIVE_REFRESH_VERIFIED,False,False,False,OK,4,3960350,8476,9988,Lillestrøm,Royal Antwerp,1,1,1,0.2875,True,utc_time_competition_score_high_confidence_name,OK,True,True,True,NO_PUBLIC_XG
202223-0576,LIVE_REFRESH_VERIFIED,False,False,False,OK,3,3960356,10144,1854,PFC CSKA-Sofia,St. Patrick's Athletic,0.8333333333,1,0.9166666667,0.3115151515,True,utc_time_competition_score_high_confidence_name,OK,True,True,True,NO_PUBLIC_XG
202223-0580,LIVE_REFRESH_VERIFIED,False,False,False,OK,6,3960364,8621,2120,APOEL Nicosia,FC Kyzylzhar Petropavlovsk,1,0.5625,0.78125,0.3117408907,True,separated_utc_time_competition_score_alias,OK,True,True,True,NO_PUBLIC_XG
202223-0588,LIVE_REFRESH_VERIFIED,False,False,False,OK,2,3960388,7855,8239,Maccabi Tel Aviv,Aris Thessaloniki FC,1,1,1,0.3379310345,True,utc_time_competition_score_high_confidence_name,OK,True,True,True,NO_PUBLIC_XG
202223-0590,LIVE_REFRESH_VERIFIED,False,False,False,OK,2,3960366,9917,465382,Molde,Kisvarda,1,1,1,0.1909090909,True,utc_time_competition_score_high_confidence_name,OK,True,True,True,NO_PUBLIC_XG
202223-0592,LIVE_REFRESH_VERIFIED,False,False,False,OK,1,3960372,4617,10015,FK Neftchi,Rapid Wien,0.7368421053,1,0.8684210526,0,True,utc_time_competition_score_high_confidence_name,OK,True,True,True,NO_PUBLIC_XG
202223-0608,LIVE_REFRESH_VERIFIED,False,False,False,OK,2,3960392,7787,10200,Slavia Prague,Panathinaikos,0.8,1,0.9,0.3428571429,True,utc_time_competition_score_high_confidence_name,OK,True,True,True,NO_PUBLIC_XG
202223-0618,LIVE_REFRESH_VERIFIED,False,False,False,OK,2,3960338,10068,9731,Shakhtyor Soligorsk,CFR Cluj,0.8947368421,1,0.9473684211,0.2833333333,True,utc_time_competition_score_high_confidence_name,OK,True,True,True,NO_PUBLIC_XG
202223-0596,LIVE_REFRESH_VERIFIED,False,False,False,OK,3,3960384,4528,8632,Hamrun Spartans,Levski Sofia,1,1,1,0.2288401254,True,utc_time_competition_score_high_confidence_name,OK,True,True,True,NO_PUBLIC_XG
202223-0600,LIVE_REFRESH_VERIFIED,False,False,False,OK,6,3960368,7770,480286,Zorya,Universitatea Craiova,0.5555555556,1,0.7777777778,0.2928571429,True,separated_utc_time_competition_score_alias,OK,True,True,True,NO_PUBLIC_XG
202223-0594,LIVE_REFRESH_VERIFIED,False,False,False,OK,4,3960378,7896,9754,Lugano,Hapoel Beer Sheva,1,1,1,0.2681481481,True,utc_time_competition_score_high_confidence_name,OK,True,True,True,NO_PUBLIC_XG
202223-0598,LIVE_REFRESH_VERIFIED,False,False,False,OK,4,3960390,6374,8611,Cukaricki,FC Twente,0.6666666667,0.5714285714,0.619047619,0.1785714286,True,separated_utc_time_competition_score_alias,OK,True,True,True,NO_PUBLIC_XG
202223-0602,LIVE_REFRESH_VERIFIED,False,False,False,OK,4,3960374,9824,8622,FC Vaduz,Konyaspor,1,1,1,0.2678571429,True,utc_time_competition_score_high_confidence_name,OK,True,True,True,NO_PUBLIC_XG
202223-0604,LIVE_REFRESH_VERIFIED,False,False,False,OK,4,3960380,583706,9802,Sepsi OSK,Djurgården,1,0.8333333333,0.9166666667,0.2185007974,True,utc_time_competition_score_high_confidence_name,OK,True,True,True,NO_PUBLIC_XG
202223-0614,LIVE_REFRESH_VERIFIED,False,False,False,OK,1,3960334,952668,8106,Ballkani,Klaksvik,1,0.8421052632,0.9210526316,0,True,utc_time_competition_score_high_confidence_name,OK,True,True,True,NO_PUBLIC_XG
202223-0227,LIVE_REFRESH_VERIFIED,False,False,False,OK,2,3960308,8340,9861,Maribor,HJK,1,0.4,0.7,0.1222222222,True,separated_utc_time_competition_score_alias,OK,True,True,True,NO_PUBLIC_XG
202223-0572,LIVE_REFRESH_VERIFIED,False,False,False,OK,6,3960344,8595,9931,Brøndby IF,Basel,1,1,1,0.3072463768,True,utc_time_competition_score_high_confidence_name,OK,True,True,True,NO_PUBLIC_XG
202223-0223,LIVE_REFRESH_VERIFIED,False,False,False,OK,2,3960306,7971,10243,Linfield,FC Zürich,0.6666666667,1,0.8333333333,0.1980676329,True,separated_utc_time_competition_score_alias,OK,True,True,True,ACCEPTED
202223-0562,LIVE_REFRESH_VERIFIED,False,False,False,OK,4,3960358,8332,1933,Breidablik,Istanbul Başakşehir,1,1,1,0.2778947368,True,utc_time_competition_score_high_confidence_name,OK,True,True,True,NO_PUBLIC_XG
202223-0610,LIVE_REFRESH_VERIFIED,False,False,False,OK,6,3960330,6017,2182,Vikingur Reykjavik,Lech Poznan,1,1,1,0.3212121212,True,utc_time_competition_score_high_confidence_name,OK,True,True,True,NO_PUBLIC_XG
202223-0606,LIVE_REFRESH_VERIFIED,False,False,False,OK,1,3960386,8036,561981,Fehervar FC,CS Petrocub,1,0.5714285714,0.7857142857,0,True,unique_utc_time_competition_score_alias,OK,True,True,True,NO_PUBLIC_XG
202223-0221,LIVE_REFRESH_VERIFIED,False,False,False,OK,1,3960305,4131,358106,Shamrock Rovers,Shkupi,1,1,1,0,True,utc_time_competition_score_high_confidence_name,OK,True,True,True,NO_PUBLIC_XG
202223-0225,LIVE_REFRESH_VERIFIED,False,False,False,OK,1,3960307,8638,6019,Olympiacos,Slovan Bratislava,0.6428571429,1,0.8214285714,0,True,unique_utc_time_competition_score_alias,OK,True,True,True,NO_PUBLIC_XG
202223-0570,LIVE_REFRESH_VERIFIED,False,False,False,OK,1,3960360,10154,7844,Hajduk Split,Vitoria de Guimaraes,1,0.9189189189,0.9594594595,0,True,utc_time_competition_score_high_confidence_name,OK,True,True,True,NO_PUBLIC_XG
202223-0578,LIVE_REFRESH_VERIFIED,False,False,False,OK,6,3960362,9938,10229,Dundee United,AZ Alkmaar,1,1,1,0.3072463768,True,utc_time_competition_score_high_confidence_name,OK,True,True,True,NO_PUBLIC_XG
202223-0616,LIVE_REFRESH_VERIFIED,False,False,False,OK,6,3960336,10107,7983,Zrinjski Mostar,Tobol Kostanay,1,0.8571428571,0.9285714286,0.3214285714,True,utc_time_competition_score_high_confidence_name,OK,True,True,True,NO_PUBLIC_XG
202223-0067,LIVE_REFRESH_VERIFIED,False,False,False,OK,1,3960292,4616,8402,Zalgiris Vilnius,Bodø/Glimt,1,1,1,0,True,utc_time_competition_score_high_confidence_name,OK,True,True,True,NO_PUBLIC_XG
202223-0587,LIVE_REFRESH_VERIFIED,False,False,False,OK,1,3960383,339993,1954,Gzira United,Wolfsberger AC,1,1,1,0,True,utc_time_competition_score_high_confidence_name,OK,True,True,True,NO_PUBLIC_XG
202223-0059,LIVE_REFRESH_VERIFIED,False,False,False,OK,1,3960284,8003,10185,Apollon Limassol,Maccabi Haifa,1,1,1,0,True,utc_time_competition_score_high_confidence_name,OK,True,True,True,NO_PUBLIC_XG
202223-0065,LIVE_REFRESH_VERIFIED,False,False,False,OK,1,3960290,6033,9729,Viktoria Plzen,FC Sheriff,1,0.6086956522,0.8043478261,0,True,unique_utc_time_competition_score_alias,OK,True,True,True,NO_PUBLIC_XG
202223-0069,LIVE_REFRESH_VERIFIED,False,False,False,OK,1,3960294,6345,8687,Pyunik,FK Crvena Zvezda,0.6,1,0.8,0,True,unique_utc_time_competition_score_alias,OK,True,True,True,NO_PUBLIC_XG
202223-0077,LIVE_REFRESH_VERIFIED,False,False,False,OK,2,3960302,8113,9772,Midtjylland,Benfica,1,1,1,0.1883116883,True,utc_time_competition_score_high_confidence_name,OK,True,True,True,ACCEPTED
202223-0061,LIVE_REFRESH_VERIFIED,False,False,False,OK,2,3960286,8222,7981,Ferencvaros,Qarabag FK,1,1,1,0.1168831169,True,utc_time_competition_score_high_confidence_name,OK,True,True,True,NO_PUBLIC_XG
202223-0063,LIVE_REFRESH_VERIFIED,False,False,False,OK,1,3960288,10156,210173,Dinamo Zagreb,Ludogorets Razgrad,1,1,1,0,True,utc_time_competition_score_high_confidence_name,OK,True,True,True,NO_PUBLIC_XG
202223-0569,LIVE_REFRESH_VERIFIED,False,False,False,OK,1,3960355,8002,9939,B36 Torshavn,Viborg,1,0.8,0.9,0,True,utc_time_competition_score_high_confidence_name,OK,True,True,True,NO_PUBLIC_XG
202223-0071,LIVE_REFRESH_VERIFIED,False,False,False,OK,1,3960296,8640,9829,PSV Eindhoven,Monaco,1,0.8,0.9,0,True,utc_time_competition_score_high_confidence_name,OK,True,True,True,EXTRA_TIME_SCOPE_MISMATCH
202223-0073,LIVE_REFRESH_VERIFIED,False,False,False,OK,1,3960298,10014,8688,Sturm Graz,Dynamo Kyiv,1,1,1,0,True,utc_time_competition_score_high_confidence_name,OK,True,True,True,EXTRA_TIME_SCOPE_MISMATCH
202223-0075,LIVE_REFRESH_VERIFIED,False,False,False,OK,1,3960300,8548,7978,Rangers,Union St.Gilloise,0.6363636364,0.9189189189,0.7776412776,0,True,unique_utc_time_competition_score_alias,OK,True,True,True,NO_PUBLIC_XG
202223-0222,LIVE_REFRESH_VERIFIED,False,False,False,OK,1,3960312,358106,4131,Shkupi,Shamrock Rovers,1,1,1,0,True,utc_time_competition_score_high_confidence_name,OK,True,True,True,NO_PUBLIC_XG
202223-0571,LIVE_REFRESH_VERIFIED,False,False,False,OK,5,3960361,7844,10154,Vitoria de Guimaraes,Hajduk Split,0.9189189189,1,0.9594594595,0.3458064516,True,utc_time_competition_score_high_confidence_name,OK,True,True,True,NO_PUBLIC_XG
202223-0581,LIVE_REFRESH_VERIFIED,False,False,False,OK,1,3960365,2120,8621,FC Kyzylzhar Petropavlovsk,APOEL Nicosia,0.5625,1,0.78125,0,True,unique_utc_time_competition_score_alias,OK,True,True,True,NO_PUBLIC_XG
202223-0617,LIVE_REFRESH_VERIFIED,False,False,False,OK,3,3960337,7983,10107,Tobol Kostanay,Zrinjski Mostar,0.8571428571,1,0.9285714286,0.2264957265,True,utc_time_competition_score_high_confidence_name,OK,True,True,True,NO_PUBLIC_XG
202223-0228,LIVE_REFRESH_VERIFIED,False,False,False,OK,1,3960315,9861,8340,HJK,Maribor,0.4,1,0.7,0,True,unique_utc_time_competition_score_alias,OK,True,True,True,NO_PUBLIC_XG
202223-0557,LIVE_REFRESH_VERIFIED,False,False,False,OK,5,3960341,4024,4662,Rakow Czestochowa,Spartak Trnava,1,1,1,0.2715151515,True,utc_time_competition_score_high_confidence_name,OK,True,True,True,NO_PUBLIC_XG
202223-0218,LIVE_REFRESH_VERIFIED,False,False,False,OK,1,3960317,2021,8695,Slovacko,Fenerbahçe,0.8888888889,1,0.9444444444,0,True,utc_time_competition_score_high_confidence_name,OK,True,True,True,NO_PUBLIC_XG
202223-0224,LIVE_REFRESH_VERIFIED,False,False,False,OK,1,3960313,10243,7971,FC Zürich,Linfield,1,0.6666666667,0.8333333333,0,True,unique_utc_time_competition_score_alias,OK,True,True,True,ACCEPTED
202223-0599,LIVE_REFRESH_VERIFIED,False,False,False,OK,2,3960391,8611,6374,FC Twente,Cukaricki,0.5714285714,0.6666666667,0.619047619,0.2820512821,True,separated_utc_time_competition_score_alias,OK,True,True,True,NO_PUBLIC_XG
202223-0603,LIVE_REFRESH_VERIFIED,False,False,False,OK,1,3960375,8622,9824,Konyaspor,FC Vaduz,1,1,1,0,True,utc_time_competition_score_high_confidence_name,OK,True,True,True,NO_PUBLIC_XG
202223-0605,LIVE_REFRESH_VERIFIED,False,False,False,OK,2,3960381,9802,583706,Djurgården,Sepsi OSK,0.8333333333,1,0.9166666667,0.1311827957,True,utc_time_competition_score_high_confidence_name,OK,True,True,True,NO_PUBLIC_XG
202223-0607,LIVE_REFRESH_VERIFIED,False,False,False,OK,2,3960387,561981,8036,CS Petrocub,Fehervar FC,0.5714285714,1,0.7857142857,0.2773613193,True,separated_utc_time_competition_score_alias,OK,True,True,True,NO_PUBLIC_XG
202223-0619,LIVE_REFRESH_VERIFIED,False,False,False,OK,5,3960339,9731,10068,CFR Cluj,Shakhtyor Soligorsk,1,0.8947368421,0.9473684211,0.3329493088,True,utc_time_competition_score_high_confidence_name,OK,True,True,True,NO_PUBLIC_XG
202223-0573,LIVE_REFRESH_VERIFIED,True,False,False,OK,1,3960365,2120,8621,FC Kyzylzhar Petropavlovsk,APOEL Nicosia,0.1428571429,0.2608695652,0.201863354,0,False,identity_below_threshold_or_ambiguous,NOT_REQUESTED,False,False,False,IDENTITY_AMBIGUOUS
202223-0595,LIVE_REFRESH_VERIFIED,False,False,False,OK,2,3960379,9754,7896,Hapoel Beer Sheva,Lugano,1,1,1,0.1407407407,True,utc_time_competition_score_high_confidence_name,OK,True,True,True,NO_PUBLIC_XG
202223-0575,LIVE_REFRESH_VERIFIED,False,False,False,OK,2,3960351,9988,8476,Royal Antwerp,Lillestrøm,1,1,1,0.2327365729,True,utc_time_competition_score_high_confidence_name,OK,True,True,True,NO_PUBLIC_XG
202223-0583,LIVE_REFRESH_VERIFIED,False,False,False,OK,5,3960371,9723,103598,FC FCSB,DAC 1904 Dunajska Streda,1,0.8837209302,0.9418604651,0.2719298246,True,utc_time_competition_score_high_confidence_name,OK,True,True,True,NO_PUBLIC_XG
202223-0601,LIVE_REFRESH_VERIFIED,False,False,False,OK,4,3960369,480286,7770,Universitatea Craiova,Zorya,1,0.5555555556,0.7777777778,0.3239130435,True,separated_utc_time_competition_score_alias,OK,True,True,True,NO_PUBLIC_XG
202223-0609,LIVE_REFRESH_VERIFIED,False,False,False,OK,3,3960393,10200,7787,Panathinaikos,Slavia Prague,1,0.8,0.9,0.2222222222,True,utc_time_competition_score_high_confidence_name,OK,True,True,True,NO_PUBLIC_XG
202223-0563,LIVE_REFRESH_VERIFIED,False,False,False,OK,4,3960359,1933,8332,Istanbul Başakşehir,Breidablik,1,1,1,0.3448275862,True,utc_time_competition_score_high_confidence_name,OK,True,True,True,NO_PUBLIC_XG
202223-0220,LIVE_REFRESH_VERIFIED,False,False,False,OK,3,3960311,4548,10237,F91 Dudelange,Malmö FF,1,1,1,0.2666666667,True,utc_time_competition_score_high_confidence_name,OK,True,True,True,NO_PUBLIC_XG
202223-0559,LIVE_REFRESH_VERIFIED,False,False,False,OK,3,3960347,2234,8349,KF Shkendija,AIK,0.8571428571,1,0.9285714286,0.1859903382,True,utc_time_competition_score_high_confidence_name,OK,True,True,True,NO_PUBLIC_XG
202223-0561,LIVE_REFRESH_VERIFIED,False,False,False,OK,5,3960353,6361,8478,Sligo Rovers,Viking,1,0.5454545455,0.7727272727,0.2701149425,True,separated_utc_time_competition_score_alias,OK,True,True,True,NO_PUBLIC_XG
202223-0567,LIVE_REFRESH_VERIFIED,False,False,False,OK,4,3960349,8635,163540,Anderlecht,Paide Linnameeskond,1,1,1,0.3103448276,True,utc_time_competition_score_high_confidence_name,OK,True,True,True,NO_PUBLIC_XG
202223-0589,LIVE_REFRESH_VERIFIED,False,False,False,OK,4,3960389,8239,7855,Aris Thessaloniki FC,Maccabi Tel Aviv,1,1,1,0.285,True,utc_time_competition_score_high_confidence_name,OK,True,True,True,NO_PUBLIC_XG
202223-0597,LIVE_REFRESH_VERIFIED,False,False,False,OK,2,3960385,8632,4528,Levski Sofia,Hamrun Spartans,1,1,1,0.2608695652,True,utc_time_competition_score_high_confidence_name,OK,True,True,True,NO_PUBLIC_XG
202223-0613,LIVE_REFRESH_VERIFIED,False,False,False,OK,1,3960333,8040,248871,Hibernians,RFS,1,1,1,0,True,utc_time_competition_score_high_confidence_name,OK,True,True,True,NO_PUBLIC_XG
202223-0615,LIVE_REFRESH_VERIFIED,False,False,False,OK,4,3960335,8106,952668,Klaksvik,Ballkani,0.8421052632,1,0.9210526316,0.2874493927,True,utc_time_competition_score_high_confidence_name,OK,True,True,True,NO_PUBLIC_XG
202223-0226,LIVE_REFRESH_VERIFIED,False,False,False,OK,3,3960314,6019,8638,Slovan Bratislava,Olympiacos,1,0.6428571429,0.8214285714,0.2507836991,True,separated_utc_time_competition_score_alias,OK,True,True,True,NO_PUBLIC_XG
202223-0593,LIVE_REFRESH_VERIFIED,True,False,False,OK,1,3960365,2120,8621,FC Kyzylzhar Petropavlovsk,APOEL Nicosia,0.1212121212,0.32,0.2206060606,0,False,identity_below_threshold_or_ambiguous,NOT_REQUESTED,False,False,False,IDENTITY_AMBIGUOUS
202223-0611,LIVE_REFRESH_VERIFIED,False,False,False,OK,2,3960331,2182,6017,Lech Poznan,Vikingur Reykjavik,1,1,1,0.2287581699,True,utc_time_competition_score_high_confidence_name,OK,True,True,True,NO_PUBLIC_XG
202223-0577,LIVE_REFRESH_VERIFIED,False,False,False,OK,1,3960357,1854,10144,St. Patrick's Athletic,PFC CSKA-Sofia,1,0.8333333333,0.9166666667,0,True,utc_time_competition_score_high_confidence_name,OK,True,True,True,NO_PUBLIC_XG
202223-0216,LIVE_REFRESH_VERIFIED,False,False,False,OK,3,3960316,7998,7797,Partizan Beograd,AEK Larnaca,0.9090909091,1,0.9545454545,0.3193277311,True,utc_time_competition_score_high_confidence_name,OK,True,True,True,NO_PUBLIC_XG
202223-0565,LIVE_REFRESH_VERIFIED,False,False,False,OK,4,3960343,10192,1693,Young Boys,KuPS,1,1,1,0.2093596059,True,utc_time_competition_score_high_confidence_name,OK,True,True,True,NO_PUBLIC_XG
202223-0579,LIVE_REFRESH_VERIFIED,False,False,False,OK,1,3960363,10229,9938,AZ Alkmaar,Dundee United,1,1,1,0,True,utc_time_competition_score_high_confidence_name,OK,True,True,True,NO_PUBLIC_XG
202223-0585,LIVE_REFRESH_VERIFIED,False,False,False,OK,1,3960377,9764,624924,Gil Vicente,Riga FC,1,1,1,0,True,utc_time_competition_score_high_confidence_name,OK,True,True,True,NO_PUBLIC_XG
202223-0591,LIVE_REFRESH_VERIFIED,False,False,False,OK,4,3960367,465382,9917,Kisvarda,Molde,1,1,1,0.2644230769,True,utc_time_competition_score_high_confidence_name,OK,True,True,True,NO_PUBLIC_XG
202223-0080,LIVE_REFRESH_VERIFIED,False,False,False,OK,1,3983938,8402,10156,Bodø/Glimt,Dinamo Zagreb,1,1,1,0,True,utc_time_competition_score_high_confidence_name,OK,True,True,True,ACCEPTED
202223-0084,LIVE_REFRESH_VERIFIED,False,False,False,OK,1,3983942,8391,9752,FC København,Trabzonspor,1,1,1,0,True,utc_time_competition_score_high_confidence_name,OK,True,True,True,ACCEPTED
202223-0088,LIVE_REFRESH_VERIFIED,False,False,False,OK,1,3983946,8548,8640,Rangers,PSV Eindhoven,0.6363636364,1,0.8181818182,0,True,unique_utc_time_competition_score_alias,OK,True,True,True,ACCEPTED
202223-0078,LIVE_REFRESH_VERIFIED,False,False,False,OK,1,3983936,7981,6033,Qarabag FK,Viktoria Plzen,1,1,1,0,True,utc_time_competition_score_high_confidence_name,OK,True,True,True,ACCEPTED
202223-0622,LIVE_REFRESH_VERIFIED,False,False,False,OK,2,3984017,9802,8621,Djurgården,APOEL Nicosia,0.8333333333,1,0.9166666667,0.1704545455,True,utc_time_competition_score_high_confidence_name,OK,True,True,True,NO_PUBLIC_XG
202223-0082,LIVE_REFRESH_VERIFIED,False,False,False,OK,2,3983940,10185,8687,Maccabi Haifa,FK Crvena Zvezda,1,1,1,0.1384408602,True,utc_time_competition_score_high_confidence_name,OK,True,True,True,ACCEPTED
202223-0086,LIVE_REFRESH_VERIFIED,False,False,False,OK,1,3983944,8688,9772,Dynamo Kyiv,Benfica,1,1,1,0,True,utc_time_competition_score_high_confidence_name,OK,True,True,True,ACCEPTED
202223-0237,LIVE_REFRESH_VERIFIED,False,False,False,OK,2,3984000,9861,8415,HJK,Silkeborg,0.4,0.8571428571,0.6285714286,0.1761904762,True,separated_utc_time_competition_score_alias,OK,True,True,True,NO_PUBLIC_XG
202223-0636,LIVE_REFRESH_VERIFIED,False,False,False,OK,2,3984016,4024,7787,Rakow Czestochowa,Slavia Prague,1,0.8,0.9,0.07407407407,True,utc_time_competition_score_high_confidence_name,OK,True,True,True,NO_PUBLIC_XG
202223-0241,LIVE_REFRESH_VERIFIED,False,False,False,OK,1,3983988,8222,4131,Ferencvaros,Shamrock Rovers,1,1,1,0,True,utc_time_competition_score_high_confidence_name,OK,True,True,True,NO_PUBLIC_XG
202223-0235,LIVE_REFRESH_VERIFIED,False,False,False,OK,1,3983999,10243,9860,FC Zürich,Hearts,1,1,1,0,True,utc_time_competition_score_high_confidence_name,OK,True,True,True,ACCEPTED
202223-0239,LIVE_REFRESH_VERIFIED,False,False,False,OK,1,3984001,10237,6265,Malmö FF,Sivasspor,1,1,1,0,True,utc_time_competition_score_high_confidence_name,OK,True,True,True,NO_PUBLIC_XG
202223-0243,LIVE_REFRESH_VERIFIED,False,False,False,OK,1,3983989,8003,8638,Apollon Limassol,Olympiacos,1,0.6428571429,0.8214285714,0,True,unique_utc_time_competition_score_alias,OK,True,True,True,NO_PUBLIC_XG
202223-0245,LIVE_REFRESH_VERIFIED,False,False,False,OK,1,3983990,6345,9729,Pyunik,FC Sheriff,0.6,0.6086956522,0.6043478261,0,True,unique_utc_time_competition_score_alias,OK,True,True,True,NO_PUBLIC_XG
202223-0620,LIVE_REFRESH_VERIFIED,False,False,False,OK,3,3984014,10144,9931,PFC CSKA-Sofia,Basel,0.8333333333,1,0.9166666667,0.3018181818,True,utc_time_competition_score_high_confidence_name,OK,True,True,True,NO_PUBLIC_XG
202223-0630,LIVE_REFRESH_VERIFIED,False,False,False,OK,3,3984018,7855,9831,Maccabi Tel Aviv,Nice,1,0.6666666667,0.8333333333,0.2490322581,True,separated_utc_time_competition_score_alias,OK,True,True,True,NO_PUBLIC_XG
202223-0646,LIVE_REFRESH_VERIFIED,False,False,False,OK,2,3984027,10192,8635,Young Boys,Anderlecht,1,1,1,0.2095238095,True,utc_time_competition_score_high_confidence_name,OK,True,True,True,NO_PUBLIC_XG
202223-0648,LIVE_REFRESH_VERIFIED,False,False,False,OK,2,3984028,2021,8349,Slovacko,AIK,0.8888888889,1,0.9444444444,0.175,True,utc_time_competition_score_high_confidence_name,OK,True,True,True,NO_PUBLIC_XG
202223-0650,LIVE_REFRESH_VERIFIED,False,False,False,OK,2,3984029,9917,1954,Molde,Wolfsberger AC,1,1,1,0.2095238095,True,utc_time_competition_score_high_confidence_name,OK,True,True,True,NO_PUBLIC_XG
202223-0656,LIVE_REFRESH_VERIFIED,False,False,False,OK,1,3984010,248871,7971,RFS,Linfield,1,0.6666666667,0.8333333333,0,True,unique_utc_time_competition_score_alias,OK,True,True,True,NO_PUBLIC_XG
202223-0638,LIVE_REFRESH_VERIFIED,False,False,False,OK,3,3984019,480286,9754,Universitatea Craiova,Hapoel Beer Sheva,1,1,1,0.3166666667,True,utc_time_competition_score_high_confidence_name,OK,True,True,True,NO_PUBLIC_XG
202223-0247,LIVE_REFRESH_VERIFIED,False,False,False,OK,2,3983991,210173,4616,Ludogorets Razgrad,Zalgiris Vilnius,1,1,1,0.12,True,utc_time_competition_score_high_confidence_name,OK,True,True,True,NO_PUBLIC_XG
202223-0624,LIVE_REFRESH_VERIFIED,False,False,False,OK,3,3984020,1933,9988,Istanbul Başakşehir,Royal Antwerp,1,1,1,0.3416666667,True,utc_time_competition_score_high_confidence_name,OK,True,True,True,NO_PUBLIC_XG
202223-0229,LIVE_REFRESH_VERIFIED,False,False,False,OK,1,3983996,883952,7797,SC Dnipro-1,AEK Larnaca,1,1,1,0,True,utc_time_competition_score_high_confidence_name,OK,True,True,True,NO_PUBLIC_XG
202223-0628,LIVE_REFRESH_VERIFIED,False,False,False,OK,3,3984015,9824,10015,FC Vaduz,Rapid Wien,1,1,1,0.2250712251,True,utc_time_competition_score_high_confidence_name,OK,True,True,True,NO_PUBLIC_XG
202223-0662,LIVE_REFRESH_VERIFIED,False,False,False,OK,3,3984013,10107,6019,Zrinjski Mostar,Slovan Bratislava,1,1,1,0.2288401254,True,utc_time_competition_score_high_confidence_name,OK,True,True,True,NO_PUBLIC_XG
202223-0654,LIVE_REFRESH_VERIFIED,False,False,False,OK,1,3984009,8340,9731,Maribor,CFR Cluj,1,1,1,0,True,utc_time_competition_score_high_confidence_name,OK,True,True,True,NO_PUBLIC_XG
202223-0231,LIVE_REFRESH_VERIFIED,False,False,False,OK,2,3983997,9991,8044,Gent,Omonia Nicosia,0.7272727273,1,0.8636363636,0.3881578947,True,utc_time_competition_score_high_confidence_name,OK,True,True,True,NO_PUBLIC_XG
202223-0632,LIVE_REFRESH_VERIFIED,False,False,False,OK,3,3984021,9723,8478,FC FCSB,Viking,1,0.5454545455,0.7727272727,0.225,True,separated_utc_time_competition_score_alias,OK,True,True,True,NO_PUBLIC_XG
202223-0642,LIVE_REFRESH_VERIFIED,False,False,False,OK,3,3984025,8722,8036,1. FC Köln,Fehervar FC,1,1,1,0.1458333333,True,utc_time_competition_score_high_confidence_name,OK,True,True,True,NO_PUBLIC_XG
202223-0658,LIVE_REFRESH_VERIFIED,False,False,False,OK,1,3984011,2182,4548,Lech Poznan,F91 Dudelange,1,1,1,0,True,utc_time_competition_score_high_confidence_name,OK,True,True,True,NO_PUBLIC_XG
202223-0634,LIVE_REFRESH_VERIFIED,False,False,False,OK,1,3984024,10205,10154,Villarreal,Hajduk Split,1,1,1,0,True,utc_time_competition_score_high_confidence_name,OK,True,True,True,NO_PUBLIC_XG
202223-0644,LIVE_REFRESH_VERIFIED,False,False,False,OK,1,3984026,8654,9939,West Ham United,Viborg,1,0.8,0.9,0,True,utc_time_competition_score_high_confidence_name,OK,True,True,True,NO_PUBLIC_XG
202223-0233,LIVE_REFRESH_VERIFIED,False,False,False,OK,2,3983998,10011,8695,Austria Wien,Fenerbahçe,1,1,1,0.25,True,utc_time_competition_score_high_confidence_name,OK,True,True,True,ACCEPTED
202223-0626,LIVE_REFRESH_VERIFIED,False,False,False,OK,2,3984023,8535,8611,Fiorentina,FC Twente,1,0.5714285714,0.7857142857,0.1838624339,True,separated_utc_time_competition_score_alias,OK,True,True,True,NO_PUBLIC_XG
202223-0640,LIVE_REFRESH_VERIFIED,False,False,False,OK,1,3984022,7998,4528,Partizan Beograd,Hamrun Spartans,0.9090909091,1,0.9545454545,0,True,utc_time_competition_score_high_confidence_name,OK,True,True,True,NO_PUBLIC_XG
202223-0652,LIVE_REFRESH_VERIFIED,False,False,False,OK,1,3984030,10229,9764,AZ Alkmaar,Gil Vicente,1,1,1,0,True,utc_time_competition_score_high_confidence_name,OK,True,True,True,NO_PUBLIC_XG
202223-0660,LIVE_REFRESH_VERIFIED,False,False,False,OK,3,3984012,358106,952668,Shkupi,Ballkani,1,1,1,0.2428571429,True,utc_time_competition_score_high_confidence_name,OK,True,True,True,NO_PUBLIC_XG
202223-0623,LIVE_REFRESH_VERIFIED,False,False,False,OK,1,3984039,8621,9802,APOEL Nicosia,Djurgården,1,0.8333333333,0.9166666667,0,True,utc_time_competition_score_high_confidence_name,OK,True,True,True,NO_PUBLIC_XG
202223-0079,LIVE_REFRESH_VERIFIED,False,False,False,OK,1,3983937,6033,7981,Viktoria Plzen,Qarabag FK,1,1,1,0,True,utc_time_competition_score_high_confidence_name,OK,True,True,True,ACCEPTED
202223-0083,LIVE_REFRESH_VERIFIED,False,False,False,OK,1,3983941,8687,10185,FK Crvena Zvezda,Maccabi Haifa,1,1,1,0,True,utc_time_competition_score_high_confidence_name,OK,True,True,True,ACCEPTED
202223-0087,LIVE_REFRESH_VERIFIED,False,False,False,OK,1,3983945,9772,8688,Benfica,Dynamo Kyiv,1,1,1,0,True,utc_time_competition_score_high_confidence_name,OK,True,True,True,ACCEPTED
202223-0081,LIVE_REFRESH_VERIFIED,False,False,False,OK,1,3983939,10156,8402,Dinamo Zagreb,Bodø/Glimt,1,1,1,0,True,utc_time_competition_score_high_confidence_name,OK,True,True,True,EXTRA_TIME_SCOPE_MISMATCH
202223-0085,LIVE_REFRESH_VERIFIED,False,False,False,OK,1,3983943,9752,8391,Trabzonspor,FC København,1,1,1,0,True,utc_time_competition_score_high_confidence_name,OK,True,True,True,ACCEPTED
202223-0089,LIVE_REFRESH_VERIFIED,False,False,False,OK,1,3983947,8640,8548,PSV Eindhoven,Rangers,1,0.6363636364,0.8181818182,0,True,unique_utc_time_competition_score_alias,OK,True,True,True,ACCEPTED
202223-0230,LIVE_REFRESH_VERIFIED,False,False,False,OK,1,3984002,7797,883952,AEK Larnaca,SC Dnipro-1,1,1,1,0,True,utc_time_competition_score_high_confidence_name,OK,True,True,True,NO_PUBLIC_XG
202223-0248,LIVE_REFRESH_VERIFIED,False,False,False,OK,1,3983995,4616,210173,Zalgiris Vilnius,Ludogorets Razgrad,1,1,1,0,True,utc_time_competition_score_high_confidence_name,OK,True,True,True,NO_PUBLIC_XG
202223-0238,LIVE_REFRESH_VERIFIED,False,False,False,OK,2,3984006,8415,9861,Silkeborg,HJK,0.8571428571,0.4,0.6285714286,0.1525974026,True,separated_utc_time_competition_score_alias,OK,True,True,True,NO_PUBLIC_XG
202223-0232,LIVE_REFRESH_VERIFIED,False,False,False,OK,1,3984003,8044,9991,Omonia Nicosia,Gent,1,0.7272727273,0.8636363636,0,True,utc_time_competition_score_high_confidence_name,OK,True,True,True,NO_PUBLIC_XG
202223-0234,LIVE_REFRESH_VERIFIED,False,False,False,OK,1,3984004,8695,10011,Fenerbahçe,Austria Wien,1,1,1,0,True,utc_time_competition_score_high_confidence_name,OK,True,True,True,ACCEPTED
202223-0240,LIVE_REFRESH_VERIFIED,False,False,False,OK,1,3984007,6265,10237,Sivasspor,Malmö FF,1,1,1,0,True,utc_time_competition_score_high_confidence_name,OK,True,True,True,NO_PUBLIC_XG
202223-0246,LIVE_REFRESH_VERIFIED,False,False,False,OK,1,3983994,9729,6345,FC Sheriff,Pyunik,0.6086956522,0.6,0.6043478261,0,True,unique_utc_time_competition_score_alias,OK,True,True,True,NO_PUBLIC_XG
202223-0621,LIVE_REFRESH_VERIFIED,False,False,False,OK,3,3984036,9931,10144,Basel,PFC CSKA-Sofia,1,0.8333333333,0.9166666667,0.264957265,True,utc_time_competition_score_high_confidence_name,OK,True,True,True,NO_PUBLIC_XG
202223-0627,LIVE_REFRESH_VERIFIED,False,False,False,OK,1,3984045,8611,8535,FC Twente,Fiorentina,0.5714285714,1,0.7857142857,0,True,unique_utc_time_competition_score_alias,OK,True,True,True,NO_PUBLIC_XG
202223-0633,LIVE_REFRESH_VERIFIED,False,False,False,OK,2,3984043,8478,9723,Viking,FC FCSB,0.5454545455,1,0.7727272727,0.2593703148,True,separated_utc_time_competition_score_alias,OK,True,True,True,NO_PUBLIC_XG
202223-0637,LIVE_REFRESH_VERIFIED,False,False,False,OK,3,3984038,7787,4024,Slavia Prague,Rakow Czestochowa,0.8,1,0.9,0.2789373814,True,utc_time_competition_score_high_confidence_name,OK,True,True,True,NO_PUBLIC_XG
202223-0639,LIVE_REFRESH_VERIFIED,False,False,False,OK,3,3984041,9754,480286,Hapoel Beer Sheva,Universitatea Craiova,1,1,1,0.1633333333,True,utc_time_competition_score_high_confidence_name,OK,True,True,True,NO_PUBLIC_XG
202223-0643,LIVE_REFRESH_VERIFIED,False,False,False,OK,2,3984047,8036,8722,Fehervar FC,1. FC Köln,1,1,1,0.1666666667,True,utc_time_competition_score_high_confidence_name,OK,True,True,True,NO_PUBLIC_XG
202223-0645,LIVE_REFRESH_VERIFIED,False,False,False,OK,2,3984048,9939,8654,Viborg,West Ham United,0.8,1,0.9,0.2128851541,True,utc_time_competition_score_high_confidence_name,OK,True,True,True,NO_PUBLIC_XG
202223-0649,LIVE_REFRESH_VERIFIED,False,False,False,OK,3,3984050,8349,2021,AIK,Slovacko,1,0.8888888889,0.9444444444,0.2871794872,True,utc_time_competition_score_high_confidence_name,OK,True,True,True,NO_PUBLIC_XG
202223-0651,LIVE_REFRESH_VERIFIED,False,False,False,OK,1,3984051,1954,9917,Wolfsberger AC,Molde,1,1,1,0,True,utc_time_competition_score_high_confidence_name,OK,True,True,True,NO_PUBLIC_XG
202223-0655,LIVE_REFRESH_VERIFIED,False,False,False,OK,2,3984031,9731,8340,CFR Cluj,Maribor,1,1,1,0.1394230769,True,utc_time_competition_score_high_confidence_name,OK,True,True,True,NO_PUBLIC_XG
202223-0631,LIVE_REFRESH_VERIFIED,False,False,False,OK,3,3984040,9831,7855,Nice,Maccabi Tel Aviv,0.6666666667,1,0.8333333333,0.2164502165,True,separated_utc_time_competition_score_alias,OK,True,True,True,NO_PUBLIC_XG
202223-0641,LIVE_REFRESH_VERIFIED,False,False,False,OK,1,3984044,4528,7998,Hamrun Spartans,Partizan Beograd,1,0.9090909091,0.9545454545,0,True,utc_time_competition_score_high_confidence_name,OK,True,True,True,NO_PUBLIC_XG
202223-0647,LIVE_REFRESH_VERIFIED,False,False,False,OK,3,3984049,8635,10192,Anderlecht,Young Boys,1,1,1,0.188034188,True,utc_time_competition_score_high_confidence_name,OK,True,True,True,NO_PUBLIC_XG
202223-0661,LIVE_REFRESH_VERIFIED,False,False,False,OK,2,3984034,952668,358106,Ballkani,Shkupi,1,1,1,0.1394230769,True,utc_time_competition_score_high_confidence_name,OK,True,True,True,NO_PUBLIC_XG
202223-0659,LIVE_REFRESH_VERIFIED,False,False,False,OK,3,3984033,4548,2182,F91 Dudelange,Lech Poznan,1,1,1,0.225,True,utc_time_competition_score_high_confidence_name,OK,True,True,True,NO_PUBLIC_XG
202223-0663,LIVE_REFRESH_VERIFIED,False,False,False,OK,1,3984035,6019,10107,Slovan Bratislava,Zrinjski Mostar,1,1,1,0,True,utc_time_competition_score_high_confidence_name,OK,True,True,True,NO_PUBLIC_XG
202223-0625,LIVE_REFRESH_VERIFIED,False,False,False,OK,2,3984042,9988,1933,Royal Antwerp,Istanbul Başakşehir,1,1,1,0.1395881007,True,utc_time_competition_score_high_confidence_name,OK,True,True,True,NO_PUBLIC_XG
202223-0657,LIVE_REFRESH_VERIFIED,False,False,False,OK,3,3984032,7971,248871,Linfield,RFS,0.6666666667,1,0.8333333333,0.2651515152,True,separated_utc_time_competition_score_alias,OK,True,True,True,NO_PUBLIC_XG
202223-0236,LIVE_REFRESH_VERIFIED,False,False,False,OK,1,3984005,9860,10243,Hearts,FC Zürich,1,1,1,0,True,utc_time_competition_score_high_confidence_name,OK,True,True,True,ACCEPTED
202223-0242,LIVE_REFRESH_VERIFIED,False,False,False,OK,1,3983992,4131,8222,Shamrock Rovers,Ferencvaros,1,1,1,0,True,utc_time_competition_score_high_confidence_name,OK,True,True,True,NO_PUBLIC_XG
202223-0244,LIVE_REFRESH_VERIFIED,False,False,False,OK,2,3983993,8638,8003,Olympiacos,Apollon Limassol,0.6428571429,1,0.8214285714,0.07407407407,True,separated_utc_time_competition_score_alias,OK,True,True,True,NO_PUBLIC_XG
202223-0629,LIVE_REFRESH_VERIFIED,False,False,False,OK,3,3984037,10015,9824,Rapid Wien,FC Vaduz,1,1,1,0.3076923077,True,utc_time_competition_score_high_confidence_name,OK,True,True,True,NO_PUBLIC_XG
202223-0635,LIVE_REFRESH_VERIFIED,False,False,False,OK,1,3984046,10154,10205,Hajduk Split,Villarreal,1,1,1,0,True,utc_time_competition_score_high_confidence_name,OK,True,True,True,NO_PUBLIC_XG
202223-0653,LIVE_REFRESH_VERIFIED,False,False,False,OK,1,3984052,9764,10229,Gil Vicente,AZ Alkmaar,1,1,1,0,True,utc_time_competition_score_high_confidence_name,OK,True,True,True,NO_PUBLIC_XG
202223-0098,LIVE_REFRESH_VERIFIED,False,False,False,OK,2,4010132,10156,8455,Dinamo Zagreb,Chelsea,1,1,1,0.2791762014,True,utc_time_competition_score_high_confidence_name,OK,True,True,True,ACCEPTED
202223-0102,LIVE_REFRESH_VERIFIED,False,False,False,OK,1,4010156,9789,8391,Borussia Dortmund,FC København,1,1,1,0,True,utc_time_competition_score_high_confidence_name,OK,True,True,True,ACCEPTED
202223-0099,LIVE_REFRESH_VERIFIED,False,False,False,OK,1,4010133,10013,8564,Salzburg,Milan,1,1,1,0,True,utc_time_competition_score_high_confidence_name,OK,True,True,True,ACCEPTED
202223-0100,LIVE_REFRESH_VERIFIED,False,False,False,OK,2,4010150,9925,8633,Celtic,Real Madrid,1,1,1,0.1709090909,True,utc_time_competition_score_high_confidence_name,OK,True,True,True,ACCEPTED
202223-0101,LIVE_REFRESH_VERIFIED,False,False,False,OK,1,4010151,178475,9728,RB Leipzig,Shakhtar Donetsk,1,1,1,0,True,utc_time_competition_score_high_confidence_name,OK,True,True,True,ACCEPTED
202223-0103,LIVE_REFRESH_VERIFIED,False,False,False,OK,1,4010157,8302,8456,Sevilla,Manchester City,1,1,1,0,True,utc_time_competition_score_high_confidence_name,OK,True,True,True,ACCEPTED
202223-0104,LIVE_REFRESH_VERIFIED,False,False,False,OK,2,4010175,9847,9885,Paris Saint-Germain,Juventus,1,1,1,0.165158371,True,utc_time_competition_score_high_confidence_name,OK,True,True,True,ACCEPTED
202223-0105,LIVE_REFRESH_VERIFIED,False,False,False,OK,2,4010176,9772,10185,Benfica,Maccabi Haifa,1,1,1,0.2613636364,True,utc_time_competition_score_high_confidence_name,OK,True,True,True,ACCEPTED
202223-0090,LIVE_REFRESH_VERIFIED,False,False,False,OK,1,4010118,8593,8548,Ajax,Rangers,1,0.6363636364,0.8181818182,0,True,unique_utc_time_competition_score_alias,OK,True,True,True,ACCEPTED
202223-0096,LIVE_REFRESH_VERIFIED,False,False,False,OK,2,4010181,9810,9768,Eintracht Frankfurt,Sporting CP,1,0.7586206897,0.8793103448,0.1889655172,True,utc_time_competition_score_high_confidence_name,OK,True,True,True,ACCEPTED
202223-0091,LIVE_REFRESH_VERIFIED,False,False,False,OK,1,4010119,9875,8650,Napoli,Liverpool,1,1,1,0,True,utc_time_competition_score_high_confidence_name,OK,True,True,True,ACCEPTED
202223-0092,LIVE_REFRESH_VERIFIED,False,False,False,OK,2,4010138,9906,9773,Atletico Madrid,FC Porto,1,1,1,0.2533936652,True,utc_time_competition_score_high_confidence_name,OK,True,True,True,ACCEPTED
202223-0093,LIVE_REFRESH_VERIFIED,False,False,False,OK,2,4010139,8342,8178,Club Brugge,Bayer Leverkusen,1,1,1,0.2265446224,True,utc_time_competition_score_high_confidence_name,OK,True,True,True,ACCEPTED
202223-0094,LIVE_REFRESH_VERIFIED,False,False,False,OK,1,4010163,8634,6033,Barcelona,Viktoria Plzen,1,1,1,0,True,utc_time_competition_score_high_confidence_name,OK,True,True,True,ACCEPTED
202223-0095,LIVE_REFRESH_VERIFIED,False,False,False,OK,1,4010164,8636,9823,Inter,Bayern München,0.5263157895,1,0.7631578947,0,True,unique_utc_time_competition_score_alias,OK,True,True,True,ACCEPTED
202223-0097,LIVE_REFRESH_VERIFIED,False,False,False,OK,2,4010182,8586,8592,Tottenham Hotspur,Marseille,1,0.6428571429,0.8214285714,0.21875,True,separated_utc_time_competition_score_alias,OK,True,True,True,ACCEPTED
202223-0249,LIVE_REFRESH_VERIFIED,False,False,False,OK,2,4010254,10243,9825,FC Zürich,Arsenal,1,1,1,0.3484162896,True,utc_time_competition_score_high_confidence_name,OK,True,True,True,ACCEPTED
202223-0250,LIVE_REFRESH_VERIFIED,False,False,False,OK,1,4010255,8640,8402,PSV Eindhoven,Bodø/Glimt,1,1,1,0,True,utc_time_competition_score_high_confidence_name,OK,True,True,True,ACCEPTED
202223-0251,LIVE_REFRESH_VERIFIED,False,False,False,OK,2,4010293,7797,9851,AEK Larnaca,Rennes,1,0.5263157895,0.7631578947,0.3176470588,True,separated_utc_time_competition_score_alias,OK,True,True,True,ACCEPTED
202223-0252,LIVE_REFRESH_VERIFIED,False,False,False,OK,4,4010294,8695,8688,Fenerbahçe,Dynamo Kyiv,1,1,1,0.2222222222,True,utc_time_competition_score_high_confidence_name,OK,True,True,True,ACCEPTED
202223-0253,LIVE_REFRESH_VERIFIED,False,False,False,OK,4,4010533,210173,8686,Ludogorets Razgrad,Roma,1,0.7272727273,0.8636363636,0.3681318681,True,utc_time_competition_score_high_confidence_name,OK,True,True,True,ACCEPTED
202223-0254,LIVE_REFRESH_VERIFIED,False,False,False,OK,2,4010532,9861,8603,HJK,Real Betis,0.4,1,0.7,0.1833333333,True,separated_utc_time_competition_score_alias,OK,True,True,True,ACCEPTED
202223-0255,LIVE_REFRESH_VERIFIED,False,False,False,OK,2,4010661,10237,10264,Malmö FF,Braga,1,0.5263157895,0.7631578947,0.125,True,separated_utc_time_competition_score_alias,OK,True,True,True,ACCEPTED
202223-0256,LIVE_REFRESH_VERIFIED,False,False,False,OK,3,4010662,8149,7978,Union Berlin,Union St.Gilloise,1,0.9189189189,0.9594594595,0.2738461538,True,utc_time_competition_score_high_confidence_name,OK,True,True,True,ACCEPTED
202223-0664,LIVE_REFRESH_VERIFIED,False,False,False,OK,1,4010193,9860,1933,Hearts,Istanbul Başakşehir,1,1,1,0,True,utc_time_competition_score_high_confidence_name,OK,True,True,True,ACCEPTED
202223-0665,LIVE_REFRESH_VERIFIED,False,False,False,OK,4,4010194,8535,248871,Fiorentina,RFS,1,1,1,0.2203947368,True,utc_time_competition_score_high_confidence_name,OK,True,True,True,ACCEPTED
202223-0666,LIVE_REFRESH_VERIFIED,False,False,False,OK,1,4010217,8635,8415,Anderlecht,Silkeborg,1,0.8571428571,0.9285714286,0,True,utc_time_competition_score_high_confidence_name,OK,True,True,True,ACCEPTED
202223-0668,LIVE_REFRESH_VERIFIED,False,False,False,OK,1,4010242,10205,2182,Villarreal,Lech Poznan,1,1,1,0,True,utc_time_competition_score_high_confidence_name,OK,True,True,True,ACCEPTED
202223-0669,LIVE_REFRESH_VERIFIED,False,False,False,OK,5,4010243,10011,9754,Austria Wien,Hapoel Beer Sheva,1,1,1,0.2994652406,True,utc_time_competition_score_high_confidence_name,OK,True,True,True,ACCEPTED
202223-0670,LIVE_REFRESH_VERIFIED,False,False,False,OK,1,4010268,2021,7998,Slovacko,Partizan Beograd,0.8888888889,0.9090909091,0.898989899,0,True,utc_time_competition_score_high_confidence_name,OK,True,True,True,ACCEPTED
202223-0671,LIVE_REFRESH_VERIFIED,False,False,False,OK,4,4010267,9831,8722,Nice,1. FC Köln,0.6666666667,1,0.8333333333,0.2678571429,True,separated_utc_time_competition_score_alias,OK,True,True,True,ACCEPTED
202223-0676,LIVE_REFRESH_VERIFIED,False,False,False,OK,4,4010580,952668,9731,Ballkani,CFR Cluj,1,1,1,0.3095238095,True,utc_time_competition_score_high_confidence_name,OK,True,True,True,ACCEPTED
202223-0257,LIVE_REFRESH_VERIFIED,False,False,False,OK,3,4010305,10260,8560,Manchester United,Real Sociedad,1,1,1,0.3045977011,True,utc_time_competition_score_high_confidence_name,OK,True,True,True,ACCEPTED
202223-0258,LIVE_REFRESH_VERIFIED,False,False,False,OK,1,4010306,8044,9729,Omonia Nicosia,FC Sheriff,1,0.6086956522,0.8043478261,0,True,unique_utc_time_competition_score_alias,OK,True,True,True,ACCEPTED
202223-0259,LIVE_REFRESH_VERIFIED,False,False,False,OK,1,4010375,8543,10235,Lazio,Feyenoord,1,1,1,0,True,utc_time_competition_score_high_confidence_name,OK,True,True,True,ACCEPTED
202223-0260,LIVE_REFRESH_VERIFIED,False,False,False,OK,1,4010374,10014,8113,Sturm Graz,Midtjylland,1,1,1,0,True,utc_time_competition_score_high_confidence_name,OK,True,True,True,ACCEPTED
202223-0261,LIVE_REFRESH_VERIFIED,False,False,False,OK,4,4010544,8358,7981,SC Freiburg,Qarabag FK,1,1,1,0.2447552448,True,utc_time_competition_score_high_confidence_name,OK,True,True,True,ACCEPTED
202223-0262,LIVE_REFRESH_VERIFIED,False,False,False,OK,4,4010545,9830,8638,Nantes,Olympiacos,1,0.6428571429,0.8214285714,0.2909482759,True,separated_utc_time_competition_score_alias,OK,True,True,True,ACCEPTED
202223-0263,LIVE_REFRESH_VERIFIED,False,False,False,OK,3,4010649,8687,9829,FK Crvena Zvezda,Monaco,1,0.8,0.9,0.3151515152,True,utc_time_competition_score_high_confidence_name,OK,True,True,True,ACCEPTED
202223-0264,LIVE_REFRESH_VERIFIED,False,False,False,OK,1,4010650,8222,9752,Ferencvaros,Trabzonspor,1,1,1,0,True,utc_time_competition_score_high_confidence_name,OK,True,True,True,ACCEPTED
202223-0667,LIVE_REFRESH_VERIFIED,False,False,False,OK,2,4010218,8654,9723,West Ham United,FC FCSB,1,1,1,0.05,True,utc_time_competition_score_high_confidence_name,OK,True,True,True,ACCEPTED
202223-0672,LIVE_REFRESH_VERIFIED,False,False,False,OK,5,4010319,9824,8003,FC Vaduz,Apollon Limassol,1,1,1,0.2994652406,True,utc_time_competition_score_high_confidence_name,OK,True,True,True,ACCEPTED
202223-0673,LIVE_REFRESH_VERIFIED,False,False,False,OK,1,4010320,883952,10229,SC Dnipro-1,AZ Alkmaar,1,1,1,0,True,utc_time_competition_score_high_confidence_name,OK,True,True,True,ACCEPTED
202223-0674,LIVE_REFRESH_VERIFIED,False,False,False,OK,5,4010386,9917,9991,Molde,Gent,1,0.7272727273,0.8636363636,0.3264705882,True,utc_time_competition_score_high_confidence_name,OK,True,True,True,ACCEPTED
202223-0675,LIVE_REFRESH_VERIFIED,False,False,False,OK,5,4010387,4131,9802,Shamrock Rovers,Djurgården,1,0.8333333333,0.9166666667,0.3166666667,True,utc_time_competition_score_high_confidence_name,OK,True,True,True,ACCEPTED
202223-0677,LIVE_REFRESH_VERIFIED,False,False,False,OK,4,4010581,6265,7787,Sivasspor,Slavia Prague,1,0.8,0.9,0.2245614035,True,utc_time_competition_score_high_confidence_name,OK,True,True,True,ACCEPTED
202223-0678,LIVE_REFRESH_VERIFIED,False,False,False,OK,2,4010674,9931,6345,Basel,Pyunik,1,0.6,0.8,0.1,True,separated_utc_time_competition_score_alias,OK,True,True,True,ACCEPTED
202223-0679,LIVE_REFRESH_VERIFIED,False,False,False,OK,5,4010675,6019,4616,Slovan Bratislava,Zalgiris Vilnius,1,1,1,0.2716346154,True,utc_time_competition_score_high_confidence_name,OK,True,True,True,ACCEPTED
202223-0110,LIVE_REFRESH_VERIFIED,False,False,False,OK,1,4010166,6033,8636,Viktoria Plzen,Inter,1,0.5263157895,0.7631578947,0,True,unique_utc_time_competition_score_alias,OK,True,True,True,ACCEPTED
202223-0112,LIVE_REFRESH_VERIFIED,False,False,False,OK,4,4010184,9768,8586,Sporting CP,Tottenham Hotspur,0.7586206897,1,0.8793103448,0.2720588235,True,utc_time_competition_score_high_confidence_name,OK,True,True,True,ACCEPTED
202223-0107,LIVE_REFRESH_VERIFIED,False,False,False,OK,2,4010120,8650,8593,Liverpool,Ajax,1,1,1,0.130952381,True,utc_time_competition_score_high_confidence_name,OK,True,True,True,ACCEPTED
202223-0108,LIVE_REFRESH_VERIFIED,False,False,False,OK,1,4010141,9773,8342,FC Porto,Club Brugge,1,1,1,0,True,utc_time_competition_score_high_confidence_name,OK,True,True,True,ACCEPTED
202223-0109,LIVE_REFRESH_VERIFIED,False,False,False,OK,4,4010140,8178,9906,Bayer Leverkusen,Atletico Madrid,1,1,1,0.4666666667,True,utc_time_competition_score_high_confidence_name,OK,True,True,True,ACCEPTED
202223-0111,LIVE_REFRESH_VERIFIED,False,False,False,OK,4,4010165,9823,8634,Bayern München,Barcelona,1,1,1,0.3833333333,True,utc_time_competition_score_high_confidence_name,OK,True,True,True,ACCEPTED
202223-0113,LIVE_REFRESH_VERIFIED,False,False,False,OK,1,4010183,8592,9810,Marseille,Eintracht Frankfurt,0.6428571429,1,0.8214285714,0,True,unique_utc_time_competition_score_alias,OK,True,True,True,ACCEPTED
202223-0115,LIVE_REFRESH_VERIFIED,False,False,False,OK,1,4010205,8564,10156,Milan,Dinamo Zagreb,1,1,1,0,True,utc_time_competition_score_high_confidence_name,OK,True,True,True,ACCEPTED
202223-0117,LIVE_REFRESH_VERIFIED,False,False,False,OK,2,4010211,9728,9925,Shakhtar Donetsk,Celtic,1,1,1,0.1583850932,True,utc_time_competition_score_high_confidence_name,OK,True,True,True,ACCEPTED
202223-0106,LIVE_REFRESH_VERIFIED,False,False,False,OK,1,4010121,8548,9875,Rangers,Napoli,0.6363636364,1,0.8181818182,0,True,unique_utc_time_competition_score_alias,OK,True,True,True,ACCEPTED
202223-0114,LIVE_REFRESH_VERIFIED,False,False,False,OK,2,4010206,8455,10013,Chelsea,Salzburg,1,1,1,0.201863354,True,utc_time_competition_score_high_confidence_name,OK,True,True,True,ACCEPTED
202223-0116,LIVE_REFRESH_VERIFIED,False,False,False,OK,4,4010212,8633,178475,Real Madrid,RB Leipzig,1,1,1,0.2711111111,True,utc_time_competition_score_high_confidence_name,OK,True,True,True,ACCEPTED
202223-0118,LIVE_REFRESH_VERIFIED,False,False,False,OK,1,4010231,8391,8302,FC København,Sevilla,1,1,1,0,True,utc_time_competition_score_high_confidence_name,OK,True,True,True,ACCEPTED
202223-0119,LIVE_REFRESH_VERIFIED,False,False,False,OK,2,4010230,8456,9789,Manchester City,Borussia Dortmund,1,1,1,0.130952381,True,utc_time_competition_score_high_confidence_name,OK,True,True,True,ACCEPTED
202223-0120,LIVE_REFRESH_VERIFIED,False,False,False,OK,1,4010237,9885,9772,Juventus,Benfica,1,1,1,0,True,utc_time_competition_score_high_confidence_name,OK,True,True,True,ACCEPTED
202223-0121,LIVE_REFRESH_VERIFIED,False,False,False,OK,1,4010236,10185,9847,Maccabi Haifa,Paris Saint-Germain,1,1,1,0,True,utc_time_competition_score_high_confidence_name,OK,True,True,True,ACCEPTED
202223-0273,LIVE_REFRESH_VERIFIED,False,False,False,OK,3,4010308,8560,8044,Real Sociedad,Omonia Nicosia,1,1,1,0.3148148148,True,utc_time_competition_score_high_confidence_name,OK,True,True,True,ACCEPTED
202223-0274,LIVE_REFRESH_VERIFIED,False,False,False,OK,1,4010307,9729,10260,FC Sheriff,Manchester United,0.6086956522,1,0.8043478261,0,True,unique_utc_time_competition_score_alias,OK,True,True,True,ACCEPTED
202223-0275,LIVE_REFRESH_VERIFIED,False,False,False,OK,1,4010377,10235,10014,Feyenoord,Sturm Graz,1,1,1,0,True,utc_time_competition_score_high_confidence_name,OK,True,True,True,ACCEPTED
202223-0276,LIVE_REFRESH_VERIFIED,False,False,False,OK,1,4010376,8113,8543,Midtjylland,Lazio,1,1,1,0,True,utc_time_competition_score_high_confidence_name,OK,True,True,True,ACCEPTED
202223-0277,LIVE_REFRESH_VERIFIED,False,False,False,OK,2,4010546,7981,9830,Qarabag FK,Nantes,1,1,1,0.09090909091,True,utc_time_competition_score_high_confidence_name,OK,True,True,True,ACCEPTED
202223-0278,LIVE_REFRESH_VERIFIED,False,False,False,OK,1,4010547,8638,8358,Olympiacos,SC Freiburg,0.6428571429,1,0.8214285714,0,True,unique_utc_time_competition_score_alias,OK,True,True,True,ACCEPTED
202223-0279,LIVE_REFRESH_VERIFIED,False,False,False,OK,2,4010652,9829,8222,Monaco,Ferencvaros,0.8,1,0.9,0.2863636364,True,utc_time_competition_score_high_confidence_name,OK,True,True,True,ACCEPTED
202223-0280,LIVE_REFRESH_VERIFIED,False,False,False,OK,3,4010651,9752,8687,Trabzonspor,FK Crvena Zvezda,1,1,1,0.2731481481,True,utc_time_competition_score_high_confidence_name,OK,True,True,True,ACCEPTED
202223-0688,LIVE_REFRESH_VERIFIED,False,False,False,OK,1,4010322,8003,883952,Apollon Limassol,SC Dnipro-1,1,1,1,0,True,utc_time_competition_score_high_confidence_name,OK,True,True,True,ACCEPTED
202223-0689,LIVE_REFRESH_VERIFIED,False,False,False,OK,2,4010321,10229,9824,AZ Alkmaar,FC Vaduz,1,1,1,0.1652661064,True,utc_time_competition_score_high_confidence_name,OK,True,True,True,ACCEPTED
202223-0690,LIVE_REFRESH_VERIFIED,False,False,False,OK,2,4010389,9991,4131,Gent,Shamrock Rovers,0.7272727273,1,0.8636363636,0.1553846154,True,utc_time_competition_score_high_confidence_name,OK,True,True,True,ACCEPTED
202223-0691,LIVE_REFRESH_VERIFIED,False,False,False,OK,2,4010388,9802,9917,Djurgården,Molde,0.8333333333,1,0.9166666667,0.150997151,True,utc_time_competition_score_high_confidence_name,OK,True,True,True,ACCEPTED
202223-0692,LIVE_REFRESH_VERIFIED,False,False,False,OK,2,4010583,9731,6265,CFR Cluj,Sivasspor,1,1,1,0.3095238095,True,utc_time_competition_score_high_confidence_name,OK,True,True,True,ACCEPTED
202223-0693,LIVE_REFRESH_VERIFIED,False,False,False,OK,2,4010582,7787,952668,Slavia Prague,Ballkani,0.8,1,0.9,0.1678321678,True,utc_time_competition_score_high_confidence_name,OK,True,True,True,ACCEPTED
202223-0694,LIVE_REFRESH_VERIFIED,False,False,False,OK,1,4010677,6345,6019,Pyunik,Slovan Bratislava,0.6,1,0.8,0,True,unique_utc_time_competition_score_alias,OK,True,True,True,ACCEPTED
202223-0695,LIVE_REFRESH_VERIFIED,False,False,False,OK,2,4010676,4616,9931,Zalgiris Vilnius,Basel,1,1,1,0.2261904762,True,utc_time_competition_score_high_confidence_name,OK,True,True,True,ACCEPTED
202223-0266,LIVE_REFRESH_VERIFIED,False,False,False,OK,3,4010257,8402,10243,Bodø/Glimt,FC Zürich,1,1,1,0.1909090909,True,utc_time_competition_score_high_confidence_name,OK,True,True,True,ACCEPTED
202223-0267,LIVE_REFRESH_VERIFIED,False,False,False,OK,1,4010296,9851,8695,Rennes,Fenerbahçe,0.5263157895,1,0.7631578947,0,True,unique_utc_time_competition_score_alias,OK,True,True,True,ACCEPTED
202223-0268,LIVE_REFRESH_VERIFIED,False,False,False,OK,2,4010295,8688,7797,Dynamo Kyiv,AEK Larnaca,1,1,1,0.3128342246,True,utc_time_competition_score_high_confidence_name,OK,True,True,True,ACCEPTED
202223-0269,LIVE_REFRESH_VERIFIED,False,False,False,OK,2,4010534,8686,9861,Roma,HJK,0.7272727273,0.4,0.5636363636,0.3253968254,True,separated_utc_time_competition_score_alias,OK,True,True,True,ACCEPTED
202223-0270,LIVE_REFRESH_VERIFIED,False,False,False,OK,2,4010535,8603,210173,Real Betis,Ludogorets Razgrad,1,1,1,0.2264957265,True,utc_time_competition_score_high_confidence_name,OK,True,True,True,ACCEPTED
202223-0271,LIVE_REFRESH_VERIFIED,False,False,False,OK,1,4010664,10264,8149,Braga,Union Berlin,0.5263157895,1,0.7631578947,0,True,unique_utc_time_competition_score_alias,OK,True,True,True,ACCEPTED
202223-0272,LIVE_REFRESH_VERIFIED,False,False,False,OK,2,4010663,7978,10237,Union St.Gilloise,Malmö FF,0.9189189189,1,0.9594594595,0.1717948718,True,utc_time_competition_score_high_confidence_name,OK,True,True,True,ACCEPTED
202223-0680,LIVE_REFRESH_VERIFIED,False,False,False,OK,2,4010196,1933,8535,Istanbul Başakşehir,Fiorentina,1,1,1,0.1634782609,True,utc_time_competition_score_high_confidence_name,OK,True,True,True,ACCEPTED
202223-0681,LIVE_REFRESH_VERIFIED,False,False,False,OK,1,4010195,248871,9860,RFS,Hearts,1,1,1,0,True,utc_time_competition_score_high_confidence_name,OK,True,True,True,ACCEPTED
202223-0682,LIVE_REFRESH_VERIFIED,False,False,False,OK,1,4010220,8415,8654,Silkeborg,West Ham United,0.8571428571,1,0.9285714286,0,True,utc_time_competition_score_high_confidence_name,OK,True,True,True,ACCEPTED
202223-0683,LIVE_REFRESH_VERIFIED,False,False,False,OK,1,4010219,9723,8635,FC FCSB,Anderlecht,1,1,1,0,True,utc_time_competition_score_high_confidence_name,OK,True,True,True,ACCEPTED
202223-0684,LIVE_REFRESH_VERIFIED,False,False,False,OK,2,4010244,2182,10011,Lech Poznan,Austria Wien,1,1,1,0.2128851541,True,utc_time_competition_score_high_confidence_name,OK,True,True,True,ACCEPTED
202223-0685,LIVE_REFRESH_VERIFIED,False,False,False,OK,1,4010245,9754,10205,Hapoel Beer Sheva,Villarreal,1,1,1,0,True,utc_time_competition_score_high_confidence_name,OK,True,True,True,ACCEPTED
202223-0686,LIVE_REFRESH_VERIFIED,False,False,False,OK,1,4010269,7998,9831,Partizan Beograd,Nice,0.9090909091,0.6666666667,0.7878787879,0,True,unique_utc_time_competition_score_alias,OK,True,True,True,ACCEPTED
202223-0687,LIVE_REFRESH_VERIFIED,False,False,False,OK,1,4010270,8722,2021,1. FC Köln,Slovacko,1,0.8888888889,0.9444444444,0,True,utc_time_competition_score_high_confidence_name,OK,True,True,True,ACCEPTED
202223-0126,LIVE_REFRESH_VERIFIED,False,False,False,OK,2,4010167,9823,6033,Bayern München,Viktoria Plzen,1,1,1,0.3463268366,True,utc_time_competition_score_high_confidence_name,OK,True,True,True,ACCEPTED
202223-0128,LIVE_REFRESH_VERIFIED,False,False,False,OK,1,4010185,8592,9768,Marseille,Sporting CP,0.6428571429,0.7586206897,0.7007389163,0,True,unique_utc_time_competition_score_alias,OK,True,True,True,ACCEPTED
202223-0122,LIVE_REFRESH_VERIFIED,False,False,False,OK,3,4010125,8650,8548,Liverpool,Rangers,1,0.6363636364,0.8181818182,0.3433179724,True,separated_utc_time_competition_score_alias,OK,True,True,True,ACCEPTED
202223-0123,LIVE_REFRESH_VERIFIED,False,False,False,OK,1,4010124,8593,9875,Ajax,Napoli,1,1,1,0,True,utc_time_competition_score_high_confidence_name,OK,True,True,True,ACCEPTED
202223-0124,LIVE_REFRESH_VERIFIED,False,False,False,OK,3,4010142,9773,8178,FC Porto,Bayer Leverkusen,1,1,1,0.3881987578,True,utc_time_competition_score_high_confidence_name,OK,True,True,True,ACCEPTED
202223-0125,LIVE_REFRESH_VERIFIED,False,False,False,OK,3,4010143,8342,9906,Club Brugge,Atletico Madrid,1,1,1,0.219941349,True,utc_time_competition_score_high_confidence_name,OK,True,True,True,ACCEPTED
202223-0127,LIVE_REFRESH_VERIFIED,False,False,False,OK,2,4010168,8636,8634,Inter,Barcelona,0.5263157895,1,0.7631578947,0.1818181818,True,separated_utc_time_competition_score_alias,OK,True,True,True,ACCEPTED
202223-0129,LIVE_REFRESH_VERIFIED,False,False,False,OK,1,4010186,9810,8586,Eintracht Frankfurt,Tottenham Hotspur,1,1,1,0,True,utc_time_competition_score_high_confidence_name,OK,True,True,True,ACCEPTED
202223-0131,LIVE_REFRESH_VERIFIED,False,False,False,OK,2,4010134,10013,10156,Salzburg,Dinamo Zagreb,1,1,1,0.1678321678,True,utc_time_competition_score_high_confidence_name,OK,True,True,True,ACCEPTED
202223-0133,LIVE_REFRESH_VERIFIED,False,False,False,OK,2,4010152,178475,9925,RB Leipzig,Celtic,1,1,1,0.1608187135,True,utc_time_competition_score_high_confidence_name,OK,True,True,True,ACCEPTED
202223-0130,LIVE_REFRESH_VERIFIED,False,False,False,OK,1,4010135,8455,8564,Chelsea,Milan,1,1,1,0,True,utc_time_competition_score_high_confidence_name,OK,True,True,True,ACCEPTED
202223-0132,LIVE_REFRESH_VERIFIED,False,False,False,OK,1,4010153,8633,9728,Real Madrid,Shakhtar Donetsk,1,1,1,0,True,utc_time_competition_score_high_confidence_name,OK,True,True,True,ACCEPTED
202223-0134,LIVE_REFRESH_VERIFIED,False,False,False,OK,2,4010158,8456,8391,Manchester City,FC København,1,1,1,0.3463268366,True,utc_time_competition_score_high_confidence_name,OK,True,True,True,ACCEPTED
202223-0135,LIVE_REFRESH_VERIFIED,False,False,False,OK,1,4010159,8302,9789,Sevilla,Borussia Dortmund,1,1,1,0,True,utc_time_competition_score_high_confidence_name,OK,True,True,True,ACCEPTED
202223-0136,LIVE_REFRESH_VERIFIED,False,False,False,OK,2,4010177,9885,10185,Juventus,Maccabi Haifa,1,1,1,0.1608187135,True,utc_time_competition_score_high_confidence_name,OK,True,True,True,ACCEPTED
202223-0137,LIVE_REFRESH_VERIFIED,False,False,False,OK,1,4010178,9772,9847,Benfica,Paris Saint-Germain,1,1,1,0,True,utc_time_competition_score_high_confidence_name,OK,True,True,True,ACCEPTED
202223-0282,LIVE_REFRESH_VERIFIED,False,False,False,OK,1,4010258,10243,8640,FC Zürich,PSV Eindhoven,1,1,1,0,True,utc_time_competition_score_high_confidence_name,OK,True,True,True,ACCEPTED
202223-0286,LIVE_REFRESH_VERIFIED,False,False,False,OK,1,4010536,9861,210173,HJK,Ludogorets Razgrad,0.4,1,0.7,0,True,unique_utc_time_competition_score_alias,OK,True,True,True,ACCEPTED
202223-0288,LIVE_REFRESH_VERIFIED,False,False,False,OK,1,4010665,10237,8149,Malmö FF,Union Berlin,1,1,1,0,True,utc_time_competition_score_high_confidence_name,OK,True,True,True,ACCEPTED
202223-0289,LIVE_REFRESH_VERIFIED,False,False,False,OK,1,4010309,9729,8560,FC Sheriff,Real Sociedad,0.6086956522,1,0.8043478261,0,True,unique_utc_time_competition_score_alias,OK,True,True,True,ACCEPTED
202223-0290,LIVE_REFRESH_VERIFIED,False,False,False,OK,1,4010310,8044,10260,Omonia Nicosia,Manchester United,1,1,1,0,True,utc_time_competition_score_high_confidence_name,OK,True,True,True,ACCEPTED
202223-0292,LIVE_REFRESH_VERIFIED,False,False,False,OK,1,4010379,10014,8543,Sturm Graz,Lazio,1,1,1,0,True,utc_time_competition_score_high_confidence_name,OK,True,True,True,ACCEPTED
202223-0295,LIVE_REFRESH_VERIFIED,False,False,False,OK,1,4010653,9829,9752,Monaco,Trabzonspor,0.8,1,0.9,0,True,utc_time_competition_score_high_confidence_name,OK,True,True,True,ACCEPTED
202223-0296,LIVE_REFRESH_VERIFIED,False,False,False,OK,1,4010654,8687,8222,FK Crvena Zvezda,Ferencvaros,1,1,1,0,True,utc_time_competition_score_high_confidence_name,OK,True,True,True,ACCEPTED
202223-0698,LIVE_REFRESH_VERIFIED,False,False,False,OK,2,4010222,8415,9723,Silkeborg,FC FCSB,0.8571428571,1,0.9285714286,0.1988636364,True,utc_time_competition_score_high_confidence_name,OK,True,True,True,ACCEPTED
202223-0699,LIVE_REFRESH_VERIFIED,False,False,False,OK,5,4010221,8635,8654,Anderlecht,West Ham United,1,1,1,0.269005848,True,utc_time_competition_score_high_confidence_name,OK,True,True,True,ACCEPTED
202223-0700,LIVE_REFRESH_VERIFIED,False,False,False,OK,2,4010246,2182,9754,Lech Poznan,Hapoel Beer Sheva,1,1,1,0.1666666667,True,utc_time_competition_score_high_confidence_name,OK,True,True,True,ACCEPTED
202223-0703,LIVE_REFRESH_VERIFIED,False,False,False,OK,5,4010271,2021,9831,Slovacko,Nice,0.8888888889,0.6666666667,0.7777777778,0.3614130435,True,separated_utc_time_competition_score_alias,OK,True,True,True,ACCEPTED
202223-0705,LIVE_REFRESH_VERIFIED,False,False,False,OK,1,4010323,883952,9824,SC Dnipro-1,FC Vaduz,1,1,1,0,True,utc_time_competition_score_high_confidence_name,OK,True,True,True,ACCEPTED
202223-0707,LIVE_REFRESH_VERIFIED,False,False,False,OK,1,4010390,9917,4131,Molde,Shamrock Rovers,1,1,1,0,True,utc_time_competition_score_high_confidence_name,OK,True,True,True,ACCEPTED
202223-0709,LIVE_REFRESH_VERIFIED,False,False,False,OK,1,4010584,6265,952668,Sivasspor,Ballkani,1,1,1,0,True,utc_time_competition_score_high_confidence_name,OK,True,True,True,ACCEPTED
202223-0710,LIVE_REFRESH_VERIFIED,False,False,False,OK,1,4010678,6345,4616,Pyunik,Zalgiris Vilnius,0.6,1,0.8,0,True,unique_utc_time_competition_score_alias,OK,True,True,True,ACCEPTED
202223-0281,LIVE_REFRESH_VERIFIED,False,False,False,OK,1,4010259,9825,8402,Arsenal,Bodø/Glimt,1,1,1,0,True,utc_time_competition_score_high_confidence_name,OK,True,True,True,ACCEPTED
202223-0283,LIVE_REFRESH_VERIFIED,False,False,False,OK,1,4010297,9851,8688,Rennes,Dynamo Kyiv,0.5263157895,1,0.7631578947,0,True,unique_utc_time_competition_score_alias,OK,True,True,True,ACCEPTED
202223-0284,LIVE_REFRESH_VERIFIED,False,False,False,OK,2,4010298,8695,7797,Fenerbahçe,AEK Larnaca,1,1,1,0.2843137255,True,utc_time_competition_score_high_confidence_name,OK,True,True,True,ACCEPTED
202223-0285,LIVE_REFRESH_VERIFIED,False,False,False,OK,2,4010537,8686,8603,Roma,Real Betis,0.7272727273,1,0.8636363636,0.2777777778,True,utc_time_competition_score_high_confidence_name,OK,True,True,True,ACCEPTED
202223-0287,LIVE_REFRESH_VERIFIED,False,False,False,OK,2,4010666,10264,7978,Braga,Union St.Gilloise,0.5263157895,0.9189189189,0.7226173542,0.2444444444,True,separated_utc_time_competition_score_alias,OK,True,True,True,ACCEPTED
202223-0291,LIVE_REFRESH_VERIFIED,False,False,False,OK,1,4010378,8113,10235,Midtjylland,Feyenoord,1,1,1,0,True,utc_time_competition_score_high_confidence_name,OK,True,True,True,ACCEPTED
202223-0293,LIVE_REFRESH_VERIFIED,False,False,False,OK,1,4010548,8638,7981,Olympiacos,Qarabag FK,0.6428571429,1,0.8214285714,0,True,unique_utc_time_competition_score_alias,OK,True,True,True,ACCEPTED
202223-0294,LIVE_REFRESH_VERIFIED,False,False,False,OK,2,4010549,8358,9830,SC Freiburg,Nantes,1,1,1,0.2843137255,True,utc_time_competition_score_high_confidence_name,OK,True,True,True,ACCEPTED
202223-0696,LIVE_REFRESH_VERIFIED,False,False,False,OK,2,4010198,248871,1933,RFS,Istanbul Başakşehir,1,1,1,0.1388888889,True,utc_time_competition_score_high_confidence_name,OK,True,True,True,ACCEPTED
202223-0697,LIVE_REFRESH_VERIFIED,False,False,False,OK,1,4010197,9860,8535,Hearts,Fiorentina,1,1,1,0,True,utc_time_competition_score_high_confidence_name,OK,True,True,True,ACCEPTED
202223-0701,LIVE_REFRESH_VERIFIED,False,False,False,OK,2,4010247,10205,10011,Villarreal,Austria Wien,1,1,1,0.2203947368,True,utc_time_competition_score_high_confidence_name,OK,True,True,True,ACCEPTED
202223-0702,LIVE_REFRESH_VERIFIED,False,False,False,OK,5,4010272,8722,7998,1. FC Köln,Partizan Beograd,1,0.9090909091,0.9545454545,0.2481481481,True,utc_time_competition_score_high_confidence_name,OK,True,True,True,NO_PUBLIC_XG
202223-0704,LIVE_REFRESH_VERIFIED,False,False,False,OK,1,4010324,10229,8003,AZ Alkmaar,Apollon Limassol,1,1,1,0,True,utc_time_competition_score_high_confidence_name,OK,True,True,True,ACCEPTED
202223-0706,LIVE_REFRESH_VERIFIED,False,False,False,OK,5,4010391,9991,9802,Gent,Djurgården,0.7272727273,0.8333333333,0.7803030303,0.2954545455,True,separated_utc_time_competition_score_alias,OK,True,True,True,ACCEPTED
202223-0708,LIVE_REFRESH_VERIFIED,False,False,False,OK,5,4010585,7787,9731,Slavia Prague,CFR Cluj,0.8,1,0.9,0.2333333333,True,utc_time_competition_score_high_confidence_name,OK,True,True,True,ACCEPTED
202223-0711,LIVE_REFRESH_VERIFIED,False,False,False,OK,1,4010679,9931,6019,Basel,Slovan Bratislava,1,1,1,0,True,utc_time_competition_score_high_confidence_name,OK,True,True,True,ACCEPTED
202223-0150,LIVE_REFRESH_VERIFIED,False,False,False,OK,2,4010160,8391,8456,FC København,Manchester City,1,1,1,0.130952381,True,utc_time_competition_score_high_confidence_name,OK,True,True,True,ACCEPTED
202223-0152,LIVE_REFRESH_VERIFIED,False,False,False,OK,1,4010179,10185,9885,Maccabi Haifa,Juventus,1,1,1,0,True,utc_time_competition_score_high_confidence_name,OK,True,True,True,ACCEPTED
202223-0146,LIVE_REFRESH_VERIFIED,False,False,False,OK,3,4010137,8564,8455,Milan,Chelsea,1,1,1,0.25,True,utc_time_competition_score_high_confidence_name,OK,True,True,True,ACCEPTED
202223-0147,LIVE_REFRESH_VERIFIED,False,False,False,OK,4,4010136,10156,10013,Dinamo Zagreb,Salzburg,1,1,1,0.2613430127,True,utc_time_competition_score_high_confidence_name,OK,True,True,True,ACCEPTED
202223-0148,LIVE_REFRESH_VERIFIED,False,False,False,OK,4,4010154,9728,8633,Shakhtar Donetsk,Real Madrid,1,1,1,0.2958257713,True,utc_time_competition_score_high_confidence_name,OK,True,True,True,ACCEPTED
202223-0149,LIVE_REFRESH_VERIFIED,False,False,False,OK,3,4010155,9925,178475,Celtic,RB Leipzig,1,1,1,0.3343653251,True,utc_time_competition_score_high_confidence_name,OK,True,True,True,ACCEPTED
202223-0151,LIVE_REFRESH_VERIFIED,False,False,False,OK,4,4010161,9789,8302,Borussia Dortmund,Sevilla,1,1,1,0.380952381,True,utc_time_competition_score_high_confidence_name,OK,True,True,True,ACCEPTED
202223-0153,LIVE_REFRESH_VERIFIED,False,False,False,OK,4,4010180,9847,9772,Paris Saint-Germain,Benfica,1,1,1,0.2976190476,True,utc_time_competition_score_high_confidence_name,OK,True,True,True,ACCEPTED
202223-0139,LIVE_REFRESH_VERIFIED,False,False,False,OK,1,4010126,9875,8593,Napoli,Ajax,1,1,1,0,True,utc_time_competition_score_high_confidence_name,OK,True,True,True,ACCEPTED
202223-0141,LIVE_REFRESH_VERIFIED,False,False,False,OK,2,4010145,9906,8342,Atletico Madrid,Club Brugge,1,1,1,0.08928571429,True,utc_time_competition_score_high_confidence_name,OK,True,True,True,ACCEPTED
202223-0138,LIVE_REFRESH_VERIFIED,False,False,False,OK,1,4010127,8548,8650,Rangers,Liverpool,0.6363636364,1,0.8181818182,0,True,unique_utc_time_competition_score_alias,OK,True,True,True,ACCEPTED
202223-0140,LIVE_REFRESH_VERIFIED,False,False,False,OK,1,4010144,8178,9773,Bayer Leverkusen,FC Porto,1,1,1,0,True,utc_time_competition_score_high_confidence_name,OK,True,True,True,ACCEPTED
202223-0142,LIVE_REFRESH_VERIFIED,False,False,False,OK,1,4010170,6033,9823,Viktoria Plzen,Bayern München,1,1,1,0,True,utc_time_competition_score_high_confidence_name,OK,True,True,True,ACCEPTED
202223-0143,LIVE_REFRESH_VERIFIED,False,False,False,OK,1,4010169,8634,8636,Barcelona,Inter,1,0.5263157895,0.7631578947,0,True,unique_utc_time_competition_score_alias,OK,True,True,True,ACCEPTED
202223-0144,LIVE_REFRESH_VERIFIED,False,False,False,OK,3,4010188,9768,8592,Sporting CP,Marseille,0.7586206897,0.6428571429,0.7007389163,0.2284482759,True,separated_utc_time_competition_score_alias,OK,True,True,True,ACCEPTED
202223-0145,LIVE_REFRESH_VERIFIED,False,False,False,OK,1,4010187,8586,9810,Tottenham Hotspur,Eintracht Frankfurt,1,1,1,0,True,utc_time_competition_score_high_confidence_name,OK,True,True,True,ACCEPTED
202223-0297,LIVE_REFRESH_VERIFIED,False,False,False,OK,2,4010260,8402,9825,Bodø/Glimt,Arsenal,1,1,1,0.3807692308,True,utc_time_competition_score_high_confidence_name,OK,True,True,True,ACCEPTED
202223-0299,LIVE_REFRESH_VERIFIED,False,False,False,OK,2,4010300,8688,9851,Dynamo Kyiv,Rennes,1,0.5263157895,0.7631578947,0.3,True,separated_utc_time_competition_score_alias,OK,True,True,True,ACCEPTED
202223-0300,LIVE_REFRESH_VERIFIED,False,False,False,OK,1,4010299,7797,8695,AEK Larnaca,Fenerbahçe,1,1,1,0,True,utc_time_competition_score_high_confidence_name,OK,True,True,True,ACCEPTED
202223-0301,LIVE_REFRESH_VERIFIED,False,False,False,OK,1,4010538,8603,8686,Real Betis,Roma,1,0.7272727273,0.8636363636,0,True,utc_time_competition_score_high_confidence_name,OK,True,True,True,ACCEPTED
202223-0303,LIVE_REFRESH_VERIFIED,False,False,False,OK,1,4010667,7978,10264,Union St.Gilloise,Braga,0.9189189189,0.5263157895,0.7226173542,0,True,unique_utc_time_competition_score_alias,OK,True,True,True,ACCEPTED
202223-0307,LIVE_REFRESH_VERIFIED,False,False,False,OK,2,4010380,10235,8113,Feyenoord,Midtjylland,1,1,1,0.1666666667,True,utc_time_competition_score_high_confidence_name,OK,True,True,True,ACCEPTED
202223-0309,LIVE_REFRESH_VERIFIED,False,False,False,OK,1,4010551,7981,8638,Qarabag FK,Olympiacos,1,0.6428571429,0.8214285714,0,True,unique_utc_time_competition_score_alias,OK,True,True,True,ACCEPTED
202223-0310,LIVE_REFRESH_VERIFIED,False,False,False,OK,1,4010550,9830,8358,Nantes,SC Freiburg,1,1,1,0,True,utc_time_competition_score_high_confidence_name,OK,True,True,True,ACCEPTED
202223-0712,LIVE_REFRESH_VERIFIED,False,False,False,OK,1,4010199,1933,248871,Istanbul Başakşehir,RFS,1,1,1,0,True,utc_time_competition_score_high_confidence_name,OK,True,True,True,ACCEPTED
202223-0713,LIVE_REFRESH_VERIFIED,False,False,False,OK,1,4010200,8535,9860,Fiorentina,Hearts,1,1,1,0,True,utc_time_competition_score_high_confidence_name,OK,True,True,True,ACCEPTED
202223-0717,LIVE_REFRESH_VERIFIED,False,False,False,OK,1,4010248,10011,10205,Austria Wien,Villarreal,1,1,1,0,True,utc_time_competition_score_high_confidence_name,OK,True,True,True,ACCEPTED
202223-0718,LIVE_REFRESH_VERIFIED,False,False,False,OK,2,4010273,7998,8722,Partizan Beograd,1. FC Köln,0.9090909091,1,0.9545454545,0.1726315789,True,utc_time_competition_score_high_confidence_name,OK,True,True,True,ACCEPTED
202223-0720,LIVE_REFRESH_VERIFIED,False,False,False,OK,1,4010325,8003,10229,Apollon Limassol,AZ Alkmaar,1,1,1,0,True,utc_time_competition_score_high_confidence_name,OK,True,True,True,ACCEPTED
202223-0722,LIVE_REFRESH_VERIFIED,False,False,False,OK,1,4010392,9802,9991,Djurgården,Gent,0.8333333333,0.7272727273,0.7803030303,0,True,unique_utc_time_competition_score_alias,OK,True,True,True,ACCEPTED
202223-0724,LIVE_REFRESH_VERIFIED,False,False,False,OK,2,4010586,9731,7787,CFR Cluj,Slavia Prague,1,0.8,0.9,0.1388888889,True,utc_time_competition_score_high_confidence_name,OK,True,True,True,ACCEPTED
202223-0727,LIVE_REFRESH_VERIFIED,False,False,False,OK,1,4010680,6019,9931,Slovan Bratislava,Basel,1,1,1,0,True,utc_time_competition_score_high_confidence_name,OK,True,True,True,ACCEPTED
202223-0298,LIVE_REFRESH_VERIFIED,False,False,False,OK,1,4010261,8640,10243,PSV Eindhoven,FC Zürich,1,1,1,0,True,utc_time_competition_score_high_confidence_name,OK,True,True,True,ACCEPTED
202223-0302,LIVE_REFRESH_VERIFIED,False,False,False,OK,1,4010539,210173,9861,Ludogorets Razgrad,HJK,1,0.4,0.7,0,True,unique_utc_time_competition_score_alias,OK,True,True,True,ACCEPTED
202223-0304,LIVE_REFRESH_VERIFIED,False,False,False,OK,2,4010668,8149,10237,Union Berlin,Malmö FF,1,1,1,0.2742946708,True,utc_time_competition_score_high_confidence_name,OK,True,True,True,ACCEPTED
202223-0305,LIVE_REFRESH_VERIFIED,False,False,False,OK,1,4010312,8560,9729,Real Sociedad,FC Sheriff,1,0.6086956522,0.8043478261,0,True,unique_utc_time_competition_score_alias,OK,True,True,True,ACCEPTED
202223-0306,LIVE_REFRESH_VERIFIED,False,False,False,OK,2,4010311,10260,8044,Manchester United,Omonia Nicosia,1,1,1,0.2742946708,True,utc_time_competition_score_high_confidence_name,OK,True,True,True,ACCEPTED
202223-0308,LIVE_REFRESH_VERIFIED,False,False,False,OK,2,4010381,8543,10014,Lazio,Sturm Graz,1,1,1,0.1666666667,True,utc_time_competition_score_high_confidence_name,OK,True,True,True,ACCEPTED
202223-0311,LIVE_REFRESH_VERIFIED,False,False,False,OK,1,4010655,9752,9829,Trabzonspor,Monaco,1,0.8,0.9,0,True,utc_time_competition_score_high_confidence_name,OK,True,True,True,ACCEPTED
202223-0312,LIVE_REFRESH_VERIFIED,False,False,False,OK,1,4010656,8222,8687,Ferencvaros,FK Crvena Zvezda,1,1,1,0,True,utc_time_competition_score_high_confidence_name,OK,True,True,True,ACCEPTED
202223-0714,LIVE_REFRESH_VERIFIED,False,False,False,OK,1,4010223,9723,8415,FC FCSB,Silkeborg,1,0.8571428571,0.9285714286,0,True,utc_time_competition_score_high_confidence_name,OK,True,True,True,ACCEPTED
202223-0715,LIVE_REFRESH_VERIFIED,False,False,False,OK,2,4010224,8654,8635,West Ham United,Anderlecht,1,1,1,0.1915322581,True,utc_time_competition_score_high_confidence_name,OK,True,True,True,ACCEPTED
202223-0716,LIVE_REFRESH_VERIFIED,False,False,False,OK,1,4010249,9754,2182,Hapoel Beer Sheva,Lech Poznan,1,1,1,0,True,utc_time_competition_score_high_confidence_name,OK,True,True,True,ACCEPTED
202223-0719,LIVE_REFRESH_VERIFIED,False,False,False,OK,3,4010274,9831,2021,Nice,Slovacko,0.6666666667,0.8888888889,0.7777777778,0.3355263158,True,separated_utc_time_competition_score_alias,OK,True,True,True,ACCEPTED
202223-0721,LIVE_REFRESH_VERIFIED,False,False,False,OK,3,4010326,9824,883952,FC Vaduz,SC Dnipro-1,1,1,1,0.2533936652,True,utc_time_competition_score_high_confidence_name,OK,True,True,True,ACCEPTED
202223-0723,LIVE_REFRESH_VERIFIED,False,False,False,OK,1,4010393,4131,9917,Shamrock Rovers,Molde,1,1,1,0,True,utc_time_competition_score_high_confidence_name,OK,True,True,True,ACCEPTED
202223-0725,LIVE_REFRESH_VERIFIED,False,False,False,OK,3,4010587,952668,6265,Ballkani,Sivasspor,1,1,1,0.4019607843,True,utc_time_competition_score_high_confidence_name,OK,True,True,True,ACCEPTED
202223-0726,LIVE_REFRESH_VERIFIED,False,False,False,OK,2,4010681,4616,6345,Zalgiris Vilnius,Pyunik,1,0.6,0.8,0.2956989247,True,separated_utc_time_competition_score_alias,OK,True,True,True,ACCEPTED
202223-0265,LIVE_REFRESH_VERIFIED,False,False,False,OK,1,4010256,9825,8640,Arsenal,PSV Eindhoven,1,1,1,0,True,utc_time_competition_score_high_confidence_name,OK,True,True,True,ACCEPTED
202223-0178,LIVE_REFRESH_VERIFIED,False,False,False,OK,1,4010207,10013,8455,Salzburg,Chelsea,1,1,1,0,True,utc_time_competition_score_high_confidence_name,OK,True,True,True,ACCEPTED
202223-0182,LIVE_REFRESH_VERIFIED,False,False,False,OK,2,4010232,8302,8391,Sevilla,FC København,1,1,1,0.1394230769,True,utc_time_competition_score_high_confidence_name,OK,True,True,True,ACCEPTED
202223-0179,LIVE_REFRESH_VERIFIED,False,False,False,OK,2,4010208,10156,8564,Dinamo Zagreb,Milan,1,1,1,0.1052631579,True,utc_time_competition_score_high_confidence_name,OK,True,True,True,ACCEPTED
202223-0180,LIVE_REFRESH_VERIFIED,False,False,False,OK,1,4010214,178475,8633,RB Leipzig,Real Madrid,1,1,1,0,True,utc_time_competition_score_high_confidence_name,OK,True,True,True,ACCEPTED
202223-0181,LIVE_REFRESH_VERIFIED,False,False,False,OK,2,4010213,9925,9728,Celtic,Shakhtar Donetsk,1,1,1,0.1980676329,True,utc_time_competition_score_high_confidence_name,OK,True,True,True,ACCEPTED
202223-0183,LIVE_REFRESH_VERIFIED,False,False,False,OK,1,4010233,9789,8456,Borussia Dortmund,Manchester City,1,1,1,0,True,utc_time_competition_score_high_confidence_name,OK,True,True,True,ACCEPTED
202223-0184,LIVE_REFRESH_VERIFIED,False,False,False,OK,1,4010238,9772,9885,Benfica,Juventus,1,1,1,0,True,utc_time_competition_score_high_confidence_name,OK,True,True,True,ACCEPTED
202223-0185,LIVE_REFRESH_VERIFIED,False,False,False,OK,1,4010239,9847,10185,Paris Saint-Germain,Maccabi Haifa,1,1,1,0,True,utc_time_competition_score_high_confidence_name,OK,True,True,True,ACCEPTED
202223-0172,LIVE_REFRESH_VERIFIED,False,False,False,OK,2,4010146,8342,9773,Club Brugge,FC Porto,1,1,1,0.05263157895,True,utc_time_competition_score_high_confidence_name,OK,True,True,True,ACCEPTED
202223-0174,LIVE_REFRESH_VERIFIED,False,False,False,OK,1,4010171,8636,6033,Inter,Viktoria Plzen,0.5263157895,1,0.7631578947,0,True,unique_utc_time_competition_score_alias,OK,True,True,True,ACCEPTED
202223-0170,LIVE_REFRESH_VERIFIED,False,False,False,OK,2,4010128,9875,8548,Napoli,Rangers,1,0.6363636364,0.8181818182,0.1602564103,True,separated_utc_time_competition_score_alias,OK,True,True,True,ACCEPTED
202223-0171,LIVE_REFRESH_VERIFIED,False,False,False,OK,2,4010129,8593,8650,Ajax,Liverpool,1,1,1,0.2408026756,True,utc_time_competition_score_high_confidence_name,OK,True,True,True,ACCEPTED
202223-0173,LIVE_REFRESH_VERIFIED,False,False,False,OK,1,4010147,9906,8178,Atletico Madrid,Bayer Leverkusen,1,1,1,0,True,utc_time_competition_score_high_confidence_name,OK,True,True,True,ACCEPTED
202223-0175,LIVE_REFRESH_VERIFIED,False,False,False,OK,2,4010172,8634,9823,Barcelona,Bayern München,1,1,1,0.2408026756,True,utc_time_competition_score_high_confidence_name,OK,True,True,True,ACCEPTED
202223-0176,LIVE_REFRESH_VERIFIED,False,False,False,OK,2,4010190,8586,9768,Tottenham Hotspur,Sporting CP,1,0.7586206897,0.8793103448,0.1905370844,True,utc_time_competition_score_high_confidence_name,OK,True,True,True,ACCEPTED
202223-0177,LIVE_REFRESH_VERIFIED,False,False,False,OK,1,4010189,9810,8592,Eintracht Frankfurt,Marseille,1,0.6428571429,0.8214285714,0,True,unique_utc_time_competition_score_alias,OK,True,True,True,ACCEPTED
202223-0329,LIVE_REFRESH_VERIFIED,False,False,False,OK,1,4010263,8640,9825,PSV Eindhoven,Arsenal,1,1,1,0,True,utc_time_competition_score_high_confidence_name,OK,True,True,True,ACCEPTED
202223-0330,LIVE_REFRESH_VERIFIED,False,False,False,OK,4,4010262,10243,8402,FC Zürich,Bodø/Glimt,1,1,1,0.2818181818,True,utc_time_competition_score_high_confidence_name,OK,True,True,True,ACCEPTED
202223-0331,LIVE_REFRESH_VERIFIED,False,False,False,OK,2,4010302,8695,9851,Fenerbahçe,Rennes,1,0.5263157895,0.7631578947,0.3571428571,True,separated_utc_time_competition_score_alias,OK,True,True,True,ACCEPTED
202223-0332,LIVE_REFRESH_VERIFIED,False,False,False,OK,2,4010301,7797,8688,AEK Larnaca,Dynamo Kyiv,1,1,1,0.1540616246,True,utc_time_competition_score_high_confidence_name,OK,True,True,True,ACCEPTED
202223-0334,LIVE_REFRESH_VERIFIED,False,False,False,OK,1,4010541,210173,8603,Ludogorets Razgrad,Real Betis,1,1,1,0,True,utc_time_competition_score_high_confidence_name,OK,True,True,True,ACCEPTED
202223-0335,LIVE_REFRESH_VERIFIED,False,False,False,OK,2,4010669,8149,10264,Union Berlin,Braga,1,0.5263157895,0.7631578947,0.2233201581,True,separated_utc_time_competition_score_alias,OK,True,True,True,ACCEPTED
202223-0336,LIVE_REFRESH_VERIFIED,False,False,False,OK,2,4010670,10237,7978,Malmö FF,Union St.Gilloise,1,0.9189189189,0.9594594595,0.2272727273,True,utc_time_competition_score_high_confidence_name,OK,True,True,True,ACCEPTED
202223-0340,LIVE_REFRESH_VERIFIED,False,False,False,OK,4,4010382,8543,8113,Lazio,Midtjylland,1,1,1,0.2818181818,True,utc_time_competition_score_high_confidence_name,OK,True,True,True,ACCEPTED
202223-0744,LIVE_REFRESH_VERIFIED,False,False,False,OK,4,4010201,8535,1933,Fiorentina,Istanbul Başakşehir,1,1,1,0.3142857143,True,utc_time_competition_score_high_confidence_name,OK,True,True,True,ACCEPTED
202223-0747,LIVE_REFRESH_VERIFIED,False,False,False,OK,3,4010225,8635,9723,Anderlecht,FC FCSB,1,1,1,0.25,True,utc_time_competition_score_high_confidence_name,OK,True,True,True,ACCEPTED
202223-0748,LIVE_REFRESH_VERIFIED,False,False,False,OK,2,4010251,10011,2182,Austria Wien,Lech Poznan,1,1,1,0.2074074074,True,utc_time_competition_score_high_confidence_name,OK,True,True,True,ACCEPTED
202223-0749,LIVE_REFRESH_VERIFIED,False,False,False,OK,3,4010250,10205,9754,Villarreal,Hapoel Beer Sheva,1,1,1,0.1878787879,True,utc_time_competition_score_high_confidence_name,OK,True,True,True,ACCEPTED
202223-0750,LIVE_REFRESH_VERIFIED,False,False,False,OK,4,4010276,9831,7998,Nice,Partizan Beograd,0.6666666667,0.9090909091,0.7878787879,0.3611111111,True,separated_utc_time_competition_score_alias,OK,True,True,True,ACCEPTED
202223-0753,LIVE_REFRESH_VERIFIED,False,False,False,OK,1,4010327,9824,10229,FC Vaduz,AZ Alkmaar,1,1,1,0,True,utc_time_competition_score_high_confidence_name,OK,True,True,True,ACCEPTED
202223-0333,LIVE_REFRESH_VERIFIED,False,False,False,OK,1,4010540,9861,8686,HJK,Roma,0.4,0.7272727273,0.5636363636,0,True,unique_utc_time_competition_score_alias,OK,True,True,True,ACCEPTED
202223-0337,LIVE_REFRESH_VERIFIED,False,False,False,OK,2,4010314,8044,8560,Omonia Nicosia,Real Sociedad,1,1,1,0.303030303,True,utc_time_competition_score_high_confidence_name,OK,True,True,True,ACCEPTED
202223-0338,LIVE_REFRESH_VERIFIED,False,False,False,OK,1,4010313,10260,9729,Manchester United,FC Sheriff,1,0.6086956522,0.8043478261,0,True,unique_utc_time_competition_score_alias,OK,True,True,True,ACCEPTED
202223-0339,LIVE_REFRESH_VERIFIED,False,False,False,OK,2,4010383,10014,10235,Sturm Graz,Feyenoord,1,1,1,0.1623376623,True,utc_time_competition_score_high_confidence_name,OK,True,True,True,ACCEPTED
202223-0341,LIVE_REFRESH_VERIFIED,False,False,False,OK,4,4010553,9830,7981,Nantes,Qarabag FK,1,1,1,0.3245614035,True,utc_time_competition_score_high_confidence_name,OK,True,True,True,ACCEPTED
202223-0342,LIVE_REFRESH_VERIFIED,False,False,False,OK,2,4010552,8358,8638,SC Freiburg,Olympiacos,1,0.6428571429,0.8214285714,0.3355263158,True,separated_utc_time_competition_score_alias,OK,True,True,True,ACCEPTED
202223-0343,LIVE_REFRESH_VERIFIED,False,False,False,OK,2,4010658,8222,9829,Ferencvaros,Monaco,1,0.8,0.9,0.4210526316,True,utc_time_competition_score_high_confidence_name,OK,True,True,True,ACCEPTED
202223-0344,LIVE_REFRESH_VERIFIED,False,False,False,OK,4,4010657,8687,9752,FK Crvena Zvezda,Trabzonspor,1,1,1,0.3245614035,True,utc_time_competition_score_high_confidence_name,OK,True,True,True,ACCEPTED
202223-0745,LIVE_REFRESH_VERIFIED,False,False,False,OK,4,4010202,9860,248871,Hearts,RFS,1,1,1,0.1739130435,True,utc_time_competition_score_high_confidence_name,OK,True,True,True,ACCEPTED
202223-0746,LIVE_REFRESH_VERIFIED,False,False,False,OK,2,4010226,8654,8415,West Ham United,Silkeborg,1,0.8571428571,0.9285714286,0.1583850932,True,utc_time_competition_score_high_confidence_name,OK,True,True,True,ACCEPTED
202223-0752,LIVE_REFRESH_VERIFIED,False,False,False,OK,2,4010328,883952,8003,SC Dnipro-1,Apollon Limassol,1,1,1,0.1269565217,True,utc_time_competition_score_high_confidence_name,OK,True,True,True,ACCEPTED
202223-0754,LIVE_REFRESH_VERIFIED,False,False,False,OK,2,4010395,4131,9991,Shamrock Rovers,Gent,1,0.7272727273,0.8636363636,0.2592592593,True,utc_time_competition_score_high_confidence_name,OK,True,True,True,ACCEPTED
202223-0755,LIVE_REFRESH_VERIFIED,False,False,False,OK,1,4010394,9917,9802,Molde,Djurgården,1,0.8333333333,0.9166666667,0,True,utc_time_competition_score_high_confidence_name,OK,True,True,True,ACCEPTED
202223-0756,LIVE_REFRESH_VERIFIED,False,False,False,OK,1,4010589,6265,9731,Sivasspor,CFR Cluj,1,1,1,0,True,utc_time_competition_score_high_confidence_name,OK,True,True,True,ACCEPTED
202223-0757,LIVE_REFRESH_VERIFIED,False,False,False,OK,2,4010588,952668,7787,Ballkani,Slavia Prague,1,0.8,0.9,0.1805555556,True,utc_time_competition_score_high_confidence_name,OK,True,True,True,ACCEPTED
202223-0758,LIVE_REFRESH_VERIFIED,False,False,False,OK,4,4010683,6019,6345,Slovan Bratislava,Pyunik,1,0.6,0.8,0.2760942761,True,separated_utc_time_competition_score_alias,OK,True,True,True,ACCEPTED
202223-0759,LIVE_REFRESH_VERIFIED,False,False,False,OK,3,4010682,9931,4616,Basel,Zalgiris Vilnius,1,1,1,0.3515151515,True,utc_time_competition_score_high_confidence_name,OK,True,True,True,ACCEPTED
202223-0751,LIVE_REFRESH_VERIFIED,False,False,False,OK,2,4010275,2021,8722,Slovacko,1. FC Köln,0.8888888889,1,0.9444444444,0.1637426901,True,utc_time_competition_score_high_confidence_name,OK,True,True,True,ACCEPTED
202223-0156,LIVE_REFRESH_VERIFIED,False,False,False,OK,2,4010148,9773,9906,FC Porto,Atletico Madrid,1,1,1,0.1785714286,True,utc_time_competition_score_high_confidence_name,OK,True,True,True,ACCEPTED
202223-0157,LIVE_REFRESH_VERIFIED,False,False,False,OK,1,4010149,8178,8342,Bayer Leverkusen,Club Brugge,1,1,1,0,True,utc_time_competition_score_high_confidence_name,OK,True,True,True,ACCEPTED
202223-0154,LIVE_REFRESH_VERIFIED,False,False,False,OK,1,4010131,8548,8593,Rangers,Ajax,0.6363636364,1,0.8181818182,0,True,unique_utc_time_competition_score_alias,OK,True,True,True,ACCEPTED
202223-0155,LIVE_REFRESH_VERIFIED,False,False,False,OK,2,4010130,8650,9875,Liverpool,Napoli,1,1,1,0.1778656126,True,utc_time_competition_score_high_confidence_name,OK,True,True,True,ACCEPTED
202223-0158,LIVE_REFRESH_VERIFIED,False,False,False,OK,1,4010174,6033,8634,Viktoria Plzen,Barcelona,1,1,1,0,True,utc_time_competition_score_high_confidence_name,OK,True,True,True,ACCEPTED
202223-0159,LIVE_REFRESH_VERIFIED,False,False,False,OK,2,4010173,9823,8636,Bayern München,Inter,1,0.5263157895,0.7631578947,0.2369565217,True,separated_utc_time_competition_score_alias,OK,True,True,True,ACCEPTED
202223-0160,LIVE_REFRESH_VERIFIED,False,False,False,OK,3,4010191,9768,9810,Sporting CP,Eintracht Frankfurt,0.7586206897,1,0.8793103448,0.25,True,utc_time_competition_score_high_confidence_name,OK,True,True,True,ACCEPTED
202223-0161,LIVE_REFRESH_VERIFIED,False,False,False,OK,3,4010192,8592,8586,Marseille,Tottenham Hotspur,0.6428571429,1,0.8214285714,0.2055555556,True,separated_utc_time_competition_score_alias,OK,True,True,True,ACCEPTED
202223-0164,LIVE_REFRESH_VERIFIED,False,False,False,OK,1,4010215,8633,9925,Real Madrid,Celtic,1,1,1,0,True,utc_time_competition_score_high_confidence_name,OK,True,True,True,ACCEPTED
202223-0165,LIVE_REFRESH_VERIFIED,False,False,False,OK,1,4010216,9728,178475,Shakhtar Donetsk,RB Leipzig,1,1,1,0,True,utc_time_competition_score_high_confidence_name,OK,True,True,True,ACCEPTED
202223-0162,LIVE_REFRESH_VERIFIED,False,False,False,OK,2,4010210,8455,10156,Chelsea,Dinamo Zagreb,1,1,1,0.1785714286,True,utc_time_competition_score_high_confidence_name,OK,True,True,True,ACCEPTED
202223-0163,LIVE_REFRESH_VERIFIED,False,False,False,OK,1,4010209,8564,10013,Milan,Salzburg,1,1,1,0,True,utc_time_competition_score_high_confidence_name,OK,True,True,True,ACCEPTED
202223-0166,LIVE_REFRESH_VERIFIED,False,False,False,OK,1,4010235,8391,9789,FC København,Borussia Dortmund,1,1,1,0,True,utc_time_competition_score_high_confidence_name,OK,True,True,True,ACCEPTED
202223-0167,LIVE_REFRESH_VERIFIED,False,False,False,OK,1,4010234,8456,8302,Manchester City,Sevilla,1,1,1,0,True,utc_time_competition_score_high_confidence_name,OK,True,True,True,ACCEPTED
202223-0168,LIVE_REFRESH_VERIFIED,False,False,False,OK,3,4010241,9885,9847,Juventus,Paris Saint-Germain,1,1,1,0.2368421053,True,utc_time_competition_score_high_confidence_name,OK,True,True,True,ACCEPTED
202223-0169,LIVE_REFRESH_VERIFIED,False,False,False,OK,1,4010240,10185,9772,Maccabi Haifa,Benfica,1,1,1,0,True,utc_time_competition_score_high_confidence_name,OK,True,True,True,ACCEPTED
202223-0728,LIVE_REFRESH_VERIFIED,False,False,False,OK,1,4010204,1933,9860,Istanbul Başakşehir,Hearts,1,1,1,0,True,utc_time_competition_score_high_confidence_name,OK,True,True,True,ACCEPTED
202223-0729,LIVE_REFRESH_VERIFIED,False,False,False,OK,2,4010203,248871,8535,RFS,Fiorentina,1,1,1,0.3657142857,True,utc_time_competition_score_high_confidence_name,OK,True,True,True,ACCEPTED
202223-0321,LIVE_REFRESH_VERIFIED,False,False,False,OK,2,4010315,8560,10260,Real Sociedad,Manchester United,1,1,1,0.3045977011,True,utc_time_competition_score_high_confidence_name,OK,True,True,True,ACCEPTED
202223-0322,LIVE_REFRESH_VERIFIED,False,False,False,OK,4,4010316,9729,8044,FC Sheriff,Omonia Nicosia,0.6086956522,1,0.8043478261,0.3822222222,True,separated_utc_time_competition_score_alias,OK,True,True,True,ACCEPTED
202223-0323,LIVE_REFRESH_VERIFIED,False,False,False,OK,4,4010385,10235,8543,Feyenoord,Lazio,1,1,1,0.3068181818,True,utc_time_competition_score_high_confidence_name,OK,True,True,True,ACCEPTED
202223-0324,LIVE_REFRESH_VERIFIED,False,False,False,OK,1,4010384,8113,10014,Midtjylland,Sturm Graz,1,1,1,0,True,utc_time_competition_score_high_confidence_name,OK,True,True,True,ACCEPTED
202223-0325,LIVE_REFRESH_VERIFIED,False,False,False,OK,2,4010554,7981,8358,Qarabag FK,SC Freiburg,1,1,1,0.1295546559,True,utc_time_competition_score_high_confidence_name,OK,True,True,True,ACCEPTED
202223-0326,LIVE_REFRESH_VERIFIED,False,False,False,OK,2,4010555,8638,9830,Olympiacos,Nantes,0.6428571429,1,0.8214285714,0.2909482759,True,separated_utc_time_competition_score_alias,OK,True,True,True,ACCEPTED
202223-0327,LIVE_REFRESH_VERIFIED,False,False,False,OK,1,4010659,9829,8687,Monaco,FK Crvena Zvezda,0.8,1,0.9,0,True,utc_time_competition_score_high_confidence_name,OK,True,True,True,ACCEPTED
202223-0328,LIVE_REFRESH_VERIFIED,False,False,False,OK,4,4010660,9752,8222,Trabzonspor,Ferencvaros,1,1,1,0.275,True,utc_time_competition_score_high_confidence_name,OK,True,True,True,ACCEPTED
202223-0736,LIVE_REFRESH_VERIFIED,False,False,False,OK,3,4010329,8003,9824,Apollon Limassol,FC Vaduz,1,1,1,0.1269230769,True,utc_time_competition_score_high_confidence_name,OK,True,True,True,ACCEPTED
202223-0737,LIVE_REFRESH_VERIFIED,False,False,False,OK,1,4010330,10229,883952,AZ Alkmaar,SC Dnipro-1,1,1,1,0,True,utc_time_competition_score_high_confidence_name,OK,True,True,True,ACCEPTED
202223-0738,LIVE_REFRESH_VERIFIED,False,False,False,OK,2,4010397,9991,9917,Gent,Molde,0.7272727273,1,0.8636363636,0.1421568627,True,utc_time_competition_score_high_confidence_name,OK,True,True,True,ACCEPTED
202223-0739,LIVE_REFRESH_VERIFIED,False,False,False,OK,3,4010396,9802,4131,Djurgården,Shamrock Rovers,0.8333333333,1,0.9166666667,0.15,True,utc_time_competition_score_high_confidence_name,OK,True,True,True,ACCEPTED
202223-0740,LIVE_REFRESH_VERIFIED,False,False,False,OK,3,4010591,9731,952668,CFR Cluj,Ballkani,1,1,1,0.1602564103,True,utc_time_competition_score_high_confidence_name,OK,True,True,True,ACCEPTED
202223-0741,LIVE_REFRESH_VERIFIED,False,False,False,OK,2,4010590,7787,6265,Slavia Prague,Sivasspor,0.8,1,0.9,0.4495798319,True,utc_time_competition_score_high_confidence_name,OK,True,True,True,ACCEPTED
202223-0742,LIVE_REFRESH_VERIFIED,False,False,False,OK,2,4010685,6345,9931,Pyunik,Basel,0.6,1,0.8,0.2484848485,True,separated_utc_time_competition_score_alias,OK,True,True,True,ACCEPTED
202223-0743,LIVE_REFRESH_VERIFIED,False,False,False,OK,2,4010684,4616,6019,Zalgiris Vilnius,Slovan Bratislava,1,1,1,0.1818181818,True,utc_time_competition_score_high_confidence_name,OK,True,True,True,ACCEPTED
202223-0313,LIVE_REFRESH_VERIFIED,False,False,False,OK,4,4010264,9825,10243,Arsenal,FC Zürich,1,1,1,0.3068181818,True,utc_time_competition_score_high_confidence_name,OK,True,True,True,ACCEPTED
202223-0314,LIVE_REFRESH_VERIFIED,False,False,False,OK,1,4010265,8402,8640,Bodø/Glimt,PSV Eindhoven,1,1,1,0,True,utc_time_competition_score_high_confidence_name,OK,True,True,True,ACCEPTED
202223-0315,LIVE_REFRESH_VERIFIED,False,False,False,OK,2,4010304,9851,7797,Rennes,AEK Larnaca,0.5263157895,1,0.7631578947,0.2552631579,True,separated_utc_time_competition_score_alias,OK,True,True,True,ACCEPTED
202223-0316,LIVE_REFRESH_VERIFIED,False,False,False,OK,2,4010303,8688,8695,Dynamo Kyiv,Fenerbahçe,1,1,1,0.2053571429,True,utc_time_competition_score_high_confidence_name,OK,True,True,True,ACCEPTED
202223-0317,LIVE_REFRESH_VERIFIED,False,False,False,OK,1,4010543,8686,210173,Roma,Ludogorets Razgrad,0.7272727273,1,0.8636363636,0,True,utc_time_competition_score_high_confidence_name,OK,True,True,True,ACCEPTED
202223-0318,LIVE_REFRESH_VERIFIED,False,False,False,OK,1,4010542,8603,9861,Real Betis,HJK,1,0.4,0.7,0,True,unique_utc_time_competition_score_alias,OK,True,True,True,ACCEPTED
202223-0319,LIVE_REFRESH_VERIFIED,False,False,False,OK,1,4010672,10264,10237,Braga,Malmö FF,0.5263157895,1,0.7631578947,0,True,unique_utc_time_competition_score_alias,OK,True,True,True,ACCEPTED
202223-0320,LIVE_REFRESH_VERIFIED,False,False,False,OK,2,4010671,7978,8149,Union St.Gilloise,Union Berlin,0.9189189189,1,0.9594594595,0.2288401254,True,utc_time_competition_score_high_confidence_name,OK,True,True,True,ACCEPTED
202223-0730,LIVE_REFRESH_VERIFIED,False,False,False,OK,1,4010228,8415,8635,Silkeborg,Anderlecht,0.8571428571,1,0.9285714286,0,True,utc_time_competition_score_high_confidence_name,OK,True,True,True,ACCEPTED
202223-0731,LIVE_REFRESH_VERIFIED,False,False,False,OK,2,4010227,9723,8654,FC FCSB,West Ham United,1,1,1,0.4057142857,True,utc_time_competition_score_high_confidence_name,OK,True,True,True,ACCEPTED
202223-0732,LIVE_REFRESH_VERIFIED,False,False,False,OK,1,4010252,2182,10205,Lech Poznan,Villarreal,1,1,1,0,True,utc_time_competition_score_high_confidence_name,OK,True,True,True,ACCEPTED
202223-0733,LIVE_REFRESH_VERIFIED,False,False,False,OK,2,4010253,9754,10011,Hapoel Beer Sheva,Austria Wien,1,1,1,0.106442577,True,utc_time_competition_score_high_confidence_name,OK,True,True,True,ACCEPTED
202223-0734,LIVE_REFRESH_VERIFIED,False,False,False,OK,2,4010277,7998,2021,Partizan Beograd,Slovacko,0.9090909091,0.8888888889,0.898989899,0.3438596491,True,utc_time_competition_score_high_confidence_name,OK,True,True,True,ACCEPTED
202223-0735,LIVE_REFRESH_VERIFIED,False,False,False,OK,1,4010278,8722,9831,1. FC Köln,Nice,1,0.6666666667,0.8333333333,0,True,unique_utc_time_competition_score_alias,OK,True,True,True,ACCEPTED
202223-0192,LIVE_REFRESH_VERIFIED,False,False,False,OK,2,4060606,8564,8586,Milan,Tottenham Hotspur,1,1,1,0.1742424242,True,utc_time_competition_score_high_confidence_name,OK,True,True,True,ACCEPTED
202223-0200,LIVE_REFRESH_VERIFIED,False,False,False,OK,1,4060614,9847,9823,Paris Saint-Germain,Bayern München,1,1,1,0,True,utc_time_competition_score_high_confidence_name,OK,True,True,True,ACCEPTED
202223-0188,LIVE_REFRESH_VERIFIED,False,False,False,OK,1,4060602,8342,9772,Club Brugge,Benfica,1,1,1,0,True,utc_time_competition_score_high_confidence_name,OK,True,True,True,ACCEPTED
202223-0196,LIVE_REFRESH_VERIFIED,False,False,False,OK,2,4060610,9789,8455,Borussia Dortmund,Chelsea,1,1,1,0.2196969697,True,utc_time_competition_score_high_confidence_name,OK,True,True,True,ACCEPTED
202223-0345,LIVE_REFRESH_VERIFIED,False,False,False,OK,1,4060616,8634,10260,Barcelona,Manchester United,1,1,1,0,True,utc_time_competition_score_high_confidence_name,OK,True,True,True,ACCEPTED
202223-0351,LIVE_REFRESH_VERIFIED,False,False,False,OK,1,4060619,9728,9851,Shakhtar Donetsk,Rennes,1,0.5263157895,0.7631578947,0,True,unique_utc_time_competition_score_alias,OK,True,True,True,ACCEPTED
202223-0353,LIVE_REFRESH_VERIFIED,False,False,False,OK,1,4060620,8593,8149,Ajax,Union Berlin,1,1,1,0,True,utc_time_competition_score_high_confidence_name,OK,True,True,True,ACCEPTED
202223-0359,LIVE_REFRESH_VERIFIED,False,False,False,OK,1,4060623,10013,8686,Salzburg,Roma,1,0.7272727273,0.8636363636,0,True,utc_time_competition_score_high_confidence_name,OK,True,True,True,ACCEPTED
202223-0760,LIVE_REFRESH_VERIFIED,False,False,False,OK,5,4060632,7981,9991,Qarabag FK,Gent,1,0.7272727273,0.8636363636,0.3333333333,True,utc_time_competition_score_high_confidence_name,OK,True,True,True,ACCEPTED
202223-0762,LIVE_REFRESH_VERIFIED,False,False,False,OK,5,4060634,9752,9931,Trabzonspor,Basel,1,1,1,0.3724137931,True,utc_time_competition_score_high_confidence_name,OK,True,True,True,ACCEPTED
202223-0766,LIVE_REFRESH_VERIFIED,False,False,False,OK,1,4060638,8402,2182,Bodø/Glimt,Lech Poznan,1,1,1,0,True,utc_time_competition_score_high_confidence_name,OK,True,True,True,ACCEPTED
202223-0768,LIVE_REFRESH_VERIFIED,False,False,False,OK,1,4060640,10264,8535,Braga,Fiorentina,0.5263157895,1,0.7631578947,0,True,unique_utc_time_competition_score_alias,OK,True,True,True,ACCEPTED
202223-0347,LIVE_REFRESH_VERIFIED,False,False,False,OK,2,4060617,9885,9830,Juventus,Nantes,1,1,1,0.1702786378,True,utc_time_competition_score_high_confidence_name,OK,True,True,True,ACCEPTED
202223-0349,LIVE_REFRESH_VERIFIED,False,False,False,OK,2,4060618,9768,8113,Sporting CP,Midtjylland,0.7586206897,1,0.8793103448,0.1561085973,True,utc_time_competition_score_high_confidence_name,OK,True,True,True,ACCEPTED
202223-0355,LIVE_REFRESH_VERIFIED,False,False,False,OK,1,4060621,8178,9829,Bayer Leverkusen,Monaco,1,0.8,0.9,0,True,utc_time_competition_score_high_confidence_name,OK,True,True,True,ACCEPTED
202223-0357,LIVE_REFRESH_VERIFIED,False,False,False,OK,1,4060622,8302,8640,Sevilla,PSV Eindhoven,1,1,1,0,True,utc_time_competition_score_high_confidence_name,OK,True,True,True,ACCEPTED
202223-0764,LIVE_REFRESH_VERIFIED,False,False,False,OK,5,4060636,8543,9731,Lazio,CFR Cluj,1,1,1,0.2644230769,True,utc_time_competition_score_high_confidence_name,OK,True,True,True,ACCEPTED
202223-0770,LIVE_REFRESH_VERIFIED,False,False,False,OK,5,4060642,7797,883952,AEK Larnaca,SC Dnipro-1,1,1,1,0.3055555556,True,utc_time_competition_score_high_confidence_name,OK,True,True,True,ACCEPTED
202223-0772,LIVE_REFRESH_VERIFIED,False,False,False,OK,1,4060644,9729,7998,FC Sheriff,Partizan Beograd,0.6086956522,0.9090909091,0.7588932806,0,True,unique_utc_time_competition_score_alias,OK,True,True,True,ACCEPTED
202223-0774,LIVE_REFRESH_VERIFIED,False,False,False,OK,5,4060646,210173,8635,Ludogorets Razgrad,Anderlecht,1,1,1,0.3034482759,True,utc_time_competition_score_high_confidence_name,OK,True,True,True,ACCEPTED
202223-0190,LIVE_REFRESH_VERIFIED,False,False,False,OK,1,4060604,8650,8633,Liverpool,Real Madrid,1,1,1,0,True,utc_time_competition_score_high_confidence_name,OK,True,True,True,ACCEPTED
202223-0194,LIVE_REFRESH_VERIFIED,False,False,False,OK,1,4060608,9810,9875,Eintracht Frankfurt,Napoli,1,1,1,0,True,utc_time_competition_score_high_confidence_name,OK,True,True,True,ACCEPTED
202223-0186,LIVE_REFRESH_VERIFIED,False,False,False,OK,1,4060600,178475,8456,RB Leipzig,Manchester City,1,1,1,0,True,utc_time_competition_score_high_confidence_name,OK,True,True,True,ACCEPTED
202223-0198,LIVE_REFRESH_VERIFIED,False,False,False,OK,1,4060612,8636,9773,Inter,FC Porto,0.5263157895,1,0.7631578947,0,True,unique_utc_time_competition_score_alias,OK,True,True,True,ACCEPTED
202223-0348,LIVE_REFRESH_VERIFIED,False,False,False,OK,1,4060625,9830,9885,Nantes,Juventus,1,1,1,0,True,utc_time_competition_score_high_confidence_name,OK,True,True,True,ACCEPTED
202223-0350,LIVE_REFRESH_VERIFIED,False,False,False,OK,1,4060626,8113,9768,Midtjylland,Sporting CP,1,0.7586206897,0.8793103448,0,True,utc_time_competition_score_high_confidence_name,OK,True,True,True,ACCEPTED
202223-0356,LIVE_REFRESH_VERIFIED,False,False,False,OK,1,4060629,9829,8178,Monaco,Bayer Leverkusen,0.8,1,0.9,0,True,utc_time_competition_score_high_confidence_name,OK,True,True,True,EXTRA_TIME_SCOPE_MISMATCH
202223-0358,LIVE_REFRESH_VERIFIED,False,False,False,OK,2,4060630,8640,8302,PSV Eindhoven,Sevilla,1,1,1,0.1921568627,True,utc_time_competition_score_high_confidence_name,OK,True,True,True,ACCEPTED
202223-0765,LIVE_REFRESH_VERIFIED,False,False,False,OK,2,4060637,9731,8543,CFR Cluj,Lazio,1,1,1,0.25,True,utc_time_competition_score_high_confidence_name,OK,True,True,True,ACCEPTED
202223-0771,LIVE_REFRESH_VERIFIED,False,False,False,OK,2,4060643,883952,7797,SC Dnipro-1,AEK Larnaca,1,1,1,0.25,True,utc_time_competition_score_high_confidence_name,OK,True,True,True,ACCEPTED
202223-0773,LIVE_REFRESH_VERIFIED,False,False,False,OK,1,4060645,7998,9729,Partizan Beograd,FC Sheriff,0.9090909091,0.6086956522,0.7588932806,0,True,unique_utc_time_competition_score_alias,OK,True,True,True,ACCEPTED
202223-0775,LIVE_REFRESH_VERIFIED,False,False,False,OK,1,4060647,8635,210173,Anderlecht,Ludogorets Razgrad,1,1,1,0,True,utc_time_competition_score_high_confidence_name,OK,True,True,True,PENALTY_SCOPE_UNVERIFIED
202223-0346,LIVE_REFRESH_VERIFIED,False,False,False,OK,2,4060624,10260,8634,Manchester United,Barcelona,1,1,1,0.2904347826,True,utc_time_competition_score_high_confidence_name,OK,True,True,True,ACCEPTED
202223-0352,LIVE_REFRESH_VERIFIED,False,False,False,OK,2,4060627,9851,9728,Rennes,Shakhtar Donetsk,0.5263157895,1,0.7631578947,0.26,True,separated_utc_time_competition_score_alias,OK,True,True,True,EXTRA_TIME_SCOPE_MISMATCH
202223-0354,LIVE_REFRESH_VERIFIED,False,False,False,OK,1,4060628,8149,8593,Union Berlin,Ajax,1,1,1,0,True,utc_time_competition_score_high_confidence_name,OK,True,True,True,ACCEPTED
202223-0360,LIVE_REFRESH_VERIFIED,False,False,False,OK,2,4060631,8686,10013,Roma,Salzburg,0.7272727273,1,0.8636363636,0.2833333333,True,utc_time_competition_score_high_confidence_name,OK,True,True,True,ACCEPTED
202223-0761,LIVE_REFRESH_VERIFIED,False,False,False,OK,2,4060633,9991,7981,Gent,Qarabag FK,0.7272727273,1,0.8636363636,0.2361111111,True,utc_time_competition_score_high_confidence_name,OK,True,True,True,EXTRA_TIME_SCOPE_MISMATCH
202223-0763,LIVE_REFRESH_VERIFIED,False,False,False,OK,1,4060635,9931,9752,Basel,Trabzonspor,1,1,1,0,True,utc_time_competition_score_high_confidence_name,OK,True,True,True,ACCEPTED
202223-0767,LIVE_REFRESH_VERIFIED,False,False,False,OK,2,4060639,2182,8402,Lech Poznan,Bodø/Glimt,1,1,1,0.2583333333,True,utc_time_competition_score_high_confidence_name,OK,True,True,True,ACCEPTED
202223-0769,LIVE_REFRESH_VERIFIED,False,False,False,OK,1,4060641,8535,10264,Fiorentina,Braga,1,0.5263157895,0.7631578947,0,True,unique_utc_time_competition_score_alias,OK,True,True,True,ACCEPTED
202223-0780,LIVE_REFRESH_VERIFIED,False,False,False,OK,1,4128786,8543,10229,Lazio,AZ Alkmaar,1,1,1,0,True,utc_time_competition_score_high_confidence_name,OK,True,True,True,ACCEPTED
202223-0189,LIVE_REFRESH_VERIFIED,False,False,False,OK,1,4060603,9772,8342,Benfica,Club Brugge,1,1,1,0,True,utc_time_competition_score_high_confidence_name,OK,True,True,True,ACCEPTED
202223-0197,LIVE_REFRESH_VERIFIED,False,False,False,OK,3,4060611,8455,9789,Chelsea,Borussia Dortmund,1,1,1,0.3095238095,True,utc_time_competition_score_high_confidence_name,OK,True,True,True,ACCEPTED
202223-0201,LIVE_REFRESH_VERIFIED,False,False,False,OK,3,4060615,9823,9847,Bayern München,Paris Saint-Germain,1,1,1,0.2261904762,True,utc_time_competition_score_high_confidence_name,OK,True,True,True,ACCEPTED
202223-0193,LIVE_REFRESH_VERIFIED,False,False,False,OK,4,4060607,8586,8564,Tottenham Hotspur,Milan,1,1,1,0.3069053708,True,utc_time_competition_score_high_confidence_name,OK,True,True,True,ACCEPTED
202223-0361,LIVE_REFRESH_VERIFIED,False,False,False,OK,1,4128626,8149,7978,Union Berlin,Union St.Gilloise,1,0.9189189189,0.9594594595,0,True,utc_time_competition_score_high_confidence_name,OK,True,True,True,ACCEPTED
202223-0367,LIVE_REFRESH_VERIFIED,False,False,False,OK,3,4128629,8178,8222,Bayer Leverkusen,Ferencvaros,1,1,1,0.2774327122,True,utc_time_competition_score_high_confidence_name,OK,True,True,True,ACCEPTED
202223-0369,LIVE_REFRESH_VERIFIED,False,False,False,OK,1,4128630,9768,9825,Sporting CP,Arsenal,0.7586206897,1,0.8793103448,0,True,utc_time_competition_score_high_confidence_name,OK,True,True,True,ACCEPTED
202223-0373,LIVE_REFRESH_VERIFIED,False,False,False,OK,3,4128632,8686,8560,Roma,Real Sociedad,0.7272727273,1,0.8636363636,0.2536231884,True,utc_time_competition_score_high_confidence_name,OK,True,True,True,ACCEPTED
202223-0776,LIVE_REFRESH_VERIFIED,False,False,False,OK,1,4128782,7797,8654,AEK Larnaca,West Ham United,1,1,1,0,True,utc_time_competition_score_high_confidence_name,OK,True,True,True,ACCEPTED
202223-0786,LIVE_REFRESH_VERIFIED,False,False,False,OK,1,4128792,9729,9831,FC Sheriff,Nice,0.6086956522,0.6666666667,0.6376811594,0,True,unique_utc_time_competition_score_alias,OK,True,True,True,ACCEPTED
202223-0788,LIVE_REFRESH_VERIFIED,False,False,False,OK,2,4128794,8635,10205,Anderlecht,Villarreal,1,1,1,0.2807881773,True,utc_time_competition_score_high_confidence_name,OK,True,True,True,ACCEPTED
202223-0363,LIVE_REFRESH_VERIFIED,False,False,False,OK,3,4128627,8302,8695,Sevilla,Fenerbahçe,1,1,1,0.2774327122,True,utc_time_competition_score_high_confidence_name,OK,True,True,True,ACCEPTED
202223-0365,LIVE_REFRESH_VERIFIED,False,False,False,OK,1,4128628,9885,8358,Juventus,SC Freiburg,1,1,1,0,True,utc_time_competition_score_high_confidence_name,OK,True,True,True,ACCEPTED
202223-0371,LIVE_REFRESH_VERIFIED,False,False,False,OK,1,4128631,10260,8603,Manchester United,Real Betis,1,1,1,0,True,utc_time_competition_score_high_confidence_name,OK,True,True,True,ACCEPTED
202223-0375,LIVE_REFRESH_VERIFIED,False,False,False,OK,1,4128633,9728,10235,Shakhtar Donetsk,Feyenoord,1,1,1,0,True,utc_time_competition_score_high_confidence_name,OK,True,True,True,ACCEPTED
202223-0778,LIVE_REFRESH_VERIFIED,False,False,False,OK,1,4128784,8535,6265,Fiorentina,Sivasspor,1,1,1,0,True,utc_time_competition_score_high_confidence_name,OK,True,True,True,ACCEPTED
202223-0782,LIVE_REFRESH_VERIFIED,False,False,False,OK,1,4128788,2182,9802,Lech Poznan,Djurgården,1,0.8333333333,0.9166666667,0,True,utc_time_competition_score_high_confidence_name,OK,True,True,True,ACCEPTED
202223-0784,LIVE_REFRESH_VERIFIED,False,False,False,OK,1,4128790,9931,6019,Basel,Slovan Bratislava,1,1,1,0,True,utc_time_competition_score_high_confidence_name,OK,True,True,True,ACCEPTED
202223-0790,LIVE_REFRESH_VERIFIED,False,False,False,OK,2,4128796,9991,1933,Gent,Istanbul Başakşehir,0.7272727273,1,0.8636363636,0.2799188641,True,utc_time_competition_score_high_confidence_name,OK,True,True,True,ACCEPTED
202223-0187,LIVE_REFRESH_VERIFIED,False,False,False,OK,1,4060601,8456,178475,Manchester City,RB Leipzig,1,1,1,0,True,utc_time_competition_score_high_confidence_name,OK,True,True,True,ACCEPTED
202223-0199,LIVE_REFRESH_VERIFIED,False,False,False,OK,1,4060613,9773,8636,FC Porto,Inter,1,0.5263157895,0.7631578947,0,True,unique_utc_time_competition_score_alias,OK,True,True,True,ACCEPTED
202223-0791,LIVE_REFRESH_VERIFIED,False,False,False,OK,2,4128797,1933,9991,Istanbul Başakşehir,Gent,1,0.7272727273,0.8636363636,0.3550420168,True,utc_time_competition_score_high_confidence_name,OK,True,True,True,ACCEPTED
202223-0191,LIVE_REFRESH_VERIFIED,False,False,False,OK,1,4060605,8633,8650,Real Madrid,Liverpool,1,1,1,0,True,utc_time_competition_score_high_confidence_name,OK,True,True,True,ACCEPTED
202223-0195,LIVE_REFRESH_VERIFIED,False,False,False,OK,1,4060609,9875,9810,Napoli,Eintracht Frankfurt,1,1,1,0,True,utc_time_competition_score_high_confidence_name,OK,True,True,True,ACCEPTED
202223-0364,LIVE_REFRESH_VERIFIED,False,False,False,OK,1,4128635,8695,8302,Fenerbahçe,Sevilla,1,1,1,0,True,utc_time_competition_score_high_confidence_name,OK,True,True,True,ACCEPTED
202223-0366,LIVE_REFRESH_VERIFIED,False,False,False,OK,2,4128636,8358,9885,SC Freiburg,Juventus,1,1,1,0.3771929825,True,utc_time_competition_score_high_confidence_name,OK,True,True,True,ACCEPTED
202223-0372,LIVE_REFRESH_VERIFIED,False,False,False,OK,1,4128639,8603,10260,Real Betis,Manchester United,1,1,1,0,True,utc_time_competition_score_high_confidence_name,OK,True,True,True,ACCEPTED
202223-0376,LIVE_REFRESH_VERIFIED,False,False,False,OK,1,4128641,10235,9728,Feyenoord,Shakhtar Donetsk,1,1,1,0,True,utc_time_competition_score_high_confidence_name,OK,True,True,True,ACCEPTED
202223-0779,LIVE_REFRESH_VERIFIED,False,False,False,OK,2,4128785,6265,8535,Sivasspor,Fiorentina,1,1,1,0.3928571429,True,utc_time_competition_score_high_confidence_name,OK,True,True,True,ACCEPTED
202223-0783,LIVE_REFRESH_VERIFIED,False,False,False,OK,1,4128789,9802,2182,Djurgården,Lech Poznan,0.8333333333,1,0.9166666667,0,True,utc_time_competition_score_high_confidence_name,OK,True,True,True,ACCEPTED
202223-0785,LIVE_REFRESH_VERIFIED,False,False,False,OK,1,4128791,6019,9931,Slovan Bratislava,Basel,1,1,1,0,True,utc_time_competition_score_high_confidence_name,OK,True,True,True,EXTRA_TIME_SCOPE_MISMATCH
202223-0362,LIVE_REFRESH_VERIFIED,False,False,False,OK,1,4128634,7978,8149,Union St.Gilloise,Union Berlin,0.9189189189,1,0.9594594595,0,True,utc_time_competition_score_high_confidence_name,OK,True,True,True,ACCEPTED
202223-0368,LIVE_REFRESH_VERIFIED,False,False,False,OK,2,4128637,8222,8178,Ferencvaros,Bayer Leverkusen,1,1,1,0.3771929825,True,utc_time_competition_score_high_confidence_name,OK,True,True,True,ACCEPTED
202223-0370,LIVE_REFRESH_VERIFIED,False,False,False,OK,1,4128638,9825,9768,Arsenal,Sporting CP,1,0.7586206897,0.8793103448,0,True,utc_time_competition_score_high_confidence_name,OK,True,True,True,EXTRA_TIME_SCOPE_MISMATCH
202223-0374,LIVE_REFRESH_VERIFIED,False,False,False,OK,1,4128640,8560,8686,Real Sociedad,Roma,1,0.7272727273,0.8636363636,0,True,utc_time_competition_score_high_confidence_name,OK,True,True,True,ACCEPTED
202223-0777,LIVE_REFRESH_VERIFIED,False,False,False,OK,1,4128783,8654,7797,West Ham United,AEK Larnaca,1,1,1,0,True,utc_time_competition_score_high_confidence_name,OK,True,True,True,ACCEPTED
202223-0781,LIVE_REFRESH_VERIFIED,False,False,False,OK,1,4128787,10229,8543,AZ Alkmaar,Lazio,1,1,1,0,True,utc_time_competition_score_high_confidence_name,OK,True,True,True,ACCEPTED
202223-0787,LIVE_REFRESH_VERIFIED,False,False,False,OK,1,4128793,9831,9729,Nice,FC Sheriff,0.6666666667,0.6086956522,0.6376811594,0,True,unique_utc_time_competition_score_alias,OK,True,True,True,ACCEPTED
202223-0789,LIVE_REFRESH_VERIFIED,False,False,False,OK,1,4128795,10205,8635,Villarreal,Anderlecht,1,1,1,0,True,utc_time_competition_score_high_confidence_name,OK,True,True,True,ACCEPTED
202223-0204,LIVE_REFRESH_VERIFIED,False,False,False,OK,1,4140598,9772,8636,Benfica,Inter,1,0.5263157895,0.7631578947,0,True,unique_utc_time_competition_score_alias,OK,True,True,True,ACCEPTED
202223-0206,LIVE_REFRESH_VERIFIED,False,False,False,OK,2,4140600,8456,9823,Manchester City,Bayern München,1,1,1,0.3053613054,True,utc_time_competition_score_high_confidence_name,OK,True,True,True,ACCEPTED
202223-0202,LIVE_REFRESH_VERIFIED,False,False,False,OK,1,4140596,8633,8455,Real Madrid,Chelsea,1,1,1,0,True,utc_time_competition_score_high_confidence_name,OK,True,True,True,ACCEPTED
202223-0208,LIVE_REFRESH_VERIFIED,False,False,False,OK,1,4140602,8564,9875,Milan,Napoli,1,1,1,0,True,utc_time_competition_score_high_confidence_name,OK,True,True,True,ACCEPTED
202223-0383,LIVE_REFRESH_VERIFIED,False,False,False,OK,2,4140619,10235,8686,Feyenoord,Roma,1,0.7272727273,0.8636363636,0.2287581699,True,utc_time_competition_score_high_confidence_name,OK,True,True,True,ACCEPTED
202223-0794,LIVE_REFRESH_VERIFIED,False,False,False,OK,1,4140633,9991,8654,Gent,West Ham United,0.7272727273,1,0.8636363636,0,True,utc_time_competition_score_high_confidence_name,OK,True,True,True,ACCEPTED
202223-0377,LIVE_REFRESH_VERIFIED,False,False,False,OK,1,4140613,10260,8302,Manchester United,Sevilla,1,1,1,0,True,utc_time_competition_score_high_confidence_name,OK,True,True,True,ACCEPTED
202223-0379,LIVE_REFRESH_VERIFIED,False,False,False,OK,2,4140615,9885,9768,Juventus,Sporting CP,1,0.7586206897,0.8793103448,0.1631016043,True,utc_time_competition_score_high_confidence_name,OK,True,True,True,ACCEPTED
202223-0381,LIVE_REFRESH_VERIFIED,False,False,False,OK,1,4140617,8178,7978,Bayer Leverkusen,Union St.Gilloise,1,0.9189189189,0.9594594595,0,True,utc_time_competition_score_high_confidence_name,OK,True,True,True,ACCEPTED
202223-0792,LIVE_REFRESH_VERIFIED,False,False,False,OK,1,4140632,2182,8535,Lech Poznan,Fiorentina,1,1,1,0,True,utc_time_competition_score_high_confidence_name,OK,True,True,True,ACCEPTED
202223-0796,LIVE_REFRESH_VERIFIED,False,False,False,OK,1,4140634,8635,10229,Anderlecht,AZ Alkmaar,1,1,1,0,True,utc_time_competition_score_high_confidence_name,OK,True,True,True,ACCEPTED
202223-0798,LIVE_REFRESH_VERIFIED,False,False,False,OK,1,4140635,9931,9831,Basel,Nice,1,0.6666666667,0.8333333333,0,True,unique_utc_time_competition_score_alias,OK,True,True,True,ACCEPTED
202223-0203,LIVE_REFRESH_VERIFIED,False,False,False,OK,1,4140597,8455,8633,Chelsea,Real Madrid,1,1,1,0,True,utc_time_competition_score_high_confidence_name,OK,True,True,True,ACCEPTED
202223-0209,LIVE_REFRESH_VERIFIED,False,False,False,OK,2,4140603,9875,8564,Napoli,Milan,1,1,1,0.2,True,utc_time_competition_score_high_confidence_name,OK,True,True,True,ACCEPTED
202223-0205,LIVE_REFRESH_VERIFIED,False,False,False,OK,1,4140599,8636,9772,Inter,Benfica,0.5263157895,1,0.7631578947,0,True,unique_utc_time_competition_score_alias,OK,True,True,True,ACCEPTED
202223-0207,LIVE_REFRESH_VERIFIED,False,False,False,OK,2,4140601,9823,8456,Bayern München,Manchester City,1,1,1,0.2,True,utc_time_competition_score_high_confidence_name,OK,True,True,True,ACCEPTED
202223-0793,LIVE_REFRESH_VERIFIED,False,False,False,OK,1,4140636,8535,2182,Fiorentina,Lech Poznan,1,1,1,0,True,utc_time_competition_score_high_confidence_name,OK,True,True,True,ACCEPTED
202223-0797,LIVE_REFRESH_VERIFIED,False,False,False,OK,1,4140638,10229,8635,AZ Alkmaar,Anderlecht,1,1,1,0,True,utc_time_competition_score_high_confidence_name,OK,True,True,True,ACCEPTED
202223-0378,LIVE_REFRESH_VERIFIED,False,False,False,OK,1,4140614,8302,10260,Sevilla,Manchester United,1,1,1,0,True,utc_time_competition_score_high_confidence_name,OK,True,True,True,ACCEPTED
202223-0380,LIVE_REFRESH_VERIFIED,False,False,False,OK,1,4140616,9768,9885,Sporting CP,Juventus,0.7586206897,1,0.8793103448,0,True,utc_time_competition_score_high_confidence_name,OK,True,True,True,ACCEPTED
202223-0382,LIVE_REFRESH_VERIFIED,False,False,False,OK,1,4140618,7978,8178,Union St.Gilloise,Bayer Leverkusen,0.9189189189,1,0.9594594595,0,True,utc_time_competition_score_high_confidence_name,OK,True,True,True,ACCEPTED
202223-0384,LIVE_REFRESH_VERIFIED,False,False,False,OK,1,4140620,8686,10235,Roma,Feyenoord,0.7272727273,1,0.8636363636,0,True,utc_time_competition_score_high_confidence_name,OK,True,True,True,ACCEPTED
202223-0795,LIVE_REFRESH_VERIFIED,False,False,False,OK,1,4140637,8654,9991,West Ham United,Gent,1,0.7272727273,0.8636363636,0,True,utc_time_competition_score_high_confidence_name,OK,True,True,True,ACCEPTED
202223-0799,LIVE_REFRESH_VERIFIED,False,False,False,OK,1,4140639,9831,9931,Nice,Basel,0.6666666667,1,0.8333333333,0,True,unique_utc_time_competition_score_alias,OK,True,True,True,ACCEPTED
202223-0212,LIVE_REFRESH_VERIFIED,False,False,False,OK,1,4140606,8633,8456,Real Madrid,Manchester City,1,1,1,0,True,utc_time_competition_score_high_confidence_name,OK,True,True,True,ACCEPTED
202223-0210,LIVE_REFRESH_VERIFIED,False,False,False,OK,1,4140604,8564,8636,Milan,Inter,1,0.5263157895,0.7631578947,0,True,unique_utc_time_competition_score_alias,OK,True,True,True,ACCEPTED
202223-0385,LIVE_REFRESH_VERIFIED,False,False,False,OK,1,4140621,9885,8302,Juventus,Sevilla,1,1,1,0,True,utc_time_competition_score_high_confidence_name,OK,True,True,True,ACCEPTED
202223-0387,LIVE_REFRESH_VERIFIED,False,False,False,OK,1,4140623,8686,8178,Roma,Bayer Leverkusen,0.7272727273,1,0.8636363636,0,True,utc_time_competition_score_high_confidence_name,OK,True,True,True,ACCEPTED
202223-0800,LIVE_REFRESH_VERIFIED,False,False,False,OK,1,4140721,8535,9931,Fiorentina,Basel,1,1,1,0,True,utc_time_competition_score_high_confidence_name,OK,True,True,True,ACCEPTED
202223-0802,LIVE_REFRESH_VERIFIED,False,False,False,OK,1,4140722,8654,10229,West Ham United,AZ Alkmaar,1,1,1,0,True,utc_time_competition_score_high_confidence_name,OK,True,True,True,ACCEPTED
202223-0211,LIVE_REFRESH_VERIFIED,False,False,False,OK,1,4140605,8636,8564,Inter,Milan,0.5263157895,1,0.7631578947,0,True,unique_utc_time_competition_score_alias,OK,True,True,True,ACCEPTED
202223-0213,LIVE_REFRESH_VERIFIED,False,False,False,OK,1,4140607,8456,8633,Manchester City,Real Madrid,1,1,1,0,True,utc_time_competition_score_high_confidence_name,OK,True,True,True,ACCEPTED
202223-0386,LIVE_REFRESH_VERIFIED,False,False,False,OK,1,4140622,8302,9885,Sevilla,Juventus,1,1,1,0,True,utc_time_competition_score_high_confidence_name,OK,True,True,True,ACCEPTED
202223-0388,LIVE_REFRESH_VERIFIED,False,False,False,OK,1,4140624,8178,8686,Bayer Leverkusen,Roma,1,0.7272727273,0.8636363636,0,True,utc_time_competition_score_high_confidence_name,OK,True,True,True,ACCEPTED
202223-0801,LIVE_REFRESH_VERIFIED,False,False,False,OK,1,4140723,9931,8535,Basel,Fiorentina,1,1,1,0,True,utc_time_competition_score_high_confidence_name,OK,True,True,True,ACCEPTED
202223-0803,LIVE_REFRESH_VERIFIED,False,False,False,OK,1,4140724,10229,8654,AZ Alkmaar,West Ham United,1,1,1,0,True,utc_time_competition_score_high_confidence_name,OK,True,True,True,ACCEPTED
202223-0389,LIVE_REFRESH_VERIFIED,False,False,False,OK,1,4140625,8302,8686,Sevilla,Roma,1,0.7272727273,0.8636363636,0,True,utc_time_competition_score_high_confidence_name,OK,True,True,True,PENALTY_SCOPE_UNVERIFIED
202223-0804,LIVE_REFRESH_VERIFIED,False,False,False,OK,1,4140725,8535,8654,Fiorentina,West Ham United,1,1,1,0,True,utc_time_competition_score_high_confidence_name,OK,True,True,True,ACCEPTED
202223-0214,LIVE_REFRESH_VERIFIED,False,False,False,OK,1,4140608,8456,8636,Manchester City,Inter,1,0.5263157895,0.7631578947,0,True,unique_utc_time_competition_score_alias,OK,True,True,True,ACCEPTED
202324-0001,LIVE_REFRESH_VERIFIED,False,False,False,OK,1,4191022,10044,8627,Atletic Escaldes,Buducnost Podgorica,0.9411764706,1,0.9705882353,0,True,utc_time_competition_score_high_confidence_name,OK,True,True,True,NO_PUBLIC_XG
202324-0002,LIVE_REFRESH_VERIFIED,False,False,False,OK,1,4191023,163542,8332,Tre Penne Galazzano,Breidablik,0.6428571429,1,0.8214285714,0,True,unique_utc_time_competition_score_alias,OK,True,True,True,NO_PUBLIC_XG
202324-0003,LIVE_REFRESH_VERIFIED,False,False,False,OK,1,4191026,8627,8332,Buducnost Podgorica,Breidablik,1,1,1,0,True,utc_time_competition_score_high_confidence_name,OK,True,True,True,NO_PUBLIC_XG
202324-0028,LIVE_REFRESH_VERIFIED,False,False,False,OK,2,4199681,7979,10107,Urartu FC,Zrinjski Mostar,1,1,1,0.2152380952,True,utc_time_competition_score_high_confidence_name,OK,True,True,True,ACCEPTED
202324-0018,LIVE_REFRESH_VERIFIED,False,False,False,OK,1,4199676,545012,7981,Lincoln Red Imps FC,Qarabag FK,1,1,1,0,True,utc_time_competition_score_high_confidence_name,OK,True,True,True,NO_PUBLIC_XG
202324-0010,LIVE_REFRESH_VERIFIED,False,False,False,OK,2,4199672,4616,866489,Zalgiris Vilnius,FK Struga,1,1,1,0.2254901961,True,utc_time_competition_score_high_confidence_name,OK,True,True,True,NO_PUBLIC_XG
202324-0014,LIVE_REFRESH_VERIFIED,False,False,False,OK,1,4199674,7872,197871,Olimpija Ljubljana,Valmiera FC,1,0.9411764706,0.9705882353,0,True,utc_time_competition_score_high_confidence_name,OK,True,True,True,NO_PUBLIC_XG
202324-0020,LIVE_REFRESH_VERIFIED,False,False,False,OK,3,4199677,4024,8155,Rakow Czestochowa,Flora Tallinn,1,1,1,0.2166666667,True,utc_time_competition_score_high_confidence_name,OK,True,True,True,NO_PUBLIC_XG
202324-0026,LIVE_REFRESH_VERIFIED,False,False,False,OK,1,4199680,4528,10185,Hamrun Spartans,Maccabi Haifa,1,1,1,0,True,utc_time_competition_score_high_confidence_name,OK,True,True,True,ACCEPTED
202324-0006,LIVE_REFRESH_VERIFIED,False,False,False,OK,1,4199670,952668,210173,Ballkani,Ludogorets Razgrad,1,1,1,0,True,utc_time_competition_score_high_confidence_name,OK,True,True,True,NO_PUBLIC_XG
202324-0008,LIVE_REFRESH_VERIFIED,False,False,False,OK,2,4199671,4131,8332,Shamrock Rovers,Breidablik,1,1,1,0.2152380952,True,utc_time_competition_score_high_confidence_name,OK,True,True,True,NO_PUBLIC_XG
202324-0012,LIVE_REFRESH_VERIFIED,False,False,False,OK,2,4199673,8106,8222,Klaksvik,Ferencvaros,0.8421052632,1,0.9210526316,0.265795207,True,utc_time_competition_score_high_confidence_name,OK,True,True,True,ACCEPTED
202324-0030,LIVE_REFRESH_VERIFIED,False,False,False,OK,3,4199682,10028,10063,Partizani,BATE Borisov,0.72,1,0.86,0.3426573427,True,utc_time_competition_score_high_confidence_name,OK,True,True,True,NO_PUBLIC_XG
202324-0032,LIVE_REFRESH_VERIFIED,False,False,False,OK,3,4199683,166865,7755,FC Astana,Dinamo Tbilisi,1,1,1,0.4205128205,True,utc_time_competition_score_high_confidence_name,OK,True,True,True,ACCEPTED
202324-0016,LIVE_REFRESH_VERIFIED,False,False,False,OK,3,4199675,9861,2206,HJK,Larne,0.4,1,0.7,0.2123655914,True,separated_utc_time_competition_score_alias,OK,True,True,True,NO_PUBLIC_XG
202324-0004,LIVE_REFRESH_VERIFIED,False,False,False,OK,1,4199669,8428,7852,Häcken,TNS,0.8,1,0.9,0,True,utc_time_competition_score_high_confidence_name,OK,True,True,True,NO_PUBLIC_XG
202324-0024,LIVE_REFRESH_VERIFIED,False,False,False,OK,3,4199679,210132,9729,FCV Farul Constanta,FC Sheriff,0.8823529412,0.6086956522,0.7455242967,0.3254310345,True,separated_utc_time_competition_score_alias,OK,True,True,True,ACCEPTED
202324-0446,LIVE_REFRESH_VERIFIED,False,False,False,OK,6,4200075,4548,1854,F91 Dudelange,St. Patrick's Athletic,1,1,1,0.2621621622,True,utc_time_competition_score_high_confidence_name,OK,True,True,True,NO_PUBLIC_XG
202324-0448,LIVE_REFRESH_VERIFIED,False,False,False,OK,3,4200115,8002,163540,B36 Torshavn,Paide Linnameeskond,1,1,1,0.5727136432,True,utc_time_competition_score_high_confidence_name,OK,True,True,True,NO_PUBLIC_XG
202324-0022,LIVE_REFRESH_VERIFIED,False,False,False,OK,3,4199678,6019,2113,Slovan Bratislava,Swift Hesperange,1,1,1,0.2405797101,True,utc_time_competition_score_high_confidence_name,OK,True,True,True,ACCEPTED
202324-0434,LIVE_REFRESH_VERIFIED,False,False,False,OK,6,4200101,7983,6605,Tobol Kostanay,Honka,0.8571428571,0.625,0.7410714286,0.2915601023,True,separated_utc_time_competition_score_alias,OK,True,True,True,NO_PUBLIC_XG
202324-0396,LIVE_REFRESH_VERIFIED,False,False,False,OK,6,4200088,866109,10039,Ararat Armenia,Egnatia,1,0.56,0.78,0.3239831697,True,separated_utc_time_competition_score_alias,OK,True,True,True,NO_PUBLIC_XG
202324-0412,LIVE_REFRESH_VERIFIED,False,False,False,OK,6,4200064,10050,4666,Inter Club d'Escaldes,Vikingur,1,1,1,0.2696969697,True,utc_time_competition_score_high_confidence_name,OK,True,True,True,NO_PUBLIC_XG
202324-0430,LIVE_REFRESH_VERIFIED,False,False,False,OK,3,4200102,6345,2252,Pyunik,Narva Trans,0.6,0.4545454545,0.5272727273,0.2812903226,False,identity_below_threshold_or_ambiguous,NOT_REQUESTED,False,False,False,IDENTITY_AMBIGUOUS
202324-0428,LIVE_REFRESH_VERIFIED,False,False,False,OK,6,4200082,6022,1588,Zilina,FCI Levadia,0.75,0.6363636364,0.6931818182,0.3259803922,True,separated_utc_time_competition_score_alias,OK,True,True,True,NO_PUBLIC_XG
202324-0438,LIVE_REFRESH_VERIFIED,False,False,False,OK,1,4200084,276798,248871,Makedonija GjP,RFS,1,1,1,0,True,utc_time_competition_score_high_confidence_name,OK,True,True,True,NO_PUBLIC_XG
202324-0410,LIVE_REFRESH_VERIFIED,False,False,False,OK,3,4200110,1080103,1853,Bruno's Magpies,Dundalk,0.6923076923,1,0.8461538462,0.245819398,True,separated_utc_time_competition_score_alias,OK,True,True,True,NO_PUBLIC_XG
202324-0422,LIVE_REFRESH_VERIFIED,False,False,False,OK,6,4200086,7870,1937,Haka,Crusaders,0.4,0.6923076923,0.5461538462,0.26,False,identity_below_threshold_or_ambiguous,NOT_REQUESTED,False,False,False,IDENTITY_AMBIGUOUS
202324-0432,LIVE_REFRESH_VERIFIED,False,False,False,OK,6,4200070,479143,175682,FK Panevezys,FC Milsami Orhei,1,1,1,0.3481481481,True,utc_time_competition_score_high_confidence_name,OK,True,True,True,NO_PUBLIC_XG
202324-0392,LIVE_REFRESH_VERIFIED,False,False,False,OK,1,4200094,8154,187966,Domzale,Balzan FC,1,1,1,0,True,utc_time_competition_score_high_confidence_name,OK,True,True,True,NO_PUBLIC_XG
202324-0398,LIVE_REFRESH_VERIFIED,False,False,False,OK,6,4200117,2216,10105,Torpedo Kutaisi,FK Sarajevo,1,1,1,0.3154761905,True,utc_time_competition_score_high_confidence_name,OK,True,True,True,NO_PUBLIC_XG
202324-0400,LIVE_REFRESH_VERIFIED,False,False,False,OK,6,4200068,310094,324771,Alashkert FC,FK Arsenal Tivat,1,1,1,0.4304347826,True,utc_time_competition_score_high_confidence_name,OK,True,True,True,NO_PUBLIC_XG
202324-0426,LIVE_REFRESH_VERIFIED,False,False,False,OK,3,4200106,624924,6017,Riga FC,Vikingur Reykjavik,1,1,1,0.2385964912,True,utc_time_competition_score_high_confidence_name,OK,True,True,True,NO_PUBLIC_XG
202324-0440,LIVE_REFRESH_VERIFIED,False,False,False,OK,6,4200090,1077223,545013,Dukagjini,Europa FC,0.8571428571,1,0.9285714286,0.3140740741,True,utc_time_competition_score_high_confidence_name,OK,True,True,True,NO_PUBLIC_XG
202324-0444,LIVE_REFRESH_VERIFIED,False,False,False,OK,1,4200074,736555,358106,Hegelmann,Shkupi,1,1,1,0,True,utc_time_competition_score_high_confidence_name,OK,True,True,True,NO_PUBLIC_XG
202324-0450,LIVE_REFRESH_VERIFIED,False,False,False,OK,6,4200096,339993,2203,Gzira United,Glentoran,1,1,1,0.4833333333,True,utc_time_competition_score_high_confidence_name,OK,True,True,True,NO_PUBLIC_XG
202324-0414,LIVE_REFRESH_VERIFIED,False,False,False,OK,6,4200112,7953,784770,FC Progres Niederkorn,Gjilani,1,1,1,0.45,True,utc_time_competition_score_high_confidence_name,OK,True,True,True,NO_PUBLIC_XG
202324-0436,LIVE_REFRESH_VERIFIED,False,False,False,OK,6,4200119,103598,2217,DAC 1904 Dunajska Streda,Dila Gori,0.8837209302,1,0.9418604651,0.2907563025,True,utc_time_competition_score_high_confidence_name,OK,True,True,True,NO_PUBLIC_XG
202324-0442,LIVE_REFRESH_VERIFIED,False,False,False,OK,6,4200121,474592,10042,Penybont,FC Santa Coloma,1,1,1,0.2776470588,True,utc_time_competition_score_high_confidence_name,OK,True,True,True,NO_PUBLIC_XG
202324-0394,LIVE_REFRESH_VERIFIED,False,False,False,OK,1,4200066,9824,10061,FC Vaduz,Neman Grodno,1,1,1,0,True,utc_time_competition_score_high_confidence_name,OK,True,True,True,NO_PUBLIC_XG
202324-0408,LIVE_REFRESH_VERIFIED,False,False,False,OK,6,4200108,10029,6193,KF Tirana,Dinamo Batumi,1,1,1,0.3923444976,True,utc_time_competition_score_high_confidence_name,OK,True,True,True,NO_PUBLIC_XG
202324-0418,LIVE_REFRESH_VERIFIED,False,False,False,OK,3,4200123,2165,2193,KA Akureyri,Connah's Quay Nomads,1,0.7878787879,0.8939393939,0.2254901961,True,utc_time_competition_score_high_confidence_name,OK,True,True,True,NO_PUBLIC_XG
202324-0420,LIVE_REFRESH_VERIFIED,False,False,False,OK,2,4200114,2234,2194,KF Shkendija,Haverfordwest,0.8571428571,0.7878787879,0.8225108225,0.2533936652,True,utc_time_competition_score_high_confidence_name,OK,True,True,True,NO_PUBLIC_XG
202324-0424,LIVE_REFRESH_VERIFIED,False,False,False,OK,3,4200072,6652,8338,HB Torshavn,Derry City,1,1,1,0.5727136432,True,utc_time_competition_score_high_confidence_name,OK,True,True,True,NO_PUBLIC_XG
202324-0390,LIVE_REFRESH_VERIFIED,False,False,False,OK,2,4200098,2245,6005,Sutjeska,Cosmos,0.6956521739,1,0.847826087,0.216374269,True,separated_utc_time_competition_score_alias,OK,True,True,True,NO_PUBLIC_XG
202324-0402,LIVE_REFRESH_VERIFIED,False,False,False,OK,6,4200092,10108,10058,Zeljeznicar,Dinamo Minsk,0.7096774194,1,0.8548387097,0.3379310345,True,utc_time_competition_score_high_confidence_name,OK,True,True,True,NO_PUBLIC_XG
202324-0404,LIVE_REFRESH_VERIFIED,False,False,False,OK,6,4200078,163541,8039,La Fiorita Montegiardino,Zimbru,0.5882352941,0.5714285714,0.5798319328,0.3952941176,True,separated_utc_time_competition_score_alias,OK,True,True,True,NO_PUBLIC_XG
202324-0416,LIVE_REFRESH_VERIFIED,False,False,False,OK,1,4200080,7971,10034,Linfield,Vllaznia,0.6666666667,0.6666666667,0.6666666667,0,True,unique_utc_time_competition_score_alias,OK,True,True,True,NO_PUBLIC_XG
202324-0406,LIVE_REFRESH_VERIFIED,False,False,False,OK,6,4200104,8340,8001,Maribor,Birkirkara,1,1,1,0.2862903226,True,utc_time_competition_score_high_confidence_name,OK,True,True,True,NO_PUBLIC_XG
202324-0011,LIVE_REFRESH_VERIFIED,False,False,False,OK,3,4199687,866489,4616,FK Struga,Zalgiris Vilnius,1,1,1,0.2605042017,True,utc_time_competition_score_high_confidence_name,OK,True,True,True,ACCEPTED
202324-0021,LIVE_REFRESH_VERIFIED,False,False,False,OK,2,4199692,8155,4024,Flora Tallinn,Rakow Czestochowa,1,1,1,0.2033333333,True,utc_time_competition_score_high_confidence_name,OK,True,True,True,NO_PUBLIC_XG
202324-0025,LIVE_REFRESH_VERIFIED,False,False,False,OK,1,4199694,9729,210132,FC Sheriff,FCV Farul Constanta,0.6086956522,0.8823529412,0.7455242967,0,True,unique_utc_time_competition_score_alias,OK,True,True,True,NO_PUBLIC_XG
202324-0027,LIVE_REFRESH_VERIFIED,False,False,False,OK,2,4199695,10185,4528,Maccabi Haifa,Hamrun Spartans,1,1,1,0.3304347826,True,utc_time_competition_score_high_confidence_name,OK,True,True,True,ACCEPTED
202324-0393,LIVE_REFRESH_VERIFIED,False,False,False,OK,1,4200093,187966,8154,Balzan FC,Domzale,1,1,1,0,True,utc_time_competition_score_high_confidence_name,OK,True,True,True,NO_PUBLIC_XG
202324-0005,LIVE_REFRESH_VERIFIED,False,False,False,OK,2,4199684,7852,8428,TNS,Häcken,1,0.8,0.9,0.1821862348,True,utc_time_competition_score_high_confidence_name,OK,True,True,True,NO_PUBLIC_XG
202324-0029,LIVE_REFRESH_VERIFIED,False,False,False,OK,1,4199696,10107,7979,Zrinjski Mostar,Urartu FC,1,1,1,0,True,utc_time_competition_score_high_confidence_name,OK,True,True,True,NO_PUBLIC_XG
202324-0031,LIVE_REFRESH_VERIFIED,False,False,False,OK,1,4199697,10063,10028,BATE Borisov,Partizani,1,0.72,0.86,0,True,utc_time_competition_score_high_confidence_name,OK,True,True,True,NO_PUBLIC_XG
202324-0009,LIVE_REFRESH_VERIFIED,False,False,False,OK,2,4199686,8332,4131,Breidablik,Shamrock Rovers,1,1,1,0.3637681159,True,utc_time_competition_score_high_confidence_name,OK,True,True,True,NO_PUBLIC_XG
202324-0015,LIVE_REFRESH_VERIFIED,False,False,False,OK,3,4199689,197871,7872,Valmiera FC,Olimpija Ljubljana,0.9411764706,1,0.9705882353,0.3405797101,True,utc_time_competition_score_high_confidence_name,OK,True,True,True,ACCEPTED
202324-0013,LIVE_REFRESH_VERIFIED,False,False,False,OK,2,4199688,8222,8106,Ferencvaros,Klaksvik,1,0.8421052632,0.9210526316,0.2321428571,True,utc_time_competition_score_high_confidence_name,OK,True,True,True,ACCEPTED
202324-0019,LIVE_REFRESH_VERIFIED,False,False,False,OK,2,4199691,7981,545012,Qarabag FK,Lincoln Red Imps FC,1,1,1,0.2033333333,True,utc_time_competition_score_high_confidence_name,OK,True,True,True,NO_PUBLIC_XG
202324-0033,LIVE_REFRESH_VERIFIED,False,False,False,OK,3,4199698,7755,166865,Dinamo Tbilisi,FC Astana,1,1,1,0.2575757576,True,utc_time_competition_score_high_confidence_name,OK,True,True,True,NO_PUBLIC_XG
202324-0007,LIVE_REFRESH_VERIFIED,False,False,False,OK,2,4199685,210173,952668,Ludogorets Razgrad,Ballkani,1,1,1,0.2866666667,True,utc_time_competition_score_high_confidence_name,OK,True,True,True,NO_PUBLIC_XG
202324-0023,LIVE_REFRESH_VERIFIED,False,False,False,OK,2,4199693,2113,6019,Swift Hesperange,Slovan Bratislava,1,1,1,0.1395881007,True,utc_time_competition_score_high_confidence_name,OK,True,True,True,ACCEPTED
202324-0017,LIVE_REFRESH_VERIFIED,False,False,False,OK,1,4199690,2206,9861,Larne,HJK,1,0.4,0.7,0,True,unique_utc_time_competition_score_alias,OK,True,True,True,NO_PUBLIC_XG
202324-0407,LIVE_REFRESH_VERIFIED,False,False,False,OK,4,4200103,8001,8340,Birkirkara,Maribor,1,1,1,0.202020202,True,utc_time_competition_score_high_confidence_name,OK,True,True,True,NO_PUBLIC_XG
202324-0441,LIVE_REFRESH_VERIFIED,False,False,False,OK,2,4200100,545013,1077223,Europa FC,Dukagjini,1,0.8571428571,0.9285714286,0.3140740741,True,utc_time_competition_score_high_confidence_name,OK,True,True,True,NO_PUBLIC_XG
202324-0443,LIVE_REFRESH_VERIFIED,False,False,False,OK,2,4200120,10042,474592,FC Santa Coloma,Penybont,1,1,1,0.1741071429,True,utc_time_competition_score_high_confidence_name,OK,True,True,True,NO_PUBLIC_XG
202324-0431,LIVE_REFRESH_VERIFIED,False,False,False,OK,1,4200089,2252,6345,Narva Trans,Pyunik,0.4545454545,0.6,0.5272727273,0,True,unique_utc_time_competition_score_alias,OK,True,True,True,NO_PUBLIC_XG
202324-0439,LIVE_REFRESH_VERIFIED,False,False,False,OK,1,4200083,248871,276798,RFS,Makedonija GjP,1,1,1,0,True,utc_time_competition_score_high_confidence_name,OK,True,True,True,NO_PUBLIC_XG
202324-0449,LIVE_REFRESH_VERIFIED,False,False,False,OK,3,4200125,163540,8002,Paide Linnameeskond,B36 Torshavn,1,1,1,0.2151616499,True,utc_time_competition_score_high_confidence_name,OK,True,True,True,NO_PUBLIC_XG
202324-0433,LIVE_REFRESH_VERIFIED,False,False,False,OK,1,4200069,175682,479143,FC Milsami Orhei,FK Panevezys,1,1,1,0,True,utc_time_competition_score_high_confidence_name,OK,True,True,True,NO_PUBLIC_XG
202324-0435,LIVE_REFRESH_VERIFIED,False,False,False,OK,2,4200111,6605,7983,Honka,Tobol Kostanay,0.625,0.8571428571,0.7410714286,0.3069053708,True,separated_utc_time_competition_score_alias,OK,True,True,True,NO_PUBLIC_XG
202324-0429,LIVE_REFRESH_VERIFIED,False,False,False,OK,4,4200081,1588,6022,FCI Levadia,Zilina,0.6363636364,0.75,0.6931818182,0.477443609,True,separated_utc_time_competition_score_alias,OK,True,True,True,NO_PUBLIC_XG
202324-0403,LIVE_REFRESH_VERIFIED,False,False,False,OK,4,4200091,10058,10108,Dinamo Minsk,Zeljeznicar,1,0.7096774194,0.8548387097,0.4634482759,True,utc_time_competition_score_high_confidence_name,OK,True,True,True,NO_PUBLIC_XG
202324-0405,LIVE_REFRESH_VERIFIED,False,False,False,OK,6,4200077,8039,163541,Zimbru,La Fiorita Montegiardino,0.5714285714,0.5882352941,0.5798319328,0.3504761905,True,separated_utc_time_competition_score_alias,OK,True,True,True,NO_PUBLIC_XG
202324-0409,LIVE_REFRESH_VERIFIED,False,False,False,OK,4,4200107,6193,10029,Dinamo Batumi,KF Tirana,1,1,1,0.46,True,utc_time_competition_score_high_confidence_name,OK,True,True,True,NO_PUBLIC_XG
202324-0437,LIVE_REFRESH_VERIFIED,False,False,False,OK,2,4200118,2217,103598,Dila Gori,DAC 1904 Dunajska Streda,1,0.8837209302,0.9418604651,0.2169312169,True,utc_time_competition_score_high_confidence_name,OK,True,True,True,NO_PUBLIC_XG
202324-0395,LIVE_REFRESH_VERIFIED,False,False,False,OK,5,4200065,10061,9824,Neman Grodno,FC Vaduz,1,1,1,0.2605042017,True,utc_time_competition_score_high_confidence_name,OK,True,True,True,NO_PUBLIC_XG
202324-0397,LIVE_REFRESH_VERIFIED,False,False,False,OK,1,4200087,10039,866109,Egnatia,Ararat Armenia,0.56,1,0.78,0,True,unique_utc_time_competition_score_alias,OK,True,True,True,NO_PUBLIC_XG
202324-0413,LIVE_REFRESH_VERIFIED,False,False,False,OK,5,4200113,4666,10050,Vikingur,Inter Club d'Escaldes,1,1,1,0.2962184874,True,utc_time_competition_score_high_confidence_name,OK,True,True,True,NO_PUBLIC_XG
202324-0415,LIVE_REFRESH_VERIFIED,False,False,False,OK,3,4200099,784770,7953,Gjilani,FC Progres Niederkorn,1,1,1,0.2871794872,True,utc_time_competition_score_high_confidence_name,OK,True,True,True,NO_PUBLIC_XG
202324-0419,LIVE_REFRESH_VERIFIED,False,False,False,OK,3,4200122,2193,2165,Connah's Quay Nomads,KA Akureyri,0.7878787879,1,0.8939393939,0.1684782609,True,utc_time_competition_score_high_confidence_name,OK,True,True,True,NO_PUBLIC_XG
202324-0401,LIVE_REFRESH_VERIFIED,False,False,False,OK,1,4200067,324771,310094,FK Arsenal Tivat,Alashkert FC,1,1,1,0,True,utc_time_competition_score_high_confidence_name,OK,True,True,True,NO_PUBLIC_XG
202324-0451,LIVE_REFRESH_VERIFIED,False,False,False,OK,5,4200095,2203,339993,Glentoran,Gzira United,1,1,1,0.2962184874,True,utc_time_competition_score_high_confidence_name,OK,True,True,True,NO_PUBLIC_XG
202324-0391,LIVE_REFRESH_VERIFIED,False,False,False,OK,5,4200097,6005,2245,Cosmos,Sutjeska,1,0.6956521739,0.847826087,0.2714285714,True,separated_utc_time_competition_score_alias,OK,True,True,True,NO_PUBLIC_XG
202324-0411,LIVE_REFRESH_VERIFIED,False,False,False,OK,1,4200109,1853,1080103,Dundalk,Bruno's Magpies,1,0.6923076923,0.8461538462,0,True,unique_utc_time_competition_score_alias,OK,True,True,True,NO_PUBLIC_XG
202324-0417,LIVE_REFRESH_VERIFIED,False,False,False,OK,6,4200079,10034,7971,Vllaznia,Linfield,0.6666666667,0.6666666667,0.6666666667,0.2176470588,True,separated_utc_time_competition_score_alias,OK,True,True,True,NO_PUBLIC_XG
202324-0421,LIVE_REFRESH_VERIFIED,False,False,False,OK,6,4200124,2194,2234,Haverfordwest,KF Shkendija,0.7878787879,0.8571428571,0.8225108225,0.3833333333,True,utc_time_competition_score_high_confidence_name,OK,True,True,True,NO_PUBLIC_XG
202324-0425,LIVE_REFRESH_VERIFIED,False,False,False,OK,6,4200071,8338,6652,Derry City,HB Torshavn,1,1,1,0.347826087,True,utc_time_competition_score_high_confidence_name,OK,True,True,True,NO_PUBLIC_XG
202324-0427,LIVE_REFRESH_VERIFIED,False,False,False,OK,6,4200105,6017,624924,Vikingur Reykjavik,Riga FC,1,1,1,0.2261904762,True,utc_time_competition_score_high_confidence_name,OK,True,True,True,NO_PUBLIC_XG
202324-0447,LIVE_REFRESH_VERIFIED,False,False,False,OK,2,4200076,1854,4548,St. Patrick's Athletic,F91 Dudelange,1,1,1,0.2558922559,True,utc_time_competition_score_high_confidence_name,OK,True,True,True,NO_PUBLIC_XG
202324-0399,LIVE_REFRESH_VERIFIED,False,False,False,OK,5,4200116,10105,2216,FK Sarajevo,Torpedo Kutaisi,1,1,1,0.2732919255,True,utc_time_competition_score_high_confidence_name,OK,True,True,True,NO_PUBLIC_XG
202324-0423,LIVE_REFRESH_VERIFIED,False,False,False,OK,6,4200085,1937,7870,Crusaders,Haka,0.6923076923,0.4,0.5461538462,0.3428571429,False,identity_below_threshold_or_ambiguous,NOT_REQUESTED,False,False,False,IDENTITY_AMBIGUOUS
202324-0445,LIVE_REFRESH_VERIFIED,False,False,False,OK,2,4200073,358106,736555,Shkupi,Hegelmann,1,1,1,0.3122529644,True,utc_time_competition_score_high_confidence_name,OK,True,True,True,NO_PUBLIC_XG
202324-0548,LIVE_REFRESH_VERIFIED,False,False,False,OK,2,4200934,10044,10028,Atletic Escaldes,Partizani,0.9411764706,0.72,0.8305882353,0.07407407407,True,utc_time_competition_score_high_confidence_name,OK,True,True,True,NO_PUBLIC_XG
202324-0034,LIVE_REFRESH_VERIFIED,False,False,False,OK,1,4200802,4616,8637,Zalgiris Vilnius,Galatasaray,1,1,1,0,True,utc_time_competition_score_high_confidence_name,OK,True,True,True,NO_PUBLIC_XG
202324-0042,LIVE_REFRESH_VERIFIED,False,False,False,OK,2,4200806,9861,9917,HJK,Molde,0.4,1,0.7,0.2134502924,True,separated_utc_time_competition_score_alias,OK,True,True,True,NO_PUBLIC_XG
202324-0052,LIVE_REFRESH_VERIFIED,False,False,False,OK,1,4200812,10156,166865,Dinamo Zagreb,FC Astana,1,1,1,0,True,utc_time_competition_score_high_confidence_name,OK,True,True,True,ACCEPTED
202324-0054,LIVE_REFRESH_VERIFIED,False,False,False,OK,1,4200813,883952,10200,SC Dnipro-1,Panathinaikos,1,1,1,0,True,utc_time_competition_score_high_confidence_name,OK,True,True,True,ACCEPTED
202324-0546,LIVE_REFRESH_VERIFIED,False,False,False,OK,1,4200932,7852,2113,TNS,Swift Hesperange,1,1,1,0,True,utc_time_competition_score_high_confidence_name,OK,True,True,True,NO_PUBLIC_XG
202324-0550,LIVE_REFRESH_VERIFIED,False,False,False,OK,1,4200936,4528,7755,Hamrun Spartans,Dinamo Tbilisi,1,1,1,0,True,utc_time_competition_score_high_confidence_name,OK,True,True,True,NO_PUBLIC_XG
202324-0056,LIVE_REFRESH_VERIFIED,False,False,False,OK,2,4200815,9777,9987,Servette,Genk,0.6956521739,1,0.847826087,0.196969697,True,separated_utc_time_competition_score_alias,OK,True,True,True,ACCEPTED
202324-0542,LIVE_REFRESH_VERIFIED,False,False,False,OK,1,4200928,163542,197871,Tre Penne Galazzano,Valmiera FC,0.6428571429,0.9411764706,0.7920168067,0,True,unique_utc_time_competition_score_alias,OK,True,True,True,NO_PUBLIC_XG
202324-0556,LIVE_REFRESH_VERIFIED,False,False,False,OK,1,4200942,952668,2206,Ballkani,Larne,1,1,1,0,True,utc_time_competition_score_high_confidence_name,OK,True,True,True,NO_PUBLIC_XG
202324-0050,LIVE_REFRESH_VERIFIED,False,False,False,OK,1,4200811,10107,6019,Zrinjski Mostar,Slovan Bratislava,1,1,1,0,True,utc_time_competition_score_high_confidence_name,OK,True,True,True,ACCEPTED
202324-0044,LIVE_REFRESH_VERIFIED,False,False,False,OK,1,4200807,8332,8391,Breidablik,FC København,1,1,1,0,True,utc_time_competition_score_high_confidence_name,OK,True,True,True,ACCEPTED
202324-0554,LIVE_REFRESH_VERIFIED,False,False,False,OK,5,4200940,866489,8627,FK Struga,Buducnost Podgorica,1,1,1,0.3650793651,True,utc_time_competition_score_high_confidence_name,OK,True,True,True,NO_PUBLIC_XG
202324-0470,LIVE_REFRESH_VERIFIED,False,False,False,OK,3,4200967,248871,951893,RFS,Sabah FK,1,1,1,0.2287581699,True,utc_time_competition_score_high_confidence_name,OK,True,True,True,NO_PUBLIC_XG
202324-0522,LIVE_REFRESH_VERIFIED,False,False,False,OK,4,4201025,8113,7953,Midtjylland,FC Progres Niederkorn,1,1,1,0.2245614035,True,utc_time_competition_score_high_confidence_name,OK,True,True,True,NO_PUBLIC_XG
202324-0046,LIVE_REFRESH_VERIFIED,False,False,False,OK,2,4200809,9729,10185,FC Sheriff,Maccabi Haifa,0.6086956522,1,0.8043478261,0.1081871345,True,separated_utc_time_competition_score_alias,OK,True,True,True,NO_PUBLIC_XG
202324-0048,LIVE_REFRESH_VERIFIED,False,False,False,OK,1,4200810,2136,10063,Aris Limassol,BATE Borisov,1,1,1,0,True,utc_time_competition_score_high_confidence_name,OK,True,True,True,ACCEPTED
202324-0478,LIVE_REFRESH_VERIFIED,False,False,False,OK,4,4200975,944215,9723,CSKA 1948,FC FCSB,0.75,1,0.875,0.1666666667,True,utc_time_competition_score_high_confidence_name,OK,True,True,True,NO_PUBLIC_XG
202324-0534,LIVE_REFRESH_VERIFIED,False,False,False,OK,4,4201037,10061,187966,Neman Grodno,Balzan FC,1,1,1,0.2828947368,True,utc_time_competition_score_high_confidence_name,OK,True,True,True,NO_PUBLIC_XG
202324-0536,LIVE_REFRESH_VERIFIED,False,False,False,OK,1,4201039,8695,8039,Fenerbahçe,Zimbru,1,0.5714285714,0.7857142857,0,True,unique_utc_time_competition_score_alias,OK,True,True,True,NO_PUBLIC_XG
202324-0038,LIVE_REFRESH_VERIFIED,False,False,False,OK,1,4200804,4024,7981,Rakow Czestochowa,Qarabag FK,1,1,1,0,True,utc_time_competition_score_high_confidence_name,OK,True,True,True,ACCEPTED
202324-0036,LIVE_REFRESH_VERIFIED,False,False,False,OK,2,4200803,210173,7872,Ludogorets Razgrad,Olimpija Ljubljana,1,1,1,0.1608391608,True,utc_time_competition_score_high_confidence_name,OK,True,True,True,NO_PUBLIC_XG
202324-0040,LIVE_REFRESH_VERIFIED,False,False,False,OK,1,4200805,8106,8428,Klaksvik,Häcken,0.8421052632,0.8,0.8210526316,0,True,utc_time_competition_score_high_confidence_name,OK,True,True,True,NO_PUBLIC_XG
202324-0468,LIVE_REFRESH_VERIFIED,False,False,False,OK,3,4200965,2127,8673,Ordabasy Shymkent,Legia Warszawa,1,0.9230769231,0.9615384615,0.2106227106,True,utc_time_competition_score_high_confidence_name,OK,True,True,True,NO_PUBLIC_XG
202324-0480,LIVE_REFRESH_VERIFIED,False,False,False,OK,3,4200977,310094,8369,Alashkert FC,Debrecen,1,0.7619047619,0.880952381,0.1732026144,True,utc_time_competition_score_high_confidence_name,OK,True,True,True,NO_PUBLIC_XG
202324-0500,LIVE_REFRESH_VERIFIED,False,False,False,OK,6,4201003,10050,10251,Inter Club d'Escaldes,Hibernian,1,1,1,0.2971014493,True,utc_time_competition_score_high_confidence_name,OK,True,True,True,NO_PUBLIC_XG
202324-0514,LIVE_REFRESH_VERIFIED,False,False,False,OK,4,4201017,866109,8239,Ararat Armenia,Aris Thessaloniki FC,1,1,1,0.2724014337,True,utc_time_competition_score_high_confidence_name,OK,True,True,True,NO_PUBLIC_XG
202324-0486,LIVE_REFRESH_VERIFIED,False,False,False,OK,3,4200983,8402,1670,Bodø/Glimt,Bohemians 1905,1,0.6896551724,0.8448275862,0.3138461538,True,separated_utc_time_competition_score_alias,OK,True,True,True,NO_PUBLIC_XG
202324-0538,LIVE_REFRESH_VERIFIED,False,False,False,OK,2,4201041,8076,8044,FK Qabala,Omonia Nicosia,0.8333333333,1,0.9166666667,0.16,True,utc_time_competition_score_high_confidence_name,OK,True,True,True,NO_PUBLIC_XG
202324-0454,LIVE_REFRESH_VERIFIED,False,False,False,OK,4,4200953,339993,4548,Gzira United,F91 Dudelange,1,1,1,0.3029453015,True,utc_time_competition_score_high_confidence_name,OK,True,True,True,NO_PUBLIC_XG
202324-0456,LIVE_REFRESH_VERIFIED,False,False,False,OK,2,4200955,9802,10199,Djurgården,Luzern,0.8333333333,1,0.9166666667,0.3405797101,True,utc_time_competition_score_high_confidence_name,OK,True,True,True,NO_PUBLIC_XG
202324-0476,LIVE_REFRESH_VERIFIED,False,False,False,OK,6,4200973,8621,6406,APOEL Nicosia,Vojvodina,1,0.6666666667,0.8333333333,0.2722222222,True,separated_utc_time_competition_score_alias,OK,True,True,True,NO_PUBLIC_XG
202324-0484,LIVE_REFRESH_VERIFIED,False,False,False,OK,2,4200981,9892,6345,Kalmar FF,Pyunik,1,0.6,0.8,0.3052631579,True,separated_utc_time_competition_score_alias,OK,True,True,True,NO_PUBLIC_XG
202324-0488,LIVE_REFRESH_VERIFIED,False,False,False,OK,4,4200985,2106,4662,Auda,Spartak Trnava,1,1,1,0.2724014337,True,utc_time_competition_score_high_confidence_name,OK,True,True,True,NO_PUBLIC_XG
202324-0502,LIVE_REFRESH_VERIFIED,False,False,False,OK,2,4201005,6033,784771,Viktoria Plzen,Drita,1,1,1,0.2396313364,True,utc_time_competition_score_high_confidence_name,OK,True,True,True,NO_PUBLIC_XG
202324-0512,LIVE_REFRESH_VERIFIED,False,False,False,OK,3,4201015,10144,583706,PFC CSKA-Sofia,Sepsi OSK,0.8333333333,1,0.9166666667,0.3779761905,True,utc_time_competition_score_high_confidence_name,OK,True,True,True,NO_PUBLIC_XG
202324-0520,LIVE_REFRESH_VERIFIED,False,False,False,OK,1,4201023,2216,8000,Torpedo Kutaisi,Aktobe,1,1,1,0,True,utc_time_competition_score_high_confidence_name,OK,True,True,True,NO_PUBLIC_XG
202324-0528,LIVE_REFRESH_VERIFIED,False,False,False,OK,6,4201031,132717,624924,Kecskemeti TE,Riga FC,1,1,1,0.3342175066,True,utc_time_competition_score_high_confidence_name,OK,True,True,True,NO_PUBLIC_XG
202324-0544,LIVE_REFRESH_VERIFIED,False,False,False,OK,1,4200930,8222,4131,Ferencvaros,Shamrock Rovers,1,1,1,0,True,utc_time_competition_score_high_confidence_name,OK,True,True,True,NO_PUBLIC_XG
202324-0464,LIVE_REFRESH_VERIFIED,False,False,False,OK,6,4200961,2373,2217,Vorskla,Dila Gori,0.6363636364,1,0.8181818182,0.3452380952,True,separated_utc_time_competition_score_alias,OK,True,True,True,NO_PUBLIC_XG
202324-0466,LIVE_REFRESH_VERIFIED,False,False,False,OK,4,4200963,9731,1926,CFR Cluj,Adana Demirspor,1,1,1,0.3181818182,True,utc_time_competition_score_high_confidence_name,OK,True,True,True,NO_PUBLIC_XG
202324-0506,LIVE_REFRESH_VERIFIED,False,False,False,OK,1,4201009,9931,7983,Basel,Tobol Kostanay,1,0.8571428571,0.9285714286,0,True,utc_time_competition_score_high_confidence_name,OK,True,True,True,NO_PUBLIC_XG
202324-0508,LIVE_REFRESH_VERIFIED,False,False,False,OK,4,4201011,7951,8340,FC Differdange 03,Maribor,1,1,1,0.3181818182,True,utc_time_competition_score_high_confidence_name,OK,True,True,True,NO_PUBLIC_XG
202324-0516,LIVE_REFRESH_VERIFIED,False,False,False,OK,3,4201019,7855,561981,Maccabi Tel Aviv,CS Petrocub,1,0.5714285714,0.7857142857,0.202020202,True,separated_utc_time_competition_score_alias,OK,True,True,True,NO_PUBLIC_XG
202324-0532,LIVE_REFRESH_VERIFIED,False,False,False,OK,2,4201035,8619,8173,PAOK Thessaloniki FC,Beitar Jerusalem,1,1,1,0.2396313364,True,utc_time_competition_score_high_confidence_name,OK,True,True,True,NO_PUBLIC_XG
202324-0552,LIVE_REFRESH_VERIFIED,False,False,False,OK,1,4200938,210132,7979,FCV Farul Constanta,Urartu FC,0.8823529412,1,0.9411764706,0,True,utc_time_competition_score_high_confidence_name,OK,True,True,True,NO_PUBLIC_XG
202324-0452,LIVE_REFRESH_VERIFIED,False,False,False,OK,3,4200951,1077223,10162,Dukagjini,Rijeka,0.8571428571,1,0.9285714286,0.1904761905,True,utc_time_competition_score_high_confidence_name,OK,True,True,True,NO_PUBLIC_XG
202324-0458,LIVE_REFRESH_VERIFIED,False,False,False,OK,1,4200957,4622,7844,NK Celje,Vitoria de Guimaraes,1,0.9189189189,0.9594594595,0,True,utc_time_competition_score_high_confidence_name,OK,True,True,True,NO_PUBLIC_XG
202324-0462,LIVE_REFRESH_VERIFIED,False,False,False,OK,5,4200999,9754,479143,Hapoel Beer Sheva,FK Panevezys,1,1,1,0.2774327122,True,utc_time_competition_score_high_confidence_name,OK,True,True,True,NO_PUBLIC_XG
202324-0472,LIVE_REFRESH_VERIFIED,False,False,False,OK,3,4200969,10188,10029,Beşiktaş,KF Tirana,1,1,1,0.2791762014,True,utc_time_competition_score_high_confidence_name,OK,True,True,True,NO_PUBLIC_XG
202324-0490,LIVE_REFRESH_VERIFIED,False,False,False,OK,5,4200987,10157,1667,Osijek,Zalaegerszeg,1,0.8571428571,0.9285714286,0.2604166667,True,utc_time_competition_score_high_confidence_name,OK,True,True,True,NO_PUBLIC_XG
202324-0492,LIVE_REFRESH_VERIFIED,False,False,False,OK,5,4200989,8611,8248,FC Twente,Hammarby,0.5714285714,0.8421052632,0.7067669173,0.2875,True,separated_utc_time_competition_score_alias,OK,True,True,True,NO_PUBLIC_XG
202324-0494,LIVE_REFRESH_VERIFIED,False,False,False,OK,3,4200991,2165,1853,KA Akureyri,Dundalk,1,1,1,0.2359307359,True,utc_time_competition_score_high_confidence_name,OK,True,True,True,NO_PUBLIC_XG
202324-0496,LIVE_REFRESH_VERIFIED,False,False,False,OK,3,4200993,8342,8071,Club Brugge,AGF Aarhus,1,1,1,0.2337662338,True,utc_time_competition_score_high_confidence_name,OK,True,True,True,NO_PUBLIC_XG
202324-0504,LIVE_REFRESH_VERIFIED,False,False,False,OK,6,4201007,8002,2194,B36 Torshavn,Haverfordwest,1,0.7878787879,0.8939393939,0.3139745917,True,utc_time_competition_score_high_confidence_name,OK,True,True,True,NO_PUBLIC_XG
202324-0518,LIVE_REFRESH_VERIFIED,False,False,False,OK,2,4201021,10072,7797,Torpedo Zhodino,AEK Larnaca,1,1,1,0.12,True,utc_time_competition_score_high_confidence_name,OK,True,True,True,NO_PUBLIC_XG
202324-0526,LIVE_REFRESH_VERIFIED,False,False,False,OK,1,4201029,9991,6022,Gent,Zilina,0.7272727273,0.75,0.7386363636,0,True,unique_utc_time_competition_score_alias,OK,True,True,True,NO_PUBLIC_XG
202324-0482,LIVE_REFRESH_VERIFIED,False,False,False,OK,3,4200979,2182,439132,Lech Poznan,FK Kauno Zalgiris,1,1,1,0.2791762014,True,utc_time_competition_score_high_confidence_name,OK,True,True,True,NO_PUBLIC_XG
202324-0510,LIVE_REFRESH_VERIFIED,False,False,False,OK,5,4201013,10011,10116,Austria Wien,Borac Banja Luka,1,1,1,0.3365079365,True,utc_time_competition_score_high_confidence_name,OK,True,True,True,NO_PUBLIC_XG
202324-0524,LIVE_REFRESH_VERIFIED,False,False,False,OK,6,4201027,8338,1693,Derry City,KuPS,1,1,1,0.1739130435,True,utc_time_competition_score_high_confidence_name,OK,True,True,True,NO_PUBLIC_XG
202324-0530,LIVE_REFRESH_VERIFIED,False,False,False,OK,1,4201033,7971,8023,Linfield,Pogon Szczecin,0.6666666667,1,0.8333333333,0,True,unique_utc_time_competition_score_alias,OK,True,True,True,NO_PUBLIC_XG
202324-0460,LIVE_REFRESH_VERIFIED,False,False,False,OK,4,4200959,2245,10042,Sutjeska,FC Santa Coloma,0.6956521739,1,0.847826087,0.2592592593,True,separated_utc_time_competition_score_alias,OK,True,True,True,NO_PUBLIC_XG
202324-0474,LIVE_REFRESH_VERIFIED,False,False,False,OK,3,4200971,10108,4617,Zeljeznicar,FK Neftchi,0.7096774194,0.7368421053,0.7232597623,0.2676518883,True,separated_utc_time_competition_score_alias,OK,True,True,True,NO_PUBLIC_XG
202324-0498,LIVE_REFRESH_VERIFIED,False,False,False,OK,3,4201001,1937,8422,Crusaders,Rosenborg,0.6923076923,0.8571428571,0.7747252747,0.2533936652,True,separated_utc_time_competition_score_alias,OK,True,True,True,NO_PUBLIC_XG
202324-0540,LIVE_REFRESH_VERIFIED,False,False,False,OK,3,4201043,358106,8632,Shkupi,Levski Sofia,1,1,1,0.2928571429,True,utc_time_competition_score_high_confidence_name,OK,True,True,True,NO_PUBLIC_XG
202324-0543,LIVE_REFRESH_VERIFIED,False,False,False,OK,1,4200929,197871,163542,Valmiera FC,Tre Penne Galazzano,0.9411764706,0.6428571429,0.7920168067,0,True,unique_utc_time_competition_score_alias,OK,True,True,True,NO_PUBLIC_XG
202324-0055,LIVE_REFRESH_VERIFIED,False,False,False,OK,3,4200828,10200,883952,Panathinaikos,SC Dnipro-1,1,1,1,0.3304347826,True,utc_time_competition_score_high_confidence_name,OK,True,True,True,NO_PUBLIC_XG
202324-0535,LIVE_REFRESH_VERIFIED,False,False,False,OK,1,4201038,187966,10061,Balzan FC,Neman Grodno,1,1,1,0,True,utc_time_competition_score_high_confidence_name,OK,True,True,True,NO_PUBLIC_XG
202324-0537,LIVE_REFRESH_VERIFIED,False,False,False,OK,1,4201040,8039,8695,Zimbru,Fenerbahçe,0.5714285714,1,0.7857142857,0,True,unique_utc_time_competition_score_alias,OK,True,True,True,NO_PUBLIC_XG
202324-0037,LIVE_REFRESH_VERIFIED,False,False,False,OK,1,4200817,7872,210173,Olimpija Ljubljana,Ludogorets Razgrad,1,1,1,0,True,utc_time_competition_score_high_confidence_name,OK,True,True,True,NO_PUBLIC_XG
202324-0049,LIVE_REFRESH_VERIFIED,False,False,False,OK,1,4200824,10063,2136,BATE Borisov,Aris Limassol,1,1,1,0,True,utc_time_competition_score_high_confidence_name,OK,True,True,True,ACCEPTED
202324-0547,LIVE_REFRESH_VERIFIED,False,False,False,OK,1,4200933,2113,7852,Swift Hesperange,TNS,1,1,1,0,True,utc_time_competition_score_high_confidence_name,OK,True,True,True,NO_PUBLIC_XG
202324-0051,LIVE_REFRESH_VERIFIED,False,False,False,OK,3,4200826,6019,10107,Slovan Bratislava,Zrinjski Mostar,1,1,1,0.2869565217,True,utc_time_competition_score_high_confidence_name,OK,True,True,True,ACCEPTED
202324-0549,LIVE_REFRESH_VERIFIED,False,False,False,OK,1,4200935,10028,10044,Partizani,Atletic Escaldes,0.72,0.9411764706,0.8305882353,0,True,utc_time_competition_score_high_confidence_name,OK,True,True,True,NO_PUBLIC_XG
202324-0555,LIVE_REFRESH_VERIFIED,False,False,False,OK,1,4200941,8627,866489,Buducnost Podgorica,FK Struga,1,1,1,0,True,utc_time_competition_score_high_confidence_name,OK,True,True,True,NO_PUBLIC_XG
202324-0053,LIVE_REFRESH_VERIFIED,False,False,False,OK,1,4200827,166865,10156,FC Astana,Dinamo Zagreb,1,1,1,0,True,utc_time_competition_score_high_confidence_name,OK,True,True,True,NO_PUBLIC_XG
202324-0039,LIVE_REFRESH_VERIFIED,False,False,False,OK,1,4200818,7981,4024,Qarabag FK,Rakow Czestochowa,1,1,1,0,True,utc_time_competition_score_high_confidence_name,OK,True,True,True,NO_PUBLIC_XG
202324-0041,LIVE_REFRESH_VERIFIED,False,False,False,OK,1,4200819,8428,8106,Häcken,Klaksvik,0.8,0.8421052632,0.8210526316,0,True,utc_time_competition_score_high_confidence_name,OK,True,True,True,NO_PUBLIC_XG
202324-0043,LIVE_REFRESH_VERIFIED,False,False,False,OK,1,4200821,9917,9861,Molde,HJK,1,0.4,0.7,0,True,unique_utc_time_competition_score_alias,OK,True,True,True,NO_PUBLIC_XG
202324-0047,LIVE_REFRESH_VERIFIED,False,False,False,OK,1,4200823,10185,9729,Maccabi Haifa,FC Sheriff,1,0.6086956522,0.8043478261,0,True,unique_utc_time_competition_score_alias,OK,True,True,True,ACCEPTED
202324-0057,LIVE_REFRESH_VERIFIED,False,False,False,OK,3,4200829,9987,9777,Genk,Servette,1,0.6956521739,0.847826087,0.2046035806,True,separated_utc_time_competition_score_alias,OK,True,True,True,PENALTY_SCOPE_UNVERIFIED
202324-0519,LIVE_REFRESH_VERIFIED,False,False,False,OK,5,4201022,7797,10072,AEK Larnaca,Torpedo Zhodino,1,1,1,0.3101851852,True,utc_time_competition_score_high_confidence_name,OK,True,True,True,NO_PUBLIC_XG
202324-0455,LIVE_REFRESH_VERIFIED,False,False,False,OK,5,4200954,4548,339993,F91 Dudelange,Gzira United,1,1,1,0.3029453015,True,utc_time_competition_score_high_confidence_name,OK,True,True,True,NO_PUBLIC_XG
202324-0045,LIVE_REFRESH_VERIFIED,False,False,False,OK,1,4200822,8391,8332,FC København,Breidablik,1,1,1,0,True,utc_time_competition_score_high_confidence_name,OK,True,True,True,ACCEPTED
202324-0035,LIVE_REFRESH_VERIFIED,False,False,False,OK,1,4200816,8637,4616,Galatasaray,Zalgiris Vilnius,1,1,1,0,True,utc_time_competition_score_high_confidence_name,OK,True,True,True,ACCEPTED
202324-0507,LIVE_REFRESH_VERIFIED,False,False,False,OK,8,4201010,7983,9931,Tobol Kostanay,Basel,0.8571428571,1,0.9285714286,0.3764705882,True,utc_time_competition_score_high_confidence_name,OK,True,True,True,NO_PUBLIC_XG
202324-0461,LIVE_REFRESH_VERIFIED,False,False,False,OK,1,4200960,10042,2245,FC Santa Coloma,Sutjeska,1,0.6956521739,0.847826087,0,True,unique_utc_time_competition_score_alias,OK,True,True,True,NO_PUBLIC_XG
202324-0485,LIVE_REFRESH_VERIFIED,False,False,False,OK,5,4200982,6345,9892,Pyunik,Kalmar FF,0.6,1,0.8,0.2433862434,True,separated_utc_time_competition_score_alias,OK,True,True,True,NO_PUBLIC_XG
202324-0489,LIVE_REFRESH_VERIFIED,False,False,False,OK,2,4200986,4662,2106,Spartak Trnava,Auda,1,1,1,0.2714285714,True,utc_time_competition_score_high_confidence_name,OK,True,True,True,NO_PUBLIC_XG
202324-0463,LIVE_REFRESH_VERIFIED,False,False,False,OK,5,4201000,479143,9754,FK Panevezys,Hapoel Beer Sheva,1,1,1,0.2852664577,True,utc_time_competition_score_high_confidence_name,OK,True,True,True,NO_PUBLIC_XG
202324-0471,LIVE_REFRESH_VERIFIED,False,False,False,OK,5,4200968,951893,248871,Sabah FK,RFS,1,1,1,0.1666666667,True,utc_time_competition_score_high_confidence_name,OK,True,True,True,NO_PUBLIC_XG
202324-0483,LIVE_REFRESH_VERIFIED,False,False,False,OK,8,4200980,439132,2182,FK Kauno Zalgiris,Lech Poznan,1,1,1,0.2895927602,True,utc_time_competition_score_high_confidence_name,OK,True,True,True,NO_PUBLIC_XG
202324-0521,LIVE_REFRESH_VERIFIED,False,False,False,OK,8,4201024,8000,2216,Aktobe,Torpedo Kutaisi,1,1,1,0.263322884,True,utc_time_competition_score_high_confidence_name,OK,True,True,True,NO_PUBLIC_XG
202324-0525,LIVE_REFRESH_VERIFIED,False,False,False,OK,1,4201028,1693,8338,KuPS,Derry City,1,1,1,0,True,utc_time_competition_score_high_confidence_name,OK,True,True,True,NO_PUBLIC_XG
202324-0531,LIVE_REFRESH_VERIFIED,False,False,False,OK,4,4201034,8023,7971,Pogon Szczecin,Linfield,1,0.6666666667,0.8333333333,0.2943722944,True,separated_utc_time_competition_score_alias,OK,True,True,True,NO_PUBLIC_XG
202324-0551,LIVE_REFRESH_VERIFIED,False,False,False,OK,2,4200937,7755,4528,Dinamo Tbilisi,Hamrun Spartans,1,1,1,0.1176470588,True,utc_time_competition_score_high_confidence_name,OK,True,True,True,NO_PUBLIC_XG
202324-0553,LIVE_REFRESH_VERIFIED,False,False,False,OK,1,4200939,7979,210132,Urartu FC,FCV Farul Constanta,1,0.8823529412,0.9411764706,0,True,utc_time_competition_score_high_confidence_name,OK,True,True,True,NO_PUBLIC_XG
202324-0491,LIVE_REFRESH_VERIFIED,False,False,False,OK,8,4200988,1667,10157,Zalaegerszeg,Osijek,0.8571428571,1,0.9285714286,0.2604166667,True,utc_time_competition_score_high_confidence_name,OK,True,True,True,NO_PUBLIC_XG
202324-0465,LIVE_REFRESH_VERIFIED,False,False,False,OK,2,4200962,2217,2373,Dila Gori,Vorskla,1,0.6363636364,0.8181818182,0.2967032967,True,separated_utc_time_competition_score_alias,OK,True,True,True,NO_PUBLIC_XG
202324-0475,LIVE_REFRESH_VERIFIED,False,False,False,OK,1,4200972,4617,10108,FK Neftchi,Zeljeznicar,0.7368421053,0.7096774194,0.7232597623,0,True,unique_utc_time_competition_score_alias,OK,True,True,True,NO_PUBLIC_XG
202324-0499,LIVE_REFRESH_VERIFIED,False,False,False,OK,4,4201002,8422,1937,Rosenborg,Crusaders,0.8571428571,0.6923076923,0.7747252747,0.2788461538,True,separated_utc_time_competition_score_alias,OK,True,True,True,NO_PUBLIC_XG
202324-0513,LIVE_REFRESH_VERIFIED,False,False,False,OK,1,4201016,583706,10144,Sepsi OSK,PFC CSKA-Sofia,1,0.8333333333,0.9166666667,0,True,utc_time_competition_score_high_confidence_name,OK,True,True,True,NO_PUBLIC_XG
202324-0517,LIVE_REFRESH_VERIFIED,False,False,False,OK,3,4201020,561981,7855,CS Petrocub,Maccabi Tel Aviv,0.5714285714,1,0.7857142857,0.224537037,True,separated_utc_time_competition_score_alias,OK,True,True,True,NO_PUBLIC_XG
202324-0529,LIVE_REFRESH_VERIFIED,False,False,False,OK,2,4201032,624924,132717,Riga FC,Kecskemeti TE,1,1,1,0.2538461538,True,utc_time_competition_score_high_confidence_name,OK,True,True,True,NO_PUBLIC_XG
202324-0539,LIVE_REFRESH_VERIFIED,False,False,False,OK,2,4201042,8044,8076,Omonia Nicosia,FK Qabala,1,0.8333333333,0.9166666667,0.3071428571,True,utc_time_competition_score_high_confidence_name,OK,True,True,True,NO_PUBLIC_XG
202324-0541,LIVE_REFRESH_VERIFIED,False,False,False,OK,3,4201044,8632,358106,Levski Sofia,Shkupi,1,1,1,0.1534482759,True,utc_time_competition_score_high_confidence_name,OK,True,True,True,NO_PUBLIC_XG
202324-0487,LIVE_REFRESH_VERIFIED,False,False,False,OK,1,4200984,1670,8402,Bohemians 1905,Bodø/Glimt,0.6896551724,1,0.8448275862,0,True,unique_utc_time_competition_score_alias,OK,True,True,True,NO_PUBLIC_XG
202324-0523,LIVE_REFRESH_VERIFIED,False,False,False,OK,5,4201026,7953,8113,FC Progrès Niederkorn,Midtjylland,1,1,1,0.2666666667,True,utc_time_competition_score_high_confidence_name,OK,True,True,True,NO_PUBLIC_XG
202324-0533,LIVE_REFRESH_VERIFIED,False,False,False,OK,2,4201036,8173,8619,Beitar Jerusalem,PAOK Thessaloniki FC,1,1,1,0.3028571429,True,utc_time_competition_score_high_confidence_name,OK,True,True,True,NO_PUBLIC_XG
202324-0467,LIVE_REFRESH_VERIFIED,False,False,False,OK,5,4200964,1926,9731,Adana Demirspor,CFR Cluj,1,1,1,0.2928571429,True,utc_time_competition_score_high_confidence_name,OK,True,True,True,NO_PUBLIC_XG
202324-0473,LIVE_REFRESH_VERIFIED,False,False,False,OK,3,4200970,10029,10188,KF Tirana,Beşiktaş,1,1,1,0.275,True,utc_time_competition_score_high_confidence_name,OK,True,True,True,NO_PUBLIC_XG
202324-0477,LIVE_REFRESH_VERIFIED,False,False,False,OK,8,4200974,6406,8621,Vojvodina,APOEL Nicosia,0.6666666667,1,0.8333333333,0.3229166667,True,separated_utc_time_competition_score_alias,OK,True,True,True,NO_PUBLIC_XG
202324-0493,LIVE_REFRESH_VERIFIED,False,False,False,OK,5,4200990,8248,8611,Hammarby,FC Twente,0.8421052632,0.5714285714,0.7067669173,0.2875,True,separated_utc_time_competition_score_alias,OK,True,True,True,NO_PUBLIC_XG
202324-0497,LIVE_REFRESH_VERIFIED,False,False,False,OK,3,4200994,8071,8342,AGF Aarhus,Club Brugge,1,1,1,0.2481481481,True,utc_time_competition_score_high_confidence_name,OK,True,True,True,NO_PUBLIC_XG
202324-0503,LIVE_REFRESH_VERIFIED,False,False,False,OK,8,4201006,784771,6033,Drita,Viktoria Plzen,1,1,1,0.3644688645,True,utc_time_competition_score_high_confidence_name,OK,True,True,True,NO_PUBLIC_XG
202324-0527,LIVE_REFRESH_VERIFIED,False,False,False,OK,1,4201030,6022,9991,Zilina,Gent,0.75,0.7272727273,0.7386363636,0,True,unique_utc_time_competition_score_alias,OK,True,True,True,NO_PUBLIC_XG
202324-0453,LIVE_REFRESH_VERIFIED,False,False,False,OK,2,4200952,10162,1077223,Rijeka,Dukagjini,1,0.8571428571,0.9285714286,0.3071428571,True,utc_time_competition_score_high_confidence_name,OK,True,True,True,NO_PUBLIC_XG
202324-0501,LIVE_REFRESH_VERIFIED,False,False,False,OK,2,4201004,10251,10050,Hibernian,Inter Club d'Escaldes,1,1,1,0.28,True,utc_time_competition_score_high_confidence_name,OK,True,True,True,NO_PUBLIC_XG
202324-0515,LIVE_REFRESH_VERIFIED,False,False,False,OK,3,4201018,8239,866109,Aris Thessaloniki FC,Ararat Armenia,1,1,1,0.2111111111,True,utc_time_competition_score_high_confidence_name,OK,True,True,True,NO_PUBLIC_XG
202324-0479,LIVE_REFRESH_VERIFIED,False,False,False,OK,4,4200976,9723,944215,FC FCSB,CSKA 1948,1,0.75,0.875,0.3205128205,True,utc_time_competition_score_high_confidence_name,OK,True,True,True,NO_PUBLIC_XG
202324-0509,LIVE_REFRESH_VERIFIED,False,False,False,OK,1,4201012,8340,7951,Maribor,FC Differdange 03,1,1,1,0,True,utc_time_competition_score_high_confidence_name,OK,True,True,True,NO_PUBLIC_XG
202324-0511,LIVE_REFRESH_VERIFIED,False,False,False,OK,8,4201014,10116,10011,Borac Banja Luka,Austria Wien,1,1,1,0.3764705882,True,utc_time_competition_score_high_confidence_name,OK,True,True,True,NO_PUBLIC_XG
202324-0557,LIVE_REFRESH_VERIFIED,False,False,False,OK,2,4200943,2206,952668,Larne,Ballkani,1,1,1,0.3028571429,True,utc_time_competition_score_high_confidence_name,OK,True,True,True,NO_PUBLIC_XG
202324-0457,LIVE_REFRESH_VERIFIED,False,False,False,OK,5,4200956,10199,9802,Luzern,Djurgården,1,0.8333333333,0.9166666667,0.2799188641,True,utc_time_competition_score_high_confidence_name,OK,True,True,True,NO_PUBLIC_XG
202324-0495,LIVE_REFRESH_VERIFIED,False,False,False,OK,1,4200992,1853,2165,Dundalk,KA Akureyri,1,1,1,0,True,utc_time_competition_score_high_confidence_name,OK,True,True,True,NO_PUBLIC_XG
202324-0505,LIVE_REFRESH_VERIFIED,False,False,False,OK,5,4201008,2194,8002,Haverfordwest,B36 Torshavn,0.7878787879,1,0.8939393939,0.3142174432,True,utc_time_competition_score_high_confidence_name,OK,True,True,True,NO_PUBLIC_XG
202324-0469,LIVE_REFRESH_VERIFIED,False,False,False,OK,4,4200966,8673,2127,Legia Warszawa,Ordabasy Shymkent,0.9230769231,1,0.9615384615,0.2106227106,True,utc_time_competition_score_high_confidence_name,OK,True,True,True,NO_PUBLIC_XG
202324-0481,LIVE_REFRESH_VERIFIED,False,False,False,OK,8,4200978,8369,310094,Debrecen,Alashkert FC,0.7619047619,1,0.880952381,0.2883597884,True,utc_time_competition_score_high_confidence_name,OK,True,True,True,NO_PUBLIC_XG
202324-0545,LIVE_REFRESH_VERIFIED,False,False,False,OK,3,4200931,4131,8222,Shamrock Rovers,Ferencvaros,1,1,1,0.2279202279,True,utc_time_competition_score_high_confidence_name,OK,True,True,True,NO_PUBLIC_XG
202324-0459,LIVE_REFRESH_VERIFIED,False,False,False,OK,2,4200958,7844,4622,Vitoria de Guimaraes,NK Celje,0.9189189189,1,0.9594594595,0.1612903226,True,utc_time_competition_score_high_confidence_name,OK,True,True,True,NO_PUBLIC_XG
202324-0227,LIVE_REFRESH_VERIFIED,False,False,False,OK,1,4268912,166865,210173,FC Astana,Ludogorets Razgrad,1,1,1,0,True,utc_time_competition_score_high_confidence_name,OK,True,True,True,NO_PUBLIC_XG
202324-0058,LIVE_REFRESH_VERIFIED,False,False,False,OK,3,4268882,4024,2136,Rakow Czestochowa,Aris Limassol,1,1,1,0.2866666667,True,utc_time_competition_score_high_confidence_name,OK,True,True,True,ACCEPTED
202324-0066,LIVE_REFRESH_VERIFIED,False,False,False,OK,1,4268886,8391,10247,FC København,Sparta Prague,1,0.8,0.9,0,True,utc_time_competition_score_high_confidence_name,OK,True,True,True,ACCEPTED
202324-0076,LIVE_REFRESH_VERIFIED,False,False,False,OK,1,4268891,8640,10014,PSV Eindhoven,Sturm Graz,1,1,1,0,True,utc_time_competition_score_high_confidence_name,OK,True,True,True,ACCEPTED
202324-0068,LIVE_REFRESH_VERIFIED,False,False,False,OK,3,4268887,8106,9917,Klaksvik,Molde,0.8421052632,1,0.9210526316,0.2738095238,True,utc_time_competition_score_high_confidence_name,OK,True,True,True,ACCEPTED
202324-0064,LIVE_REFRESH_VERIFIED,False,False,False,OK,1,4268885,7872,8637,Olimpija Ljubljana,Galatasaray,1,1,1,0,True,utc_time_competition_score_high_confidence_name,OK,True,True,True,ACCEPTED
202324-0070,LIVE_REFRESH_VERIFIED,False,False,False,OK,1,4268888,10264,676140,Braga,TSC Backa Topola,0.5263157895,1,0.7631578947,0,True,unique_utc_time_competition_score_alias,OK,True,True,True,NO_PUBLIC_XG
202324-0558,LIVE_REFRESH_VERIFIED,False,False,False,OK,2,4268940,7797,7855,AEK Larnaca,Maccabi Tel Aviv,1,1,1,0.2363636364,True,utc_time_competition_score_high_confidence_name,OK,True,True,True,NO_PUBLIC_XG
202324-0074,LIVE_REFRESH_VERIFIED,False,False,False,OK,1,4268890,10200,8592,Panathinaikos,Marseille,1,0.6428571429,0.8214285714,0,True,unique_utc_time_competition_score_alias,OK,True,True,True,ACCEPTED
202324-0588,LIVE_REFRESH_VERIFIED,False,False,False,OK,1,4268961,9991,8023,Gent,Pogon Szczecin,0.7272727273,1,0.8636363636,0,True,utc_time_competition_score_high_confidence_name,OK,True,True,True,NO_PUBLIC_XG
202324-0060,LIVE_REFRESH_VERIFIED,False,False,False,OK,1,4268883,6019,10185,Slovan Bratislava,Maccabi Haifa,1,1,1,0,True,utc_time_competition_score_high_confidence_name,OK,True,True,True,ACCEPTED
202324-0072,LIVE_REFRESH_VERIFIED,False,False,False,OK,3,4268889,8548,9777,Rangers,Servette,0.6363636364,0.6956521739,0.6660079051,0.2276785714,True,separated_utc_time_competition_score_alias,OK,True,True,True,ACCEPTED
202324-0608,LIVE_REFRESH_VERIFIED,False,False,False,OK,4,4268963,7983,8338,Tobol Kostanay,Derry City,0.8571428571,1,0.9285714286,0.3195084485,True,utc_time_competition_score_high_confidence_name,OK,True,True,True,NO_PUBLIC_XG
202324-0620,LIVE_REFRESH_VERIFIED,False,False,False,OK,3,4268939,866489,2113,FK Struga,Swift Hesperange,1,1,1,0.2696969697,True,utc_time_competition_score_high_confidence_name,OK,True,True,True,NO_PUBLIC_XG
202324-0219,LIVE_REFRESH_VERIFIED,False,False,False,OK,1,4268908,4616,8428,Zalgiris Vilnius,Häcken,1,0.8,0.9,0,True,utc_time_competition_score_high_confidence_name,OK,True,True,True,NO_PUBLIC_XG
202324-0221,LIVE_REFRESH_VERIFIED,False,False,False,OK,1,4268909,7981,9861,Qarabag FK,HJK,1,0.4,0.7,0,True,unique_utc_time_competition_score_alias,OK,True,True,True,NO_PUBLIC_XG
202324-0560,LIVE_REFRESH_VERIFIED,False,False,False,OK,3,4268943,951893,7998,Sabah FK,Partizan Beograd,1,0.9090909091,0.9545454545,0.3053613054,True,utc_time_competition_score_high_confidence_name,OK,True,True,True,NO_PUBLIC_XG
202324-0610,LIVE_REFRESH_VERIFIED,False,False,False,OK,2,4268966,8402,6345,Bodø/Glimt,Pyunik,1,0.6,0.8,0.1455026455,True,separated_utc_time_competition_score_alias,OK,True,True,True,NO_PUBLIC_XG
202324-0217,LIVE_REFRESH_VERIFIED,False,False,False,OK,1,4268914,7787,883952,Slavia Prague,SC Dnipro-1,0.8,1,0.9,0,True,utc_time_competition_score_high_confidence_name,OK,True,True,True,NO_PUBLIC_XG
202324-0225,LIVE_REFRESH_VERIFIED,False,False,False,OK,1,4268911,9729,10063,FC Sheriff,BATE Borisov,0.6086956522,1,0.8043478261,0,True,unique_utc_time_competition_score_alias,OK,True,True,True,NO_PUBLIC_XG
202324-0562,LIVE_REFRESH_VERIFIED,False,False,False,OK,2,4268946,583706,8000,Sepsi OSK,Aktobe,1,1,1,0.2363636364,True,utc_time_competition_score_high_confidence_name,OK,True,True,True,NO_PUBLIC_XG
202324-0568,LIVE_REFRESH_VERIFIED,False,False,False,OK,1,4268944,10042,10229,FC Santa Coloma,AZ Alkmaar,1,1,1,0,True,utc_time_competition_score_high_confidence_name,OK,True,True,True,NO_PUBLIC_XG
202324-0572,LIVE_REFRESH_VERIFIED,False,False,False,OK,2,4268950,4617,10188,FK Neftchi,Beşiktaş,0.7368421053,1,0.8684210526,0.255952381,True,utc_time_competition_score_high_confidence_name,OK,True,True,True,NO_PUBLIC_XG
202324-0574,LIVE_REFRESH_VERIFIED,False,False,False,OK,4,4268942,8044,8113,Omonia Nicosia,Midtjylland,1,1,1,0.3571428571,True,utc_time_competition_score_high_confidence_name,OK,True,True,True,NO_PUBLIC_XG
202324-0578,LIVE_REFRESH_VERIFIED,False,False,False,OK,2,4268948,8673,10011,Legia Warszawa,Austria Wien,0.9230769231,1,0.9615384615,0.3880952381,True,utc_time_competition_score_high_confidence_name,OK,True,True,True,NO_PUBLIC_XG
202324-0584,LIVE_REFRESH_VERIFIED,False,False,False,OK,1,4268955,6033,339993,Viktoria Plzen,Gzira United,1,1,1,0,True,utc_time_competition_score_high_confidence_name,OK,True,True,True,NO_PUBLIC_XG
202324-0596,LIVE_REFRESH_VERIFIED,False,False,False,OK,3,4268959,8422,9860,Rosenborg,Hearts,0.8571428571,1,0.9285714286,0.2369565217,True,utc_time_competition_score_high_confidence_name,OK,True,True,True,NO_PUBLIC_XG
202324-0602,LIVE_REFRESH_VERIFIED,False,False,False,OK,1,4268954,2217,8621,Dila Gori,APOEL Nicosia,1,1,1,0,True,utc_time_competition_score_high_confidence_name,OK,True,True,True,NO_PUBLIC_XG
202324-0616,LIVE_REFRESH_VERIFIED,False,False,False,OK,2,4268937,197871,10028,Valmiera FC,Partizani,0.9411764706,0.72,0.8305882353,0.3090062112,True,utc_time_competition_score_high_confidence_name,OK,True,True,True,NO_PUBLIC_XG
202324-0580,LIVE_REFRESH_VERIFIED,False,False,False,OK,4,4268951,9754,8632,Hapoel Beer Sheva,Levski Sofia,1,1,1,0.2413793103,True,utc_time_competition_score_high_confidence_name,OK,True,True,True,NO_PUBLIC_XG
202324-0612,LIVE_REFRESH_VERIFIED,False,False,False,OK,1,4268935,4528,8222,Hamrun Spartans,Ferencvaros,1,1,1,0,True,utc_time_competition_score_high_confidence_name,OK,True,True,True,NO_PUBLIC_XG
202324-0614,LIVE_REFRESH_VERIFIED,False,False,False,OK,2,4268936,210132,8155,FCV Farul Constanta,Flora Tallinn,0.8823529412,1,0.9411764706,0.1359649123,True,utc_time_competition_score_high_confidence_name,OK,True,True,True,NO_PUBLIC_XG
202324-0570,LIVE_REFRESH_VERIFIED,False,False,False,OK,4,4268947,4622,10061,NK Celje,Neman Grodno,1,1,1,0.2265446224,True,utc_time_competition_score_high_confidence_name,OK,True,True,True,NO_PUBLIC_XG
202324-0586,LIVE_REFRESH_VERIFIED,False,False,False,OK,3,4268958,158085,8468,Arouca,Brann,1,0.5882352941,0.7941176471,0.1888888889,True,separated_utc_time_competition_score_alias,OK,True,True,True,NO_PUBLIC_XG
202324-0590,LIVE_REFRESH_VERIFIED,False,False,False,OK,2,4268964,1926,10157,Adana Demirspor,Osijek,1,1,1,0.106442577,True,utc_time_competition_score_high_confidence_name,OK,True,True,True,NO_PUBLIC_XG
202324-0592,LIVE_REFRESH_VERIFIED,False,False,False,OK,2,4268953,8002,10162,B36 Torshavn,Rijeka,1,1,1,0.3195488722,True,utc_time_competition_score_high_confidence_name,OK,True,True,True,NO_PUBLIC_XG
202324-0594,LIVE_REFRESH_VERIFIED,False,False,False,OK,3,4268956,8611,624924,FC Twente,Riga FC,0.5714285714,1,0.7857142857,0.3,True,separated_utc_time_competition_score_alias,OK,True,True,True,NO_PUBLIC_XG
202324-0598,LIVE_REFRESH_VERIFIED,False,False,False,OK,3,4268962,8695,8340,Fenerbahçe,Maribor,1,1,1,0.2348178138,True,utc_time_competition_score_high_confidence_name,OK,True,True,True,NO_PUBLIC_XG
202324-0600,LIVE_REFRESH_VERIFIED,False,False,False,OK,2,4268965,8342,2165,Club Brugge,KA Akureyri,1,1,1,0.106442577,True,utc_time_competition_score_high_confidence_name,OK,True,True,True,NO_PUBLIC_XG
202324-0604,LIVE_REFRESH_VERIFIED,False,False,False,OK,3,4268957,2182,4662,Lech Poznan,Spartak Trnava,1,1,1,0.25,True,utc_time_competition_score_high_confidence_name,OK,True,True,True,NO_PUBLIC_XG
202324-0576,LIVE_REFRESH_VERIFIED,False,False,False,OK,4,4268945,8239,8688,Aris Thessaloniki FC,Dynamo Kyiv,1,1,1,0.2653958944,True,utc_time_competition_score_high_confidence_name,OK,True,True,True,NO_PUBLIC_XG
202324-0582,LIVE_REFRESH_VERIFIED,False,False,False,OK,3,4268952,10251,10199,Hibernian,Luzern,1,1,1,0.2696969697,True,utc_time_competition_score_high_confidence_name,OK,True,True,True,NO_PUBLIC_XG
202324-0606,LIVE_REFRESH_VERIFIED,False,False,False,OK,4,4268960,9723,10202,FC FCSB,Nordsjælland,1,1,1,0.130952381,True,utc_time_competition_score_high_confidence_name,OK,True,True,True,NO_PUBLIC_XG
202324-0618,LIVE_REFRESH_VERIFIED,False,False,False,OK,3,4268938,952668,545012,Ballkani,Lincoln Red Imps FC,1,1,1,0.3100961538,True,utc_time_competition_score_high_confidence_name,OK,True,True,True,NO_PUBLIC_XG
202324-0215,LIVE_REFRESH_VERIFIED,False,False,False,OK,1,4268913,8638,9987,Olympiacos,Genk,0.6428571429,1,0.8214285714,0,True,unique_utc_time_competition_score_alias,OK,True,True,True,NO_PUBLIC_XG
202324-0223,LIVE_REFRESH_VERIFIED,False,False,False,OK,1,4268910,10107,8332,Zrinjski Mostar,Breidablik,1,1,1,0,True,utc_time_competition_score_high_confidence_name,OK,True,True,True,NO_PUBLIC_XG
202324-0564,LIVE_REFRESH_VERIFIED,False,False,False,OK,4,4268949,10015,8369,Rapid Wien,Debrecen,1,0.7619047619,0.880952381,0.2681481481,True,utc_time_competition_score_high_confidence_name,OK,True,True,True,NO_PUBLIC_XG
202324-0566,LIVE_REFRESH_VERIFIED,False,False,False,OK,4,4268941,10154,8619,Hajduk Split,PAOK Thessaloniki FC,1,1,1,0.275862069,True,utc_time_competition_score_high_confidence_name,OK,True,True,True,NO_PUBLIC_XG
202324-0059,LIVE_REFRESH_VERIFIED,False,False,False,OK,1,4268892,2136,4024,Aris Limassol,Rakow Czestochowa,1,1,1,0,True,utc_time_competition_score_high_confidence_name,OK,True,True,True,NO_PUBLIC_XG
202324-0061,LIVE_REFRESH_VERIFIED,False,False,False,OK,1,4268893,10185,6019,Maccabi Haifa,Slovan Bratislava,1,1,1,0,True,utc_time_competition_score_high_confidence_name,OK,True,True,True,ACCEPTED
202324-0067,LIVE_REFRESH_VERIFIED,False,False,False,OK,1,4268896,10247,8391,Sparta Prague,FC København,0.8,1,0.9,0,True,utc_time_competition_score_high_confidence_name,OK,True,True,True,PENALTY_SCOPE_UNVERIFIED
202324-0069,LIVE_REFRESH_VERIFIED,False,False,False,OK,2,4268897,9917,8106,Molde,Klaksvik,1,0.8421052632,0.9210526316,0.1547619048,True,utc_time_competition_score_high_confidence_name,OK,True,True,True,NO_PUBLIC_XG
202324-0063,LIVE_REFRESH_VERIFIED,False,False,False,OK,1,4268894,10156,8563,Dinamo Zagreb,AEK Athens,1,1,1,0,True,utc_time_competition_score_high_confidence_name,OK,True,True,True,NO_PUBLIC_XG
202324-0065,LIVE_REFRESH_VERIFIED,False,False,False,OK,2,4268895,8637,7872,Galatasaray,Olimpija Ljubljana,1,1,1,0.1866666667,True,utc_time_competition_score_high_confidence_name,OK,True,True,True,ACCEPTED
202324-0071,LIVE_REFRESH_VERIFIED,False,False,False,OK,2,4268898,676140,10264,TSC Backa Topola,Braga,1,0.5263157895,0.7631578947,0.2173913043,True,separated_utc_time_competition_score_alias,OK,True,True,True,NO_PUBLIC_XG
202324-0073,LIVE_REFRESH_VERIFIED,False,False,False,OK,1,4268899,9777,8548,Servette,Rangers,0.6956521739,0.6363636364,0.6660079051,0,True,unique_utc_time_competition_score_alias,OK,True,True,True,ACCEPTED
202324-0077,LIVE_REFRESH_VERIFIED,False,False,False,OK,1,4268901,10014,8640,Sturm Graz,PSV Eindhoven,1,1,1,0,True,utc_time_competition_score_high_confidence_name,OK,True,True,True,ACCEPTED
202324-0075,LIVE_REFRESH_VERIFIED,False,False,False,OK,1,4268900,8592,10200,Marseille,Panathinaikos,0.6428571429,1,0.8214285714,0,True,unique_utc_time_competition_score_alias,OK,True,True,True,ACCEPTED
202324-0615,LIVE_REFRESH_VERIFIED,False,False,False,OK,2,4268968,8155,210132,Flora Tallinn,FCV Farul Constanta,1,0.8823529412,0.9411764706,0.2634482759,True,utc_time_competition_score_high_confidence_name,OK,True,True,True,NO_PUBLIC_XG
202324-0222,LIVE_REFRESH_VERIFIED,False,False,False,OK,1,4268916,9861,7981,HJK,Qarabag FK,0.4,1,0.7,0,True,unique_utc_time_competition_score_alias,OK,True,True,True,NO_PUBLIC_XG
202324-0563,LIVE_REFRESH_VERIFIED,False,False,False,OK,1,4268978,8000,583706,Aktobe,Sepsi OSK,1,1,1,0,True,utc_time_competition_score_high_confidence_name,OK,True,True,True,NO_PUBLIC_XG
202324-0589,LIVE_REFRESH_VERIFIED,False,False,False,OK,6,4268993,8023,9991,Pogon Szczecin,Gent,1,0.7272727273,0.8636363636,0.245,True,utc_time_competition_score_high_confidence_name,OK,True,True,True,NO_PUBLIC_XG
202324-0611,LIVE_REFRESH_VERIFIED,False,False,False,OK,3,4268998,6345,8402,Pyunik,Bodø/Glimt,0.6,1,0.8,0.1777777778,True,separated_utc_time_competition_score_alias,OK,True,True,True,NO_PUBLIC_XG
202324-0619,LIVE_REFRESH_VERIFIED,False,False,False,OK,1,4268970,545012,952668,Lincoln Red Imps FC,Ballkani,1,1,1,0,True,utc_time_competition_score_high_confidence_name,OK,True,True,True,NO_PUBLIC_XG
202324-0220,LIVE_REFRESH_VERIFIED,False,False,False,OK,1,4268915,8428,4616,Häcken,Zalgiris Vilnius,0.8,1,0.9,0,True,utc_time_competition_score_high_confidence_name,OK,True,True,True,NO_PUBLIC_XG
202324-0559,LIVE_REFRESH_VERIFIED,False,False,False,OK,4,4268972,7855,7797,Maccabi Tel Aviv,AEK Larnaca,1,1,1,0.3224137931,True,utc_time_competition_score_high_confidence_name,OK,True,True,True,NO_PUBLIC_XG
202324-0577,LIVE_REFRESH_VERIFIED,False,False,False,OK,6,4268977,8688,8239,Dynamo Kyiv,Aris Thessaloniki FC,1,1,1,0.2301136364,True,utc_time_competition_score_high_confidence_name,OK,True,True,True,NO_PUBLIC_XG
202324-0579,LIVE_REFRESH_VERIFIED,False,False,False,OK,1,4268980,10011,8673,Austria Wien,Legia Warszawa,1,0.9230769231,0.9615384615,0,True,utc_time_competition_score_high_confidence_name,OK,True,True,True,NO_PUBLIC_XG
202324-0581,LIVE_REFRESH_VERIFIED,False,False,False,OK,6,4268983,8632,9754,Levski Sofia,Hapoel Beer Sheva,1,1,1,0.3179347826,True,utc_time_competition_score_high_confidence_name,OK,True,True,True,NO_PUBLIC_XG
202324-0585,LIVE_REFRESH_VERIFIED,False,False,False,OK,2,4268987,339993,6033,Gzira United,Viktoria Plzen,1,1,1,0.2812121212,True,utc_time_competition_score_high_confidence_name,OK,True,True,True,NO_PUBLIC_XG
202324-0587,LIVE_REFRESH_VERIFIED,False,False,False,OK,3,4268990,8468,158085,Brann,Arouca,0.5882352941,1,0.7941176471,0.1888888889,True,separated_utc_time_competition_score_alias,OK,True,True,True,NO_PUBLIC_XG
202324-0595,LIVE_REFRESH_VERIFIED,False,False,False,OK,3,4268988,624924,8611,Riga FC,FC Twente,1,0.5714285714,0.7857142857,0.3418181818,True,separated_utc_time_competition_score_alias,OK,True,True,True,NO_PUBLIC_XG
202324-0603,LIVE_REFRESH_VERIFIED,False,False,False,OK,4,4268986,8621,2217,APOEL Nicosia,Dila Gori,1,1,1,0.3224137931,True,utc_time_competition_score_high_confidence_name,OK,True,True,True,NO_PUBLIC_XG
202324-0607,LIVE_REFRESH_VERIFIED,False,False,False,OK,4,4268992,10202,9723,Nordsjælland,FC FCSB,1,1,1,0.3650793651,True,utc_time_competition_score_high_confidence_name,OK,True,True,True,NO_PUBLIC_XG
202324-0613,LIVE_REFRESH_VERIFIED,False,False,False,OK,6,4268967,8222,4528,Ferencvaros,Hamrun Spartans,1,1,1,0.291005291,True,utc_time_competition_score_high_confidence_name,OK,True,True,True,NO_PUBLIC_XG
202324-0224,LIVE_REFRESH_VERIFIED,False,False,False,OK,1,4268917,8332,10107,Breidablik,Zrinjski Mostar,1,1,1,0,True,utc_time_competition_score_high_confidence_name,OK,True,True,True,NO_PUBLIC_XG
202324-0567,LIVE_REFRESH_VERIFIED,False,False,False,OK,1,4268973,8619,10154,PAOK Thessaloniki FC,Hajduk Split,1,1,1,0,True,utc_time_competition_score_high_confidence_name,OK,True,True,True,NO_PUBLIC_XG
202324-0575,LIVE_REFRESH_VERIFIED,False,False,False,OK,1,4268974,8113,8044,Midtjylland,Omonia Nicosia,1,1,1,0,True,utc_time_competition_score_high_confidence_name,OK,True,True,True,NO_PUBLIC_XG
202324-0216,LIVE_REFRESH_VERIFIED,False,False,False,OK,2,4268920,9987,8638,Genk,Olympiacos,1,0.6428571429,0.8214285714,0.3413978495,True,separated_utc_time_competition_score_alias,OK,True,True,True,NO_PUBLIC_XG
202324-0218,LIVE_REFRESH_VERIFIED,False,False,False,OK,2,4268921,883952,7787,SC Dnipro-1,Slavia Prague,1,0.8,0.9,0.2196969697,True,utc_time_competition_score_high_confidence_name,OK,True,True,True,NO_PUBLIC_XG
202324-0226,LIVE_REFRESH_VERIFIED,False,False,False,OK,1,4268918,10063,9729,BATE Borisov,FC Sheriff,1,0.6086956522,0.8043478261,0,True,unique_utc_time_competition_score_alias,OK,True,True,True,NO_PUBLIC_XG
202324-0228,LIVE_REFRESH_VERIFIED,False,False,False,OK,1,4268919,210173,166865,Ludogorets Razgrad,FC Astana,1,1,1,0,True,utc_time_competition_score_high_confidence_name,OK,True,True,True,NO_PUBLIC_XG
202324-0571,LIVE_REFRESH_VERIFIED,False,False,False,OK,1,4268979,10061,4622,Neman Grodno,NK Celje,1,1,1,0,True,utc_time_competition_score_high_confidence_name,OK,True,True,True,NO_PUBLIC_XG
202324-0573,LIVE_REFRESH_VERIFIED,False,False,False,OK,6,4268982,10188,4617,Beşiktaş,FK Neftchi,1,0.7368421053,0.8684210526,0.3379310345,True,utc_time_competition_score_high_confidence_name,OK,True,True,True,NO_PUBLIC_XG
202324-0591,LIVE_REFRESH_VERIFIED,False,False,False,OK,1,4268996,10157,1926,Osijek,Adana Demirspor,1,1,1,0,True,utc_time_competition_score_high_confidence_name,OK,True,True,True,NO_PUBLIC_XG
202324-0601,LIVE_REFRESH_VERIFIED,False,False,False,OK,1,4268997,2165,8342,KA Akureyri,Club Brugge,1,1,1,0,True,utc_time_competition_score_high_confidence_name,OK,True,True,True,NO_PUBLIC_XG
202324-0605,LIVE_REFRESH_VERIFIED,False,False,False,OK,3,4268989,4662,2182,Spartak Trnava,Lech Poznan,1,1,1,0.25,True,utc_time_competition_score_high_confidence_name,OK,True,True,True,NO_PUBLIC_XG
202324-0617,LIVE_REFRESH_VERIFIED,False,False,False,OK,4,4268969,10028,197871,Partizani,Valmiera FC,0.72,0.9411764706,0.8305882353,0.3875,True,utc_time_competition_score_high_confidence_name,OK,True,True,True,NO_PUBLIC_XG
202324-0621,LIVE_REFRESH_VERIFIED,False,False,False,OK,6,4268971,2113,866489,Swift Hesperange,FK Struga,1,1,1,0.291005291,True,utc_time_competition_score_high_confidence_name,OK,True,True,True,NO_PUBLIC_XG
202324-0593,LIVE_REFRESH_VERIFIED,False,False,False,OK,4,4268985,10162,8002,Rijeka,B36 Torshavn,1,1,1,0.2994652406,True,utc_time_competition_score_high_confidence_name,OK,True,True,True,NO_PUBLIC_XG
202324-0599,LIVE_REFRESH_VERIFIED,False,False,False,OK,3,4268994,8340,8695,Maribor,Fenerbahçe,1,1,1,0.3693181818,True,utc_time_competition_score_high_confidence_name,OK,True,True,True,NO_PUBLIC_XG
202324-0569,LIVE_REFRESH_VERIFIED,False,False,False,OK,4,4268976,10229,10042,AZ Alkmaar,FC Santa Coloma,1,1,1,0.2533936652,True,utc_time_competition_score_high_confidence_name,OK,True,True,True,NO_PUBLIC_XG
202324-0583,LIVE_REFRESH_VERIFIED,False,False,False,OK,1,4268984,10199,10251,Luzern,Hibernian,1,1,1,0,True,utc_time_competition_score_high_confidence_name,OK,True,True,True,NO_PUBLIC_XG
202324-0597,LIVE_REFRESH_VERIFIED,False,False,False,OK,3,4268991,9860,8422,Hearts,Rosenborg,1,0.8571428571,0.9285714286,0.2369565217,True,utc_time_competition_score_high_confidence_name,OK,True,True,True,NO_PUBLIC_XG
202324-0609,LIVE_REFRESH_VERIFIED,False,False,False,OK,4,4268995,8338,7983,Derry City,Tobol Kostanay,1,0.8571428571,0.9285714286,0.2753846154,True,utc_time_competition_score_high_confidence_name,OK,True,True,True,NO_PUBLIC_XG
202324-0561,LIVE_REFRESH_VERIFIED,False,False,False,OK,4,4268975,7998,951893,Partizan Beograd,Sabah FK,0.9090909091,1,0.9545454545,0.3601532567,True,utc_time_competition_score_high_confidence_name,OK,True,True,True,NO_PUBLIC_XG
202324-0565,LIVE_REFRESH_VERIFIED,False,False,False,OK,1,4268981,8369,10015,Debrecen,Rapid Wien,0.7619047619,1,0.880952381,0,True,utc_time_competition_score_high_confidence_name,OK,True,True,True,NO_PUBLIC_XG
202324-0062,LIVE_REFRESH_VERIFIED,False,False,False,OK,1,4268884,8563,10156,AEK Athens,Dinamo Zagreb,1,1,1,0,True,utc_time_competition_score_high_confidence_name,OK,True,True,True,NO_PUBLIC_XG
202324-0080,LIVE_REFRESH_VERIFIED,False,False,False,OK,2,4287889,9988,8563,Royal Antwerp,AEK Athens,1,1,1,0.1890756303,True,utc_time_competition_score_high_confidence_name,OK,True,True,True,ACCEPTED
202324-0082,LIVE_REFRESH_VERIFIED,False,False,False,OK,3,4287891,4024,8391,Rakow Czestochowa,FC København,1,1,1,0.2692307692,True,utc_time_competition_score_high_confidence_name,OK,True,True,True,ACCEPTED
202324-0086,LIVE_REFRESH_VERIFIED,False,False,False,OK,1,4287895,8548,8640,Rangers,PSV Eindhoven,0.6363636364,1,0.8181818182,0,True,unique_utc_time_competition_score_alias,OK,True,True,True,ACCEPTED
202324-0638,LIVE_REFRESH_VERIFIED,False,False,False,OK,3,4287933,4662,883952,Spartak Trnava,SC Dnipro-1,1,1,1,0.188034188,True,utc_time_competition_score_high_confidence_name,OK,True,True,True,NO_PUBLIC_XG
202324-0640,LIVE_REFRESH_VERIFIED,False,False,False,OK,1,4287944,10251,10252,Hibernian,Aston Villa,1,1,1,0,True,utc_time_competition_score_high_confidence_name,OK,True,True,True,NO_PUBLIC_XG
202324-0078,LIVE_REFRESH_VERIFIED,False,False,False,OK,1,4287887,10185,10192,Maccabi Haifa,Young Boys,1,1,1,0,True,utc_time_competition_score_high_confidence_name,OK,True,True,True,ACCEPTED
202324-0084,LIVE_REFRESH_VERIFIED,False,False,False,OK,2,4287893,9917,8637,Molde,Galatasaray,1,1,1,0.1666666667,True,utc_time_competition_score_high_confidence_name,OK,True,True,True,ACCEPTED
202324-0088,LIVE_REFRESH_VERIFIED,False,False,False,OK,1,4287897,10264,10200,Braga,Panathinaikos,0.5263157895,1,0.7631578947,0,True,unique_utc_time_competition_score_alias,OK,True,True,True,ACCEPTED
202324-0632,LIVE_REFRESH_VERIFIED,False,False,False,OK,3,4287943,7983,6033,Tobol Kostanay,Viktoria Plzen,0.8571428571,1,0.9285714286,0.2904761905,True,utc_time_competition_score_high_confidence_name,OK,True,True,True,NO_PUBLIC_XG
202324-0664,LIVE_REFRESH_VERIFIED,False,False,False,OK,2,4287930,166865,10028,FC Astana,Partizani,1,0.72,0.86,0.3173076923,True,utc_time_competition_score_high_confidence_name,OK,True,True,True,NO_PUBLIC_XG
202324-0660,LIVE_REFRESH_VERIFIED,False,False,False,OK,1,4287928,866489,8332,FK Struga,Breidablik,1,1,1,0,True,utc_time_competition_score_high_confidence_name,OK,True,True,True,NO_PUBLIC_XG
202324-0658,LIVE_REFRESH_VERIFIED,False,False,False,OK,1,4287927,4616,8222,Zalgiris Vilnius,Ferencvaros,1,1,1,0,True,utc_time_competition_score_high_confidence_name,OK,True,True,True,NO_PUBLIC_XG
202324-0650,LIVE_REFRESH_VERIFIED,False,False,False,OK,1,4287939,10202,7998,Nordsjælland,Partizan Beograd,1,0.9090909091,0.9545454545,0,True,utc_time_competition_score_high_confidence_name,OK,True,True,True,NO_PUBLIC_XG
202324-0229,LIVE_REFRESH_VERIFIED,False,False,False,OK,2,4287905,7787,7770,Slavia Prague,Zorya,0.8,0.5555555556,0.6777777778,0.3139745917,True,separated_utc_time_competition_score_alias,OK,True,True,True,NO_PUBLIC_XG
202324-0237,LIVE_REFRESH_VERIFIED,False,False,False,OK,1,4287909,8428,8485,Häcken,Aberdeen,0.8,1,0.9,0,True,utc_time_competition_score_high_confidence_name,OK,True,True,True,ACCEPTED
202324-0622,LIVE_REFRESH_VERIFIED,False,False,False,OK,3,4287931,8632,9810,Levski Sofia,Eintracht Frankfurt,1,1,1,0.2613636364,True,utc_time_competition_score_high_confidence_name,OK,True,True,True,NO_PUBLIC_XG
202324-0624,LIVE_REFRESH_VERIFIED,False,False,False,OK,1,4287942,583706,8402,Sepsi OSK,Bodø/Glimt,1,1,1,0,True,utc_time_competition_score_high_confidence_name,OK,True,True,True,NO_PUBLIC_XG
202324-0628,LIVE_REFRESH_VERIFIED,False,False,False,OK,1,4287945,8695,8611,Fenerbahçe,FC Twente,1,0.5714285714,0.7857142857,0,True,unique_utc_time_competition_score_alias,OK,True,True,True,NO_PUBLIC_XG
202324-0636,LIVE_REFRESH_VERIFIED,False,False,False,OK,1,4287946,8688,10188,Dynamo Kyiv,Beşiktaş,1,1,1,0,True,utc_time_competition_score_high_confidence_name,OK,True,True,True,NO_PUBLIC_XG
202324-0646,LIVE_REFRESH_VERIFIED,False,False,False,OK,2,4287937,10015,8535,Rapid Wien,Fiorentina,1,1,1,0.3355263158,True,utc_time_competition_score_high_confidence_name,OK,True,True,True,NO_PUBLIC_XG
202324-0654,LIVE_REFRESH_VERIFIED,False,False,False,OK,2,4287941,7855,4622,Maccabi Tel Aviv,NK Celje,1,1,1,0.1838235294,True,utc_time_competition_score_high_confidence_name,OK,True,True,True,NO_PUBLIC_XG
202324-0662,LIVE_REFRESH_VERIFIED,False,False,False,OK,3,4287929,210132,9861,FCV Farul Constanta,HJK,0.8823529412,0.4,0.6411764706,0.1637426901,True,separated_utc_time_competition_score_alias,OK,True,True,True,NO_PUBLIC_XG
202324-0235,LIVE_REFRESH_VERIFIED,False,False,False,OK,1,4287908,210173,8593,Ludogorets Razgrad,Ajax,1,1,1,0,True,utc_time_competition_score_high_confidence_name,OK,True,True,True,ACCEPTED
202324-0243,LIVE_REFRESH_VERIFIED,False,False,False,OK,1,4287912,7872,7981,Olimpija Ljubljana,Qarabag FK,1,1,1,0,True,utc_time_competition_score_high_confidence_name,OK,True,True,True,NO_PUBLIC_XG
202324-0247,LIVE_REFRESH_VERIFIED,False,False,False,OK,2,4287914,10156,10247,Dinamo Zagreb,Sparta Prague,1,0.8,0.9,0.2256728778,True,utc_time_competition_score_high_confidence_name,OK,True,True,True,NO_PUBLIC_XG
202324-0626,LIVE_REFRESH_VERIFIED,False,False,False,OK,1,4287934,8113,8673,Midtjylland,Legia Warszawa,1,0.9230769231,0.9615384615,0,True,utc_time_competition_score_high_confidence_name,OK,True,True,True,NO_PUBLIC_XG
202324-0630,LIVE_REFRESH_VERIFIED,False,False,False,OK,1,4287932,9991,8621,Gent,APOEL Nicosia,0.7272727273,1,0.8636363636,0,True,utc_time_competition_score_high_confidence_name,OK,True,True,True,NO_PUBLIC_XG
202324-0634,LIVE_REFRESH_VERIFIED,False,False,False,OK,3,4287935,8639,10162,Lille,Rijeka,0.7142857143,1,0.8571428571,0.3650793651,True,utc_time_competition_score_high_confidence_name,OK,True,True,True,NO_PUBLIC_XG
202324-0642,LIVE_REFRESH_VERIFIED,False,False,False,OK,3,4287936,9987,1926,Genk,Adana Demirspor,1,1,1,0.1587301587,True,utc_time_competition_score_high_confidence_name,OK,True,True,True,NO_PUBLIC_XG
202324-0233,LIVE_REFRESH_VERIFIED,False,False,False,OK,2,4287907,7978,7896,Union St.Gilloise,Lugano,0.9189189189,1,0.9594594595,0.1515151515,True,utc_time_competition_score_high_confidence_name,OK,True,True,True,ACCEPTED
202324-0245,LIVE_REFRESH_VERIFIED,False,False,False,OK,2,4287913,6019,2136,Slovan Bratislava,Aris Limassol,1,1,1,0.1666666667,True,utc_time_competition_score_high_confidence_name,OK,True,True,True,NO_PUBLIC_XG
202324-0652,LIVE_REFRESH_VERIFIED,False,False,False,OK,3,4287940,8371,8342,Osasuna,Club Brugge,1,1,1,0.3380952381,True,utc_time_competition_score_high_confidence_name,OK,True,True,True,NO_PUBLIC_XG
202324-0241,LIVE_REFRESH_VERIFIED,False,False,False,OK,1,4287911,8106,9729,Klaksvik,FC Sheriff,0.8421052632,0.6086956522,0.7254004577,0,True,unique_utc_time_competition_score_alias,OK,True,True,True,NO_PUBLIC_XG
202324-0644,LIVE_REFRESH_VERIFIED,False,False,False,OK,3,4287947,10229,8468,AZ Alkmaar,Brann,1,0.5882352941,0.7941176471,0.1833333333,True,separated_utc_time_competition_score_alias,OK,True,True,True,NO_PUBLIC_XG
202324-0648,LIVE_REFRESH_VERIFIED,False,False,False,OK,3,4287938,9860,8619,Hearts,PAOK Thessaloniki FC,1,1,1,0.1973244147,True,utc_time_competition_score_high_confidence_name,OK,True,True,True,NO_PUBLIC_XG
202324-0656,LIVE_REFRESH_VERIFIED,False,False,False,OK,2,4287926,952668,10063,Ballkani,BATE Borisov,1,1,1,0.1838235294,True,utc_time_competition_score_high_confidence_name,OK,True,True,True,NO_PUBLIC_XG
202324-0231,LIVE_REFRESH_VERIFIED,False,False,False,OK,2,4287906,8638,6374,Olympiacos,Cukaricki,0.6428571429,0.6666666667,0.6547619048,0.3225806452,True,separated_utc_time_competition_score_alias,OK,True,True,True,NO_PUBLIC_XG
202324-0239,LIVE_REFRESH_VERIFIED,False,False,False,OK,2,4287910,9977,10107,LASK,Zrinjski Mostar,1,1,1,0.3095238095,True,utc_time_competition_score_high_confidence_name,OK,True,True,True,ACCEPTED
202324-0079,LIVE_REFRESH_VERIFIED,False,False,False,OK,1,4287888,10192,10185,Young Boys,Maccabi Haifa,1,1,1,0,True,utc_time_competition_score_high_confidence_name,OK,True,True,True,ACCEPTED
202324-0085,LIVE_REFRESH_VERIFIED,False,False,False,OK,1,4287894,8637,9917,Galatasaray,Molde,1,1,1,0,True,utc_time_competition_score_high_confidence_name,OK,True,True,True,ACCEPTED
202324-0089,LIVE_REFRESH_VERIFIED,False,False,False,OK,1,4287898,10200,10264,Panathinaikos,Braga,1,0.5263157895,0.7631578947,0,True,unique_utc_time_competition_score_alias,OK,True,True,True,ACCEPTED
202324-0081,LIVE_REFRESH_VERIFIED,False,False,False,OK,1,4287890,8563,9988,AEK Athens,Royal Antwerp,1,1,1,0,True,utc_time_competition_score_high_confidence_name,OK,True,True,True,ACCEPTED
202324-0083,LIVE_REFRESH_VERIFIED,False,False,False,OK,1,4287892,8391,4024,FC København,Rakow Czestochowa,1,1,1,0,True,utc_time_competition_score_high_confidence_name,OK,True,True,True,ACCEPTED
202324-0087,LIVE_REFRESH_VERIFIED,False,False,False,OK,1,4287896,8640,8548,PSV Eindhoven,Rangers,1,0.6363636364,0.8181818182,0,True,unique_utc_time_competition_score_alias,OK,True,True,True,ACCEPTED
202324-0244,LIVE_REFRESH_VERIFIED,False,False,False,OK,2,4287922,7981,7872,Qarabag FK,Olimpija Ljubljana,1,1,1,0.1818181818,True,utc_time_competition_score_high_confidence_name,OK,True,True,True,NO_PUBLIC_XG
202324-0625,LIVE_REFRESH_VERIFIED,False,False,False,OK,1,4287964,8402,583706,Bodø/Glimt,Sepsi OSK,1,1,1,0,True,utc_time_competition_score_high_confidence_name,OK,True,True,True,NO_PUBLIC_XG
202324-0663,LIVE_REFRESH_VERIFIED,False,False,False,OK,3,4287951,9861,210132,HJK,FCV Farul Constanta,0.4,0.8823529412,0.6411764706,0.2563636364,True,separated_utc_time_competition_score_alias,OK,True,True,True,NO_PUBLIC_XG
202324-0661,LIVE_REFRESH_VERIFIED,False,False,False,OK,4,4287950,8332,866489,Breidablik,FK Struga,1,1,1,0.2810457516,True,utc_time_competition_score_high_confidence_name,OK,True,True,True,NO_PUBLIC_XG
202324-0230,LIVE_REFRESH_VERIFIED,False,False,False,OK,2,4287915,7770,7787,Zorya,Slavia Prague,0.5555555556,0.8,0.6777777778,0.25,True,separated_utc_time_competition_score_alias,OK,True,True,True,NO_PUBLIC_XG
202324-0242,LIVE_REFRESH_VERIFIED,False,False,False,OK,2,4287921,9729,8106,FC Sheriff,Klaksvik,0.6086956522,0.8421052632,0.7254004577,0.2619047619,True,separated_utc_time_competition_score_alias,OK,True,True,True,NO_PUBLIC_XG
202324-0246,LIVE_REFRESH_VERIFIED,False,False,False,OK,1,4287923,2136,6019,Aris Limassol,Slovan Bratislava,1,1,1,0,True,utc_time_competition_score_high_confidence_name,OK,True,True,True,NO_PUBLIC_XG
202324-0248,LIVE_REFRESH_VERIFIED,False,False,False,OK,1,4287924,10247,10156,Sparta Prague,Dinamo Zagreb,0.8,1,0.9,0,True,utc_time_competition_score_high_confidence_name,OK,True,True,True,ACCEPTED
202324-0629,LIVE_REFRESH_VERIFIED,False,False,False,OK,2,4287967,8611,8695,FC Twente,Fenerbahçe,0.5714285714,1,0.7857142857,0.2331378299,True,separated_utc_time_competition_score_alias,OK,True,True,True,NO_PUBLIC_XG
202324-0631,LIVE_REFRESH_VERIFIED,False,False,False,OK,2,4287954,8621,9991,APOEL Nicosia,Gent,1,0.7272727273,0.8636363636,0.3333333333,True,utc_time_competition_score_high_confidence_name,OK,True,True,True,NO_PUBLIC_XG
202324-0633,LIVE_REFRESH_VERIFIED,False,False,False,OK,3,4287965,6033,7983,Viktoria Plzen,Tobol Kostanay,1,0.8571428571,0.9285714286,0.2533333333,True,utc_time_competition_score_high_confidence_name,OK,True,True,True,NO_PUBLIC_XG
202324-0645,LIVE_REFRESH_VERIFIED,False,False,False,OK,1,4287969,8468,10229,Brann,AZ Alkmaar,0.5882352941,1,0.7941176471,0,True,unique_utc_time_competition_score_alias,OK,True,True,True,NO_PUBLIC_XG
202324-0649,LIVE_REFRESH_VERIFIED,False,False,False,OK,1,4287960,8619,9860,PAOK Thessaloniki FC,Hearts,1,1,1,0,True,utc_time_competition_score_high_confidence_name,OK,True,True,True,NO_PUBLIC_XG
202324-0232,LIVE_REFRESH_VERIFIED,False,False,False,OK,1,4287916,6374,8638,Cukaricki,Olympiacos,0.6666666667,0.6428571429,0.6547619048,0,True,unique_utc_time_competition_score_alias,OK,True,True,True,ACCEPTED
202324-0236,LIVE_REFRESH_VERIFIED,False,False,False,OK,2,4287918,8593,210173,Ajax,Ludogorets Razgrad,1,1,1,0.1857142857,True,utc_time_competition_score_high_confidence_name,OK,True,True,True,ACCEPTED
202324-0637,LIVE_REFRESH_VERIFIED,False,False,False,OK,4,4287968,10188,8688,Beşiktaş,Dynamo Kyiv,1,1,1,0.2810457516,True,utc_time_competition_score_high_confidence_name,OK,True,True,True,NO_PUBLIC_XG
202324-0639,LIVE_REFRESH_VERIFIED,False,False,False,OK,2,4287955,883952,4662,SC Dnipro-1,Spartak Trnava,1,1,1,0.1984126984,True,utc_time_competition_score_high_confidence_name,OK,True,True,True,NO_PUBLIC_XG
202324-0643,LIVE_REFRESH_VERIFIED,False,False,False,OK,4,4287958,1926,9987,Adana Demirspor,Genk,1,1,1,0.2314814815,True,utc_time_competition_score_high_confidence_name,OK,True,True,True,NO_PUBLIC_XG
202324-0647,LIVE_REFRESH_VERIFIED,False,False,False,OK,3,4287959,8535,10015,Fiorentina,Rapid Wien,1,1,1,0.1833855799,True,utc_time_competition_score_high_confidence_name,OK,True,True,True,NO_PUBLIC_XG
202324-0655,LIVE_REFRESH_VERIFIED,False,False,False,OK,4,4287963,4622,7855,NK Celje,Maccabi Tel Aviv,1,1,1,0.2770562771,True,utc_time_competition_score_high_confidence_name,OK,True,True,True,NO_PUBLIC_XG
202324-0657,LIVE_REFRESH_VERIFIED,False,False,False,OK,4,4287948,10063,952668,BATE Borisov,Ballkani,1,1,1,0.3078947368,True,utc_time_competition_score_high_confidence_name,OK,True,True,True,NO_PUBLIC_XG
202324-0659,LIVE_REFRESH_VERIFIED,False,False,False,OK,3,4287949,8222,4616,Ferencvaros,Zalgiris Vilnius,1,1,1,0.2963636364,True,utc_time_competition_score_high_confidence_name,OK,True,True,True,NO_PUBLIC_XG
202324-0665,LIVE_REFRESH_VERIFIED,False,False,False,OK,4,4287952,10028,166865,Partizani,FC Astana,0.72,1,0.86,0.3431372549,True,utc_time_competition_score_high_confidence_name,OK,True,True,True,NO_PUBLIC_XG
202324-0635,LIVE_REFRESH_VERIFIED,False,False,False,OK,4,4287957,10162,8639,Rijeka,Lille,1,0.7142857143,0.8571428571,0.2666666667,True,utc_time_competition_score_high_confidence_name,OK,True,True,True,NO_PUBLIC_XG
202324-0234,LIVE_REFRESH_VERIFIED,False,False,False,OK,2,4287917,7896,7978,Lugano,Union St.Gilloise,1,0.9189189189,0.9594594595,0.2315789474,True,utc_time_competition_score_high_confidence_name,OK,True,True,True,ACCEPTED
202324-0623,LIVE_REFRESH_VERIFIED,False,False,False,OK,3,4287953,9810,8632,Eintracht Frankfurt,Levski Sofia,1,1,1,0.1876832845,True,utc_time_competition_score_high_confidence_name,OK,True,True,True,NO_PUBLIC_XG
202324-0653,LIVE_REFRESH_VERIFIED,False,False,False,OK,1,4287962,8342,8371,Club Brugge,Osasuna,1,1,1,0,True,utc_time_competition_score_high_confidence_name,OK,True,True,True,NO_PUBLIC_XG
202324-0238,LIVE_REFRESH_VERIFIED,False,False,False,OK,1,4287919,8485,8428,Aberdeen,Häcken,1,0.8,0.9,0,True,utc_time_competition_score_high_confidence_name,OK,True,True,True,ACCEPTED
202324-0240,LIVE_REFRESH_VERIFIED,False,False,False,OK,2,4287920,10107,9977,Zrinjski Mostar,LASK,1,1,1,0.1818181818,True,utc_time_competition_score_high_confidence_name,OK,True,True,True,ACCEPTED
202324-0627,LIVE_REFRESH_VERIFIED,False,False,False,OK,4,4287956,8673,8113,Legia Warszawa,Midtjylland,0.9230769231,1,0.9615384615,0.3193277311,True,utc_time_competition_score_high_confidence_name,OK,True,True,True,NO_PUBLIC_XG
202324-0641,LIVE_REFRESH_VERIFIED,False,False,False,OK,3,4287966,10252,10251,Aston Villa,Hibernian,1,1,1,0.2509090909,True,utc_time_competition_score_high_confidence_name,OK,True,True,True,NO_PUBLIC_XG
202324-0651,LIVE_REFRESH_VERIFIED,False,False,False,OK,2,4287961,7998,10202,Partizan Beograd,Nordsjælland,0.9090909091,1,0.9545454545,0.266798419,True,utc_time_competition_score_high_confidence_name,OK,True,True,True,NO_PUBLIC_XG
202324-0100,LIVE_REFRESH_VERIFIED,False,False,False,OK,5,4315044,8564,10261,Milan,Newcastle United,1,1,1,0.3538461538,True,utc_time_competition_score_high_confidence_name,OK,True,True,True,ACCEPTED
202324-0102,LIVE_REFRESH_VERIFIED,False,False,False,OK,3,4314972,10192,178475,Young Boys,RB Leipzig,1,1,1,0.1820512821,True,utc_time_competition_score_high_confidence_name,OK,True,True,True,ACCEPTED
202324-0098,LIVE_REFRESH_VERIFIED,False,False,False,OK,2,4315033,10235,9925,Feyenoord,Celtic,1,1,1,0.1149068323,True,utc_time_competition_score_high_confidence_name,OK,True,True,True,ACCEPTED
202324-0099,LIVE_REFRESH_VERIFIED,False,False,False,OK,4,4315032,8543,9906,Lazio,Atletico Madrid,1,1,1,0.3100961538,True,utc_time_competition_score_high_confidence_name,OK,True,True,True,ACCEPTED
202324-0101,LIVE_REFRESH_VERIFIED,False,False,False,OK,2,4315045,9847,9789,Paris Saint-Germain,Borussia Dortmund,1,1,1,0.07919254658,True,utc_time_competition_score_high_confidence_name,OK,True,True,True,ACCEPTED
202324-0103,LIVE_REFRESH_VERIFIED,False,False,False,OK,2,4314973,8456,8687,Manchester City,FK Crvena Zvezda,1,1,1,0.2118226601,True,utc_time_competition_score_high_confidence_name,OK,True,True,True,ACCEPTED
202324-0104,LIVE_REFRESH_VERIFIED,False,False,False,OK,1,4314984,8634,9988,Barcelona,Royal Antwerp,1,1,1,0,True,utc_time_competition_score_high_confidence_name,OK,True,True,True,ACCEPTED
202324-0105,LIVE_REFRESH_VERIFIED,False,False,False,OK,3,4314985,9728,9773,Shakhtar Donetsk,FC Porto,1,1,1,0.1952380952,True,utc_time_competition_score_high_confidence_name,OK,True,True,True,ACCEPTED
202324-0667,LIVE_REFRESH_VERIFIED,False,False,False,OK,1,4315343,8639,7872,Lille,Olimpija Ljubljana,0.7142857143,1,0.8571428571,0,True,utc_time_competition_score_high_confidence_name,OK,True,True,True,ACCEPTED
202324-0091,LIVE_REFRESH_VERIFIED,False,False,False,OK,2,4314997,8637,8391,Galatasaray,FC København,1,1,1,0.2182539683,True,utc_time_competition_score_high_confidence_name,OK,True,True,True,ACCEPTED
202324-0094,LIVE_REFRESH_VERIFIED,False,False,False,OK,2,4315008,8633,8149,Real Madrid,Union Berlin,1,1,1,0.1833333333,True,utc_time_competition_score_high_confidence_name,OK,True,True,True,ACCEPTED
202324-0090,LIVE_REFRESH_VERIFIED,False,False,False,OK,1,4314996,9823,10260,Bayern München,Manchester United,1,1,1,0,True,utc_time_competition_score_high_confidence_name,OK,True,True,True,ACCEPTED
202324-0092,LIVE_REFRESH_VERIFIED,False,False,False,OK,3,4315021,8302,8588,Sevilla,Lens,1,0.7272727273,0.8636363636,0.2575757576,True,utc_time_competition_score_high_confidence_name,OK,True,True,True,ACCEPTED
202324-0093,LIVE_REFRESH_VERIFIED,False,False,False,OK,1,4315020,9825,8640,Arsenal,PSV Eindhoven,1,1,1,0,True,utc_time_competition_score_high_confidence_name,OK,True,True,True,ACCEPTED
202324-0095,LIVE_REFRESH_VERIFIED,False,False,False,OK,2,4315009,10264,9875,Braga,Napoli,0.5263157895,1,0.7631578947,0.2467741935,True,separated_utc_time_competition_score_alias,OK,True,True,True,ACCEPTED
202324-0096,LIVE_REFRESH_VERIFIED,False,False,False,OK,3,4315057,8560,8636,Real Sociedad,Inter,1,0.5263157895,0.7631578947,0.214559387,True,separated_utc_time_competition_score_alias,OK,True,True,True,ACCEPTED
202324-0097,LIVE_REFRESH_VERIFIED,False,False,False,OK,2,4315056,9772,10013,Benfica,Salzburg,1,1,1,0.3051470588,True,utc_time_competition_score_high_confidence_name,OK,True,True,True,ACCEPTED
202324-0257,LIVE_REFRESH_VERIFIED,False,False,False,OK,1,4315081,9977,8650,LASK,Liverpool,1,1,1,0,True,utc_time_competition_score_high_confidence_name,OK,True,True,True,ACCEPTED
202324-0258,LIVE_REFRESH_VERIFIED,False,False,False,OK,1,4315082,7978,9941,Union St.Gilloise,Toulouse,0.9189189189,1,0.9594594595,0,True,utc_time_competition_score_high_confidence_name,OK,True,True,True,ACCEPTED
202324-0259,LIVE_REFRESH_VERIFIED,False,False,False,OK,2,4315142,10200,10205,Panathinaikos,Villarreal,1,1,1,0.253968254,True,utc_time_competition_score_high_confidence_name,OK,True,True,True,ACCEPTED
202324-0260,LIVE_REFRESH_VERIFIED,False,False,False,OK,1,4315141,9851,10185,Rennes,Maccabi Haifa,0.5263157895,1,0.7631578947,0,True,unique_utc_time_competition_score_alias,OK,True,True,True,ACCEPTED
202324-0261,LIVE_REFRESH_VERIFIED,False,False,False,OK,2,4315105,9729,8686,FC Sheriff,Roma,0.6086956522,0.7272727273,0.6679841897,0.3034188034,True,separated_utc_time_competition_score_alias,OK,True,True,True,ACCEPTED
202324-0262,LIVE_REFRESH_VERIFIED,False,False,False,OK,1,4315106,9777,7787,Servette,Slavia Prague,0.6956521739,0.8,0.747826087,0,True,unique_utc_time_competition_score_alias,OK,True,True,True,ACCEPTED
202324-0263,LIVE_REFRESH_VERIFIED,False,False,False,OK,2,4315154,7981,9917,Qarabag FK,Molde,1,1,1,0.3476190476,True,utc_time_competition_score_high_confidence_name,OK,True,True,True,ACCEPTED
202324-0264,LIVE_REFRESH_VERIFIED,False,False,False,OK,1,4315153,8178,8428,Bayer Leverkusen,Häcken,1,0.8,0.9,0,True,utc_time_competition_score_high_confidence_name,OK,True,True,True,ACCEPTED
202324-0674,LIVE_REFRESH_VERIFIED,False,False,False,OK,1,4315319,10107,10229,Zrinjski Mostar,AZ Alkmaar,1,1,1,0,True,utc_time_competition_score_high_confidence_name,OK,True,True,True,ACCEPTED
202324-0675,LIVE_REFRESH_VERIFIED,False,False,False,OK,2,4315332,8673,10252,Legia Warszawa,Aston Villa,0.9230769231,1,0.9615384615,0.1666666667,True,utc_time_competition_score_high_confidence_name,OK,True,True,True,ACCEPTED
202324-0676,LIVE_REFRESH_VERIFIED,False,False,False,OK,1,4315320,9987,8535,Genk,Fiorentina,1,1,1,0,True,utc_time_competition_score_high_confidence_name,OK,True,True,True,ACCEPTED
202324-0677,LIVE_REFRESH_VERIFIED,False,False,False,OK,2,4315337,8222,6374,Ferencvaros,Cukaricki,1,0.6666666667,0.8333333333,0.2571428571,True,separated_utc_time_competition_score_alias,OK,True,True,True,ACCEPTED
202324-0678,LIVE_REFRESH_VERIFIED,False,False,False,OK,2,4315349,9810,8485,Eintracht Frankfurt,Aberdeen,1,1,1,0.2013888889,True,utc_time_competition_score_high_confidence_name,OK,True,True,True,ACCEPTED
202324-0679,LIVE_REFRESH_VERIFIED,False,False,False,OK,1,4315355,9861,8619,HJK,PAOK Thessaloniki FC,0.4,1,0.7,0,True,unique_utc_time_competition_score_alias,OK,True,True,True,ACCEPTED
202324-0680,LIVE_REFRESH_VERIFIED,False,False,False,OK,1,4315325,210173,4662,Ludogorets Razgrad,Spartak Trnava,1,1,1,0,True,utc_time_competition_score_high_confidence_name,OK,True,True,True,ACCEPTED
202324-0681,LIVE_REFRESH_VERIFIED,False,False,False,OK,2,4315290,8695,10202,Fenerbahçe,Nordsjælland,1,1,1,0.2380952381,True,utc_time_competition_score_high_confidence_name,OK,True,True,True,ACCEPTED
202324-0249,LIVE_REFRESH_VERIFIED,False,False,False,OK,1,4315069,8654,676140,West Ham United,TSC Backa Topola,1,1,1,0,True,utc_time_competition_score_high_confidence_name,OK,True,True,True,ACCEPTED
202324-0250,LIVE_REFRESH_VERIFIED,False,False,False,OK,2,4315070,8638,8358,Olympiacos,SC Freiburg,0.6428571429,1,0.8214285714,0.1507936508,True,separated_utc_time_competition_score_alias,OK,True,True,True,ACCEPTED
202324-0251,LIVE_REFRESH_VERIFIED,False,False,False,OK,1,4315093,8593,8592,Ajax,Marseille,1,0.6428571429,0.8214285714,0,True,unique_utc_time_competition_score_alias,OK,True,True,True,ACCEPTED
202324-0252,LIVE_REFRESH_VERIFIED,False,False,False,OK,2,4315094,10204,8563,Brighton & Hove Albion,AEK Athens,1,1,1,0.114379085,True,utc_time_competition_score_high_confidence_name,OK,True,True,True,ACCEPTED
202324-0253,LIVE_REFRESH_VERIFIED,False,False,False,OK,1,4315129,10247,2136,Sparta Prague,Aris Limassol,0.8,1,0.9,0,True,utc_time_competition_score_high_confidence_name,OK,True,True,True,ACCEPTED
202324-0254,LIVE_REFRESH_VERIFIED,False,False,False,OK,2,4315130,8548,8603,Rangers,Real Betis,0.6363636364,1,0.8181818182,0.2484848485,True,separated_utc_time_competition_score_alias,OK,True,True,True,ACCEPTED
202324-0255,LIVE_REFRESH_VERIFIED,False,False,False,OK,2,4315117,8524,4024,Atalanta,Rakow Czestochowa,1,1,1,0.2169312169,True,utc_time_competition_score_high_confidence_name,OK,True,True,True,ACCEPTED
202324-0256,LIVE_REFRESH_VERIFIED,False,False,False,OK,2,4315118,10014,9768,Sturm Graz,Sporting CP,1,0.7586206897,0.8793103448,0.1631016043,True,utc_time_competition_score_high_confidence_name,OK,True,True,True,ACCEPTED
202324-0666,LIVE_REFRESH_VERIFIED,False,False,False,OK,2,4315261,6019,8106,Slovan Bratislava,Klaksvik,1,0.8421052632,0.9210526316,0.1637426901,True,utc_time_competition_score_high_confidence_name,OK,True,True,True,ACCEPTED
202324-0668,LIVE_REFRESH_VERIFIED,False,False,False,OK,2,4315277,7770,9991,Zorya,Gent,0.5555555556,0.7272727273,0.6414141414,0.1719298246,True,separated_utc_time_competition_score_alias,OK,True,True,True,ACCEPTED
202324-0669,LIVE_REFRESH_VERIFIED,False,False,False,OK,2,4315272,7855,8332,Maccabi Tel Aviv,Breidablik,1,1,1,0.1952380952,True,utc_time_competition_score_high_confidence_name,OK,True,True,True,ACCEPTED
202324-0670,LIVE_REFRESH_VERIFIED,False,False,False,OK,1,4315266,6033,952668,Viktoria Plzen,Ballkani,1,1,1,0,True,utc_time_competition_score_high_confidence_name,OK,True,True,True,ACCEPTED
202324-0671,LIVE_REFRESH_VERIFIED,False,False,False,OK,1,4315297,10156,166865,Dinamo Zagreb,FC Astana,1,1,1,0,True,utc_time_competition_score_high_confidence_name,OK,True,True,True,ACCEPTED
202324-0672,LIVE_REFRESH_VERIFIED,False,False,False,OK,1,4315286,7896,8402,Lugano,Bodø/Glimt,1,1,1,0,True,utc_time_competition_score_high_confidence_name,OK,True,True,True,ACCEPTED
202324-0673,LIVE_REFRESH_VERIFIED,False,False,False,OK,2,4315317,8342,10188,Club Brugge,Beşiktaş,1,1,1,0.2575757576,True,utc_time_competition_score_high_confidence_name,OK,True,True,True,ACCEPTED
202324-0111,LIVE_REFRESH_VERIFIED,False,False,False,OK,4,4315010,8149,10264,Union Berlin,Braga,1,0.5263157895,0.7631578947,0.3022222222,True,separated_utc_time_competition_score_alias,OK,True,True,True,ACCEPTED
202324-0112,LIVE_REFRESH_VERIFIED,False,False,False,OK,1,4315058,10013,8560,Salzburg,Real Sociedad,1,1,1,0,True,utc_time_competition_score_high_confidence_name,OK,True,True,True,ACCEPTED
202324-0106,LIVE_REFRESH_VERIFIED,False,False,False,OK,5,4314999,8391,9823,FC København,Bayern München,1,1,1,0.3119047619,True,utc_time_competition_score_high_confidence_name,OK,True,True,True,ACCEPTED
202324-0107,LIVE_REFRESH_VERIFIED,False,False,False,OK,4,4314998,10260,8637,Manchester United,Galatasaray,1,1,1,0.3148148148,True,utc_time_competition_score_high_confidence_name,OK,True,True,True,ACCEPTED
202324-0108,LIVE_REFRESH_VERIFIED,False,False,False,OK,2,4315023,8640,8302,PSV Eindhoven,Sevilla,1,1,1,0.1742081448,True,utc_time_competition_score_high_confidence_name,OK,True,True,True,ACCEPTED
202324-0109,LIVE_REFRESH_VERIFIED,False,False,False,OK,1,4315022,8588,9825,Lens,Arsenal,0.7272727273,1,0.8636363636,0,True,utc_time_competition_score_high_confidence_name,OK,True,True,True,ACCEPTED
202324-0110,LIVE_REFRESH_VERIFIED,False,False,False,OK,4,4315011,9875,8633,Napoli,Real Madrid,1,1,1,0.4097222222,True,utc_time_competition_score_high_confidence_name,OK,True,True,True,ACCEPTED
202324-0113,LIVE_REFRESH_VERIFIED,False,False,False,OK,4,4315059,8636,9772,Inter,Benfica,0.5263157895,1,0.7631578947,0.3098039216,True,separated_utc_time_competition_score_alias,OK,True,True,True,ACCEPTED
202324-0114,LIVE_REFRESH_VERIFIED,False,False,False,OK,2,4315034,9906,10235,Atlético Madrid,Feyenoord,1,1,1,0.2629310345,True,utc_time_competition_score_high_confidence_name,OK,True,True,True,ACCEPTED
202324-0121,LIVE_REFRESH_VERIFIED,False,False,False,OK,4,4314987,9988,9728,Royal Antwerp,Shakhtar Donetsk,1,1,1,0.3148148148,True,utc_time_competition_score_high_confidence_name,OK,True,True,True,ACCEPTED
202324-0115,LIVE_REFRESH_VERIFIED,False,False,False,OK,4,4315035,9925,8543,Celtic,Lazio,1,1,1,0.2902097902,True,utc_time_competition_score_high_confidence_name,OK,True,True,True,ACCEPTED
202324-0116,LIVE_REFRESH_VERIFIED,False,False,False,OK,1,4315046,9789,8564,Borussia Dortmund,Milan,1,1,1,0,True,utc_time_competition_score_high_confidence_name,OK,True,True,True,ACCEPTED
202324-0117,LIVE_REFRESH_VERIFIED,False,False,False,OK,1,4315047,10261,9847,Newcastle United,Paris Saint-Germain,1,1,1,0,True,utc_time_competition_score_high_confidence_name,OK,True,True,True,ACCEPTED
202324-0118,LIVE_REFRESH_VERIFIED,False,False,False,OK,2,4314974,8687,10192,FK Crvena Zvezda,Young Boys,1,1,1,0.1742081448,True,utc_time_competition_score_high_confidence_name,OK,True,True,True,ACCEPTED
202324-0119,LIVE_REFRESH_VERIFIED,False,False,False,OK,1,4314975,178475,8456,RB Leipzig,Manchester City,1,1,1,0,True,utc_time_competition_score_high_confidence_name,OK,True,True,True,ACCEPTED
202324-0120,LIVE_REFRESH_VERIFIED,False,False,False,OK,2,4314986,9773,8634,FC Porto,Barcelona,1,1,1,0.2063492063,True,utc_time_competition_score_high_confidence_name,OK,True,True,True,ACCEPTED
202324-0686,LIVE_REFRESH_VERIFIED,False,False,False,OK,2,4315315,166865,6033,FC Astana,Viktoria Plzen,1,1,1,0.3333333333,True,utc_time_competition_score_high_confidence_name,OK,True,True,True,ACCEPTED
202324-0265,LIVE_REFRESH_VERIFIED,False,False,False,OK,3,4315071,8358,8654,SC Freiburg,West Ham United,1,1,1,0.3318077803,True,utc_time_competition_score_high_confidence_name,OK,True,True,True,ACCEPTED
202324-0266,LIVE_REFRESH_VERIFIED,False,False,False,OK,2,4315072,676140,8638,TSC Backa Topola,Olympiacos,1,0.6428571429,0.8214285714,0.1752380952,True,separated_utc_time_competition_score_alias,OK,True,True,True,ACCEPTED
202324-0267,LIVE_REFRESH_VERIFIED,False,False,False,OK,1,4315096,8563,8593,AEK Athens,Ajax,1,1,1,0,True,utc_time_competition_score_high_confidence_name,OK,True,True,True,ACCEPTED
202324-0268,LIVE_REFRESH_VERIFIED,False,False,False,OK,2,4315095,8592,10204,Marseille,Brighton & Hove Albion,0.6428571429,1,0.8214285714,0.1445378151,True,separated_utc_time_competition_score_alias,OK,True,True,True,ACCEPTED
202324-0269,LIVE_REFRESH_VERIFIED,False,False,False,OK,2,4315131,8603,10247,Real Betis,Sparta Prague,1,0.8,0.9,0.2356979405,True,utc_time_competition_score_high_confidence_name,OK,True,True,True,ACCEPTED
202324-0270,LIVE_REFRESH_VERIFIED,False,False,False,OK,2,4315132,2136,8548,Aris Limassol,Rangers,1,0.6363636364,0.8181818182,0.3447204969,True,separated_utc_time_competition_score_alias,OK,True,True,True,ACCEPTED
202324-0271,LIVE_REFRESH_VERIFIED,False,False,False,OK,3,4315119,9768,8524,Sporting CP,Atalanta,0.7586206897,1,0.8793103448,0.2119565217,True,utc_time_competition_score_high_confidence_name,OK,True,True,True,ACCEPTED
202324-0272,LIVE_REFRESH_VERIFIED,False,False,False,OK,2,4315120,4024,10014,Rakow Czestochowa,Sturm Graz,1,1,1,0.2480818414,True,utc_time_competition_score_high_confidence_name,OK,True,True,True,ACCEPTED
202324-0682,LIVE_REFRESH_VERIFIED,False,False,False,OK,3,4315283,7872,6019,Olimpija Ljubljana,Slovan Bratislava,1,1,1,0.2351046699,True,utc_time_competition_score_high_confidence_name,OK,True,True,True,ACCEPTED
202324-0683,LIVE_REFRESH_VERIFIED,False,False,False,OK,1,4315265,8106,8639,Klaksvik,Lille,0.8421052632,0.7142857143,0.7781954887,0,True,unique_utc_time_competition_score_alias,OK,True,True,True,ACCEPTED
202324-0684,LIVE_REFRESH_VERIFIED,False,False,False,OK,3,4315276,8332,7770,Breidablik,Zorya,1,0.5555555556,0.7777777778,0.3157894737,True,separated_utc_time_competition_score_alias,OK,True,True,True,ACCEPTED
202324-0685,LIVE_REFRESH_VERIFIED,False,False,False,OK,2,4315282,9991,7855,Gent,Maccabi Tel Aviv,0.7272727273,1,0.8636363636,0.3034482759,True,utc_time_competition_score_high_confidence_name,OK,True,True,True,ACCEPTED
202324-0687,LIVE_REFRESH_VERIFIED,False,False,False,OK,2,4315314,952668,10156,Ballkani,Dinamo Zagreb,1,1,1,0.1522988506,True,utc_time_competition_score_high_confidence_name,OK,True,True,True,ACCEPTED
202324-0688,LIVE_REFRESH_VERIFIED,False,False,False,OK,1,4315268,10188,7896,Beşiktaş,Lugano,1,1,1,0,True,utc_time_competition_score_high_confidence_name,OK,True,True,True,ACCEPTED
202324-0689,LIVE_REFRESH_VERIFIED,False,False,False,OK,3,4315307,8402,8342,Bodø/Glimt,Club Brugge,1,1,1,0.3014354067,True,utc_time_competition_score_high_confidence_name,OK,True,True,True,ACCEPTED
202324-0273,LIVE_REFRESH_VERIFIED,False,False,False,OK,2,4315084,9941,9977,Toulouse,LASK,1,1,1,0.2111111111,True,utc_time_competition_score_high_confidence_name,OK,True,True,True,ACCEPTED
202324-0274,LIVE_REFRESH_VERIFIED,False,False,False,OK,1,4315083,8650,7978,Liverpool,Union St.Gilloise,1,0.9189189189,0.9594594595,0,True,utc_time_competition_score_high_confidence_name,OK,True,True,True,ACCEPTED
202324-0275,LIVE_REFRESH_VERIFIED,False,False,False,OK,1,4315144,10185,10200,Maccabi Haifa,Panathinaikos,1,1,1,0,True,utc_time_competition_score_high_confidence_name,OK,True,True,True,ACCEPTED
202324-0276,LIVE_REFRESH_VERIFIED,False,False,False,OK,2,4315143,10205,9851,Villarreal,Rennes,1,0.5263157895,0.7631578947,0.1699346405,True,separated_utc_time_competition_score_alias,OK,True,True,True,ACCEPTED
202324-0277,LIVE_REFRESH_VERIFIED,False,False,False,OK,1,4315108,7787,9729,Slavia Prague,FC Sheriff,0.8,0.6086956522,0.7043478261,0,True,unique_utc_time_competition_score_alias,OK,True,True,True,ACCEPTED
202324-0278,LIVE_REFRESH_VERIFIED,False,False,False,OK,1,4315107,8686,9777,Roma,Servette,0.7272727273,0.6956521739,0.7114624506,0,True,unique_utc_time_competition_score_alias,OK,True,True,True,ACCEPTED
202324-0279,LIVE_REFRESH_VERIFIED,False,False,False,OK,2,4315156,8428,7981,Häcken,Qarabag FK,0.8,1,0.9,0.2714932127,True,utc_time_competition_score_high_confidence_name,OK,True,True,True,ACCEPTED
202324-0280,LIVE_REFRESH_VERIFIED,False,False,False,OK,3,4315155,9917,8178,Molde,Bayer Leverkusen,1,1,1,0.1875,True,utc_time_competition_score_high_confidence_name,OK,True,True,True,ACCEPTED
202324-0690,LIVE_REFRESH_VERIFIED,False,False,False,OK,2,4315302,10252,10107,Aston Villa,Zrinjski Mostar,1,1,1,0.328407225,True,utc_time_competition_score_high_confidence_name,OK,True,True,True,ACCEPTED
202324-0691,LIVE_REFRESH_VERIFIED,False,False,False,OK,2,4315288,10229,8673,AZ Alkmaar,Legia Warszawa,1,0.9230769231,0.9615384615,0.291005291,True,utc_time_competition_score_high_confidence_name,OK,True,True,True,ACCEPTED
202324-0692,LIVE_REFRESH_VERIFIED,False,False,False,OK,1,4315340,6374,9987,Cukaricki,Genk,0.6666666667,1,0.8333333333,0,True,unique_utc_time_competition_score_alias,OK,True,True,True,ACCEPTED
202324-0693,LIVE_REFRESH_VERIFIED,False,False,False,OK,1,4315339,8535,8222,Fiorentina,Ferencvaros,1,1,1,0,True,utc_time_competition_score_high_confidence_name,OK,True,True,True,ACCEPTED
202324-0694,LIVE_REFRESH_VERIFIED,False,False,False,OK,1,4315351,8619,9810,PAOK Thessaloniki FC,Eintracht Frankfurt,1,1,1,0,True,utc_time_competition_score_high_confidence_name,OK,True,True,True,ACCEPTED
202324-0695,LIVE_REFRESH_VERIFIED,False,False,False,OK,1,4315352,8485,9861,Aberdeen,HJK,1,0.4,0.7,0,True,unique_utc_time_competition_score_alias,OK,True,True,True,ACCEPTED
202324-0696,LIVE_REFRESH_VERIFIED,False,False,False,OK,1,4315329,10202,210173,Nordsjælland,Ludogorets Razgrad,1,1,1,0,True,utc_time_competition_score_high_confidence_name,OK,True,True,True,ACCEPTED
202324-0697,LIVE_REFRESH_VERIFIED,False,False,False,OK,2,4315328,4662,8695,Spartak Trnava,Fenerbahçe,1,1,1,0.3333333333,True,utc_time_competition_score_high_confidence_name,OK,True,True,True,ACCEPTED
202324-0123,LIVE_REFRESH_VERIFIED,False,False,False,OK,3,4315001,8637,9823,Galatasaray,Bayern München,1,1,1,0.2676518883,True,utc_time_competition_score_high_confidence_name,OK,True,True,True,ACCEPTED
202324-0128,LIVE_REFRESH_VERIFIED,False,False,False,OK,4,4315060,8636,10013,Inter,Salzburg,0.5263157895,1,0.7631578947,0.3151364764,True,separated_utc_time_competition_score_alias,OK,True,True,True,ACCEPTED
202324-0122,LIVE_REFRESH_VERIFIED,False,False,False,OK,3,4315000,10260,8391,Manchester United,FC København,1,1,1,0.2621082621,True,utc_time_competition_score_high_confidence_name,OK,True,True,True,ACCEPTED
202324-0124,LIVE_REFRESH_VERIFIED,False,False,False,OK,1,4315025,8588,8640,Lens,PSV Eindhoven,0.7272727273,1,0.8636363636,0,True,utc_time_competition_score_high_confidence_name,OK,True,True,True,ACCEPTED
202324-0125,LIVE_REFRESH_VERIFIED,False,False,False,OK,3,4315024,8302,9825,Sevilla,Arsenal,1,1,1,0.3055555556,True,utc_time_competition_score_high_confidence_name,OK,True,True,True,ACCEPTED
202324-0126,LIVE_REFRESH_VERIFIED,False,False,False,OK,3,4315013,8149,9875,Union Berlin,Napoli,1,1,1,0.3157894737,True,utc_time_competition_score_high_confidence_name,OK,True,True,True,ACCEPTED
202324-0127,LIVE_REFRESH_VERIFIED,False,False,False,OK,3,4315012,10264,8633,Braga,Real Madrid,0.5263157895,1,0.7631578947,0.3650793651,True,separated_utc_time_competition_score_alias,OK,True,True,True,ACCEPTED
202324-0129,LIVE_REFRESH_VERIFIED,False,False,False,OK,3,4315061,9772,8560,Benfica,Real Sociedad,1,1,1,0.3157894737,True,utc_time_competition_score_high_confidence_name,OK,True,True,True,ACCEPTED
202324-0131,LIVE_REFRESH_VERIFIED,False,False,False,OK,3,4315037,10235,8543,Feyenoord,Lazio,1,1,1,0.3102766798,True,utc_time_competition_score_high_confidence_name,OK,True,True,True,ACCEPTED
202324-0137,LIVE_REFRESH_VERIFIED,False,False,False,OK,3,4314988,8634,9728,Barcelona,Shakhtar Donetsk,1,1,1,0.3741258741,True,utc_time_competition_score_high_confidence_name,OK,True,True,True,ACCEPTED
202324-0130,LIVE_REFRESH_VERIFIED,False,False,False,OK,1,4315036,9925,9906,Celtic,Atlético Madrid,1,1,1,0,True,utc_time_competition_score_high_confidence_name,OK,True,True,True,ACCEPTED
202324-0132,LIVE_REFRESH_VERIFIED,False,False,False,OK,3,4315048,10261,9789,Newcastle United,Borussia Dortmund,1,1,1,0.2637681159,True,utc_time_competition_score_high_confidence_name,OK,True,True,True,ACCEPTED
202324-0133,LIVE_REFRESH_VERIFIED,False,False,False,OK,4,4315049,9847,8564,Paris Saint-Germain,Milan,1,1,1,0.2732732733,True,utc_time_competition_score_high_confidence_name,OK,True,True,True,ACCEPTED
202324-0134,LIVE_REFRESH_VERIFIED,False,False,False,OK,3,4314977,178475,8687,RB Leipzig,FK Crvena Zvezda,1,1,1,0.2159887798,True,utc_time_competition_score_high_confidence_name,OK,True,True,True,ACCEPTED
202324-0135,LIVE_REFRESH_VERIFIED,False,False,False,OK,2,4314976,10192,8456,Young Boys,Manchester City,1,1,1,0.2200328407,True,utc_time_competition_score_high_confidence_name,OK,True,True,True,ACCEPTED
202324-0136,LIVE_REFRESH_VERIFIED,False,False,False,OK,1,4314989,9988,9773,Royal Antwerp,FC Porto,1,1,1,0,True,utc_time_competition_score_high_confidence_name,OK,True,True,True,ACCEPTED
202324-0281,LIVE_REFRESH_VERIFIED,False,False,False,OK,1,4315074,676140,8358,TSC Backa Topola,SC Freiburg,1,1,1,0,True,utc_time_competition_score_high_confidence_name,OK,True,True,True,ACCEPTED
202324-0282,LIVE_REFRESH_VERIFIED,False,False,False,OK,2,4315073,8638,8654,Olympiacos,West Ham United,0.6428571429,1,0.8214285714,0.1954887218,True,separated_utc_time_competition_score_alias,OK,True,True,True,ACCEPTED
202324-0283,LIVE_REFRESH_VERIFIED,False,False,False,OK,1,4315097,8592,8563,Marseille,AEK Athens,0.6428571429,1,0.8214285714,0,True,unique_utc_time_competition_score_alias,OK,True,True,True,ACCEPTED
202324-0285,LIVE_REFRESH_VERIFIED,False,False,False,OK,1,4315134,2136,8603,Aris Limassol,Real Betis,1,1,1,0,True,utc_time_competition_score_high_confidence_name,OK,True,True,True,ACCEPTED
202324-0286,LIVE_REFRESH_VERIFIED,False,False,False,OK,1,4315133,10247,8548,Sparta Prague,Rangers,0.8,0.6363636364,0.7181818182,0,True,unique_utc_time_competition_score_alias,OK,True,True,True,ACCEPTED
202324-0287,LIVE_REFRESH_VERIFIED,False,False,False,OK,2,4315121,4024,9768,Rakow Czestochowa,Sporting CP,1,0.7586206897,0.8793103448,0.1570512821,True,utc_time_competition_score_high_confidence_name,OK,True,True,True,ACCEPTED
202324-0288,LIVE_REFRESH_VERIFIED,False,False,False,OK,1,4315122,10014,8524,Sturm Graz,Atalanta,1,1,1,0,True,utc_time_competition_score_high_confidence_name,OK,True,True,True,ACCEPTED
202324-0295,LIVE_REFRESH_VERIFIED,False,False,False,OK,3,4315157,9917,8428,Molde,Häcken,1,0.8,0.9,0.2202380952,True,utc_time_competition_score_high_confidence_name,OK,True,True,True,ACCEPTED
202324-0698,LIVE_REFRESH_VERIFIED,False,False,False,OK,1,4315294,8106,7872,Klaksvik,Olimpija Ljubljana,0.8421052632,1,0.9210526316,0,True,utc_time_competition_score_high_confidence_name,OK,True,True,True,ACCEPTED
202324-0699,LIVE_REFRESH_VERIFIED,False,False,False,OK,1,4315260,8639,6019,Lille,Slovan Bratislava,0.7142857143,1,0.8571428571,0,True,utc_time_competition_score_high_confidence_name,OK,True,True,True,ACCEPTED
202324-0700,LIVE_REFRESH_VERIFIED,False,False,False,OK,1,4315273,9991,8332,Gent,Breidablik,0.7272727273,1,0.8636363636,0,True,utc_time_competition_score_high_confidence_name,OK,True,True,True,ACCEPTED
202324-0702,LIVE_REFRESH_VERIFIED,False,False,False,OK,2,4315312,952668,166865,Ballkani,FC Astana,1,1,1,0.2434782609,True,utc_time_competition_score_high_confidence_name,OK,True,True,True,ACCEPTED
202324-0705,LIVE_REFRESH_VERIFIED,False,False,False,OK,1,4315299,7896,8342,Lugano,Club Brugge,1,1,1,0,True,utc_time_competition_score_high_confidence_name,OK,True,True,True,ACCEPTED
202324-0706,LIVE_REFRESH_VERIFIED,False,False,False,OK,1,4315300,10229,10252,AZ Alkmaar,Aston Villa,1,1,1,0,True,utc_time_competition_score_high_confidence_name,OK,True,True,True,ACCEPTED
202324-0713,LIVE_REFRESH_VERIFIED,False,False,False,OK,2,4315321,8695,210173,Fenerbahçe,Ludogorets Razgrad,1,1,1,0.1680161943,True,utc_time_competition_score_high_confidence_name,OK,True,True,True,ACCEPTED
202324-0284,LIVE_REFRESH_VERIFIED,False,False,False,OK,2,4315098,10204,8593,Brighton & Hove Albion,Ajax,1,1,1,0.224789916,True,utc_time_competition_score_high_confidence_name,OK,True,True,True,ACCEPTED
202324-0289,LIVE_REFRESH_VERIFIED,False,False,False,OK,3,4315086,8650,9941,Liverpool,Toulouse,1,1,1,0.2142857143,True,utc_time_competition_score_high_confidence_name,OK,True,True,True,ACCEPTED
202324-0290,LIVE_REFRESH_VERIFIED,False,False,False,OK,2,4315085,7978,9977,Union St.Gilloise,LASK,0.9189189189,1,0.9594594595,0.1526315789,True,utc_time_competition_score_high_confidence_name,OK,True,True,True,ACCEPTED
202324-0292,LIVE_REFRESH_VERIFIED,False,False,False,OK,1,4315145,10200,9851,Panathinaikos,Rennes,1,0.5263157895,0.7631578947,0,True,unique_utc_time_competition_score_alias,OK,True,True,True,ACCEPTED
202324-0293,LIVE_REFRESH_VERIFIED,False,False,False,OK,2,4315109,8686,7787,Roma,Slavia Prague,0.7272727273,0.8,0.7636363636,0.2540322581,True,separated_utc_time_competition_score_alias,OK,True,True,True,ACCEPTED
202324-0294,LIVE_REFRESH_VERIFIED,False,False,False,OK,2,4315110,9729,9777,FC Sheriff,Servette,0.6086956522,0.6956521739,0.652173913,0.2750582751,True,separated_utc_time_competition_score_alias,OK,True,True,True,ACCEPTED
202324-0296,LIVE_REFRESH_VERIFIED,False,False,False,OK,3,4315158,8178,7981,Bayer Leverkusen,Qarabag FK,1,1,1,0.16,True,utc_time_competition_score_high_confidence_name,OK,True,True,True,ACCEPTED
202324-0703,LIVE_REFRESH_VERIFIED,False,False,False,OK,1,4315281,10156,6033,Dinamo Zagreb,Viktoria Plzen,1,1,1,0,True,utc_time_competition_score_high_confidence_name,OK,True,True,True,ACCEPTED
202324-0704,LIVE_REFRESH_VERIFIED,False,False,False,OK,2,4315284,8402,10188,Bodø/Glimt,Beşiktaş,1,1,1,0.1680161943,True,utc_time_competition_score_high_confidence_name,OK,True,True,True,ACCEPTED
202324-0707,LIVE_REFRESH_VERIFIED,False,False,False,OK,2,4315306,10107,8673,Zrinjski Mostar,Legia Warszawa,1,0.9230769231,0.9615384615,0.2101449275,True,utc_time_competition_score_high_confidence_name,OK,True,True,True,ACCEPTED
202324-0708,LIVE_REFRESH_VERIFIED,False,False,False,OK,2,4315336,8535,6374,Fiorentina,Cukaricki,1,0.6666666667,0.8333333333,0.1855500821,True,separated_utc_time_competition_score_alias,OK,True,True,True,ACCEPTED
202324-0709,LIVE_REFRESH_VERIFIED,False,False,False,OK,1,4315341,9987,8222,Genk,Ferencvaros,1,1,1,0,True,utc_time_competition_score_high_confidence_name,OK,True,True,True,ACCEPTED
202324-0710,LIVE_REFRESH_VERIFIED,False,False,False,OK,1,4315353,8485,8619,Aberdeen,PAOK Thessaloniki FC,1,1,1,0,True,utc_time_competition_score_high_confidence_name,OK,True,True,True,ACCEPTED
202324-0711,LIVE_REFRESH_VERIFIED,False,False,False,OK,2,4315344,9810,9861,Eintracht Frankfurt,HJK,1,0.4,0.7,0.328407225,True,separated_utc_time_competition_score_alias,OK,True,True,True,ACCEPTED
202324-0712,LIVE_REFRESH_VERIFIED,False,False,False,OK,1,4315322,4662,10202,Spartak Trnava,Nordsjælland,1,1,1,0,True,utc_time_competition_score_high_confidence_name,OK,True,True,True,ACCEPTED
202324-0148,LIVE_REFRESH_VERIFIED,False,False,False,OK,6,4315051,9789,10261,Borussia Dortmund,Newcastle United,1,1,1,0.3190045249,True,utc_time_competition_score_high_confidence_name,OK,True,True,True,ACCEPTED
202324-0153,LIVE_REFRESH_VERIFIED,False,False,False,OK,3,4314990,9728,8634,Shakhtar Donetsk,Barcelona,1,1,1,0.2917771883,True,utc_time_competition_score_high_confidence_name,OK,True,True,True,ACCEPTED
202324-0146,LIVE_REFRESH_VERIFIED,False,False,False,OK,1,4315038,9906,9925,Atlético Madrid,Celtic,1,1,1,0,True,utc_time_competition_score_high_confidence_name,OK,True,True,True,ACCEPTED
202324-0147,LIVE_REFRESH_VERIFIED,False,False,False,OK,3,4315039,8543,10235,Lazio,Feyenoord,1,1,1,0.264957265,True,utc_time_competition_score_high_confidence_name,OK,True,True,True,ACCEPTED
202324-0149,LIVE_REFRESH_VERIFIED,False,False,False,OK,5,4315050,8564,9847,Milan,Paris Saint-Germain,1,1,1,0.2309782609,True,utc_time_competition_score_high_confidence_name,OK,True,True,True,ACCEPTED
202324-0150,LIVE_REFRESH_VERIFIED,False,False,False,OK,2,4314978,8687,178475,FK Crvena Zvezda,RB Leipzig,1,1,1,0.1890756303,True,utc_time_competition_score_high_confidence_name,OK,True,True,True,ACCEPTED
202324-0151,LIVE_REFRESH_VERIFIED,False,False,False,OK,2,4314979,8456,10192,Manchester City,Young Boys,1,1,1,0.2205128205,True,utc_time_competition_score_high_confidence_name,OK,True,True,True,ACCEPTED
202324-0152,LIVE_REFRESH_VERIFIED,False,False,False,OK,6,4314991,9773,9988,FC Porto,Royal Antwerp,1,1,1,0.3432601881,True,utc_time_competition_score_high_confidence_name,OK,True,True,True,ACCEPTED
202324-0142,LIVE_REFRESH_VERIFIED,False,False,False,OK,4,4315014,9875,8149,Napoli,Union Berlin,1,1,1,0.3246753247,True,utc_time_competition_score_high_confidence_name,OK,True,True,True,ACCEPTED
202324-0145,LIVE_REFRESH_VERIFIED,False,False,False,OK,2,4315062,8560,9772,Real Sociedad,Benfica,1,1,1,0.2807881773,True,utc_time_competition_score_high_confidence_name,OK,True,True,True,ACCEPTED
202324-0138,LIVE_REFRESH_VERIFIED,False,False,False,OK,1,4315002,8391,10260,FC København,Manchester United,1,1,1,0,True,utc_time_competition_score_high_confidence_name,OK,True,True,True,ACCEPTED
202324-0139,LIVE_REFRESH_VERIFIED,False,False,False,OK,5,4315003,9823,8637,Bayern München,Galatasaray,1,1,1,0.2916666667,True,utc_time_competition_score_high_confidence_name,OK,True,True,True,ACCEPTED
202324-0140,LIVE_REFRESH_VERIFIED,False,False,False,OK,3,4315027,8640,8588,PSV Eindhoven,Lens,1,0.7272727273,0.8636363636,0.3534482759,True,utc_time_competition_score_high_confidence_name,OK,True,True,True,ACCEPTED
202324-0141,LIVE_REFRESH_VERIFIED,False,False,False,OK,4,4315026,9825,8302,Arsenal,Sevilla,1,1,1,0.2554347826,True,utc_time_competition_score_high_confidence_name,OK,True,True,True,ACCEPTED
202324-0143,LIVE_REFRESH_VERIFIED,False,False,False,OK,2,4315015,8633,10264,Real Madrid,Braga,1,0.5263157895,0.7631578947,0.3621794872,True,separated_utc_time_competition_score_alias,OK,True,True,True,ACCEPTED
202324-0144,LIVE_REFRESH_VERIFIED,False,False,False,OK,2,4315063,10013,8636,Salzburg,Inter,1,0.5263157895,0.7631578947,0.3246753247,True,separated_utc_time_competition_score_alias,OK,True,True,True,ACCEPTED
202324-0718,LIVE_REFRESH_VERIFIED,False,False,False,OK,1,4315296,166865,952668,FC Astana,Ballkani,1,1,1,0,True,utc_time_competition_score_high_confidence_name,OK,True,True,True,ACCEPTED
202324-0300,LIVE_REFRESH_VERIFIED,False,False,False,OK,2,4315099,8593,10204,Ajax,Brighton & Hove Albion,1,1,1,0.2337662338,True,utc_time_competition_score_high_confidence_name,OK,True,True,True,ACCEPTED
202324-0305,LIVE_REFRESH_VERIFIED,False,False,False,OK,1,4315088,9941,8650,Toulouse,Liverpool,1,1,1,0,True,utc_time_competition_score_high_confidence_name,OK,True,True,True,ACCEPTED
202324-0306,LIVE_REFRESH_VERIFIED,False,False,False,OK,1,4315087,9977,7978,LASK,Union St.Gilloise,1,0.9189189189,0.9594594595,0,True,utc_time_competition_score_high_confidence_name,OK,True,True,True,ACCEPTED
202324-0307,LIVE_REFRESH_VERIFIED,False,False,False,OK,1,4315148,10185,10205,Maccabi Haifa,Villarreal,1,1,1,0,True,utc_time_competition_score_high_confidence_name,OK,True,True,True,ACCEPTED
202324-0308,LIVE_REFRESH_VERIFIED,False,False,False,OK,1,4315147,9851,10200,Rennes,Panathinaikos,0.5263157895,1,0.7631578947,0,True,unique_utc_time_competition_score_alias,OK,True,True,True,ACCEPTED
202324-0309,LIVE_REFRESH_VERIFIED,False,False,False,OK,1,4315112,7787,8686,Slavia Prague,Roma,0.8,0.7272727273,0.7636363636,0,True,unique_utc_time_competition_score_alias,OK,True,True,True,ACCEPTED
202324-0310,LIVE_REFRESH_VERIFIED,False,False,False,OK,3,4315111,9777,9729,Servette,FC Sheriff,0.6956521739,0.6086956522,0.652173913,0.2750582751,True,separated_utc_time_competition_score_alias,OK,True,True,True,ACCEPTED
202324-0312,LIVE_REFRESH_VERIFIED,False,False,False,OK,1,4315159,7981,8178,Qarabag FK,Bayer Leverkusen,1,1,1,0,True,utc_time_competition_score_high_confidence_name,OK,True,True,True,ACCEPTED
202324-0719,LIVE_REFRESH_VERIFIED,False,False,False,OK,1,4315311,6033,10156,Viktoria Plzen,Dinamo Zagreb,1,1,1,0,True,utc_time_competition_score_high_confidence_name,OK,True,True,True,ACCEPTED
202324-0720,LIVE_REFRESH_VERIFIED,False,False,False,OK,1,4315287,10188,8402,Beşiktaş,Bodø/Glimt,1,1,1,0,True,utc_time_competition_score_high_confidence_name,OK,True,True,True,ACCEPTED
202324-0723,LIVE_REFRESH_VERIFIED,False,False,False,OK,4,4315301,8673,10107,Legia Warszawa,Zrinjski Mostar,0.9230769231,1,0.9615384615,0.2869565217,True,utc_time_competition_score_high_confidence_name,OK,True,True,True,ACCEPTED
202324-0724,LIVE_REFRESH_VERIFIED,False,False,False,OK,2,4315331,6374,8535,Cukaricki,Fiorentina,0.6666666667,1,0.8333333333,0.1855500821,True,separated_utc_time_competition_score_alias,OK,True,True,True,ACCEPTED
202324-0725,LIVE_REFRESH_VERIFIED,False,False,False,OK,3,4315335,8222,9987,Ferencvaros,Genk,1,1,1,0.253968254,True,utc_time_competition_score_high_confidence_name,OK,True,True,True,ACCEPTED
202324-0726,LIVE_REFRESH_VERIFIED,False,False,False,OK,1,4315348,8619,8485,PAOK Thessaloniki FC,Aberdeen,1,1,1,0,True,utc_time_competition_score_high_confidence_name,OK,True,True,True,ACCEPTED
202324-0727,LIVE_REFRESH_VERIFIED,False,False,False,OK,2,4315345,9861,9810,HJK,Eintracht Frankfurt,0.4,1,0.7,0.328407225,True,separated_utc_time_competition_score_alias,OK,True,True,True,ACCEPTED
202324-0728,LIVE_REFRESH_VERIFIED,False,False,False,OK,3,4315327,10202,4662,Nordsjælland,Spartak Trnava,1,1,1,0.1859903382,True,utc_time_competition_score_high_confidence_name,OK,True,True,True,ACCEPTED
202324-0297,LIVE_REFRESH_VERIFIED,False,False,False,OK,1,4315075,8358,676140,SC Freiburg,TSC Backa Topola,1,1,1,0,True,utc_time_competition_score_high_confidence_name,OK,True,True,True,ACCEPTED
202324-0298,LIVE_REFRESH_VERIFIED,False,False,False,OK,2,4315076,8654,8638,West Ham United,Olympiacos,1,0.6428571429,0.8214285714,0.3167701863,True,separated_utc_time_competition_score_alias,OK,True,True,True,ACCEPTED
202324-0299,LIVE_REFRESH_VERIFIED,False,False,False,OK,2,4315100,8563,8592,AEK Athens,Marseille,1,0.6428571429,0.8214285714,0.2591362126,True,separated_utc_time_competition_score_alias,OK,True,True,True,ACCEPTED
202324-0301,LIVE_REFRESH_VERIFIED,False,False,False,OK,1,4315135,8603,2136,Real Betis,Aris Limassol,1,1,1,0,True,utc_time_competition_score_high_confidence_name,OK,True,True,True,ACCEPTED
202324-0302,LIVE_REFRESH_VERIFIED,False,False,False,OK,3,4315136,8548,10247,Rangers,Sparta Prague,0.6363636364,0.8,0.7181818182,0.3302387268,True,separated_utc_time_competition_score_alias,OK,True,True,True,ACCEPTED
202324-0303,LIVE_REFRESH_VERIFIED,False,False,False,OK,3,4315124,9768,4024,Sporting CP,Raków Częstochowa,0.7586206897,1,0.8793103448,0.26,True,utc_time_competition_score_high_confidence_name,OK,True,True,True,ACCEPTED
202324-0304,LIVE_REFRESH_VERIFIED,False,False,False,OK,2,4315123,8524,10014,Atalanta,Sturm Graz,1,1,1,0.1369565217,True,utc_time_competition_score_high_confidence_name,OK,True,True,True,ACCEPTED
202324-0311,LIVE_REFRESH_VERIFIED,False,False,False,OK,1,4315160,8428,9917,Häcken,Molde,0.8,1,0.9,0,True,utc_time_competition_score_high_confidence_name,OK,True,True,True,ACCEPTED
202324-0714,LIVE_REFRESH_VERIFIED,False,False,False,OK,4,4315292,7872,8106,Olimpija Ljubljana,Klaksvik,1,0.8421052632,0.9210526316,0.3413461538,True,utc_time_competition_score_high_confidence_name,OK,True,True,True,ACCEPTED
202324-0715,LIVE_REFRESH_VERIFIED,False,False,False,OK,3,4315263,6019,8639,Slovan Bratislava,Lille,1,0.7142857143,0.8571428571,0.2197802198,True,utc_time_competition_score_high_confidence_name,OK,True,True,True,ACCEPTED
202324-0716,LIVE_REFRESH_VERIFIED,False,False,False,OK,1,4315279,8332,9991,Breidablik,Gent,1,0.7272727273,0.8636363636,0,True,utc_time_competition_score_high_confidence_name,OK,True,True,True,ACCEPTED
202324-0717,LIVE_REFRESH_VERIFIED,False,False,False,OK,1,4315280,7770,7855,Zorya,Maccabi Tel Aviv,0.5555555556,1,0.7777777778,0,True,unique_utc_time_competition_score_alias,OK,True,True,True,ACCEPTED
202324-0721,LIVE_REFRESH_VERIFIED,False,False,False,OK,4,4315308,8342,7896,Club Brugge,Lugano,1,1,1,0.1845238095,True,utc_time_competition_score_high_confidence_name,OK,True,True,True,ACCEPTED
202324-0722,LIVE_REFRESH_VERIFIED,False,False,False,OK,1,4315305,10252,10229,Aston Villa,AZ Alkmaar,1,1,1,0,True,utc_time_competition_score_high_confidence_name,OK,True,True,True,ACCEPTED
202324-0729,LIVE_REFRESH_VERIFIED,False,False,False,OK,4,4315326,210173,8695,Ludogorets Razgrad,Fenerbahçe,1,1,1,0.2675,True,utc_time_competition_score_high_confidence_name,OK,True,True,True,ACCEPTED
202324-0701,LIVE_REFRESH_VERIFIED,False,False,False,OK,1,4315274,7855,7770,Maccabi Tel Aviv,Zorya,1,0.5555555556,0.7777777778,0,True,unique_utc_time_competition_score_alias,OK,True,True,True,ACCEPTED
202324-0179,LIVE_REFRESH_VERIFIED,False,False,False,OK,5,4315041,8543,9925,Lazio,Celtic,1,1,1,0.3571428571,True,utc_time_competition_score_high_confidence_name,OK,True,True,True,ACCEPTED
202324-0185,LIVE_REFRESH_VERIFIED,False,False,False,OK,3,4314993,9728,9988,Shakhtar Donetsk,Royal Antwerp,1,1,1,0.3405797101,True,utc_time_competition_score_high_confidence_name,OK,True,True,True,ACCEPTED
202324-0178,LIVE_REFRESH_VERIFIED,False,False,False,OK,4,4315040,10235,9906,Feyenoord,Atletico Madrid,1,1,1,0.1964285714,True,utc_time_competition_score_high_confidence_name,OK,True,True,True,ACCEPTED
202324-0180,LIVE_REFRESH_VERIFIED,False,False,False,OK,4,4315052,8564,9789,AC Milan,Borussia Dortmund,1,1,1,0.3285714286,True,utc_time_competition_score_high_confidence_name,OK,True,True,True,ACCEPTED
202324-0181,LIVE_REFRESH_VERIFIED,False,False,False,OK,2,4315053,9847,10261,Paris Saint-Germain,Newcastle United,1,1,1,0.2261904762,True,utc_time_competition_score_high_confidence_name,OK,True,True,True,ACCEPTED
202324-0182,LIVE_REFRESH_VERIFIED,False,False,False,OK,5,4314980,10192,8687,Young Boys,FK Crvena Zvezda,1,1,1,0.3052631579,True,utc_time_competition_score_high_confidence_name,OK,True,True,True,ACCEPTED
202324-0183,LIVE_REFRESH_VERIFIED,False,False,False,OK,2,4314981,8456,178475,Manchester City,RB Leipzig,1,1,1,0.2638888889,True,utc_time_competition_score_high_confidence_name,OK,True,True,True,ACCEPTED
202324-0184,LIVE_REFRESH_VERIFIED,False,False,False,OK,3,4314992,8634,9773,Barcelona,FC Porto,1,1,1,0.3215488215,True,utc_time_competition_score_high_confidence_name,OK,True,True,True,ACCEPTED
202324-0171,LIVE_REFRESH_VERIFIED,False,False,False,OK,3,4315004,8637,10260,Galatasaray,Manchester United,1,1,1,0.2412903226,True,utc_time_competition_score_high_confidence_name,OK,True,True,True,ACCEPTED
202324-0172,LIVE_REFRESH_VERIFIED,False,False,False,OK,1,4315029,8302,8640,Sevilla,PSV Eindhoven,1,1,1,0,True,utc_time_competition_score_high_confidence_name,OK,True,True,True,ACCEPTED
202324-0170,LIVE_REFRESH_VERIFIED,False,False,False,OK,2,4315005,9823,8391,Bayern München,FC København,1,1,1,0.1328976035,True,utc_time_competition_score_high_confidence_name,OK,True,True,True,ACCEPTED
202324-0173,LIVE_REFRESH_VERIFIED,False,False,False,OK,1,4315028,9825,8588,Arsenal,Lens,1,0.7272727273,0.8636363636,0,True,utc_time_competition_score_high_confidence_name,OK,True,True,True,ACCEPTED
202324-0174,LIVE_REFRESH_VERIFIED,False,False,False,OK,1,4315016,8633,9875,Real Madrid,Napoli,1,1,1,0,True,utc_time_competition_score_high_confidence_name,OK,True,True,True,ACCEPTED
202324-0175,LIVE_REFRESH_VERIFIED,False,False,False,OK,2,4315017,10264,8149,Braga,Union Berlin,0.5263157895,1,0.7631578947,0.3246753247,True,separated_utc_time_competition_score_alias,OK,True,True,True,ACCEPTED
202324-0176,LIVE_REFRESH_VERIFIED,False,False,False,OK,2,4315065,8560,10013,Real Sociedad,Salzburg,1,1,1,0.1328976035,True,utc_time_competition_score_high_confidence_name,OK,True,True,True,ACCEPTED
202324-0177,LIVE_REFRESH_VERIFIED,False,False,False,OK,3,4315064,9772,8636,Benfica,Inter,1,0.5263157895,0.7631578947,0.2857142857,True,separated_utc_time_competition_score_alias,OK,True,True,True,ACCEPTED
202324-0733,LIVE_REFRESH_VERIFIED,False,False,False,OK,5,4315278,8332,7855,Breidablik,Maccabi Tel Aviv,1,1,1,0.3484848485,True,utc_time_competition_score_high_confidence_name,OK,True,True,True,ACCEPTED
202324-0735,LIVE_REFRESH_VERIFIED,False,False,False,OK,2,4315313,166865,10156,FC Astana,Dinamo Zagreb,1,1,1,0.2777777778,True,utc_time_competition_score_high_confidence_name,OK,True,True,True,ACCEPTED
202324-0313,LIVE_REFRESH_VERIFIED,False,False,False,OK,3,4315078,676140,8654,TSC Backa Topola,West Ham United,1,1,1,0.3028846154,True,utc_time_competition_score_high_confidence_name,OK,True,True,True,ACCEPTED
202324-0314,LIVE_REFRESH_VERIFIED,False,False,False,OK,1,4315077,8358,8638,SC Freiburg,Olympiacos,1,0.6428571429,0.8214285714,0,True,unique_utc_time_competition_score_alias,OK,True,True,True,ACCEPTED
202324-0316,LIVE_REFRESH_VERIFIED,False,False,False,OK,3,4315101,8563,10204,AEK Athens,Brighton & Hove Albion,1,1,1,0.2564102564,True,utc_time_competition_score_high_confidence_name,OK,True,True,True,ACCEPTED
202324-0324,LIVE_REFRESH_VERIFIED,False,False,False,OK,1,4315149,10185,9851,Maccabi Haifa,Rennes,1,0.5263157895,0.7631578947,0,True,unique_utc_time_competition_score_alias,OK,True,True,True,ACCEPTED
202324-0333,LIVE_REFRESH_VERIFIED,False,False,False,OK,1,4315137,10247,8603,Sparta Prague,Real Betis,0.8,1,0.9,0,True,utc_time_competition_score_high_confidence_name,OK,True,True,True,ACCEPTED
202324-0335,LIVE_REFRESH_VERIFIED,False,False,False,OK,3,4315125,8524,9768,Atalanta,Sporting CP,1,0.7586206897,0.8793103448,0.3268817204,True,utc_time_competition_score_high_confidence_name,OK,True,True,True,ACCEPTED
202324-0336,LIVE_REFRESH_VERIFIED,False,False,False,OK,3,4315126,10014,4024,Sturm Graz,Raków Częstochowa,1,1,1,0.3028846154,True,utc_time_competition_score_high_confidence_name,OK,True,True,True,ACCEPTED
202324-0730,LIVE_REFRESH_VERIFIED,False,False,False,OK,5,4315264,8106,6019,Klaksvik,Slovan Bratislava,0.8421052632,1,0.9210526316,0.3116883117,True,utc_time_competition_score_high_confidence_name,OK,True,True,True,ACCEPTED
202324-0731,LIVE_REFRESH_VERIFIED,False,False,False,OK,2,4315295,7872,8639,Olimpija Ljubljana,Lille,1,0.7142857143,0.8571428571,0.2575757576,True,utc_time_competition_score_high_confidence_name,OK,True,True,True,ACCEPTED
202324-0732,LIVE_REFRESH_VERIFIED,False,False,False,OK,1,4315271,9991,7770,Gent,Zorya,0.7272727273,0.5555555556,0.6414141414,0,True,unique_utc_time_competition_score_alias,OK,True,True,True,ACCEPTED
202324-0734,LIVE_REFRESH_VERIFIED,False,False,False,OK,1,4315267,952668,6033,Ballkani,Viktoria Plzen,1,1,1,0,True,utc_time_competition_score_high_confidence_name,OK,True,True,True,ACCEPTED
202324-0736,LIVE_REFRESH_VERIFIED,False,False,False,OK,1,4315269,8402,7896,Bodø/Glimt,Lugano,1,1,1,0,True,utc_time_competition_score_high_confidence_name,OK,True,True,True,ACCEPTED
202324-0737,LIVE_REFRESH_VERIFIED,False,False,False,OK,1,4315298,10188,8342,Beşiktaş,Club Brugge,1,1,1,0,True,utc_time_competition_score_high_confidence_name,OK,True,True,True,ACCEPTED
202324-0738,LIVE_REFRESH_VERIFIED,False,False,False,OK,1,4315303,10229,10107,AZ Alkmaar,Zrinjski Mostar,1,1,1,0,True,utc_time_competition_score_high_confidence_name,OK,True,True,True,ACCEPTED
202324-0759,LIVE_REFRESH_VERIFIED,False,False,False,OK,1,4315347,9861,8485,HJK,Aberdeen,0.4,1,0.7,0,True,unique_utc_time_competition_score_alias,OK,True,True,True,ACCEPTED
202324-0315,LIVE_REFRESH_VERIFIED,False,False,False,OK,1,4315102,8592,8593,Marseille,Ajax,0.6428571429,1,0.8214285714,0,True,unique_utc_time_competition_score_alias,OK,True,True,True,ACCEPTED
202324-0321,LIVE_REFRESH_VERIFIED,False,False,False,OK,1,4315090,8650,9977,Liverpool,LASK,1,1,1,0,True,utc_time_competition_score_high_confidence_name,OK,True,True,True,ACCEPTED
202324-0322,LIVE_REFRESH_VERIFIED,False,False,False,OK,1,4315089,9941,7978,Toulouse,Union St.Gilloise,1,0.9189189189,0.9594594595,0,True,utc_time_competition_score_high_confidence_name,OK,True,True,True,ACCEPTED
202324-0323,LIVE_REFRESH_VERIFIED,False,False,False,OK,1,4315150,10205,10200,Villarreal,Panathinaikos,1,1,1,0,True,utc_time_competition_score_high_confidence_name,OK,True,True,True,ACCEPTED
202324-0327,LIVE_REFRESH_VERIFIED,False,False,False,OK,1,4315161,9917,7981,Molde,Qarabag FK,1,1,1,0,True,utc_time_competition_score_high_confidence_name,OK,True,True,True,ACCEPTED
202324-0328,LIVE_REFRESH_VERIFIED,False,False,False,OK,1,4315162,8428,8178,Häcken,Bayer Leverkusen,0.8,1,0.9,0,True,utc_time_competition_score_high_confidence_name,OK,True,True,True,ACCEPTED
202324-0334,LIVE_REFRESH_VERIFIED,False,False,False,OK,3,4315138,8548,2136,Rangers,Aris Limassol,0.6363636364,1,0.8181818182,0.3069053708,True,separated_utc_time_competition_score_alias,OK,True,True,True,ACCEPTED
202324-0341,LIVE_REFRESH_VERIFIED,False,False,False,OK,1,4315114,9729,7787,FC Sheriff,Slavia Prague,0.6086956522,0.8,0.7043478261,0,True,unique_utc_time_competition_score_alias,OK,True,True,True,ACCEPTED
202324-0342,LIVE_REFRESH_VERIFIED,False,False,False,OK,3,4315113,9777,8686,Servette,Roma,0.6956521739,0.7272727273,0.7114624506,0.2409090909,True,separated_utc_time_competition_score_alias,OK,True,True,True,ACCEPTED
202324-0739,LIVE_REFRESH_VERIFIED,False,False,False,OK,2,4315304,10252,8673,Aston Villa,Legia Warszawa,1,0.9230769231,0.9615384615,0.1101190476,True,utc_time_competition_score_high_confidence_name,OK,True,True,True,ACCEPTED
202324-0740,LIVE_REFRESH_VERIFIED,False,False,False,OK,2,4315338,8535,9987,Fiorentina,Genk,1,1,1,0.1507936508,True,utc_time_competition_score_high_confidence_name,OK,True,True,True,ACCEPTED
202324-0741,LIVE_REFRESH_VERIFIED,False,False,False,OK,5,4315330,6374,8222,Cukaricki,Ferencvaros,0.6666666667,1,0.8333333333,0.3254310345,True,separated_utc_time_competition_score_alias,OK,True,True,True,ACCEPTED
202324-0744,LIVE_REFRESH_VERIFIED,False,False,False,OK,5,4315342,4662,210173,Spartak Trnava,Ludogorets Razgrad,1,1,1,0.3077922078,True,utc_time_competition_score_high_confidence_name,OK,True,True,True,ACCEPTED
202324-0745,LIVE_REFRESH_VERIFIED,False,False,False,OK,1,4315291,10202,8695,Nordsjælland,Fenerbahçe,1,1,1,0,True,utc_time_competition_score_high_confidence_name,OK,True,True,True,ACCEPTED
202324-0758,LIVE_REFRESH_VERIFIED,False,False,False,OK,5,4315346,9810,8619,Eintracht Frankfurt,PAOK Thessaloniki FC,1,1,1,0.3197492163,True,utc_time_competition_score_high_confidence_name,OK,True,True,True,ACCEPTED
202324-0291,LIVE_REFRESH_VERIFIED,False,False,False,OK,1,4315146,10205,10185,Villarreal,Maccabi Haifa,1,1,1,0,True,utc_time_competition_score_high_confidence_name,OK,True,True,True,ACCEPTED
202324-0156,LIVE_REFRESH_VERIFIED,False,False,False,OK,3,4315031,8588,8302,Lens,Sevilla,0.7272727273,1,0.8636363636,0.2941176471,True,utc_time_competition_score_high_confidence_name,OK,True,True,True,ACCEPTED
202324-0157,LIVE_REFRESH_VERIFIED,False,False,False,OK,3,4315030,8640,9825,PSV Eindhoven,Arsenal,1,1,1,0.3256410256,True,utc_time_competition_score_high_confidence_name,OK,True,True,True,ACCEPTED
202324-0154,LIVE_REFRESH_VERIFIED,False,False,False,OK,1,4315006,10260,9823,Manchester United,Bayern München,1,1,1,0,True,utc_time_competition_score_high_confidence_name,OK,True,True,True,ACCEPTED
202324-0155,LIVE_REFRESH_VERIFIED,False,False,False,OK,1,4315007,8391,8637,FC København,Galatasaray,1,1,1,0,True,utc_time_competition_score_high_confidence_name,OK,True,True,True,ACCEPTED
202324-0158,LIVE_REFRESH_VERIFIED,False,False,False,OK,3,4315019,8149,8633,Union Berlin,Real Madrid,1,1,1,0.2738461538,True,utc_time_competition_score_high_confidence_name,OK,True,True,True,ACCEPTED
202324-0159,LIVE_REFRESH_VERIFIED,False,False,False,OK,2,4315018,9875,10264,SSC Napoli,Braga,0.75,0.5263157895,0.6381578947,0.1954887218,True,separated_utc_time_competition_score_alias,OK,True,True,True,ACCEPTED
202324-0160,LIVE_REFRESH_VERIFIED,False,False,False,OK,1,4315066,8636,8560,Inter,Real Sociedad,0.5263157895,1,0.7631578947,0,True,unique_utc_time_competition_score_alias,OK,True,True,True,ACCEPTED
202324-0161,LIVE_REFRESH_VERIFIED,False,False,False,OK,2,4315067,10013,9772,Salzburg,Benfica,1,1,1,0.2261904762,True,utc_time_competition_score_high_confidence_name,OK,True,True,True,ACCEPTED
202324-0166,LIVE_REFRESH_VERIFIED,False,False,False,OK,3,4314982,178475,10192,RB Leipzig,Young Boys,1,1,1,0.2828947368,True,utc_time_competition_score_high_confidence_name,OK,True,True,True,ACCEPTED
202324-0167,LIVE_REFRESH_VERIFIED,False,False,False,OK,3,4314983,8687,8456,FK Crvena Zvezda,Manchester City,1,1,1,0.2490421456,True,utc_time_competition_score_high_confidence_name,OK,True,True,True,ACCEPTED
202324-0162,LIVE_REFRESH_VERIFIED,False,False,False,OK,3,4315043,9925,10235,Celtic,Feyenoord,1,1,1,0.2828947368,True,utc_time_competition_score_high_confidence_name,OK,True,True,True,ACCEPTED
202324-0163,LIVE_REFRESH_VERIFIED,False,False,False,OK,2,4315042,9906,8543,Atletico Madrid,Lazio,1,1,1,0.22,True,utc_time_competition_score_high_confidence_name,OK,True,True,True,ACCEPTED
202324-0164,LIVE_REFRESH_VERIFIED,False,False,False,OK,1,4315054,10261,8564,Newcastle United,AC Milan,1,1,1,0,True,utc_time_competition_score_high_confidence_name,OK,True,True,True,ACCEPTED
202324-0165,LIVE_REFRESH_VERIFIED,False,False,False,OK,3,4315055,9789,9847,Borussia Dortmund,Paris Saint-Germain,1,1,1,0.2871794872,True,utc_time_competition_score_high_confidence_name,OK,True,True,True,ACCEPTED
202324-0168,LIVE_REFRESH_VERIFIED,False,False,False,OK,2,4314994,9988,8634,Royal Antwerp,Barcelona,1,1,1,0.2304347826,True,utc_time_competition_score_high_confidence_name,OK,True,True,True,ACCEPTED
202324-0169,LIVE_REFRESH_VERIFIED,False,False,False,OK,1,4314995,9773,9728,FC Porto,Shakhtar Donetsk,1,1,1,0,True,utc_time_competition_score_high_confidence_name,OK,True,True,True,ACCEPTED
202324-0325,LIVE_REFRESH_VERIFIED,False,False,False,OK,2,4315115,8686,9729,Roma,FC Sheriff,0.7272727273,0.6086956522,0.6679841897,0.3034188034,True,separated_utc_time_competition_score_alias,OK,True,True,True,ACCEPTED
202324-0326,LIVE_REFRESH_VERIFIED,False,False,False,OK,1,4315116,7787,9777,Slavia Prague,Servette,0.8,0.6956521739,0.747826087,0,True,unique_utc_time_competition_score_alias,OK,True,True,True,ACCEPTED
202324-0337,LIVE_REFRESH_VERIFIED,False,False,False,OK,2,4315092,9977,9941,LASK,Toulouse,1,1,1,0.1176470588,True,utc_time_competition_score_high_confidence_name,OK,True,True,True,ACCEPTED
202324-0338,LIVE_REFRESH_VERIFIED,False,False,False,OK,2,4315091,7978,8650,Union St.Gilloise,Liverpool,0.9189189189,1,0.9594594595,0.1407407407,True,utc_time_competition_score_high_confidence_name,OK,True,True,True,ACCEPTED
202324-0339,LIVE_REFRESH_VERIFIED,False,False,False,OK,2,4315152,10200,10185,Panathinaikos,Maccabi Haifa,1,1,1,0.1176470588,True,utc_time_competition_score_high_confidence_name,OK,True,True,True,ACCEPTED
202324-0340,LIVE_REFRESH_VERIFIED,False,False,False,OK,2,4315151,9851,10205,Rennes,Villarreal,0.5263157895,1,0.7631578947,0.3350383632,True,separated_utc_time_competition_score_alias,OK,True,True,True,ACCEPTED
202324-0343,LIVE_REFRESH_VERIFIED,False,False,False,OK,2,4315164,7981,8428,Qarabag FK,Häcken,1,0.8,0.9,0.09722222222,True,utc_time_competition_score_high_confidence_name,OK,True,True,True,ACCEPTED
202324-0344,LIVE_REFRESH_VERIFIED,False,False,False,OK,1,4315163,8178,9917,Bayer Leverkusen,Molde,1,1,1,0,True,utc_time_competition_score_high_confidence_name,OK,True,True,True,ACCEPTED
202324-0742,LIVE_REFRESH_VERIFIED,False,False,False,OK,3,4315354,8485,9810,Aberdeen,Eintracht Frankfurt,1,1,1,0.2738095238,True,utc_time_competition_score_high_confidence_name,OK,True,True,True,ACCEPTED
202324-0743,LIVE_REFRESH_VERIFIED,False,False,False,OK,1,4315350,8619,9861,PAOK Thessaloniki FC,HJK,1,0.4,0.7,0,True,unique_utc_time_competition_score_alias,OK,True,True,True,ACCEPTED
202324-0754,LIVE_REFRESH_VERIFIED,False,False,False,OK,2,4315318,10107,10252,Zrinjski Mostar,Aston Villa,1,1,1,0.2014652015,True,utc_time_competition_score_high_confidence_name,OK,True,True,True,ACCEPTED
202324-0755,LIVE_REFRESH_VERIFIED,False,False,False,OK,3,4315289,8673,10229,Legia Warszawa,AZ Alkmaar,0.9230769231,1,0.9615384615,0.2724137931,True,utc_time_competition_score_high_confidence_name,OK,True,True,True,ACCEPTED
202324-0756,LIVE_REFRESH_VERIFIED,False,False,False,OK,3,4315334,9987,6374,Genk,Cukaricki,1,0.6666666667,0.8333333333,0.2477477477,True,separated_utc_time_competition_score_alias,OK,True,True,True,ACCEPTED
202324-0757,LIVE_REFRESH_VERIFIED,False,False,False,OK,2,4315333,8222,8535,Ferencvaros,Fiorentina,1,1,1,0.2490842491,True,utc_time_competition_score_high_confidence_name,OK,True,True,True,ACCEPTED
202324-0760,LIVE_REFRESH_VERIFIED,False,False,False,OK,1,4315324,210173,10202,Ludogorets Razgrad,Nordsjælland,1,1,1,0,True,utc_time_competition_score_high_confidence_name,OK,True,True,True,ACCEPTED
202324-0761,LIVE_REFRESH_VERIFIED,False,False,False,OK,2,4315323,8695,4662,Fenerbahce,Spartak Trnava,1,1,1,0.2166666667,True,utc_time_competition_score_high_confidence_name,OK,True,True,True,ACCEPTED
202324-0317,LIVE_REFRESH_VERIFIED,False,False,False,OK,1,4315140,2136,10247,Aris Limassol,Sparta Prague,1,0.8,0.9,0,True,utc_time_competition_score_high_confidence_name,OK,True,True,True,ACCEPTED
202324-0318,LIVE_REFRESH_VERIFIED,False,False,False,OK,2,4315139,8603,8548,Real Betis,Rangers,1,0.6363636364,0.8181818182,0.41,True,separated_utc_time_competition_score_alias,OK,True,True,True,ACCEPTED
202324-0319,LIVE_REFRESH_VERIFIED,False,False,False,OK,1,4315128,4024,8524,Raków Częstochowa,Atalanta,1,1,1,0,True,utc_time_competition_score_high_confidence_name,OK,True,True,True,ACCEPTED
202324-0320,LIVE_REFRESH_VERIFIED,False,False,False,OK,2,4315127,9768,10014,Sporting CP,Sturm Graz,0.7586206897,1,0.8793103448,0.1631016043,True,utc_time_competition_score_high_confidence_name,OK,True,True,True,ACCEPTED
202324-0329,LIVE_REFRESH_VERIFIED,False,False,False,OK,1,4315079,8654,8358,West Ham United,SC Freiburg,1,1,1,0,True,utc_time_competition_score_high_confidence_name,OK,True,True,True,ACCEPTED
202324-0330,LIVE_REFRESH_VERIFIED,False,False,False,OK,1,4315080,8638,676140,Olympiacos,TSC Backa Topola,0.6428571429,1,0.8214285714,0,True,unique_utc_time_competition_score_alias,OK,True,True,True,ACCEPTED
202324-0331,LIVE_REFRESH_VERIFIED,False,False,False,OK,1,4315103,8593,8563,Ajax,AEK Athens,1,1,1,0,True,utc_time_competition_score_high_confidence_name,OK,True,True,True,ACCEPTED
202324-0332,LIVE_REFRESH_VERIFIED,False,False,False,OK,1,4315104,10204,8592,Brighton & Hove Albion,Marseille,1,0.6428571429,0.8214285714,0,True,unique_utc_time_competition_score_alias,OK,True,True,True,ACCEPTED
202324-0746,LIVE_REFRESH_VERIFIED,False,False,False,OK,1,4315293,6019,7872,Slovan Bratislava,Olimpija Ljubljana,1,1,1,0,True,utc_time_competition_score_high_confidence_name,OK,True,True,True,ACCEPTED
202324-0747,LIVE_REFRESH_VERIFIED,False,False,False,OK,3,4315262,8639,8106,Lille,Klaksvik,0.7142857143,0.8421052632,0.7781954887,0.2046035806,True,separated_utc_time_competition_score_alias,OK,True,True,True,ACCEPTED
202324-0748,LIVE_REFRESH_VERIFIED,False,False,False,OK,2,4315270,7770,8332,Zorya,Breidablik,0.5555555556,1,0.7777777778,0.2554347826,True,separated_utc_time_competition_score_alias,OK,True,True,True,ACCEPTED
202324-0749,LIVE_REFRESH_VERIFIED,False,False,False,OK,2,4315275,7855,9991,Maccabi Tel Aviv,Gent,1,0.7272727273,0.8636363636,0.2784090909,True,utc_time_competition_score_high_confidence_name,OK,True,True,True,ACCEPTED
202324-0750,LIVE_REFRESH_VERIFIED,False,False,False,OK,3,4315310,6033,166865,Viktoria Plzen,FC Astana,1,1,1,0.3624338624,True,utc_time_competition_score_high_confidence_name,OK,True,True,True,ACCEPTED
202324-0751,LIVE_REFRESH_VERIFIED,False,False,False,OK,3,4315309,10156,952668,Dinamo Zagreb,Ballkani,1,1,1,0.2986111111,True,utc_time_competition_score_high_confidence_name,OK,True,True,True,ACCEPTED
202324-0752,LIVE_REFRESH_VERIFIED,False,False,False,OK,1,4315285,7896,10188,Lugano,Beşiktaş,1,1,1,0,True,utc_time_competition_score_high_confidence_name,OK,True,True,True,ACCEPTED
202324-0753,LIVE_REFRESH_VERIFIED,False,False,False,OK,2,4315316,8342,8402,Club Brugge,Bodø/Glimt,1,1,1,0.2447552448,True,utc_time_competition_score_high_confidence_name,OK,True,True,True,ACCEPTED
202324-0198,LIVE_REFRESH_VERIFIED,False,False,False,OK,1,4384183,8391,8456,FC København,Manchester City,1,1,1,0,True,utc_time_competition_score_high_confidence_name,OK,True,True,True,ACCEPTED
202324-0200,LIVE_REFRESH_VERIFIED,False,False,False,OK,2,4384184,178475,8633,RB Leipzig,Real Madrid,1,1,1,0.3187134503,True,utc_time_competition_score_high_confidence_name,OK,True,True,True,ACCEPTED
202324-0190,LIVE_REFRESH_VERIFIED,False,False,False,OK,2,4384179,9847,8560,Paris Saint-Germain,Real Sociedad,1,1,1,0.2648083624,True,utc_time_competition_score_high_confidence_name,OK,True,True,True,ACCEPTED
202324-0196,LIVE_REFRESH_VERIFIED,False,False,False,OK,1,4384182,8543,9823,Lazio,Bayern München,1,1,1,0,True,utc_time_competition_score_high_confidence_name,OK,True,True,True,ACCEPTED
202324-0345,LIVE_REFRESH_VERIFIED,False,False,False,OK,1,4384251,10235,8686,Feyenoord,Roma,1,0.7272727273,0.8636363636,0,True,utc_time_competition_score_high_confidence_name,OK,True,True,True,ACCEPTED
202324-0351,LIVE_REFRESH_VERIFIED,False,False,False,OK,1,4384257,10192,9768,Young Boys,Sporting CP,1,0.7586206897,0.8793103448,0,True,utc_time_competition_score_high_confidence_name,OK,True,True,True,ACCEPTED
202324-0357,LIVE_REFRESH_VERIFIED,False,False,False,OK,1,4384263,8637,10247,Galatasaray,Sparta Prague,1,0.8,0.9,0,True,utc_time_competition_score_high_confidence_name,OK,True,True,True,ACCEPTED
202324-0359,LIVE_REFRESH_VERIFIED,False,False,False,OK,1,4384265,9728,8592,Shakhtar Donetsk,Marseille,1,0.6428571429,0.8214285714,0,True,unique_utc_time_competition_score_alias,OK,True,True,True,ACCEPTED
202324-0762,LIVE_REFRESH_VERIFIED,False,False,False,OK,1,4384279,10014,6019,Sturm Graz,Slovan Bratislava,1,1,1,0,True,utc_time_competition_score_high_confidence_name,OK,True,True,True,ACCEPTED
202324-0766,LIVE_REFRESH_VERIFIED,False,False,False,OK,2,4384281,7978,9810,Union St.Gilloise,Eintracht Frankfurt,0.9189189189,1,0.9594594595,0.1130952381,True,utc_time_competition_score_high_confidence_name,OK,True,True,True,ACCEPTED
202324-0770,LIVE_REFRESH_VERIFIED,False,False,False,OK,2,4384283,8638,8222,Olympiacos,Ferencvaros,0.6428571429,1,0.8214285714,0.2946236559,True,separated_utc_time_competition_score_alias,OK,True,True,True,ACCEPTED
202324-0774,LIVE_REFRESH_VERIFIED,False,False,False,OK,1,4384285,9917,8673,Molde,Legia Warszawa,1,0.9230769231,0.9615384615,0,True,utc_time_competition_score_high_confidence_name,OK,True,True,True,ACCEPTED
202324-0347,LIVE_REFRESH_VERIFIED,False,False,False,OK,1,4384253,8564,9851,AC Milan,Rennes,1,0.5263157895,0.7631578947,0,True,unique_utc_time_competition_score_alias,OK,True,True,True,ACCEPTED
202324-0349,LIVE_REFRESH_VERIFIED,False,False,False,OK,1,4384255,8588,8358,Lens,SC Freiburg,0.7272727273,1,0.8636363636,0,True,utc_time_competition_score_high_confidence_name,OK,True,True,True,ACCEPTED
202324-0353,LIVE_REFRESH_VERIFIED,False,False,False,OK,1,4384259,9772,9941,Benfica,Toulouse,1,1,1,0,True,utc_time_competition_score_high_confidence_name,OK,True,True,True,ACCEPTED
202324-0355,LIVE_REFRESH_VERIFIED,False,False,False,OK,1,4384261,10264,7981,Braga,Qarabag FK,0.5263157895,1,0.7631578947,0,True,unique_utc_time_competition_score_alias,OK,True,True,True,ACCEPTED
202324-0764,LIVE_REFRESH_VERIFIED,False,False,False,OK,1,4384280,9777,210173,Servette,Ludogorets Razgrad,0.6956521739,1,0.847826087,0,True,unique_utc_time_competition_score_alias,OK,True,True,True,ACCEPTED
202324-0768,LIVE_REFRESH_VERIFIED,False,False,False,OK,1,4384282,8603,10156,Real Betis,Dinamo Zagreb,1,1,1,0,True,utc_time_competition_score_high_confidence_name,OK,True,True,True,ACCEPTED
202324-0772,LIVE_REFRESH_VERIFIED,False,False,False,OK,2,4384284,8593,8402,Ajax,Bodø/Glimt,1,1,1,0.07142857143,True,utc_time_competition_score_high_confidence_name,OK,True,True,True,ACCEPTED
202324-0776,LIVE_REFRESH_VERIFIED,False,False,False,OK,2,4384286,10185,9991,Maccabi Haifa,Gent,1,0.7272727273,0.8636363636,0.2415458937,True,utc_time_competition_score_high_confidence_name,OK,True,True,True,ACCEPTED
202324-0192,LIVE_REFRESH_VERIFIED,False,False,False,OK,3,4384180,8636,9906,Inter,Atletico Madrid,0.5263157895,1,0.7631578947,0.2316810345,True,separated_utc_time_competition_score_alias,OK,True,True,True,ACCEPTED
202324-0194,LIVE_REFRESH_VERIFIED,False,False,False,OK,3,4384181,8640,9789,PSV Eindhoven,Borussia Dortmund,1,1,1,0.2967032967,True,utc_time_competition_score_high_confidence_name,OK,True,True,True,ACCEPTED
202324-0777,LIVE_REFRESH_VERIFIED,False,False,False,OK,2,4384294,9991,10185,Gent,Maccabi Haifa,0.7272727273,1,0.8636363636,0.3304347826,True,utc_time_competition_score_high_confidence_name,OK,True,True,True,ACCEPTED
202324-0186,LIVE_REFRESH_VERIFIED,False,False,False,OK,3,4384177,9773,9825,FC Porto,Arsenal,1,1,1,0.2256728778,True,utc_time_competition_score_high_confidence_name,OK,True,True,True,ACCEPTED
202324-0188,LIVE_REFRESH_VERIFIED,False,False,False,OK,3,4384178,9875,8634,SSC Napoli,Barcelona,0.75,1,0.875,0.2718894009,True,utc_time_competition_score_high_confidence_name,OK,True,True,True,ACCEPTED
202324-0348,LIVE_REFRESH_VERIFIED,False,False,False,OK,2,4384254,9851,8564,Rennes,AC Milan,0.5263157895,1,0.7631578947,0.3650793651,True,separated_utc_time_competition_score_alias,OK,True,True,True,ACCEPTED
202324-0350,LIVE_REFRESH_VERIFIED,False,False,False,OK,2,4384256,8358,8588,SC Freiburg,Lens,1,0.7272727273,0.8636363636,0.3095238095,True,utc_time_competition_score_high_confidence_name,OK,True,True,True,ACCEPTED
202324-0354,LIVE_REFRESH_VERIFIED,False,False,False,OK,1,4384260,9941,9772,Toulouse,Benfica,1,1,1,0,True,utc_time_competition_score_high_confidence_name,OK,True,True,True,ACCEPTED
202324-0356,LIVE_REFRESH_VERIFIED,False,False,False,OK,1,4384262,7981,10264,Qarabag FK,Braga,1,0.5263157895,0.7631578947,0,True,unique_utc_time_competition_score_alias,OK,True,True,True,ACCEPTED
202324-0765,LIVE_REFRESH_VERIFIED,False,False,False,OK,3,4384288,210173,9777,Ludogorets Razgrad,Servette,1,0.6956521739,0.847826087,0.3314285714,True,separated_utc_time_competition_score_alias,OK,True,True,True,ACCEPTED
202324-0769,LIVE_REFRESH_VERIFIED,False,False,False,OK,2,4384290,10156,8603,Dinamo Zagreb,Real Betis,1,1,1,0.189258312,True,utc_time_competition_score_high_confidence_name,OK,True,True,True,ACCEPTED
202324-0773,LIVE_REFRESH_VERIFIED,False,False,False,OK,2,4384292,8402,8593,Bodø/Glimt,Ajax,1,1,1,0.07142857143,True,utc_time_competition_score_high_confidence_name,OK,True,True,True,ACCEPTED
202324-0346,LIVE_REFRESH_VERIFIED,False,False,False,OK,2,4384252,8686,10235,Roma,Feyenoord,0.7272727273,1,0.8636363636,0.269005848,True,utc_time_competition_score_high_confidence_name,OK,True,True,True,ACCEPTED
202324-0352,LIVE_REFRESH_VERIFIED,False,False,False,OK,2,4384258,9768,10192,Sporting CP,Young Boys,0.7586206897,1,0.8793103448,0.2033492823,True,utc_time_competition_score_high_confidence_name,OK,True,True,True,ACCEPTED
202324-0358,LIVE_REFRESH_VERIFIED,False,False,False,OK,1,4384264,10247,8637,Sparta Prague,Galatasaray,0.8,1,0.9,0,True,utc_time_competition_score_high_confidence_name,OK,True,True,True,ACCEPTED
202324-0360,LIVE_REFRESH_VERIFIED,False,False,False,OK,1,4384266,8592,9728,Marseille,Shakhtar Donetsk,0.6428571429,1,0.8214285714,0,True,unique_utc_time_competition_score_alias,OK,True,True,True,ACCEPTED
202324-0763,LIVE_REFRESH_VERIFIED,False,False,False,OK,3,4384287,6019,10014,Slovan Bratislava,Sturm Graz,1,1,1,0.253968254,True,utc_time_competition_score_high_confidence_name,OK,True,True,True,ACCEPTED
202324-0767,LIVE_REFRESH_VERIFIED,False,False,False,OK,2,4384289,9810,7978,Eintracht Frankfurt,Union St.Gilloise,1,0.9189189189,0.9594594595,0.1130952381,True,utc_time_competition_score_high_confidence_name,OK,True,True,True,ACCEPTED
202324-0771,LIVE_REFRESH_VERIFIED,False,False,False,OK,3,4384291,8222,8638,Ferencvaros,Olympiacos,1,0.6428571429,0.8214285714,0.2857142857,True,separated_utc_time_competition_score_alias,OK,True,True,True,ACCEPTED
202324-0775,LIVE_REFRESH_VERIFIED,False,False,False,OK,1,4384293,8673,9917,Legia Warszawa,Molde,0.9230769231,1,0.9615384615,0,True,utc_time_competition_score_high_confidence_name,OK,True,True,True,ACCEPTED
202324-0191,LIVE_REFRESH_VERIFIED,False,False,False,OK,2,4384187,8560,9847,Real Sociedad,Paris Saint-Germain,1,1,1,0.2460391426,True,utc_time_competition_score_high_confidence_name,OK,True,True,True,ACCEPTED
202324-0197,LIVE_REFRESH_VERIFIED,False,False,False,OK,1,4384190,9823,8543,Bayern München,Lazio,1,1,1,0,True,utc_time_competition_score_high_confidence_name,OK,True,True,True,ACCEPTED
202324-0371,LIVE_REFRESH_VERIFIED,False,False,False,OK,1,4430808,9768,8524,Sporting CP,Atalanta,0.7586206897,1,0.8793103448,0,True,utc_time_competition_score_high_confidence_name,OK,True,True,True,ACCEPTED
202324-0199,LIVE_REFRESH_VERIFIED,False,False,False,OK,1,4384191,8456,8391,Manchester City,FC København,1,1,1,0,True,utc_time_competition_score_high_confidence_name,OK,True,True,True,ACCEPTED
202324-0201,LIVE_REFRESH_VERIFIED,False,False,False,OK,2,4384192,8633,178475,Real Madrid,RB Leipzig,1,1,1,0.2070707071,True,utc_time_competition_score_high_confidence_name,OK,True,True,True,ACCEPTED
202324-0361,LIVE_REFRESH_VERIFIED,False,False,False,OK,1,4430795,10247,8650,Sparta Prague,Liverpool,0.8,1,0.9,0,True,utc_time_competition_score_high_confidence_name,OK,True,True,True,ACCEPTED
202324-0365,LIVE_REFRESH_VERIFIED,False,False,False,OK,2,4430800,8686,10204,Roma,Brighton & Hove Albion,0.7272727273,1,0.8636363636,0.2426470588,True,utc_time_competition_score_high_confidence_name,OK,True,True,True,ACCEPTED
202324-0375,LIVE_REFRESH_VERIFIED,False,False,False,OK,2,4430813,7981,8178,Qarabag FK,Bayer Leverkusen,1,1,1,0.2453416149,True,utc_time_competition_score_high_confidence_name,OK,True,True,True,ACCEPTED
202324-0780,LIVE_REFRESH_VERIFIED,False,False,False,OK,2,4430920,8593,10252,Ajax,Aston Villa,1,1,1,0.12,True,utc_time_competition_score_high_confidence_name,OK,True,True,True,ACCEPTED
202324-0782,LIVE_REFRESH_VERIFIED,False,False,False,OK,1,4430921,9917,8342,Molde,Club Brugge,1,1,1,0,True,utc_time_competition_score_high_confidence_name,OK,True,True,True,ACCEPTED
202324-0788,LIVE_REFRESH_VERIFIED,False,False,False,OK,2,4430924,10014,8639,Sturm Graz,Lille,1,0.7142857143,0.8571428571,0.253411306,True,utc_time_competition_score_high_confidence_name,OK,True,True,True,ACCEPTED
202324-0792,LIVE_REFRESH_VERIFIED,False,False,False,OK,1,4430926,8638,7855,Olympiacos,Maccabi Tel Aviv,0.6428571429,1,0.8214285714,0,True,unique_utc_time_competition_score_alias,OK,True,True,True,ACCEPTED
202324-0363,LIVE_REFRESH_VERIFIED,False,False,False,OK,2,4430798,8592,10205,Marseille,Villarreal,0.6428571429,1,0.8214285714,0.2480818414,True,separated_utc_time_competition_score_alias,OK,True,True,True,ACCEPTED
202324-0367,LIVE_REFRESH_VERIFIED,False,False,False,OK,2,4430803,9772,8548,Benfica,Rangers,1,0.6363636364,0.8181818182,0.2718894009,True,separated_utc_time_competition_score_alias,OK,True,True,True,ACCEPTED
202324-0369,LIVE_REFRESH_VERIFIED,False,False,False,OK,1,4430806,8358,8654,SC Freiburg,West Ham United,1,1,1,0,True,utc_time_competition_score_high_confidence_name,OK,True,True,True,ACCEPTED
202324-0373,LIVE_REFRESH_VERIFIED,False,False,False,OK,1,4430810,8564,7787,AC Milan,Slavia Prague,1,0.8,0.9,0,True,utc_time_competition_score_high_confidence_name,OK,True,True,True,ACCEPTED
202324-0778,LIVE_REFRESH_VERIFIED,False,False,False,OK,2,4430919,9777,6033,Servette,Viktoria Plzen,0.6956521739,1,0.847826087,0.12,True,separated_utc_time_competition_score_alias,OK,True,True,True,ACCEPTED
202324-0784,LIVE_REFRESH_VERIFIED,False,False,False,OK,2,4430922,7978,8695,Union St.Gilloise,Fenerbahce,0.9189189189,1,0.9594594595,0.1666666667,True,utc_time_competition_score_high_confidence_name,OK,True,True,True,ACCEPTED
202324-0786,LIVE_REFRESH_VERIFIED,False,False,False,OK,1,4430923,10156,8619,Dinamo Zagreb,PAOK Thessaloniki FC,1,1,1,0,True,utc_time_competition_score_high_confidence_name,OK,True,True,True,ACCEPTED
202324-0790,LIVE_REFRESH_VERIFIED,False,False,False,OK,1,4430925,10185,8535,Maccabi Haifa,Fiorentina,1,1,1,0,True,utc_time_competition_score_high_confidence_name,OK,True,True,True,ACCEPTED
202324-0187,LIVE_REFRESH_VERIFIED,False,False,False,OK,3,4384185,9825,9773,Arsenal,FC Porto,1,1,1,0.2152380952,True,utc_time_competition_score_high_confidence_name,OK,True,True,True,ACCEPTED
202324-0189,LIVE_REFRESH_VERIFIED,False,False,False,OK,1,4384186,8634,9875,Barcelona,SSC Napoli,1,0.75,0.875,0,True,utc_time_competition_score_high_confidence_name,OK,True,True,True,ACCEPTED
202324-0193,LIVE_REFRESH_VERIFIED,False,False,False,OK,1,4384188,9906,8636,Atletico Madrid,Inter,1,0.5263157895,0.7631578947,0,True,unique_utc_time_competition_score_alias,OK,True,True,True,ACCEPTED
202324-0195,LIVE_REFRESH_VERIFIED,False,False,False,OK,1,4384189,9789,8640,Borussia Dortmund,PSV Eindhoven,1,1,1,0,True,utc_time_competition_score_high_confidence_name,OK,True,True,True,ACCEPTED
202324-0364,LIVE_REFRESH_VERIFIED,False,False,False,OK,1,4430799,10205,8592,Villarreal,Marseille,1,0.6428571429,0.8214285714,0,True,unique_utc_time_competition_score_alias,OK,True,True,True,ACCEPTED
202324-0368,LIVE_REFRESH_VERIFIED,False,False,False,OK,1,4430804,8548,9772,Rangers,Benfica,0.6363636364,1,0.8181818182,0,True,unique_utc_time_competition_score_alias,OK,True,True,True,ACCEPTED
202324-0370,LIVE_REFRESH_VERIFIED,False,False,False,OK,1,4430807,8654,8358,West Ham United,SC Freiburg,1,1,1,0,True,utc_time_competition_score_high_confidence_name,OK,True,True,True,ACCEPTED
202324-0374,LIVE_REFRESH_VERIFIED,False,False,False,OK,1,4430812,7787,8564,Slavia Prague,AC Milan,0.8,1,0.9,0,True,utc_time_competition_score_high_confidence_name,OK,True,True,True,ACCEPTED
202324-0779,LIVE_REFRESH_VERIFIED,False,False,False,OK,1,4430927,6033,9777,Viktoria Plzen,Servette,1,0.6956521739,0.847826087,0,True,unique_utc_time_competition_score_alias,OK,True,True,True,ACCEPTED
202324-0785,LIVE_REFRESH_VERIFIED,False,False,False,OK,1,4430930,8695,7978,Fenerbahce,Union St.Gilloise,1,0.9189189189,0.9594594595,0,True,utc_time_competition_score_high_confidence_name,OK,True,True,True,ACCEPTED
202324-0787,LIVE_REFRESH_VERIFIED,False,False,False,OK,1,4430931,8619,10156,PAOK Thessaloniki FC,Dinamo Zagreb,1,1,1,0,True,utc_time_competition_score_high_confidence_name,OK,True,True,True,ACCEPTED
202324-0791,LIVE_REFRESH_VERIFIED,False,False,False,OK,2,4430933,8535,10185,Fiorentina,Maccabi Haifa,1,1,1,0.2202898551,True,utc_time_competition_score_high_confidence_name,OK,True,True,True,ACCEPTED
202324-0362,LIVE_REFRESH_VERIFIED,False,False,False,OK,1,4430797,8650,10247,Liverpool,Sparta Prague,1,0.8,0.9,0,True,utc_time_competition_score_high_confidence_name,OK,True,True,True,ACCEPTED
202324-0366,LIVE_REFRESH_VERIFIED,False,False,False,OK,1,4430802,10204,8686,Brighton & Hove Albion,Roma,1,0.7272727273,0.8636363636,0,True,utc_time_competition_score_high_confidence_name,OK,True,True,True,ACCEPTED
202324-0372,LIVE_REFRESH_VERIFIED,False,False,False,OK,1,4430809,8524,9768,Atalanta,Sporting CP,1,0.7586206897,0.8793103448,0,True,utc_time_competition_score_high_confidence_name,OK,True,True,True,ACCEPTED
202324-0376,LIVE_REFRESH_VERIFIED,False,False,False,OK,1,4430814,8178,7981,Bayer Leverkusen,Qarabag FK,1,1,1,0,True,utc_time_competition_score_high_confidence_name,OK,True,True,True,ACCEPTED
202324-0781,LIVE_REFRESH_VERIFIED,False,False,False,OK,1,4430928,10252,8593,Aston Villa,Ajax,1,1,1,0,True,utc_time_competition_score_high_confidence_name,OK,True,True,True,ACCEPTED
202324-0783,LIVE_REFRESH_VERIFIED,False,False,False,OK,1,4430929,8342,9917,Club Brugge,Molde,1,1,1,0,True,utc_time_competition_score_high_confidence_name,OK,True,True,True,ACCEPTED
202324-0789,LIVE_REFRESH_VERIFIED,False,False,False,OK,2,4430932,8639,10014,Lille,Sturm Graz,0.7142857143,1,0.8571428571,0.2356979405,True,utc_time_competition_score_high_confidence_name,OK,True,True,True,ACCEPTED
202324-0793,LIVE_REFRESH_VERIFIED,False,False,False,OK,1,4430934,7855,8638,Maccabi Tel Aviv,Olympiacos,1,0.6428571429,0.8214285714,0,True,unique_utc_time_competition_score_alias,OK,True,True,True,ACCEPTED
202324-0202,LIVE_REFRESH_VERIFIED,False,False,False,OK,1,4446279,9825,9823,Arsenal,Bayern München,1,1,1,0,True,utc_time_competition_score_high_confidence_name,OK,True,True,True,ACCEPTED
202324-0206,LIVE_REFRESH_VERIFIED,False,False,False,OK,1,4446283,8633,8456,Real Madrid,Manchester City,1,1,1,0,True,utc_time_competition_score_high_confidence_name,OK,True,True,True,ACCEPTED
202324-0204,LIVE_REFRESH_VERIFIED,False,False,False,OK,1,4446281,9906,9789,Atletico Madrid,Borussia Dortmund,1,1,1,0,True,utc_time_competition_score_high_confidence_name,OK,True,True,True,ACCEPTED
202324-0208,LIVE_REFRESH_VERIFIED,False,False,False,OK,1,4446285,9847,8634,Paris Saint-Germain,Barcelona,1,1,1,0,True,utc_time_competition_score_high_confidence_name,OK,True,True,True,ACCEPTED
202324-0796,LIVE_REFRESH_VERIFIED,False,False,False,OK,1,4446443,8638,8695,Olympiacos,Fenerbahce,0.6428571429,1,0.8214285714,0,True,unique_utc_time_competition_score_alias,OK,True,True,True,ACCEPTED
202324-0800,LIVE_REFRESH_VERIFIED,False,False,False,OK,1,4446445,6033,8535,Viktoria Plzen,Fiorentina,1,1,1,0,True,utc_time_competition_score_high_confidence_name,OK,True,True,True,ACCEPTED
202324-0377,LIVE_REFRESH_VERIFIED,False,False,False,OK,1,4446401,8564,8686,AC Milan,Roma,1,0.7272727273,0.8636363636,0,True,utc_time_competition_score_high_confidence_name,OK,True,True,True,ACCEPTED
202324-0379,LIVE_REFRESH_VERIFIED,False,False,False,OK,1,4446403,8650,8524,Liverpool,Atalanta,1,1,1,0,True,utc_time_competition_score_high_confidence_name,OK,True,True,True,ACCEPTED
202324-0381,LIVE_REFRESH_VERIFIED,False,False,False,OK,1,4446405,8178,8654,Bayer Leverkusen,West Ham United,1,1,1,0,True,utc_time_competition_score_high_confidence_name,OK,True,True,True,ACCEPTED
202324-0383,LIVE_REFRESH_VERIFIED,False,False,False,OK,1,4446407,9772,8592,Benfica,Marseille,1,0.6428571429,0.8214285714,0,True,unique_utc_time_competition_score_alias,OK,True,True,True,ACCEPTED
202324-0794,LIVE_REFRESH_VERIFIED,False,False,False,OK,1,4446442,8342,8619,Club Brugge,PAOK Thessaloniki FC,1,1,1,0,True,utc_time_competition_score_high_confidence_name,OK,True,True,True,ACCEPTED
202324-0798,LIVE_REFRESH_VERIFIED,False,False,False,OK,1,4446444,10252,8639,Aston Villa,Lille,1,0.7142857143,0.8571428571,0,True,utc_time_competition_score_high_confidence_name,OK,True,True,True,ACCEPTED
202324-0205,LIVE_REFRESH_VERIFIED,False,False,False,OK,2,4446282,9789,9906,Borussia Dortmund,Atletico Madrid,1,1,1,0.2608695652,True,utc_time_competition_score_high_confidence_name,OK,True,True,True,ACCEPTED
202324-0209,LIVE_REFRESH_VERIFIED,False,False,False,OK,1,4446286,8634,9847,Barcelona,Paris Saint-Germain,1,1,1,0,True,utc_time_competition_score_high_confidence_name,OK,True,True,True,ACCEPTED
202324-0203,LIVE_REFRESH_VERIFIED,False,False,False,OK,2,4446280,9823,9825,Bayern München,Arsenal,1,1,1,0.3018181818,True,utc_time_competition_score_high_confidence_name,OK,True,True,True,ACCEPTED
202324-0207,LIVE_REFRESH_VERIFIED,False,False,False,OK,1,4446284,8456,8633,Manchester City,Real Madrid,1,1,1,0,True,utc_time_competition_score_high_confidence_name,OK,True,True,True,PENALTY_SCOPE_UNVERIFIED
202324-0799,LIVE_REFRESH_VERIFIED,False,False,False,OK,1,4446448,8639,10252,Lille,Aston Villa,0.7142857143,1,0.8571428571,0,True,utc_time_competition_score_high_confidence_name,OK,True,True,True,ACCEPTED
202324-0801,LIVE_REFRESH_VERIFIED,False,False,False,OK,1,4446449,8535,6033,Fiorentina,Viktoria Plzen,1,1,1,0,True,utc_time_competition_score_high_confidence_name,OK,True,True,True,ACCEPTED
202324-0378,LIVE_REFRESH_VERIFIED,False,False,False,OK,1,4446402,8686,8564,Roma,AC Milan,0.7272727273,1,0.8636363636,0,True,utc_time_competition_score_high_confidence_name,OK,True,True,True,ACCEPTED
202324-0380,LIVE_REFRESH_VERIFIED,False,False,False,OK,1,4446404,8524,8650,Atalanta,Liverpool,1,1,1,0,True,utc_time_competition_score_high_confidence_name,OK,True,True,True,ACCEPTED
202324-0382,LIVE_REFRESH_VERIFIED,False,False,False,OK,1,4446406,8654,8178,West Ham United,Bayer Leverkusen,1,1,1,0,True,utc_time_competition_score_high_confidence_name,OK,True,True,True,ACCEPTED
202324-0384,LIVE_REFRESH_VERIFIED,False,False,False,OK,1,4446408,8592,9772,Marseille,Benfica,0.6428571429,1,0.8214285714,0,True,unique_utc_time_competition_score_alias,OK,True,True,True,PENALTY_SCOPE_UNVERIFIED
202324-0795,LIVE_REFRESH_VERIFIED,False,False,False,OK,1,4446446,8619,8342,PAOK Thessaloniki FC,Club Brugge,1,1,1,0,True,utc_time_competition_score_high_confidence_name,OK,True,True,True,ACCEPTED
202324-0797,LIVE_REFRESH_VERIFIED,False,False,False,OK,1,4446447,8695,8638,Fenerbahce,Olympiacos,1,0.6428571429,0.8214285714,0,True,unique_utc_time_competition_score_alias,OK,True,True,True,ACCEPTED
202324-0212,LIVE_REFRESH_VERIFIED,False,False,False,OK,1,4446289,9823,8633,Bayern München,Real Madrid,1,1,1,0,True,utc_time_competition_score_high_confidence_name,OK,True,True,True,ACCEPTED
202324-0210,LIVE_REFRESH_VERIFIED,False,False,False,OK,1,4446287,9789,9847,Borussia Dortmund,Paris Saint-Germain,1,1,1,0,True,utc_time_competition_score_high_confidence_name,OK,True,True,True,ACCEPTED
202324-0385,LIVE_REFRESH_VERIFIED,False,False,False,OK,1,4446409,8592,8524,Marseille,Atalanta,0.6428571429,1,0.8214285714,0,True,unique_utc_time_competition_score_alias,OK,True,True,True,ACCEPTED
202324-0387,LIVE_REFRESH_VERIFIED,False,False,False,OK,1,4446411,8686,8178,Roma,Bayer Leverkusen,0.7272727273,1,0.8636363636,0,True,utc_time_competition_score_high_confidence_name,OK,True,True,True,ACCEPTED
202324-0802,LIVE_REFRESH_VERIFIED,False,False,False,OK,1,4446450,10252,8638,Aston Villa,Olympiacos,1,0.6428571429,0.8214285714,0,True,unique_utc_time_competition_score_alias,OK,True,True,True,ACCEPTED
202324-0804,LIVE_REFRESH_VERIFIED,False,False,False,OK,1,4446451,8535,8342,Fiorentina,Club Brugge,1,1,1,0,True,utc_time_competition_score_high_confidence_name,OK,True,True,True,ACCEPTED
202324-0211,LIVE_REFRESH_VERIFIED,False,False,False,OK,1,4446288,9847,9789,Paris Saint-Germain,Borussia Dortmund,1,1,1,0,True,utc_time_competition_score_high_confidence_name,OK,True,True,True,ACCEPTED
202324-0805,LIVE_REFRESH_VERIFIED,False,False,False,OK,1,4446453,8342,8535,Club Brugge,Fiorentina,1,1,1,0,True,utc_time_competition_score_high_confidence_name,OK,True,True,True,ACCEPTED
202324-0213,LIVE_REFRESH_VERIFIED,False,False,False,OK,1,4446290,8633,9823,Real Madrid,Bayern München,1,1,1,0,True,utc_time_competition_score_high_confidence_name,OK,True,True,True,ACCEPTED
202324-0386,LIVE_REFRESH_VERIFIED,False,False,False,OK,1,4446410,8524,8592,Atalanta,Marseille,1,0.6428571429,0.8214285714,0,True,unique_utc_time_competition_score_alias,OK,True,True,True,ACCEPTED
202324-0388,LIVE_REFRESH_VERIFIED,False,False,False,OK,1,4446412,8178,8686,Bayer Leverkusen,Roma,1,0.7272727273,0.8636363636,0,True,utc_time_competition_score_high_confidence_name,OK,True,True,True,ACCEPTED
202324-0803,LIVE_REFRESH_VERIFIED,False,False,False,OK,1,4446452,8638,10252,Olympiacos,Aston Villa,0.6428571429,1,0.8214285714,0,True,unique_utc_time_competition_score_alias,OK,True,True,True,ACCEPTED
202324-0389,LIVE_REFRESH_VERIFIED,False,False,False,OK,1,4446413,8524,8178,Atalanta,Bayer Leverkusen,1,1,1,0,True,utc_time_competition_score_high_confidence_name,OK,True,True,True,ACCEPTED
202324-0806,LIVE_REFRESH_VERIFIED,False,False,False,OK,1,4446454,8638,8535,Olympiacos,Fiorentina,0.6428571429,1,0.8214285714,0,True,unique_utc_time_competition_score_alias,OK,True,True,True,ACCEPTED
202324-0214,LIVE_REFRESH_VERIFIED,False,False,False,OK,1,4446291,9789,8633,Borussia Dortmund,Real Madrid,1,1,1,0,True,utc_time_competition_score_high_confidence_name,OK,True,True,True,ACCEPTED
202425-0015,LIVE_REFRESH_VERIFIED,False,False,False,OK,3,4507146,479143,9861,FK Panevezys,HJK,1,0.4,0.7,0.2575757576,True,separated_utc_time_competition_score_alias,OK,True,True,True,NO_PUBLIC_XG
202425-0007,LIVE_REFRESH_VERIFIED,False,False,False,OK,1,4507138,4528,545012,Hamrun Spartans,Lincoln Red Imps FC,1,1,1,0,True,utc_time_competition_score_high_confidence_name,OK,True,True,True,NO_PUBLIC_XG
202425-0003,LIVE_REFRESH_VERIFIED,False,False,False,OK,3,4507162,7852,8100,TNS,Decic Tuzi,1,1,1,0.2333333333,True,utc_time_competition_score_high_confidence_name,OK,True,True,True,NO_PUBLIC_XG
202425-0009,LIVE_REFRESH_VERIFIED,False,False,False,OK,1,4507140,155305,952668,UE Santa Coloma,Ballkani,1,1,1,0,True,utc_time_competition_score_high_confidence_name,OK,True,True,True,NO_PUBLIC_XG
202425-0019,LIVE_REFRESH_VERIFIED,False,False,False,OK,3,4507150,6017,4131,Vikingur Reykjavik,Shamrock Rovers,1,1,1,0.210989011,True,utc_time_competition_score_high_confidence_name,OK,True,True,True,NO_PUBLIC_XG
202425-0021,LIVE_REFRESH_VERIFIED,False,False,False,OK,1,4507152,163539,9723,Virtus Acquaviva,FC FCSB,0.5454545455,1,0.7727272727,0,True,unique_utc_time_competition_score_alias,OK,True,True,True,NO_PUBLIC_XG
202425-0025,LIVE_REFRESH_VERIFIED,False,False,False,OK,3,4507156,2127,561981,Ordabasy Shymkent,CS Petrocub,1,0.5714285714,0.7857142857,0.2732142857,True,separated_utc_time_competition_score_alias,OK,True,True,True,NO_PUBLIC_XG
202425-0011,LIVE_REFRESH_VERIFIED,False,False,False,OK,1,4507142,8155,4622,Flora Tallinn,NK Celje,1,1,1,0,True,utc_time_competition_score_high_confidence_name,OK,True,True,True,NO_PUBLIC_XG
202425-0001,LIVE_REFRESH_VERIFIED,False,False,False,OK,1,4507160,6019,866489,Slovan Bratislava,FK Struga,1,1,1,0,True,utc_time_competition_score_high_confidence_name,OK,True,True,True,NO_PUBLIC_XG
202425-0017,LIVE_REFRESH_VERIFIED,False,False,False,OK,3,4507148,248871,2206,RFS,Larne,1,1,1,0.2333333333,True,utc_time_competition_score_high_confidence_name,OK,True,True,True,NO_PUBLIC_XG
202425-0013,LIVE_REFRESH_VERIFIED,False,False,False,OK,1,4507144,8106,7951,Klaksvik,FC Differdange 03,0.8421052632,1,0.9210526316,0,True,utc_time_competition_score_high_confidence_name,OK,True,True,True,NO_PUBLIC_XG
202425-0023,LIVE_REFRESH_VERIFIED,False,False,False,OK,1,4507154,210173,6193,Ludogorets Razgrad,Dinamo Batumi,1,1,1,0,True,utc_time_competition_score_high_confidence_name,OK,True,True,True,NO_PUBLIC_XG
202425-0549,LIVE_REFRESH_VERIFIED,False,False,False,OK,4,4507267,10122,10050,FK Velez Mostar,Inter Club d'Escaldes,1,1,1,0.2681481481,True,utc_time_competition_score_high_confidence_name,OK,True,True,True,NO_PUBLIC_XG
202425-0027,LIVE_REFRESH_VERIFIED,False,False,False,OK,3,4507158,10058,6345,Dinamo Minsk,Pyunik,1,0.6,0.8,0.3045977011,True,separated_utc_time_competition_score_alias,OK,True,True,True,NO_PUBLIC_XG
202425-0005,LIVE_REFRESH_VERIFIED,False,False,False,OK,1,4507136,10116,10039,Borac Banja Luka,Egnatia,1,0.56,0.78,0,True,unique_utc_time_competition_score_alias,OK,True,True,True,NO_PUBLIC_XG
202425-0583,LIVE_REFRESH_VERIFIED,False,False,False,OK,5,4507280,2106,8002,Auda,B36 Torshavn,1,1,1,0.2916666667,True,utc_time_competition_score_high_confidence_name,OK,True,True,True,NO_PUBLIC_XG
202425-0553,LIVE_REFRESH_VERIFIED,False,False,False,OK,1,4507277,1273410,8627,Malisheva,Buducnost Podgorica,0.8571428571,1,0.9285714286,0,True,utc_time_competition_score_high_confidence_name,OK,True,True,True,NO_PUBLIC_XG
202425-0575,LIVE_REFRESH_VERIFIED,False,False,False,OK,4,4507284,8000,10105,Aktobe,FK Sarajevo,1,1,1,0.288961039,True,utc_time_competition_score_high_confidence_name,OK,True,True,True,NO_PUBLIC_XG
202425-0579,LIVE_REFRESH_VERIFIED,False,False,False,OK,1,4507270,1099941,1588,FA Siauliai,FCI Levadia,1,0.6363636364,0.8181818182,0,True,unique_utc_time_competition_score_alias,OK,True,True,True,NO_PUBLIC_XG
202425-0595,LIVE_REFRESH_VERIFIED,False,False,False,OK,4,4507286,8016,4666,FK Liepaja,Vikingur,1,1,1,0.2828947368,True,utc_time_competition_score_high_confidence_name,OK,True,True,True,NO_PUBLIC_XG
202425-0557,LIVE_REFRESH_VERIFIED,False,False,False,OK,5,4507287,866111,2234,FC Noah,KF Shkendija,1,0.8571428571,0.9285714286,0.2843137255,True,utc_time_competition_score_high_confidence_name,OK,True,True,True,NO_PUBLIC_XG
202425-0585,LIVE_REFRESH_VERIFIED,False,False,False,OK,4,4507285,856680,2193,NK Bravo,Connah's Quay Nomads,1,0.7878787879,0.8939393939,0.2087114338,True,utc_time_competition_score_high_confidence_name,OK,True,True,True,NO_PUBLIC_XG
202425-0591,LIVE_REFRESH_VERIFIED,False,False,False,OK,5,4507276,1080103,8338,Bruno's Magpies,Derry City,0.6923076923,1,0.8461538462,0.2055137845,True,separated_utc_time_competition_score_alias,OK,True,True,True,NO_PUBLIC_XG
202425-0563,LIVE_REFRESH_VERIFIED,False,False,False,OK,4,4507278,10044,4548,Atletic Escaldes,F91 Dudelange,0.9411764706,1,0.9705882353,0.1726190476,True,utc_time_competition_score_high_confidence_name,OK,True,True,True,NO_PUBLIC_XG
202425-0571,LIVE_REFRESH_VERIFIED,False,False,False,OK,3,4507274,49578,7979,Talinna Kalev,Urartu FC,0.3846153846,1,0.6923076923,0.2672727273,True,separated_utc_time_competition_score_alias,OK,True,True,True,NO_PUBLIC_XG
202425-0282,LIVE_REFRESH_VERIFIED,False,False,False,OK,1,4507200,8014,2137,Elfsborg,Pafos FC,0.8421052632,1,0.9210526316,0,True,utc_time_competition_score_high_confidence_name,OK,True,True,True,NO_PUBLIC_XG
202425-0284,LIVE_REFRESH_VERIFIED,False,False,False,OK,1,4507201,7986,1515102,Paksi SE,Corvinul Hunedoara,0.7692307692,1,0.8846153846,0,True,utc_time_competition_score_high_confidence_name,OK,True,True,True,NO_PUBLIC_XG
202425-0286,LIVE_REFRESH_VERIFIED,False,False,False,OK,1,4507202,9729,577619,FC Sheriff,Zira,0.6086956522,1,0.8043478261,0,True,unique_utc_time_competition_score_alias,OK,True,True,True,NO_PUBLIC_XG
202425-0290,LIVE_REFRESH_VERIFIED,False,False,False,OK,1,4507204,10186,7983,Ruzomberok,Tobol Kostanay,0.8333333333,0.8571428571,0.8452380952,0,True,utc_time_competition_score_high_confidence_name,OK,True,True,True,NO_PUBLIC_XG
202425-0555,LIVE_REFRESH_VERIFIED,False,False,False,OK,4,4507282,2216,10029,Torpedo Kutaisi,KF Tirana,1,1,1,0.2673796791,True,utc_time_competition_score_high_confidence_name,OK,True,True,True,NO_PUBLIC_XG
202425-0559,LIVE_REFRESH_VERIFIED,False,False,False,OK,1,4507268,1580,163542,Floriana,Tre Penne Galazzano,1,0.6428571429,0.8214285714,0,True,unique_utc_time_competition_score_alias,OK,True,True,True,NO_PUBLIC_XG
202425-0569,LIVE_REFRESH_VERIFIED,False,False,False,OK,1,4507269,10072,175682,Torpedo Zhodino,FC Milsami Orhei,1,1,1,0,True,utc_time_competition_score_high_confidence_name,OK,True,True,True,NO_PUBLIC_XG
202425-0587,LIVE_REFRESH_VERIFIED,False,False,False,OK,1,4507290,271923,1693,Una Strassen,KuPS,1,1,1,0,True,utc_time_competition_score_high_confidence_name,OK,True,True,True,NO_PUBLIC_XG
202425-0597,LIVE_REFRESH_VERIFIED,False,False,False,OK,3,4507291,6597,4616,VPS,Zalgiris Vilnius,0.5,1,0.75,0.1984126984,True,separated_utc_time_competition_score_alias,OK,True,True,True,NO_PUBLIC_XG
202425-0561,LIVE_REFRESH_VERIFIED,False,False,False,OK,5,4507273,2198,1937,Caernarfon,Crusaders,0.8,0.6923076923,0.7461538462,0.2973913043,True,separated_utc_time_competition_score_alias,OK,True,True,True,NO_PUBLIC_XG
202425-0280,LIVE_REFRESH_VERIFIED,False,False,False,OK,1,4507199,10131,8340,Botev Plovdiv,Maribor,1,1,1,0,True,utc_time_competition_score_high_confidence_name,OK,True,True,True,NO_PUBLIC_XG
202425-0573,LIVE_REFRESH_VERIFIED,False,False,False,OK,4,4507279,10028,8499,Partizani,Marsaxlokk FC,0.72,1,0.86,0.234295416,True,utc_time_competition_score_high_confidence_name,OK,True,True,True,NO_PUBLIC_XG
202425-0589,LIVE_REFRESH_VERIFIED,False,False,False,OK,3,4507271,175654,163540,Bala Town,Paide Linnameeskond,1,1,1,0.2218181818,True,utc_time_competition_score_high_confidence_name,OK,True,True,True,NO_PUBLIC_XG
202425-0288,LIVE_REFRESH_VERIFIED,False,False,False,OK,1,4507203,10265,784763,Wisla Krakow,Llapi,1,0.7692307692,0.8846153846,0,True,utc_time_competition_score_high_confidence_name,OK,True,True,True,ACCEPTED
202425-0567,LIVE_REFRESH_VERIFIED,False,False,False,OK,1,4507288,206546,8332,GFK Tikves Kavadarci,Breidablik,0.8888888889,1,0.9444444444,0,True,utc_time_competition_score_high_confidence_name,OK,True,True,True,NO_PUBLIC_XG
202425-0551,LIVE_REFRESH_VERIFIED,False,False,False,OK,4,4507297,163541,439329,La Fiorita Montegiardino,Isloch,0.5882352941,0.5,0.5441176471,0.2788461538,False,identity_below_threshold_or_ambiguous,NOT_REQUESTED,False,False,False,IDENTITY_AMBIGUOUS
202425-0565,LIVE_REFRESH_VERIFIED,False,False,False,OK,2,4507283,5751,631395,Shelbourne,St Joseph's,1,1,1,0.2275,True,utc_time_competition_score_high_confidence_name,OK,True,True,True,NO_PUBLIC_XG
202425-0577,LIVE_REFRESH_VERIFIED,False,False,False,OK,2,4507289,175653,7755,Mornar,Dinamo Tbilisi,0.75,1,0.875,0.27,True,utc_time_competition_score_high_confidence_name,OK,True,True,True,NO_PUBLIC_XG
202425-0581,LIVE_REFRESH_VERIFIED,False,False,False,OK,1,4507275,8064,10034,Valur,Vllaznia,0.5,0.6666666667,0.5833333333,0,True,unique_utc_time_competition_score_alias,OK,True,True,True,NO_PUBLIC_XG
202425-0593,LIVE_REFRESH_VERIFIED,False,False,False,OK,5,4507281,6343,7971,Stjarnan,Linfield,1,0.6666666667,0.8333333333,0.3577777778,True,separated_utc_time_competition_score_alias,OK,True,True,True,NO_PUBLIC_XG
202425-0010,LIVE_REFRESH_VERIFIED,False,False,False,OK,2,4507141,952668,155305,Ballkani,UE Santa Coloma,1,1,1,0.2589285714,True,utc_time_competition_score_high_confidence_name,OK,True,True,True,NO_PUBLIC_XG
202425-0008,LIVE_REFRESH_VERIFIED,False,False,False,OK,2,4507139,545012,4528,Lincoln Red Imps FC,Hamrun Spartans,1,1,1,0.2306397306,True,utc_time_competition_score_high_confidence_name,OK,True,True,True,NO_PUBLIC_XG
202425-0016,LIVE_REFRESH_VERIFIED,False,False,False,OK,2,4507147,9861,479143,HJK,FK Panevezys,0.4,1,0.7,0.2575757576,True,separated_utc_time_competition_score_alias,OK,True,True,True,NO_PUBLIC_XG
202425-0028,LIVE_REFRESH_VERIFIED,False,False,False,OK,2,4507159,6345,10058,Pyunik,Dinamo Minsk,0.6,1,0.8,0.3185185185,True,separated_utc_time_competition_score_alias,OK,True,True,True,NO_PUBLIC_XG
202425-0012,LIVE_REFRESH_VERIFIED,False,False,False,OK,3,4507143,4622,8155,NK Celje,Flora Tallinn,1,1,1,0.2902298851,True,utc_time_competition_score_high_confidence_name,OK,True,True,True,NO_PUBLIC_XG
202425-0022,LIVE_REFRESH_VERIFIED,False,False,False,OK,1,4507153,9723,163539,FC FCSB,Virtus Acquaviva,1,0.5454545455,0.7727272727,0,True,unique_utc_time_competition_score_alias,OK,True,True,True,NO_PUBLIC_XG
202425-0004,LIVE_REFRESH_VERIFIED,False,False,False,OK,2,4507163,8100,7852,Decic Tuzi,TNS,1,1,1,0.1666666667,True,utc_time_competition_score_high_confidence_name,OK,True,True,True,NO_PUBLIC_XG
202425-0020,LIVE_REFRESH_VERIFIED,False,False,False,OK,3,4507151,4131,6017,Shamrock Rovers,Vikingur Reykjavik,1,1,1,0.164516129,True,utc_time_competition_score_high_confidence_name,OK,True,True,True,NO_PUBLIC_XG
202425-0002,LIVE_REFRESH_VERIFIED,False,False,False,OK,2,4507161,866489,6019,FK Struga,Slovan Bratislava,1,1,1,0.1964285714,True,utc_time_competition_score_high_confidence_name,OK,True,True,True,NO_PUBLIC_XG
202425-0014,LIVE_REFRESH_VERIFIED,False,False,False,OK,1,4507145,7951,8106,FC Differdange 03,Klaksvik,1,0.8421052632,0.9210526316,0,True,utc_time_competition_score_high_confidence_name,OK,True,True,True,NO_PUBLIC_XG
202425-0024,LIVE_REFRESH_VERIFIED,False,False,False,OK,2,4507155,6193,210173,Dinamo Batumi,Ludogorets Razgrad,1,1,1,0.1976190476,True,utc_time_competition_score_high_confidence_name,OK,True,True,True,NO_PUBLIC_XG
202425-0026,LIVE_REFRESH_VERIFIED,False,False,False,OK,2,4507157,561981,2127,CS Petrocub,Ordabasy Shymkent,0.5714285714,1,0.7857142857,0.219047619,True,separated_utc_time_competition_score_alias,OK,True,True,True,NO_PUBLIC_XG
202425-0584,LIVE_REFRESH_VERIFIED,False,False,False,OK,3,4507305,8002,2106,B36 Torshavn,Auda,1,1,1,0.290726817,True,utc_time_competition_score_high_confidence_name,OK,True,True,True,NO_PUBLIC_XG
202425-0562,LIVE_REFRESH_VERIFIED,False,False,False,OK,2,4507298,1937,2198,Crusaders,Caernarfon,0.6923076923,0.8,0.7461538462,0.2338624339,True,separated_utc_time_competition_score_alias,OK,True,True,True,NO_PUBLIC_XG
202425-0006,LIVE_REFRESH_VERIFIED,False,False,False,OK,3,4507137,10039,10116,Egnatia,Borac Banja Luka,0.56,1,0.78,0.2938530735,True,separated_utc_time_competition_score_alias,OK,True,True,True,NO_PUBLIC_XG
202425-0018,LIVE_REFRESH_VERIFIED,False,False,False,OK,1,4507149,2206,248871,Larne,RFS,1,1,1,0,True,utc_time_competition_score_high_confidence_name,OK,True,True,True,NO_PUBLIC_XG
202425-0289,LIVE_REFRESH_VERIFIED,False,False,False,OK,2,4507209,784763,10265,Llapi,Wisla Krakow,0.7692307692,1,0.8846153846,0.1359649123,True,utc_time_competition_score_high_confidence_name,OK,True,True,True,ACCEPTED
202425-0291,LIVE_REFRESH_VERIFIED,False,False,False,OK,1,4507210,7983,10186,Tobol Kostanay,Ruzomberok,0.8571428571,0.8333333333,0.8452380952,0,True,utc_time_competition_score_high_confidence_name,OK,True,True,True,NO_PUBLIC_XG
202425-0572,LIVE_REFRESH_VERIFIED,False,False,False,OK,3,4507299,7979,49578,Urartu FC,Talinna Kalev,1,0.3846153846,0.6923076923,0.2428571429,True,separated_utc_time_competition_score_alias,OK,True,True,True,NO_PUBLIC_XG
202425-0588,LIVE_REFRESH_VERIFIED,False,False,False,OK,1,4507315,1693,271923,KuPS,Una Strassen,1,1,1,0,True,utc_time_competition_score_high_confidence_name,OK,True,True,True,NO_PUBLIC_XG
202425-0283,LIVE_REFRESH_VERIFIED,False,False,False,OK,1,4507206,2137,8014,Pafos FC,Elfsborg,1,0.8421052632,0.9210526316,0,True,utc_time_competition_score_high_confidence_name,OK,True,True,True,NO_PUBLIC_XG
202425-0287,LIVE_REFRESH_VERIFIED,False,False,False,OK,2,4507208,577619,9729,Zira,FC Sheriff,1,0.6086956522,0.8043478261,0.2896825397,True,separated_utc_time_competition_score_alias,OK,True,True,True,NO_PUBLIC_XG
202425-0550,LIVE_REFRESH_VERIFIED,False,False,False,OK,1,4507292,10050,10122,Inter Club d'Escaldes,FK Velez Mostar,1,1,1,0,True,utc_time_competition_score_high_confidence_name,OK,True,True,True,NO_PUBLIC_XG
202425-0566,LIVE_REFRESH_VERIFIED,False,False,False,OK,4,4507308,631395,5751,St Joseph's,Shelbourne,1,1,1,0.3222222222,True,utc_time_competition_score_high_confidence_name,OK,True,True,True,NO_PUBLIC_XG
202425-0570,LIVE_REFRESH_VERIFIED,False,False,False,OK,2,4507294,175682,10072,FC Milsami Orhei,Torpedo Zhodino,1,1,1,0.1769230769,True,utc_time_competition_score_high_confidence_name,OK,True,True,True,NO_PUBLIC_XG
202425-0580,LIVE_REFRESH_VERIFIED,False,False,False,OK,2,4507295,1588,1099941,FCI Levadia,FA Siauliai,0.6363636364,1,0.8181818182,0.1840659341,True,separated_utc_time_competition_score_alias,OK,True,True,True,NO_PUBLIC_XG
202425-0598,LIVE_REFRESH_VERIFIED,False,False,False,OK,1,4507316,4616,6597,Zalgiris Vilnius,VPS,1,0.5,0.75,0,True,unique_utc_time_competition_score_alias,OK,True,True,True,NO_PUBLIC_XG
202425-0590,LIVE_REFRESH_VERIFIED,False,False,False,OK,4,4507296,163540,175654,Paide Linnameeskond,Bala Town,1,1,1,0.2755417957,True,utc_time_competition_score_high_confidence_name,OK,True,True,True,NO_PUBLIC_XG
202425-0564,LIVE_REFRESH_VERIFIED,False,False,False,OK,3,4507303,4548,10044,F91 Dudelange,Atletic Escaldes,1,0.9411764706,0.9705882353,0.2020373514,True,utc_time_competition_score_high_confidence_name,OK,True,True,True,NO_PUBLIC_XG
202425-0574,LIVE_REFRESH_VERIFIED,False,False,False,OK,2,4507304,8499,10028,Marsaxlokk FC,Partizani,1,0.72,0.86,0.09545454545,True,utc_time_competition_score_high_confidence_name,OK,True,True,True,NO_PUBLIC_XG
202425-0578,LIVE_REFRESH_VERIFIED,False,False,False,OK,4,4507314,7755,175653,Dinamo Tbilisi,Mornar,1,0.75,0.875,0.3131313131,True,utc_time_competition_score_high_confidence_name,OK,True,True,True,NO_PUBLIC_XG
202425-0552,LIVE_REFRESH_VERIFIED,False,False,False,OK,3,4507272,439329,163541,Isloch,La Fiorita Montegiardino,0.5,0.5882352941,0.5441176471,0.3081481481,False,identity_below_threshold_or_ambiguous,NOT_REQUESTED,False,False,False,IDENTITY_AMBIGUOUS
202425-0586,LIVE_REFRESH_VERIFIED,False,False,False,OK,1,4507310,2193,856680,Connah's Quay Nomads,NK Bravo,0.7878787879,1,0.8939393939,0,True,utc_time_competition_score_high_confidence_name,OK,True,True,True,NO_PUBLIC_XG
202425-0285,LIVE_REFRESH_VERIFIED,False,False,False,OK,1,4507207,1515102,7986,Corvinul Hunedoara,Paksi SE,1,0.7692307692,0.8846153846,0,True,utc_time_competition_score_high_confidence_name,OK,True,True,True,NO_PUBLIC_XG
202425-0556,LIVE_REFRESH_VERIFIED,False,False,False,OK,3,4507307,10029,2216,KF Tirana,Torpedo Kutaisi,1,1,1,0.343358396,True,utc_time_competition_score_high_confidence_name,OK,True,True,True,NO_PUBLIC_XG
202425-0558,LIVE_REFRESH_VERIFIED,False,False,False,OK,2,4507312,2234,866111,KF Shkendija,FC Noah,0.8571428571,1,0.9285714286,0.1821862348,True,utc_time_competition_score_high_confidence_name,OK,True,True,True,NO_PUBLIC_XG
202425-0596,LIVE_REFRESH_VERIFIED,False,False,False,OK,3,4507311,4666,8016,Vikingur,FK Liepaja,1,1,1,0.2928571429,True,utc_time_competition_score_high_confidence_name,OK,True,True,True,NO_PUBLIC_XG
202425-0281,LIVE_REFRESH_VERIFIED,False,False,False,OK,1,4507205,8340,10131,Maribor,Botev Plovdiv,1,1,1,0,True,utc_time_competition_score_high_confidence_name,OK,True,True,True,NO_PUBLIC_XG
202425-0582,LIVE_REFRESH_VERIFIED,False,False,False,OK,1,4507300,10034,8064,Vllaznia,Valur,0.6666666667,0.5,0.5833333333,0,True,unique_utc_time_competition_score_alias,OK,True,True,True,NO_PUBLIC_XG
202425-0560,LIVE_REFRESH_VERIFIED,False,False,False,OK,4,4507293,163542,1580,Tre Penne Galazzano,Floriana,0.6428571429,1,0.8214285714,0.3722222222,True,separated_utc_time_competition_score_alias,OK,True,True,True,NO_PUBLIC_XG
202425-0592,LIVE_REFRESH_VERIFIED,False,False,False,OK,1,4507301,8338,1080103,Derry City,Bruno's Magpies,1,0.6923076923,0.8461538462,0,True,unique_utc_time_competition_score_alias,OK,True,True,True,NO_PUBLIC_XG
202425-0594,LIVE_REFRESH_VERIFIED,False,False,False,OK,1,4507306,7971,6343,Linfield,Stjarnan,0.6666666667,1,0.8333333333,0,True,unique_utc_time_competition_score_alias,OK,True,True,True,NO_PUBLIC_XG
202425-0554,LIVE_REFRESH_VERIFIED,False,False,False,OK,1,4507302,8627,1273410,Buducnost Podgorica,Malisheva,1,0.8571428571,0.9285714286,0,True,utc_time_competition_score_high_confidence_name,OK,True,True,True,NO_PUBLIC_XG
202425-0576,LIVE_REFRESH_VERIFIED,False,False,False,OK,1,4507309,10105,8000,FK Sarajevo,Aktobe,1,1,1,0,True,utc_time_competition_score_high_confidence_name,OK,True,True,True,NO_PUBLIC_XG
202425-0568,LIVE_REFRESH_VERIFIED,False,False,False,OK,2,4507313,8332,206546,Breidablik,GFK Tikves Kavadarci,1,0.8888888889,0.9444444444,0.2206477733,True,utc_time_competition_score_high_confidence_name,OK,True,True,True,NO_PUBLIC_XG
202425-0037,LIVE_REFRESH_VERIFIED,False,False,False,OK,1,4509525,8402,248871,Bodø/Glimt,RFS,1,1,1,0,True,utc_time_competition_score_high_confidence_name,OK,True,True,True,NO_PUBLIC_XG
202425-0047,LIVE_REFRESH_VERIFIED,False,False,False,OK,1,4509535,479143,1957,FK Panevezys,Jagiellonia Bialystok,1,1,1,0,True,utc_time_competition_score_high_confidence_name,OK,True,True,True,NO_PUBLIC_XG
202425-0049,LIVE_REFRESH_VERIFIED,False,False,False,OK,2,4509537,545012,7981,Lincoln Red Imps FC,Qarabag FK,1,1,1,0.4112903226,True,utc_time_competition_score_high_confidence_name,OK,True,True,True,NO_PUBLIC_XG
202425-0695,LIVE_REFRESH_VERIFIED,False,False,False,OK,2,4509807,952668,4528,Ballkani,Hamrun Spartans,1,1,1,0.3035714286,True,utc_time_competition_score_high_confidence_name,OK,True,True,True,NO_PUBLIC_XG
202425-0031,LIVE_REFRESH_VERIFIED,False,False,False,OK,1,4509519,8621,561981,APOEL Nicosia,CS Petrocub,1,0.5714285714,0.7857142857,0,True,unique_utc_time_competition_score_alias,OK,True,True,True,NO_PUBLIC_XG
202425-0039,LIVE_REFRESH_VERIFIED,False,False,False,OK,1,4509527,10237,8106,Malmö FF,Klaksvik,1,0.8421052632,0.9210526316,0,True,utc_time_competition_score_high_confidence_name,OK,True,True,True,NO_PUBLIC_XG
202425-0685,LIVE_REFRESH_VERIFIED,False,False,False,OK,2,4509797,7951,2127,FC Differdange 03,Ordabasy Shymkent,1,1,1,0.2111111111,True,utc_time_competition_score_high_confidence_name,OK,True,True,True,NO_PUBLIC_XG
202425-0051,LIVE_REFRESH_VERIFIED,False,False,False,OK,2,4509539,9723,7855,FC FCSB,Maccabi Tel Aviv,1,1,1,0.2929292929,True,utc_time_competition_score_high_confidence_name,OK,True,True,True,NO_PUBLIC_XG
202425-0033,LIVE_REFRESH_VERIFIED,False,False,False,OK,1,4509521,8222,7852,Ferencvaros,TNS,1,1,1,0,True,utc_time_competition_score_high_confidence_name,OK,True,True,True,ACCEPTED
202425-0043,LIVE_REFRESH_VERIFIED,False,False,False,OK,1,4509531,155305,8113,UE Santa Coloma,FC Midtjylland,1,1,1,0,True,utc_time_competition_score_high_confidence_name,OK,True,True,True,ACCEPTED
202425-0055,LIVE_REFRESH_VERIFIED,False,False,False,OK,1,4509543,8688,7998,Dynamo Kyiv,Partizan Beograd,1,0.9090909091,0.9545454545,0,True,utc_time_competition_score_high_confidence_name,OK,True,True,True,NO_PUBLIC_XG
202425-0053,LIVE_REFRESH_VERIFIED,False,False,False,OK,1,4509541,7896,8695,Lugano,Fenerbahçe,1,1,1,0,True,utc_time_competition_score_high_confidence_name,OK,True,True,True,ACCEPTED
202425-0041,LIVE_REFRESH_VERIFIED,False,False,False,OK,2,4509529,4131,10247,Shamrock Rovers,Sparta Prague,1,0.8,0.9,0.3718166384,True,utc_time_competition_score_high_confidence_name,OK,True,True,True,NO_PUBLIC_XG
202425-0689,LIVE_REFRESH_VERIFIED,False,False,False,OK,2,4509801,163539,8155,Virtus Acquaviva,Flora Tallinn,0.5454545455,1,0.7727272727,0.25,True,separated_utc_time_competition_score_alias,OK,True,True,True,NO_PUBLIC_XG
202425-0691,LIVE_REFRESH_VERIFIED,False,False,False,OK,4,4509803,866489,6345,FK Struga,Pyunik,1,0.6,0.8,0.4069264069,True,separated_utc_time_competition_score_alias,OK,True,True,True,NO_PUBLIC_XG
202425-0645,LIVE_REFRESH_VERIFIED,False,False,False,OK,4,4509862,624924,8025,Riga FC,Slask Wroclaw,1,1,1,0.2229102167,True,utc_time_competition_score_high_confidence_name,OK,True,True,True,NO_PUBLIC_XG
202425-0693,LIVE_REFRESH_VERIFIED,False,False,False,OK,1,4509805,6193,8100,Dinamo Batumi,Decic Tuzi,1,1,1,0,True,utc_time_competition_score_high_confidence_name,OK,True,True,True,NO_PUBLIC_XG
202425-0035,LIVE_REFRESH_VERIFIED,False,False,False,OK,1,4509523,8619,10116,PAOK Thessaloniki FC,Borac Banja Luka,1,1,1,0,True,utc_time_competition_score_high_confidence_name,OK,True,True,True,NO_PUBLIC_XG
202425-0029,LIVE_REFRESH_VERIFIED,False,False,False,OK,1,4509517,210173,10058,Ludogorets Razgrad,Dinamo Minsk,1,1,1,0,True,utc_time_competition_score_high_confidence_name,OK,True,True,True,NO_PUBLIC_XG
202425-0649,LIVE_REFRESH_VERIFIED,False,False,False,OK,1,4509822,8563,10050,AEK Athens,Inter Club d'Escaldes,1,1,1,0,True,utc_time_competition_score_high_confidence_name,OK,True,True,True,NO_PUBLIC_XG
202425-0045,LIVE_REFRESH_VERIFIED,False,False,False,OK,2,4509533,4622,6019,NK Celje,Slovan Bratislava,1,1,1,0.2323232323,True,utc_time_competition_score_high_confidence_name,OK,True,True,True,NO_PUBLIC_XG
202425-0607,LIVE_REFRESH_VERIFIED,False,False,False,OK,3,4509868,1703,2106,Cliftonville,Auda,1,1,1,0.202020202,True,utc_time_competition_score_high_confidence_name,OK,True,True,True,NO_PUBLIC_XG
202425-0659,LIVE_REFRESH_VERIFIED,False,False,False,OK,4,4509824,1693,8608,KuPS,Tromsø,1,0.7692307692,0.8846153846,0.2591093117,True,utc_time_competition_score_high_confidence_name,OK,True,True,True,NO_PUBLIC_XG
202425-0296,LIVE_REFRESH_VERIFIED,False,False,False,OK,1,4509766,10265,10015,Wisla Krakow,Rapid Wien,1,1,1,0,True,utc_time_competition_score_high_confidence_name,OK,True,True,True,ACCEPTED
202425-0603,LIVE_REFRESH_VERIFIED,False,False,False,OK,4,4509840,1080103,8391,Bruno's Magpies,FC København,0.6923076923,1,0.8461538462,0.2678571429,True,separated_utc_time_competition_score_alias,OK,True,True,True,NO_PUBLIC_XG
202425-0611,LIVE_REFRESH_VERIFIED,False,False,False,OK,3,4509828,213987,8036,Sumqayit,Fehervar FC,0.875,1,0.9375,0.264957265,True,utc_time_competition_score_high_confidence_name,OK,True,True,True,NO_PUBLIC_XG
202425-0621,LIVE_REFRESH_VERIFIED,False,False,False,OK,4,4509830,162146,10011,Ilves,Austria Wien,0.5555555556,1,0.7777777778,0.287250384,True,separated_utc_time_competition_score_alias,OK,True,True,True,NO_PUBLIC_XG
202425-0627,LIVE_REFRESH_VERIFIED,False,False,False,OK,5,4509872,10180,1447232,Mlada Boleslav,FK TransINVEST,1,0.7333333333,0.8666666667,0.3154761905,True,utc_time_competition_score_high_confidence_name,OK,True,True,True,NO_PUBLIC_XG
202425-0637,LIVE_REFRESH_VERIFIED,False,False,False,OK,1,4509874,866111,7980,FC Noah,Sliema Wanderers,1,1,1,0,True,utc_time_competition_score_high_confidence_name,OK,True,True,True,NO_PUBLIC_XG
202425-0643,LIVE_REFRESH_VERIFIED,False,False,False,OK,4,4509848,4616,2137,Zalgiris Vilnius,Pafos FC,1,1,1,0.2605042017,True,utc_time_competition_score_high_confidence_name,OK,True,True,True,NO_PUBLIC_XG
202425-0681,LIVE_REFRESH_VERIFIED,False,False,False,OK,5,4509894,480291,10028,Iberia 1999,Partizani,0.1428571429,0.72,0.4314285714,0.288633461,False,identity_below_threshold_or_ambiguous,NOT_REQUESTED,False,False,False,IDENTITY_AMBIGUOUS
202425-0683,LIVE_REFRESH_VERIFIED,False,False,False,OK,1,4509896,175682,166865,FC Milsami Orhei,FC Astana,1,1,1,0,True,utc_time_competition_score_high_confidence_name,OK,True,True,True,NO_PUBLIC_XG
202425-0294,LIVE_REFRESH_VERIFIED,False,False,False,OK,1,4509765,10186,9752,Ruzomberok,Trabzonspor,0.8333333333,1,0.9166666667,0,True,utc_time_competition_score_high_confidence_name,OK,True,True,True,NO_PUBLIC_XG
202425-0599,LIVE_REFRESH_VERIFIED,False,False,False,OK,5,4509812,6433,8468,Go Ahead Eagles,Brann,1,0.5882352941,0.7941176471,0.2941810345,True,separated_utc_time_competition_score_alias,OK,True,True,True,NO_PUBLIC_XG
202425-0609,LIVE_REFRESH_VERIFIED,False,False,False,OK,2,4509814,8044,2216,Omonia Nicosia,Torpedo Kutaisi,1,1,1,0.2428571429,True,utc_time_competition_score_high_confidence_name,OK,True,True,True,NO_PUBLIC_XG
202425-0641,LIVE_REFRESH_VERIFIED,False,False,False,OK,1,4509834,577619,103598,Zira,DAC 1904 Dunajska Streda,1,0.8837209302,0.9418604651,0,True,utc_time_competition_score_high_confidence_name,OK,True,True,True,NO_PUBLIC_XG
202425-0671,LIVE_REFRESH_VERIFIED,False,False,False,OK,4,4509884,8039,866109,Zimbru,Ararat Armenia,0.5714285714,1,0.7857142857,0.3739130435,True,separated_utc_time_competition_score_alias,OK,True,True,True,NO_PUBLIC_XG
202425-0300,LIVE_REFRESH_VERIFIED,False,False,False,OK,1,4509768,9917,8415,Molde,Silkeborg,1,0.8571428571,0.9285714286,0,True,utc_time_competition_score_high_confidence_name,OK,True,True,True,ACCEPTED
202425-0302,LIVE_REFRESH_VERIFIED,False,False,False,OK,1,4509769,1515102,10162,Corvinul Hunedoara,Rijeka,1,1,1,0,True,utc_time_competition_score_high_confidence_name,OK,True,True,True,NO_PUBLIC_XG
202425-0308,LIVE_REFRESH_VERIFIED,False,False,False,OK,1,4509772,9729,8014,FC Sheriff,Elfsborg,0.6086956522,0.8421052632,0.7254004577,0,True,unique_utc_time_competition_score_alias,OK,True,True,True,NO_PUBLIC_XG
202425-0605,LIVE_REFRESH_VERIFIED,False,False,False,OK,1,4509854,4548,8428,F91 Dudelange,Häcken,1,0.8,0.9,0,True,utc_time_competition_score_high_confidence_name,OK,True,True,True,NO_PUBLIC_XG
202425-0615,LIVE_REFRESH_VERIFIED,False,False,False,OK,5,4509856,9754,10141,Hapoel Beer Sheva,Cherno More Varna,1,1,1,0.3212903226,True,utc_time_competition_score_high_confidence_name,OK,True,True,True,NO_PUBLIC_XG
202425-0633,LIVE_REFRESH_VERIFIED,False,False,False,OK,4,4509846,883952,355346,SC Dnipro-1,Puskas FC Academy,1,0.8275862069,0.9137931034,0.3497536946,True,utc_time_competition_score_high_confidence_name,OK,True,True,True,NO_PUBLIC_XG
202425-0639,LIVE_REFRESH_VERIFIED,False,False,False,OK,5,4509820,7872,1181312,Olimpija Ljubljana,Polissya Zhytomyr,1,1,1,0.2533156499,True,utc_time_competition_score_high_confidence_name,OK,True,True,True,NO_PUBLIC_XG
202425-0647,LIVE_REFRESH_VERIFIED,False,False,False,OK,2,4509876,6362,7979,Banik Ostrava,Urartu FC,1,1,1,0.1821862348,True,utc_time_competition_score_high_confidence_name,OK,True,True,True,NO_PUBLIC_XG
202425-0653,LIVE_REFRESH_VERIFIED,False,False,False,OK,3,4509850,9802,7953,Djurgården,FC Progrès Niederkorn,0.8333333333,1,0.9166666667,0.2571428571,True,utc_time_competition_score_high_confidence_name,OK,True,True,True,NO_PUBLIC_XG
202425-0655,LIVE_REFRESH_VERIFIED,False,False,False,OK,4,4509864,1580,7844,Floriana,Vitoria de Guimaraes,1,0.9189189189,0.9594594595,0.2213438735,True,utc_time_competition_score_high_confidence_name,OK,True,True,True,NO_PUBLIC_XG
202425-0657,LIVE_REFRESH_VERIFIED,False,False,False,OK,3,4509878,10243,5751,FC Zürich,Shelbourne,1,1,1,0.3035714286,True,utc_time_competition_score_high_confidence_name,OK,True,True,True,NO_PUBLIC_XG
202425-0667,LIVE_REFRESH_VERIFIED,False,False,False,OK,2,4509880,8595,784763,Brøndby IF,Llapi,1,0.7692307692,0.8846153846,0.09722222222,True,utc_time_competition_score_high_confidence_name,OK,True,True,True,NO_PUBLIC_XG
202425-0677,LIVE_REFRESH_VERIFIED,False,False,False,OK,4,4509890,10185,951893,Maccabi Haifa,Sabah FK,1,1,1,0.2531328321,True,utc_time_competition_score_high_confidence_name,OK,True,True,True,NO_PUBLIC_XG
202425-0631,LIVE_REFRESH_VERIFIED,False,False,False,OK,3,4509832,944215,8627,CSKA 1948,Buducnost Podgorica,0.75,1,0.875,0.2985714286,True,utc_time_competition_score_high_confidence_name,OK,True,True,True,NO_PUBLIC_XG
202425-0669,LIVE_REFRESH_VERIFIED,False,False,False,OK,5,4509882,9731,10061,CFR Cluj,Neman Grodno,1,1,1,0.26342711,True,utc_time_competition_score_high_confidence_name,OK,True,True,True,NO_PUBLIC_XG
202425-0613,LIVE_REFRESH_VERIFIED,False,False,False,OK,1,4509842,1933,163541,Başakşehir,La Fiorita Montegiardino,0.6896551724,0.5882352941,0.6389452333,0,True,unique_utc_time_competition_score_alias,OK,True,True,True,NO_PUBLIC_XG
202425-0306,LIVE_REFRESH_VERIFIED,False,False,False,OK,1,4509771,10200,10131,Panathinaikos,Botev Plovdiv,1,1,1,0,True,utc_time_competition_score_high_confidence_name,OK,True,True,True,NO_PUBLIC_XG
202425-0617,LIVE_REFRESH_VERIFIED,False,False,False,OK,2,4509870,10190,7983,St. Gallen,Tobol Kostanay,0.8571428571,0.8571428571,0.8571428571,0.2784090909,True,utc_time_competition_score_high_confidence_name,OK,True,True,True,NO_PUBLIC_XG
202425-0629,LIVE_REFRESH_VERIFIED,False,False,False,OK,2,4509818,10157,1588,Osijek,FCI Levadia,1,0.6363636364,0.8181818182,0.2005012531,True,separated_utc_time_competition_score_alias,OK,True,True,True,NO_PUBLIC_XG
202425-0663,LIVE_REFRESH_VERIFIED,False,False,False,OK,2,4509852,9991,4666,Gent,Vikingur,0.7272727273,1,0.8636363636,0.3409090909,True,utc_time_competition_score_high_confidence_name,OK,True,True,True,NO_PUBLIC_XG
202425-0673,LIVE_REFRESH_VERIFIED,False,False,False,OK,3,4509886,1675,175653,FK Radnicki 1923,Mornar,1,0.75,0.875,0.2852664577,True,utc_time_competition_score_high_confidence_name,OK,True,True,True,NO_PUBLIC_XG
202425-0679,LIVE_REFRESH_VERIFIED,False,False,False,OK,3,4509892,7986,7797,Paksi SE,AEK Larnaca,0.7692307692,1,0.8846153846,0.2813852814,True,utc_time_competition_score_high_confidence_name,OK,True,True,True,NO_PUBLIC_XG
202425-0651,LIVE_REFRESH_VERIFIED,False,False,False,OK,5,4509836,8340,480286,Maribor,Universitatea Craiova,1,1,1,0.3779761905,True,utc_time_competition_score_high_confidence_name,OK,True,True,True,NO_PUBLIC_XG
202425-0292,LIVE_REFRESH_VERIFIED,False,False,False,OK,1,4509764,8593,6406,Ajax,Vojvodina,1,0.6666666667,0.8333333333,0,True,unique_utc_time_competition_score_alias,OK,True,True,True,ACCEPTED
202425-0298,LIVE_REFRESH_VERIFIED,False,False,False,OK,1,4509767,8597,9984,Kilmarnock,Cercle Brugge,1,1,1,0,True,utc_time_competition_score_high_confidence_name,OK,True,True,True,NO_PUBLIC_XG
202425-0601,LIVE_REFRESH_VERIFIED,False,False,False,OK,5,4509826,8064,9800,Valur,St. Mirren,0.5,1,0.75,0.2732919255,True,separated_utc_time_competition_score_alias,OK,True,True,True,NO_PUBLIC_XG
202425-0623,LIVE_REFRESH_VERIFIED,False,False,False,OK,2,4509844,8673,2198,Legia Warszawa,Caernarfon,0.9230769231,0.8,0.8615384615,0.09545454545,True,utc_time_competition_score_high_confidence_name,OK,True,True,True,NO_PUBLIC_XG
202425-0661,LIVE_REFRESH_VERIFIED,False,False,False,OK,2,4509838,1854,9824,St. Patrick's Athletic,FC Vaduz,1,1,1,0.1928571429,True,utc_time_competition_score_high_confidence_name,OK,True,True,True,NO_PUBLIC_XG
202425-0687,LIVE_REFRESH_VERIFIED,False,False,False,OK,4,4509799,6017,10039,Vikingur Reykjavik,Egnatia,1,0.56,0.78,0.2732793522,True,separated_utc_time_competition_score_alias,OK,True,True,True,NO_PUBLIC_XG
202425-0625,LIVE_REFRESH_VERIFIED,False,False,False,OK,5,4509858,10154,6652,Hajduk Split,HB Torshavn,1,1,1,0.3741258741,True,utc_time_competition_score_high_confidence_name,OK,True,True,True,NO_PUBLIC_XG
202425-0635,LIVE_REFRESH_VERIFIED,False,False,False,OK,4,4509860,10107,856680,Zrinjski Mostar,NK Bravo,1,1,1,0.2539130435,True,utc_time_competition_score_high_confidence_name,OK,True,True,True,NO_PUBLIC_XG
202425-0665,LIVE_REFRESH_VERIFIED,False,False,False,OK,4,4509866,6343,163540,Stjarnan,Paide Linnameeskond,1,1,1,0.3342857143,True,utc_time_competition_score_high_confidence_name,OK,True,True,True,NO_PUBLIC_XG
202425-0675,LIVE_REFRESH_VERIFIED,False,False,False,OK,5,4509888,10105,4662,FK Sarajevo,Spartak Trnava,1,1,1,0.3277591973,True,utc_time_competition_score_high_confidence_name,OK,True,True,True,NO_PUBLIC_XG
202425-0619,LIVE_REFRESH_VERIFIED,False,False,False,OK,3,4509816,8332,784771,Breidablik,Drita,1,1,1,0.3131313131,True,utc_time_competition_score_high_confidence_name,OK,True,True,True,NO_PUBLIC_XG
202425-0304,LIVE_REFRESH_VERIFIED,False,False,False,OK,1,4509770,10264,7929,Braga,Maccabi Petach Tikva,0.5263157895,0.9743589744,0.7503373819,0,True,unique_utc_time_competition_score_alias,OK,True,True,True,NO_PUBLIC_XG
202425-0620,LIVE_REFRESH_VERIFIED,False,False,False,OK,1,4509817,784771,8332,Drita,Breidablik,1,1,1,0,True,utc_time_competition_score_high_confidence_name,OK,True,True,True,NO_PUBLIC_XG
202425-0050,LIVE_REFRESH_VERIFIED,False,False,False,OK,2,4509538,7981,545012,Qarabag FK,Lincoln Red Imps FC,1,1,1,0.2619047619,True,utc_time_competition_score_high_confidence_name,OK,True,True,True,NO_PUBLIC_XG
202425-0690,LIVE_REFRESH_VERIFIED,False,False,False,OK,1,4509802,8155,163539,Flora Tallinn,Virtus Acquaviva,1,0.5454545455,0.7727272727,0,True,unique_utc_time_competition_score_alias,OK,True,True,True,NO_PUBLIC_XG
202425-0692,LIVE_REFRESH_VERIFIED,False,False,False,OK,1,4509804,6345,866489,Pyunik,FK Struga,0.6,1,0.8,0,True,unique_utc_time_competition_score_alias,OK,True,True,True,NO_PUBLIC_XG
202425-0032,LIVE_REFRESH_VERIFIED,False,False,False,OK,1,4509520,561981,8621,CS Petrocub,APOEL Nicosia,0.5714285714,1,0.7857142857,0,True,unique_utc_time_competition_score_alias,OK,True,True,True,NO_PUBLIC_XG
202425-0042,LIVE_REFRESH_VERIFIED,False,False,False,OK,1,4509530,10247,4131,Sparta Prague,Shamrock Rovers,0.8,1,0.9,0,True,utc_time_competition_score_high_confidence_name,OK,True,True,True,NO_PUBLIC_XG
202425-0054,LIVE_REFRESH_VERIFIED,False,False,False,OK,1,4509542,8695,7896,Fenerbahçe,Lugano,1,1,1,0,True,utc_time_competition_score_high_confidence_name,OK,True,True,True,ACCEPTED
202425-0034,LIVE_REFRESH_VERIFIED,False,False,False,OK,1,4509522,7852,8222,TNS,Ferencvaros,1,1,1,0,True,utc_time_competition_score_high_confidence_name,OK,True,True,True,ACCEPTED
202425-0696,LIVE_REFRESH_VERIFIED,False,False,False,OK,1,4509808,4528,952668,Hamrun Spartans,Ballkani,1,1,1,0,True,utc_time_competition_score_high_confidence_name,OK,True,True,True,NO_PUBLIC_XG
202425-0046,LIVE_REFRESH_VERIFIED,False,False,False,OK,2,4509534,6019,4622,Slovan Bratislava,NK Celje,1,1,1,0.2619047619,True,utc_time_competition_score_high_confidence_name,OK,True,True,True,NO_PUBLIC_XG
202425-0040,LIVE_REFRESH_VERIFIED,False,False,False,OK,1,4509528,8106,10237,Klaksvik,Malmö FF,0.8421052632,1,0.9210526316,0,True,utc_time_competition_score_high_confidence_name,OK,True,True,True,NO_PUBLIC_XG
202425-0694,LIVE_REFRESH_VERIFIED,False,False,False,OK,2,4509806,8100,6193,Decic Tuzi,Dinamo Batumi,1,1,1,0.1984126984,True,utc_time_competition_score_high_confidence_name,OK,True,True,True,NO_PUBLIC_XG
202425-0608,LIVE_REFRESH_VERIFIED,False,False,False,OK,1,4509869,2106,1703,Auda,Cliftonville,1,1,1,0,True,utc_time_competition_score_high_confidence_name,OK,True,True,True,NO_PUBLIC_XG
202425-0038,LIVE_REFRESH_VERIFIED,False,False,False,OK,1,4509526,248871,8402,RFS,Bodø/Glimt,1,1,1,0,True,utc_time_competition_score_high_confidence_name,OK,True,True,True,NO_PUBLIC_XG
202425-0606,LIVE_REFRESH_VERIFIED,False,False,False,OK,1,4509855,8428,4548,Häcken,F91 Dudelange,0.8,1,0.9,0,True,utc_time_competition_score_high_confidence_name,OK,True,True,True,NO_PUBLIC_XG
202425-0612,LIVE_REFRESH_VERIFIED,False,False,False,OK,6,4509829,8036,213987,Fehervar FC,Sumqayit,1,0.875,0.9375,0.3095238095,True,utc_time_competition_score_high_confidence_name,OK,True,True,True,NO_PUBLIC_XG
202425-0044,LIVE_REFRESH_VERIFIED,False,False,False,OK,2,4509532,8113,155305,FC Midtjylland,UE Santa Coloma,1,1,1,0.2819499341,True,utc_time_competition_score_high_confidence_name,OK,True,True,True,ACCEPTED
202425-0052,LIVE_REFRESH_VERIFIED,False,False,False,OK,2,4509540,7855,9723,Maccabi Tel Aviv,FC FCSB,1,1,1,0.2351190476,True,utc_time_competition_score_high_confidence_name,OK,True,True,True,NO_PUBLIC_XG
202425-0056,LIVE_REFRESH_VERIFIED,False,False,False,OK,1,4509544,7998,8688,Partizan Beograd,Dynamo Kyiv,0.9090909091,1,0.9545454545,0,True,utc_time_competition_score_high_confidence_name,OK,True,True,True,NO_PUBLIC_XG
202425-0048,LIVE_REFRESH_VERIFIED,False,False,False,OK,1,4509536,1957,479143,Jagiellonia Bialystok,FK Panevezys,1,1,1,0,True,utc_time_competition_score_high_confidence_name,OK,True,True,True,NO_PUBLIC_XG
202425-0622,LIVE_REFRESH_VERIFIED,False,False,False,OK,2,4509831,10011,162146,Austria Wien,Ilves,1,0.5555555556,0.7777777778,0.3205619413,True,separated_utc_time_competition_score_alias,OK,True,True,True,NO_PUBLIC_XG
202425-0676,LIVE_REFRESH_VERIFIED,False,False,False,OK,3,4509889,4662,10105,Spartak Trnava,FK Sarajevo,1,1,1,0.2678571429,True,utc_time_competition_score_high_confidence_name,OK,True,True,True,NO_PUBLIC_XG
202425-0030,LIVE_REFRESH_VERIFIED,False,False,False,OK,2,4509518,10058,210173,Dinamo Minsk,Ludogorets Razgrad,1,1,1,0.2213438735,True,utc_time_competition_score_high_confidence_name,OK,True,True,True,NO_PUBLIC_XG
202425-0674,LIVE_REFRESH_VERIFIED,False,False,False,OK,2,4509887,175653,1675,Mornar,FK Radnicki 1923,0.75,1,0.875,0.2404761905,True,utc_time_competition_score_high_confidence_name,OK,True,True,True,NO_PUBLIC_XG
202425-0036,LIVE_REFRESH_VERIFIED,False,False,False,OK,2,4509524,10116,8619,Borac Banja Luka,PAOK Thessaloniki FC,1,1,1,0.1726190476,True,utc_time_competition_score_high_confidence_name,OK,True,True,True,NO_PUBLIC_XG
202425-0684,LIVE_REFRESH_VERIFIED,False,False,False,OK,3,4509897,166865,175682,FC Astana,FC Milsami Orhei,1,1,1,0.2137681159,True,utc_time_competition_score_high_confidence_name,OK,True,True,True,NO_PUBLIC_XG
202425-0636,LIVE_REFRESH_VERIFIED,False,False,False,OK,1,4509861,856680,10107,NK Bravo,Zrinjski Mostar,1,1,1,0,True,utc_time_competition_score_high_confidence_name,OK,True,True,True,NO_PUBLIC_XG
202425-0648,LIVE_REFRESH_VERIFIED,False,False,False,OK,3,4509877,7979,6362,Urartu FC,Banik Ostrava,1,1,1,0.3473945409,True,utc_time_competition_score_high_confidence_name,OK,True,True,True,NO_PUBLIC_XG
202425-0668,LIVE_REFRESH_VERIFIED,False,False,False,OK,2,4509881,784763,8595,Llapi,Brøndby IF,0.7692307692,1,0.8846153846,0.205955335,True,utc_time_competition_score_high_confidence_name,OK,True,True,True,NO_PUBLIC_XG
202425-0672,LIVE_REFRESH_VERIFIED,False,False,False,OK,2,4509885,866109,8039,Ararat Armenia,Zimbru,1,0.5714285714,0.7857142857,0.216374269,True,separated_utc_time_competition_score_alias,OK,True,True,True,NO_PUBLIC_XG
202425-0686,LIVE_REFRESH_VERIFIED,False,False,False,OK,2,4509798,2127,7951,Ordabasy Shymkent,FC Differdange 03,1,1,1,0.277676951,True,utc_time_competition_score_high_confidence_name,OK,True,True,True,NO_PUBLIC_XG
202425-0618,LIVE_REFRESH_VERIFIED,False,False,False,OK,3,4509871,7983,10190,Tobol Kostanay,St. Gallen,0.8571428571,0.8571428571,0.8571428571,0.2738461538,True,utc_time_competition_score_high_confidence_name,OK,True,True,True,NO_PUBLIC_XG
202425-0628,LIVE_REFRESH_VERIFIED,False,False,False,OK,3,4509873,1447232,10180,FK TransINVEST,Mlada Boleslav,0.7333333333,1,0.8666666667,0.2213438735,True,utc_time_competition_score_high_confidence_name,OK,True,True,True,NO_PUBLIC_XG
202425-0630,LIVE_REFRESH_VERIFIED,False,False,False,OK,3,4509819,1588,10157,FCI Levadia,Osijek,0.6363636364,1,0.8181818182,0.3057471264,True,separated_utc_time_competition_score_alias,OK,True,True,True,NO_PUBLIC_XG
202425-0640,LIVE_REFRESH_VERIFIED,False,False,False,OK,4,4509821,1181312,7872,Polissya Zhytomyr,Olimpija Ljubljana,1,1,1,0.28125,True,utc_time_competition_score_high_confidence_name,OK,True,True,True,NO_PUBLIC_XG
202425-0644,LIVE_REFRESH_VERIFIED,False,False,False,OK,3,4509849,2137,4616,Pafos FC,Zalgiris Vilnius,1,1,1,0.2412280702,True,utc_time_competition_score_high_confidence_name,OK,True,True,True,NO_PUBLIC_XG
202425-0678,LIVE_REFRESH_VERIFIED,False,False,False,OK,1,4509891,951893,10185,Sabah FK,Maccabi Haifa,1,1,1,0,True,utc_time_competition_score_high_confidence_name,OK,True,True,True,NO_PUBLIC_XG
202425-0680,LIVE_REFRESH_VERIFIED,False,False,False,OK,3,4509893,7797,7986,AEK Larnaca,Paksi SE,1,0.7692307692,0.8846153846,0.309178744,True,utc_time_competition_score_high_confidence_name,OK,True,True,True,NO_PUBLIC_XG
202425-0650,LIVE_REFRESH_VERIFIED,False,False,False,OK,2,4509823,10050,8563,Inter Club d'Escaldes,AEK Athens,1,1,1,0.3,True,utc_time_competition_score_high_confidence_name,OK,True,True,True,NO_PUBLIC_XG
202425-0666,LIVE_REFRESH_VERIFIED,False,False,False,OK,2,4509867,163540,6343,Paide Linnameeskond,Stjarnan,1,1,1,0.3926282051,True,utc_time_competition_score_high_confidence_name,OK,True,True,True,NO_PUBLIC_XG
202425-0309,LIVE_REFRESH_VERIFIED,False,False,False,OK,1,4509781,8014,9729,Elfsborg,FC Sheriff,0.8421052632,0.6086956522,0.7254004577,0,True,unique_utc_time_competition_score_alias,OK,True,True,True,ACCEPTED
202425-0600,LIVE_REFRESH_VERIFIED,False,False,False,OK,2,4509813,8468,6433,Brann,Go Ahead Eagles,0.5882352941,1,0.7941176471,0.2738095238,True,separated_utc_time_competition_score_alias,OK,True,True,True,NO_PUBLIC_XG
202425-0604,LIVE_REFRESH_VERIFIED,False,False,False,OK,1,4509841,8391,1080103,FC København,Bruno's Magpies,1,0.6923076923,0.8461538462,0,True,unique_utc_time_competition_score_alias,OK,True,True,True,NO_PUBLIC_XG
202425-0610,LIVE_REFRESH_VERIFIED,False,False,False,OK,4,4509815,2216,8044,Torpedo Kutaisi,Omonia Nicosia,1,1,1,0.3125,True,utc_time_competition_score_high_confidence_name,OK,True,True,True,NO_PUBLIC_XG
202425-0624,LIVE_REFRESH_VERIFIED,False,False,False,OK,2,4509845,2198,8673,Caernarfon,Legia Warszawa,0.8,0.9230769231,0.8615384615,0.2351851852,True,utc_time_competition_score_high_confidence_name,OK,True,True,True,NO_PUBLIC_XG
202425-0638,LIVE_REFRESH_VERIFIED,False,False,False,OK,5,4509875,7980,866111,Sliema Wanderers,FC Noah,1,1,1,0.25,True,utc_time_competition_score_high_confidence_name,OK,True,True,True,NO_PUBLIC_XG
202425-0652,LIVE_REFRESH_VERIFIED,False,False,False,OK,1,4509837,480286,8340,Universitatea Craiova,Maribor,1,1,1,0,True,utc_time_competition_score_high_confidence_name,OK,True,True,True,NO_PUBLIC_XG
202425-0654,LIVE_REFRESH_VERIFIED,False,False,False,OK,3,4509851,7953,9802,FC Progrès Niederkorn,Djurgården,1,0.8333333333,0.9166666667,0.2415458937,True,utc_time_competition_score_high_confidence_name,OK,True,True,True,NO_PUBLIC_XG
202425-0660,LIVE_REFRESH_VERIFIED,False,False,False,OK,3,4509825,8608,1693,Tromsø,KuPS,0.7692307692,1,0.8846153846,0.2637362637,True,utc_time_competition_score_high_confidence_name,OK,True,True,True,NO_PUBLIC_XG
202425-0301,LIVE_REFRESH_VERIFIED,False,False,False,OK,1,4509777,8415,9917,Silkeborg,Molde,0.8571428571,1,0.9285714286,0,True,utc_time_competition_score_high_confidence_name,OK,True,True,True,ACCEPTED
202425-0295,LIVE_REFRESH_VERIFIED,False,False,False,OK,3,4509774,9752,10186,Trabzonspor,Ruzomberok,1,0.8333333333,0.9166666667,0.2083333333,True,utc_time_competition_score_high_confidence_name,OK,True,True,True,NO_PUBLIC_XG
202425-0305,LIVE_REFRESH_VERIFIED,False,False,False,OK,1,4509779,7929,10264,Maccabi Petach Tikva,Braga,0.9743589744,0.5263157895,0.7503373819,0,True,unique_utc_time_competition_score_alias,OK,True,True,True,NO_PUBLIC_XG
202425-0616,LIVE_REFRESH_VERIFIED,False,False,False,OK,4,4509857,10141,9754,Cherno More Varna,Hapoel Beer Sheva,1,1,1,0.2540322581,True,utc_time_competition_score_high_confidence_name,OK,True,True,True,NO_PUBLIC_XG
202425-0662,LIVE_REFRESH_VERIFIED,False,False,False,OK,2,4509839,9824,1854,FC Vaduz,St. Patrick's Athletic,1,1,1,0.164516129,True,utc_time_competition_score_high_confidence_name,OK,True,True,True,NO_PUBLIC_XG
202425-0293,LIVE_REFRESH_VERIFIED,False,False,False,OK,1,4509773,6406,8593,Vojvodina,Ajax,0.6666666667,1,0.8333333333,0,True,unique_utc_time_competition_score_alias,OK,True,True,True,ACCEPTED
202425-0299,LIVE_REFRESH_VERIFIED,False,False,False,OK,3,4509776,9984,8597,Cercle Brugge,Kilmarnock,1,1,1,0.1954887218,True,utc_time_competition_score_high_confidence_name,OK,True,True,True,NO_PUBLIC_XG
202425-0303,LIVE_REFRESH_VERIFIED,False,False,False,OK,3,4509778,10162,1515102,Rijeka,Corvinul Hunedoara,1,1,1,0.2481203008,True,utc_time_competition_score_high_confidence_name,OK,True,True,True,NO_PUBLIC_XG
202425-0307,LIVE_REFRESH_VERIFIED,False,False,False,OK,1,4509780,10131,10200,Botev Plovdiv,Panathinaikos,1,1,1,0,True,utc_time_competition_score_high_confidence_name,OK,True,True,True,NO_PUBLIC_XG
202425-0664,LIVE_REFRESH_VERIFIED,False,False,False,OK,1,4509853,4666,9991,Vikingur,Gent,1,0.7272727273,0.8636363636,0,True,utc_time_competition_score_high_confidence_name,OK,True,True,True,NO_PUBLIC_XG
202425-0670,LIVE_REFRESH_VERIFIED,False,False,False,OK,2,4509883,10061,9731,Neman Grodno,CFR Cluj,1,1,1,0.1818181818,True,utc_time_competition_score_high_confidence_name,OK,True,True,True,NO_PUBLIC_XG
202425-0682,LIVE_REFRESH_VERIFIED,False,False,False,OK,5,4509895,10028,480291,Partizani,Iberia 1999,0.72,0.1428571429,0.4314285714,0.288633461,False,identity_below_threshold_or_ambiguous,NOT_REQUESTED,False,False,False,IDENTITY_AMBIGUOUS
202425-0688,LIVE_REFRESH_VERIFIED,False,False,False,OK,3,4509800,10039,6017,Egnatia,Vikingur Reykjavik,0.56,1,0.78,0.2533156499,True,separated_utc_time_competition_score_alias,OK,True,True,True,NO_PUBLIC_XG
202425-0297,LIVE_REFRESH_VERIFIED,False,False,False,OK,1,4509775,10015,10265,Rapid Wien,Wisla Krakow,1,1,1,0,True,utc_time_competition_score_high_confidence_name,OK,True,True,True,ACCEPTED
202425-0642,LIVE_REFRESH_VERIFIED,False,False,False,OK,4,4509835,103598,577619,DAC 1904 Dunajska Streda,Zira,0.8837209302,1,0.9418604651,0.2581699346,True,utc_time_competition_score_high_confidence_name,OK,True,True,True,NO_PUBLIC_XG
202425-0646,LIVE_REFRESH_VERIFIED,False,False,False,OK,2,4509863,8025,624924,Slask Wroclaw,Riga FC,1,1,1,0.2481481481,True,utc_time_competition_score_high_confidence_name,OK,True,True,True,NO_PUBLIC_XG
202425-0602,LIVE_REFRESH_VERIFIED,False,False,False,OK,1,4509827,9800,8064,St. Mirren,Valur,1,0.5,0.75,0,True,unique_utc_time_competition_score_alias,OK,True,True,True,NO_PUBLIC_XG
202425-0614,LIVE_REFRESH_VERIFIED,False,False,False,OK,2,4509843,163541,1933,La Fiorita Montegiardino,Başakşehir,0.5882352941,0.6896551724,0.6389452333,0.07294429708,True,separated_utc_time_competition_score_alias,OK,True,True,True,NO_PUBLIC_XG
202425-0658,LIVE_REFRESH_VERIFIED,False,False,False,OK,5,4509879,5751,10243,Shelbourne,FC Zürich,1,1,1,0.3095238095,True,utc_time_competition_score_high_confidence_name,OK,True,True,True,NO_PUBLIC_XG
202425-0626,LIVE_REFRESH_VERIFIED,False,False,False,OK,5,4509859,6652,10154,HB Torshavn,Hajduk Split,1,1,1,0.3078947368,True,utc_time_competition_score_high_confidence_name,OK,True,True,True,NO_PUBLIC_XG
202425-0632,LIVE_REFRESH_VERIFIED,False,False,False,OK,1,4509833,8627,944215,Buducnost Podgorica,CSKA 1948,1,0.75,0.875,0,True,utc_time_competition_score_high_confidence_name,OK,True,True,True,NO_PUBLIC_XG
202425-0634,LIVE_REFRESH_VERIFIED,False,False,False,OK,3,4509847,355346,883952,Puskas FC Academy,SC Dnipro-1,0.8275862069,1,0.9137931034,0.3318965517,True,utc_time_competition_score_high_confidence_name,OK,True,True,True,NO_PUBLIC_XG
202425-0656,LIVE_REFRESH_VERIFIED,False,False,False,OK,2,4509865,7844,1580,Vitoria de Guimaraes,Floriana,0.9189189189,1,0.9594594595,0.3541666667,True,utc_time_competition_score_high_confidence_name,OK,True,True,True,NO_PUBLIC_XG
202425-0057,LIVE_REFRESH_VERIFIED,False,False,False,OK,1,4570191,7981,210173,Qarabag FK,Ludogorets Razgrad,1,1,1,0,True,utc_time_competition_score_high_confidence_name,OK,True,True,True,NO_PUBLIC_XG
202425-0723,LIVE_REFRESH_VERIFIED,False,False,False,OK,1,4570450,866111,8563,FC Noah,AEK Athens,1,1,1,0,True,utc_time_competition_score_high_confidence_name,OK,True,True,True,NO_PUBLIC_XG
202425-0330,LIVE_REFRESH_VERIFIED,False,False,False,OK,1,4570390,479143,7855,FK Panevezys,Maccabi Tel Aviv,1,1,1,0,True,utc_time_competition_score_high_confidence_name,OK,True,True,True,NO_PUBLIC_XG
202425-0063,LIVE_REFRESH_VERIFIED,False,False,False,OK,1,4570194,10237,8619,Malmö FF,PAOK Thessaloniki FC,1,1,1,0,True,utc_time_competition_score_high_confidence_name,OK,True,True,True,NO_PUBLIC_XG
202425-0332,LIVE_REFRESH_VERIFIED,False,False,False,OK,1,4570391,561981,7852,CS Petrocub,TNS,0.5714285714,1,0.7857142857,0,True,unique_utc_time_competition_score_alias,OK,True,True,True,NO_PUBLIC_XG
202425-0065,LIVE_REFRESH_VERIFIED,False,False,False,OK,2,4570195,8113,8222,FC Midtjylland,Ferencvaros,1,1,1,0.3154761905,True,utc_time_competition_score_high_confidence_name,OK,True,True,True,ACCEPTED
202425-0061,LIVE_REFRESH_VERIFIED,False,False,False,OK,2,4570193,10247,9723,Sparta Prague,FC FCSB,0.8,1,0.9,0.1778656126,True,utc_time_competition_score_high_confidence_name,OK,True,True,True,NO_PUBLIC_XG
202425-0073,LIVE_REFRESH_VERIFIED,False,False,False,OK,2,4570199,8688,8548,Dynamo Kyiv,Rangers,1,0.6363636364,0.8181818182,0.1359649123,True,separated_utc_time_competition_score_alias,OK,True,True,True,NO_PUBLIC_XG
202425-0071,LIVE_REFRESH_VERIFIED,False,False,False,OK,2,4570198,8639,8695,Lille,Fenerbahçe,0.7142857143,1,0.8571428571,0.2463235294,True,utc_time_competition_score_high_confidence_name,OK,True,True,True,ACCEPTED
202425-0075,LIVE_REFRESH_VERIFIED,False,False,False,OK,2,4570200,10013,8611,Salzburg,FC Twente,1,0.5714285714,0.7857142857,0.2369230769,True,separated_utc_time_competition_score_alias,OK,True,True,True,ACCEPTED
202425-0069,LIVE_REFRESH_VERIFIED,False,False,False,OK,1,4570197,7787,7978,Slavia Prague,Union St.Gilloise,0.8,0.9189189189,0.8594594595,0,True,utc_time_competition_score_high_confidence_name,OK,True,True,True,NO_PUBLIC_XG
202425-0699,LIVE_REFRESH_VERIFIED,False,False,False,OK,2,4570432,7986,175653,Paksi SE,Mornar,0.7692307692,0.75,0.7596153846,0.1457800512,True,separated_utc_time_competition_score_alias,OK,True,True,True,NO_PUBLIC_XG
202425-0709,LIVE_REFRESH_VERIFIED,False,False,False,OK,1,4570433,8428,163540,Häcken,Paide Linnameeskond,0.8,1,0.9,0,True,utc_time_competition_score_high_confidence_name,OK,True,True,True,NO_PUBLIC_XG
202425-0745,LIVE_REFRESH_VERIFIED,False,False,False,OK,5,4570474,8391,6362,FC København,Banik Ostrava,1,1,1,0.2732919255,True,utc_time_competition_score_high_confidence_name,OK,True,True,True,NO_PUBLIC_XG
202425-0059,LIVE_REFRESH_VERIFIED,False,False,False,OK,2,4570192,6019,8621,Slovan Bratislava,APOEL Nicosia,1,1,1,0.2321428571,True,utc_time_competition_score_high_confidence_name,OK,True,True,True,NO_PUBLIC_XG
202425-0739,LIVE_REFRESH_VERIFIED,False,False,False,OK,1,4570466,10190,8025,St. Gallen,Śląsk Wrocław,0.8571428571,0.9230769231,0.8901098901,0,True,utc_time_competition_score_high_confidence_name,OK,True,True,True,NO_PUBLIC_XG
202425-0067,LIVE_REFRESH_VERIFIED,False,False,False,OK,1,4570196,1957,8402,Jagiellonia Bialystok,Bodø/Glimt,1,1,1,0,True,utc_time_competition_score_high_confidence_name,OK,True,True,True,NO_PUBLIC_XG
202425-0717,LIVE_REFRESH_VERIFIED,False,False,False,OK,5,4570426,866109,355346,Ararat Armenia,Puskas FC Academy,1,0.8275862069,0.9137931034,0.36,True,utc_time_competition_score_high_confidence_name,OK,True,True,True,NO_PUBLIC_XG
202425-0733,LIVE_REFRESH_VERIFIED,False,False,False,OK,5,4570451,2106,784771,Auda,Drita,1,1,1,0.264957265,True,utc_time_competition_score_high_confidence_name,OK,True,True,True,NO_PUBLIC_XG
202425-0751,LIVE_REFRESH_VERIFIED,False,False,False,OK,5,4570417,2127,6345,Ordabasy Shymkent,Pyunik,1,0.6,0.8,0.297235023,True,separated_utc_time_competition_score_alias,OK,True,True,True,NO_PUBLIC_XG
202425-0697,LIVE_REFRESH_VERIFIED,False,False,False,OK,5,4570424,10180,9754,Mlada Boleslav,Hapoel Beer Sheva,1,1,1,0.2319688109,True,utc_time_competition_score_high_confidence_name,OK,True,True,True,NO_PUBLIC_XG
202425-0705,LIVE_REFRESH_VERIFIED,False,False,False,OK,5,4570457,480291,1933,Iberia 1999,Başakşehir,0.1428571429,0.6896551724,0.4162561576,0.3128054741,False,identity_below_threshold_or_ambiguous,NOT_REQUESTED,False,False,False,IDENTITY_AMBIGUOUS
202425-0731,LIVE_REFRESH_VERIFIED,False,False,False,OK,5,4570443,162146,9802,Ilves,Djurgården,0.5555555556,0.8333333333,0.6944444444,0.2942583732,True,separated_utc_time_competition_score_alias,OK,True,True,True,NO_PUBLIC_XG
202425-0755,LIVE_REFRESH_VERIFIED,False,False,False,OK,5,4570419,9861,8100,HJK,Decic Tuzi,0.4,1,0.7,0.3209109731,True,separated_utc_time_competition_score_alias,OK,True,True,True,NO_PUBLIC_XG
202425-0713,LIVE_REFRESH_VERIFIED,False,False,False,OK,1,4570449,10186,10154,Ruzomberok,Hajduk Split,0.8333333333,1,0.9166666667,0,True,utc_time_competition_score_high_confidence_name,OK,True,True,True,NO_PUBLIC_XG
202425-0735,LIVE_REFRESH_VERIFIED,False,False,False,OK,2,4570460,8415,9991,Silkeborg,Gent,0.8571428571,0.7272727273,0.7922077922,0.2196969697,True,separated_utc_time_competition_score_alias,OK,True,True,True,NO_PUBLIC_XG
202425-0312,LIVE_REFRESH_VERIFIED,False,False,False,OK,1,4570394,9917,9984,Molde,Cercle Brugge,1,1,1,0,True,utc_time_competition_score_high_confidence_name,OK,True,True,True,NO_PUBLIC_XG
202425-0316,LIVE_REFRESH_VERIFIED,False,False,False,OK,3,4570396,9752,10015,Trabzonspor,Rapid Wien,1,1,1,0.2380952381,True,utc_time_competition_score_high_confidence_name,OK,True,True,True,ACCEPTED
202425-0324,LIVE_REFRESH_VERIFIED,False,False,False,OK,1,4570387,8106,10116,Klaksvik,Borac Banja Luka,0.8421052632,1,0.9210526316,0,True,utc_time_competition_score_high_confidence_name,OK,True,True,True,NO_PUBLIC_XG
202425-0715,LIVE_REFRESH_VERIFIED,False,False,False,OK,1,4570458,8595,8673,Brøndby IF,Legia Warszawa,1,0.9230769231,0.9615384615,0,True,utc_time_competition_score_high_confidence_name,OK,True,True,True,NO_PUBLIC_XG
202425-0727,LIVE_REFRESH_VERIFIED,False,False,False,OK,1,4570427,10243,7844,FC Zürich,Vitoria de Guimaraes,1,0.9189189189,0.9594594595,0,True,utc_time_competition_score_high_confidence_name,OK,True,True,True,NO_PUBLIC_XG
202425-0743,LIVE_REFRESH_VERIFIED,False,False,False,OK,5,4570468,8044,8036,Omonia Nicosia,Fehervar FC,1,1,1,0.2732919255,True,utc_time_competition_score_high_confidence_name,OK,True,True,True,NO_PUBLIC_XG
202425-0747,LIVE_REFRESH_VERIFIED,False,False,False,OK,2,4570475,7872,9729,Olimpija Ljubljana,FC Sheriff,1,0.6086956522,0.8043478261,0.1678321678,True,separated_utc_time_competition_score_alias,OK,True,True,True,NO_PUBLIC_XG
202425-0721,LIVE_REFRESH_VERIFIED,False,False,False,OK,3,4570442,944215,2137,CSKA 1948,Pafos FC,0.75,1,0.875,0.2071428571,True,utc_time_competition_score_high_confidence_name,OK,True,True,True,NO_PUBLIC_XG
202425-0310,LIVE_REFRESH_VERIFIED,False,False,False,OK,3,4570393,7998,7896,Partizan Beograd,Lugano,0.9090909091,1,0.9545454545,0.2666666667,True,utc_time_competition_score_high_confidence_name,OK,True,True,True,ACCEPTED
202425-0314,LIVE_REFRESH_VERIFIED,False,False,False,OK,3,4570395,10200,8593,Panathinaikos,Ajax,1,1,1,0.2379310345,True,utc_time_competition_score_high_confidence_name,OK,True,True,True,ACCEPTED
202425-0320,LIVE_REFRESH_VERIFIED,False,False,False,OK,1,4570398,10162,8014,Rijeka,Elfsborg,1,0.8421052632,0.9210526316,0,True,utc_time_competition_score_high_confidence_name,OK,True,True,True,NO_PUBLIC_XG
202425-0322,LIVE_REFRESH_VERIFIED,False,False,False,OK,1,4570399,558259,6033,Kryvbas,Viktoria Plzen,0.56,1,0.78,0,True,unique_utc_time_competition_score_alias,OK,True,True,True,NO_PUBLIC_XG
202425-0326,LIVE_REFRESH_VERIFIED,False,False,False,OK,1,4570388,155305,248871,UE Santa Coloma,RFS,1,1,1,0,True,utc_time_competition_score_high_confidence_name,OK,True,True,True,NO_PUBLIC_XG
202425-0703,LIVE_REFRESH_VERIFIED,False,False,False,OK,1,4570448,1515102,166865,Corvinul Hunedoara,FC Astana,1,1,1,0,True,utc_time_competition_score_high_confidence_name,OK,True,True,True,NO_PUBLIC_XG
202425-0707,LIVE_REFRESH_VERIFIED,False,False,False,OK,2,4570425,8597,8608,Kilmarnock,Tromsø,1,0.7692307692,0.8846153846,0.2412280702,True,utc_time_competition_score_high_confidence_name,OK,True,True,True,NO_PUBLIC_XG
202425-0725,LIVE_REFRESH_VERIFIED,False,False,False,OK,5,4570459,7929,9731,Maccabi Petach Tikva,CFR Cluj,0.9743589744,1,0.9871794872,0.2103174603,True,utc_time_competition_score_high_confidence_name,OK,True,True,True,NO_PUBLIC_XG
202425-0737,LIVE_REFRESH_VERIFIED,False,False,False,OK,5,4570465,10157,577619,Osijek,Zira,1,1,1,0.4222222222,True,utc_time_competition_score_high_confidence_name,OK,True,True,True,NO_PUBLIC_XG
202425-0741,LIVE_REFRESH_VERIFIED,False,False,False,OK,3,4570467,10131,10107,Botev Plovdiv,Zrinjski Mostar,1,1,1,0.225,True,utc_time_competition_score_high_confidence_name,OK,True,True,True,NO_PUBLIC_XG
202425-0753,LIVE_REFRESH_VERIFIED,False,False,False,OK,5,4570418,952668,2206,Ballkani,Larne,1,1,1,0.2870813397,True,utc_time_competition_score_high_confidence_name,OK,True,True,True,NO_PUBLIC_XG
202425-0328,LIVE_REFRESH_VERIFIED,False,False,False,OK,1,4570389,4622,4131,NK Celje,Shamrock Rovers,1,1,1,0,True,utc_time_competition_score_high_confidence_name,OK,True,True,True,NO_PUBLIC_XG
202425-0719,LIVE_REFRESH_VERIFIED,False,False,False,OK,3,4570434,8340,6406,Maribor,Vojvodina,1,0.6666666667,0.8333333333,0.2818181818,True,separated_utc_time_competition_score_alias,OK,True,True,True,NO_PUBLIC_XG
202425-0749,LIVE_REFRESH_VERIFIED,False,False,False,OK,5,4570416,6017,8155,Vikingur Reykjavik,Flora Tallinn,1,1,1,0.3703703704,True,utc_time_competition_score_high_confidence_name,OK,True,True,True,NO_PUBLIC_XG
202425-0729,LIVE_REFRESH_VERIFIED,False,False,False,OK,1,4570435,4662,10265,Spartak Trnava,Wisła Kraków,1,0.9166666667,0.9583333333,0,True,utc_time_competition_score_high_confidence_name,OK,True,True,True,NO_PUBLIC_XG
202425-0334,LIVE_REFRESH_VERIFIED,False,False,False,OK,1,4570392,10058,545012,Dinamo Minsk,Lincoln Red Imps FC,1,1,1,0,True,utc_time_competition_score_high_confidence_name,OK,True,True,True,NO_PUBLIC_XG
202425-0701,LIVE_REFRESH_VERIFIED,False,False,False,OK,5,4570440,1854,951893,St. Patrick's Athletic,Sabah FK,1,1,1,0.2197802198,True,utc_time_competition_score_high_confidence_name,OK,True,True,True,NO_PUBLIC_XG
202425-0711,LIVE_REFRESH_VERIFIED,False,False,False,OK,5,4570441,9800,8468,St. Mirren,Brann,1,0.5882352941,0.7941176471,0.325,True,separated_utc_time_competition_score_alias,OK,True,True,True,NO_PUBLIC_XG
202425-0318,LIVE_REFRESH_VERIFIED,False,False,False,OK,1,4570397,10264,9777,Braga,Servette,0.5263157895,0.6956521739,0.6109839817,0,True,unique_utc_time_competition_score_alias,OK,True,True,True,ACCEPTED
202425-0710,LIVE_REFRESH_VERIFIED,False,False,False,OK,1,4570437,163540,8428,Paide Linnameeskond,Häcken,1,0.8,0.9,0,True,utc_time_competition_score_high_confidence_name,OK,True,True,True,NO_PUBLIC_XG
202425-0060,LIVE_REFRESH_VERIFIED,False,False,False,OK,1,4570202,8621,6019,APOEL Nicosia,Slovan Bratislava,1,1,1,0,True,utc_time_competition_score_high_confidence_name,OK,True,True,True,NO_PUBLIC_XG
202425-0068,LIVE_REFRESH_VERIFIED,False,False,False,OK,1,4570206,8402,1957,Bodø/Glimt,Jagiellonia Bialystok,1,1,1,0,True,utc_time_competition_score_high_confidence_name,OK,True,True,True,NO_PUBLIC_XG
202425-0072,LIVE_REFRESH_VERIFIED,False,False,False,OK,3,4570208,8695,8639,Fenerbahçe,Lille,1,0.7142857143,0.8571428571,0.3404761905,True,utc_time_competition_score_high_confidence_name,OK,True,True,True,ACCEPTED
202425-0076,LIVE_REFRESH_VERIFIED,False,False,False,OK,1,4570210,8611,10013,FC Twente,Salzburg,0.5714285714,1,0.7857142857,0,True,unique_utc_time_competition_score_alias,OK,True,True,True,ACCEPTED
202425-0064,LIVE_REFRESH_VERIFIED,False,False,False,OK,1,4570204,8619,10237,PAOK Thessaloniki FC,Malmö FF,1,1,1,0,True,utc_time_competition_score_high_confidence_name,OK,True,True,True,NO_PUBLIC_XG
202425-0333,LIVE_REFRESH_VERIFIED,False,False,False,OK,1,4570404,7852,561981,TNS,CS Petrocub,1,0.5714285714,0.7857142857,0,True,unique_utc_time_competition_score_alias,OK,True,True,True,NO_PUBLIC_XG
202425-0058,LIVE_REFRESH_VERIFIED,False,False,False,OK,1,4570201,210173,7981,Ludogorets Razgrad,Qarabag FK,1,1,1,0,True,utc_time_competition_score_high_confidence_name,OK,True,True,True,NO_PUBLIC_XG
202425-0066,LIVE_REFRESH_VERIFIED,False,False,False,OK,3,4570205,8222,8113,Ferencvaros,FC Midtjylland,1,1,1,0.3779761905,True,utc_time_competition_score_high_confidence_name,OK,True,True,True,ACCEPTED
202425-0062,LIVE_REFRESH_VERIFIED,False,False,False,OK,1,4570203,9723,10247,FC FCSB,Sparta Prague,1,0.8,0.9,0,True,utc_time_competition_score_high_confidence_name,OK,True,True,True,NO_PUBLIC_XG
202425-0070,LIVE_REFRESH_VERIFIED,False,False,False,OK,1,4570207,7978,7787,Union St.Gilloise,Slavia Prague,0.9189189189,0.8,0.8594594595,0,True,utc_time_competition_score_high_confidence_name,OK,True,True,True,NO_PUBLIC_XG
202425-0074,LIVE_REFRESH_VERIFIED,False,False,False,OK,1,4570209,8548,8688,Rangers,Dynamo Kyiv,0.6363636364,1,0.8181818182,0,True,unique_utc_time_competition_score_alias,OK,True,True,True,NO_PUBLIC_XG
202425-0700,LIVE_REFRESH_VERIFIED,False,False,False,OK,1,4570436,175653,7986,Mornar,Paksi SE,0.75,0.7692307692,0.7596153846,0,True,unique_utc_time_competition_score_alias,OK,True,True,True,NO_PUBLIC_XG
202425-0704,LIVE_REFRESH_VERIFIED,False,False,False,OK,1,4570452,166865,1515102,FC Astana,Corvinul Hunedoara,1,1,1,0,True,utc_time_competition_score_high_confidence_name,OK,True,True,True,NO_PUBLIC_XG
202425-0327,LIVE_REFRESH_VERIFIED,False,False,False,OK,1,4570401,248871,155305,RFS,UE Santa Coloma,1,1,1,0,True,utc_time_competition_score_high_confidence_name,OK,True,True,True,NO_PUBLIC_XG
202425-0744,LIVE_REFRESH_VERIFIED,False,False,False,OK,1,4570472,8036,8044,Fehervar FC,Omonia Nicosia,1,1,1,0,True,utc_time_competition_score_high_confidence_name,OK,True,True,True,NO_PUBLIC_XG
202425-0317,LIVE_REFRESH_VERIFIED,False,False,False,OK,2,4570409,10015,9752,Rapid Wien,Trabzonspor,1,1,1,0.1732026144,True,utc_time_competition_score_high_confidence_name,OK,True,True,True,ACCEPTED
202425-0335,LIVE_REFRESH_VERIFIED,False,False,False,OK,1,4570405,545012,10058,Lincoln Red Imps FC,Dinamo Minsk,1,1,1,0,True,utc_time_competition_score_high_confidence_name,OK,True,True,True,NO_PUBLIC_XG
202425-0702,LIVE_REFRESH_VERIFIED,False,False,False,OK,5,4570444,951893,1854,Sabah FK,St. Patrick's Athletic,1,1,1,0.2435897436,True,utc_time_competition_score_high_confidence_name,OK,True,True,True,NO_PUBLIC_XG
202425-0716,LIVE_REFRESH_VERIFIED,False,False,False,OK,1,4570462,8673,8595,Legia Warszawa,Brøndby IF,0.9230769231,1,0.9615384615,0,True,utc_time_competition_score_high_confidence_name,OK,True,True,True,NO_PUBLIC_XG
202425-0750,LIVE_REFRESH_VERIFIED,False,False,False,OK,1,4570420,8155,6017,Flora Tallinn,Vikingur Reykjavik,1,1,1,0,True,utc_time_competition_score_high_confidence_name,OK,True,True,True,NO_PUBLIC_XG
202425-0752,LIVE_REFRESH_VERIFIED,False,False,False,OK,5,4570421,6345,2127,Pyunik,Ordabasy Shymkent,0.6,1,0.8,0.3746438746,True,separated_utc_time_competition_score_alias,OK,True,True,True,NO_PUBLIC_XG
202425-0738,LIVE_REFRESH_VERIFIED,False,False,False,OK,1,4570469,577619,10157,Zira,Osijek,1,1,1,0,True,utc_time_competition_score_high_confidence_name,OK,True,True,True,NO_PUBLIC_XG
202425-0321,LIVE_REFRESH_VERIFIED,False,False,False,OK,2,4570411,8014,10162,Elfsborg,Rijeka,0.8421052632,1,0.9210526316,0.2605042017,True,utc_time_competition_score_high_confidence_name,OK,True,True,True,NO_PUBLIC_XG
202425-0323,LIVE_REFRESH_VERIFIED,False,False,False,OK,2,4570412,6033,558259,Viktoria Plzen,Kryvbas,1,0.56,0.78,0.1111111111,True,separated_utc_time_competition_score_alias,OK,True,True,True,NO_PUBLIC_XG
202425-0698,LIVE_REFRESH_VERIFIED,False,False,False,OK,1,4570428,9754,10180,Hapoel Beer Sheva,Mlada Boleslav,1,1,1,0,True,utc_time_competition_score_high_confidence_name,OK,True,True,True,NO_PUBLIC_XG
202425-0708,LIVE_REFRESH_VERIFIED,False,False,False,OK,5,4570429,8608,8597,Tromsø,Kilmarnock,0.7692307692,1,0.8846153846,0.2761904762,True,utc_time_competition_score_high_confidence_name,OK,True,True,True,NO_PUBLIC_XG
202425-0712,LIVE_REFRESH_VERIFIED,False,False,False,OK,4,4570445,8468,9800,Brann,St. Mirren,0.5882352941,1,0.7941176471,0.3007246377,True,separated_utc_time_competition_score_alias,OK,True,True,True,NO_PUBLIC_XG
202425-0722,LIVE_REFRESH_VERIFIED,False,False,False,OK,1,4570446,2137,944215,Pafos FC,CSKA 1948,1,0.75,0.875,0,True,utc_time_competition_score_high_confidence_name,OK,True,True,True,NO_PUBLIC_XG
202425-0726,LIVE_REFRESH_VERIFIED,False,False,False,OK,5,4570463,9731,7929,CFR Cluj,Maccabi Petach Tikva,1,0.9743589744,0.9871794872,0.2103174603,True,utc_time_competition_score_high_confidence_name,OK,True,True,True,NO_PUBLIC_XG
202425-0732,LIVE_REFRESH_VERIFIED,False,False,False,OK,4,4570447,9802,162146,Djurgården,Ilves,0.8333333333,0.5555555556,0.6944444444,0.2942583732,True,separated_utc_time_competition_score_alias,OK,True,True,True,NO_PUBLIC_XG
202425-0746,LIVE_REFRESH_VERIFIED,False,False,False,OK,5,4570476,6362,8391,Banik Ostrava,FC København,1,1,1,0.3277591973,True,utc_time_competition_score_high_confidence_name,OK,True,True,True,NO_PUBLIC_XG
202425-0748,LIVE_REFRESH_VERIFIED,False,False,False,OK,5,4570477,9729,7872,FC Sheriff,Olimpija Ljubljana,0.6086956522,1,0.8043478261,0.2857142857,True,separated_utc_time_competition_score_alias,OK,True,True,True,NO_PUBLIC_XG
202425-0724,LIVE_REFRESH_VERIFIED,False,False,False,OK,5,4570454,8563,866111,AEK Athens,FC Noah,1,1,1,0.3277591973,True,utc_time_competition_score_high_confidence_name,OK,True,True,True,NO_PUBLIC_XG
202425-0706,LIVE_REFRESH_VERIFIED,False,False,False,OK,3,4570461,1933,480291,Başakşehir,Iberia 1999,0.6896551724,0.1428571429,0.4162561576,0.3137254902,False,identity_below_threshold_or_ambiguous,NOT_REQUESTED,False,False,False,IDENTITY_AMBIGUOUS
202425-0313,LIVE_REFRESH_VERIFIED,False,False,False,OK,2,4570407,9984,9917,Cercle Brugge,Molde,1,1,1,0.03703703704,True,utc_time_competition_score_high_confidence_name,OK,True,True,True,NO_PUBLIC_XG
202425-0720,LIVE_REFRESH_VERIFIED,False,False,False,OK,5,4570438,6406,8340,Vojvodina,Maribor,0.6666666667,1,0.8333333333,0.1623376623,True,separated_utc_time_competition_score_alias,OK,True,True,True,NO_PUBLIC_XG
202425-0734,LIVE_REFRESH_VERIFIED,False,False,False,OK,4,4570455,784771,2106,Drita,Auda,1,1,1,0.2287581699,True,utc_time_competition_score_high_confidence_name,OK,True,True,True,NO_PUBLIC_XG
202425-0742,LIVE_REFRESH_VERIFIED,False,False,False,OK,3,4570471,10107,10131,Zrinjski Mostar,Botev Plovdiv,1,1,1,0.2240601504,True,utc_time_competition_score_high_confidence_name,OK,True,True,True,NO_PUBLIC_XG
202425-0315,LIVE_REFRESH_VERIFIED,False,False,False,OK,1,4570408,8593,10200,Ajax,Panathinaikos,1,1,1,0,True,utc_time_competition_score_high_confidence_name,OK,True,True,True,ACCEPTED
202425-0311,LIVE_REFRESH_VERIFIED,False,False,False,OK,1,4570406,7896,7998,Lugano,Partizan Beograd,1,0.9090909091,0.9545454545,0,True,utc_time_competition_score_high_confidence_name,OK,True,True,True,ACCEPTED
202425-0319,LIVE_REFRESH_VERIFIED,False,False,False,OK,1,4570410,9777,10264,Servette,Braga,0.6956521739,0.5263157895,0.6109839817,0,True,unique_utc_time_competition_score_alias,OK,True,True,True,ACCEPTED
202425-0331,LIVE_REFRESH_VERIFIED,False,False,False,OK,1,4570403,7855,479143,Maccabi Tel Aviv,FK Panevezys,1,1,1,0,True,utc_time_competition_score_high_confidence_name,OK,True,True,True,NO_PUBLIC_XG
202425-0730,LIVE_REFRESH_VERIFIED,False,False,False,OK,4,4570439,10265,4662,Wisła Kraków,Spartak Trnava,0.9166666667,1,0.9583333333,0.2915601023,True,utc_time_competition_score_high_confidence_name,OK,True,True,True,NO_PUBLIC_XG
202425-0736,LIVE_REFRESH_VERIFIED,False,False,False,OK,2,4570464,9991,8415,Gent,Silkeborg,0.7272727273,0.8571428571,0.7922077922,0.2428571429,True,separated_utc_time_competition_score_alias,OK,True,True,True,NO_PUBLIC_XG
202425-0740,LIVE_REFRESH_VERIFIED,False,False,False,OK,2,4570470,8025,10190,Śląsk Wrocław,St. Gallen,0.9230769231,0.8571428571,0.8901098901,0.1428571429,True,utc_time_competition_score_high_confidence_name,OK,True,True,True,NO_PUBLIC_XG
202425-0325,LIVE_REFRESH_VERIFIED,False,False,False,OK,2,4570400,10116,8106,Borac Banja Luka,Klaksvik,1,0.8421052632,0.9210526316,0.127016129,True,utc_time_competition_score_high_confidence_name,OK,True,True,True,NO_PUBLIC_XG
202425-0329,LIVE_REFRESH_VERIFIED,False,False,False,OK,2,4570402,4131,4622,Shamrock Rovers,NK Celje,1,1,1,0.1736972705,True,utc_time_competition_score_high_confidence_name,OK,True,True,True,NO_PUBLIC_XG
202425-0714,LIVE_REFRESH_VERIFIED,False,False,False,OK,5,4570453,10154,10186,Hajduk Split,Ruzomberok,1,0.8333333333,0.9166666667,0.2302631579,True,utc_time_competition_score_high_confidence_name,OK,True,True,True,NO_PUBLIC_XG
202425-0718,LIVE_REFRESH_VERIFIED,False,False,False,OK,1,4570430,355346,866109,Puskas FC Academy,Ararat Armenia,0.8275862069,1,0.9137931034,0,True,utc_time_competition_score_high_confidence_name,OK,True,True,True,NO_PUBLIC_XG
202425-0754,LIVE_REFRESH_VERIFIED,False,False,False,OK,5,4570422,2206,952668,Larne,Ballkani,1,1,1,0.2371794872,True,utc_time_competition_score_high_confidence_name,OK,True,True,True,NO_PUBLIC_XG
202425-0756,LIVE_REFRESH_VERIFIED,False,False,False,OK,1,4570423,8100,9861,Decic Tuzi,HJK,1,0.4,0.7,0,True,unique_utc_time_competition_score_alias,OK,True,True,True,NO_PUBLIC_XG
202425-0728,LIVE_REFRESH_VERIFIED,False,False,False,OK,3,4570431,7844,10243,Vitoria de Guimaraes,FC Zürich,0.9189189189,1,0.9594594595,0.2401315789,True,utc_time_competition_score_high_confidence_name,OK,True,True,True,NO_PUBLIC_XG
202425-0793,LIVE_REFRESH_VERIFIED,False,False,False,OK,2,4591286,866111,10186,FC Noah,Ruzomberok,1,0.8333333333,0.9166666667,0.1522988506,True,utc_time_competition_score_high_confidence_name,OK,True,True,True,NO_PUBLIC_XG
202425-0079,LIVE_REFRESH_VERIFIED,False,False,False,OK,1,4590791,10156,7981,Dinamo Zagreb,Qarabag FK,1,1,1,0,True,utc_time_competition_score_high_confidence_name,OK,True,True,True,ACCEPTED
202425-0083,LIVE_REFRESH_VERIFIED,False,False,False,OK,1,4590795,8402,8687,Bodø/Glimt,Red Star Belgrade,1,1,1,0,True,utc_time_competition_score_high_confidence_name,OK,True,True,True,ACCEPTED
202425-0087,LIVE_REFRESH_VERIFIED,False,False,False,OK,1,4590799,8639,7787,Lille,Slavia Prague,0.7142857143,0.8,0.7571428571,0,True,unique_utc_time_competition_score_alias,OK,True,True,True,ACCEPTED
202425-0759,LIVE_REFRESH_VERIFIED,False,False,False,OK,2,4591252,7844,10107,Vitoria de Guimaraes,Zrinjski Mostar,0.9189189189,1,0.9594594595,0.2152380952,True,utc_time_competition_score_high_confidence_name,OK,True,True,True,NO_PUBLIC_XG
202425-0077,LIVE_REFRESH_VERIFIED,False,False,False,OK,1,4590789,10192,8637,Young Boys,Galatasaray,1,1,1,0,True,utc_time_competition_score_high_confidence_name,OK,True,True,True,ACCEPTED
202425-0081,LIVE_REFRESH_VERIFIED,False,False,False,OK,1,4590793,8113,6019,FC Midtjylland,Slovan Bratislava,1,1,1,0,True,utc_time_competition_score_high_confidence_name,OK,True,True,True,ACCEPTED
202425-0085,LIVE_REFRESH_VERIFIED,False,False,False,OK,2,4590797,10237,10247,Malmö FF,Sparta Prague,1,0.8,0.9,0.3605263158,True,utc_time_competition_score_high_confidence_name,OK,True,True,True,ACCEPTED
202425-0089,LIVE_REFRESH_VERIFIED,False,False,False,OK,2,4590801,8688,10013,Dynamo Kyiv,Salzburg,1,1,1,0.3533834586,True,utc_time_competition_score_high_confidence_name,OK,True,True,True,ACCEPTED
202425-0771,LIVE_REFRESH_VERIFIED,False,False,False,OK,4,4591264,8673,784771,Legia Warszawa,Drita,0.9230769231,1,0.9615384615,0.3117408907,True,utc_time_competition_score_high_confidence_name,OK,True,True,True,NO_PUBLIC_XG
202425-0773,LIVE_REFRESH_VERIFIED,False,False,False,OK,2,4591266,10180,7986,Mlada Boleslav,Paksi SE,1,0.7692307692,0.8846153846,0.3068181818,True,utc_time_competition_score_high_confidence_name,OK,True,True,True,NO_PUBLIC_XG
202425-0797,LIVE_REFRESH_VERIFIED,False,False,False,OK,3,4591233,6345,4622,Pyunik,NK Celje,0.6,1,0.8,0.08333333333,True,separated_utc_time_competition_score_alias,OK,True,True,True,NO_PUBLIC_XG
202425-0801,LIVE_REFRESH_VERIFIED,False,False,False,OK,1,4591237,479143,7852,FK Panevezys,TNS,1,1,1,0,True,utc_time_competition_score_high_confidence_name,OK,True,True,True,NO_PUBLIC_XG
202425-0344,LIVE_REFRESH_VERIFIED,False,False,False,OK,1,4590884,9977,9723,LASK,FC FCSB,1,1,1,0,True,utc_time_competition_score_high_confidence_name,OK,True,True,True,ACCEPTED
202425-0346,LIVE_REFRESH_VERIFIED,False,False,False,OK,2,4590886,248871,8621,RFS,APOEL Nicosia,1,1,1,0.2989130435,True,utc_time_competition_score_high_confidence_name,OK,True,True,True,NO_PUBLIC_XG
202425-0354,LIVE_REFRESH_VERIFIED,False,False,False,OK,2,4590894,9917,8014,Molde,Elfsborg,1,0.8421052632,0.9210526316,0.2128851541,True,utc_time_competition_score_high_confidence_name,OK,True,True,True,NO_PUBLIC_XG
202425-0358,LIVE_REFRESH_VERIFIED,False,False,False,OK,1,4590898,6033,9860,Viktoria Plzen,Hearts,1,1,1,0,True,utc_time_competition_score_high_confidence_name,OK,True,True,True,NO_PUBLIC_XG
202425-0757,LIVE_REFRESH_VERIFIED,False,False,False,OK,1,4591250,8044,577619,Omonia Nicosia,Zira,1,1,1,0,True,utc_time_competition_score_high_confidence_name,OK,True,True,True,NO_PUBLIC_XG
202425-0761,LIVE_REFRESH_VERIFIED,False,False,False,OK,3,4591254,9802,8340,Djurgården,Maribor,0.8333333333,1,0.9166666667,0.2121212121,True,utc_time_competition_score_high_confidence_name,OK,True,True,True,NO_PUBLIC_XG
202425-0765,LIVE_REFRESH_VERIFIED,False,False,False,OK,4,4591258,8468,166865,Brann,FC Astana,0.5882352941,1,0.7941176471,0.3154761905,True,separated_utc_time_competition_score_alias,OK,True,True,True,NO_PUBLIC_XG
202425-0775,LIVE_REFRESH_VERIFIED,False,False,False,OK,1,4591274,8428,94937,Häcken,FC Heidenheim,0.8,0.9090909091,0.8545454545,0,True,utc_time_competition_score_high_confidence_name,OK,True,True,True,NO_PUBLIC_XG
202425-0781,LIVE_REFRESH_VERIFIED,False,False,False,OK,4,4591268,8391,8597,FC København,Kilmarnock,1,1,1,0.3392857143,True,utc_time_competition_score_high_confidence_name,OK,True,True,True,NO_PUBLIC_XG
202425-0350,LIVE_REFRESH_VERIFIED,False,False,False,OK,2,4590890,8619,4131,PAOK Thessaloniki FC,Shamrock Rovers,1,1,1,0.210989011,True,utc_time_competition_score_high_confidence_name,OK,True,True,True,NO_PUBLIC_XG
202425-0787,LIVE_REFRESH_VERIFIED,False,False,False,OK,3,4591280,9731,2137,CFR Cluj,Pafos FC,1,1,1,0.2222222222,True,utc_time_competition_score_high_confidence_name,OK,True,True,True,NO_PUBLIC_XG
202425-0340,LIVE_REFRESH_VERIFIED,False,False,False,OK,2,4590880,210173,561981,Ludogorets Razgrad,CS Petrocub,1,0.5714285714,0.7857142857,0.2446428571,True,separated_utc_time_competition_score_alias,OK,True,True,True,NO_PUBLIC_XG
202425-0348,LIVE_REFRESH_VERIFIED,False,False,False,OK,1,4590888,7855,676140,Maccabi Tel Aviv,TSC Backa Topola,1,1,1,0,True,utc_time_competition_score_high_confidence_name,OK,True,True,True,NO_PUBLIC_XG
202425-0777,LIVE_REFRESH_VERIFIED,False,False,False,OK,1,4591276,10162,7872,Rijeka,Olimpija Ljubljana,1,1,1,0,True,utc_time_competition_score_high_confidence_name,OK,True,True,True,NO_PUBLIC_XG
202425-0783,LIVE_REFRESH_VERIFIED,False,False,False,OK,1,4591270,8535,355346,Fiorentina,Puskas FC Academy,1,0.8275862069,0.9137931034,0,True,utc_time_competition_score_high_confidence_name,OK,True,True,True,NO_PUBLIC_XG
202425-0791,LIVE_REFRESH_VERIFIED,False,False,False,OK,1,4591284,558259,8603,Kryvbas,Real Betis,0.56,1,0.78,0,True,unique_utc_time_competition_score_alias,OK,True,True,True,NO_PUBLIC_XG
202425-0799,LIVE_REFRESH_VERIFIED,False,False,False,OK,1,4591235,6017,155305,Vikingur Reykjavik,UE Santa Coloma,1,1,1,0,True,utc_time_competition_score_high_confidence_name,OK,True,True,True,NO_PUBLIC_XG
202425-0789,LIVE_REFRESH_VERIFIED,False,False,False,OK,1,4591282,7998,9991,Partizan Beograd,Gent,0.9090909091,0.7272727273,0.8181818182,0,True,utc_time_competition_score_high_confidence_name,OK,True,True,True,NO_PUBLIC_XG
202425-0342,LIVE_REFRESH_VERIFIED,False,False,False,OK,1,4590882,7896,10188,Lugano,Beşiktaş,1,1,1,0,True,utc_time_competition_score_high_confidence_name,OK,True,True,True,ACCEPTED
202425-0767,LIVE_REFRESH_VERIFIED,False,False,False,OK,1,4591260,10265,9984,Wisła Kraków,Cercle Brugge,0.9166666667,1,0.9583333333,0,True,utc_time_competition_score_high_confidence_name,OK,True,True,True,NO_PUBLIC_XG
202425-0336,LIVE_REFRESH_VERIFIED,False,False,False,OK,2,4590876,10058,8635,Dinamo Minsk,Anderlecht,1,1,1,0.2287581699,True,utc_time_competition_score_high_confidence_name,OK,True,True,True,NO_PUBLIC_XG
202425-0338,LIVE_REFRESH_VERIFIED,False,False,False,OK,1,4590878,1957,8593,Jagiellonia Bialystok,Ajax,1,1,1,0,True,utc_time_competition_score_high_confidence_name,OK,True,True,True,ACCEPTED
202425-0779,LIVE_REFRESH_VERIFIED,False,False,False,OK,2,4591278,1854,1933,St. Patrick's Athletic,Başakşehir,1,0.6896551724,0.8448275862,0.2666666667,True,separated_utc_time_competition_score_alias,OK,True,True,True,NO_PUBLIC_XG
202425-0803,LIVE_REFRESH_VERIFIED,False,False,False,OK,2,4591239,8106,9861,Klaksvik,HJK,0.8421052632,0.4,0.6210526316,0.31,True,separated_utc_time_competition_score_alias,OK,True,True,True,NO_PUBLIC_XG
202425-0352,LIVE_REFRESH_VERIFIED,False,False,False,OK,1,4590892,8222,10116,Ferencvaros,Borac Banja Luka,1,1,1,0,True,utc_time_competition_score_high_confidence_name,OK,True,True,True,ACCEPTED
202425-0763,LIVE_REFRESH_VERIFIED,False,False,False,OK,2,4591256,10190,9752,St. Gallen,Trabzonspor,0.8571428571,1,0.9285714286,0.2294372294,True,utc_time_competition_score_high_confidence_name,OK,True,True,True,NO_PUBLIC_XG
202425-0769,LIVE_REFRESH_VERIFIED,False,False,False,OK,2,4591262,8588,10200,Lens,Panathinaikos,0.7272727273,1,0.8636363636,0.2415458937,True,utc_time_competition_score_high_confidence_name,OK,True,True,True,NO_PUBLIC_XG
202425-0785,LIVE_REFRESH_VERIFIED,False,False,False,OK,4,4591272,8455,9777,Chelsea,Servette,1,0.6956521739,0.847826087,0.2428571429,True,separated_utc_time_competition_score_alias,OK,True,True,True,NO_PUBLIC_XG
202425-0795,LIVE_REFRESH_VERIFIED,False,False,False,OK,2,4591231,545012,2206,Lincoln Red Imps FC,Larne,1,1,1,0.2611111111,True,utc_time_competition_score_high_confidence_name,OK,True,True,True,NO_PUBLIC_XG
202425-0356,LIVE_REFRESH_VERIFIED,False,False,False,OK,2,4590896,10264,10015,Braga,Rapid Wien,0.5263157895,1,0.7631578947,0.2327365729,True,separated_utc_time_competition_score_alias,OK,True,True,True,ACCEPTED
202425-0078,LIVE_REFRESH_VERIFIED,False,False,False,OK,1,4590790,8637,10192,Galatasaray,Young Boys,1,1,1,0,True,utc_time_competition_score_high_confidence_name,OK,True,True,True,ACCEPTED
202425-0086,LIVE_REFRESH_VERIFIED,False,False,False,OK,2,4590798,10247,10237,Sparta Prague,Malmö FF,0.8,1,0.9,0.2188235294,True,utc_time_competition_score_high_confidence_name,OK,True,True,True,ACCEPTED
202425-0090,LIVE_REFRESH_VERIFIED,False,False,False,OK,1,4590802,10013,8688,Salzburg,Dynamo Kyiv,1,1,1,0,True,utc_time_competition_score_high_confidence_name,OK,True,True,True,ACCEPTED
202425-0780,LIVE_REFRESH_VERIFIED,False,False,False,OK,2,4591279,1933,1854,Başakşehir,St. Patrick's Athletic,0.6896551724,1,0.8448275862,0.23625,True,separated_utc_time_competition_score_alias,OK,True,True,True,NO_PUBLIC_XG
202425-0790,LIVE_REFRESH_VERIFIED,False,False,False,OK,2,4591283,9991,7998,Gent,Partizan Beograd,0.7272727273,0.9090909091,0.8181818182,0.1876832845,True,utc_time_competition_score_high_confidence_name,OK,True,True,True,NO_PUBLIC_XG
202425-0080,LIVE_REFRESH_VERIFIED,False,False,False,OK,1,4590792,7981,10156,Qarabag FK,Dinamo Zagreb,1,1,1,0,True,utc_time_competition_score_high_confidence_name,OK,True,True,True,ACCEPTED
202425-0082,LIVE_REFRESH_VERIFIED,False,False,False,OK,1,4590794,6019,8113,Slovan Bratislava,FC Midtjylland,1,1,1,0,True,utc_time_competition_score_high_confidence_name,OK,True,True,True,ACCEPTED
202425-0084,LIVE_REFRESH_VERIFIED,False,False,False,OK,2,4590796,8687,8402,Red Star Belgrade,Bodø/Glimt,1,1,1,0.2714932127,True,utc_time_competition_score_high_confidence_name,OK,True,True,True,ACCEPTED
202425-0088,LIVE_REFRESH_VERIFIED,False,False,False,OK,1,4590800,7787,8639,Slavia Prague,Lille,0.8,0.7142857143,0.7571428571,0,True,unique_utc_time_competition_score_alias,OK,True,True,True,ACCEPTED
202425-0766,LIVE_REFRESH_VERIFIED,False,False,False,OK,3,4591259,166865,8468,FC Astana,Brann,1,0.5882352941,0.7941176471,0.2818181818,True,separated_utc_time_competition_score_alias,OK,True,True,True,NO_PUBLIC_XG
202425-0758,LIVE_REFRESH_VERIFIED,False,False,False,OK,2,4591251,577619,8044,Zira,Omonia Nicosia,1,1,1,0.06666666667,True,utc_time_competition_score_high_confidence_name,OK,True,True,True,NO_PUBLIC_XG
202425-0804,LIVE_REFRESH_VERIFIED,False,False,False,OK,2,4591240,9861,8106,HJK,Klaksvik,0.4,0.8421052632,0.6210526316,0.1611111111,True,separated_utc_time_competition_score_alias,OK,True,True,True,NO_PUBLIC_XG
202425-0794,LIVE_REFRESH_VERIFIED,False,False,False,OK,2,4591287,10186,866111,Ruzomberok,FC Noah,0.8333333333,1,0.9166666667,0.2052631579,True,utc_time_competition_score_high_confidence_name,OK,True,True,True,NO_PUBLIC_XG
202425-0341,LIVE_REFRESH_VERIFIED,False,False,False,OK,1,4590881,561981,210173,CS Petrocub,Ludogorets Razgrad,0.5714285714,1,0.7857142857,0,True,unique_utc_time_competition_score_alias,OK,True,True,True,NO_PUBLIC_XG
202425-0347,LIVE_REFRESH_VERIFIED,False,False,False,OK,1,4590887,8621,248871,APOEL Nicosia,RFS,1,1,1,0,True,utc_time_competition_score_high_confidence_name,OK,True,True,True,NO_PUBLIC_XG
202425-0355,LIVE_REFRESH_VERIFIED,False,False,False,OK,2,4590895,8014,9917,Elfsborg,Molde,0.8421052632,1,0.9210526316,0.2755417957,True,utc_time_competition_score_high_confidence_name,OK,True,True,True,NO_PUBLIC_XG
202425-0764,LIVE_REFRESH_VERIFIED,False,False,False,OK,3,4591257,9752,10190,Trabzonspor,St. Gallen,1,0.8571428571,0.9285714286,0.2857142857,True,utc_time_competition_score_high_confidence_name,OK,True,True,True,NO_PUBLIC_XG
202425-0774,LIVE_REFRESH_VERIFIED,False,False,False,OK,1,4591267,7986,10180,Paksi SE,Mlada Boleslav,0.7692307692,1,0.8846153846,0,True,utc_time_competition_score_high_confidence_name,OK,True,True,True,NO_PUBLIC_XG
202425-0778,LIVE_REFRESH_VERIFIED,False,False,False,OK,1,4591277,7872,10162,Olimpija Ljubljana,Rijeka,1,1,1,0,True,utc_time_competition_score_high_confidence_name,OK,True,True,True,NO_PUBLIC_XG
202425-0788,LIVE_REFRESH_VERIFIED,False,False,False,OK,3,4591281,2137,9731,Pafos FC,CFR Cluj,1,1,1,0.2587412587,True,utc_time_competition_score_high_confidence_name,OK,True,True,True,NO_PUBLIC_XG
202425-0802,LIVE_REFRESH_VERIFIED,False,False,False,OK,2,4591238,7852,479143,TNS,FK Panevezys,1,1,1,0.1296296296,True,utc_time_competition_score_high_confidence_name,OK,True,True,True,NO_PUBLIC_XG
202425-0337,LIVE_REFRESH_VERIFIED,False,False,False,OK,2,4590877,8635,10058,Anderlecht,Dinamo Minsk,1,1,1,0.2589285714,True,utc_time_competition_score_high_confidence_name,OK,True,True,True,NO_PUBLIC_XG
202425-0339,LIVE_REFRESH_VERIFIED,False,False,False,OK,1,4590879,8593,1957,Ajax,Jagiellonia Bialystok,1,1,1,0,True,utc_time_competition_score_high_confidence_name,OK,True,True,True,ACCEPTED
202425-0343,LIVE_REFRESH_VERIFIED,False,False,False,OK,1,4590883,10188,7896,Beşiktaş,Lugano,1,1,1,0,True,utc_time_competition_score_high_confidence_name,OK,True,True,True,ACCEPTED
202425-0760,LIVE_REFRESH_VERIFIED,False,False,False,OK,1,4591253,10107,7844,Zrinjski Mostar,Vitoria de Guimaraes,1,0.9189189189,0.9594594595,0,True,utc_time_competition_score_high_confidence_name,OK,True,True,True,NO_PUBLIC_XG
202425-0768,LIVE_REFRESH_VERIFIED,False,False,False,OK,1,4591261,9984,10265,Cercle Brugge,Wisła Kraków,1,0.9166666667,0.9583333333,0,True,utc_time_competition_score_high_confidence_name,OK,True,True,True,NO_PUBLIC_XG
202425-0770,LIVE_REFRESH_VERIFIED,False,False,False,OK,2,4591263,10200,8588,Panathinaikos,Lens,1,0.7272727273,0.8636363636,0.352484472,True,utc_time_competition_score_high_confidence_name,OK,True,True,True,NO_PUBLIC_XG
202425-0772,LIVE_REFRESH_VERIFIED,False,False,False,OK,2,4591265,784771,8673,Drita,Legia Warszawa,1,0.9230769231,0.9615384615,0.303030303,True,utc_time_competition_score_high_confidence_name,OK,True,True,True,NO_PUBLIC_XG
202425-0782,LIVE_REFRESH_VERIFIED,False,False,False,OK,3,4591269,8597,8391,Kilmarnock,FC København,1,1,1,0.2619047619,True,utc_time_competition_score_high_confidence_name,OK,True,True,True,NO_PUBLIC_XG
202425-0800,LIVE_REFRESH_VERIFIED,False,False,False,OK,2,4591236,155305,6017,UE Santa Coloma,Vikingur Reykjavik,1,1,1,0.1666666667,True,utc_time_competition_score_high_confidence_name,OK,True,True,True,NO_PUBLIC_XG
202425-0762,LIVE_REFRESH_VERIFIED,False,False,False,OK,2,4591255,8340,9802,Maribor,Djurgården,1,0.8333333333,0.9166666667,0.3095238095,True,utc_time_competition_score_high_confidence_name,OK,True,True,True,NO_PUBLIC_XG
202425-0798,LIVE_REFRESH_VERIFIED,False,False,False,OK,1,4591234,4622,6345,NK Celje,Pyunik,1,0.6,0.8,0,True,unique_utc_time_competition_score_alias,OK,True,True,True,NO_PUBLIC_XG
202425-0345,LIVE_REFRESH_VERIFIED,False,False,False,OK,2,4590885,9723,9977,FC FCSB,LASK,1,1,1,0.2589285714,True,utc_time_competition_score_high_confidence_name,OK,True,True,True,ACCEPTED
202425-0776,LIVE_REFRESH_VERIFIED,False,False,False,OK,1,4591275,94937,8428,FC Heidenheim,Häcken,0.9090909091,0.8,0.8545454545,0,True,utc_time_competition_score_high_confidence_name,OK,True,True,True,NO_PUBLIC_XG
202425-0786,LIVE_REFRESH_VERIFIED,False,False,False,OK,2,4591273,9777,8455,Servette,Chelsea,0.6956521739,1,0.847826087,0.1333333333,True,separated_utc_time_competition_score_alias,OK,True,True,True,NO_PUBLIC_XG
202425-0359,LIVE_REFRESH_VERIFIED,False,False,False,OK,2,4590899,9860,6033,Hearts,Viktoria Plzen,1,1,1,0.3007518797,True,utc_time_competition_score_high_confidence_name,OK,True,True,True,NO_PUBLIC_XG
202425-0349,LIVE_REFRESH_VERIFIED,False,False,False,OK,1,4590889,676140,7855,TSC Backa Topola,Maccabi Tel Aviv,1,1,1,0,True,utc_time_competition_score_high_confidence_name,OK,True,True,True,NO_PUBLIC_XG
202425-0351,LIVE_REFRESH_VERIFIED,False,False,False,OK,1,4590891,4131,8619,Shamrock Rovers,PAOK Thessaloniki FC,1,1,1,0,True,utc_time_competition_score_high_confidence_name,OK,True,True,True,NO_PUBLIC_XG
202425-0353,LIVE_REFRESH_VERIFIED,False,False,False,OK,1,4590893,10116,8222,Borac Banja Luka,Ferencvaros,1,1,1,0,True,utc_time_competition_score_high_confidence_name,OK,True,True,True,ACCEPTED
202425-0357,LIVE_REFRESH_VERIFIED,False,False,False,OK,1,4590897,10015,10264,Rapid Wien,Braga,1,0.5263157895,0.7631578947,0,True,unique_utc_time_competition_score_alias,OK,True,True,True,ACCEPTED
202425-0784,LIVE_REFRESH_VERIFIED,False,False,False,OK,3,4591271,355346,8535,Puskas FC Academy,Fiorentina,0.8275862069,1,0.9137931034,0.2778947368,True,utc_time_competition_score_high_confidence_name,OK,True,True,True,NO_PUBLIC_XG
202425-0792,LIVE_REFRESH_VERIFIED,False,False,False,OK,3,4591285,8603,558259,Real Betis,Kryvbas,1,0.56,0.78,0.2119565217,True,separated_utc_time_competition_score_alias,OK,True,True,True,NO_PUBLIC_XG
202425-0796,LIVE_REFRESH_VERIFIED,False,False,False,OK,2,4591232,2206,545012,Larne,Lincoln Red Imps FC,1,1,1,0.2333333333,True,utc_time_competition_score_high_confidence_name,OK,True,True,True,NO_PUBLIC_XG
202425-0091,LIVE_REFRESH_VERIFIED,False,False,False,OK,3,4621648,10192,10252,Young Boys,Aston Villa,1,1,1,0.2321428571,True,utc_time_competition_score_high_confidence_name,OK,True,True,True,ACCEPTED
202425-0092,LIVE_REFRESH_VERIFIED,False,False,False,OK,4,4621592,9885,8640,Juventus,PSV Eindhoven,1,1,1,0.2678571429,True,utc_time_competition_score_high_confidence_name,OK,True,True,True,ACCEPTED
202425-0093,LIVE_REFRESH_VERIFIED,False,False,False,OK,2,4621552,8564,8650,Milan,Liverpool,1,1,1,0.3907563025,True,utc_time_competition_score_high_confidence_name,OK,True,True,True,ACCEPTED
202425-0094,LIVE_REFRESH_VERIFIED,False,False,False,OK,1,4621512,9823,10156,Bayern München,Dinamo Zagreb,1,1,1,0,True,utc_time_competition_score_high_confidence_name,OK,True,True,True,ACCEPTED
202425-0095,LIVE_REFRESH_VERIFIED,False,False,False,OK,4,4621548,8633,10269,Real Madrid,VfB Stuttgart,1,1,1,0.291005291,True,utc_time_competition_score_high_confidence_name,OK,True,True,True,ACCEPTED
202425-0096,LIVE_REFRESH_VERIFIED,False,False,False,OK,1,4621628,9768,8639,Sporting CP,Lille,0.7586206897,0.7142857143,0.736453202,0,True,unique_utc_time_competition_score_alias,OK,True,True,True,ACCEPTED
202425-0097,LIVE_REFRESH_VERIFIED,False,False,False,OK,2,4621641,10247,10013,Sparta Prague,Salzburg,0.8,1,0.9,0.2123655914,True,utc_time_competition_score_high_confidence_name,OK,True,True,True,ACCEPTED
202425-0098,LIVE_REFRESH_VERIFIED,False,False,False,OK,6,4621617,9857,9728,Bologna,Shakhtar Donetsk,1,1,1,0.3304347826,True,utc_time_competition_score_high_confidence_name,OK,True,True,True,ACCEPTED
202425-0099,LIVE_REFRESH_VERIFIED,False,False,False,OK,1,4621650,9925,6019,Celtic,Slovan Bratislava,1,1,1,0,True,utc_time_competition_score_high_confidence_name,OK,True,True,True,ACCEPTED
202425-0100,LIVE_REFRESH_VERIFIED,False,False,False,OK,3,4621531,8342,9789,Club Brugge,Borussia Dortmund,1,1,1,0.1696428571,True,utc_time_competition_score_high_confidence_name,OK,True,True,True,ACCEPTED
202425-0101,LIVE_REFRESH_VERIFIED,False,False,False,OK,6,4621492,8456,8636,Manchester City,Inter,1,0.5263157895,0.7631578947,0.3209109731,True,separated_utc_time_competition_score_alias,OK,True,True,True,ACCEPTED
202425-0102,LIVE_REFRESH_VERIFIED,False,False,False,OK,1,4621579,9847,7732,Paris Saint-Germain,Girona,1,1,1,0,True,utc_time_competition_score_high_confidence_name,OK,True,True,True,ACCEPTED
202425-0103,LIVE_REFRESH_VERIFIED,False,False,False,OK,1,4621562,10235,8178,Feyenoord,Bayer Leverkusen,1,1,1,0,True,utc_time_competition_score_high_confidence_name,OK,True,True,True,ACCEPTED
202425-0104,LIVE_REFRESH_VERIFIED,False,False,False,OK,1,4621599,8687,9772,Red Star Belgrade,Benfica,1,1,1,0,True,utc_time_competition_score_high_confidence_name,OK,True,True,True,ACCEPTED
202425-0105,LIVE_REFRESH_VERIFIED,False,False,False,OK,4,4621541,9829,8634,Monaco,Barcelona,0.8,1,0.9,0.2719298246,True,utc_time_competition_score_high_confidence_name,OK,True,True,True,ACCEPTED
202425-0106,LIVE_REFRESH_VERIFIED,False,False,False,OK,5,4621583,8524,9825,Atalanta,Arsenal,1,1,1,0.3363636364,True,utc_time_competition_score_high_confidence_name,OK,True,True,True,ACCEPTED
202425-0107,LIVE_REFRESH_VERIFIED,False,False,False,OK,4,4621519,9906,178475,Atletico Madrid,RB Leipzig,1,1,1,0.2481203008,True,utc_time_competition_score_high_confidence_name,OK,True,True,True,ACCEPTED
202425-0108,LIVE_REFRESH_VERIFIED,False,False,False,OK,4,4621663,8521,10014,Brest,Sturm Graz,0.5263157895,1,0.7631578947,0.3224137931,True,separated_utc_time_competition_score_alias,OK,True,True,True,ACCEPTED
202425-0360,LIVE_REFRESH_VERIFIED,False,False,False,OK,2,4622083,10229,8014,AZ Alkmaar,Elfsborg,1,0.8421052632,0.9210526316,0.2828947368,True,utc_time_competition_score_high_confidence_name,OK,True,True,True,ACCEPTED
202425-0361,LIVE_REFRESH_VERIFIED,False,False,False,OK,2,4622116,8402,9773,Bodø/Glimt,FC Porto,1,1,1,0.3117408907,True,utc_time_competition_score_high_confidence_name,OK,True,True,True,ACCEPTED
202425-0362,LIVE_REFRESH_VERIFIED,False,False,False,OK,1,4622104,8688,8543,Dynamo Kyiv,Lazio,1,1,1,0,True,utc_time_competition_score_high_confidence_name,OK,True,True,True,ACCEPTED
202425-0363,LIVE_REFRESH_VERIFIED,False,False,False,OK,4,4622111,8113,8226,FC Midtjylland,Hoffenheim,1,0.8,0.9,0.2857142857,True,utc_time_competition_score_high_confidence_name,OK,True,True,True,ACCEPTED
202425-0364,LIVE_REFRESH_VERIFIED,False,False,False,OK,1,4622101,8637,8619,Galatasaray,PAOK Thessaloniki FC,1,1,1,0,True,utc_time_competition_score_high_confidence_name,OK,True,True,True,ACCEPTED
202425-0365,LIVE_REFRESH_VERIFIED,False,False,False,OK,4,4622038,10260,8611,Manchester United,FC Twente,1,0.5714285714,0.7857142857,0.3571428571,True,separated_utc_time_competition_score_alias,OK,True,True,True,ACCEPTED
202425-0366,LIVE_REFRESH_VERIFIED,False,False,False,OK,4,4622155,9831,8560,Nice,Real Sociedad,0.6666666667,1,0.8333333333,0.3052631579,True,separated_utc_time_competition_score_alias,OK,True,True,True,ACCEPTED
202425-0367,LIVE_REFRESH_VERIFIED,False,False,False,OK,2,4622092,210173,7787,Ludogorets Razgrad,Slavia Prague,1,0.8,0.9,0.2206477733,True,utc_time_competition_score_high_confidence_name,OK,True,True,True,ACCEPTED
202425-0368,LIVE_REFRESH_VERIFIED,False,False,False,OK,3,4622147,8635,8222,Anderlecht,Ferencvaros,1,1,1,0.2357142857,True,utc_time_competition_score_high_confidence_name,OK,True,True,True,ACCEPTED
202425-0369,LIVE_REFRESH_VERIFIED,False,False,False,OK,3,4622057,8695,7978,Fenerbahçe,Union St.Gilloise,1,0.9189189189,0.9594594595,0.2967741935,True,utc_time_competition_score_high_confidence_name,OK,True,True,True,ACCEPTED
202425-0370,LIVE_REFRESH_VERIFIED,False,False,False,OK,2,4622096,10237,8548,Malmö FF,Rangers,1,0.6363636364,0.8181818182,0.2884615385,True,separated_utc_time_competition_score_alias,OK,True,True,True,ACCEPTED
202425-0371,LIVE_REFRESH_VERIFIED,False,False,False,OK,1,4622050,8593,10188,Ajax,Beşiktaş,1,1,1,0,True,utc_time_competition_score_high_confidence_name,OK,True,True,True,ACCEPTED
202425-0372,LIVE_REFRESH_VERIFIED,False,False,False,OK,4,4622021,8686,8315,Roma,Athletic Club,0.7272727273,0.6956521739,0.7114624506,0.2261904762,True,separated_utc_time_competition_score_alias,OK,True,True,True,ACCEPTED
202425-0373,LIVE_REFRESH_VERIFIED,False,False,False,OK,1,4622024,9810,6033,Eintracht Frankfurt,Viktoria Plzen,1,1,1,0,True,utc_time_competition_score_high_confidence_name,OK,True,True,True,ACCEPTED
202425-0374,LIVE_REFRESH_VERIFIED,False,False,False,OK,1,4622153,9723,248871,FCSB,RFS,1,1,1,0,True,utc_time_competition_score_high_confidence_name,OK,True,True,True,ACCEPTED
202425-0375,LIVE_REFRESH_VERIFIED,False,False,False,OK,1,4622085,9748,8638,Lyon,Olympiacos,0.4444444444,0.6428571429,0.5436507937,0,True,unique_utc_time_competition_score_alias,OK,True,True,True,ACCEPTED
202425-0376,LIVE_REFRESH_VERIFIED,False,False,False,OK,3,4622069,10264,7855,Braga,Maccabi Tel Aviv,0.5263157895,1,0.7631578947,0.2462121212,True,separated_utc_time_competition_score_alias,OK,True,True,True,ACCEPTED
202425-0377,LIVE_REFRESH_VERIFIED,False,False,False,OK,1,4622041,8586,7981,Tottenham Hotspur,Qarabag FK,1,1,1,0,True,utc_time_competition_score_high_confidence_name,OK,True,True,True,ACCEPTED
202425-0109,LIVE_REFRESH_VERIFIED,False,False,False,OK,2,4621640,10013,8521,Salzburg,Brest,1,0.5263157895,0.7631578947,0.2924137931,True,separated_utc_time_competition_score_alias,OK,True,True,True,ACCEPTED
202425-0110,LIVE_REFRESH_VERIFIED,False,False,False,OK,3,4621657,10269,10247,VfB Stuttgart,Sparta Prague,1,0.8,0.9,0.3377926421,True,utc_time_competition_score_high_confidence_name,OK,True,True,True,ACCEPTED
202425-0111,LIVE_REFRESH_VERIFIED,False,False,False,OK,3,4621576,9825,9847,Arsenal,Paris Saint-Germain,1,1,1,0.1785714286,True,utc_time_competition_score_high_confidence_name,OK,True,True,True,ACCEPTED
202425-0112,LIVE_REFRESH_VERIFIED,False,False,False,OK,3,4621559,8178,8564,Bayer Leverkusen,Milan,1,1,1,0.2202380952,True,utc_time_competition_score_high_confidence_name,OK,True,True,True,ACCEPTED
202425-0113,LIVE_REFRESH_VERIFIED,False,False,False,OK,1,4621532,9789,9925,Borussia Dortmund,Celtic,1,1,1,0,True,utc_time_competition_score_high_confidence_name,OK,True,True,True,ACCEPTED
202425-0114,LIVE_REFRESH_VERIFIED,False,False,False,OK,2,4621538,8634,10192,Barcelona,Young Boys,1,1,1,0.2291021672,True,utc_time_competition_score_high_confidence_name,OK,True,True,True,ACCEPTED
202425-0115,LIVE_REFRESH_VERIFIED,False,False,False,OK,4,4621504,8636,8687,Inter,Red Star Belgrade,0.5263157895,1,0.7631578947,0.2366071429,True,separated_utc_time_competition_score_alias,OK,True,True,True,ACCEPTED
202425-0116,LIVE_REFRESH_VERIFIED,False,False,False,OK,3,4621629,8640,9768,PSV Eindhoven,Sporting CP,1,0.7586206897,0.8793103448,0.3128019324,True,utc_time_competition_score_high_confidence_name,OK,True,True,True,ACCEPTED
202425-0117,LIVE_REFRESH_VERIFIED,False,False,False,OK,2,4621499,6019,8456,Slovan Bratislava,Manchester City,1,1,1,0.31,True,utc_time_competition_score_high_confidence_name,OK,True,True,True,ACCEPTED
202425-0805,LIVE_REFRESH_VERIFIED,False,False,False,OK,3,4622201,1933,10015,Başakşehir,Rapid Wien,0.6896551724,1,0.8448275862,0.2361751152,True,separated_utc_time_competition_score_alias,OK,True,True,True,ACCEPTED
202425-0806,LIVE_REFRESH_VERIFIED,False,False,False,OK,1,4622237,7844,4622,Vitoria de Guimaraes,NK Celje,0.9189189189,1,0.9594594595,0,True,utc_time_competition_score_high_confidence_name,OK,True,True,True,ACCEPTED
202425-0118,LIVE_REFRESH_VERIFIED,False,False,False,OK,1,4621584,9728,8524,Shakhtar Donetsk,Atalanta,1,1,1,0,True,utc_time_competition_score_high_confidence_name,OK,True,True,True,ACCEPTED
202425-0119,LIVE_REFRESH_VERIFIED,False,False,False,OK,3,4621627,7732,10235,Girona,Feyenoord,1,1,1,0.2428571429,True,utc_time_competition_score_high_confidence_name,OK,True,True,True,ACCEPTED
202425-0120,LIVE_REFRESH_VERIFIED,False,False,False,OK,5,4621515,10252,9823,Aston Villa,Bayern München,1,1,1,0.3348214286,True,utc_time_competition_score_high_confidence_name,OK,True,True,True,ACCEPTED
202425-0121,LIVE_REFRESH_VERIFIED,False,False,False,OK,2,4621638,10156,9829,Dinamo Zagreb,Monaco,1,0.8,0.9,0.2701149425,True,utc_time_competition_score_high_confidence_name,OK,True,True,True,ACCEPTED
202425-0122,LIVE_REFRESH_VERIFIED,False,False,False,OK,2,4621555,8650,9857,Liverpool,Bologna,1,1,1,0.1394230769,True,utc_time_competition_score_high_confidence_name,OK,True,True,True,ACCEPTED
202425-0123,LIVE_REFRESH_VERIFIED,False,False,False,OK,5,4621547,8639,8633,Lille,Real Madrid,0.7142857143,1,0.8571428571,0.27,True,utc_time_competition_score_high_confidence_name,OK,True,True,True,ACCEPTED
202425-0124,LIVE_REFRESH_VERIFIED,False,False,False,OK,3,4621518,178475,9885,RB Leipzig,Juventus,1,1,1,0.1990740741,True,utc_time_competition_score_high_confidence_name,OK,True,True,True,ACCEPTED
202425-0125,LIVE_REFRESH_VERIFIED,False,False,False,OK,4,4621613,10014,8342,Sturm Graz,Club Brugge,1,1,1,0.188034188,True,utc_time_competition_score_high_confidence_name,OK,True,True,True,ACCEPTED
202425-0126,LIVE_REFRESH_VERIFIED,False,False,False,OK,4,4621569,9772,9906,Benfica,Atletico Madrid,1,1,1,0.2732919255,True,utc_time_competition_score_high_confidence_name,OK,True,True,True,ACCEPTED
202425-0378,LIVE_REFRESH_VERIFIED,False,False,False,OK,1,4622160,248871,8637,RFS,Galatasaray,1,1,1,0,True,utc_time_competition_score_high_confidence_name,OK,True,True,True,ACCEPTED
202425-0379,LIVE_REFRESH_VERIFIED,False,False,False,OK,3,4622060,8222,8586,Ferencvaros,Tottenham Hotspur,1,1,1,0.2037037037,True,utc_time_competition_score_high_confidence_name,OK,True,True,True,ACCEPTED
202425-0380,LIVE_REFRESH_VERIFIED,False,False,False,OK,1,4622053,7855,8113,Maccabi Tel Aviv,FC Midtjylland,1,1,1,0,True,utc_time_competition_score_high_confidence_name,OK,True,True,True,ACCEPTED
202425-0381,LIVE_REFRESH_VERIFIED,False,False,False,OK,1,4622077,8638,10264,Olympiacos,Braga,0.6428571429,0.5263157895,0.5845864662,0,True,unique_utc_time_competition_score_alias,OK,True,True,True,ACCEPTED
202425-0382,LIVE_REFRESH_VERIFIED,False,False,False,OK,3,4622114,7981,10237,Qarabag FK,Malmö FF,1,1,1,0.2111111111,True,utc_time_competition_score_high_confidence_name,OK,True,True,True,ACCEPTED
202425-0383,LIVE_REFRESH_VERIFIED,False,False,False,OK,3,4622075,8560,8635,Real Sociedad,Anderlecht,1,1,1,0.2611111111,True,utc_time_competition_score_high_confidence_name,OK,True,True,True,ACCEPTED
202425-0384,LIVE_REFRESH_VERIFIED,False,False,False,OK,1,4622046,8543,9831,Lazio,Nice,1,0.6666666667,0.8333333333,0,True,unique_utc_time_competition_score_alias,OK,True,True,True,ACCEPTED
202425-0385,LIVE_REFRESH_VERIFIED,False,False,False,OK,2,4622031,7787,8593,Slavia Prague,Ajax,0.8,1,0.9,0.07142857143,True,utc_time_competition_score_high_confidence_name,OK,True,True,True,ACCEPTED
202425-0386,LIVE_REFRESH_VERIFIED,False,False,False,OK,2,4622130,8226,8688,Hoffenheim,Dynamo Kyiv,0.8,1,0.9,0.2256728778,True,utc_time_competition_score_high_confidence_name,OK,True,True,True,ACCEPTED
202425-0807,LIVE_REFRESH_VERIFIED,False,False,False,OK,1,4622218,94937,7872,FC Heidenheim,Olimpija Ljubljana,0.9090909091,1,0.9545454545,0,True,utc_time_competition_score_high_confidence_name,OK,True,True,True,ACCEPTED
202425-0808,LIVE_REFRESH_VERIFIED,False,False,False,OK,1,4622243,9984,10190,Cercle Brugge,St. Gallen,1,0.8571428571,0.9285714286,0,True,utc_time_competition_score_high_confidence_name,OK,True,True,True,ACCEPTED
202425-0809,LIVE_REFRESH_VERIFIED,False,False,False,OK,2,4622233,166865,676140,FC Astana,TSC Backa Topola,1,1,1,0.3153846154,True,utc_time_competition_score_high_confidence_name,OK,True,True,True,ACCEPTED
202425-0810,LIVE_REFRESH_VERIFIED,False,False,False,OK,3,4622284,10058,9860,Dinamo Minsk,Hearts,1,1,1,0.253968254,True,utc_time_competition_score_high_confidence_name,OK,True,True,True,ACCEPTED
202425-0811,LIVE_REFRESH_VERIFIED,False,False,False,OK,2,4622293,866111,10180,FC Noah,Mlada Boleslav,1,1,1,0.2016806723,True,utc_time_competition_score_high_confidence_name,OK,True,True,True,ACCEPTED
202425-0812,LIVE_REFRESH_VERIFIED,False,False,False,OK,2,4622207,8673,8603,Legia Warszawa,Real Betis,0.9230769231,1,0.9615384615,0.2820512821,True,utc_time_competition_score_high_confidence_name,OK,True,True,True,ACCEPTED
202425-0813,LIVE_REFRESH_VERIFIED,False,False,False,OK,2,4622216,9917,2206,Molde,Larne,1,1,1,0.09090909091,True,utc_time_competition_score_high_confidence_name,OK,True,True,True,ACCEPTED
202425-0814,LIVE_REFRESH_VERIFIED,False,False,False,OK,1,4622229,8044,6017,Omonia Nicosia,Vikingur Reykjavik,1,1,1,0,True,utc_time_competition_score_high_confidence_name,OK,True,True,True,ACCEPTED
202425-0387,LIVE_REFRESH_VERIFIED,False,False,False,OK,2,4622143,8315,10229,Athletic Club,AZ Alkmaar,0.6956521739,1,0.847826087,0.2628571429,True,separated_utc_time_competition_score_alias,OK,True,True,True,ACCEPTED
202425-0388,LIVE_REFRESH_VERIFIED,False,False,False,OK,1,4622124,10188,9810,Beşiktaş,Eintracht Frankfurt,1,1,1,0,True,utc_time_competition_score_high_confidence_name,OK,True,True,True,ACCEPTED
202425-0389,LIVE_REFRESH_VERIFIED,False,False,False,OK,1,4622026,9773,10260,FC Porto,Manchester United,1,1,1,0,True,utc_time_competition_score_high_confidence_name,OK,True,True,True,ACCEPTED
202425-0390,LIVE_REFRESH_VERIFIED,False,False,False,OK,2,4622133,8611,8695,FC Twente,Fenerbahçe,0.5714285714,1,0.7857142857,0.1071428571,True,separated_utc_time_competition_score_alias,OK,True,True,True,ACCEPTED
202425-0391,LIVE_REFRESH_VERIFIED,False,False,False,OK,2,4622122,6033,210173,Viktoria Plzen,Ludogorets Razgrad,1,1,1,0.2353643967,True,utc_time_competition_score_high_confidence_name,OK,True,True,True,ACCEPTED
202425-0392,LIVE_REFRESH_VERIFIED,False,False,False,OK,1,4622137,8014,8686,Elfsborg,Roma,0.8421052632,0.7272727273,0.7846889952,0,True,unique_utc_time_competition_score_alias,OK,True,True,True,ACCEPTED
202425-0393,LIVE_REFRESH_VERIFIED,False,False,False,OK,1,4622067,8619,9723,PAOK Thessaloniki FC,FCSB,1,1,1,0,True,utc_time_competition_score_high_confidence_name,OK,True,True,True,ACCEPTED
202425-0394,LIVE_REFRESH_VERIFIED,False,False,False,OK,2,4622090,7978,8402,Union St.Gilloise,Bodø/Glimt,0.9189189189,1,0.9594594595,0.1034858388,True,utc_time_competition_score_high_confidence_name,OK,True,True,True,ACCEPTED
202425-0395,LIVE_REFRESH_VERIFIED,False,False,False,OK,1,4622015,8548,9748,Rangers,Lyon,0.6363636364,0.4444444444,0.5404040404,0,True,unique_utc_time_competition_score_alias,OK,True,True,True,ACCEPTED
202425-0815,LIVE_REFRESH_VERIFIED,False,False,False,OK,2,4622191,8535,7852,Fiorentina,TNS,1,1,1,0.2016806723,True,utc_time_competition_score_high_confidence_name,OK,True,True,True,ACCEPTED
202425-0816,LIVE_REFRESH_VERIFIED,False,False,False,OK,1,4622184,8455,9991,Chelsea,Gent,1,0.7272727273,0.8636363636,0,True,utc_time_competition_score_high_confidence_name,OK,True,True,True,ACCEPTED
202425-0817,LIVE_REFRESH_VERIFIED,False,False,False,OK,3,4622189,8391,1957,FC København,Jagiellonia Bialystok,1,1,1,0.2869269949,True,utc_time_competition_score_high_confidence_name,OK,True,True,True,ACCEPTED
202425-0818,LIVE_REFRESH_VERIFIED,False,False,False,OK,2,4622257,7896,9861,Lugano,HJK,1,0.4,0.7,0.1497326203,True,separated_utc_time_competition_score_alias,OK,True,True,True,ACCEPTED
202425-0819,LIVE_REFRESH_VERIFIED,False,False,False,OK,1,4622273,561981,2137,CS Petrocub,Pafos FC,0.5714285714,1,0.7857142857,0,True,unique_utc_time_competition_score_alias,OK,True,True,True,ACCEPTED
202425-0820,LIVE_REFRESH_VERIFIED,False,False,False,OK,2,4622270,10116,10200,Borac Banja Luka,Panathinaikos,1,1,1,0.2568238213,True,utc_time_competition_score_high_confidence_name,OK,True,True,True,ACCEPTED
202425-0821,LIVE_REFRESH_VERIFIED,False,False,False,OK,1,4622196,9977,9802,LASK,Djurgården,1,0.8333333333,0.9166666667,0,True,utc_time_competition_score_high_confidence_name,OK,True,True,True,ACCEPTED
202425-0822,LIVE_REFRESH_VERIFIED,False,False,False,OK,2,4622244,4131,8621,Shamrock Rovers,APOEL Nicosia,1,1,1,0.2890818859,True,utc_time_competition_score_high_confidence_name,OK,True,True,True,ACCEPTED
202425-0127,LIVE_REFRESH_VERIFIED,False,False,False,OK,3,4621609,8564,8342,Milan,Club Brugge,1,1,1,0.25,True,utc_time_competition_score_high_confidence_name,OK,True,True,True,ACCEPTED
202425-0128,LIVE_REFRESH_VERIFIED,False,False,False,OK,1,4621646,9829,8687,Monaco,Red Star Belgrade,0.8,1,0.9,0,True,utc_time_competition_score_high_confidence_name,OK,True,True,True,ACCEPTED
202425-0129,LIVE_REFRESH_VERIFIED,False,False,False,OK,3,4621603,9825,9728,Arsenal,Shakhtar Donetsk,1,1,1,0.2582417582,True,utc_time_competition_score_high_confidence_name,OK,True,True,True,ACCEPTED
202425-0130,LIVE_REFRESH_VERIFIED,False,False,False,OK,3,4621659,10252,9857,Aston Villa,Bologna,1,1,1,0.3431372549,True,utc_time_competition_score_high_confidence_name,OK,True,True,True,ACCEPTED
202425-0131,LIVE_REFRESH_VERIFIED,False,False,False,OK,3,4621653,7732,6019,Girona,Slovan Bratislava,1,1,1,0.3014705882,True,utc_time_competition_score_high_confidence_name,OK,True,True,True,ACCEPTED
202425-0132,LIVE_REFRESH_VERIFIED,False,False,False,OK,5,4621594,9885,10269,Juventus,VfB Stuttgart,1,1,1,0.2777777778,True,utc_time_competition_score_high_confidence_name,OK,True,True,True,ACCEPTED
202425-0133,LIVE_REFRESH_VERIFIED,False,False,False,OK,2,4621577,9847,8640,Paris Saint-Germain,PSV Eindhoven,1,1,1,0.2974137931,True,utc_time_competition_score_high_confidence_name,OK,True,True,True,ACCEPTED
202425-0134,LIVE_REFRESH_VERIFIED,False,False,False,OK,1,4621529,8633,9789,Real Madrid,Borussia Dortmund,1,1,1,0,True,utc_time_competition_score_high_confidence_name,OK,True,True,True,ACCEPTED
202425-0135,LIVE_REFRESH_VERIFIED,False,False,False,OK,3,4621631,10014,9768,Sturm Graz,Sporting CP,1,0.7586206897,0.8793103448,0.3512544803,True,utc_time_competition_score_high_confidence_name,OK,True,True,True,ACCEPTED
202425-0396,LIVE_REFRESH_VERIFIED,False,False,False,OK,1,4622103,8637,8014,Galatasaray,Elfsborg,1,0.8421052632,0.9210526316,0,True,utc_time_competition_score_high_confidence_name,OK,True,True,True,ACCEPTED
202425-0397,LIVE_REFRESH_VERIFIED,False,False,False,OK,2,4622070,10264,8402,Braga,Bodø/Glimt,0.5263157895,1,0.7631578947,0.1575757576,True,separated_utc_time_competition_score_alias,OK,True,True,True,ACCEPTED
202425-0136,LIVE_REFRESH_VERIFIED,False,False,False,OK,2,4621585,8524,9925,Atalanta,Celtic,1,1,1,0.203030303,True,utc_time_competition_score_high_confidence_name,OK,True,True,True,ACCEPTED
202425-0137,LIVE_REFRESH_VERIFIED,False,False,False,OK,3,4621564,8521,8178,Brest,Bayer Leverkusen,0.5263157895,1,0.7631578947,0.2591431557,True,separated_utc_time_competition_score_alias,OK,True,True,True,ACCEPTED
202425-0138,LIVE_REFRESH_VERIFIED,False,False,False,OK,3,4621570,9906,8639,Atletico Madrid,Lille,1,0.7142857143,0.8571428571,0.2929292929,True,utc_time_competition_score_high_confidence_name,OK,True,True,True,ACCEPTED
202425-0139,LIVE_REFRESH_VERIFIED,False,False,False,OK,6,4621505,10192,8636,Young Boys,Inter,1,0.5263157895,0.7631578947,0.2673913043,True,separated_utc_time_competition_score_alias,OK,True,True,True,ACCEPTED
202425-0140,LIVE_REFRESH_VERIFIED,False,False,False,OK,2,4621509,8634,9823,Barcelona,Bayern München,1,1,1,0.1879310345,True,utc_time_competition_score_high_confidence_name,OK,True,True,True,ACCEPTED
202425-0141,LIVE_REFRESH_VERIFIED,False,False,False,OK,3,4621637,10013,10156,Salzburg,Dinamo Zagreb,1,1,1,0.3472222222,True,utc_time_competition_score_high_confidence_name,OK,True,True,True,ACCEPTED
202425-0142,LIVE_REFRESH_VERIFIED,False,False,False,OK,1,4621498,8456,10247,Manchester City,Sparta Prague,1,0.8,0.9,0,True,utc_time_competition_score_high_confidence_name,OK,True,True,True,ACCEPTED
202425-0143,LIVE_REFRESH_VERIFIED,False,False,False,OK,6,4621517,178475,8650,RB Leipzig,Liverpool,1,1,1,0.2642857143,True,utc_time_competition_score_high_confidence_name,OK,True,True,True,ACCEPTED
202425-0144,LIVE_REFRESH_VERIFIED,False,False,False,OK,3,4621598,9772,10235,Benfica,Feyenoord,1,1,1,0.2532467532,True,utc_time_competition_score_high_confidence_name,OK,True,True,True,ACCEPTED
202425-0840,LIVE_REFRESH_VERIFIED,False,False,False,OK,1,4622290,6017,9984,Vikingur Reykjavik,Cercle Brugge,1,1,1,0,True,utc_time_competition_score_high_confidence_name,OK,True,True,True,ACCEPTED
202425-0398,LIVE_REFRESH_VERIFIED,False,False,False,OK,6,4622020,8686,8688,Roma,Dynamo Kyiv,0.7272727273,1,0.8636363636,0.3,True,utc_time_competition_score_high_confidence_name,OK,True,True,True,ACCEPTED
202425-0399,LIVE_REFRESH_VERIFIED,False,False,False,OK,6,4622025,9810,248871,Eintracht Frankfurt,RFS,1,1,1,0.2158119658,True,utc_time_competition_score_high_confidence_name,OK,True,True,True,ACCEPTED
202425-0400,LIVE_REFRESH_VERIFIED,False,False,False,OK,6,4622110,8113,7978,FC Midtjylland,Union St.Gilloise,1,0.9189189189,0.9594594595,0.1978494624,True,utc_time_competition_score_high_confidence_name,OK,True,True,True,ACCEPTED
202425-0401,LIVE_REFRESH_VERIFIED,False,False,False,OK,6,4622063,8222,9831,Ferencvaros,Nice,1,0.6666666667,0.8333333333,0.2912280702,True,separated_utc_time_competition_score_alias,OK,True,True,True,ACCEPTED
202425-0402,LIVE_REFRESH_VERIFIED,False,False,False,OK,2,4622052,7855,8560,Maccabi Tel Aviv,Real Sociedad,1,1,1,0.1861471861,True,utc_time_competition_score_high_confidence_name,OK,True,True,True,ACCEPTED
202425-0403,LIVE_REFRESH_VERIFIED,False,False,False,OK,1,4622066,8619,6033,PAOK Thessaloniki FC,Viktoria Plzen,1,1,1,0,True,utc_time_competition_score_high_confidence_name,OK,True,True,True,ACCEPTED
202425-0404,LIVE_REFRESH_VERIFIED,False,False,False,OK,1,4622112,7981,8593,Qarabag FK,Ajax,1,1,1,0,True,utc_time_competition_score_high_confidence_name,OK,True,True,True,ACCEPTED
202425-0823,LIVE_REFRESH_VERIFIED,False,False,False,OK,3,4622212,8621,10116,APOEL Nicosia,Borac Banja Luka,1,1,1,0.2760942761,True,utc_time_competition_score_high_confidence_name,OK,True,True,True,ACCEPTED
202425-0824,LIVE_REFRESH_VERIFIED,False,False,False,OK,1,4622204,9802,7844,Djurgården,Vitoria de Guimaraes,0.8333333333,0.9189189189,0.8761261261,0,True,utc_time_competition_score_high_confidence_name,OK,True,True,True,ACCEPTED
202425-0825,LIVE_REFRESH_VERIFIED,False,False,False,OK,1,4622259,10190,8535,St. Gallen,Fiorentina,0.8571428571,1,0.9285714286,0,True,utc_time_competition_score_high_confidence_name,OK,True,True,True,ACCEPTED
202425-0826,LIVE_REFRESH_VERIFIED,False,False,False,OK,4,4622251,9860,8044,Hearts,Omonia Nicosia,1,1,1,0.3222222222,True,utc_time_competition_score_high_confidence_name,OK,True,True,True,ACCEPTED
202425-0827,LIVE_REFRESH_VERIFIED,False,False,False,OK,4,4622276,1957,561981,Jagiellonia Bialystok,CS Petrocub,1,0.5714285714,0.7857142857,0.2014652015,True,separated_utc_time_competition_score_alias,OK,True,True,True,ACCEPTED
202425-0828,LIVE_REFRESH_VERIFIED,False,False,False,OK,1,4622181,9991,9917,Gent,Molde,0.7272727273,1,0.8636363636,0,True,utc_time_competition_score_high_confidence_name,OK,True,True,True,ACCEPTED
202425-0829,LIVE_REFRESH_VERIFIED,False,False,False,OK,2,4622287,2206,4131,Larne,Shamrock Rovers,1,1,1,0.202020202,True,utc_time_competition_score_high_confidence_name,OK,True,True,True,ACCEPTED
202425-0830,LIVE_REFRESH_VERIFIED,False,False,False,OK,1,4622280,4622,1933,NK Celje,Başakşehir,1,0.6896551724,0.8448275862,0,True,unique_utc_time_competition_score_alias,OK,True,True,True,ACCEPTED
202425-0831,LIVE_REFRESH_VERIFIED,False,False,False,OK,2,4622262,10200,8455,Panathinaikos,Chelsea,1,1,1,0.2474747475,True,utc_time_competition_score_high_confidence_name,OK,True,True,True,ACCEPTED
202425-0832,LIVE_REFRESH_VERIFIED,False,False,False,OK,2,4622240,10015,866111,Rapid Wien,FC Noah,1,1,1,0.125,True,utc_time_competition_score_high_confidence_name,OK,True,True,True,ACCEPTED
202425-0405,LIVE_REFRESH_VERIFIED,False,False,False,OK,6,4622142,8315,7787,Athletic Club,Slavia Prague,0.6956521739,0.8,0.747826087,0.2443181818,True,separated_utc_time_competition_score_alias,OK,True,True,True,ACCEPTED
202425-0406,LIVE_REFRESH_VERIFIED,False,False,False,OK,2,4622029,9773,8226,FC Porto,Hoffenheim,1,0.8,0.9,0.1636363636,True,utc_time_competition_score_high_confidence_name,OK,True,True,True,ACCEPTED
202425-0407,LIVE_REFRESH_VERIFIED,False,False,False,OK,1,4622132,8611,8543,FC Twente,Lazio,0.5714285714,1,0.7857142857,0,True,unique_utc_time_competition_score_alias,OK,True,True,True,ACCEPTED
202425-0408,LIVE_REFRESH_VERIFIED,False,False,False,OK,1,4622055,8695,10260,Fenerbahçe,Manchester United,1,1,1,0,True,utc_time_competition_score_high_confidence_name,OK,True,True,True,ACCEPTED
202425-0409,LIVE_REFRESH_VERIFIED,False,False,False,OK,2,4622097,10237,8638,Malmö FF,Olympiacos,1,0.6428571429,0.8214285714,0.2820512821,True,separated_utc_time_competition_score_alias,OK,True,True,True,ACCEPTED
202425-0410,LIVE_REFRESH_VERIFIED,False,False,False,OK,2,4622087,9748,10188,Lyon,Beşiktaş,0.4444444444,1,0.7222222222,0.1464646465,True,separated_utc_time_competition_score_alias,OK,True,True,True,ACCEPTED
202425-0411,LIVE_REFRESH_VERIFIED,False,False,False,OK,1,4622017,8548,9723,Rangers,FCSB,0.6363636364,1,0.8181818182,0,True,unique_utc_time_competition_score_alias,OK,True,True,True,ACCEPTED
202425-0412,LIVE_REFRESH_VERIFIED,False,False,False,OK,2,4622148,8635,210173,Anderlecht,Ludogorets Razgrad,1,1,1,0.2047619048,True,utc_time_competition_score_high_confidence_name,OK,True,True,True,ACCEPTED
202425-0413,LIVE_REFRESH_VERIFIED,False,False,False,OK,6,4622040,8586,10229,Tottenham Hotspur,AZ Alkmaar,1,1,1,0.2380952381,True,utc_time_competition_score_high_confidence_name,OK,True,True,True,ACCEPTED
202425-0833,LIVE_REFRESH_VERIFIED,False,False,False,OK,3,4622254,10180,7896,Mlada Boleslav,Lugano,1,1,1,0.2203947368,True,utc_time_competition_score_high_confidence_name,OK,True,True,True,ACCEPTED
202425-0834,LIVE_REFRESH_VERIFIED,False,False,False,OK,1,4622265,676140,8673,TSC Backa Topola,Legia Warszawa,1,0.9230769231,0.9615384615,0,True,utc_time_competition_score_high_confidence_name,OK,True,True,True,ACCEPTED
202425-0835,LIVE_REFRESH_VERIFIED,False,False,False,OK,2,4622222,9861,10058,HJK,Dinamo Minsk,0.4,1,0.7,0.2613636364,True,separated_utc_time_competition_score_alias,OK,True,True,True,ACCEPTED
202425-0836,LIVE_REFRESH_VERIFIED,False,False,False,OK,4,4622224,7872,9977,Olimpija Ljubljana,LASK,1,1,1,0.2476190476,True,utc_time_competition_score_high_confidence_name,OK,True,True,True,ACCEPTED
202425-0837,LIVE_REFRESH_VERIFIED,False,False,False,OK,3,4622277,2137,94937,Pafos FC,FC Heidenheim,1,0.9090909091,0.9545454545,0.2380952381,True,utc_time_competition_score_high_confidence_name,OK,True,True,True,ACCEPTED
202425-0838,LIVE_REFRESH_VERIFIED,False,False,False,OK,1,4622193,8603,8391,Real Betis,FC København,1,1,1,0,True,utc_time_competition_score_high_confidence_name,OK,True,True,True,ACCEPTED
202425-0839,LIVE_REFRESH_VERIFIED,False,False,False,OK,4,4622248,7852,166865,TNS,FC Astana,1,1,1,0.3722222222,True,utc_time_competition_score_high_confidence_name,OK,True,True,True,ACCEPTED
202425-0145,LIVE_REFRESH_VERIFIED,False,False,False,OK,2,4621633,8640,7732,PSV Eindhoven,Girona,1,1,1,0.2272727273,True,utc_time_competition_score_high_confidence_name,OK,True,True,True,ACCEPTED
202425-0146,LIVE_REFRESH_VERIFIED,False,False,False,OK,1,4621639,6019,10156,Slovan Bratislava,Dinamo Zagreb,1,1,1,0,True,utc_time_competition_score_high_confidence_name,OK,True,True,True,ACCEPTED
202425-0147,LIVE_REFRESH_VERIFIED,False,False,False,OK,3,4621655,9857,9829,Bologna,Monaco,1,0.8,0.9,0.2466666667,True,utc_time_competition_score_high_confidence_name,OK,True,True,True,ACCEPTED
202425-0148,LIVE_REFRESH_VERIFIED,False,False,False,OK,5,4621534,9789,10014,Borussia Dortmund,Sturm Graz,1,1,1,0.3209109731,True,utc_time_competition_score_high_confidence_name,OK,True,True,True,ACCEPTED
202425-0149,LIVE_REFRESH_VERIFIED,False,False,False,OK,3,4621521,9925,178475,Celtic,RB Leipzig,1,1,1,0.1923076923,True,utc_time_competition_score_high_confidence_name,OK,True,True,True,ACCEPTED
202425-0150,LIVE_REFRESH_VERIFIED,False,False,False,OK,2,4621551,8650,8178,Liverpool,Bayer Leverkusen,1,1,1,0.1818181818,True,utc_time_competition_score_high_confidence_name,OK,True,True,True,ACCEPTED
202425-0151,LIVE_REFRESH_VERIFIED,False,False,False,OK,3,4621593,8639,9885,Lille,Juventus,0.7142857143,1,0.8571428571,0.1916666667,True,utc_time_competition_score_high_confidence_name,OK,True,True,True,ACCEPTED
202425-0152,LIVE_REFRESH_VERIFIED,False,False,False,OK,2,4621544,8633,8564,Real Madrid,Milan,1,1,1,0.1769230769,True,utc_time_competition_score_high_confidence_name,OK,True,True,True,ACCEPTED
202425-0153,LIVE_REFRESH_VERIFIED,False,False,False,OK,3,4621497,9768,8456,Sporting CP,Manchester City,0.7586206897,1,0.8793103448,0.2613636364,True,utc_time_competition_score_high_confidence_name,OK,True,True,True,ACCEPTED
202425-0414,LIVE_REFRESH_VERIFIED,False,False,False,OK,3,4622126,10188,10237,Beşiktaş,Malmö FF,1,1,1,0.3246753247,True,utc_time_competition_score_high_confidence_name,OK,True,True,True,ACCEPTED
202425-0154,LIVE_REFRESH_VERIFIED,False,False,False,OK,6,4621612,8342,10252,Club Brugge,Aston Villa,1,1,1,0.3209109731,True,utc_time_competition_score_high_confidence_name,OK,True,True,True,ACCEPTED
202425-0155,LIVE_REFRESH_VERIFIED,False,False,False,OK,1,4621614,9728,10192,Shakhtar Donetsk,Young Boys,1,1,1,0,True,utc_time_competition_score_high_confidence_name,OK,True,True,True,ACCEPTED
202425-0156,LIVE_REFRESH_VERIFIED,False,False,False,OK,5,4621656,10247,8521,Sparta Prague,Brest,0.8,0.5263157895,0.6631578947,0.3337041157,True,separated_utc_time_competition_score_alias,OK,True,True,True,ACCEPTED
202425-0158,LIVE_REFRESH_VERIFIED,False,False,False,OK,6,4621502,8636,9825,Inter,Arsenal,0.5263157895,1,0.7631578947,0.3928571429,True,separated_utc_time_competition_score_alias,OK,True,True,True,ACCEPTED
202425-0159,LIVE_REFRESH_VERIFIED,False,False,False,OK,2,4621624,10235,10013,Feyenoord,Salzburg,1,1,1,0.2269230769,True,utc_time_competition_score_high_confidence_name,OK,True,True,True,ACCEPTED
202425-0160,LIVE_REFRESH_VERIFIED,False,False,False,OK,1,4621539,8687,8634,Red Star Belgrade,Barcelona,1,1,1,0,True,utc_time_competition_score_high_confidence_name,OK,True,True,True,ACCEPTED
202425-0161,LIVE_REFRESH_VERIFIED,False,False,False,OK,5,4621568,9847,9906,Paris Saint-Germain,Atletico Madrid,1,1,1,0.26875,True,utc_time_competition_score_high_confidence_name,OK,True,True,True,ACCEPTED
202425-0162,LIVE_REFRESH_VERIFIED,False,False,False,OK,1,4621588,10269,8524,VfB Stuttgart,Atalanta,1,1,1,0,True,utc_time_competition_score_high_confidence_name,OK,True,True,True,ACCEPTED
202425-0157,LIVE_REFRESH_VERIFIED,False,False,False,OK,6,4621510,9823,9772,Bayern München,Benfica,1,1,1,0.3195488722,True,utc_time_competition_score_high_confidence_name,OK,True,True,True,ACCEPTED
202425-0848,LIVE_REFRESH_VERIFIED,False,False,False,OK,1,4622291,6017,10116,Vikingur Reykjavik,Borac Banja Luka,1,1,1,0,True,utc_time_competition_score_high_confidence_name,OK,True,True,True,ACCEPTED
202425-0415,LIVE_REFRESH_VERIFIED,False,False,False,OK,1,4622022,9810,7787,Eintracht Frankfurt,Slavia Prague,1,0.8,0.9,0,True,utc_time_competition_score_high_confidence_name,OK,True,True,True,ACCEPTED
202425-0416,LIVE_REFRESH_VERIFIED,False,False,False,OK,2,4622118,8402,7981,Bodø/Glimt,Qarabag FK,1,1,1,0.1407407407,True,utc_time_competition_score_high_confidence_name,OK,True,True,True,ACCEPTED
202425-0417,LIVE_REFRESH_VERIFIED,False,False,False,OK,2,4622152,9723,8113,FCSB,FC Midtjylland,1,1,1,0.130952381,True,utc_time_competition_score_high_confidence_name,OK,True,True,True,ACCEPTED
202425-0418,LIVE_REFRESH_VERIFIED,False,False,False,OK,1,4622100,8637,8586,Galatasaray,Tottenham Hotspur,1,1,1,0,True,utc_time_competition_score_high_confidence_name,OK,True,True,True,ACCEPTED
202425-0419,LIVE_REFRESH_VERIFIED,False,False,False,OK,4,4622138,8014,10264,Elfsborg,Braga,0.8421052632,0.5263157895,0.6842105263,0.2857142857,True,separated_utc_time_competition_score_alias,OK,True,True,True,ACCEPTED
202425-0420,LIVE_REFRESH_VERIFIED,False,False,False,OK,2,4622157,9831,8611,Nice,FC Twente,0.6666666667,0.5714285714,0.619047619,0.2192982456,True,separated_utc_time_competition_score_alias,OK,True,True,True,ACCEPTED
202425-0421,LIVE_REFRESH_VERIFIED,False,False,False,OK,4,4622076,8638,8548,Olympiacos,Rangers,0.6428571429,0.6363636364,0.6396103896,0.2269230769,True,separated_utc_time_competition_score_alias,OK,True,True,True,ACCEPTED
202425-0422,LIVE_REFRESH_VERIFIED,False,False,False,OK,2,4622095,210173,8315,Ludogorets Razgrad,Athletic Club,1,0.6956521739,0.847826087,0.2104377104,True,separated_utc_time_competition_score_alias,OK,True,True,True,ACCEPTED
202425-0423,LIVE_REFRESH_VERIFIED,False,False,False,OK,4,4622088,7978,8686,Union St.Gilloise,Roma,0.9189189189,0.7272727273,0.8230958231,0.2428571429,True,utc_time_competition_score_high_confidence_name,OK,True,True,True,ACCEPTED
202425-0841,LIVE_REFRESH_VERIFIED,False,False,False,OK,1,4622272,561981,10015,CS Petrocub,Rapid Wien,0.5714285714,1,0.7857142857,0,True,unique_utc_time_competition_score_alias,OK,True,True,True,ACCEPTED
202425-0842,LIVE_REFRESH_VERIFIED,False,False,False,OK,1,4622266,676140,7896,TSC Backa Topola,Lugano,1,1,1,0,True,utc_time_competition_score_high_confidence_name,OK,True,True,True,ACCEPTED
202425-0843,LIVE_REFRESH_VERIFIED,False,False,False,OK,2,4622221,9861,7872,HJK,Olimpija Ljubljana,0.4,1,0.7,0.2380952381,True,separated_utc_time_competition_score_alias,OK,True,True,True,ACCEPTED
202425-0844,LIVE_REFRESH_VERIFIED,False,False,False,OK,2,4622182,9991,8044,Gent,Omonia Nicosia,0.7272727273,1,0.8636363636,0.1833333333,True,utc_time_competition_score_high_confidence_name,OK,True,True,True,ACCEPTED
202425-0845,LIVE_REFRESH_VERIFIED,False,False,False,OK,1,4622209,8673,10058,Legia Warszawa,Dinamo Minsk,0.9230769231,1,0.9615384615,0,True,utc_time_competition_score_high_confidence_name,OK,True,True,True,ACCEPTED
202425-0846,LIVE_REFRESH_VERIFIED,False,False,False,OK,2,4622278,2137,166865,Pafos FC,FC Astana,1,1,1,0.15,True,utc_time_competition_score_high_confidence_name,OK,True,True,True,ACCEPTED
202425-0847,LIVE_REFRESH_VERIFIED,False,False,False,OK,5,4622245,4131,7852,Shamrock Rovers,TNS,1,1,1,0.3075,True,utc_time_competition_score_high_confidence_name,OK,True,True,True,ACCEPTED
202425-0424,LIVE_REFRESH_VERIFIED,False,False,False,OK,1,4622048,8593,7855,Ajax,Maccabi Tel Aviv,1,1,1,0,True,utc_time_competition_score_high_confidence_name,OK,True,True,True,ACCEPTED
202425-0425,LIVE_REFRESH_VERIFIED,False,False,False,OK,1,4622081,10229,8695,AZ Alkmaar,Fenerbahçe,1,1,1,0,True,utc_time_competition_score_high_confidence_name,OK,True,True,True,ACCEPTED
202425-0426,LIVE_REFRESH_VERIFIED,False,False,False,OK,1,4622105,8688,8222,Dynamo Kyiv,Ferencvaros,1,1,1,0,True,utc_time_competition_score_high_confidence_name,OK,True,True,True,ACCEPTED
202425-0427,LIVE_REFRESH_VERIFIED,False,False,False,OK,4,4622161,248871,8635,RFS,Anderlecht,1,1,1,0.3122171946,True,utc_time_competition_score_high_confidence_name,OK,True,True,True,ACCEPTED
202425-0428,LIVE_REFRESH_VERIFIED,False,False,False,OK,3,4622121,6033,8560,Viktoria Plzen,Real Sociedad,1,1,1,0.3246753247,True,utc_time_competition_score_high_confidence_name,OK,True,True,True,ACCEPTED
202425-0429,LIVE_REFRESH_VERIFIED,False,False,False,OK,2,4622036,10260,8619,Manchester United,PAOK Thessaloniki FC,1,1,1,0.1666666667,True,utc_time_competition_score_high_confidence_name,OK,True,True,True,ACCEPTED
202425-0430,LIVE_REFRESH_VERIFIED,False,False,False,OK,3,4622043,8543,9773,Lazio,FC Porto,1,1,1,0.1608187135,True,utc_time_competition_score_high_confidence_name,OK,True,True,True,ACCEPTED
202425-0431,LIVE_REFRESH_VERIFIED,False,False,False,OK,2,4622129,8226,9748,Hoffenheim,Lyon,0.8,0.4444444444,0.6222222222,0.1526315789,True,separated_utc_time_competition_score_alias,OK,True,True,True,ACCEPTED
202425-0849,LIVE_REFRESH_VERIFIED,False,False,False,OK,5,4622210,8621,8535,APOEL Nicosia,Fiorentina,1,1,1,0.347826087,True,utc_time_competition_score_high_confidence_name,OK,True,True,True,ACCEPTED
202425-0850,LIVE_REFRESH_VERIFIED,False,False,False,OK,1,4622186,8455,866111,Chelsea,FC Noah,1,1,1,0,True,utc_time_competition_score_high_confidence_name,OK,True,True,True,ACCEPTED
202425-0851,LIVE_REFRESH_VERIFIED,False,False,False,OK,5,4622205,9802,10200,Djurgården,Panathinaikos,0.8333333333,1,0.9166666667,0.4025764895,True,utc_time_competition_score_high_confidence_name,OK,True,True,True,ACCEPTED
202425-0852,LIVE_REFRESH_VERIFIED,False,False,False,OK,1,4622187,8391,1933,FC København,Başakşehir,1,0.6896551724,0.8448275862,0,True,unique_utc_time_competition_score_alias,OK,True,True,True,ACCEPTED
202425-0853,LIVE_REFRESH_VERIFIED,False,False,False,OK,2,4622250,9860,94937,Hearts,FC Heidenheim,1,0.9090909091,0.9545454545,0.1777777778,True,utc_time_competition_score_high_confidence_name,OK,True,True,True,ACCEPTED
202425-0854,LIVE_REFRESH_VERIFIED,False,False,False,OK,1,4622274,1957,9917,Jagiellonia Bialystok,Molde,1,1,1,0,True,utc_time_competition_score_high_confidence_name,OK,True,True,True,ACCEPTED
202425-0855,LIVE_REFRESH_VERIFIED,False,False,False,OK,1,4622288,2206,10190,Larne,St. Gallen,1,0.8571428571,0.9285714286,0,True,utc_time_competition_score_high_confidence_name,OK,True,True,True,ACCEPTED
202425-0856,LIVE_REFRESH_VERIFIED,False,False,False,OK,1,4622197,9977,9984,LASK,Cercle Brugge,1,1,1,0,True,utc_time_competition_score_high_confidence_name,OK,True,True,True,ACCEPTED
202425-0857,LIVE_REFRESH_VERIFIED,False,False,False,OK,5,4622195,8603,4622,Real Betis,NK Celje,1,1,1,0.284057971,True,utc_time_competition_score_high_confidence_name,OK,True,True,True,ACCEPTED
202425-0858,LIVE_REFRESH_VERIFIED,False,False,False,OK,5,4622236,7844,10180,Vitoria de Guimaraes,Mlada Boleslav,0.9189189189,1,0.9594594595,0.3333333333,True,utc_time_competition_score_high_confidence_name,OK,True,True,True,ACCEPTED
202425-0163,LIVE_REFRESH_VERIFIED,False,False,False,OK,1,4621573,10247,9906,Sparta Prague,Atletico Madrid,0.8,1,0.9,0,True,utc_time_competition_score_high_confidence_name,OK,True,True,True,ACCEPTED
202425-0164,LIVE_REFRESH_VERIFIED,False,False,False,OK,3,4621623,6019,8564,Slovan Bratislava,Milan,1,1,1,0.2536231884,True,utc_time_competition_score_high_confidence_name,OK,True,True,True,ACCEPTED
202425-0165,LIVE_REFRESH_VERIFIED,False,False,False,OK,1,4621561,8178,10013,Bayer Leverkusen,Salzburg,1,1,1,0,True,utc_time_competition_score_high_confidence_name,OK,True,True,True,ACCEPTED
202425-0166,LIVE_REFRESH_VERIFIED,False,False,False,OK,1,4621586,10192,8524,Young Boys,Atalanta,1,1,1,0,True,utc_time_competition_score_high_confidence_name,OK,True,True,True,ACCEPTED
202425-0167,LIVE_REFRESH_VERIFIED,False,False,False,OK,2,4621540,8634,8521,Barcelona,Brest,1,0.5263157895,0.7631578947,0.2128851541,True,separated_utc_time_competition_score_alias,OK,True,True,True,ACCEPTED
202425-0168,LIVE_REFRESH_VERIFIED,False,False,False,OK,6,4621508,9823,9847,Bayern München,Paris Saint-Germain,1,1,1,0.2857142857,True,utc_time_competition_score_high_confidence_name,OK,True,True,True,ACCEPTED
202425-0169,LIVE_REFRESH_VERIFIED,False,False,False,OK,6,4621501,8636,178475,Inter,RB Leipzig,0.5263157895,1,0.7631578947,0.3165024631,True,separated_utc_time_competition_score_alias,OK,True,True,True,ACCEPTED
202425-0170,LIVE_REFRESH_VERIFIED,False,False,False,OK,2,4621496,8456,10235,Manchester City,Feyenoord,1,1,1,0.2373737374,True,utc_time_competition_score_high_confidence_name,OK,True,True,True,ACCEPTED
202425-0171,LIVE_REFRESH_VERIFIED,False,False,False,OK,1,4621605,9768,9825,Sporting CP,Arsenal,0.7586206897,1,0.8793103448,0,True,utc_time_competition_score_high_confidence_name,OK,True,True,True,ACCEPTED
202425-0859,LIVE_REFRESH_VERIFIED,False,False,False,OK,3,4622202,1933,561981,Başakşehir,CS Petrocub,0.6896551724,0.5714285714,0.6305418719,0.3081081081,True,separated_utc_time_competition_score_alias,OK,True,True,True,ACCEPTED
202425-0172,LIVE_REFRESH_VERIFIED,False,False,False,OK,2,4621645,8687,10269,Red Star Belgrade,VfB Stuttgart,1,1,1,0.2428571429,True,utc_time_competition_score_high_confidence_name,OK,True,True,True,ACCEPTED
202425-0173,LIVE_REFRESH_VERIFIED,False,False,False,OK,6,4621662,10014,7732,Sturm Graz,Girona,1,1,1,0.2406417112,True,utc_time_competition_score_high_confidence_name,OK,True,True,True,ACCEPTED
202425-0174,LIVE_REFRESH_VERIFIED,False,False,False,OK,3,4621601,9829,9772,Monaco,Benfica,0.8,1,0.9,0.269005848,True,utc_time_competition_score_high_confidence_name,OK,True,True,True,ACCEPTED
202425-0175,LIVE_REFRESH_VERIFIED,False,False,False,OK,4,4621595,10252,9885,Aston Villa,Juventus,1,1,1,0.3446969697,True,utc_time_competition_score_high_confidence_name,OK,True,True,True,ACCEPTED
202425-0176,LIVE_REFRESH_VERIFIED,False,False,False,OK,4,4621643,9857,8639,Bologna,Lille,1,0.7142857143,0.8571428571,0.3666666667,True,utc_time_competition_score_high_confidence_name,OK,True,True,True,ACCEPTED
202425-0177,LIVE_REFRESH_VERIFIED,False,False,False,OK,4,4621611,9925,8342,Celtic,Club Brugge,1,1,1,0.1435897436,True,utc_time_competition_score_high_confidence_name,OK,True,True,True,ACCEPTED
202425-0178,LIVE_REFRESH_VERIFIED,False,False,False,OK,2,4621533,10156,9789,Dinamo Zagreb,Borussia Dortmund,1,1,1,0.2440087146,True,utc_time_competition_score_high_confidence_name,OK,True,True,True,ACCEPTED
202425-0179,LIVE_REFRESH_VERIFIED,False,False,False,OK,2,4621543,8650,8633,Liverpool,Real Madrid,1,1,1,0.1125356125,True,utc_time_competition_score_high_confidence_name,OK,True,True,True,ACCEPTED
202425-0180,LIVE_REFRESH_VERIFIED,False,False,False,OK,2,4621615,8640,9728,PSV Eindhoven,Shakhtar Donetsk,1,1,1,0.3092105263,True,utc_time_competition_score_high_confidence_name,OK,True,True,True,ACCEPTED
202425-0860,LIVE_REFRESH_VERIFIED,False,False,False,OK,3,4622232,166865,7844,FC Astana,Vitoria de Guimaraes,1,0.9189189189,0.9594594595,0.2946428571,True,utc_time_competition_score_high_confidence_name,OK,True,True,True,ACCEPTED
202425-0432,LIVE_REFRESH_VERIFIED,False,False,False,OK,2,4622145,8315,8014,Athletic Club,Elfsborg,0.6956521739,0.8421052632,0.7688787185,0.1476190476,True,separated_utc_time_competition_score_alias,OK,True,True,True,ACCEPTED
202425-0433,LIVE_REFRESH_VERIFIED,False,False,False,OK,1,4622082,10229,8637,AZ Alkmaar,Galatasaray,1,1,1,0,True,utc_time_competition_score_high_confidence_name,OK,True,True,True,ACCEPTED
202425-0434,LIVE_REFRESH_VERIFIED,False,False,False,OK,1,4622125,10188,7855,Beşiktaş,Maccabi Tel Aviv,1,1,1,0,True,utc_time_competition_score_high_confidence_name,OK,True,True,True,ACCEPTED
202425-0435,LIVE_REFRESH_VERIFIED,False,False,False,OK,3,4622106,8688,6033,Dynamo Kyiv,Viktoria Plzen,1,1,1,0.2272727273,True,utc_time_competition_score_high_confidence_name,OK,True,True,True,ACCEPTED
202425-0436,LIVE_REFRESH_VERIFIED,False,False,False,OK,1,4622159,248871,8619,RFS,PAOK Thessaloniki FC,1,1,1,0,True,utc_time_competition_score_high_confidence_name,OK,True,True,True,ACCEPTED
202425-0437,LIVE_REFRESH_VERIFIED,False,False,False,OK,2,4622113,7981,9748,Qarabag FK,Lyon,1,0.4444444444,0.7222222222,0.04761904762,True,separated_utc_time_competition_score_alias,OK,True,True,True,ACCEPTED
202425-0438,LIVE_REFRESH_VERIFIED,False,False,False,OK,2,4622146,8635,9773,Anderlecht,FC Porto,1,1,1,0.1851851852,True,utc_time_competition_score_high_confidence_name,OK,True,True,True,ACCEPTED
202425-0439,LIVE_REFRESH_VERIFIED,False,False,False,OK,2,4622045,8543,210173,Lazio,Ludogorets Razgrad,1,1,1,0.1071428571,True,utc_time_competition_score_high_confidence_name,OK,True,True,True,ACCEPTED
202425-0861,LIVE_REFRESH_VERIFIED,False,False,False,OK,1,4622217,94937,8455,FC Heidenheim,Chelsea,0.9090909091,1,0.9545454545,0,True,utc_time_competition_score_high_confidence_name,OK,True,True,True,ACCEPTED
202425-0862,LIVE_REFRESH_VERIFIED,False,False,False,OK,2,4622242,9984,9860,Cercle Brugge,Hearts,1,1,1,0.3578947368,True,utc_time_competition_score_high_confidence_name,OK,True,True,True,ACCEPTED
202425-0863,LIVE_REFRESH_VERIFIED,False,False,False,OK,1,4622283,10058,8391,Dinamo Minsk,FC København,1,1,1,0,True,utc_time_competition_score_high_confidence_name,OK,True,True,True,ACCEPTED
202425-0864,LIVE_REFRESH_VERIFIED,False,False,False,OK,1,4622294,866111,6017,FC Noah,Vikingur Reykjavik,1,1,1,0,True,utc_time_competition_score_high_confidence_name,OK,True,True,True,ACCEPTED
202425-0865,LIVE_REFRESH_VERIFIED,False,False,False,OK,1,4622261,10190,676140,St. Gallen,TSC Backa Topola,0.8571428571,1,0.9285714286,0,True,utc_time_competition_score_high_confidence_name,OK,True,True,True,ACCEPTED
202425-0866,LIVE_REFRESH_VERIFIED,False,False,False,OK,2,4622268,10116,9977,Borac Banja Luka,LASK,1,1,1,0.2428571429,True,utc_time_competition_score_high_confidence_name,OK,True,True,True,ACCEPTED
202425-0867,LIVE_REFRESH_VERIFIED,False,False,False,OK,2,4622214,9917,8621,Molde,APOEL Nicosia,1,1,1,0.1304347826,True,utc_time_competition_score_high_confidence_name,OK,True,True,True,ACCEPTED
202425-0868,LIVE_REFRESH_VERIFIED,False,False,False,OK,1,4622282,4622,1957,NK Celje,Jagiellonia Bialystok,1,1,1,0,True,utc_time_competition_score_high_confidence_name,OK,True,True,True,ACCEPTED
202425-0869,LIVE_REFRESH_VERIFIED,False,False,False,OK,2,4622263,10200,9861,Panathinaikos,HJK,1,0.4,0.7,0.1878557875,True,separated_utc_time_competition_score_alias,OK,True,True,True,ACCEPTED
202425-0870,LIVE_REFRESH_VERIFIED,False,False,False,OK,2,4622247,7852,9802,TNS,Djurgården,1,0.8333333333,0.9166666667,0.1851851852,True,utc_time_competition_score_high_confidence_name,OK,True,True,True,ACCEPTED
202425-0440,LIVE_REFRESH_VERIFIED,False,False,False,OK,3,4622108,8113,9810,FC Midtjylland,Eintracht Frankfurt,1,1,1,0.2557471264,True,utc_time_competition_score_high_confidence_name,OK,True,True,True,ACCEPTED
202425-0441,LIVE_REFRESH_VERIFIED,False,False,False,OK,1,4622134,8611,7978,FC Twente,Union St.Gilloise,0.5714285714,0.9189189189,0.7451737452,0,True,unique_utc_time_competition_score_alias,OK,True,True,True,ACCEPTED
202425-0442,LIVE_REFRESH_VERIFIED,False,False,False,OK,1,4622062,8222,10237,Ferencvaros,Malmö FF,1,1,1,0,True,utc_time_competition_score_high_confidence_name,OK,True,True,True,ACCEPTED
202425-0443,LIVE_REFRESH_VERIFIED,False,False,False,OK,2,4622151,9723,8638,FCSB,Olympiacos,1,0.6428571429,0.8214285714,0.1666666667,True,separated_utc_time_competition_score_alias,OK,True,True,True,ACCEPTED
202425-0444,LIVE_REFRESH_VERIFIED,False,False,False,OK,1,4622037,10260,8402,Manchester United,Bodø/Glimt,1,1,1,0,True,utc_time_competition_score_high_confidence_name,OK,True,True,True,ACCEPTED
202425-0445,LIVE_REFRESH_VERIFIED,False,False,False,OK,2,4622154,9831,8548,Nice,Rangers,0.6666666667,0.6363636364,0.6515151515,0.2245614035,True,separated_utc_time_competition_score_alias,OK,True,True,True,ACCEPTED
202425-0446,LIVE_REFRESH_VERIFIED,False,False,False,OK,1,4622072,8560,8593,Real Sociedad,Ajax,1,1,1,0,True,utc_time_competition_score_high_confidence_name,OK,True,True,True,ACCEPTED
202425-0447,LIVE_REFRESH_VERIFIED,False,False,False,OK,2,4622071,10264,8226,Braga,Hoffenheim,0.5263157895,0.8,0.6631578947,0.1343873518,True,separated_utc_time_competition_score_alias,OK,True,True,True,ACCEPTED
202425-0448,LIVE_REFRESH_VERIFIED,False,False,False,OK,3,4622032,7787,8695,Slavia Prague,Fenerbahçe,0.8,1,0.9,0.1904047976,True,utc_time_competition_score_high_confidence_name,OK,True,True,True,ACCEPTED
202425-0449,LIVE_REFRESH_VERIFIED,False,False,False,OK,2,4622039,8586,8686,Tottenham Hotspur,Roma,1,0.7272727273,0.8636363636,0.2037037037,True,utc_time_competition_score_high_confidence_name,OK,True,True,True,ACCEPTED
202425-0871,LIVE_REFRESH_VERIFIED,False,False,False,OK,1,4622192,8535,2137,Fiorentina,Pafos FC,1,1,1,0,True,utc_time_competition_score_high_confidence_name,OK,True,True,True,ACCEPTED
202425-0872,LIVE_REFRESH_VERIFIED,False,False,False,OK,2,4622256,7896,9991,Lugano,Gent,1,0.7272727273,0.8636363636,0.3117408907,True,utc_time_competition_score_high_confidence_name,OK,True,True,True,ACCEPTED
202425-0873,LIVE_REFRESH_VERIFIED,False,False,False,OK,2,4622253,10180,8603,Mlada Boleslav,Real Betis,1,1,1,0.3095238095,True,utc_time_competition_score_high_confidence_name,OK,True,True,True,ACCEPTED
202425-0874,LIVE_REFRESH_VERIFIED,False,False,False,OK,2,4622226,7872,2206,Olimpija Ljubljana,Larne,1,1,1,0.1290322581,True,utc_time_competition_score_high_confidence_name,OK,True,True,True,ACCEPTED
202425-0875,LIVE_REFRESH_VERIFIED,False,False,False,OK,1,4622227,8044,8673,Omonia Nicosia,Legia Warszawa,1,0.9230769231,0.9615384615,0,True,utc_time_competition_score_high_confidence_name,OK,True,True,True,ACCEPTED
202425-0876,LIVE_REFRESH_VERIFIED,False,False,False,OK,3,4622239,10015,4131,Rapid Wien,Shamrock Rovers,1,1,1,0.2038461538,True,utc_time_competition_score_high_confidence_name,OK,True,True,True,ACCEPTED
202425-0181,LIVE_REFRESH_VERIFIED,False,False,False,OK,1,4621556,7732,8650,Girona,Liverpool,1,1,1,0,True,utc_time_competition_score_high_confidence_name,OK,True,True,True,ACCEPTED
202425-0182,LIVE_REFRESH_VERIFIED,False,False,False,OK,2,4621636,10156,9925,Dinamo Zagreb,Celtic,1,1,1,0.1769230769,True,utc_time_competition_score_high_confidence_name,OK,True,True,True,ACCEPTED
202425-0183,LIVE_REFRESH_VERIFIED,False,False,False,OK,3,4621545,8524,8633,Atalanta,Real Madrid,1,1,1,0.27,True,utc_time_competition_score_high_confidence_name,OK,True,True,True,ACCEPTED
202425-0184,LIVE_REFRESH_VERIFIED,False,False,False,OK,2,4621503,8178,8636,Bayer Leverkusen,Inter,1,0.5263157895,0.7631578947,0.291005291,True,separated_utc_time_competition_score_alias,OK,True,True,True,ACCEPTED
202425-0185,LIVE_REFRESH_VERIFIED,False,False,False,OK,2,4621610,8342,9768,Club Brugge,Sporting CP,1,0.7586206897,0.8793103448,0.09677419355,True,utc_time_competition_score_high_confidence_name,OK,True,True,True,ACCEPTED
202425-0186,LIVE_REFRESH_VERIFIED,False,False,False,OK,1,4621578,10013,9847,Salzburg,Paris Saint-Germain,1,1,1,0,True,utc_time_competition_score_high_confidence_name,OK,True,True,True,ACCEPTED
202425-0187,LIVE_REFRESH_VERIFIED,False,False,False,OK,1,4621511,9728,9823,Shakhtar Donetsk,Bayern München,1,1,1,0,True,utc_time_competition_score_high_confidence_name,OK,True,True,True,ACCEPTED
202425-0188,LIVE_REFRESH_VERIFIED,False,False,False,OK,3,4621522,178475,10252,RB Leipzig,Aston Villa,1,1,1,0.2740740741,True,utc_time_competition_score_high_confidence_name,OK,True,True,True,ACCEPTED
202425-0189,LIVE_REFRESH_VERIFIED,False,False,False,OK,2,4621634,8521,8640,Brest,PSV Eindhoven,0.5263157895,1,0.7631578947,0.2333333333,True,separated_utc_time_competition_score_alias,OK,True,True,True,ACCEPTED
202425-0450,LIVE_REFRESH_VERIFIED,False,False,False,OK,1,4622058,8695,8315,Fenerbahçe,Athletic Club,1,0.6956521739,0.847826087,0,True,unique_utc_time_competition_score_alias,OK,True,True,True,ACCEPTED
202425-0190,LIVE_REFRESH_VERIFIED,False,False,False,OK,1,4621572,9906,6019,Atletico Madrid,Slovan Bratislava,1,1,1,0,True,utc_time_competition_score_high_confidence_name,OK,True,True,True,ACCEPTED
202425-0191,LIVE_REFRESH_VERIFIED,False,False,False,OK,1,4621642,8639,10014,Lille,Sturm Graz,0.7142857143,1,0.8571428571,0,True,utc_time_competition_score_high_confidence_name,OK,True,True,True,ACCEPTED
202425-0192,LIVE_REFRESH_VERIFIED,False,False,False,OK,2,4621620,8564,8687,Milan,Red Star Belgrade,1,1,1,0.04166666667,True,utc_time_competition_score_high_confidence_name,OK,True,True,True,ACCEPTED
202425-0193,LIVE_REFRESH_VERIFIED,False,False,False,OK,1,4621606,9825,9829,Arsenal,Monaco,1,0.8,0.9,0,True,utc_time_competition_score_high_confidence_name,OK,True,True,True,ACCEPTED
202425-0194,LIVE_REFRESH_VERIFIED,False,False,False,OK,3,4621528,9789,8634,Borussia Dortmund,Barcelona,1,1,1,0.2740740741,True,utc_time_competition_score_high_confidence_name,OK,True,True,True,ACCEPTED
202425-0195,LIVE_REFRESH_VERIFIED,False,False,False,OK,1,4621626,10235,10247,Feyenoord,Sparta Prague,1,0.8,0.9,0,True,utc_time_competition_score_high_confidence_name,OK,True,True,True,ACCEPTED
202425-0196,LIVE_REFRESH_VERIFIED,False,False,False,OK,1,4621495,9885,8456,Juventus,Manchester City,1,1,1,0,True,utc_time_competition_score_high_confidence_name,OK,True,True,True,ACCEPTED
202425-0197,LIVE_REFRESH_VERIFIED,False,False,False,OK,2,4621600,9772,9857,Benfica,Bologna,1,1,1,0.1269230769,True,utc_time_competition_score_high_confidence_name,OK,True,True,True,ACCEPTED
202425-0198,LIVE_REFRESH_VERIFIED,False,False,False,OK,1,4621649,10269,10192,VfB Stuttgart,Young Boys,1,1,1,0,True,utc_time_competition_score_high_confidence_name,OK,True,True,True,ACCEPTED
202425-0894,LIVE_REFRESH_VERIFIED,False,False,False,OK,2,4622289,6017,9802,Vikingur Reykjavik,Djurgården,1,0.8333333333,0.9166666667,0.29375,True,utc_time_competition_score_high_confidence_name,OK,True,True,True,ACCEPTED
202425-0877,LIVE_REFRESH_VERIFIED,False,False,False,OK,2,4622231,166865,8455,FC Astana,Chelsea,1,1,1,0.3,True,utc_time_competition_score_high_confidence_name,OK,True,True,True,ACCEPTED
202425-0451,LIVE_REFRESH_VERIFIED,False,False,False,OK,2,4622019,8686,10264,Roma,Braga,0.7272727273,0.5263157895,0.6267942584,0.28,True,separated_utc_time_competition_score_alias,OK,True,True,True,ACCEPTED
202425-0452,LIVE_REFRESH_VERIFIED,False,False,False,OK,2,4622120,6033,10260,Viktoria Plzen,Manchester United,1,1,1,0.4074074074,True,utc_time_competition_score_high_confidence_name,OK,True,True,True,ACCEPTED
202425-0453,LIVE_REFRESH_VERIFIED,False,False,False,OK,2,4622098,10237,8637,Malmö FF,Galatasaray,1,1,1,0.2765567766,True,utc_time_competition_score_high_confidence_name,OK,True,True,True,ACCEPTED
202425-0454,LIVE_REFRESH_VERIFIED,False,False,False,OK,2,4622079,8638,8611,Olympiacos,FC Twente,0.6428571429,0.5714285714,0.6071428571,0.1240601504,True,separated_utc_time_competition_score_alias,OK,True,True,True,ACCEPTED
202425-0455,LIVE_REFRESH_VERIFIED,False,False,False,OK,1,4622065,8619,8222,PAOK Thessaloniki FC,Ferencvaros,1,1,1,0,True,utc_time_competition_score_high_confidence_name,OK,True,True,True,ACCEPTED
202425-0456,LIVE_REFRESH_VERIFIED,False,False,False,OK,2,4622093,210173,10229,Ludogorets Razgrad,AZ Alkmaar,1,1,1,0.3534798535,True,utc_time_competition_score_high_confidence_name,OK,True,True,True,ACCEPTED
202425-0457,LIVE_REFRESH_VERIFIED,False,False,False,OK,3,4622091,7978,9831,Union St.Gilloise,Nice,0.9189189189,0.6666666667,0.7927927928,0.2004310345,True,separated_utc_time_competition_score_alias,OK,True,True,True,ACCEPTED
202425-0458,LIVE_REFRESH_VERIFIED,False,False,False,OK,2,4622131,8226,9723,Hoffenheim,FCSB,0.8,1,0.9,0.08,True,utc_time_competition_score_high_confidence_name,OK,True,True,True,ACCEPTED
202425-0878,LIVE_REFRESH_VERIFIED,False,False,False,OK,1,4622190,8535,9977,Fiorentina,LASK,1,1,1,0,True,utc_time_competition_score_high_confidence_name,OK,True,True,True,ACCEPTED
202425-0879,LIVE_REFRESH_VERIFIED,False,False,False,OK,3,4622188,8391,9860,FC København,Hearts,1,1,1,0.2294372294,True,utc_time_competition_score_high_confidence_name,OK,True,True,True,ACCEPTED
202425-0880,LIVE_REFRESH_VERIFIED,False,False,False,OK,3,4622285,10058,2206,Dinamo Minsk,Larne,1,1,1,0.3764705882,True,utc_time_competition_score_high_confidence_name,OK,True,True,True,ACCEPTED
202425-0881,LIVE_REFRESH_VERIFIED,False,False,False,OK,2,4622292,866111,8621,FC Noah,APOEL Nicosia,1,1,1,0.4,True,utc_time_competition_score_high_confidence_name,OK,True,True,True,ACCEPTED
202425-0882,LIVE_REFRESH_VERIFIED,False,False,False,OK,1,4622271,561981,8603,CS Petrocub,Real Betis,0.5714285714,1,0.7857142857,0,True,unique_utc_time_competition_score_alias,OK,True,True,True,ACCEPTED
202425-0883,LIVE_REFRESH_VERIFIED,False,False,False,OK,1,4622220,9861,9917,HJK,Molde,0.4,1,0.7,0,True,unique_utc_time_competition_score_alias,OK,True,True,True,ACCEPTED
202425-0884,LIVE_REFRESH_VERIFIED,False,False,False,OK,2,4622200,1933,94937,Başakşehir,FC Heidenheim,0.6896551724,0.9090909091,0.7993730408,0.2727272727,True,separated_utc_time_competition_score_alias,OK,True,True,True,ACCEPTED
202425-0885,LIVE_REFRESH_VERIFIED,False,False,False,OK,2,4622208,8673,7896,Legia Warszawa,Lugano,0.9230769231,1,0.9615384615,0.3166666667,True,utc_time_competition_score_high_confidence_name,OK,True,True,True,ACCEPTED
202425-0886,LIVE_REFRESH_VERIFIED,False,False,False,OK,2,4622225,7872,9984,Olimpija Ljubljana,Cercle Brugge,1,1,1,0.2626262626,True,utc_time_competition_score_high_confidence_name,OK,True,True,True,ACCEPTED
202425-0459,LIVE_REFRESH_VERIFIED,False,False,False,OK,1,4622047,8593,8543,Ajax,Lazio,1,1,1,0,True,utc_time_competition_score_high_confidence_name,OK,True,True,True,ACCEPTED
202425-0460,LIVE_REFRESH_VERIFIED,False,False,False,OK,1,4622028,9773,8113,FC Porto,FC Midtjylland,1,1,1,0,True,utc_time_competition_score_high_confidence_name,OK,True,True,True,ACCEPTED
202425-0461,LIVE_REFRESH_VERIFIED,False,False,False,OK,3,4622119,8402,10188,Bodø/Glimt,Beşiktaş,1,1,1,0.2756410256,True,utc_time_competition_score_high_confidence_name,OK,True,True,True,ACCEPTED
202425-0462,LIVE_REFRESH_VERIFIED,False,False,False,OK,1,4622139,8014,7981,Elfsborg,Qarabag FK,0.8421052632,1,0.9210526316,0,True,utc_time_competition_score_high_confidence_name,OK,True,True,True,ACCEPTED
202425-0463,LIVE_REFRESH_VERIFIED,False,False,False,OK,3,4622054,7855,248871,Maccabi Tel Aviv,RFS,1,1,1,0.1709090909,True,utc_time_competition_score_high_confidence_name,OK,True,True,True,ACCEPTED
202425-0464,LIVE_REFRESH_VERIFIED,False,False,False,OK,1,4622084,9748,9810,Lyon,Eintracht Frankfurt,0.4444444444,1,0.7222222222,0,True,unique_utc_time_competition_score_alias,OK,True,True,True,ACCEPTED
202425-0465,LIVE_REFRESH_VERIFIED,False,False,False,OK,1,4622014,8548,8586,Rangers,Tottenham Hotspur,0.6363636364,1,0.8181818182,0,True,unique_utc_time_competition_score_alias,OK,True,True,True,ACCEPTED
202425-0466,LIVE_REFRESH_VERIFIED,False,False,False,OK,2,4622074,8560,8688,Real Sociedad,Dynamo Kyiv,1,1,1,0.1801470588,True,utc_time_competition_score_high_confidence_name,OK,True,True,True,ACCEPTED
202425-0467,LIVE_REFRESH_VERIFIED,False,False,False,OK,2,4622034,7787,8635,Slavia Prague,Anderlecht,0.8,1,0.9,0.3774928775,True,utc_time_competition_score_high_confidence_name,OK,True,True,True,ACCEPTED
202425-0887,LIVE_REFRESH_VERIFIED,False,False,False,OK,2,4622260,10190,7844,St. Gallen,Vitoria de Guimaraes,0.8571428571,0.9189189189,0.888030888,0.2333333333,True,utc_time_competition_score_high_confidence_name,OK,True,True,True,ACCEPTED
202425-0888,LIVE_REFRESH_VERIFIED,False,False,False,OK,1,4622255,10180,1957,Mlada Boleslav,Jagiellonia Bialystok,1,1,1,0,True,utc_time_competition_score_high_confidence_name,OK,True,True,True,ACCEPTED
202425-0889,LIVE_REFRESH_VERIFIED,False,False,False,OK,2,4622183,9991,676140,Gent,TSC Backa Topola,0.7272727273,1,0.8636363636,0.3238636364,True,utc_time_competition_score_high_confidence_name,OK,True,True,True,ACCEPTED
202425-0890,LIVE_REFRESH_VERIFIED,False,False,False,OK,2,4622228,8044,10015,Omonia Nicosia,Rapid Wien,1,1,1,0.2416666667,True,utc_time_competition_score_high_confidence_name,OK,True,True,True,ACCEPTED
202425-0891,LIVE_REFRESH_VERIFIED,False,False,False,OK,3,4622279,2137,4622,Pafos FC,NK Celje,1,1,1,0.2764705882,True,utc_time_competition_score_high_confidence_name,OK,True,True,True,ACCEPTED
202425-0892,LIVE_REFRESH_VERIFIED,False,False,False,OK,2,4622246,4131,10116,Shamrock Rovers,Borac Banja Luka,1,1,1,0.3026315789,True,utc_time_competition_score_high_confidence_name,OK,True,True,True,ACCEPTED
202425-0893,LIVE_REFRESH_VERIFIED,False,False,False,OK,1,4622249,7852,10200,TNS,Panathinaikos,1,1,1,0,True,utc_time_competition_score_high_confidence_name,OK,True,True,True,ACCEPTED
202425-0895,LIVE_REFRESH_VERIFIED,False,False,False,OK,5,4622219,94937,10190,FC Heidenheim,St. Gallen,0.9090909091,0.8571428571,0.8831168831,0.3422222222,True,utc_time_competition_score_high_confidence_name,OK,True,True,True,ACCEPTED
202425-0896,LIVE_REFRESH_VERIFIED,False,False,False,OK,5,4622211,8621,166865,APOEL Nicosia,FC Astana,1,1,1,0.3971014493,True,utc_time_competition_score_high_confidence_name,OK,True,True,True,ACCEPTED
202425-0897,LIVE_REFRESH_VERIFIED,False,False,False,OK,5,4622241,9984,1933,Cercle Brugge,Başakşehir,1,0.6896551724,0.8448275862,0.2732919255,True,separated_utc_time_competition_score_alias,OK,True,True,True,ACCEPTED
202425-0898,LIVE_REFRESH_VERIFIED,False,False,False,OK,1,4622185,8455,4131,Chelsea,Shamrock Rovers,1,1,1,0,True,utc_time_competition_score_high_confidence_name,OK,True,True,True,ACCEPTED
202425-0899,LIVE_REFRESH_VERIFIED,False,False,False,OK,1,4622203,9802,8673,Djurgården,Legia Warszawa,0.8333333333,0.9230769231,0.8782051282,0,True,utc_time_competition_score_high_confidence_name,OK,True,True,True,ACCEPTED
202425-0900,LIVE_REFRESH_VERIFIED,False,False,False,OK,2,4622258,7896,2137,Lugano,Pafos FC,1,1,1,0.2083333333,True,utc_time_competition_score_high_confidence_name,OK,True,True,True,ACCEPTED
202425-0901,LIVE_REFRESH_VERIFIED,False,False,False,OK,2,4622269,10116,8044,Borac Banja Luka,Omonia Nicosia,1,1,1,0.4079391892,True,utc_time_competition_score_high_confidence_name,OK,True,True,True,ACCEPTED
202425-0902,LIVE_REFRESH_VERIFIED,False,False,False,OK,2,4622267,676140,866111,TSC Backa Topola,FC Noah,1,1,1,0.2063492063,True,utc_time_competition_score_high_confidence_name,OK,True,True,True,ACCEPTED
202425-0903,LIVE_REFRESH_VERIFIED,False,False,False,OK,2,4622252,9860,561981,Hearts,CS Petrocub,1,0.5714285714,0.7857142857,0.2196969697,True,separated_utc_time_competition_score_alias,OK,True,True,True,ACCEPTED
202425-0904,LIVE_REFRESH_VERIFIED,False,False,False,OK,2,4622275,1957,7872,Jagiellonia Bialystok,Olimpija Ljubljana,1,1,1,0.2643581081,True,utc_time_competition_score_high_confidence_name,OK,True,True,True,ACCEPTED
202425-0905,LIVE_REFRESH_VERIFIED,False,False,False,OK,2,4622286,2206,9991,Larne,Gent,1,0.7272727273,0.8636363636,0.1333333333,True,utc_time_competition_score_high_confidence_name,OK,True,True,True,ACCEPTED
202425-0906,LIVE_REFRESH_VERIFIED,False,False,False,OK,5,4622198,9977,6017,LASK,Vikingur Reykjavik,1,1,1,0.2261904762,True,utc_time_competition_score_high_confidence_name,OK,True,True,True,ACCEPTED
202425-0907,LIVE_REFRESH_VERIFIED,False,False,False,OK,2,4622215,9917,10180,Molde,Mlada Boleslav,1,1,1,0.1507936508,True,utc_time_competition_score_high_confidence_name,OK,True,True,True,ACCEPTED
202425-0908,LIVE_REFRESH_VERIFIED,False,False,False,OK,1,4622281,4622,7852,NK Celje,TNS,1,1,1,0,True,utc_time_competition_score_high_confidence_name,OK,True,True,True,ACCEPTED
202425-0909,LIVE_REFRESH_VERIFIED,False,False,False,OK,1,4622264,10200,10058,Panathinaikos,Dinamo Minsk,1,1,1,0,True,utc_time_competition_score_high_confidence_name,OK,True,True,True,ACCEPTED
202425-0910,LIVE_REFRESH_VERIFIED,False,False,False,OK,2,4622194,8603,9861,Real Betis,HJK,1,0.4,0.7,0.2583333333,True,separated_utc_time_competition_score_alias,OK,True,True,True,ACCEPTED
202425-0911,LIVE_REFRESH_VERIFIED,False,False,False,OK,1,4622238,10015,8391,Rapid Wien,FC København,1,1,1,0,True,utc_time_competition_score_high_confidence_name,OK,True,True,True,ACCEPTED
202425-0912,LIVE_REFRESH_VERIFIED,False,False,False,OK,5,4622235,7844,8535,Vitoria de Guimaraes,Fiorentina,0.9189189189,1,0.9594594595,0.3208333333,True,utc_time_competition_score_high_confidence_name,OK,True,True,True,ACCEPTED
202425-0468,LIVE_REFRESH_VERIFIED,False,False,False,OK,1,4622102,8637,8688,Galatasaray,Dynamo Kyiv,1,1,1,0,True,utc_time_competition_score_high_confidence_name,OK,True,True,True,ACCEPTED
202425-0199,LIVE_REFRESH_VERIFIED,False,False,False,OK,3,4621654,9829,10252,Monaco,Aston Villa,0.8,1,0.9,0.3193277311,True,utc_time_competition_score_high_confidence_name,OK,True,True,True,ACCEPTED
202425-0200,LIVE_REFRESH_VERIFIED,False,False,False,OK,1,4621587,8524,10014,Atalanta,Sturm Graz,1,1,1,0,True,utc_time_competition_score_high_confidence_name,OK,True,True,True,ACCEPTED
202425-0201,LIVE_REFRESH_VERIFIED,False,False,False,OK,4,4621560,9906,8178,Atletico Madrid,Bayer Leverkusen,1,1,1,0.2340740741,True,utc_time_competition_score_high_confidence_name,OK,True,True,True,ACCEPTED
202425-0202,LIVE_REFRESH_VERIFIED,False,False,False,OK,4,4621535,9857,9789,Bologna,Borussia Dortmund,1,1,1,0.3550420168,True,utc_time_competition_score_high_confidence_name,OK,True,True,True,ACCEPTED
202425-0203,LIVE_REFRESH_VERIFIED,False,False,False,OK,1,4621591,8342,9885,Club Brugge,Juventus,1,1,1,0,True,utc_time_competition_score_high_confidence_name,OK,True,True,True,ACCEPTED
202425-0204,LIVE_REFRESH_VERIFIED,False,False,False,OK,1,4621632,8687,8640,FK Crvena Zvezda,PSV Eindhoven,1,1,1,0,True,utc_time_competition_score_high_confidence_name,OK,True,True,True,ACCEPTED
202425-0205,LIVE_REFRESH_VERIFIED,False,False,False,OK,4,4621553,8650,8639,Liverpool,Lille,1,0.7142857143,0.8571428571,0.3078947368,True,utc_time_competition_score_high_confidence_name,OK,True,True,True,ACCEPTED
202425-0206,LIVE_REFRESH_VERIFIED,False,False,False,OK,1,4621652,6019,10269,Slovan Bratislava,VfB Stuttgart,1,1,1,0,True,utc_time_competition_score_high_confidence_name,OK,True,True,True,ACCEPTED
202425-0207,LIVE_REFRESH_VERIFIED,False,False,False,OK,1,4621537,9772,8634,Benfica,Barcelona,1,1,1,0,True,utc_time_competition_score_high_confidence_name,OK,True,True,True,ACCEPTED
202425-0469,LIVE_REFRESH_VERIFIED,False,False,False,OK,1,4622127,10188,8315,Beşiktaş,Athletic Club,1,0.6956521739,0.847826087,0,True,unique_utc_time_competition_score_alias,OK,True,True,True,ACCEPTED
202425-0208,LIVE_REFRESH_VERIFIED,False,False,False,OK,1,4621616,9728,8521,Shakhtar Donetsk,Brest,1,0.5263157895,0.7631578947,0,True,unique_utc_time_competition_score_alias,OK,True,True,True,ACCEPTED
202425-0209,LIVE_REFRESH_VERIFIED,False,False,False,OK,4,4621520,178475,9768,RB Leipzig,Sporting CP,1,0.7586206897,0.8793103448,0.3193277311,True,utc_time_competition_score_high_confidence_name,OK,True,True,True,ACCEPTED
202425-0210,LIVE_REFRESH_VERIFIED,False,False,False,OK,3,4621622,8564,7732,Milan,Girona,1,1,1,0.3582887701,True,utc_time_competition_score_high_confidence_name,OK,True,True,True,ACCEPTED
202425-0211,LIVE_REFRESH_VERIFIED,False,False,False,OK,1,4621507,10247,8636,Sparta Prague,Inter,0.8,0.5263157895,0.6631578947,0,True,unique_utc_time_competition_score_alias,OK,True,True,True,ACCEPTED
202425-0212,LIVE_REFRESH_VERIFIED,False,False,False,OK,2,4621604,9825,10156,Arsenal,Dinamo Zagreb,1,1,1,0.2361111111,True,utc_time_competition_score_high_confidence_name,OK,True,True,True,ACCEPTED
202425-0213,LIVE_REFRESH_VERIFIED,False,False,False,OK,3,4621647,9925,10192,Celtic,Young Boys,1,1,1,0.2261904762,True,utc_time_competition_score_high_confidence_name,OK,True,True,True,ACCEPTED
202425-0214,LIVE_REFRESH_VERIFIED,False,False,False,OK,2,4621513,10235,9823,Feyenoord,Bayern München,1,1,1,0.162037037,True,utc_time_competition_score_high_confidence_name,OK,True,True,True,ACCEPTED
202425-0215,LIVE_REFRESH_VERIFIED,False,False,False,OK,1,4621493,9847,8456,Paris Saint-Germain,Manchester City,1,1,1,0,True,utc_time_competition_score_high_confidence_name,OK,True,True,True,ACCEPTED
202425-0216,LIVE_REFRESH_VERIFIED,False,False,False,OK,1,4621546,8633,10013,Real Madrid,Salzburg,1,1,1,0,True,utc_time_competition_score_high_confidence_name,OK,True,True,True,ACCEPTED
202425-0470,LIVE_REFRESH_VERIFIED,False,False,False,OK,3,4622080,10229,8686,AZ Alkmaar,Roma,1,0.7272727273,0.8636363636,0.2587412587,True,utc_time_competition_score_high_confidence_name,OK,True,True,True,ACCEPTED
202425-0471,LIVE_REFRESH_VERIFIED,False,False,False,OK,1,4622027,9773,8638,FC Porto,Olympiacos,1,0.6428571429,0.8214285714,0,True,unique_utc_time_competition_score_alias,OK,True,True,True,ACCEPTED
202425-0472,LIVE_REFRESH_VERIFIED,False,False,False,OK,3,4622123,6033,8635,Viktoria Plzen,Anderlecht,1,1,1,0.2813852814,True,utc_time_competition_score_high_confidence_name,OK,True,True,True,ACCEPTED
202425-0473,LIVE_REFRESH_VERIFIED,False,False,False,OK,1,4622056,8695,9748,Fenerbahçe,Lyon,1,0.4444444444,0.7222222222,0,True,unique_utc_time_competition_score_alias,OK,True,True,True,ACCEPTED
202425-0474,LIVE_REFRESH_VERIFIED,False,False,False,OK,2,4622117,8402,7855,Bodø/Glimt,Maccabi Tel Aviv,1,1,1,0.2093596059,True,utc_time_competition_score_high_confidence_name,OK,True,True,True,ACCEPTED
202425-0475,LIVE_REFRESH_VERIFIED,False,False,False,OK,3,4622099,10237,8611,Malmö FF,FC Twente,1,0.5714285714,0.7857142857,0.3229166667,True,separated_utc_time_competition_score_alias,OK,True,True,True,ACCEPTED
202425-0476,LIVE_REFRESH_VERIFIED,False,False,False,OK,3,4622115,7981,9723,Qarabag FK,FCSB,1,1,1,0.06666666667,True,utc_time_competition_score_high_confidence_name,OK,True,True,True,ACCEPTED
202425-0477,LIVE_REFRESH_VERIFIED,False,False,False,OK,3,4622128,8226,8586,Hoffenheim,Tottenham Hotspur,0.8,1,0.9,0.2608695652,True,utc_time_competition_score_high_confidence_name,OK,True,True,True,ACCEPTED
202425-0478,LIVE_REFRESH_VERIFIED,False,False,False,OK,3,4622023,9810,8222,Eintracht Frankfurt,Ferencvaros,1,1,1,0.2510822511,True,utc_time_competition_score_high_confidence_name,OK,True,True,True,ACCEPTED
202425-0479,LIVE_REFRESH_VERIFIED,False,False,False,OK,3,4622158,248871,8593,RFS,Ajax,1,1,1,0.2019230769,True,utc_time_competition_score_high_confidence_name,OK,True,True,True,ACCEPTED
202425-0480,LIVE_REFRESH_VERIFIED,False,False,False,OK,3,4622140,8014,9831,Elfsborg,Nice,0.8421052632,0.6666666667,0.7543859649,0.2261904762,True,separated_utc_time_competition_score_alias,OK,True,True,True,ACCEPTED
202425-0481,LIVE_REFRESH_VERIFIED,False,False,False,OK,2,4622035,10260,8548,Manchester United,Rangers,1,0.6363636364,0.8181818182,0.2970588235,True,separated_utc_time_competition_score_alias,OK,True,True,True,ACCEPTED
202425-0482,LIVE_REFRESH_VERIFIED,False,False,False,OK,3,4622064,8619,7787,PAOK Thessaloniki FC,Slavia Prague,1,0.8,0.9,0.1876832845,True,utc_time_competition_score_high_confidence_name,OK,True,True,True,ACCEPTED
202425-0483,LIVE_REFRESH_VERIFIED,False,False,False,OK,1,4622094,210173,8113,Ludogorets Razgrad,FC Midtjylland,1,1,1,0,True,utc_time_competition_score_high_confidence_name,OK,True,True,True,ACCEPTED
202425-0484,LIVE_REFRESH_VERIFIED,False,False,False,OK,2,4622089,7978,10264,Union St.Gilloise,Braga,0.9189189189,0.5263157895,0.7226173542,0.3256113256,True,separated_utc_time_competition_score_alias,OK,True,True,True,ACCEPTED
202425-0485,LIVE_REFRESH_VERIFIED,False,False,False,OK,2,4622044,8543,8560,Lazio,Real Sociedad,1,1,1,0.2807881773,True,utc_time_competition_score_high_confidence_name,OK,True,True,True,ACCEPTED
202425-0217,LIVE_REFRESH_VERIFIED,False,False,False,OK,1,4621651,10252,9925,Aston Villa,Celtic,1,1,1,0,True,utc_time_competition_score_high_confidence_name,OK,True,True,True,ACCEPTED
202425-0218,LIVE_REFRESH_VERIFIED,False,False,False,OK,1,4621563,8178,10247,Bayer Leverkusen,Sparta Prague,1,0.8,0.9,0,True,utc_time_competition_score_high_confidence_name,OK,True,True,True,ACCEPTED
202425-0219,LIVE_REFRESH_VERIFIED,False,False,False,OK,3,4621530,9789,9728,Borussia Dortmund,Shakhtar Donetsk,1,1,1,0.3147605083,True,utc_time_competition_score_high_confidence_name,OK,True,True,True,ACCEPTED
202425-0220,LIVE_REFRESH_VERIFIED,False,False,False,OK,1,4621644,10192,8687,Young Boys,FK Crvena Zvezda,1,1,1,0,True,utc_time_competition_score_high_confidence_name,OK,True,True,True,ACCEPTED
202425-0221,LIVE_REFRESH_VERIFIED,False,False,False,OK,1,4621536,8634,8524,Barcelona,Atalanta,1,1,1,0,True,utc_time_competition_score_high_confidence_name,OK,True,True,True,ACCEPTED
202425-0222,LIVE_REFRESH_VERIFIED,False,False,False,OK,3,4621514,9823,6019,Bayern München,Slovan Bratislava,1,1,1,0.3450635386,True,utc_time_competition_score_high_confidence_name,OK,True,True,True,ACCEPTED
202425-0223,LIVE_REFRESH_VERIFIED,False,False,False,OK,1,4621506,8636,9829,Inter,Monaco,0.5263157895,0.8,0.6631578947,0,True,unique_utc_time_competition_score_alias,OK,True,True,True,ACCEPTED
202425-0224,LIVE_REFRESH_VERIFIED,False,False,False,OK,2,4621571,10013,9906,Salzburg,Atletico Madrid,1,1,1,0.3193277311,True,utc_time_competition_score_high_confidence_name,OK,True,True,True,ACCEPTED
202425-0225,LIVE_REFRESH_VERIFIED,False,False,False,OK,1,4621607,7732,9825,Girona,Arsenal,1,1,1,0,True,utc_time_competition_score_high_confidence_name,OK,True,True,True,ACCEPTED
202425-0226,LIVE_REFRESH_VERIFIED,False,False,False,OK,1,4621621,10156,8564,Dinamo Zagreb,Milan,1,1,1,0,True,utc_time_competition_score_high_confidence_name,OK,True,True,True,ACCEPTED
202425-0227,LIVE_REFRESH_VERIFIED,False,False,False,OK,1,4621590,9885,9772,Juventus,Benfica,1,1,1,0,True,utc_time_competition_score_high_confidence_name,OK,True,True,True,ACCEPTED
202425-0228,LIVE_REFRESH_VERIFIED,False,False,False,OK,1,4621625,8639,10235,Lille,Feyenoord,0.7142857143,1,0.8571428571,0,True,utc_time_competition_score_high_confidence_name,OK,True,True,True,ACCEPTED
202425-0229,LIVE_REFRESH_VERIFIED,False,False,False,OK,3,4621494,8456,8342,Manchester City,Club Brugge,1,1,1,0.2593703148,True,utc_time_competition_score_high_confidence_name,OK,True,True,True,ACCEPTED
202425-0230,LIVE_REFRESH_VERIFIED,False,False,False,OK,1,4621554,8640,8650,PSV Eindhoven,Liverpool,1,1,1,0,True,utc_time_competition_score_high_confidence_name,OK,True,True,True,ACCEPTED
202425-0231,LIVE_REFRESH_VERIFIED,False,False,False,OK,1,4621523,10014,178475,Sturm Graz,RB Leipzig,1,1,1,0,True,utc_time_competition_score_high_confidence_name,OK,True,True,True,ACCEPTED
202425-0232,LIVE_REFRESH_VERIFIED,False,False,False,OK,1,4621630,9768,9857,Sporting CP,Bologna,0.7586206897,1,0.8793103448,0,True,utc_time_competition_score_high_confidence_name,OK,True,True,True,ACCEPTED
202425-0233,LIVE_REFRESH_VERIFIED,False,False,False,OK,1,4621549,8521,8633,Brest,Real Madrid,0.5263157895,1,0.7631578947,0,True,unique_utc_time_competition_score_alias,OK,True,True,True,ACCEPTED
202425-0234,LIVE_REFRESH_VERIFIED,False,False,False,OK,2,4621580,10269,9847,VfB Stuttgart,Paris Saint-Germain,1,1,1,0.231092437,True,utc_time_competition_score_high_confidence_name,OK,True,True,True,ACCEPTED
202425-0486,LIVE_REFRESH_VERIFIED,False,False,False,OK,2,4622049,8593,8637,Ajax,Galatasaray,1,1,1,0.1980519481,True,utc_time_competition_score_high_confidence_name,OK,True,True,True,ACCEPTED
202425-0487,LIVE_REFRESH_VERIFIED,False,False,False,OK,2,4622018,8686,9810,Roma,Eintracht Frankfurt,0.7272727273,1,0.8636363636,0.2833333333,True,utc_time_competition_score_high_confidence_name,OK,True,True,True,ACCEPTED
202425-0488,LIVE_REFRESH_VERIFIED,False,False,False,OK,1,4622144,8315,6033,Athletic Club,Viktoria Plzen,0.6956521739,1,0.847826087,0,True,unique_utc_time_competition_score_alias,OK,True,True,True,ACCEPTED
202425-0489,LIVE_REFRESH_VERIFIED,False,False,False,OK,3,4622107,8688,248871,Dynamo Kyiv,RFS,1,1,1,0.1497326203,True,utc_time_competition_score_high_confidence_name,OK,True,True,True,ACCEPTED
202425-0490,LIVE_REFRESH_VERIFIED,False,False,False,OK,2,4622109,8113,8695,FC Midtjylland,Fenerbahçe,1,1,1,0.1388888889,True,utc_time_competition_score_high_confidence_name,OK,True,True,True,ACCEPTED
202425-0491,LIVE_REFRESH_VERIFIED,False,False,False,OK,3,4622135,8611,10188,FC Twente,Beşiktaş,0.5714285714,1,0.7857142857,0.1678321678,True,separated_utc_time_competition_score_alias,OK,True,True,True,ACCEPTED
202425-0492,LIVE_REFRESH_VERIFIED,False,False,False,OK,1,4622061,8222,10229,Ferencvaros,AZ Alkmaar,1,1,1,0,True,utc_time_competition_score_high_confidence_name,OK,True,True,True,ACCEPTED
202425-0493,LIVE_REFRESH_VERIFIED,False,False,False,OK,1,4622150,9723,10260,FCSB,Manchester United,1,1,1,0,True,utc_time_competition_score_high_confidence_name,OK,True,True,True,ACCEPTED
202425-0494,LIVE_REFRESH_VERIFIED,False,False,False,OK,1,4622051,7855,9773,Maccabi Tel Aviv,FC Porto,1,1,1,0,True,utc_time_competition_score_high_confidence_name,OK,True,True,True,ACCEPTED
202425-0495,LIVE_REFRESH_VERIFIED,False,False,False,OK,2,4622156,9831,8402,Nice,Bodø/Glimt,0.6666666667,1,0.8333333333,0.2407407407,True,separated_utc_time_competition_score_alias,OK,True,True,True,ACCEPTED
202425-0496,LIVE_REFRESH_VERIFIED,False,False,False,OK,2,4622078,8638,7981,Olympiacos,Qarabag FK,0.6428571429,1,0.8214285714,0.2476190476,True,separated_utc_time_competition_score_alias,OK,True,True,True,ACCEPTED
202425-0497,LIVE_REFRESH_VERIFIED,False,False,False,OK,2,4622086,9748,210173,Lyon,Ludogorets Razgrad,0.4444444444,1,0.7222222222,0.1851851852,True,separated_utc_time_competition_score_alias,OK,True,True,True,ACCEPTED
202425-0498,LIVE_REFRESH_VERIFIED,False,False,False,OK,2,4622016,8548,7978,Rangers,Union St.Gilloise,0.6363636364,0.9189189189,0.7776412776,0.1697792869,True,separated_utc_time_competition_score_alias,OK,True,True,True,ACCEPTED
202425-0499,LIVE_REFRESH_VERIFIED,False,False,False,OK,2,4622073,8560,8619,Real Sociedad,PAOK Thessaloniki FC,1,1,1,0.2009803922,True,utc_time_competition_score_high_confidence_name,OK,True,True,True,ACCEPTED
202425-0500,LIVE_REFRESH_VERIFIED,False,False,False,OK,1,4622149,8635,8226,Anderlecht,Hoffenheim,1,0.8,0.9,0,True,utc_time_competition_score_high_confidence_name,OK,True,True,True,ACCEPTED
202425-0501,LIVE_REFRESH_VERIFIED,False,False,False,OK,3,4622068,10264,8543,Braga,Lazio,0.5263157895,1,0.7631578947,0.1769230769,True,separated_utc_time_competition_score_alias,OK,True,True,True,ACCEPTED
202425-0502,LIVE_REFRESH_VERIFIED,False,False,False,OK,2,4622033,7787,10237,Slavia Prague,Malmö FF,0.8,1,0.9,0.1425120773,True,utc_time_competition_score_high_confidence_name,OK,True,True,True,ACCEPTED
202425-0503,LIVE_REFRESH_VERIFIED,False,False,False,OK,2,4622042,8586,8014,Tottenham Hotspur,Elfsborg,1,0.8421052632,0.9210526316,0.2592592593,True,utc_time_competition_score_high_confidence_name,OK,True,True,True,ACCEPTED
202425-0235,LIVE_REFRESH_VERIFIED,False,False,False,OK,3,4723908,8521,9847,Brest,Paris Saint-Germain,0.5263157895,1,0.7631578947,0.2942583732,True,separated_utc_time_competition_score_alias,OK,True,True,True,ACCEPTED
202425-0239,LIVE_REFRESH_VERIFIED,False,False,False,OK,1,4723900,8456,8633,Manchester City,Real Madrid,1,1,1,0,True,utc_time_competition_score_high_confidence_name,OK,True,True,True,ACCEPTED
202425-0241,LIVE_REFRESH_VERIFIED,False,False,False,OK,3,4723904,9885,8640,Juventus,PSV Eindhoven,1,1,1,0.2337662338,True,utc_time_competition_score_high_confidence_name,OK,True,True,True,ACCEPTED
202425-0247,LIVE_REFRESH_VERIFIED,False,False,False,OK,3,4723898,9768,9789,Sporting CP,Borussia Dortmund,0.7586206897,1,0.8793103448,0.2536231884,True,utc_time_competition_score_high_confidence_name,OK,True,True,True,ACCEPTED
202425-0237,LIVE_REFRESH_VERIFIED,False,False,False,OK,3,4723896,8342,8524,Club Brugge,Atalanta,1,1,1,0.3875,True,utc_time_competition_score_high_confidence_name,OK,True,True,True,ACCEPTED
202425-0243,LIVE_REFRESH_VERIFIED,False,False,False,OK,2,4723906,10235,8564,Feyenoord,Milan,1,1,1,0.2063492063,True,utc_time_competition_score_high_confidence_name,OK,True,True,True,ACCEPTED
202425-0245,LIVE_REFRESH_VERIFIED,False,False,False,OK,3,4723902,9925,9823,Celtic,Bayern München,1,1,1,0.3035714286,True,utc_time_competition_score_high_confidence_name,OK,True,True,True,ACCEPTED
202425-0249,LIVE_REFRESH_VERIFIED,False,False,False,OK,2,4723910,9829,9772,Monaco,Benfica,0.8,1,0.9,0.2448512586,True,utc_time_competition_score_high_confidence_name,OK,True,True,True,ACCEPTED
202425-0504,LIVE_REFRESH_VERIFIED,False,False,False,OK,1,4723943,8222,6033,Ferencvaros,Viktoria Plzen,1,1,1,0,True,utc_time_competition_score_high_confidence_name,OK,True,True,True,ACCEPTED
202425-0508,LIVE_REFRESH_VERIFIED,False,False,False,OK,1,4723939,7978,8593,Union St.Gilloise,Ajax,0.9189189189,1,0.9594594595,0,True,utc_time_competition_score_high_confidence_name,OK,True,True,True,ACCEPTED
202425-0512,LIVE_REFRESH_VERIFIED,False,False,False,OK,2,4723942,8113,8560,FC Midtjylland,Real Sociedad,1,1,1,0.09453781513,True,utc_time_competition_score_high_confidence_name,OK,True,True,True,ACCEPTED
202425-0516,LIVE_REFRESH_VERIFIED,False,False,False,OK,1,4723938,8695,8635,Fenerbahçe,Anderlecht,1,1,1,0,True,utc_time_competition_score_high_confidence_name,OK,True,True,True,ACCEPTED
202425-0915,LIVE_REFRESH_VERIFIED,False,False,False,OK,1,4695831,676140,1957,TSC Backa Topola,Jagiellonia Bialystok,1,1,1,0,True,utc_time_competition_score_high_confidence_name,OK,True,True,True,ACCEPTED
202425-0917,LIVE_REFRESH_VERIFIED,False,False,False,OK,1,4695832,4622,8621,NK Celje,APOEL Nicosia,1,1,1,0,True,utc_time_competition_score_high_confidence_name,OK,True,True,True,ACCEPTED
202425-0919,LIVE_REFRESH_VERIFIED,False,False,False,OK,1,4695833,6017,10200,Vikingur Reykjavik,Panathinaikos,1,1,1,0,True,utc_time_competition_score_high_confidence_name,OK,True,True,True,ACCEPTED
202425-0925,LIVE_REFRESH_VERIFIED,False,False,False,OK,1,4695835,9917,4131,Molde,Shamrock Rovers,1,1,1,0,True,utc_time_competition_score_high_confidence_name,OK,True,True,True,ACCEPTED
202425-0506,LIVE_REFRESH_VERIFIED,False,False,False,OK,1,4723937,8611,8402,FC Twente,Bodø/Glimt,0.5714285714,1,0.7857142857,0,True,unique_utc_time_competition_score_alias,OK,True,True,True,ACCEPTED
202425-0510,LIVE_REFRESH_VERIFIED,False,False,False,OK,1,4723941,10229,8637,AZ Alkmaar,Galatasaray,1,1,1,0,True,utc_time_competition_score_high_confidence_name,OK,True,True,True,ACCEPTED
202425-0514,LIVE_REFRESH_VERIFIED,False,False,False,OK,2,4723940,8619,9723,PAOK Thessaloniki FC,FCSB,1,1,1,0.1302521008,True,utc_time_competition_score_high_confidence_name,OK,True,True,True,ACCEPTED
202425-0518,LIVE_REFRESH_VERIFIED,False,False,False,OK,1,4723944,9773,8686,FC Porto,Roma,1,0.7272727273,0.8636363636,0,True,utc_time_competition_score_high_confidence_name,OK,True,True,True,ACCEPTED
202425-0913,LIVE_REFRESH_VERIFIED,False,False,False,OK,1,4695830,9991,8603,Gent,Real Betis,0.7272727273,1,0.8636363636,0,True,utc_time_competition_score_high_confidence_name,OK,True,True,True,ACCEPTED
202425-0921,LIVE_REFRESH_VERIFIED,False,False,False,OK,1,4695837,10116,7872,Borac Banja Luka,Olimpija Ljubljana,1,1,1,0,True,utc_time_competition_score_high_confidence_name,OK,True,True,True,ACCEPTED
202425-0923,LIVE_REFRESH_VERIFIED,False,False,False,OK,1,4695836,8044,2137,Omonia Nicosia,Pafos FC,1,1,1,0,True,utc_time_competition_score_high_confidence_name,OK,True,True,True,ACCEPTED
202425-0927,LIVE_REFRESH_VERIFIED,False,False,False,OK,1,4695834,8391,94937,FC København,FC Heidenheim,1,0.9090909091,0.9545454545,0,True,utc_time_competition_score_high_confidence_name,OK,True,True,True,ACCEPTED
202425-0244,LIVE_REFRESH_VERIFIED,False,False,False,OK,2,4723907,8564,10235,Milan,Feyenoord,1,1,1,0.1719298246,True,utc_time_competition_score_high_confidence_name,OK,True,True,True,ACCEPTED
202425-0238,LIVE_REFRESH_VERIFIED,False,False,False,OK,1,4723897,8524,8342,Atalanta,Club Brugge,1,1,1,0,True,utc_time_competition_score_high_confidence_name,OK,True,True,True,ACCEPTED
202425-0246,LIVE_REFRESH_VERIFIED,False,False,False,OK,2,4723903,9823,9925,Bayern München,Celtic,1,1,1,0.1719298246,True,utc_time_competition_score_high_confidence_name,OK,True,True,True,ACCEPTED
202425-0250,LIVE_REFRESH_VERIFIED,False,False,False,OK,2,4723911,9772,9829,Benfica,Monaco,1,0.8,0.9,0.2077922078,True,utc_time_competition_score_high_confidence_name,OK,True,True,True,ACCEPTED
202425-0248,LIVE_REFRESH_VERIFIED,False,False,False,OK,2,4723899,9789,9768,Borussia Dortmund,Sporting CP,1,0.7586206897,0.8793103448,0.4352941176,True,utc_time_competition_score_high_confidence_name,OK,True,True,True,ACCEPTED
202425-0236,LIVE_REFRESH_VERIFIED,False,False,False,OK,1,4723909,9847,8521,Paris Saint-Germain,Brest,1,0.5263157895,0.7631578947,0,True,unique_utc_time_competition_score_alias,OK,True,True,True,ACCEPTED
202425-0240,LIVE_REFRESH_VERIFIED,False,False,False,OK,2,4723901,8633,8456,Real Madrid,Manchester City,1,1,1,0.1702898551,True,utc_time_competition_score_high_confidence_name,OK,True,True,True,ACCEPTED
202425-0242,LIVE_REFRESH_VERIFIED,False,False,False,OK,2,4723905,8640,9885,PSV Eindhoven,Juventus,1,1,1,0.2119565217,True,utc_time_competition_score_high_confidence_name,OK,True,True,True,ACCEPTED
202425-0507,LIVE_REFRESH_VERIFIED,False,False,False,OK,2,4723945,8402,8611,Bodø/Glimt,FC Twente,1,0.5714285714,0.7857142857,0.2062937063,True,separated_utc_time_competition_score_alias,OK,True,True,True,ACCEPTED
202425-0511,LIVE_REFRESH_VERIFIED,False,False,False,OK,2,4723949,8637,10229,Galatasaray,AZ Alkmaar,1,1,1,0.1928571429,True,utc_time_competition_score_high_confidence_name,OK,True,True,True,ACCEPTED
202425-0515,LIVE_REFRESH_VERIFIED,False,False,False,OK,1,4723948,9723,8619,FCSB,PAOK Thessaloniki FC,1,1,1,0,True,utc_time_competition_score_high_confidence_name,OK,True,True,True,ACCEPTED
202425-0519,LIVE_REFRESH_VERIFIED,False,False,False,OK,1,4723952,8686,9773,Roma,FC Porto,0.7272727273,1,0.8636363636,0,True,utc_time_competition_score_high_confidence_name,OK,True,True,True,ACCEPTED
202425-0914,LIVE_REFRESH_VERIFIED,False,False,False,OK,2,4695838,8603,9991,Real Betis,Gent,1,0.7272727273,0.8636363636,0.2033333333,True,utc_time_competition_score_high_confidence_name,OK,True,True,True,ACCEPTED
202425-0922,LIVE_REFRESH_VERIFIED,False,False,False,OK,1,4695845,7872,10116,Olimpija Ljubljana,Borac Banja Luka,1,1,1,0,True,utc_time_competition_score_high_confidence_name,OK,True,True,True,ACCEPTED
202425-0924,LIVE_REFRESH_VERIFIED,False,False,False,OK,1,4695844,2137,8044,Pafos FC,Omonia Nicosia,1,1,1,0,True,utc_time_competition_score_high_confidence_name,OK,True,True,True,ACCEPTED
202425-0928,LIVE_REFRESH_VERIFIED,False,False,False,OK,1,4695842,94937,8391,FC Heidenheim,FC København,0.9090909091,1,0.9545454545,0,True,utc_time_competition_score_high_confidence_name,OK,True,True,True,ACCEPTED
202425-0505,LIVE_REFRESH_VERIFIED,False,False,False,OK,1,4723951,6033,8222,Viktoria Plzen,Ferencvaros,1,1,1,0,True,utc_time_competition_score_high_confidence_name,OK,True,True,True,ACCEPTED
202425-0509,LIVE_REFRESH_VERIFIED,False,False,False,OK,1,4723947,8593,7978,Ajax,Union St.Gilloise,1,0.9189189189,0.9594594595,0,True,utc_time_competition_score_high_confidence_name,OK,True,True,True,ACCEPTED
202425-0513,LIVE_REFRESH_VERIFIED,False,False,False,OK,2,4723950,8560,8113,Real Sociedad,FC Midtjylland,1,1,1,0.2085561497,True,utc_time_competition_score_high_confidence_name,OK,True,True,True,ACCEPTED
202425-0517,LIVE_REFRESH_VERIFIED,False,False,False,OK,2,4723946,8635,8695,Anderlecht,Fenerbahçe,1,1,1,0.1452380952,True,utc_time_competition_score_high_confidence_name,OK,True,True,True,ACCEPTED
202425-0916,LIVE_REFRESH_VERIFIED,False,False,False,OK,1,4695839,1957,676140,Jagiellonia Bialystok,TSC Backa Topola,1,1,1,0,True,utc_time_competition_score_high_confidence_name,OK,True,True,True,ACCEPTED
202425-0918,LIVE_REFRESH_VERIFIED,False,False,False,OK,1,4695840,8621,4622,APOEL Nicosia,NK Celje,1,1,1,0,True,utc_time_competition_score_high_confidence_name,OK,True,True,True,ACCEPTED
202425-0920,LIVE_REFRESH_VERIFIED,False,False,False,OK,1,4695841,10200,6017,Panathinaikos,Vikingur Reykjavik,1,1,1,0,True,utc_time_competition_score_high_confidence_name,OK,True,True,True,ACCEPTED
202425-0926,LIVE_REFRESH_VERIFIED,False,False,False,OK,2,4695843,4131,9917,Shamrock Rovers,Molde,1,1,1,0.1511111111,True,utc_time_competition_score_high_confidence_name,OK,True,True,True,ACCEPTED
202425-0253,LIVE_REFRESH_VERIFIED,False,False,False,OK,2,4737548,8342,10252,Club Brugge,Aston Villa,1,1,1,0.2333333333,True,utc_time_competition_score_high_confidence_name,OK,True,True,True,ACCEPTED
202425-0255,LIVE_REFRESH_VERIFIED,False,False,False,OK,1,4737550,8633,9906,Real Madrid,Atletico Madrid,1,1,1,0,True,utc_time_competition_score_high_confidence_name,OK,True,True,True,ACCEPTED
202425-0257,LIVE_REFRESH_VERIFIED,False,False,False,OK,1,4737552,8640,9825,PSV Eindhoven,Arsenal,1,1,1,0,True,utc_time_competition_score_high_confidence_name,OK,True,True,True,ACCEPTED
202425-0263,LIVE_REFRESH_VERIFIED,False,False,False,OK,3,4737549,9789,8639,Borussia Dortmund,Lille,1,0.7142857143,0.8571428571,0.2291666667,True,utc_time_competition_score_high_confidence_name,OK,True,True,True,ACCEPTED
202425-0259,LIVE_REFRESH_VERIFIED,False,False,False,OK,2,4737553,10235,8636,Feyenoord,Inter,1,0.5263157895,0.7631578947,0.2935483871,True,separated_utc_time_competition_score_alias,OK,True,True,True,ACCEPTED
202425-0251,LIVE_REFRESH_VERIFIED,False,False,False,OK,3,4737554,9847,8650,Paris Saint-Germain,Liverpool,1,1,1,0.1990740741,True,utc_time_competition_score_high_confidence_name,OK,True,True,True,ACCEPTED
202425-0261,LIVE_REFRESH_VERIFIED,False,False,False,OK,1,4737551,9823,8178,Bayern München,Bayer Leverkusen,1,1,1,0,True,utc_time_competition_score_high_confidence_name,OK,True,True,True,ACCEPTED
202425-0265,LIVE_REFRESH_VERIFIED,False,False,False,OK,3,4737555,9772,8634,Benfica,Barcelona,1,1,1,0.2111111111,True,utc_time_competition_score_high_confidence_name,OK,True,True,True,ACCEPTED
202425-0526,LIVE_REFRESH_VERIFIED,False,False,False,OK,1,4737588,10229,8586,AZ Alkmaar,Tottenham Hotspur,1,1,1,0,True,utc_time_competition_score_high_confidence_name,OK,True,True,True,ACCEPTED
202425-0528,LIVE_REFRESH_VERIFIED,False,False,False,OK,1,4737589,8560,10260,Real Sociedad,Manchester United,1,1,1,0,True,utc_time_competition_score_high_confidence_name,OK,True,True,True,ACCEPTED
202425-0530,LIVE_REFRESH_VERIFIED,False,False,False,OK,2,4737590,9723,9748,FCSB,Lyon,1,0.4444444444,0.7222222222,0.1904761905,True,separated_utc_time_competition_score_alias,OK,True,True,True,ACCEPTED
202425-0532,LIVE_REFRESH_VERIFIED,False,False,False,OK,2,4737591,8695,8548,Fenerbahçe,Rangers,1,0.6363636364,0.8181818182,0.3007518797,True,separated_utc_time_competition_score_alias,OK,True,True,True,ACCEPTED
202425-0929,LIVE_REFRESH_VERIFIED,False,False,False,OK,1,4737731,8603,7844,Real Betis,Vitoria de Guimaraes,1,0.9189189189,0.9594594595,0,True,utc_time_competition_score_high_confidence_name,OK,True,True,True,ACCEPTED
202425-0935,LIVE_REFRESH_VERIFIED,False,False,False,OK,2,4737737,10200,8535,Panathinaikos,Fiorentina,1,1,1,0.1805555556,True,utc_time_competition_score_high_confidence_name,OK,True,True,True,ACCEPTED
202425-0941,LIVE_REFRESH_VERIFIED,False,False,False,OK,2,4737741,9917,8673,Molde,Legia Warszawa,1,0.9230769231,0.9615384615,0.1919191919,True,utc_time_competition_score_high_confidence_name,OK,True,True,True,ACCEPTED
202425-0943,LIVE_REFRESH_VERIFIED,False,False,False,OK,1,4737739,8391,8455,FC København,Chelsea,1,1,1,0,True,utc_time_competition_score_high_confidence_name,OK,True,True,True,ACCEPTED
202425-0520,LIVE_REFRESH_VERIFIED,False,False,False,OK,2,4737585,6033,8543,Viktoria Plzen,Lazio,1,1,1,0.09722222222,True,utc_time_competition_score_high_confidence_name,OK,True,True,True,ACCEPTED
202425-0522,LIVE_REFRESH_VERIFIED,False,False,False,OK,1,4737586,8402,8638,Bodø/Glimt,Olympiacos,1,0.6428571429,0.8214285714,0,True,unique_utc_time_competition_score_alias,OK,True,True,True,ACCEPTED
202425-0524,LIVE_REFRESH_VERIFIED,False,False,False,OK,2,4737587,8593,9810,Ajax,Eintracht Frankfurt,1,1,1,0.09722222222,True,utc_time_competition_score_high_confidence_name,OK,True,True,True,ACCEPTED
202425-0534,LIVE_REFRESH_VERIFIED,False,False,False,OK,1,4737592,8686,8315,Roma,Athletic Club,0.7272727273,0.6956521739,0.7114624506,0,True,unique_utc_time_competition_score_alias,OK,True,True,True,ACCEPTED
202425-0931,LIVE_REFRESH_VERIFIED,False,False,False,OK,1,4737733,1957,9984,Jagiellonia Bialystok,Cercle Brugge,1,1,1,0,True,utc_time_competition_score_high_confidence_name,OK,True,True,True,ACCEPTED
202425-0933,LIVE_REFRESH_VERIFIED,False,False,False,OK,2,4737735,4622,7896,NK Celje,Lugano,1,1,1,0.25,True,utc_time_competition_score_high_confidence_name,OK,True,True,True,ACCEPTED
202425-0937,LIVE_REFRESH_VERIFIED,False,False,False,OK,1,4737745,10116,10015,Borac Banja Luka,Rapid Wien,1,1,1,0,True,utc_time_competition_score_high_confidence_name,OK,True,True,True,ACCEPTED
202425-0939,LIVE_REFRESH_VERIFIED,False,False,False,OK,2,4737743,2137,9802,Pafos FC,Djurgården,1,0.8333333333,0.9166666667,0.2,True,utc_time_competition_score_high_confidence_name,OK,True,True,True,ACCEPTED
202425-0266,LIVE_REFRESH_VERIFIED,False,False,False,OK,2,4737563,8634,9772,Barcelona,Benfica,1,1,1,0.2589285714,True,utc_time_competition_score_high_confidence_name,OK,True,True,True,ACCEPTED
202425-0252,LIVE_REFRESH_VERIFIED,False,False,False,OK,2,4737562,8650,9847,Liverpool,Paris Saint-Germain,1,1,1,0.2558922559,True,utc_time_competition_score_high_confidence_name,OK,True,True,True,ACCEPTED
202425-0260,LIVE_REFRESH_VERIFIED,False,False,False,OK,1,4737561,8636,10235,Inter,Feyenoord,0.5263157895,1,0.7631578947,0,True,unique_utc_time_competition_score_alias,OK,True,True,True,ACCEPTED
202425-0262,LIVE_REFRESH_VERIFIED,False,False,False,OK,1,4737559,8178,9823,Bayer Leverkusen,Bayern München,1,1,1,0,True,utc_time_competition_score_high_confidence_name,OK,True,True,True,ACCEPTED
202425-0264,LIVE_REFRESH_VERIFIED,False,False,False,OK,1,4737557,8639,9789,Lille,Borussia Dortmund,0.7142857143,1,0.8571428571,0,True,utc_time_competition_score_high_confidence_name,OK,True,True,True,ACCEPTED
202425-0254,LIVE_REFRESH_VERIFIED,False,False,False,OK,2,4737556,10252,8342,Aston Villa,Club Brugge,1,1,1,0.2287581699,True,utc_time_competition_score_high_confidence_name,OK,True,True,True,ACCEPTED
202425-0256,LIVE_REFRESH_VERIFIED,False,False,False,OK,1,4737558,9906,8633,Atletico Madrid,Real Madrid,1,1,1,0,True,utc_time_competition_score_high_confidence_name,OK,True,True,True,ACCEPTED
202425-0258,LIVE_REFRESH_VERIFIED,False,False,False,OK,2,4737560,9825,8640,Arsenal,PSV Eindhoven,1,1,1,0.1676470588,True,utc_time_competition_score_high_confidence_name,OK,True,True,True,ACCEPTED
202425-0521,LIVE_REFRESH_VERIFIED,False,False,False,OK,1,4737593,8543,6033,Lazio,Viktoria Plzen,1,1,1,0,True,utc_time_competition_score_high_confidence_name,OK,True,True,True,ACCEPTED
202425-0523,LIVE_REFRESH_VERIFIED,False,False,False,OK,1,4737594,8638,8402,Olympiacos,Bodø/Glimt,0.6428571429,1,0.8214285714,0,True,unique_utc_time_competition_score_alias,OK,True,True,True,ACCEPTED
202425-0525,LIVE_REFRESH_VERIFIED,False,False,False,OK,2,4737595,9810,8593,Eintracht Frankfurt,Ajax,1,1,1,0.3120915033,True,utc_time_competition_score_high_confidence_name,OK,True,True,True,ACCEPTED
202425-0535,LIVE_REFRESH_VERIFIED,False,False,False,OK,2,4737600,8315,8686,Athletic Club,Roma,0.6956521739,0.7272727273,0.7114624506,0.2977941176,True,separated_utc_time_competition_score_alias,OK,True,True,True,ACCEPTED
202425-0932,LIVE_REFRESH_VERIFIED,False,False,False,OK,2,4737734,9984,1957,Cercle Brugge,Jagiellonia Bialystok,1,1,1,0.1866096866,True,utc_time_competition_score_high_confidence_name,OK,True,True,True,ACCEPTED
202425-0934,LIVE_REFRESH_VERIFIED,False,False,False,OK,1,4737736,7896,4622,Lugano,NK Celje,1,1,1,0,True,utc_time_competition_score_high_confidence_name,OK,True,True,True,ACCEPTED
202425-0938,LIVE_REFRESH_VERIFIED,False,False,False,OK,1,4737746,10015,10116,Rapid Wien,Borac Banja Luka,1,1,1,0,True,utc_time_competition_score_high_confidence_name,OK,True,True,True,ACCEPTED
202425-0940,LIVE_REFRESH_VERIFIED,False,False,False,OK,1,4737744,9802,2137,Djurgården,Pafos FC,0.8333333333,1,0.9166666667,0,True,utc_time_competition_score_high_confidence_name,OK,True,True,True,ACCEPTED
202425-0527,LIVE_REFRESH_VERIFIED,False,False,False,OK,2,4737596,8586,10229,Tottenham Hotspur,AZ Alkmaar,1,1,1,0.2228571429,True,utc_time_competition_score_high_confidence_name,OK,True,True,True,ACCEPTED
202425-0529,LIVE_REFRESH_VERIFIED,False,False,False,OK,2,4737597,10260,8560,Manchester United,Real Sociedad,1,1,1,0.2009803922,True,utc_time_competition_score_high_confidence_name,OK,True,True,True,ACCEPTED
202425-0531,LIVE_REFRESH_VERIFIED,False,False,False,OK,1,4737598,9748,9723,Lyon,FCSB,0.4444444444,1,0.7222222222,0,True,unique_utc_time_competition_score_alias,OK,True,True,True,ACCEPTED
202425-0533,LIVE_REFRESH_VERIFIED,False,False,False,OK,1,4737599,8548,8695,Rangers,Fenerbahçe,0.6363636364,1,0.8181818182,0,True,unique_utc_time_competition_score_alias,OK,True,True,True,PENALTY_SCOPE_UNVERIFIED
202425-0930,LIVE_REFRESH_VERIFIED,False,False,False,OK,1,4737732,7844,8603,Vitoria de Guimaraes,Real Betis,0.9189189189,1,0.9594594595,0,True,utc_time_competition_score_high_confidence_name,OK,True,True,True,ACCEPTED
202425-0936,LIVE_REFRESH_VERIFIED,False,False,False,OK,1,4737738,8535,10200,Fiorentina,Panathinaikos,1,1,1,0,True,utc_time_competition_score_high_confidence_name,OK,True,True,True,ACCEPTED
202425-0942,LIVE_REFRESH_VERIFIED,False,False,False,OK,2,4737742,8673,9917,Legia Warszawa,Molde,0.9230769231,1,0.9615384615,0.1969230769,True,utc_time_competition_score_high_confidence_name,OK,True,True,True,ACCEPTED
202425-0944,LIVE_REFRESH_VERIFIED,False,False,False,OK,1,4737740,8455,8391,Chelsea,FC København,1,1,1,0,True,utc_time_competition_score_high_confidence_name,OK,True,True,True,ACCEPTED
202425-0269,LIVE_REFRESH_VERIFIED,False,False,False,OK,1,4737568,9825,8633,Arsenal,Real Madrid,1,1,1,0,True,utc_time_competition_score_high_confidence_name,OK,True,True,True,ACCEPTED
202425-0271,LIVE_REFRESH_VERIFIED,False,False,False,OK,1,4737570,9823,8636,Bayern München,Inter,1,0.5263157895,0.7631578947,0,True,unique_utc_time_competition_score_alias,OK,True,True,True,ACCEPTED
202425-0267,LIVE_REFRESH_VERIFIED,False,False,False,OK,1,4737567,9847,10252,Paris Saint-Germain,Aston Villa,1,1,1,0,True,utc_time_competition_score_high_confidence_name,OK,True,True,True,ACCEPTED
202425-0273,LIVE_REFRESH_VERIFIED,False,False,False,OK,1,4737569,8634,9789,Barcelona,Borussia Dortmund,1,1,1,0,True,utc_time_competition_score_high_confidence_name,OK,True,True,True,ACCEPTED
202425-0536,LIVE_REFRESH_VERIFIED,False,False,False,OK,1,4737716,8402,8543,Bodø/Glimt,Lazio,1,1,1,0,True,utc_time_competition_score_high_confidence_name,OK,True,True,True,ACCEPTED
202425-0951,LIVE_REFRESH_VERIFIED,False,False,False,OK,1,4737755,8673,8455,Legia Warszawa,Chelsea,0.9230769231,1,0.9615384615,0,True,utc_time_competition_score_high_confidence_name,OK,True,True,True,ACCEPTED
202425-0538,LIVE_REFRESH_VERIFIED,False,False,False,OK,1,4737717,8586,9810,Tottenham Hotspur,Eintracht Frankfurt,1,1,1,0,True,utc_time_competition_score_high_confidence_name,OK,True,True,True,ACCEPTED
202425-0540,LIVE_REFRESH_VERIFIED,False,False,False,OK,1,4737719,9748,10260,Lyon,Manchester United,0.4444444444,1,0.7222222222,0,True,unique_utc_time_competition_score_alias,OK,True,True,True,ACCEPTED
202425-0542,LIVE_REFRESH_VERIFIED,False,False,False,OK,1,4737718,8548,8315,Rangers,Athletic Club,0.6363636364,0.6956521739,0.6660079051,0,True,unique_utc_time_competition_score_alias,OK,True,True,True,ACCEPTED
202425-0945,LIVE_REFRESH_VERIFIED,False,False,False,OK,1,4737750,8603,1957,Real Betis,Jagiellonia Bialystok,1,1,1,0,True,utc_time_competition_score_high_confidence_name,OK,True,True,True,ACCEPTED
202425-0947,LIVE_REFRESH_VERIFIED,False,False,False,OK,1,4737752,4622,8535,NK Celje,Fiorentina,1,1,1,0,True,utc_time_competition_score_high_confidence_name,OK,True,True,True,ACCEPTED
202425-0949,LIVE_REFRESH_VERIFIED,False,False,False,OK,1,4737756,9802,10015,Djurgården,Rapid Wien,0.8333333333,1,0.9166666667,0,True,utc_time_competition_score_high_confidence_name,OK,True,True,True,ACCEPTED
202425-0268,LIVE_REFRESH_VERIFIED,False,False,False,OK,1,4737571,10252,9847,Aston Villa,Paris Saint-Germain,1,1,1,0,True,utc_time_competition_score_high_confidence_name,OK,True,True,True,ACCEPTED
202425-0274,LIVE_REFRESH_VERIFIED,False,False,False,OK,1,4737573,9789,8634,Borussia Dortmund,Barcelona,1,1,1,0,True,utc_time_competition_score_high_confidence_name,OK,True,True,True,ACCEPTED
202425-0270,LIVE_REFRESH_VERIFIED,False,False,False,OK,1,4737572,8633,9825,Real Madrid,Arsenal,1,1,1,0,True,utc_time_competition_score_high_confidence_name,OK,True,True,True,ACCEPTED
202425-0272,LIVE_REFRESH_VERIFIED,False,False,False,OK,1,4737574,8636,9823,Inter,Bayern München,0.5263157895,1,0.7631578947,0,True,unique_utc_time_competition_score_alias,OK,True,True,True,ACCEPTED
202425-0946,LIVE_REFRESH_VERIFIED,False,False,False,OK,1,4737751,1957,8603,Jagiellonia Bialystok,Real Betis,1,1,1,0,True,utc_time_competition_score_high_confidence_name,OK,True,True,True,ACCEPTED
202425-0948,LIVE_REFRESH_VERIFIED,False,False,False,OK,1,4737753,8535,4622,Fiorentina,NK Celje,1,1,1,0,True,utc_time_competition_score_high_confidence_name,OK,True,True,True,ACCEPTED
202425-0537,LIVE_REFRESH_VERIFIED,False,False,False,OK,1,4737720,8543,8402,Lazio,Bodø/Glimt,1,1,1,0,True,utc_time_competition_score_high_confidence_name,OK,True,True,True,ACCEPTED
202425-0539,LIVE_REFRESH_VERIFIED,False,False,False,OK,1,4737721,9810,8586,Eintracht Frankfurt,Tottenham Hotspur,1,1,1,0,True,utc_time_competition_score_high_confidence_name,OK,True,True,True,ACCEPTED
202425-0541,LIVE_REFRESH_VERIFIED,False,False,False,OK,1,4737723,10260,9748,Manchester United,Lyon,1,0.4444444444,0.7222222222,0,True,unique_utc_time_competition_score_alias,OK,True,True,True,ACCEPTED
202425-0543,LIVE_REFRESH_VERIFIED,False,False,False,OK,1,4737722,8315,8548,Athletic Club,Rangers,0.6956521739,0.6363636364,0.6660079051,0,True,unique_utc_time_competition_score_alias,OK,True,True,True,ACCEPTED
202425-0950,LIVE_REFRESH_VERIFIED,False,False,False,OK,1,4737757,10015,9802,Rapid Wien,Djurgården,1,0.8333333333,0.9166666667,0,True,utc_time_competition_score_high_confidence_name,OK,True,True,True,ACCEPTED
202425-0952,LIVE_REFRESH_VERIFIED,False,False,False,OK,1,4737754,8455,8673,Chelsea,Legia Warszawa,1,0.9230769231,0.9615384615,0,True,utc_time_competition_score_high_confidence_name,OK,True,True,True,ACCEPTED
202425-0275,LIVE_REFRESH_VERIFIED,False,False,False,OK,1,4737575,9825,9847,Arsenal,Paris Saint-Germain,1,1,1,0,True,utc_time_competition_score_high_confidence_name,OK,True,True,True,ACCEPTED
202425-0277,LIVE_REFRESH_VERIFIED,False,False,False,OK,1,4737576,8634,8636,Barcelona,Inter,1,0.5263157895,0.7631578947,0,True,unique_utc_time_competition_score_alias,OK,True,True,True,ACCEPTED
202425-0544,LIVE_REFRESH_VERIFIED,False,False,False,OK,1,4737724,8586,8402,Tottenham Hotspur,Bodø/Glimt,1,1,1,0,True,utc_time_competition_score_high_confidence_name,OK,True,True,True,ACCEPTED
202425-0546,LIVE_REFRESH_VERIFIED,False,False,False,OK,1,4737725,8315,10260,Athletic Club,Manchester United,0.6956521739,1,0.847826087,0,True,unique_utc_time_competition_score_alias,OK,True,True,True,ACCEPTED
202425-0953,LIVE_REFRESH_VERIFIED,False,False,False,OK,1,4737759,8603,8535,Real Betis,Fiorentina,1,1,1,0,True,utc_time_competition_score_high_confidence_name,OK,True,True,True,ACCEPTED
202425-0955,LIVE_REFRESH_VERIFIED,False,False,False,OK,1,4737762,9802,8455,Djurgården,Chelsea,0.8333333333,1,0.9166666667,0,True,utc_time_competition_score_high_confidence_name,OK,True,True,True,ACCEPTED
202425-0278,LIVE_REFRESH_VERIFIED,False,False,False,OK,1,4737578,8636,8634,Inter,Barcelona,0.5263157895,1,0.7631578947,0,True,unique_utc_time_competition_score_alias,OK,True,True,True,ACCEPTED
202425-0276,LIVE_REFRESH_VERIFIED,False,False,False,OK,1,4737577,9847,9825,Paris Saint-Germain,Arsenal,1,1,1,0,True,utc_time_competition_score_high_confidence_name,OK,True,True,True,ACCEPTED
202425-0545,LIVE_REFRESH_VERIFIED,False,False,False,OK,1,4737726,8402,8586,Bodø/Glimt,Tottenham Hotspur,1,1,1,0,True,utc_time_competition_score_high_confidence_name,OK,True,True,True,ACCEPTED
202425-0547,LIVE_REFRESH_VERIFIED,False,False,False,OK,1,4737727,10260,8315,Manchester United,Athletic Club,1,0.6956521739,0.847826087,0,True,unique_utc_time_competition_score_alias,OK,True,True,True,ACCEPTED
202425-0954,LIVE_REFRESH_VERIFIED,False,False,False,OK,1,4737760,8535,8603,Fiorentina,Real Betis,1,1,1,0,True,utc_time_competition_score_high_confidence_name,OK,True,True,True,ACCEPTED
202425-0956,LIVE_REFRESH_VERIFIED,False,False,False,OK,1,4737761,8455,9802,Chelsea,Djurgården,1,0.8333333333,0.9166666667,0,True,utc_time_competition_score_high_confidence_name,OK,True,True,True,ACCEPTED
202425-0548,LIVE_REFRESH_VERIFIED,False,False,False,OK,1,4737728,8586,10260,Tottenham Hotspur,Manchester United,1,1,1,0,True,utc_time_competition_score_high_confidence_name,OK,True,True,True,ACCEPTED
202425-0957,LIVE_REFRESH_VERIFIED,False,False,False,OK,1,4737763,8603,8455,Real Betis,Chelsea,1,1,1,0,True,utc_time_competition_score_high_confidence_name,OK,True,True,True,ACCEPTED
202425-0279,LIVE_REFRESH_VERIFIED,False,False,False,OK,1,4737579,9847,8636,Paris Saint-Germain,Inter,1,0.5263157895,0.7631578947,0,True,unique_utc_time_competition_score_alias,OK,True,True,True,ACCEPTED
202526-0003,LIVE_REFRESH_VERIFIED,False,False,False,OK,6,4812254,1693,175682,KuPS,FC Milsami Orhei,1,1,1,0.2109090909,True,utc_time_competition_score_high_confidence_name,OK,True,True,True,NO_PUBLIC_XG
202526-0007,LIVE_REFRESH_VERIFIED,False,False,False,OK,1,4812256,480291,10237,Iberia 1999,Malmö FF,1,1,1,0,True,utc_time_competition_score_high_confidence_name,OK,True,True,True,NO_PUBLIC_XG
202526-0025,LIVE_REFRESH_VERIFIED,False,False,False,OK,6,4812265,866111,8627,FC Noah,Buducnost Podgorica,1,1,1,0.2852664577,True,utc_time_competition_score_high_confidence_name,OK,True,True,True,NO_PUBLIC_XG
202526-0591,LIVE_REFRESH_VERIFIED,False,False,False,OK,1,4813062,631395,1703,St Joseph's,Cliftonville,1,1,1,0,True,utc_time_competition_score_high_confidence_name,OK,True,True,True,NO_PUBLIC_XG
202526-0009,LIVE_REFRESH_VERIFIED,False,False,False,OK,1,4812257,1588,248871,FCI Levadia,RFS,0.6363636364,1,0.8181818182,0,True,unique_utc_time_competition_score_alias,OK,True,True,True,NO_PUBLIC_XG
202526-0023,LIVE_REFRESH_VERIFIED,False,False,False,OK,1,4812264,7872,8037,Olimpija Ljubljana,Kairat Almaty,1,1,1,0,True,utc_time_competition_score_high_confidence_name,OK,True,True,True,NO_PUBLIC_XG
202526-0587,LIVE_REFRESH_VERIFIED,False,False,False,OK,1,4813038,1580,2194,Floriana,Haverfordwest,1,0.7878787879,0.8939393939,0,True,utc_time_competition_score_high_confidence_name,OK,True,True,True,NO_PUBLIC_XG
202526-0005,LIVE_REFRESH_VERIFIED,False,False,False,OK,1,4812255,7852,2234,TNS,KF Shkendija,1,0.8571428571,0.9285714286,0,True,utc_time_competition_score_high_confidence_name,OK,True,True,True,NO_PUBLIC_XG
202526-0011,LIVE_REFRESH_VERIFIED,False,False,False,OK,6,4812258,784771,7951,Drita,FC Differdange 03,1,1,1,0.3277591973,True,utc_time_competition_score_high_confidence_name,OK,True,True,True,NO_PUBLIC_XG
202526-0013,LIVE_REFRESH_VERIFIED,False,False,False,OK,1,4812259,4666,545012,Vikingur,Lincoln Red Imps FC,1,1,1,0,True,utc_time_competition_score_high_confidence_name,OK,True,True,True,NO_PUBLIC_XG
202526-0015,LIVE_REFRESH_VERIFIED,False,False,False,OK,6,4812260,10039,8332,Egnatia,Breidablik,0.56,1,0.78,0.2929292929,True,separated_utc_time_competition_score_alias,OK,True,True,True,NO_PUBLIC_XG
202526-0021,LIVE_REFRESH_VERIFIED,False,False,False,OK,1,4812263,163539,10107,Virtus Acquaviva,Zrinjski Mostar,0.5454545455,1,0.7727272727,0,True,unique_utc_time_competition_score_alias,OK,True,True,True,NO_PUBLIC_XG
202526-0001,LIVE_REFRESH_VERIFIED,False,False,False,OK,1,4812253,4616,4528,Zalgiris Vilnius,Hamrun Spartans,1,1,1,0,True,utc_time_competition_score_high_confidence_name,OK,True,True,True,NO_PUBLIC_XG
202526-0019,LIVE_REFRESH_VERIFIED,False,False,False,OK,1,4812262,9723,10050,FCSB,Inter Club d'Escaldes,1,1,1,0,True,utc_time_competition_score_high_confidence_name,OK,True,True,True,NO_PUBLIC_XG
202526-0027,LIVE_REFRESH_VERIFIED,False,False,False,OK,6,4812266,210173,10058,Ludogorets Razgrad,Dinamo Minsk,1,1,1,0.3277591973,True,utc_time_competition_score_high_confidence_name,OK,True,True,True,NO_PUBLIC_XG
202526-0017,LIVE_REFRESH_VERIFIED,False,False,False,OK,6,4812261,5751,7971,Shelbourne,Linfield,1,0.6666666667,0.8333333333,0.2142857143,True,separated_utc_time_competition_score_alias,OK,True,True,True,NO_PUBLIC_XG
202526-0573,LIVE_REFRESH_VERIFIED,False,False,False,OK,2,4813046,10044,4548,Atletic Escaldes,F91 Dudelange,0.9411764706,1,0.9705882353,0.1954887218,True,utc_time_competition_score_high_confidence_name,OK,True,True,True,NO_PUBLIC_XG
202526-0557,LIVE_REFRESH_VERIFIED,False,False,False,OK,1,4813042,1080103,163540,Bruno's Magpies,Paide Linnameeskond,0.6923076923,1,0.8461538462,0,True,unique_utc_time_competition_score_alias,OK,True,True,True,NO_PUBLIC_XG
202526-0288,LIVE_REFRESH_VERIFIED,False,False,False,OK,1,4812366,951893,4622,Sabah FK,NK Celje,1,1,1,0,True,utc_time_competition_score_high_confidence_name,OK,True,True,True,NO_PUBLIC_XG
202526-0561,LIVE_REFRESH_VERIFIED,False,False,False,OK,1,4813020,2216,2127,Torpedo Kutaisi,Ordabasy Shymkent,1,1,1,0,True,utc_time_competition_score_high_confidence_name,OK,True,True,True,NO_PUBLIC_XG
202526-0577,LIVE_REFRESH_VERIFIED,False,False,False,OK,4,4813024,162162,8106,SJK,Klaksvik,0.375,0.8421052632,0.6085526316,0.2833333333,True,separated_utc_time_competition_score_alias,OK,True,True,True,NO_PUBLIC_XG
202526-0583,LIVE_REFRESH_VERIFIED,False,False,False,OK,4,4813060,439132,474592,FK Kauno Zalgiris,Penybont,1,1,1,0.3045977011,True,utc_time_competition_score_high_confidence_name,OK,True,True,True,NO_PUBLIC_XG
202526-0294,LIVE_REFRESH_VERIFIED,False,False,False,OK,2,4812369,7797,7998,AEK Larnaca,Partizan Beograd,1,0.9090909091,0.9545454545,0.4139130435,True,utc_time_competition_score_high_confidence_name,OK,True,True,True,NO_PUBLIC_XG
202526-0567,LIVE_REFRESH_VERIFIED,False,False,False,OK,4,4813056,7979,10061,Urartu FC,Neman Grodno,1,1,1,0.2594417077,True,utc_time_competition_score_high_confidence_name,OK,True,True,True,NO_PUBLIC_XG
202526-0597,LIVE_REFRESH_VERIFIED,False,False,False,OK,4,4813052,2110,2217,Racing FC Union Luxembourg,Dila Gori,1,1,1,0.2939244663,True,utc_time_competition_score_high_confidence_name,OK,True,True,True,NO_PUBLIC_XG
202526-0585,LIVE_REFRESH_VERIFIED,False,False,False,OK,2,4813026,112484,10028,Nomme JK Kalju,Partizani,0.4,0.72,0.56,0.2316017316,True,separated_utc_time_competition_score_alias,OK,True,True,True,NO_PUBLIC_XG
202526-0284,LIVE_REFRESH_VERIFIED,False,False,False,OK,1,4812364,9729,674506,FC Sheriff,FC Prishtina,0.6086956522,1,0.8043478261,0,True,unique_utc_time_competition_score_alias,OK,True,True,True,NO_PUBLIC_XG
202526-0296,LIVE_REFRESH_VERIFIED,False,False,False,OK,2,4812370,7986,9731,Paksi SE,CFR Cluj,0.7692307692,1,0.8846153846,0.1388235294,True,utc_time_competition_score_high_confidence_name,OK,True,True,True,ACCEPTED
202526-0292,LIVE_REFRESH_VERIFIED,False,False,False,OK,2,4812368,8632,9754,Levski Sofia,Hapoel Beer Sheva,1,1,1,0.28,True,utc_time_competition_score_high_confidence_name,OK,True,True,True,NO_PUBLIC_XG
202526-0282,LIVE_REFRESH_VERIFIED,False,False,False,OK,1,4812363,9728,162146,Shakhtar Donetsk,Ilves,1,0.5555555556,0.7777777778,0,True,unique_utc_time_competition_score_alias,OK,True,True,True,NO_PUBLIC_XG
202526-0559,LIVE_REFRESH_VERIFIED,False,False,False,OK,2,4813054,10034,197864,Vllaznia,BFC Daugavpils,0.6666666667,1,0.8333333333,0.325,True,separated_utc_time_competition_score_alias,OK,True,True,True,NO_PUBLIC_XG
202526-0563,LIVE_REFRESH_VERIFIED,False,False,False,OK,2,4813032,8100,6187,Decic Tuzi,FK Sileks,1,0.6,0.8,0.2279202279,True,separated_utc_time_competition_score_alias,OK,True,True,True,NO_PUBLIC_XG
202526-0565,LIVE_REFRESH_VERIFIED,False,False,False,OK,3,4813044,8001,561981,Birkirkara,CS Petrocub,1,0.5714285714,0.7857142857,0.2883295195,True,separated_utc_time_competition_score_alias,OK,True,True,True,NO_PUBLIC_XG
202526-0595,LIVE_REFRESH_VERIFIED,False,False,False,OK,4,4813040,10072,8138,Torpedo Zhodino,Rabotnicki,1,0.7407407407,0.8703703704,0.2579310345,True,utc_time_competition_score_high_confidence_name,OK,True,True,True,NO_PUBLIC_XG
202526-0286,LIVE_REFRESH_VERIFIED,False,False,False,OK,1,4812365,4662,8428,Spartak Trnava,Häcken,1,0.8,0.9,0,True,utc_time_competition_score_high_confidence_name,OK,True,True,True,NO_PUBLIC_XG
202526-0589,LIVE_REFRESH_VERIFIED,False,False,False,OK,2,4813050,1273410,6017,Malisheva,Vikingur Reykjavik,0.8571428571,1,0.9285714286,0.275,True,utc_time_competition_score_high_confidence_name,OK,True,True,True,NO_PUBLIC_XG
202526-0569,LIVE_REFRESH_VERIFIED,False,False,False,OK,2,4813022,10108,5772,Zeljeznicar,Koper,0.7096774194,1,0.8548387097,0.231092437,True,utc_time_competition_score_high_confidence_name,OK,True,True,True,NO_PUBLIC_XG
202526-0571,LIVE_REFRESH_VERIFIED,False,False,False,OK,4,4813034,2245,10065,Sutjeska,Dynamo Brest,0.6956521739,1,0.847826087,0.2694235589,True,separated_utc_time_competition_score_alias,OK,True,True,True,NO_PUBLIC_XG
202526-0575,LIVE_REFRESH_VERIFIED,False,False,False,OK,4,4813059,8041,163541,FK Vardar Skopje,La Fiorita Montegiardino,1,0.5882352941,0.7941176471,0.384057971,True,separated_utc_time_competition_score_alias,OK,True,True,True,NO_PUBLIC_XG
202526-0553,LIVE_REFRESH_VERIFIED,False,False,False,OK,1,4813018,8110,9861,NSI Runavik,HJK,1,0.4,0.7,0,True,unique_utc_time_competition_score_alias,OK,True,True,True,NO_PUBLIC_XG
202526-0555,LIVE_REFRESH_VERIFIED,False,False,False,OK,3,4813030,1854,736555,St. Patrick's Athletic,Hegelmann,1,1,1,0.2,True,utc_time_competition_score_high_confidence_name,OK,True,True,True,NO_PUBLIC_XG
202526-0290,LIVE_REFRESH_VERIFIED,False,False,False,OK,2,4812367,8673,8000,Legia Warszawa,Aktobe,0.9230769231,1,0.9615384615,0.3557312253,True,utc_time_competition_score_high_confidence_name,OK,True,True,True,NO_PUBLIC_XG
202526-0579,LIVE_REFRESH_VERIFIED,False,False,False,OK,1,4813036,2206,2106,Larne,Auda,1,1,1,0,True,utc_time_competition_score_high_confidence_name,OK,True,True,True,NO_PUBLIC_XG
202526-0593,LIVE_REFRESH_VERIFIED,False,False,False,OK,3,4813028,163543,6345,Tre Fiori,Pyunik,1,0.6,0.8,0.3072463768,True,separated_utc_time_competition_score_alias,OK,True,True,True,NO_PUBLIC_XG
202526-0599,LIVE_REFRESH_VERIFIED,False,False,False,OK,1,4813064,10116,10042,Borac Banja Luka,FC Santa Coloma,1,1,1,0,True,utc_time_competition_score_high_confidence_name,OK,True,True,True,NO_PUBLIC_XG
202526-0581,LIVE_REFRESH_VERIFIED,False,False,False,OK,4,4813048,8064,8155,Valur,Flora Tallinn,0.5,1,0.75,0.4218146718,True,separated_utc_time_competition_score_alias,OK,True,True,True,NO_PUBLIC_XG
202526-0024,LIVE_REFRESH_VERIFIED,False,False,False,OK,2,4812278,8037,7872,Kairat Almaty,Olimpija Ljubljana,1,1,1,0.3550420168,True,utc_time_competition_score_high_confidence_name,OK,True,True,True,NO_PUBLIC_XG
202526-0014,LIVE_REFRESH_VERIFIED,False,False,False,OK,2,4812273,545012,4666,Lincoln Red Imps FC,Vikingur,1,1,1,0.2385964912,True,utc_time_competition_score_high_confidence_name,OK,True,True,True,NO_PUBLIC_XG
202526-0002,LIVE_REFRESH_VERIFIED,False,False,False,OK,2,4812267,4528,4616,Hamrun Spartans,Zalgiris Vilnius,1,1,1,0.2605042017,True,utc_time_competition_score_high_confidence_name,OK,True,True,True,NO_PUBLIC_XG
202526-0004,LIVE_REFRESH_VERIFIED,False,False,False,OK,1,4812268,175682,1693,FC Milsami Orhei,KuPS,1,1,1,0,True,utc_time_competition_score_high_confidence_name,OK,True,True,True,NO_PUBLIC_XG
202526-0008,LIVE_REFRESH_VERIFIED,False,False,False,OK,1,4812270,10237,480291,Malmö FF,Iberia 1999,1,1,1,0,True,utc_time_competition_score_high_confidence_name,OK,True,True,True,NO_PUBLIC_XG
202526-0010,LIVE_REFRESH_VERIFIED,False,False,False,OK,2,4812271,248871,1588,RFS,FCI Levadia,1,0.6363636364,0.8181818182,0.2791762014,True,separated_utc_time_competition_score_alias,OK,True,True,True,NO_PUBLIC_XG
202526-0006,LIVE_REFRESH_VERIFIED,False,False,False,OK,3,4812269,2234,7852,KF Shkendija,TNS,0.8571428571,1,0.9285714286,0.2719298246,True,utc_time_competition_score_high_confidence_name,OK,True,True,True,NO_PUBLIC_XG
202526-0012,LIVE_REFRESH_VERIFIED,False,False,False,OK,1,4812272,7951,784771,FC Differdange 03,Drita,1,1,1,0,True,utc_time_competition_score_high_confidence_name,OK,True,True,True,NO_PUBLIC_XG
202526-0020,LIVE_REFRESH_VERIFIED,False,False,False,OK,3,4812276,10050,9723,Inter Club d'Escaldes,FCSB,1,1,1,0.2142857143,True,utc_time_competition_score_high_confidence_name,OK,True,True,True,NO_PUBLIC_XG
202526-0016,LIVE_REFRESH_VERIFIED,False,False,False,OK,1,4812274,8332,10039,Breidablik,Egnatia,1,0.56,0.78,0,True,unique_utc_time_competition_score_alias,OK,True,True,True,NO_PUBLIC_XG
202526-0022,LIVE_REFRESH_VERIFIED,False,False,False,OK,3,4812277,10107,163539,Zrinjski Mostar,Virtus Acquaviva,1,0.5454545455,0.7727272727,0.3333333333,True,separated_utc_time_competition_score_alias,OK,True,True,True,NO_PUBLIC_XG
202526-0026,LIVE_REFRESH_VERIFIED,False,False,False,OK,2,4812279,8627,866111,Buducnost Podgorica,FC Noah,1,1,1,0.219941349,True,utc_time_competition_score_high_confidence_name,OK,True,True,True,NO_PUBLIC_XG
202526-0580,LIVE_REFRESH_VERIFIED,False,False,False,OK,2,4813037,2106,2206,Auda,Larne,1,1,1,0.2380952381,True,utc_time_competition_score_high_confidence_name,OK,True,True,True,NO_PUBLIC_XG
202526-0018,LIVE_REFRESH_VERIFIED,False,False,False,OK,1,4812275,7971,5751,Linfield,Shelbourne,0.6666666667,1,0.8333333333,0,True,unique_utc_time_competition_score_alias,OK,True,True,True,NO_PUBLIC_XG
202526-0028,LIVE_REFRESH_VERIFIED,False,False,False,OK,2,4812280,10058,210173,Dinamo Minsk,Ludogorets Razgrad,1,1,1,0.1876832845,True,utc_time_competition_score_high_confidence_name,OK,True,True,True,NO_PUBLIC_XG
202526-0560,LIVE_REFRESH_VERIFIED,False,False,False,OK,1,4813055,197864,10034,BFC Daugavpils,Vllaznia,1,0.6666666667,0.8333333333,0,True,unique_utc_time_competition_score_alias,OK,True,True,True,NO_PUBLIC_XG
202526-0283,LIVE_REFRESH_VERIFIED,False,False,False,OK,1,4812371,162146,9728,Ilves,Shakhtar Donetsk,0.5555555556,1,0.7777777778,0,True,unique_utc_time_competition_score_alias,OK,True,True,True,NO_PUBLIC_XG
202526-0291,LIVE_REFRESH_VERIFIED,False,False,False,OK,1,4812375,8000,8673,Aktobe,Legia Warszawa,1,0.9230769231,0.9615384615,0,True,utc_time_competition_score_high_confidence_name,OK,True,True,True,NO_PUBLIC_XG
202526-0554,LIVE_REFRESH_VERIFIED,False,False,False,OK,2,4813019,9861,8110,HJK,NSI Runavik,0.4,1,0.7,0.2055555556,True,separated_utc_time_competition_score_alias,OK,True,True,True,NO_PUBLIC_XG
202526-0556,LIVE_REFRESH_VERIFIED,False,False,False,OK,3,4813031,736555,1854,Hegelmann,St. Patrick's Athletic,1,1,1,0.250965251,True,utc_time_competition_score_high_confidence_name,OK,True,True,True,NO_PUBLIC_XG
202526-0562,LIVE_REFRESH_VERIFIED,False,False,False,OK,2,4813021,2127,2216,Ordabasy Shymkent,Torpedo Kutaisi,1,1,1,0.2924137931,True,utc_time_competition_score_high_confidence_name,OK,True,True,True,NO_PUBLIC_XG
202526-0582,LIVE_REFRESH_VERIFIED,False,False,False,OK,1,4813049,8155,8064,Flora Tallinn,Valur,1,0.5,0.75,0,True,unique_utc_time_competition_score_alias,OK,True,True,True,NO_PUBLIC_XG
202526-0594,LIVE_REFRESH_VERIFIED,False,False,False,OK,2,4813029,6345,163543,Pyunik,Tre Fiori,0.6,1,0.8,0.1588235294,True,separated_utc_time_competition_score_alias,OK,True,True,True,NO_PUBLIC_XG
202526-0596,LIVE_REFRESH_VERIFIED,False,False,False,OK,2,4813041,8138,10072,Rabotnicki,Torpedo Zhodino,0.7407407407,1,0.8703703704,0.2228116711,True,utc_time_competition_score_high_confidence_name,OK,True,True,True,NO_PUBLIC_XG
202526-0598,LIVE_REFRESH_VERIFIED,False,False,False,OK,1,4813053,2217,2110,Dila Gori,Racing FC Union Luxembourg,1,1,1,0,True,utc_time_competition_score_high_confidence_name,OK,True,True,True,NO_PUBLIC_XG
202526-0600,LIVE_REFRESH_VERIFIED,False,False,False,OK,3,4813065,10042,10116,FC Santa Coloma,Borac Banja Luka,1,1,1,0.2083333333,True,utc_time_competition_score_high_confidence_name,OK,True,True,True,NO_PUBLIC_XG
202526-0558,LIVE_REFRESH_VERIFIED,False,False,False,OK,1,4813043,163540,1080103,Paide Linnameeskond,Bruno's Magpies,1,0.6923076923,0.8461538462,0,True,unique_utc_time_competition_score_alias,OK,True,True,True,NO_PUBLIC_XG
202526-0287,LIVE_REFRESH_VERIFIED,False,False,False,OK,1,4812373,8428,4662,Häcken,Spartak Trnava,0.8,1,0.9,0,True,utc_time_competition_score_high_confidence_name,OK,True,True,True,NO_PUBLIC_XG
202526-0564,LIVE_REFRESH_VERIFIED,False,False,False,OK,1,4813033,6187,8100,FK Sileks,Decic Tuzi,0.6,1,0.8,0,True,unique_utc_time_competition_score_alias,OK,True,True,True,NO_PUBLIC_XG
202526-0566,LIVE_REFRESH_VERIFIED,False,False,False,OK,1,4813045,561981,8001,CS Petrocub,Birkirkara,0.5714285714,1,0.7857142857,0,True,unique_utc_time_competition_score_alias,OK,True,True,True,NO_PUBLIC_XG
202526-0574,LIVE_REFRESH_VERIFIED,False,False,False,OK,3,4813047,4548,10044,F91 Dudelange,Atletic Escaldes,1,0.9411764706,0.9705882353,0.2179310345,True,utc_time_competition_score_high_confidence_name,OK,True,True,True,NO_PUBLIC_XG
202526-0584,LIVE_REFRESH_VERIFIED,False,False,False,OK,2,4813061,474592,439132,Penybont,FK Kauno Zalgiris,1,1,1,0.2924137931,True,utc_time_competition_score_high_confidence_name,OK,True,True,True,NO_PUBLIC_XG
202526-0588,LIVE_REFRESH_VERIFIED,False,False,False,OK,3,4813039,2194,1580,Haverfordwest,Floriana,0.7878787879,1,0.8939393939,0.1856060606,True,utc_time_competition_score_high_confidence_name,OK,True,True,True,NO_PUBLIC_XG
202526-0297,LIVE_REFRESH_VERIFIED,False,False,False,OK,1,4812378,9731,7986,CFR Cluj,Paksi SE,1,0.7692307692,0.8846153846,0,True,utc_time_competition_score_high_confidence_name,OK,True,True,True,ACCEPTED
202526-0570,LIVE_REFRESH_VERIFIED,False,False,False,OK,1,4813023,5772,10108,Koper,Zeljeznicar,1,0.7096774194,0.8548387097,0,True,utc_time_competition_score_high_confidence_name,OK,True,True,True,NO_PUBLIC_XG
202526-0285,LIVE_REFRESH_VERIFIED,False,False,False,OK,2,4812372,674506,9729,FC Prishtina,FC Sheriff,1,0.6086956522,0.8043478261,0.3511111111,True,separated_utc_time_competition_score_alias,OK,True,True,True,NO_PUBLIC_XG
202526-0289,LIVE_REFRESH_VERIFIED,False,False,False,OK,1,4812374,4622,951893,NK Celje,Sabah FK,1,1,1,0,True,utc_time_competition_score_high_confidence_name,OK,True,True,True,NO_PUBLIC_XG
202526-0293,LIVE_REFRESH_VERIFIED,False,False,False,OK,1,4812376,9754,8632,Hapoel Beer Sheva,Levski Sofia,1,1,1,0,True,utc_time_competition_score_high_confidence_name,OK,True,True,True,NO_PUBLIC_XG
202526-0568,LIVE_REFRESH_VERIFIED,False,False,False,OK,1,4813057,10061,7979,Neman Grodno,Urartu FC,1,1,1,0,True,utc_time_competition_score_high_confidence_name,OK,True,True,True,NO_PUBLIC_XG
202526-0586,LIVE_REFRESH_VERIFIED,False,False,False,OK,2,4813027,10028,112484,Partizani,Nomme JK Kalju,0.72,0.4,0.56,0.3076923077,True,separated_utc_time_competition_score_alias,OK,True,True,True,NO_PUBLIC_XG
202526-0572,LIVE_REFRESH_VERIFIED,False,False,False,OK,3,4813035,10065,2245,Dynamo Brest,Sutjeska,1,0.6956521739,0.847826087,0.2217741935,True,separated_utc_time_competition_score_alias,OK,True,True,True,NO_PUBLIC_XG
202526-0578,LIVE_REFRESH_VERIFIED,False,False,False,OK,1,4813025,8106,162162,Klaksvik,SJK,0.8421052632,0.375,0.6085526316,0,True,unique_utc_time_competition_score_alias,OK,True,True,True,NO_PUBLIC_XG
202526-0590,LIVE_REFRESH_VERIFIED,False,False,False,OK,1,4813051,6017,1273410,Vikingur Reykjavik,Malisheva,1,0.8571428571,0.9285714286,0,True,utc_time_competition_score_high_confidence_name,OK,True,True,True,NO_PUBLIC_XG
202526-0592,LIVE_REFRESH_VERIFIED,False,False,False,OK,3,4813063,1703,631395,Cliftonville,St Joseph's,1,1,1,0.1940740741,True,utc_time_competition_score_high_confidence_name,OK,True,True,True,NO_PUBLIC_XG
202526-0295,LIVE_REFRESH_VERIFIED,False,False,False,OK,2,4812377,7998,7797,Partizan Beograd,AEK Larnaca,0.9090909091,1,0.9545454545,0.3034188034,True,utc_time_competition_score_high_confidence_name,OK,True,True,True,NO_PUBLIC_XG
202526-0576,LIVE_REFRESH_VERIFIED,False,False,False,OK,2,4813058,163541,8041,La Fiorita Montegiardino,FK Vardar Skopje,0.5882352941,1,0.7941176471,0.3095238095,True,separated_utc_time_competition_score_alias,OK,True,True,True,NO_PUBLIC_XG
202526-0051,LIVE_REFRESH_VERIFIED,False,False,False,OK,3,4813899,1693,8037,KuPS,Kairat Almaty,1,1,1,0.1678321678,True,utc_time_competition_score_high_confidence_name,OK,True,True,True,NO_PUBLIC_XG
202526-0035,LIVE_REFRESH_VERIFIED,False,False,False,OK,2,4813891,545012,8687,Lincoln Red Imps FC,FK Crvena Zvezda,1,1,1,0.2571428571,True,utc_time_competition_score_high_confidence_name,OK,True,True,True,NO_PUBLIC_XG
202526-0037,LIVE_REFRESH_VERIFIED,False,False,False,OK,1,4813892,866111,8222,FC Noah,Ferencvaros,1,1,1,0,True,utc_time_competition_score_high_confidence_name,OK,True,True,True,ACCEPTED
202526-0029,LIVE_REFRESH_VERIFIED,False,False,False,OK,2,4813888,248871,10237,RFS,Malmö FF,1,1,1,0.25,True,utc_time_competition_score_high_confidence_name,OK,True,True,True,NO_PUBLIC_XG
202526-0031,LIVE_REFRESH_VERIFIED,False,False,False,OK,2,4813889,4528,8688,Hamrun Spartans,Dynamo Kyiv,1,1,1,0.1755555556,True,utc_time_competition_score_high_confidence_name,OK,True,True,True,NO_PUBLIC_XG
202526-0033,LIVE_REFRESH_VERIFIED,False,False,False,OK,1,4813890,2137,7855,Pafos FC,Maccabi Tel Aviv,1,1,1,0,True,utc_time_competition_score_high_confidence_name,OK,True,True,True,NO_PUBLIC_XG
202526-0041,LIVE_REFRESH_VERIFIED,False,False,False,OK,3,4813894,8391,784771,FC København,Drita,1,1,1,0.2435897436,True,utc_time_competition_score_high_confidence_name,OK,True,True,True,ACCEPTED
202526-0055,LIVE_REFRESH_VERIFIED,False,False,False,OK,2,4813901,6033,9777,Viktoria Plzen,Servette,1,0.6956521739,0.847826087,0.380952381,True,separated_utc_time_competition_score_alias,OK,True,True,True,ACCEPTED
202526-0045,LIVE_REFRESH_VERIFIED,False,False,False,OK,1,4813896,2234,9723,KF Shkendija,FCSB,0.8571428571,1,0.9285714286,0,True,utc_time_competition_score_high_confidence_name,OK,True,True,True,NO_PUBLIC_XG
202526-0047,LIVE_REFRESH_VERIFIED,False,False,False,OK,1,4813897,6019,10107,Slovan Bratislava,Zrinjski Mostar,1,1,1,0,True,utc_time_competition_score_high_confidence_name,OK,True,True,True,NO_PUBLIC_XG
202526-0039,LIVE_REFRESH_VERIFIED,False,False,False,OK,1,4813893,2182,8332,Lech Poznan,Breidablik,1,1,1,0,True,utc_time_competition_score_high_confidence_name,OK,True,True,True,NO_PUBLIC_XG
202526-0603,LIVE_REFRESH_VERIFIED,False,False,False,OK,2,4814707,952668,1580,Ballkani,Floriana,1,1,1,0.1955128205,True,utc_time_competition_score_high_confidence_name,OK,True,True,True,NO_PUBLIC_XG
202526-0043,LIVE_REFRESH_VERIFIED,False,False,False,OK,1,4813895,10162,210173,Rijeka,Ludogorets Razgrad,1,1,1,0,True,utc_time_competition_score_high_confidence_name,OK,True,True,True,NO_PUBLIC_XG
202526-0057,LIVE_REFRESH_VERIFIED,False,False,False,OK,3,4813902,8548,10200,Rangers,Panathinaikos,0.6363636364,1,0.8181818182,0.2064777328,True,separated_utc_time_competition_score_alias,OK,True,True,True,ACCEPTED
202526-0629,LIVE_REFRESH_VERIFIED,False,False,False,OK,6,4814747,577619,10154,Zira,Hajduk Split,1,1,1,0.2843137255,True,utc_time_competition_score_high_confidence_name,OK,True,True,True,NO_PUBLIC_XG
202526-0689,LIVE_REFRESH_VERIFIED,False,False,False,OK,6,4814633,1588,480291,FCI Levadia,Iberia 1999,0.6363636364,1,0.8181818182,0.3028571429,True,separated_utc_time_competition_score_alias,OK,True,True,True,NO_PUBLIC_XG
202526-0053,LIVE_REFRESH_VERIFIED,False,False,False,OK,2,4813900,8468,10013,Brann,Salzburg,0.5882352941,1,0.7941176471,0.1916666667,True,separated_utc_time_competition_score_alias,OK,True,True,True,ACCEPTED
202526-0641,LIVE_REFRESH_VERIFIED,False,False,False,OK,6,4814699,8415,2165,Silkeborg,KA Akureyri,0.8571428571,1,0.9285714286,0.3148148148,True,utc_time_competition_score_high_confidence_name,OK,True,True,True,NO_PUBLIC_XG
202526-0693,LIVE_REFRESH_VERIFIED,False,False,False,OK,3,4814637,7852,7951,TNS,FC Differdange 03,1,1,1,0.1333333333,True,utc_time_competition_score_high_confidence_name,OK,True,True,True,NO_PUBLIC_XG
202526-0695,LIVE_REFRESH_VERIFIED,False,False,False,OK,2,4814639,7872,10050,Olimpija Ljubljana,Inter Club d'Escaldes,1,1,1,0.2788461538,True,utc_time_competition_score_high_confidence_name,OK,True,True,True,NO_PUBLIC_XG
202526-0049,LIVE_REFRESH_VERIFIED,False,False,False,OK,2,4813898,5751,7981,Shelbourne,Qarabag FK,1,1,1,0.1755555556,True,utc_time_competition_score_high_confidence_name,OK,True,True,True,NO_PUBLIC_XG
202526-0697,LIVE_REFRESH_VERIFIED,False,False,False,OK,8,4814641,8627,175682,Buducnost Podgorica,FC Milsami Orhei,1,1,1,0.2877906977,True,utc_time_competition_score_high_confidence_name,OK,True,True,True,NO_PUBLIC_XG
202526-0659,LIVE_REFRESH_VERIFIED,False,False,False,OK,6,4814751,166865,8039,FC Astana,Zimbru,1,0.5714285714,0.7857142857,0.2776470588,True,separated_utc_time_competition_score_alias,OK,True,True,True,NO_PUBLIC_XG
202526-0661,LIVE_REFRESH_VERIFIED,False,False,False,OK,5,4814703,10044,10027,Atletic Escaldes,FC Dinamo City,0.9411764706,0.6666666667,0.8039215686,0.2572944297,True,separated_utc_time_competition_score_alias,OK,True,True,True,NO_PUBLIC_XG
202526-0657,LIVE_REFRESH_VERIFIED,False,False,False,OK,5,4814739,163540,8349,Paide Linnameeskond,AIK,1,1,1,0.3935483871,True,utc_time_competition_score_high_confidence_name,OK,True,True,True,NO_PUBLIC_XG
202526-0609,LIVE_REFRESH_VERIFIED,False,False,False,OK,1,4814745,631395,4131,St Joseph's,Shamrock Rovers,1,1,1,0,True,utc_time_competition_score_high_confidence_name,OK,True,True,True,NO_PUBLIC_XG
202526-0615,LIVE_REFRESH_VERIFIED,False,False,False,OK,6,4814721,439132,8064,FK Kauno Zalgiris,Valur,1,0.5,0.75,0.3612040134,True,separated_utc_time_competition_score_alias,OK,True,True,True,NO_PUBLIC_XG
202526-0619,LIVE_REFRESH_VERIFIED,False,False,False,OK,1,4814673,162146,10229,Ilves,AZ Alkmaar,0.5555555556,1,0.7777777778,0,True,unique_utc_time_competition_score_alias,OK,True,True,True,NO_PUBLIC_XG
202526-0633,LIVE_REFRESH_VERIFIED,False,False,False,OK,8,4814711,6345,5755,Pyunik,Györi ETO,0.6,1,0.8,0.3418803419,True,separated_utc_time_competition_score_alias,OK,True,True,True,NO_PUBLIC_XG
202526-0637,LIVE_REFRESH_VERIFIED,False,False,False,OK,5,4814671,8040,4662,Hibernians,Spartak Trnava,1,1,1,0.3048433048,True,utc_time_competition_score_high_confidence_name,OK,True,True,True,NO_PUBLIC_XG
202526-0639,LIVE_REFRESH_VERIFIED,False,False,False,OK,8,4814749,944173,9861,Arda Kardzhali,HJK,1,0.4,0.7,0.3611111111,True,separated_utc_time_competition_score_alias,OK,True,True,True,NO_PUBLIC_XG
202526-0649,LIVE_REFRESH_VERIFIED,False,False,False,OK,8,4814675,8000,10247,Aktobe,Sparta Prague,1,0.8,0.9,0.3757763975,True,utc_time_competition_score_high_confidence_name,OK,True,True,True,NO_PUBLIC_XG
202526-0651,LIVE_REFRESH_VERIFIED,False,False,False,OK,1,4814701,8422,169157,Rosenborg,Banga Gargzdai,0.8571428571,1,0.9285714286,0,True,utc_time_competition_score_high_confidence_name,OK,True,True,True,NO_PUBLIC_XG
202526-0673,LIVE_REFRESH_VERIFIED,False,False,False,OK,8,4814717,866109,89022,Ararat Armenia,Universitatea Cluj,1,1,1,0.3205128205,True,utc_time_competition_score_high_confidence_name,OK,True,True,True,NO_PUBLIC_XG
202526-0677,LIVE_REFRESH_VERIFIED,False,False,False,OK,1,4814743,2136,355346,Aris Limassol,Puskas FC Academy,1,0.8275862069,0.9137931034,0,True,utc_time_competition_score_high_confidence_name,OK,True,True,True,NO_PUBLIC_XG
202526-0681,LIVE_REFRESH_VERIFIED,False,False,False,OK,8,4814757,485832,8239,Araz PFK,Aris Thessaloniki FC,0.5217391304,1,0.7608695652,0.3385714286,True,separated_utc_time_competition_score_alias,OK,True,True,True,NO_PUBLIC_XG
202526-0691,LIVE_REFRESH_VERIFIED,False,False,False,OK,8,4814635,4616,7971,Zalgiris Vilnius,Linfield,1,0.6666666667,0.8333333333,0.2628571429,True,separated_utc_time_competition_score_alias,OK,True,True,True,NO_PUBLIC_XG
202526-0304,LIVE_REFRESH_VERIFIED,False,False,False,OK,1,4814308,6362,8673,Banik Ostrava,Legia Warszawa,1,0.9230769231,0.9615384615,0,True,utc_time_competition_score_high_confidence_name,OK,True,True,True,NO_PUBLIC_XG
202526-0308,LIVE_REFRESH_VERIFIED,False,False,False,OK,1,4814310,9729,9908,FC Sheriff,FC Utrecht,0.6086956522,1,0.8043478261,0,True,unique_utc_time_competition_score_alias,OK,True,True,True,ACCEPTED
202526-0613,LIVE_REFRESH_VERIFIED,False,False,False,OK,1,4814709,8478,5772,Viking,Koper,0.5454545455,1,0.7727272727,0,True,unique_utc_time_competition_score_alias,OK,True,True,True,NO_PUBLIC_XG
202526-0627,LIVE_REFRESH_VERIFIED,False,False,False,OK,5,4814669,6072,7998,FC Oleksandriya,Partizan Beograd,1,0.9090909091,0.9545454545,0.25,True,utc_time_competition_score_high_confidence_name,OK,True,True,True,NO_PUBLIC_XG
202526-0643,LIVE_REFRESH_VERIFIED,False,False,False,OK,8,4814713,624924,2217,Riga FC,Dila Gori,1,1,1,0.3307692308,True,utc_time_competition_score_high_confidence_name,OK,True,True,True,NO_PUBLIC_XG
202526-0645,LIVE_REFRESH_VERIFIED,False,False,False,OK,8,4814725,8248,9986,Hammarby,Sporting Charleroi,0.8421052632,0.6666666667,0.7543859649,0.2711111111,True,separated_utc_time_competition_score_alias,OK,True,True,True,NO_PUBLIC_XG
202526-0663,LIVE_REFRESH_VERIFIED,False,False,False,OK,5,4814665,561981,951893,CS Petrocub,Sabah FK,0.5714285714,1,0.7857142857,0.3194444444,True,separated_utc_time_competition_score_alias,OK,True,True,True,NO_PUBLIC_XG
202526-0665,LIVE_REFRESH_VERIFIED,False,False,False,OK,5,4814729,187854,1957,Novi Pazar,Jagiellonia Bialystok,1,1,1,0.3063973064,True,utc_time_competition_score_high_confidence_name,OK,True,True,True,NO_PUBLIC_XG
202526-0675,LIVE_REFRESH_VERIFIED,False,False,False,OK,5,4814731,1181312,10042,Polissya Zhytomyr,FC Santa Coloma,1,1,1,0.3048433048,True,utc_time_competition_score_high_confidence_name,OK,True,True,True,NO_PUBLIC_XG
202526-0683,LIVE_REFRESH_VERIFIED,False,False,False,OK,6,4814759,8044,2216,Omonia Nicosia,Torpedo Kutaisi,1,1,1,0.315270936,True,utc_time_competition_score_high_confidence_name,OK,True,True,True,NO_PUBLIC_XG
202526-0685,LIVE_REFRESH_VERIFIED,False,False,False,OK,3,4814761,10141,1933,Cherno More Varna,Başakşehir,1,0.6896551724,0.8448275862,0.2337662338,True,separated_utc_time_competition_score_alias,OK,True,True,True,NO_PUBLIC_XG
202526-0302,LIVE_REFRESH_VERIFIED,False,False,False,OK,2,4814307,8632,10264,Levski Sofia,Braga,1,0.5263157895,0.7631578947,0.202020202,True,separated_utc_time_competition_score_alias,OK,True,True,True,NO_PUBLIC_XG
202526-0310,LIVE_REFRESH_VERIFIED,False,False,False,OK,2,4814311,8113,10251,FC Midtjylland,Hibernian,1,1,1,0.2625,True,utc_time_competition_score_high_confidence_name,OK,True,True,True,ACCEPTED
202526-0631,LIVE_REFRESH_VERIFIED,False,False,False,OK,3,4814697,9824,4615,FC Vaduz,Dungannon Swifts,1,1,1,0.2062937063,True,utc_time_competition_score_high_confidence_name,OK,True,True,True,NO_PUBLIC_XG
202526-0300,LIVE_REFRESH_VERIFIED,False,False,False,OK,2,4814306,4622,7797,NK Celje,AEK Larnaca,1,1,1,0.2625,True,utc_time_competition_score_high_confidence_name,OK,True,True,True,NO_PUBLIC_XG
202526-0306,LIVE_REFRESH_VERIFIED,False,False,False,OK,1,4814309,8635,8428,Anderlecht,Häcken,1,0.8,0.9,0,True,utc_time_competition_score_high_confidence_name,OK,True,True,True,NO_PUBLIC_XG
202526-0312,LIVE_REFRESH_VERIFIED,False,False,False,OK,1,4814312,10188,9728,Beşiktaş,Shakhtar Donetsk,1,1,1,0,True,utc_time_competition_score_high_confidence_name,OK,True,True,True,ACCEPTED
202526-0605,LIVE_REFRESH_VERIFIED,False,False,False,OK,8,4814719,10165,1567,NK Varazdin,Santa Clara,1,0.88,0.94,0.4160714286,True,utc_time_competition_score_high_confidence_name,OK,True,True,True,NO_PUBLIC_XG
202526-0621,LIVE_REFRESH_VERIFIED,False,False,False,OK,1,4869580,969268,10061,FC Kosice,Neman Grodno,1,1,1,0,True,utc_time_competition_score_high_confidence_name,OK,True,True,True,NO_PUBLIC_XG
202526-0623,LIVE_REFRESH_VERIFIED,False,False,False,OK,6,4814663,8563,9754,AEK Athens,Hapoel Beer Sheva,1,1,1,0.311844078,True,utc_time_competition_score_high_confidence_name,OK,True,True,True,NO_PUBLIC_XG
202526-0625,LIVE_REFRESH_VERIFIED,False,False,False,OK,6,4814667,7986,8340,Paksi SE,Maribor,0.7692307692,1,0.8846153846,0.2875457875,True,utc_time_competition_score_high_confidence_name,OK,True,True,True,NO_PUBLIC_XG
202526-0655,LIVE_REFRESH_VERIFIED,False,False,False,OK,8,4814727,1675,8106,FK Radnicki 1923,Klaksvik,1,0.8421052632,0.9210526316,0.251596424,True,utc_time_competition_score_high_confidence_name,OK,True,True,True,NO_PUBLIC_XG
202526-0679,LIVE_REFRESH_VERIFIED,False,False,False,OK,6,4814755,10072,10185,Torpedo Zhodino,Maccabi Haifa,1,1,1,0.3662207358,True,utc_time_competition_score_high_confidence_name,OK,True,True,True,NO_PUBLIC_XG
202526-0298,LIVE_REFRESH_VERIFIED,False,False,False,OK,2,4814305,7896,9731,Lugano,CFR Cluj,1,1,1,0.188034188,True,utc_time_competition_score_high_confidence_name,OK,True,True,True,ACCEPTED
202526-0607,LIVE_REFRESH_VERIFIED,False,False,False,OK,8,4814733,8041,7730,FK Vardar Skopje,Lausanne,1,0.6956521739,0.847826087,0.3827838828,True,separated_utc_time_competition_score_alias,OK,True,True,True,NO_PUBLIC_XG
202526-0635,LIVE_REFRESH_VERIFIED,False,False,False,OK,8,4814723,10034,6017,Vllaznia,Vikingur Reykjavik,0.6666666667,1,0.8333333333,0.3527851459,True,separated_utc_time_competition_score_alias,OK,True,True,True,NO_PUBLIC_XG
202526-0671,LIVE_REFRESH_VERIFIED,False,False,False,OK,1,4814705,10011,1328532,Austria Wien,Spaeri,1,0.6,0.8,0,True,unique_utc_time_competition_score_alias,OK,True,True,True,NO_PUBLIC_XG
202526-0687,LIVE_REFRESH_VERIFIED,False,False,False,OK,5,4814763,2245,8173,Sutjeska,Beitar Jerusalem,0.6956521739,1,0.847826087,0.2933333333,True,separated_utc_time_competition_score_alias,OK,True,True,True,NO_PUBLIC_XG
202526-0601,LIVE_REFRESH_VERIFIED,False,False,False,OK,6,4814693,9938,271923,Dundee United,Una Strassen,1,1,1,0.1869565217,True,utc_time_competition_score_high_confidence_name,OK,True,True,True,NO_PUBLIC_XG
202526-0617,LIVE_REFRESH_VERIFIED,False,False,False,OK,6,4814735,6652,8595,HB Torshavn,Brøndby IF,1,1,1,0.3662207358,True,utc_time_competition_score_high_confidence_name,OK,True,True,True,NO_PUBLIC_XG
202526-0647,LIVE_REFRESH_VERIFIED,False,False,False,OK,6,4814737,1854,112484,St. Patrick's Athletic,Nomme JK Kalju,1,0.4,0.7,0.3686635945,True,separated_utc_time_competition_score_alias,OK,True,True,True,NO_PUBLIC_XG
202526-0699,LIVE_REFRESH_VERIFIED,False,False,False,OK,5,4814643,10058,10039,Dinamo Minsk,Egnatia,1,0.56,0.78,0.3308823529,True,separated_utc_time_competition_score_alias,OK,True,True,True,NO_PUBLIC_XG
202526-0611,LIVE_REFRESH_VERIFIED,False,False,False,OK,8,4814661,2206,674506,Larne,FC Prishtina,1,1,1,0.3760683761,True,utc_time_competition_score_high_confidence_name,OK,True,True,True,NO_PUBLIC_XG
202526-0653,LIVE_REFRESH_VERIFIED,False,False,False,OK,1,4814715,4024,6022,Raków Częstochowa,Zilina,1,0.75,0.875,0,True,utc_time_competition_score_high_confidence_name,OK,True,True,True,NO_PUBLIC_XG
202526-0667,LIVE_REFRESH_VERIFIED,False,False,False,OK,8,4814741,10105,480286,FK Sarajevo,Universitatea Craiova,1,1,1,0.40625,True,utc_time_competition_score_high_confidence_name,OK,True,True,True,NO_PUBLIC_XG
202526-0669,LIVE_REFRESH_VERIFIED,False,False,False,OK,5,4814753,8100,10015,Decic Tuzi,Rapid Wien,1,1,1,0.2994652406,True,utc_time_competition_score_high_confidence_name,OK,True,True,True,NO_PUBLIC_XG
202526-0052,LIVE_REFRESH_VERIFIED,False,False,False,OK,2,4813914,8037,1693,Kairat Almaty,KuPS,1,1,1,0.2412280702,True,utc_time_competition_score_high_confidence_name,OK,True,True,True,NO_PUBLIC_XG
202526-0690,LIVE_REFRESH_VERIFIED,False,False,False,OK,1,4814634,480291,1588,Iberia 1999,FCI Levadia,1,0.6363636364,0.8181818182,0,True,unique_utc_time_competition_score_alias,OK,True,True,True,NO_PUBLIC_XG
202526-0032,LIVE_REFRESH_VERIFIED,False,False,False,OK,2,4813904,8688,4528,Dynamo Kyiv,Hamrun Spartans,1,1,1,0.1469298246,True,utc_time_competition_score_high_confidence_name,OK,True,True,True,NO_PUBLIC_XG
202526-0042,LIVE_REFRESH_VERIFIED,False,False,False,OK,3,4813909,784771,8391,Drita,FC København,1,1,1,0.3333333333,True,utc_time_competition_score_high_confidence_name,OK,True,True,True,ACCEPTED
202526-0694,LIVE_REFRESH_VERIFIED,False,False,False,OK,1,4814638,7951,7852,FC Differdange 03,TNS,1,1,1,0,True,utc_time_competition_score_high_confidence_name,OK,True,True,True,NO_PUBLIC_XG
202526-0696,LIVE_REFRESH_VERIFIED,False,False,False,OK,1,4814640,10050,7872,Inter Club d'Escaldes,Olimpija Ljubljana,1,1,1,0,True,utc_time_competition_score_high_confidence_name,OK,True,True,True,NO_PUBLIC_XG
202526-0036,LIVE_REFRESH_VERIFIED,False,False,False,OK,1,4813906,8687,545012,FK Crvena Zvezda,Lincoln Red Imps FC,1,1,1,0,True,utc_time_competition_score_high_confidence_name,OK,True,True,True,NO_PUBLIC_XG
202526-0048,LIVE_REFRESH_VERIFIED,False,False,False,OK,1,4813912,10107,6019,Zrinjski Mostar,Slovan Bratislava,1,1,1,0,True,utc_time_competition_score_high_confidence_name,OK,True,True,True,NO_PUBLIC_XG
202526-0050,LIVE_REFRESH_VERIFIED,False,False,False,OK,2,4813913,7981,5751,Qarabag FK,Shelbourne,1,1,1,0.1435897436,True,utc_time_competition_score_high_confidence_name,OK,True,True,True,NO_PUBLIC_XG
202526-0030,LIVE_REFRESH_VERIFIED,False,False,False,OK,2,4813903,10237,248871,Malmö FF,RFS,1,1,1,0.1435897436,True,utc_time_competition_score_high_confidence_name,OK,True,True,True,NO_PUBLIC_XG
202526-0044,LIVE_REFRESH_VERIFIED,False,False,False,OK,1,4813910,210173,10162,Ludogorets Razgrad,Rijeka,1,1,1,0,True,utc_time_competition_score_high_confidence_name,OK,True,True,True,NO_PUBLIC_XG
202526-0046,LIVE_REFRESH_VERIFIED,False,False,False,OK,1,4813911,9723,2234,FCSB,KF Shkendija,1,0.8571428571,0.9285714286,0,True,utc_time_competition_score_high_confidence_name,OK,True,True,True,NO_PUBLIC_XG
202526-0034,LIVE_REFRESH_VERIFIED,False,False,False,OK,3,4813905,7855,2137,Maccabi Tel Aviv,Pafos FC,1,1,1,0.2403846154,True,utc_time_competition_score_high_confidence_name,OK,True,True,True,NO_PUBLIC_XG
202526-0038,LIVE_REFRESH_VERIFIED,False,False,False,OK,1,4813907,8222,866111,Ferencvaros,FC Noah,1,1,1,0,True,utc_time_competition_score_high_confidence_name,OK,True,True,True,ACCEPTED
202526-0058,LIVE_REFRESH_VERIFIED,False,False,False,OK,2,4813917,10200,8548,Panathinaikos,Rangers,1,0.6363636364,0.8181818182,0.1976190476,True,separated_utc_time_competition_score_alias,OK,True,True,True,ACCEPTED
202526-0040,LIVE_REFRESH_VERIFIED,False,False,False,OK,3,4813908,8332,2182,Breidablik,Lech Poznan,1,1,1,0.35,True,utc_time_competition_score_high_confidence_name,OK,True,True,True,NO_PUBLIC_XG
202526-0054,LIVE_REFRESH_VERIFIED,False,False,False,OK,2,4813915,10013,8468,Salzburg,Brann,1,0.5882352941,0.7941176471,0.3107769424,True,separated_utc_time_competition_score_alias,OK,True,True,True,ACCEPTED
202526-0056,LIVE_REFRESH_VERIFIED,False,False,False,OK,1,4813916,9777,6033,Servette,Viktoria Plzen,0.6956521739,1,0.847826087,0,True,unique_utc_time_competition_score_alias,OK,True,True,True,ACCEPTED
202526-0638,LIVE_REFRESH_VERIFIED,False,False,False,OK,1,4814672,4662,8040,Spartak Trnava,Hibernians,1,1,1,0,True,utc_time_competition_score_high_confidence_name,OK,True,True,True,NO_PUBLIC_XG
202526-0634,LIVE_REFRESH_VERIFIED,False,False,False,OK,2,4814712,5755,6345,Györi ETO,Pyunik,1,0.6,0.8,0.2033333333,True,separated_utc_time_competition_score_alias,OK,True,True,True,NO_PUBLIC_XG
202526-0640,LIVE_REFRESH_VERIFIED,False,False,False,OK,3,4814750,9861,944173,HJK,Arda Kardzhali,0.4,1,0.7,0.4686520376,True,separated_utc_time_competition_score_alias,OK,True,True,True,NO_PUBLIC_XG
202526-0644,LIVE_REFRESH_VERIFIED,False,False,False,OK,1,4814714,2217,624924,Dila Gori,Riga FC,1,1,1,0,True,utc_time_competition_score_high_confidence_name,OK,True,True,True,NO_PUBLIC_XG
202526-0652,LIVE_REFRESH_VERIFIED,False,False,False,OK,3,4814702,169157,8422,Banga Gargzdai,Rosenborg,1,0.8571428571,0.9285714286,0.2228571429,True,utc_time_competition_score_high_confidence_name,OK,True,True,True,NO_PUBLIC_XG
202526-0664,LIVE_REFRESH_VERIFIED,False,False,False,OK,1,4814666,951893,561981,Sabah FK,CS Petrocub,1,0.5714285714,0.7857142857,0,True,unique_utc_time_competition_score_alias,OK,True,True,True,NO_PUBLIC_XG
202526-0672,LIVE_REFRESH_VERIFIED,False,False,False,OK,1,4814706,1328532,10011,Spaeri,Austria Wien,0.6,1,0.8,0,True,unique_utc_time_competition_score_alias,OK,True,True,True,NO_PUBLIC_XG
202526-0676,LIVE_REFRESH_VERIFIED,False,False,False,OK,1,4814732,10042,1181312,FC Santa Coloma,Polissya Zhytomyr,1,1,1,0,True,utc_time_competition_score_high_confidence_name,OK,True,True,True,NO_PUBLIC_XG
202526-0301,LIVE_REFRESH_VERIFIED,False,False,False,OK,3,4814314,7797,4622,AEK Larnaca,NK Celje,1,1,1,0.24,True,utc_time_competition_score_high_confidence_name,OK,True,True,True,NO_PUBLIC_XG
202526-0620,LIVE_REFRESH_VERIFIED,False,False,False,OK,2,4814674,10229,162146,AZ Alkmaar,Ilves,1,0.5555555556,0.7777777778,0.188034188,True,separated_utc_time_competition_score_alias,OK,True,True,True,NO_PUBLIC_XG
202526-0648,LIVE_REFRESH_VERIFIED,False,False,False,OK,3,4814738,112484,1854,Nomme JK Kalju,St. Patrick's Athletic,0.4,1,0.7,0.210591133,True,separated_utc_time_competition_score_alias,OK,True,True,True,NO_PUBLIC_XG
202526-0307,LIVE_REFRESH_VERIFIED,False,False,False,OK,3,4814317,8428,8635,Häcken,Anderlecht,0.8,1,0.9,0.4,True,utc_time_competition_score_high_confidence_name,OK,True,True,True,NO_PUBLIC_XG
202526-0602,LIVE_REFRESH_VERIFIED,False,False,False,OK,1,4814694,271923,9938,Una Strassen,Dundee United,1,1,1,0,True,utc_time_competition_score_high_confidence_name,OK,True,True,True,NO_PUBLIC_XG
202526-0658,LIVE_REFRESH_VERIFIED,False,False,False,OK,1,4814740,8349,163540,AIK,Paide Linnameeskond,1,1,1,0,True,utc_time_competition_score_high_confidence_name,OK,True,True,True,NO_PUBLIC_XG
202526-0660,LIVE_REFRESH_VERIFIED,False,False,False,OK,3,4814752,8039,166865,Zimbru,FC Astana,0.5714285714,1,0.7857142857,0.2022988506,True,separated_utc_time_competition_score_alias,OK,True,True,True,NO_PUBLIC_XG
202526-0674,LIVE_REFRESH_VERIFIED,False,False,False,OK,3,4814718,89022,866109,Universitatea Cluj,Ararat Armenia,1,1,1,0.2810559006,True,utc_time_competition_score_high_confidence_name,OK,True,True,True,NO_PUBLIC_XG
202526-0684,LIVE_REFRESH_VERIFIED,False,False,False,OK,1,4814760,2216,8044,Torpedo Kutaisi,Omonia Nicosia,1,1,1,0,True,utc_time_competition_score_high_confidence_name,OK,True,True,True,NO_PUBLIC_XG
202526-0698,LIVE_REFRESH_VERIFIED,False,False,False,OK,2,4814642,175682,8627,FC Milsami Orhei,Buducnost Podgorica,1,1,1,0.1269565217,True,utc_time_competition_score_high_confidence_name,OK,True,True,True,NO_PUBLIC_XG
202526-0299,LIVE_REFRESH_VERIFIED,False,False,False,OK,2,4814313,9731,7896,CFR Cluj,Lugano,1,1,1,0.188034188,True,utc_time_competition_score_high_confidence_name,OK,True,True,True,ACCEPTED
202526-0618,LIVE_REFRESH_VERIFIED,False,False,False,OK,3,4814736,8595,6652,Brøndby IF,HB Torshavn,1,1,1,0.2046035806,True,utc_time_competition_score_high_confidence_name,OK,True,True,True,NO_PUBLIC_XG
202526-0668,LIVE_REFRESH_VERIFIED,False,False,False,OK,4,4814742,480286,10105,Universitatea Craiova,FK Sarajevo,1,1,1,0.3193277311,True,utc_time_competition_score_high_confidence_name,OK,True,True,True,NO_PUBLIC_XG
202526-0688,LIVE_REFRESH_VERIFIED,False,False,False,OK,1,4814764,8173,2245,Beitar Jerusalem,Sutjeska,1,0.6956521739,0.847826087,0,True,unique_utc_time_competition_score_alias,OK,True,True,True,NO_PUBLIC_XG
202526-0686,LIVE_REFRESH_VERIFIED,False,False,False,OK,4,4814762,1933,10141,Başakşehir,Cherno More Varna,0.6896551724,1,0.8448275862,0.295,True,separated_utc_time_competition_score_alias,OK,True,True,True,NO_PUBLIC_XG
202526-0309,LIVE_REFRESH_VERIFIED,False,False,False,OK,1,4814318,9908,9729,FC Utrecht,FC Sheriff,1,0.6086956522,0.8043478261,0,True,unique_utc_time_competition_score_alias,OK,True,True,True,ACCEPTED
202526-0313,LIVE_REFRESH_VERIFIED,False,False,False,OK,1,4814320,9728,10188,Shakhtar Donetsk,Beşiktaş,1,1,1,0,True,utc_time_competition_score_high_confidence_name,OK,True,True,True,ACCEPTED
202526-0606,LIVE_REFRESH_VERIFIED,False,False,False,OK,2,4814720,1567,10165,Santa Clara,NK Varazdin,0.88,1,0.94,0.1704545455,True,utc_time_competition_score_high_confidence_name,OK,True,True,True,NO_PUBLIC_XG
202526-0612,LIVE_REFRESH_VERIFIED,False,False,False,OK,5,4814662,674506,2206,FC Prishtina,Larne,1,1,1,0.4660633484,True,utc_time_competition_score_high_confidence_name,OK,True,True,True,NO_PUBLIC_XG
202526-0614,LIVE_REFRESH_VERIFIED,False,False,False,OK,1,4814710,5772,8478,Koper,Viking,1,0.5454545455,0.7727272727,0,True,unique_utc_time_competition_score_alias,OK,True,True,True,NO_PUBLIC_XG
202526-0622,LIVE_REFRESH_VERIFIED,False,False,False,OK,5,4869581,10061,969268,Neman Grodno,FC Kosice,1,1,1,0.4962406015,True,utc_time_competition_score_high_confidence_name,OK,True,True,True,NO_PUBLIC_XG
202526-0624,LIVE_REFRESH_VERIFIED,False,False,False,OK,3,4814664,9754,8563,Hapoel Beer Sheva,AEK Athens,1,1,1,0.3616071429,True,utc_time_competition_score_high_confidence_name,OK,True,True,True,NO_PUBLIC_XG
202526-0626,LIVE_REFRESH_VERIFIED,False,False,False,OK,5,4814668,8340,7986,Maribor,Paksi SE,1,0.7692307692,0.8846153846,0.4832535885,True,utc_time_competition_score_high_confidence_name,OK,True,True,True,NO_PUBLIC_XG
202526-0642,LIVE_REFRESH_VERIFIED,False,False,False,OK,1,4814700,2165,8415,KA Akureyri,Silkeborg,1,0.8571428571,0.9285714286,0,True,utc_time_competition_score_high_confidence_name,OK,True,True,True,NO_PUBLIC_XG
202526-0646,LIVE_REFRESH_VERIFIED,False,False,False,OK,3,4814726,9986,8248,Sporting Charleroi,Hammarby,0.6666666667,0.8421052632,0.7543859649,0.3028571429,True,separated_utc_time_competition_score_alias,OK,True,True,True,NO_PUBLIC_XG
202526-0650,LIVE_REFRESH_VERIFIED,False,False,False,OK,4,4814676,10247,8000,Sparta Prague,Aktobe,0.8,1,0.9,0.354978355,True,utc_time_competition_score_high_confidence_name,OK,True,True,True,NO_PUBLIC_XG
202526-0678,LIVE_REFRESH_VERIFIED,False,False,False,OK,3,4814744,355346,2136,Puskas FC Academy,Aris Limassol,0.8275862069,1,0.9137931034,0.3087774295,True,utc_time_competition_score_high_confidence_name,OK,True,True,True,NO_PUBLIC_XG
202526-0680,LIVE_REFRESH_VERIFIED,False,False,False,OK,1,4814756,10185,10072,Maccabi Haifa,Torpedo Zhodino,1,1,1,0,True,utc_time_competition_score_high_confidence_name,OK,True,True,True,NO_PUBLIC_XG
202526-0608,LIVE_REFRESH_VERIFIED,False,False,False,OK,2,4814734,7730,8041,Lausanne,FK Vardar Skopje,0.6956521739,1,0.847826087,0.2711111111,True,separated_utc_time_competition_score_alias,OK,True,True,True,NO_PUBLIC_XG
202526-0666,LIVE_REFRESH_VERIFIED,False,False,False,OK,2,4814730,1957,187854,Jagiellonia Bialystok,Novi Pazar,1,1,1,0.205,True,utc_time_competition_score_high_confidence_name,OK,True,True,True,NO_PUBLIC_XG
202526-0682,LIVE_REFRESH_VERIFIED,False,False,False,OK,3,4814758,8239,485832,Aris Thessaloniki FC,Araz PFK,1,0.5217391304,0.7608695652,0.3068965517,True,separated_utc_time_competition_score_alias,OK,True,True,True,NO_PUBLIC_XG
202526-0616,LIVE_REFRESH_VERIFIED,False,False,False,OK,3,4814722,8064,439132,Valur,FK Kauno Zalgiris,0.5,1,0.75,0.2586580087,True,separated_utc_time_competition_score_alias,OK,True,True,True,NO_PUBLIC_XG
202526-0654,LIVE_REFRESH_VERIFIED,False,False,False,OK,1,4814716,6022,4024,Zilina,Raków Częstochowa,0.75,1,0.875,0,True,utc_time_competition_score_high_confidence_name,OK,True,True,True,NO_PUBLIC_XG
202526-0670,LIVE_REFRESH_VERIFIED,False,False,False,OK,2,4814754,10015,8100,Rapid Wien,Decic Tuzi,1,1,1,0.1626984127,True,utc_time_competition_score_high_confidence_name,OK,True,True,True,NO_PUBLIC_XG
202526-0604,LIVE_REFRESH_VERIFIED,False,False,False,OK,5,4814708,1580,952668,Floriana,Ballkani,1,1,1,0.3891402715,True,utc_time_competition_score_high_confidence_name,OK,True,True,True,NO_PUBLIC_XG
202526-0632,LIVE_REFRESH_VERIFIED,False,False,False,OK,1,4814698,4615,9824,Dungannon Swifts,FC Vaduz,1,1,1,0,True,utc_time_competition_score_high_confidence_name,OK,True,True,True,NO_PUBLIC_XG
202526-0636,LIVE_REFRESH_VERIFIED,False,False,False,OK,2,4814724,6017,10034,Vikingur Reykjavik,Vllaznia,1,0.6666666667,0.8333333333,0.1840659341,True,separated_utc_time_competition_score_alias,OK,True,True,True,NO_PUBLIC_XG
202526-0656,LIVE_REFRESH_VERIFIED,False,False,False,OK,3,4814728,8106,1675,Klaksvik,FK Radnicki 1923,0.8421052632,1,0.9210526316,0.2311111111,True,utc_time_competition_score_high_confidence_name,OK,True,True,True,NO_PUBLIC_XG
202526-0662,LIVE_REFRESH_VERIFIED,False,False,False,OK,5,4814704,10027,10044,FC Dinamo City,Atletic Escaldes,0.6666666667,0.9411764706,0.8039215686,0.285,True,separated_utc_time_competition_score_alias,OK,True,True,True,NO_PUBLIC_XG
202526-0692,LIVE_REFRESH_VERIFIED,False,False,False,OK,2,4814636,7971,4616,Linfield,Zalgiris Vilnius,0.6666666667,1,0.8333333333,0.1990740741,True,separated_utc_time_competition_score_alias,OK,True,True,True,NO_PUBLIC_XG
202526-0303,LIVE_REFRESH_VERIFIED,False,False,False,OK,2,4814315,10264,8632,Braga,Levski Sofia,0.5263157895,1,0.7631578947,0.202020202,True,separated_utc_time_competition_score_alias,OK,True,True,True,NO_PUBLIC_XG
202526-0305,LIVE_REFRESH_VERIFIED,False,False,False,OK,3,4814316,8673,6362,Legia Warszawa,Banik Ostrava,0.9230769231,1,0.9615384615,0.1859903382,True,utc_time_competition_score_high_confidence_name,OK,True,True,True,NO_PUBLIC_XG
202526-0311,LIVE_REFRESH_VERIFIED,False,False,False,OK,1,4814319,10251,8113,Hibernian,FC Midtjylland,1,1,1,0,True,utc_time_competition_score_high_confidence_name,OK,True,True,True,ACCEPTED
202526-0610,LIVE_REFRESH_VERIFIED,False,False,False,OK,3,4814746,4131,631395,Shamrock Rovers,St Joseph's,1,1,1,0.2327731092,True,utc_time_competition_score_high_confidence_name,OK,True,True,True,NO_PUBLIC_XG
202526-0628,LIVE_REFRESH_VERIFIED,False,False,False,OK,4,4814670,7998,6072,Partizan Beograd,FC Oleksandriya,0.9090909091,1,0.9545454545,0.4111111111,True,utc_time_competition_score_high_confidence_name,OK,True,True,True,NO_PUBLIC_XG
202526-0630,LIVE_REFRESH_VERIFIED,False,False,False,OK,2,4814748,10154,577619,Hajduk Split,Zira,1,1,1,0.1669565217,True,utc_time_competition_score_high_confidence_name,OK,True,True,True,NO_PUBLIC_XG
202526-0700,LIVE_REFRESH_VERIFIED,False,False,False,OK,3,4814644,10039,10058,Egnatia,Dinamo Minsk,0.56,1,0.78,0.1969230769,True,separated_utc_time_competition_score_alias,OK,True,True,True,NO_PUBLIC_XG
202526-0059,LIVE_REFRESH_VERIFIED,False,False,False,OK,2,4885130,10237,8391,Malmö FF,FC København,1,1,1,0.1884615385,True,utc_time_competition_score_high_confidence_name,OK,True,True,True,ACCEPTED
202526-0334,LIVE_REFRESH_VERIFIED,False,False,False,OK,3,4885165,4528,7855,Hamrun Spartans,Maccabi Tel Aviv,1,1,1,0.1245421245,True,utc_time_competition_score_high_confidence_name,OK,True,True,True,NO_PUBLIC_XG
202526-0067,LIVE_REFRESH_VERIFIED,False,False,False,OK,3,4885134,8688,2137,Dynamo Kyiv,Pafos FC,1,1,1,0.1702898551,True,utc_time_competition_score_high_confidence_name,OK,True,True,True,NO_PUBLIC_XG
202526-0069,LIVE_REFRESH_VERIFIED,False,False,False,OK,3,4885135,2234,7981,KF Shkendija,Qarabag FK,0.8571428571,1,0.9285714286,0.2714932127,True,utc_time_competition_score_high_confidence_name,OK,True,True,True,NO_PUBLIC_XG
202526-0073,LIVE_REFRESH_VERIFIED,False,False,False,OK,1,4885137,8548,6033,Rangers,Viktoria Plzen,0.6363636364,1,0.8181818182,0,True,unique_utc_time_competition_score_alias,OK,True,True,True,NO_PUBLIC_XG
202526-0703,LIVE_REFRESH_VERIFIED,False,False,False,OK,1,4885210,8106,10061,Klaksvik,Neman Grodno,0.8421052632,1,0.9210526316,0,True,utc_time_competition_score_high_confidence_name,OK,True,True,True,NO_PUBLIC_XG
202526-0061,LIVE_REFRESH_VERIFIED,False,False,False,OK,1,4885131,8037,6019,Kairat Almaty,Slovan Bratislava,1,1,1,0,True,utc_time_competition_score_high_confidence_name,OK,True,True,True,NO_PUBLIC_XG
202526-0071,LIVE_REFRESH_VERIFIED,False,False,False,OK,3,4885136,10013,8342,Salzburg,Club Brugge,1,1,1,0.2538461538,True,utc_time_competition_score_high_confidence_name,OK,True,True,True,ACCEPTED
202526-0332,LIVE_REFRESH_VERIFIED,False,False,False,OK,4,4885163,248871,1693,RFS,KuPS,1,1,1,0.1825396825,True,utc_time_competition_score_high_confidence_name,OK,True,True,True,NO_PUBLIC_XG
202526-0065,LIVE_REFRESH_VERIFIED,False,False,False,OK,2,4885133,210173,8222,Ludogorets Razgrad,Ferencvaros,1,1,1,0.2653846154,True,utc_time_competition_score_high_confidence_name,OK,True,True,True,ACCEPTED
202526-0063,LIVE_REFRESH_VERIFIED,False,False,False,OK,1,4885132,2182,8687,Lech Poznan,FK Crvena Zvezda,1,1,1,0,True,utc_time_competition_score_high_confidence_name,OK,True,True,True,ACCEPTED
202526-0330,LIVE_REFRESH_VERIFIED,False,False,False,OK,4,4885161,10162,5751,Rijeka,Shelbourne,1,1,1,0.2761904762,True,utc_time_competition_score_high_confidence_name,OK,True,True,True,NO_PUBLIC_XG
202526-0075,LIVE_REFRESH_VERIFIED,False,False,False,OK,1,4885138,9831,9772,Nice,Benfica,0.6666666667,1,0.8333333333,0,True,unique_utc_time_competition_score_alias,OK,True,True,True,ACCEPTED
202526-0077,LIVE_REFRESH_VERIFIED,False,False,False,OK,1,4885139,10235,8695,Feyenoord,Fenerbahçe,1,1,1,0,True,utc_time_competition_score_high_confidence_name,OK,True,True,True,ACCEPTED
202526-0316,LIVE_REFRESH_VERIFIED,False,False,False,OK,2,4885173,8417,8113,Fredrikstad,FC Midtjylland,1,1,1,0.2134502924,True,utc_time_competition_score_high_confidence_name,OK,True,True,True,ACCEPTED
202526-0328,LIVE_REFRESH_VERIFIED,False,False,False,OK,2,4885159,545012,866111,Lincoln Red Imps FC,FC Noah,1,1,1,0.2004608295,True,utc_time_competition_score_high_confidence_name,OK,True,True,True,NO_PUBLIC_XG
202526-0717,LIVE_REFRESH_VERIFIED,False,False,False,OK,1,4885219,485832,8044,Araz PFK,Omonia Nicosia,0.5217391304,1,0.7608695652,0,True,unique_utc_time_competition_score_alias,OK,True,True,True,NO_PUBLIC_XG
202526-0735,LIVE_REFRESH_VERIFIED,False,False,False,OK,2,4885217,2136,8563,Aris Limassol,AEK Athens,1,1,1,0.347826087,True,utc_time_competition_score_high_confidence_name,OK,True,True,True,NO_PUBLIC_XG
202526-0747,LIVE_REFRESH_VERIFIED,False,False,False,OK,2,4885229,8422,8248,Rosenborg,Hammarby,0.8571428571,0.8421052632,0.8496240602,0.1777777778,True,utc_time_competition_score_high_confidence_name,OK,True,True,True,NO_PUBLIC_XG
202526-0751,LIVE_REFRESH_VERIFIED,False,False,False,OK,3,4885231,439132,944173,FK Kauno Zalgiris,Arda Kardzhali,1,1,1,0.2867383513,True,utc_time_competition_score_high_confidence_name,OK,True,True,True,NO_PUBLIC_XG
202526-0755,LIVE_REFRESH_VERIFIED,False,False,False,OK,1,4885203,175682,163539,FC Milsami Orhei,Virtus Acquaviva,1,0.5454545455,0.7727272727,0,True,unique_utc_time_competition_score_alias,OK,True,True,True,NO_PUBLIC_XG
202526-0314,LIVE_REFRESH_VERIFIED,False,False,False,OK,1,4885171,7797,8673,AEK Larnaca,Legia Warszawa,1,0.9230769231,0.9615384615,0,True,utc_time_competition_score_high_confidence_name,OK,True,True,True,ACCEPTED
202526-0318,LIVE_REFRESH_VERIFIED,False,False,False,OK,3,4885175,9731,10264,CFR Cluj,Braga,1,0.5263157895,0.7631578947,0.3095238095,True,separated_utc_time_competition_score_alias,OK,True,True,True,NO_PUBLIC_XG
202526-0745,LIVE_REFRESH_VERIFIED,False,False,False,OK,1,4885228,6362,10011,Banik Ostrava,Austria Wien,1,1,1,0,True,utc_time_competition_score_high_confidence_name,OK,True,True,True,NO_PUBLIC_XG
202526-0324,LIVE_REFRESH_VERIFIED,False,False,False,OK,1,4885181,8428,8468,Häcken,Brann,0.8,0.5882352941,0.6941176471,0,True,unique_utc_time_competition_score_alias,OK,True,True,True,NO_PUBLIC_XG
202526-0707,LIVE_REFRESH_VERIFIED,False,False,False,OK,1,4885218,8478,1933,Viking,Başakşehir,0.5454545455,0.6896551724,0.6175548589,0,True,unique_utc_time_competition_score_alias,OK,True,True,True,NO_PUBLIC_XG
202526-0709,LIVE_REFRESH_VERIFIED,False,False,False,OK,3,4885222,8349,5755,AIK,Györi ETO,1,1,1,0.2,True,utc_time_competition_score_high_confidence_name,OK,True,True,True,NO_PUBLIC_XG
202526-0713,LIVE_REFRESH_VERIFIED,False,False,False,OK,6,4885211,624924,8173,Riga FC,Beitar Jerusalem,1,1,1,0.2533333333,True,utc_time_competition_score_high_confidence_name,OK,True,True,True,NO_PUBLIC_XG
202526-0741,LIVE_REFRESH_VERIFIED,False,False,False,OK,3,4885226,8415,1957,Silkeborg,Jagiellonia Bialystok,0.8571428571,1,0.9285714286,0.2160243408,True,utc_time_competition_score_high_confidence_name,OK,True,True,True,NO_PUBLIC_XG
202526-0320,LIVE_REFRESH_VERIFIED,False,False,False,OK,2,4885177,8619,1954,PAOK Thessaloniki FC,Wolfsberger AC,1,1,1,0.3074074074,True,utc_time_competition_score_high_confidence_name,OK,True,True,True,ACCEPTED
202526-0326,LIVE_REFRESH_VERIFIED,False,False,False,OK,2,4885183,10200,9728,Panathinaikos,Shakhtar Donetsk,1,1,1,0.3444444444,True,utc_time_competition_score_high_confidence_name,OK,True,True,True,NO_PUBLIC_XG
202526-0336,LIVE_REFRESH_VERIFIED,False,False,False,OK,2,4885167,10107,8332,Zrinjski Mostar,Breidablik,1,1,1,0.168202765,True,utc_time_competition_score_high_confidence_name,OK,True,True,True,NO_PUBLIC_XG
202526-0705,LIVE_REFRESH_VERIFIED,False,False,False,OK,6,4885214,8635,9729,Anderlecht,FC Sheriff,1,0.6086956522,0.8043478261,0.3612903226,True,separated_utc_time_competition_score_alias,OK,True,True,True,NO_PUBLIC_XG
202526-0711,LIVE_REFRESH_VERIFIED,False,False,False,OK,1,4885207,10247,866109,Sparta Prague,Ararat Armenia,0.8,1,0.9,0,True,utc_time_competition_score_high_confidence_name,OK,True,True,True,NO_PUBLIC_XG
202526-0721,LIVE_REFRESH_VERIFIED,False,False,False,OK,6,4885208,10229,9824,AZ Alkmaar,FC Vaduz,1,1,1,0.234295416,True,utc_time_competition_score_high_confidence_name,OK,True,True,True,NO_PUBLIC_XG
202526-0729,LIVE_REFRESH_VERIFIED,False,False,False,OK,6,4885224,1181312,7986,Polissya Zhytomyr,Paksi SE,1,0.7692307692,0.8846153846,0.2894736842,True,utc_time_competition_score_high_confidence_name,OK,True,True,True,NO_PUBLIC_XG
202526-0739,LIVE_REFRESH_VERIFIED,False,False,False,OK,2,4885225,8632,951893,Levski Sofia,Sabah FK,1,1,1,0.25,True,utc_time_competition_score_high_confidence_name,OK,True,True,True,NO_PUBLIC_XG
202526-0753,LIVE_REFRESH_VERIFIED,False,False,False,OK,2,4885202,7872,10039,Olimpija Ljubljana,Egnatia,1,0.56,0.78,0.1894586895,True,separated_utc_time_competition_score_alias,OK,True,True,True,NO_PUBLIC_XG
202526-0757,LIVE_REFRESH_VERIFIED,False,False,False,OK,1,4885204,7951,1588,FC Differdange 03,FCI Levadia,1,0.6363636364,0.8181818182,0,True,unique_utc_time_competition_score_alias,OK,True,True,True,NO_PUBLIC_XG
202526-0759,LIVE_REFRESH_VERIFIED,False,False,False,OK,3,4885205,4666,7971,Vikingur,Linfield,1,0.6666666667,0.8333333333,0.1981481481,True,separated_utc_time_competition_score_alias,OK,True,True,True,NO_PUBLIC_XG
202526-0715,LIVE_REFRESH_VERIFIED,False,False,False,OK,1,4885215,7730,166865,Lausanne,FC Astana,0.6956521739,1,0.847826087,0,True,unique_utc_time_competition_score_alias,OK,True,True,True,NO_PUBLIC_XG
202526-0322,LIVE_REFRESH_VERIFIED,False,False,False,OK,2,4885179,9777,9908,Servette,FC Utrecht,0.6956521739,1,0.847826087,0.1324786325,True,separated_utc_time_competition_score_alias,OK,True,True,True,ACCEPTED
202526-0338,LIVE_REFRESH_VERIFIED,False,False,False,OK,1,4885169,9723,784771,FCSB,Drita,1,1,1,0,True,utc_time_competition_score_high_confidence_name,OK,True,True,True,NO_PUBLIC_XG
202526-0719,LIVE_REFRESH_VERIFIED,False,False,False,OK,6,4885223,480286,4662,Universitatea Craiova,Spartak Trnava,1,1,1,0.3133971292,True,utc_time_competition_score_high_confidence_name,OK,True,True,True,NO_PUBLIC_XG
202526-0727,LIVE_REFRESH_VERIFIED,False,False,False,OK,2,4885220,952668,4131,Ballkani,Shamrock Rovers,1,1,1,0.15,True,utc_time_competition_score_high_confidence_name,OK,True,True,True,NO_PUBLIC_XG
202526-0731,LIVE_REFRESH_VERIFIED,False,False,False,OK,1,4885209,7896,4622,Lugano,NK Celje,1,1,1,0,True,utc_time_competition_score_high_confidence_name,OK,True,True,True,NO_PUBLIC_XG
202526-0723,LIVE_REFRESH_VERIFIED,False,False,False,OK,6,4885212,6017,8595,Vikingur Reykjavik,Brøndby IF,1,1,1,0.2836134454,True,utc_time_competition_score_high_confidence_name,OK,True,True,True,NO_PUBLIC_XG
202526-0749,LIVE_REFRESH_VERIFIED,False,False,False,OK,1,4885230,1854,10188,St. Patrick's Athletic,Beşiktaş,1,1,1,0,True,utc_time_competition_score_high_confidence_name,OK,True,True,True,NO_PUBLIC_XG
202526-0701,LIVE_REFRESH_VERIFIED,False,False,False,OK,2,4885206,10015,9938,Rapid Wien,Dundee United,1,1,1,0.1304347826,True,utc_time_competition_score_high_confidence_name,OK,True,True,True,NO_PUBLIC_XG
202526-0725,LIVE_REFRESH_VERIFIED,False,False,False,OK,1,4885216,2206,1567,Larne,Santa Clara,1,0.88,0.94,0,True,utc_time_competition_score_high_confidence_name,OK,True,True,True,NO_PUBLIC_XG
202526-0733,LIVE_REFRESH_VERIFIED,False,False,False,OK,3,4885213,10154,10027,Hajduk Split,FC Dinamo City,1,0.6666666667,0.8333333333,0.2509803922,True,separated_utc_time_competition_score_alias,OK,True,True,True,NO_PUBLIC_XG
202526-0737,LIVE_REFRESH_VERIFIED,False,False,False,OK,3,4885221,4024,10185,Raków Częstochowa,Maccabi Haifa,1,1,1,0.2867383513,True,utc_time_competition_score_high_confidence_name,OK,True,True,True,NO_PUBLIC_XG
202526-0743,LIVE_REFRESH_VERIFIED,False,False,False,OK,1,4885227,7998,10251,Partizan Beograd,Hibernian,0.9090909091,1,0.9545454545,0,True,utc_time_competition_score_high_confidence_name,OK,True,True,True,NO_PUBLIC_XG
202526-0070,LIVE_REFRESH_VERIFIED,False,False,False,OK,1,4885145,7981,2234,Qarabag FK,KF Shkendija,1,0.8571428571,0.9285714286,0,True,utc_time_competition_score_high_confidence_name,OK,True,True,True,NO_PUBLIC_XG
202526-0060,LIVE_REFRESH_VERIFIED,False,False,False,OK,1,4885140,8391,10237,FC København,Malmö FF,1,1,1,0,True,utc_time_competition_score_high_confidence_name,OK,True,True,True,ACCEPTED
202526-0068,LIVE_REFRESH_VERIFIED,False,False,False,OK,2,4885144,2137,8688,Pafos FC,Dynamo Kyiv,1,1,1,0.2166666667,True,utc_time_competition_score_high_confidence_name,OK,True,True,True,NO_PUBLIC_XG
202526-0074,LIVE_REFRESH_VERIFIED,False,False,False,OK,1,4885147,6033,8548,Viktoria Plzen,Rangers,1,0.6363636364,0.8181818182,0,True,unique_utc_time_competition_score_alias,OK,True,True,True,ACCEPTED
202526-0078,LIVE_REFRESH_VERIFIED,False,False,False,OK,1,4885149,8695,10235,Fenerbahçe,Feyenoord,1,1,1,0,True,utc_time_competition_score_high_confidence_name,OK,True,True,True,ACCEPTED
202526-0072,LIVE_REFRESH_VERIFIED,False,False,False,OK,2,4885146,8342,10013,Club Brugge,Salzburg,1,1,1,0.2,True,utc_time_competition_score_high_confidence_name,OK,True,True,True,ACCEPTED
202526-0062,LIVE_REFRESH_VERIFIED,False,False,False,OK,1,4885141,6019,8037,Slovan Bratislava,Kairat Almaty,1,1,1,0,True,utc_time_competition_score_high_confidence_name,OK,True,True,True,ACCEPTED
202526-0066,LIVE_REFRESH_VERIFIED,False,False,False,OK,2,4885143,8222,210173,Ferencvaros,Ludogorets Razgrad,1,1,1,0.2053571429,True,utc_time_competition_score_high_confidence_name,OK,True,True,True,ACCEPTED
202526-0331,LIVE_REFRESH_VERIFIED,False,False,False,OK,1,4885162,5751,10162,Shelbourne,Rijeka,1,1,1,0,True,utc_time_competition_score_high_confidence_name,OK,True,True,True,NO_PUBLIC_XG
202526-0064,LIVE_REFRESH_VERIFIED,False,False,False,OK,1,4885142,8687,2182,FK Crvena Zvezda,Lech Poznan,1,1,1,0,True,utc_time_competition_score_high_confidence_name,OK,True,True,True,NO_PUBLIC_XG
202526-0076,LIVE_REFRESH_VERIFIED,False,False,False,OK,2,4885148,9772,9831,Benfica,Nice,1,0.6666666667,0.8333333333,0.2412280702,True,separated_utc_time_competition_score_alias,OK,True,True,True,ACCEPTED
202526-0708,LIVE_REFRESH_VERIFIED,False,False,False,OK,3,4885248,1933,8478,Başakşehir,Viking,0.6896551724,0.5454545455,0.6175548589,0.404894327,True,separated_utc_time_competition_score_alias,OK,True,True,True,NO_PUBLIC_XG
202526-0716,LIVE_REFRESH_VERIFIED,False,False,False,OK,3,4885245,166865,7730,FC Astana,Lausanne,1,0.6956521739,0.847826087,0.367003367,True,separated_utc_time_competition_score_alias,OK,True,True,True,NO_PUBLIC_XG
202526-0333,LIVE_REFRESH_VERIFIED,False,False,False,OK,1,4885164,1693,248871,KuPS,RFS,1,1,1,0,True,utc_time_competition_score_high_confidence_name,OK,True,True,True,NO_PUBLIC_XG
202526-0317,LIVE_REFRESH_VERIFIED,False,False,False,OK,2,4885174,8113,8417,FC Midtjylland,Fredrikstad,1,1,1,0.1677631579,True,utc_time_competition_score_high_confidence_name,OK,True,True,True,ACCEPTED
202526-0712,LIVE_REFRESH_VERIFIED,False,False,False,OK,1,4885237,866109,10247,Ararat Armenia,Sparta Prague,1,0.8,0.9,0,True,utc_time_competition_score_high_confidence_name,OK,True,True,True,NO_PUBLIC_XG
202526-0740,LIVE_REFRESH_VERIFIED,False,False,False,OK,3,4885255,951893,8632,Sabah FK,Levski Sofia,1,1,1,0.3727272727,True,utc_time_competition_score_high_confidence_name,OK,True,True,True,NO_PUBLIC_XG
202526-0758,LIVE_REFRESH_VERIFIED,False,False,False,OK,1,4885234,1588,7951,FCI Levadia,FC Differdange 03,0.6363636364,1,0.8181818182,0,True,unique_utc_time_competition_score_alias,OK,True,True,True,NO_PUBLIC_XG
202526-0321,LIVE_REFRESH_VERIFIED,False,False,False,OK,2,4885178,1954,8619,Wolfsberger AC,PAOK Thessaloniki FC,1,1,1,0.2989130435,True,utc_time_competition_score_high_confidence_name,OK,True,True,True,ACCEPTED
202526-0325,LIVE_REFRESH_VERIFIED,False,False,False,OK,2,4885182,8468,8428,Brann,Häcken,0.5882352941,0.8,0.6941176471,0.4096989967,True,separated_utc_time_competition_score_alias,OK,True,True,True,NO_PUBLIC_XG
202526-0329,LIVE_REFRESH_VERIFIED,False,False,False,OK,2,4885160,866111,545012,FC Noah,Lincoln Red Imps FC,1,1,1,0.1879310345,True,utc_time_competition_score_high_confidence_name,OK,True,True,True,NO_PUBLIC_XG
202526-0706,LIVE_REFRESH_VERIFIED,False,False,False,OK,3,4885244,9729,8635,FC Sheriff,Anderlecht,0.6086956522,1,0.8043478261,0.3090062112,True,separated_utc_time_competition_score_alias,OK,True,True,True,NO_PUBLIC_XG
202526-0710,LIVE_REFRESH_VERIFIED,False,False,False,OK,4,4885252,5755,8349,Györi ETO,AIK,1,1,1,0.3977272727,True,utc_time_competition_score_high_confidence_name,OK,True,True,True,NO_PUBLIC_XG
202526-0718,LIVE_REFRESH_VERIFIED,False,False,False,OK,1,4885249,8044,485832,Omonia Nicosia,Araz PFK,1,0.5217391304,0.7608695652,0,True,unique_utc_time_competition_score_alias,OK,True,True,True,NO_PUBLIC_XG
202526-0730,LIVE_REFRESH_VERIFIED,False,False,False,OK,1,4885254,7986,1181312,Paksi SE,Polissya Zhytomyr,0.7692307692,1,0.8846153846,0,True,utc_time_competition_score_high_confidence_name,OK,True,True,True,NO_PUBLIC_XG
202526-0748,LIVE_REFRESH_VERIFIED,False,False,False,OK,2,4885259,8248,8422,Hammarby,Rosenborg,0.8421052632,0.8571428571,0.8496240602,0.1079545455,True,utc_time_competition_score_high_confidence_name,OK,True,True,True,NO_PUBLIC_XG
202526-0337,LIVE_REFRESH_VERIFIED,False,False,False,OK,1,4885168,8332,10107,Breidablik,Zrinjski Mostar,1,1,1,0,True,utc_time_competition_score_high_confidence_name,OK,True,True,True,NO_PUBLIC_XG
202526-0714,LIVE_REFRESH_VERIFIED,False,False,False,OK,3,4885241,8173,624924,Beitar Jerusalem,Riga FC,1,1,1,0.3303167421,True,utc_time_competition_score_high_confidence_name,OK,True,True,True,NO_PUBLIC_XG
202526-0722,LIVE_REFRESH_VERIFIED,False,False,False,OK,2,4885238,9824,10229,FC Vaduz,AZ Alkmaar,1,1,1,0.1295546559,True,utc_time_competition_score_high_confidence_name,OK,True,True,True,NO_PUBLIC_XG
202526-0724,LIVE_REFRESH_VERIFIED,False,False,False,OK,2,4885242,8595,6017,Brøndby IF,Vikingur Reykjavik,1,1,1,0.1184615385,True,utc_time_competition_score_high_confidence_name,OK,True,True,True,NO_PUBLIC_XG
202526-0752,LIVE_REFRESH_VERIFIED,False,False,False,OK,4,4885261,944173,439132,Arda Kardzhali,FK Kauno Zalgiris,1,1,1,0.2517482517,True,utc_time_competition_score_high_confidence_name,OK,True,True,True,NO_PUBLIC_XG
202526-0323,LIVE_REFRESH_VERIFIED,False,False,False,OK,2,4885180,9908,9777,FC Utrecht,Servette,1,0.6956521739,0.847826087,0.163003663,True,separated_utc_time_competition_score_alias,OK,True,True,True,ACCEPTED
202526-0327,LIVE_REFRESH_VERIFIED,False,False,False,OK,2,4885184,9728,10200,Shakhtar Donetsk,Panathinaikos,1,1,1,0.1879310345,True,utc_time_competition_score_high_confidence_name,OK,True,True,True,ACCEPTED
202526-0335,LIVE_REFRESH_VERIFIED,False,False,False,OK,1,4885166,7855,4528,Maccabi Tel Aviv,Hamrun Spartans,1,1,1,0,True,utc_time_competition_score_high_confidence_name,OK,True,True,True,NO_PUBLIC_XG
202526-0339,LIVE_REFRESH_VERIFIED,False,False,False,OK,1,4885170,784771,9723,Drita,FCSB,1,1,1,0,True,utc_time_competition_score_high_confidence_name,OK,True,True,True,ACCEPTED
202526-0704,LIVE_REFRESH_VERIFIED,False,False,False,OK,4,4885240,10061,8106,Neman Grodno,Klaksvik,1,0.8421052632,0.9210526316,0.3392857143,True,utc_time_competition_score_high_confidence_name,OK,True,True,True,NO_PUBLIC_XG
202526-0732,LIVE_REFRESH_VERIFIED,False,False,False,OK,2,4885239,4622,7896,NK Celje,Lugano,1,1,1,0.25,True,utc_time_competition_score_high_confidence_name,OK,True,True,True,NO_PUBLIC_XG
202526-0736,LIVE_REFRESH_VERIFIED,False,False,False,OK,3,4885247,8563,2136,AEK Athens,Aris Limassol,1,1,1,0.3303167421,True,utc_time_competition_score_high_confidence_name,OK,True,True,True,NO_PUBLIC_XG
202526-0738,LIVE_REFRESH_VERIFIED,False,False,False,OK,3,4885251,10185,4024,Maccabi Haifa,Raków Częstochowa,1,1,1,0.2378947368,True,utc_time_competition_score_high_confidence_name,OK,True,True,True,NO_PUBLIC_XG
202526-0750,LIVE_REFRESH_VERIFIED,False,False,False,OK,1,4885260,10188,1854,Beşiktaş,St. Patrick's Athletic,1,1,1,0,True,utc_time_competition_score_high_confidence_name,OK,True,True,True,NO_PUBLIC_XG
202526-0742,LIVE_REFRESH_VERIFIED,False,False,False,OK,2,4885256,1957,8415,Jagiellonia Bialystok,Silkeborg,1,0.8571428571,0.9285714286,0.2085561497,True,utc_time_competition_score_high_confidence_name,OK,True,True,True,NO_PUBLIC_XG
202526-0319,LIVE_REFRESH_VERIFIED,False,False,False,OK,2,4885176,10264,9731,Braga,CFR Cluj,0.5263157895,1,0.7631578947,0.1852631579,True,separated_utc_time_competition_score_alias,OK,True,True,True,ACCEPTED
202526-0720,LIVE_REFRESH_VERIFIED,False,False,False,OK,1,4885253,4662,480286,Spartak Trnava,Universitatea Craiova,1,1,1,0,True,utc_time_competition_score_high_confidence_name,OK,True,True,True,NO_PUBLIC_XG
202526-0702,LIVE_REFRESH_VERIFIED,False,False,False,OK,2,4885236,9938,10015,Dundee United,Rapid Wien,1,1,1,0.1702786378,True,utc_time_competition_score_high_confidence_name,OK,True,True,True,NO_PUBLIC_XG
202526-0734,LIVE_REFRESH_VERIFIED,False,False,False,OK,3,4885243,10027,10154,FC Dinamo City,Hajduk Split,0.6666666667,1,0.8333333333,0.2034782609,True,separated_utc_time_competition_score_alias,OK,True,True,True,NO_PUBLIC_XG
202526-0760,LIVE_REFRESH_VERIFIED,False,False,False,OK,4,4885235,7971,4666,Linfield,Vikingur,0.6666666667,1,0.8333333333,0.2946428571,True,separated_utc_time_competition_score_alias,OK,True,True,True,NO_PUBLIC_XG
202526-0315,LIVE_REFRESH_VERIFIED,False,False,False,OK,2,4885172,8673,7797,Legia Warszawa,AEK Larnaca,0.9230769231,1,0.9615384615,0.1578947368,True,utc_time_competition_score_high_confidence_name,OK,True,True,True,ACCEPTED
202526-0726,LIVE_REFRESH_VERIFIED,False,False,False,OK,1,4885246,1567,2206,Santa Clara,Larne,0.88,1,0.94,0,True,utc_time_competition_score_high_confidence_name,OK,True,True,True,NO_PUBLIC_XG
202526-0728,LIVE_REFRESH_VERIFIED,False,False,False,OK,2,4885250,4131,952668,Shamrock Rovers,Ballkani,1,1,1,0.1569230769,True,utc_time_competition_score_high_confidence_name,OK,True,True,True,NO_PUBLIC_XG
202526-0744,LIVE_REFRESH_VERIFIED,False,False,False,OK,1,4885257,10251,7998,Hibernian,Partizan Beograd,1,0.9090909091,0.9545454545,0,True,utc_time_competition_score_high_confidence_name,OK,True,True,True,NO_PUBLIC_XG
202526-0746,LIVE_REFRESH_VERIFIED,False,False,False,OK,3,4885258,10011,6362,Austria Wien,Banik Ostrava,1,1,1,0.2883295195,True,utc_time_competition_score_high_confidence_name,OK,True,True,True,NO_PUBLIC_XG
202526-0754,LIVE_REFRESH_VERIFIED,False,False,False,OK,2,4885232,10039,7872,Egnatia,Olimpija Ljubljana,0.56,1,0.78,0.2536231884,True,separated_utc_time_competition_score_alias,OK,True,True,True,NO_PUBLIC_XG
202526-0756,LIVE_REFRESH_VERIFIED,False,False,False,OK,1,4885233,163539,175682,Virtus Acquaviva,FC Milsami Orhei,0.5454545455,1,0.7727272727,0,True,unique_utc_time_competition_score_alias,OK,True,True,True,NO_PUBLIC_XG
202526-0079,LIVE_REFRESH_VERIFIED,False,False,False,OK,2,4912068,8222,7981,Ferencvaros,Qarabag FK,1,1,1,0.3205128205,True,utc_time_competition_score_high_confidence_name,OK,True,True,True,ACCEPTED
202526-0081,LIVE_REFRESH_VERIFIED,False,False,False,OK,1,4912070,8687,2137,FK Crvena Zvezda,Pafos FC,1,1,1,0,True,utc_time_competition_score_high_confidence_name,OK,True,True,True,ACCEPTED
202526-0091,LIVE_REFRESH_VERIFIED,False,False,False,OK,2,4912080,8548,8342,Rangers,Club Brugge,0.6363636364,1,0.8181818182,0.2692307692,True,separated_utc_time_competition_score_alias,OK,True,True,True,ACCEPTED
202526-0083,LIVE_REFRESH_VERIFIED,False,False,False,OK,1,4912072,8402,10014,Bodø/Glimt,Sturm Graz,1,1,1,0,True,utc_time_competition_score_high_confidence_name,OK,True,True,True,ACCEPTED
202526-0085,LIVE_REFRESH_VERIFIED,False,False,False,OK,2,4912074,9925,8037,Celtic,Kairat Almaty,1,1,1,0.175,True,utc_time_competition_score_high_confidence_name,OK,True,True,True,ACCEPTED
202526-0087,LIVE_REFRESH_VERIFIED,False,False,False,OK,1,4912076,9931,8391,Basel,FC København,1,1,1,0,True,utc_time_competition_score_high_confidence_name,OK,True,True,True,ACCEPTED
202526-0089,LIVE_REFRESH_VERIFIED,False,False,False,OK,2,4912078,8695,9772,Fenerbahçe,Benfica,1,1,1,0.225,True,utc_time_competition_score_high_confidence_name,OK,True,True,True,ACCEPTED
202526-0791,LIVE_REFRESH_VERIFIED,False,False,False,OK,5,4912653,8422,9905,Rosenborg,Mainz 05,0.8571428571,0.8,0.8285714286,0.2943143813,True,utc_time_competition_score_high_confidence_name,OK,True,True,True,NO_PUBLIC_XG
202526-0354,LIVE_REFRESH_VERIFIED,False,False,False,OK,1,4912257,8113,1693,FC Midtjylland,KuPS,1,1,1,0,True,utc_time_competition_score_high_confidence_name,OK,True,True,True,ACCEPTED
202526-0346,LIVE_REFRESH_VERIFIED,False,False,False,OK,1,4912253,10237,6461,Malmö FF,Sigma Olomouc,1,1,1,0,True,utc_time_competition_score_high_confidence_name,OK,True,True,True,NO_PUBLIC_XG
202526-0360,LIVE_REFRESH_VERIFIED,False,False,False,OK,3,4912260,8468,7797,Brann,AEK Larnaca,0.5882352941,1,0.7941176471,0.2152380952,True,separated_utc_time_competition_score_alias,OK,True,True,True,NO_PUBLIC_XG
202526-0787,LIVE_REFRESH_VERIFIED,False,False,False,OK,5,4912649,5755,10015,Györi ETO,Rapid Wien,1,1,1,0.3205128205,True,utc_time_competition_score_high_confidence_name,OK,True,True,True,NO_PUBLIC_XG
202526-0795,LIVE_REFRESH_VERIFIED,False,False,False,OK,1,4912655,8428,9731,Häcken,CFR Cluj,0.8,1,0.9,0,True,utc_time_competition_score_high_confidence_name,OK,True,True,True,NO_PUBLIC_XG
202526-0797,LIVE_REFRESH_VERIFIED,False,False,False,OK,5,4912656,1954,8044,Wolfsberger AC,Omonia Nicosia,1,1,1,0.3863636364,True,utc_time_competition_score_high_confidence_name,OK,True,True,True,NO_PUBLIC_XG
202526-0799,LIVE_REFRESH_VERIFIED,False,False,False,OK,4,4912633,4528,248871,Hamrun Spartans,RFS,1,1,1,0.315270936,True,utc_time_competition_score_high_confidence_name,OK,True,True,True,NO_PUBLIC_XG
202526-0773,LIVE_REFRESH_VERIFIED,False,False,False,OK,3,4912642,1933,480286,Başakşehir,Universitatea Craiova,0.6896551724,1,0.8448275862,0.3111111111,True,separated_utc_time_competition_score_alias,OK,True,True,True,NO_PUBLIC_XG
202526-0340,LIVE_REFRESH_VERIFIED,False,False,False,OK,1,4912250,7855,8688,Maccabi Tel Aviv,Dynamo Kyiv,1,1,1,0,True,utc_time_competition_score_high_confidence_name,OK,True,True,True,NO_PUBLIC_XG
202526-0342,LIVE_REFRESH_VERIFIED,False,False,False,OK,3,4912251,2234,210173,KF Shkendija,Ludogorets Razgrad,0.8571428571,1,0.9285714286,0.2093596059,True,utc_time_competition_score_high_confidence_name,OK,True,True,True,NO_PUBLIC_XG
202526-0348,LIVE_REFRESH_VERIFIED,False,False,False,OK,3,4912254,10200,9750,Panathinaikos,Samsunspor,1,1,1,0.2619047619,True,utc_time_competition_score_high_confidence_name,OK,True,True,True,ACCEPTED
202526-0358,LIVE_REFRESH_VERIFIED,False,False,False,OK,1,4912259,10107,9908,Zrinjski Mostar,FC Utrecht,1,1,1,0,True,utc_time_competition_score_high_confidence_name,OK,True,True,True,ACCEPTED
202526-0761,LIVE_REFRESH_VERIFIED,False,False,False,OK,1,4912638,9848,8595,Strasbourg,Brøndby IF,0.8695652174,1,0.9347826087,0,True,utc_time_competition_score_high_confidence_name,OK,True,True,True,NO_PUBLIC_XG
202526-0763,LIVE_REFRESH_VERIFIED,False,False,False,OK,3,4912641,8635,8563,Anderlecht,AEK Athens,1,1,1,0.2820512821,True,utc_time_competition_score_high_confidence_name,OK,True,True,True,NO_PUBLIC_XG
202526-0765,LIVE_REFRESH_VERIFIED,False,False,False,OK,4,4912644,4622,6362,NK Celje,Banik Ostrava,1,1,1,0.3135964912,True,utc_time_competition_score_high_confidence_name,OK,True,True,True,NO_PUBLIC_XG
202526-0767,LIVE_REFRESH_VERIFIED,False,False,False,OK,1,4912647,8632,10229,Levski Sofia,AZ Alkmaar,1,1,1,0,True,utc_time_competition_score_high_confidence_name,OK,True,True,True,NO_PUBLIC_XG
202526-0769,LIVE_REFRESH_VERIFIED,False,False,False,OK,1,4912650,10061,8370,Neman Grodno,Rayo Vallecano,1,1,1,0,True,utc_time_competition_score_high_confidence_name,OK,True,True,True,NO_PUBLIC_XG
202526-0777,LIVE_REFRESH_VERIFIED,False,False,False,OK,1,4912648,1181312,8535,Polissya Zhytomyr,Fiorentina,1,1,1,0,True,utc_time_competition_score_high_confidence_name,OK,True,True,True,NO_PUBLIC_XG
202526-0781,LIVE_REFRESH_VERIFIED,False,False,False,OK,3,4912640,9728,9777,Shakhtar Donetsk,Servette,1,0.6956521739,0.847826087,0.2753846154,True,separated_utc_time_competition_score_alias,OK,True,True,True,NO_PUBLIC_XG
202526-0793,LIVE_REFRESH_VERIFIED,False,False,False,OK,1,4912654,10247,624924,Sparta Prague,Riga FC,0.8,1,0.9,0,True,utc_time_competition_score_high_confidence_name,OK,True,True,True,NO_PUBLIC_XG
202526-0803,LIVE_REFRESH_VERIFIED,False,False,False,OK,5,4912635,8332,163539,Breidablik,Virtus Acquaviva,1,0.5454545455,0.7727272727,0.3,True,separated_utc_time_competition_score_alias,OK,True,True,True,NO_PUBLIC_XG
202526-0805,LIVE_REFRESH_VERIFIED,False,False,False,OK,5,4912636,784771,7951,Drita,FC Differdange 03,1,1,1,0.2777777778,True,utc_time_competition_score_high_confidence_name,OK,True,True,True,NO_PUBLIC_XG
202526-0807,LIVE_REFRESH_VERIFIED,False,False,False,OK,1,4912637,7872,866111,Olimpija Ljubljana,FC Noah,1,1,1,0,True,utc_time_competition_score_high_confidence_name,OK,True,True,True,NO_PUBLIC_XG
202526-0344,LIVE_REFRESH_VERIFIED,False,False,False,OK,1,4912252,6019,10192,Slovan Bratislava,Young Boys,1,1,1,0,True,utc_time_competition_score_high_confidence_name,OK,True,True,True,ACCEPTED
202526-0771,LIVE_REFRESH_VERIFIED,False,False,False,OK,1,4912639,1957,10027,Jagiellonia Bialystok,FC Dinamo City,1,0.6666666667,0.8333333333,0,True,unique_utc_time_competition_score_alias,OK,True,True,True,NO_PUBLIC_XG
202526-0779,LIVE_REFRESH_VERIFIED,False,False,False,OK,3,4912651,7730,10188,Lausanne,Beşiktaş,0.6956521739,1,0.847826087,0.3185483871,True,separated_utc_time_competition_score_alias,OK,True,True,True,NO_PUBLIC_XG
202526-0352,LIVE_REFRESH_VERIFIED,False,False,False,OK,1,4912256,2182,9987,Lech Poznan,Genk,1,1,1,0,True,utc_time_competition_score_high_confidence_name,OK,True,True,True,ACCEPTED
202526-0350,LIVE_REFRESH_VERIFIED,False,False,False,OK,1,4912255,8485,9723,Aberdeen,FCSB,1,1,1,0,True,utc_time_competition_score_high_confidence_name,OK,True,True,True,ACCEPTED
202526-0362,LIVE_REFRESH_VERIFIED,False,False,False,OK,1,4912261,10162,8619,Rijeka,PAOK Thessaloniki FC,1,1,1,0,True,utc_time_competition_score_high_confidence_name,OK,True,True,True,ACCEPTED
202526-0801,LIVE_REFRESH_VERIFIED,False,False,False,OK,1,4912634,5751,7971,Shelbourne,Linfield,1,0.6666666667,0.8333333333,0,True,unique_utc_time_competition_score_alias,OK,True,True,True,NO_PUBLIC_XG
202526-0356,LIVE_REFRESH_VERIFIED,False,False,False,OK,1,4912258,545012,10264,Lincoln Red Imps FC,Braga,1,0.5263157895,0.7631578947,0,True,unique_utc_time_competition_score_alias,OK,True,True,True,NO_PUBLIC_XG
202526-0775,LIVE_REFRESH_VERIFIED,False,False,False,OK,4,4912645,4024,944173,Raków Częstochowa,Arda Kardzhali,1,1,1,0.2390572391,True,utc_time_competition_score_high_confidence_name,OK,True,True,True,NO_PUBLIC_XG
202526-0783,LIVE_REFRESH_VERIFIED,False,False,False,OK,4,4912643,9826,8417,Crystal Palace,Fredrikstad,1,1,1,0.3135964912,True,utc_time_competition_score_high_confidence_name,OK,True,True,True,NO_PUBLIC_XG
202526-0785,LIVE_REFRESH_VERIFIED,False,False,False,OK,3,4912646,10251,8673,Hibernian,Legia Warszawa,1,0.9230769231,0.9615384615,0.3397129187,True,utc_time_competition_score_high_confidence_name,OK,True,True,True,NO_PUBLIC_XG
202526-0789,LIVE_REFRESH_VERIFIED,False,False,False,OK,3,4912652,1567,4131,Santa Clara,Shamrock Rovers,0.88,1,0.94,0.2361111111,True,utc_time_competition_score_high_confidence_name,OK,True,True,True,NO_PUBLIC_XG
202526-0086,LIVE_REFRESH_VERIFIED,False,False,False,OK,1,4912075,8037,9925,Kairat Almaty,Celtic,1,1,1,0,True,utc_time_competition_score_high_confidence_name,OK,True,True,True,ACCEPTED
202526-0082,LIVE_REFRESH_VERIFIED,False,False,False,OK,1,4912071,2137,8687,Pafos FC,FK Crvena Zvezda,1,1,1,0,True,utc_time_competition_score_high_confidence_name,OK,True,True,True,ACCEPTED
202526-0084,LIVE_REFRESH_VERIFIED,False,False,False,OK,1,4912073,10014,8402,Sturm Graz,Bodø/Glimt,1,1,1,0,True,utc_time_competition_score_high_confidence_name,OK,True,True,True,ACCEPTED
202526-0361,LIVE_REFRESH_VERIFIED,False,False,False,OK,1,4912272,7797,8468,AEK Larnaca,Brann,1,0.5882352941,0.7941176471,0,True,unique_utc_time_competition_score_alias,OK,True,True,True,ACCEPTED
202526-0080,LIVE_REFRESH_VERIFIED,False,False,False,OK,1,4912069,7981,8222,Qarabag FK,Ferencvaros,1,1,1,0,True,utc_time_competition_score_high_confidence_name,OK,True,True,True,ACCEPTED
202526-0794,LIVE_REFRESH_VERIFIED,False,False,False,OK,3,4912678,624924,10247,Riga FC,Sparta Prague,1,0.8,0.9,0.2415458937,True,utc_time_competition_score_high_confidence_name,OK,True,True,True,NO_PUBLIC_XG
202526-0088,LIVE_REFRESH_VERIFIED,False,False,False,OK,1,4912077,8391,9931,FC København,Basel,1,1,1,0,True,utc_time_competition_score_high_confidence_name,OK,True,True,True,ACCEPTED
202526-0090,LIVE_REFRESH_VERIFIED,False,False,False,OK,1,4912079,9772,8695,Benfica,Fenerbahçe,1,1,1,0,True,utc_time_competition_score_high_confidence_name,OK,True,True,True,ACCEPTED
202526-0092,LIVE_REFRESH_VERIFIED,False,False,False,OK,1,4912081,8342,8548,Club Brugge,Rangers,1,0.6363636364,0.8181818182,0,True,unique_utc_time_competition_score_alias,OK,True,True,True,ACCEPTED
202526-0355,LIVE_REFRESH_VERIFIED,False,False,False,OK,2,4912269,1693,8113,KuPS,FC Midtjylland,1,1,1,0.1640866873,True,utc_time_competition_score_high_confidence_name,OK,True,True,True,ACCEPTED
202526-0784,LIVE_REFRESH_VERIFIED,False,False,False,OK,2,4912667,8417,9826,Fredrikstad,Crystal Palace,1,1,1,0.3938461538,True,utc_time_competition_score_high_confidence_name,OK,True,True,True,NO_PUBLIC_XG
202526-0798,LIVE_REFRESH_VERIFIED,False,False,False,OK,3,4912680,8044,1954,Omonia Nicosia,Wolfsberger AC,1,1,1,0.1944444444,True,utc_time_competition_score_high_confidence_name,OK,True,True,True,NO_PUBLIC_XG
202526-0808,LIVE_REFRESH_VERIFIED,False,False,False,OK,2,4912661,866111,7872,FC Noah,Olimpija Ljubljana,1,1,1,0.2857142857,True,utc_time_competition_score_high_confidence_name,OK,True,True,True,NO_PUBLIC_XG
202526-0347,LIVE_REFRESH_VERIFIED,False,False,False,OK,2,4912265,6461,10237,Sigma Olomouc,Malmö FF,1,1,1,0.1640866873,True,utc_time_competition_score_high_confidence_name,OK,True,True,True,ACCEPTED
202526-0349,LIVE_REFRESH_VERIFIED,False,False,False,OK,2,4912266,9750,10200,Samsunspor,Panathinaikos,1,1,1,0.2962184874,True,utc_time_competition_score_high_confidence_name,OK,True,True,True,ACCEPTED
202526-0780,LIVE_REFRESH_VERIFIED,False,False,False,OK,2,4912675,10188,7730,Beşiktaş,Lausanne,1,0.6956521739,0.847826087,0.1409090909,True,separated_utc_time_competition_score_alias,OK,True,True,True,NO_PUBLIC_XG
202526-0788,LIVE_REFRESH_VERIFIED,False,False,False,OK,2,4912673,10015,5755,Rapid Wien,Györi ETO,1,1,1,0.2714285714,True,utc_time_competition_score_high_confidence_name,OK,True,True,True,NO_PUBLIC_XG
202526-0800,LIVE_REFRESH_VERIFIED,False,False,False,OK,1,4912657,248871,4528,RFS,Hamrun Spartans,1,1,1,0,True,utc_time_competition_score_high_confidence_name,OK,True,True,True,NO_PUBLIC_XG
202526-0343,LIVE_REFRESH_VERIFIED,False,False,False,OK,1,4912263,210173,2234,Ludogorets Razgrad,KF Shkendija,1,0.8571428571,0.9285714286,0,True,utc_time_competition_score_high_confidence_name,OK,True,True,True,ACCEPTED
202526-0363,LIVE_REFRESH_VERIFIED,False,False,False,OK,1,4912273,8619,10162,PAOK Thessaloniki FC,Rijeka,1,1,1,0,True,utc_time_competition_score_high_confidence_name,OK,True,True,True,ACCEPTED
202526-0768,LIVE_REFRESH_VERIFIED,False,False,False,OK,2,4912671,10229,8632,AZ Alkmaar,Levski Sofia,1,1,1,0.2619047619,True,utc_time_competition_score_high_confidence_name,OK,True,True,True,NO_PUBLIC_XG
202526-0774,LIVE_REFRESH_VERIFIED,False,False,False,OK,1,4912666,480286,1933,Universitatea Craiova,Başakşehir,1,0.6896551724,0.8448275862,0,True,unique_utc_time_competition_score_alias,OK,True,True,True,NO_PUBLIC_XG
202526-0796,LIVE_REFRESH_VERIFIED,False,False,False,OK,3,4912679,9731,8428,CFR Cluj,Häcken,1,0.8,0.9,0.2196969697,True,utc_time_competition_score_high_confidence_name,OK,True,True,True,NO_PUBLIC_XG
202526-0341,LIVE_REFRESH_VERIFIED,False,False,False,OK,1,4912262,8688,7855,Dynamo Kyiv,Maccabi Tel Aviv,1,1,1,0,True,utc_time_competition_score_high_confidence_name,OK,True,True,True,NO_PUBLIC_XG
202526-0345,LIVE_REFRESH_VERIFIED,False,False,False,OK,1,4912264,10192,6019,Young Boys,Slovan Bratislava,1,1,1,0,True,utc_time_competition_score_high_confidence_name,OK,True,True,True,ACCEPTED
202526-0353,LIVE_REFRESH_VERIFIED,False,False,False,OK,1,4912268,9987,2182,Genk,Lech Poznan,1,1,1,0,True,utc_time_competition_score_high_confidence_name,OK,True,True,True,ACCEPTED
202526-0359,LIVE_REFRESH_VERIFIED,False,False,False,OK,2,4912271,9908,10107,FC Utrecht,Zrinjski Mostar,1,1,1,0.2962184874,True,utc_time_competition_score_high_confidence_name,OK,True,True,True,ACCEPTED
202526-0762,LIVE_REFRESH_VERIFIED,False,False,False,OK,1,4912662,8595,9848,Brøndby IF,Strasbourg,1,0.8695652174,0.9347826087,0,True,utc_time_competition_score_high_confidence_name,OK,True,True,True,NO_PUBLIC_XG
202526-0764,LIVE_REFRESH_VERIFIED,False,False,False,OK,2,4912665,8563,8635,AEK Athens,Anderlecht,1,1,1,0.2714285714,True,utc_time_competition_score_high_confidence_name,OK,True,True,True,NO_PUBLIC_XG
202526-0766,LIVE_REFRESH_VERIFIED,False,False,False,OK,2,4912668,6362,4622,Banik Ostrava,NK Celje,1,1,1,0.2952380952,True,utc_time_competition_score_high_confidence_name,OK,True,True,True,NO_PUBLIC_XG
202526-0770,LIVE_REFRESH_VERIFIED,False,False,False,OK,1,4912674,8370,10061,Rayo Vallecano,Neman Grodno,1,1,1,0,True,utc_time_competition_score_high_confidence_name,OK,True,True,True,NO_PUBLIC_XG
202526-0776,LIVE_REFRESH_VERIFIED,False,False,False,OK,2,4912669,944173,4024,Arda Kardzhali,Raków Częstochowa,1,1,1,0.196969697,True,utc_time_competition_score_high_confidence_name,OK,True,True,True,NO_PUBLIC_XG
202526-0778,LIVE_REFRESH_VERIFIED,False,False,False,OK,2,4912672,8535,1181312,Fiorentina,Polissya Zhytomyr,1,1,1,0.2857142857,True,utc_time_competition_score_high_confidence_name,OK,True,True,True,NO_PUBLIC_XG
202526-0806,LIVE_REFRESH_VERIFIED,False,False,False,OK,2,4912660,7951,784771,FC Differdange 03,Drita,1,1,1,0.1678321678,True,utc_time_competition_score_high_confidence_name,OK,True,True,True,NO_PUBLIC_XG
202526-0351,LIVE_REFRESH_VERIFIED,False,False,False,OK,1,4912267,9723,8485,FCSB,Aberdeen,1,1,1,0,True,utc_time_competition_score_high_confidence_name,OK,True,True,True,ACCEPTED
202526-0772,LIVE_REFRESH_VERIFIED,False,False,False,OK,1,4912663,10027,1957,FC Dinamo City,Jagiellonia Bialystok,0.6666666667,1,0.8333333333,0,True,unique_utc_time_competition_score_alias,OK,True,True,True,NO_PUBLIC_XG
202526-0802,LIVE_REFRESH_VERIFIED,False,False,False,OK,2,4912658,7971,5751,Linfield,Shelbourne,0.6666666667,1,0.8333333333,0.3379310345,True,separated_utc_time_competition_score_alias,OK,True,True,True,NO_PUBLIC_XG
202526-0357,LIVE_REFRESH_VERIFIED,False,False,False,OK,1,4912270,10264,545012,Braga,Lincoln Red Imps FC,0.5263157895,1,0.7631578947,0,True,unique_utc_time_competition_score_alias,OK,True,True,True,NO_PUBLIC_XG
202526-0782,LIVE_REFRESH_VERIFIED,False,False,False,OK,2,4912664,9777,9728,Servette,Shakhtar Donetsk,0.6956521739,1,0.847826087,0.1901776385,True,separated_utc_time_competition_score_alias,OK,True,True,True,NO_PUBLIC_XG
202526-0786,LIVE_REFRESH_VERIFIED,False,False,False,OK,1,4912670,8673,10251,Legia Warszawa,Hibernian,0.9230769231,1,0.9615384615,0,True,utc_time_competition_score_high_confidence_name,OK,True,True,True,NO_PUBLIC_XG
202526-0790,LIVE_REFRESH_VERIFIED,False,False,False,OK,2,4912676,4131,1567,Shamrock Rovers,Santa Clara,1,0.88,0.94,0.3269230769,True,utc_time_competition_score_high_confidence_name,OK,True,True,True,NO_PUBLIC_XG
202526-0792,LIVE_REFRESH_VERIFIED,False,False,False,OK,2,4912677,9905,8422,Mainz 05,Rosenborg,0.8,0.8571428571,0.8285714286,0.178030303,True,utc_time_competition_score_high_confidence_name,OK,True,True,True,NO_PUBLIC_XG
202526-0804,LIVE_REFRESH_VERIFIED,False,False,False,OK,1,4912659,163539,8332,Virtus Acquaviva,Breidablik,0.5454545455,1,0.7727272727,0,True,unique_utc_time_competition_score_alias,OK,True,True,True,NO_PUBLIC_XG
202526-0093,LIVE_REFRESH_VERIFIED,False,False,False,OK,5,4947178,8315,9825,Athletic Club,Arsenal,0.6956521739,1,0.847826087,0.303030303,True,separated_utc_time_competition_score_alias,OK,True,True,True,ACCEPTED
202526-0094,LIVE_REFRESH_VERIFIED,False,False,False,OK,1,4947237,8640,7978,PSV Eindhoven,Union St.Gilloise,1,0.9189189189,0.9594594595,0,True,utc_time_competition_score_high_confidence_name,OK,True,True,True,ACCEPTED
202526-0095,LIVE_REFRESH_VERIFIED,False,False,False,OK,1,4947134,9885,9789,Juventus,Borussia Dortmund,1,1,1,0,True,utc_time_competition_score_high_confidence_name,OK,True,True,True,ACCEPTED
202526-0096,LIVE_REFRESH_VERIFIED,False,False,False,OK,6,4947120,8633,8592,Real Madrid,Marseille,1,0.6428571429,0.8214285714,0.3890977444,True,separated_utc_time_competition_score_alias,OK,True,True,True,ACCEPTED
202526-0097,LIVE_REFRESH_VERIFIED,False,False,False,OK,1,4947188,9772,7981,Benfica,Qarabag FK,1,1,1,0,True,utc_time_competition_score_high_confidence_name,OK,True,True,True,ACCEPTED
202526-0098,LIVE_REFRESH_VERIFIED,False,False,False,OK,2,4947209,8586,10205,Tottenham Hotspur,Villarreal,1,1,1,0.265795207,True,utc_time_competition_score_high_confidence_name,OK,True,True,True,ACCEPTED
202526-0099,LIVE_REFRESH_VERIFIED,False,False,False,OK,3,4947230,8638,2137,Olympiacos,Pafos FC,0.6428571429,1,0.8214285714,0.2866666667,True,separated_utc_time_competition_score_alias,OK,True,True,True,ACCEPTED
202526-0100,LIVE_REFRESH_VERIFIED,False,False,False,OK,3,4947222,7787,8402,Slavia Prague,Bodø/Glimt,0.8,1,0.9,0.2152380952,True,utc_time_competition_score_high_confidence_name,OK,True,True,True,ACCEPTED
202526-0101,LIVE_REFRESH_VERIFIED,False,False,False,OK,5,4947129,8593,8636,Ajax,Inter,1,0.5263157895,0.7631578947,0.2738095238,True,separated_utc_time_competition_score_alias,OK,True,True,True,ACCEPTED
202526-0102,LIVE_REFRESH_VERIFIED,False,False,False,OK,3,4947101,9823,8455,Bayern München,Chelsea,1,1,1,0.3128342246,True,utc_time_competition_score_high_confidence_name,OK,True,True,True,ACCEPTED
202526-0103,LIVE_REFRESH_VERIFIED,False,False,False,OK,1,4947139,8650,9906,Liverpool,Atletico Madrid,1,1,1,0,True,utc_time_competition_score_high_confidence_name,OK,True,True,True,ACCEPTED
202526-0104,LIVE_REFRESH_VERIFIED,False,False,False,OK,2,4947154,9847,8524,Paris Saint-Germain,Atalanta,1,1,1,0.2287581699,True,utc_time_competition_score_high_confidence_name,OK,True,True,True,ACCEPTED
202526-0105,LIVE_REFRESH_VERIFIED,False,False,False,OK,2,4947192,8342,9829,Club Brugge,Monaco,1,0.8,0.9,0.2994652406,True,utc_time_competition_score_high_confidence_name,OK,True,True,True,ACCEPTED
202526-0106,LIVE_REFRESH_VERIFIED,False,False,False,OK,3,4947172,8391,8178,FC København,Bayer Leverkusen,1,1,1,0.3272727273,True,utc_time_competition_score_high_confidence_name,OK,True,True,True,ACCEPTED
202526-0107,LIVE_REFRESH_VERIFIED,False,False,False,OK,1,4947197,9810,8637,Eintracht Frankfurt,Galatasaray,1,1,1,0,True,utc_time_competition_score_high_confidence_name,OK,True,True,True,ACCEPTED
202526-0108,LIVE_REFRESH_VERIFIED,False,False,False,OK,1,4947162,8456,9875,Manchester City,Napoli,1,1,1,0,True,utc_time_competition_score_high_confidence_name,OK,True,True,True,ACCEPTED
202526-0109,LIVE_REFRESH_VERIFIED,False,False,False,OK,1,4947153,10261,8634,Newcastle United,Barcelona,1,1,1,0,True,utc_time_competition_score_high_confidence_name,OK,True,True,True,ACCEPTED
202526-0110,LIVE_REFRESH_VERIFIED,False,False,False,OK,2,4947226,9768,8037,Sporting CP,Kairat Almaty,0.7586206897,1,0.8793103448,0.1359649123,True,utc_time_competition_score_high_confidence_name,OK,True,True,True,ACCEPTED
202526-0364,LIVE_REFRESH_VERIFIED,False,False,False,OK,1,4947854,8113,10014,FC Midtjylland,Sturm Graz,1,1,1,0,True,utc_time_competition_score_high_confidence_name,OK,True,True,True,ACCEPTED
202526-0365,LIVE_REFRESH_VERIFIED,False,False,False,OK,1,4947825,8619,7855,PAOK Thessaloniki FC,Maccabi Tel Aviv,1,1,1,0,True,utc_time_competition_score_high_confidence_name,OK,True,True,True,ACCEPTED
202526-0366,LIVE_REFRESH_VERIFIED,False,False,False,OK,2,4947817,8687,9925,FK Crvena Zvezda,Celtic,1,1,1,0.2166666667,True,utc_time_competition_score_high_confidence_name,OK,True,True,True,ACCEPTED
202526-0367,LIVE_REFRESH_VERIFIED,False,False,False,OK,1,4947793,10156,8695,Dinamo Zagreb,Fenerbahçe,1,1,1,0,True,utc_time_competition_score_high_confidence_name,OK,True,True,True,ACCEPTED
202526-0368,LIVE_REFRESH_VERIFIED,False,False,False,OK,2,4947899,10237,210173,Malmö FF,Ludogorets Razgrad,1,1,1,0.09090909091,True,utc_time_competition_score_high_confidence_name,OK,True,True,True,ACCEPTED
202526-0369,LIVE_REFRESH_VERIFIED,False,False,False,OK,2,4947876,9831,8686,Nice,Roma,0.6666666667,0.7272727273,0.696969697,0.285,True,separated_utc_time_competition_score_alias,OK,True,True,True,ACCEPTED
202526-0370,LIVE_REFRESH_VERIFIED,False,False,False,OK,1,4947798,8603,10203,Real Betis,Nottingham Forest,1,1,1,0,True,utc_time_competition_score_high_confidence_name,OK,True,True,True,ACCEPTED
202526-0371,LIVE_REFRESH_VERIFIED,False,False,False,OK,2,4947812,10264,10235,Braga,Feyenoord,0.5263157895,1,0.7631578947,0.2225,True,separated_utc_time_competition_score_alias,OK,True,True,True,ACCEPTED
202526-0372,LIVE_REFRESH_VERIFIED,False,False,False,OK,3,4947858,8358,9931,Freiburg,Basel,1,1,1,0.2769230769,True,utc_time_competition_score_high_confidence_name,OK,True,True,True,ACCEPTED
202526-0373,LIVE_REFRESH_VERIFIED,False,False,False,OK,4,4947903,6433,9723,Go Ahead Eagles,FCSB,1,1,1,0.1363636364,True,utc_time_competition_score_high_confidence_name,OK,True,True,True,ACCEPTED
202526-0374,LIVE_REFRESH_VERIFIED,False,False,False,OK,3,4947787,8639,8468,Lille,Brann,0.7142857143,0.5882352941,0.6512605042,0.2352941176,True,separated_utc_time_competition_score_alias,OK,True,True,True,ACCEPTED
202526-0375,LIVE_REFRESH_VERIFIED,False,False,False,OK,2,4947807,10252,9857,Aston Villa,Bologna,1,1,1,0.25,True,utc_time_competition_score_high_confidence_name,OK,True,True,True,ACCEPTED
202526-0376,LIVE_REFRESH_VERIFIED,False,False,False,OK,1,4947847,10192,10200,Young Boys,Panathinaikos,1,1,1,0,True,utc_time_competition_score_high_confidence_name,OK,True,True,True,ACCEPTED
202526-0377,LIVE_REFRESH_VERIFIED,False,False,False,OK,4,4947800,10013,9773,Salzburg,FC Porto,1,1,1,0.2444444444,True,utc_time_competition_score_high_confidence_name,OK,True,True,True,ACCEPTED
202526-0378,LIVE_REFRESH_VERIFIED,False,False,False,OK,4,4947906,9908,9748,FC Utrecht,Lyon,1,0.4444444444,0.7222222222,0.253968254,True,separated_utc_time_competition_score_alias,OK,True,True,True,ACCEPTED
202526-0379,LIVE_REFRESH_VERIFIED,False,False,False,OK,2,4947833,8222,6033,Ferencvaros,Viktoria Plzen,1,1,1,0.2583333333,True,utc_time_competition_score_high_confidence_name,OK,True,True,True,ACCEPTED
202526-0380,LIVE_REFRESH_VERIFIED,False,False,False,OK,4,4947791,8548,9987,Rangers,Genk,0.6363636364,1,0.8181818182,0.2159090909,True,separated_utc_time_competition_score_alias,OK,True,True,True,ACCEPTED
202526-0381,LIVE_REFRESH_VERIFIED,False,False,False,OK,3,4947892,10269,9910,VfB Stuttgart,Celta Vigo,1,0.8695652174,0.9347826087,0.3015873016,True,utc_time_competition_score_high_confidence_name,OK,True,True,True,ACCEPTED
202526-0111,LIVE_REFRESH_VERIFIED,False,False,False,OK,2,4947179,8524,8342,Atalanta,Club Brugge,1,1,1,0.2605042017,True,utc_time_competition_score_high_confidence_name,OK,True,True,True,ACCEPTED
202526-0112,LIVE_REFRESH_VERIFIED,False,False,False,OK,1,4947123,8037,8633,Kairat Almaty,Real Madrid,1,1,1,0,True,utc_time_competition_score_high_confidence_name,OK,True,True,True,ACCEPTED
202526-0113,LIVE_REFRESH_VERIFIED,False,False,False,OK,1,4947194,9906,9810,Atletico Madrid,Eintracht Frankfurt,1,1,1,0,True,utc_time_competition_score_high_confidence_name,OK,True,True,True,ACCEPTED
202526-0114,LIVE_REFRESH_VERIFIED,False,False,False,OK,4,4947110,8455,9772,Chelsea,Benfica,1,1,1,0.3095238095,True,utc_time_competition_score_high_confidence_name,OK,True,True,True,ACCEPTED
202526-0115,LIVE_REFRESH_VERIFIED,False,False,False,OK,2,4947128,8636,7787,Inter,Slavia Prague,0.5263157895,0.8,0.6631578947,0.2732793522,True,separated_utc_time_competition_score_alias,OK,True,True,True,ACCEPTED
202526-0116,LIVE_REFRESH_VERIFIED,False,False,False,OK,4,4947219,8402,8586,Bodø/Glimt,Tottenham Hotspur,1,1,1,0.2126315789,True,utc_time_competition_score_high_confidence_name,OK,True,True,True,ACCEPTED
202526-0117,LIVE_REFRESH_VERIFIED,False,False,False,OK,4,4947144,8637,8650,Galatasaray,Liverpool,1,1,1,0.1339285714,True,utc_time_competition_score_high_confidence_name,OK,True,True,True,ACCEPTED
202526-0118,LIVE_REFRESH_VERIFIED,False,False,False,OK,1,4947214,8592,8593,Marseille,Ajax,0.6428571429,1,0.8214285714,0,True,unique_utc_time_competition_score_alias,OK,True,True,True,ACCEPTED
202526-0119,LIVE_REFRESH_VERIFIED,False,False,False,OK,1,4947108,2137,9823,Pafos FC,Bayern München,1,1,1,0,True,utc_time_competition_score_high_confidence_name,OK,True,True,True,ACCEPTED
202526-0120,LIVE_REFRESH_VERIFIED,False,False,False,OK,5,4947246,7981,8391,Qarabag FK,FC København,1,1,1,0.275,True,utc_time_competition_score_high_confidence_name,OK,True,True,True,ACCEPTED
202526-0121,LIVE_REFRESH_VERIFIED,False,False,False,OK,1,4947250,7978,10261,Union St.Gilloise,Newcastle United,0.9189189189,1,0.9594594595,0,True,utc_time_competition_score_high_confidence_name,OK,True,True,True,ACCEPTED
202526-0122,LIVE_REFRESH_VERIFIED,False,False,False,OK,5,4947175,9825,8638,Arsenal,Olympiacos,1,0.6428571429,0.8214285714,0.2513227513,True,separated_utc_time_competition_score_alias,OK,True,True,True,ACCEPTED
202526-0123,LIVE_REFRESH_VERIFIED,False,False,False,OK,3,4947165,9829,8456,Monaco,Manchester City,0.8,1,0.9,0.2048611111,True,utc_time_competition_score_high_confidence_name,OK,True,True,True,ACCEPTED
202526-0124,LIVE_REFRESH_VERIFIED,False,False,False,OK,4,4947169,8178,8640,Bayer Leverkusen,PSV Eindhoven,1,1,1,0.2991071429,True,utc_time_competition_score_high_confidence_name,OK,True,True,True,ACCEPTED
202526-0125,LIVE_REFRESH_VERIFIED,False,False,False,OK,1,4947137,9789,8315,Borussia Dortmund,Athletic Club,1,0.6956521739,0.847826087,0,True,unique_utc_time_competition_score_alias,OK,True,True,True,ACCEPTED
202526-0126,LIVE_REFRESH_VERIFIED,False,False,False,OK,2,4947145,8634,9847,Barcelona,Paris Saint-Germain,1,1,1,0.2435897436,True,utc_time_competition_score_high_confidence_name,OK,True,True,True,ACCEPTED
202526-0127,LIVE_REFRESH_VERIFIED,False,False,False,OK,3,4947225,9875,9768,Napoli,Sporting CP,1,0.7586206897,0.8793103448,0.2422969188,True,utc_time_competition_score_high_confidence_name,OK,True,True,True,ACCEPTED
202526-0128,LIVE_REFRESH_VERIFIED,False,False,False,OK,3,4947199,10205,9885,Villarreal,Juventus,1,1,1,0.2126315789,True,utc_time_competition_score_high_confidence_name,OK,True,True,True,ACCEPTED
202526-0382,LIVE_REFRESH_VERIFIED,False,False,False,OK,2,4947772,8686,8639,Roma,Lille,0.7272727273,0.7142857143,0.7207792208,0.15,True,separated_utc_time_competition_score_alias,OK,True,True,True,ACCEPTED
202526-0383,LIVE_REFRESH_VERIFIED,False,False,False,OK,1,4947883,9857,8358,Bologna,Freiburg,1,1,1,0,True,utc_time_competition_score_high_confidence_name,OK,True,True,True,ACCEPTED
202526-0384,LIVE_REFRESH_VERIFIED,False,False,False,OK,4,4947837,9925,10264,Celtic,Braga,1,0.5263157895,0.7631578947,0.3083333333,True,separated_utc_time_competition_score_alias,OK,True,True,True,ACCEPTED
202526-0385,LIVE_REFRESH_VERIFIED,False,False,False,OK,1,4947831,6033,10237,Viktoria Plzen,Malmö FF,1,1,1,0,True,utc_time_competition_score_high_confidence_name,OK,True,True,True,ACCEPTED
202526-0386,LIVE_REFRESH_VERIFIED,False,False,False,OK,3,4947810,8695,9831,Fenerbahçe,Nice,1,0.6666666667,0.8333333333,0.2333333333,True,separated_utc_time_competition_score_alias,OK,True,True,True,ACCEPTED
202526-0387,LIVE_REFRESH_VERIFIED,False,False,False,OK,4,4947874,9723,10192,FCSB,Young Boys,1,1,1,0.2197802198,True,utc_time_competition_score_high_confidence_name,OK,True,True,True,ACCEPTED
202526-0388,LIVE_REFRESH_VERIFIED,False,False,False,OK,1,4947896,10200,6433,Panathinaikos,Go Ahead Eagles,1,1,1,0,True,utc_time_competition_score_high_confidence_name,OK,True,True,True,ACCEPTED
202526-0389,LIVE_REFRESH_VERIFIED,False,False,False,OK,4,4947860,210173,8603,Ludogorets Razgrad,Real Betis,1,1,1,0.2433862434,True,utc_time_competition_score_high_confidence_name,OK,True,True,True,ACCEPTED
202526-0390,LIVE_REFRESH_VERIFIED,False,False,False,OK,1,4947916,8468,9908,Brann,FC Utrecht,0.5882352941,1,0.7941176471,0,True,unique_utc_time_competition_score_alias,OK,True,True,True,ACCEPTED
202526-0809,LIVE_REFRESH_VERIFIED,False,False,False,OK,1,4947960,8688,9826,Dynamo Kyiv,Crystal Palace,1,1,1,0,True,utc_time_competition_score_high_confidence_name,OK,True,True,True,ACCEPTED
202526-0810,LIVE_REFRESH_VERIFIED,False,False,False,OK,1,4948059,7730,8332,Lausanne,Breidablik,0.6956521739,1,0.847826087,0,True,unique_utc_time_competition_score_alias,OK,True,True,True,ACCEPTED
202526-0811,LIVE_REFRESH_VERIFIED,False,False,False,OK,2,4948067,866111,10162,FC Noah,Rijeka,1,1,1,0.1752380952,True,utc_time_competition_score_high_confidence_name,OK,True,True,True,ACCEPTED
202526-0812,LIVE_REFRESH_VERIFIED,False,False,False,OK,1,4948015,10107,545012,Zrinjski Mostar,Lincoln Red Imps FC,1,1,1,0,True,utc_time_competition_score_high_confidence_name,OK,True,True,True,ACCEPTED
202526-0813,LIVE_REFRESH_VERIFIED,False,False,False,OK,2,4948007,1957,4528,Jagiellonia Bialystok,Hamrun Spartans,1,1,1,0.08761904762,True,utc_time_competition_score_high_confidence_name,OK,True,True,True,ACCEPTED
202526-0814,LIVE_REFRESH_VERIFIED,False,False,False,OK,2,4947966,2182,10015,Lech Poznan,Rapid Wien,1,1,1,0.245,True,utc_time_competition_score_high_confidence_name,OK,True,True,True,ACCEPTED
202526-0815,LIVE_REFRESH_VERIFIED,False,False,False,OK,1,4948021,1693,784771,KuPS,Drita,1,1,1,0,True,utc_time_competition_score_high_confidence_name,OK,True,True,True,ACCEPTED
202526-0816,LIVE_REFRESH_VERIFIED,False,False,False,OK,2,4947997,8044,9905,Omonia Nicosia,Mainz 05,1,0.8,0.9,0.3149350649,True,utc_time_competition_score_high_confidence_name,OK,True,True,True,ACCEPTED
202526-0817,LIVE_REFRESH_VERIFIED,False,False,False,OK,3,4947971,8370,2234,Rayo Vallecano,KF Shkendija,1,0.8571428571,0.9285714286,0.2946236559,True,utc_time_competition_score_high_confidence_name,OK,True,True,True,ACCEPTED
202526-0391,LIVE_REFRESH_VERIFIED,False,False,False,OK,2,4947851,9931,10269,Basel,VfB Stuttgart,1,1,1,0.253968254,True,utc_time_competition_score_high_confidence_name,OK,True,True,True,ACCEPTED
202526-0392,LIVE_REFRESH_VERIFIED,False,False,False,OK,3,4947777,9773,8687,FC Porto,FK Crvena Zvezda,1,1,1,0.1843137255,True,utc_time_competition_score_high_confidence_name,OK,True,True,True,ACCEPTED
202526-0393,LIVE_REFRESH_VERIFIED,False,False,False,OK,4,4947780,10235,10252,Feyenoord,Aston Villa,1,1,1,0.2433862434,True,utc_time_competition_score_high_confidence_name,OK,True,True,True,ACCEPTED
202526-0394,LIVE_REFRESH_VERIFIED,False,False,False,OK,2,4947910,9987,8222,Genk,Ferencvaros,1,1,1,0.0625,True,utc_time_competition_score_high_confidence_name,OK,True,True,True,ACCEPTED
202526-0395,LIVE_REFRESH_VERIFIED,False,False,False,OK,1,4947840,7855,10156,Maccabi Tel Aviv,Dinamo Zagreb,1,1,1,0,True,utc_time_competition_score_high_confidence_name,OK,True,True,True,ACCEPTED
202526-0396,LIVE_REFRESH_VERIFIED,False,False,False,OK,1,4947866,10203,8113,Nottingham Forest,FC Midtjylland,1,1,1,0,True,utc_time_competition_score_high_confidence_name,OK,True,True,True,ACCEPTED
202526-0397,LIVE_REFRESH_VERIFIED,False,False,False,OK,2,4947820,9748,10013,Lyon,Salzburg,0.4444444444,1,0.7222222222,0.1954887218,True,separated_utc_time_competition_score_alias,OK,True,True,True,ACCEPTED
202526-0398,LIVE_REFRESH_VERIFIED,False,False,False,OK,1,4947886,9910,8619,Celta Vigo,PAOK Thessaloniki FC,0.8695652174,1,0.9347826087,0,True,utc_time_competition_score_high_confidence_name,OK,True,True,True,ACCEPTED
202526-0399,LIVE_REFRESH_VERIFIED,False,False,False,OK,3,4947868,10014,8548,Sturm Graz,Rangers,1,0.6363636364,0.8181818182,0.2052631579,True,separated_utc_time_competition_score_alias,OK,True,True,True,ACCEPTED
202526-0818,LIVE_REFRESH_VERIFIED,False,False,False,OK,1,4948026,8485,9728,Aberdeen,Shakhtar Donetsk,1,1,1,0,True,utc_time_competition_score_high_confidence_name,OK,True,True,True,ACCEPTED
202526-0819,LIVE_REFRESH_VERIFIED,False,False,False,OK,2,4947957,10247,4131,Sparta Prague,Shamrock Rovers,0.8,1,0.9,0.2504347826,True,utc_time_competition_score_high_confidence_name,OK,True,True,True,ACCEPTED
202526-0820,LIVE_REFRESH_VERIFIED,False,False,False,OK,3,4947941,8535,6461,Fiorentina,Sigma Olomouc,1,1,1,0.2952069717,True,utc_time_competition_score_high_confidence_name,OK,True,True,True,ACCEPTED
202526-0821,LIVE_REFRESH_VERIFIED,False,False,False,OK,1,4948048,7797,10229,AEK Larnaca,AZ Alkmaar,1,1,1,0,True,utc_time_competition_score_high_confidence_name,OK,True,True,True,ACCEPTED
202526-0822,LIVE_REFRESH_VERIFIED,False,False,False,OK,2,4947956,8673,9750,Legia Warszawa,Samsunspor,0.9230769231,1,0.9615384615,0.264957265,True,utc_time_competition_score_high_confidence_name,OK,True,True,True,ACCEPTED
202526-0823,LIVE_REFRESH_VERIFIED,False,False,False,OK,1,4948009,4622,8563,NK Celje,AEK Athens,1,1,1,0,True,utc_time_competition_score_high_confidence_name,OK,True,True,True,ACCEPTED
202526-0824,LIVE_REFRESH_VERIFIED,False,False,False,OK,3,4948047,4024,480286,Raków Częstochowa,Universitatea Craiova,1,1,1,0.284457478,True,utc_time_competition_score_high_confidence_name,OK,True,True,True,ACCEPTED
202526-0825,LIVE_REFRESH_VERIFIED,False,False,False,OK,1,4948071,5751,8428,Shelbourne,Häcken,1,0.8,0.9,0,True,utc_time_competition_score_high_confidence_name,OK,True,True,True,ACCEPTED
202526-0826,LIVE_REFRESH_VERIFIED,False,False,False,OK,1,4947949,6019,9848,Slovan Bratislava,Strasbourg,1,0.8695652174,0.9347826087,0,True,utc_time_competition_score_high_confidence_name,OK,True,True,True,ACCEPTED
202526-0129,LIVE_REFRESH_VERIFIED,False,False,False,OK,1,4947148,8634,8638,Barcelona,Olympiacos,1,0.6428571429,0.8214285714,0,True,unique_utc_time_competition_score_alias,OK,True,True,True,ACCEPTED
202526-0130,LIVE_REFRESH_VERIFIED,False,False,False,OK,5,4947251,8037,2137,Kairat Almaty,Pafos FC,1,1,1,0.3968253968,True,utc_time_competition_score_high_confidence_name,OK,True,True,True,ACCEPTED
202526-0131,LIVE_REFRESH_VERIFIED,False,False,False,OK,3,4947173,9825,9906,Arsenal,Atletico Madrid,1,1,1,0.3428571429,True,utc_time_competition_score_high_confidence_name,OK,True,True,True,ACCEPTED
202526-0132,LIVE_REFRESH_VERIFIED,False,False,False,OK,1,4947155,8178,9847,Bayer Leverkusen,Paris Saint-Germain,1,1,1,0,True,utc_time_competition_score_high_confidence_name,OK,True,True,True,ACCEPTED
202526-0133,LIVE_REFRESH_VERIFIED,False,False,False,OK,1,4947138,8391,9789,FC København,Borussia Dortmund,1,1,1,0,True,utc_time_competition_score_high_confidence_name,OK,True,True,True,ACCEPTED
202526-0134,LIVE_REFRESH_VERIFIED,False,False,False,OK,1,4947189,10261,9772,Newcastle United,Benfica,1,1,1,0,True,utc_time_competition_score_high_confidence_name,OK,True,True,True,ACCEPTED
202526-0135,LIVE_REFRESH_VERIFIED,False,False,False,OK,1,4947236,8640,9875,PSV Eindhoven,Napoli,1,1,1,0,True,utc_time_competition_score_high_confidence_name,OK,True,True,True,ACCEPTED
202526-0136,LIVE_REFRESH_VERIFIED,False,False,False,OK,1,4947131,7978,8636,Union St.Gilloise,Inter,0.9189189189,0.5263157895,0.7226173542,0,True,unique_utc_time_competition_score_alias,OK,True,True,True,ACCEPTED
202526-0137,LIVE_REFRESH_VERIFIED,False,False,False,OK,3,4947161,10205,8456,Villarreal,Manchester City,1,1,1,0.2938530735,True,utc_time_competition_score_high_confidence_name,OK,True,True,True,ACCEPTED
202526-0138,LIVE_REFRESH_VERIFIED,False,False,False,OK,4,4947244,8315,7981,Athletic Club,Qarabag FK,0.6956521739,1,0.847826087,0.3602484472,True,separated_utc_time_competition_score_alias,OK,True,True,True,ACCEPTED
202526-0139,LIVE_REFRESH_VERIFIED,False,False,False,OK,4,4947224,8637,8402,Galatasaray,Bodø/Glimt,1,1,1,0.3903743316,True,utc_time_competition_score_high_confidence_name,OK,True,True,True,ACCEPTED
202526-0140,LIVE_REFRESH_VERIFIED,False,False,False,OK,5,4947221,9829,8586,Monaco,Tottenham Hotspur,0.8,1,0.9,0.3191850594,True,utc_time_competition_score_high_confidence_name,OK,True,True,True,ACCEPTED
202526-0141,LIVE_REFRESH_VERIFIED,False,False,False,OK,5,4947181,8524,7787,Atalanta,Slavia Prague,1,0.8,0.9,0.3445378151,True,utc_time_competition_score_high_confidence_name,OK,True,True,True,ACCEPTED
202526-0142,LIVE_REFRESH_VERIFIED,False,False,False,OK,2,4947112,8455,8593,Chelsea,Ajax,1,1,1,0.2320261438,True,utc_time_competition_score_high_confidence_name,OK,True,True,True,ACCEPTED
202526-0143,LIVE_REFRESH_VERIFIED,False,False,False,OK,1,4947140,9810,8650,Eintracht Frankfurt,Liverpool,1,1,1,0,True,utc_time_competition_score_high_confidence_name,OK,True,True,True,ACCEPTED
202526-0144,LIVE_REFRESH_VERIFIED,False,False,False,OK,2,4947103,9823,8342,Bayern München,Club Brugge,1,1,1,0.2380952381,True,utc_time_competition_score_high_confidence_name,OK,True,True,True,ACCEPTED
202526-0145,LIVE_REFRESH_VERIFIED,False,False,False,OK,4,4947118,8633,9885,Real Madrid,Juventus,1,1,1,0.2319688109,True,utc_time_competition_score_high_confidence_name,OK,True,True,True,ACCEPTED
202526-0146,LIVE_REFRESH_VERIFIED,False,False,False,OK,3,4947215,9768,8592,Sporting CP,Marseille,0.7586206897,0.6428571429,0.7007389163,0.3351648352,True,separated_utc_time_competition_score_alias,OK,True,True,True,ACCEPTED
202526-0400,LIVE_REFRESH_VERIFIED,False,False,False,OK,1,4947801,10013,8222,Salzburg,Ferencvaros,1,1,1,0,True,utc_time_competition_score_high_confidence_name,OK,True,True,True,ACCEPTED
202526-0401,LIVE_REFRESH_VERIFIED,False,False,False,OK,1,4947811,8695,10269,Fenerbahçe,VfB Stuttgart,1,1,1,0,True,utc_time_competition_score_high_confidence_name,OK,True,True,True,ACCEPTED
202526-0403,LIVE_REFRESH_VERIFIED,False,False,False,OK,2,4947875,9723,9857,FCSB,Bologna,1,1,1,0.1428571429,True,utc_time_competition_score_high_confidence_name,OK,True,True,True,ACCEPTED
202526-0404,LIVE_REFRESH_VERIFIED,False,False,False,OK,3,4947901,6433,10252,Go Ahead Eagles,Aston Villa,1,1,1,0.2857142857,True,utc_time_competition_score_high_confidence_name,OK,True,True,True,ACCEPTED
202526-0405,LIVE_REFRESH_VERIFIED,False,False,False,OK,1,4947909,9987,8603,Genk,Real Betis,1,1,1,0,True,utc_time_competition_score_high_confidence_name,OK,True,True,True,ACCEPTED
202526-0406,LIVE_REFRESH_VERIFIED,False,False,False,OK,4,4947822,9748,9931,Lyon,Basel,0.4444444444,1,0.7222222222,0.1742424242,True,separated_utc_time_competition_score_alias,OK,True,True,True,ACCEPTED
202526-0407,LIVE_REFRESH_VERIFIED,False,False,False,OK,4,4947813,10264,8687,Braga,FK Crvena Zvezda,0.5263157895,1,0.7631578947,0.2813620072,True,separated_utc_time_competition_score_alias,OK,True,True,True,ACCEPTED
202526-0408,LIVE_REFRESH_VERIFIED,False,False,False,OK,1,4947913,8468,8548,Brann,Rangers,0.5882352941,0.6363636364,0.6122994652,0,True,unique_utc_time_competition_score_alias,OK,True,True,True,ACCEPTED
202526-0827,LIVE_REFRESH_VERIFIED,False,False,False,OK,1,4948024,8563,8485,AEK Athens,Aberdeen,1,1,1,0,True,utc_time_competition_score_high_confidence_name,OK,True,True,True,ACCEPTED
202526-0828,LIVE_REFRESH_VERIFIED,False,False,False,OK,1,4948054,8428,8370,Häcken,Rayo Vallecano,0.8,1,0.9,0,True,utc_time_competition_score_high_confidence_name,OK,True,True,True,ACCEPTED
202526-0829,LIVE_REFRESH_VERIFIED,False,False,False,OK,1,4948037,8332,1693,Breidablik,KuPS,1,1,1,0,True,utc_time_competition_score_high_confidence_name,OK,True,True,True,ACCEPTED
202526-0830,LIVE_REFRESH_VERIFIED,False,False,False,OK,1,4947945,9728,8673,Shakhtar Donetsk,Legia Warszawa,1,0.9230769231,0.9615384615,0,True,utc_time_competition_score_high_confidence_name,OK,True,True,True,ACCEPTED
202526-0831,LIVE_REFRESH_VERIFIED,False,False,False,OK,4,4948030,784771,8044,Drita,Omonia Nicosia,1,1,1,0.3333333333,True,utc_time_competition_score_high_confidence_name,OK,True,True,True,ACCEPTED
202526-0832,LIVE_REFRESH_VERIFIED,False,False,False,OK,4,4948011,10162,10247,Rijeka,Sparta Prague,1,0.8,0.9,0.2693965517,True,utc_time_competition_score_high_confidence_name,OK,True,True,True,ACCEPTED
202526-0833,LIVE_REFRESH_VERIFIED,False,False,False,OK,4,4948053,2234,5751,KF Shkendija,Shelbourne,0.8571428571,1,0.9285714286,0.2869565217,True,utc_time_competition_score_high_confidence_name,OK,True,True,True,ACCEPTED
202526-0834,LIVE_REFRESH_VERIFIED,False,False,False,OK,4,4948003,9848,1957,Strasbourg,Jagiellonia Bialystok,0.8695652174,1,0.9347826087,0.3666666667,True,utc_time_competition_score_high_confidence_name,OK,True,True,True,ACCEPTED
202526-0835,LIVE_REFRESH_VERIFIED,False,False,False,OK,1,4947951,10015,8535,Rapid Wien,Fiorentina,1,1,1,0,True,utc_time_competition_score_high_confidence_name,OK,True,True,True,ACCEPTED
202526-0837,LIVE_REFRESH_VERIFIED,False,False,False,OK,4,4947942,10229,6019,AZ Alkmaar,Slovan Bratislava,1,1,1,0.2916666667,True,utc_time_competition_score_high_confidence_name,OK,True,True,True,ACCEPTED
202526-0402,LIVE_REFRESH_VERIFIED,False,False,False,OK,1,4947783,10235,10200,Feyenoord,Panathinaikos,1,1,1,0,True,utc_time_competition_score_high_confidence_name,OK,True,True,True,ACCEPTED
202526-0409,LIVE_REFRESH_VERIFIED,False,False,False,OK,2,4947773,8686,6033,Roma,Viktoria Plzen,0.7272727273,1,0.8636363636,0.1861471861,True,utc_time_competition_score_high_confidence_name,OK,True,True,True,ACCEPTED
202526-0410,LIVE_REFRESH_VERIFIED,False,False,False,OK,1,4947846,10192,210173,Young Boys,Ludogorets Razgrad,1,1,1,0,True,utc_time_competition_score_high_confidence_name,OK,True,True,True,ACCEPTED
202526-0411,LIVE_REFRESH_VERIFIED,False,False,False,OK,3,4947838,9925,10014,Celtic,Sturm Graz,1,1,1,0.3125,True,utc_time_competition_score_high_confidence_name,OK,True,True,True,ACCEPTED
202526-0412,LIVE_REFRESH_VERIFIED,False,False,False,OK,1,4947785,8639,8619,Lille,PAOK Thessaloniki,0.7142857143,1,0.8571428571,0,True,utc_time_competition_score_high_confidence_name,OK,True,True,True,ACCEPTED
202526-0413,LIVE_REFRESH_VERIFIED,False,False,False,OK,1,4947842,7855,8113,Maccabi Tel Aviv,FC Midtjylland,1,1,1,0,True,utc_time_competition_score_high_confidence_name,OK,True,True,True,ACCEPTED
202526-0414,LIVE_REFRESH_VERIFIED,False,False,False,OK,1,4947897,10237,10156,Malmö FF,Dinamo Zagreb,1,1,1,0,True,utc_time_competition_score_high_confidence_name,OK,True,True,True,ACCEPTED
202526-0415,LIVE_REFRESH_VERIFIED,False,False,False,OK,4,4947864,10203,9773,Nottingham Forest,FC Porto,1,1,1,0.2866666667,True,utc_time_competition_score_high_confidence_name,OK,True,True,True,ACCEPTED
202526-0416,LIVE_REFRESH_VERIFIED,False,False,False,OK,3,4947887,9910,9831,Celta Vigo,Nice,0.8695652174,0.6666666667,0.768115942,0.3187134503,True,separated_utc_time_competition_score_alias,OK,True,True,True,ACCEPTED
202526-0417,LIVE_REFRESH_VERIFIED,False,False,False,OK,4,4947859,8358,9908,Freiburg,FC Utrecht,1,1,1,0.2538461538,True,utc_time_competition_score_high_confidence_name,OK,True,True,True,ACCEPTED
202526-0836,LIVE_REFRESH_VERIFIED,False,False,False,OK,4,4948000,9905,10107,Mainz 05,Zrinjski Mostar,0.8,1,0.9,0.2613636364,True,utc_time_competition_score_high_confidence_name,OK,True,True,True,ACCEPTED
202526-0838,LIVE_REFRESH_VERIFIED,False,False,False,OK,2,4947965,9826,7797,Crystal Palace,AEK Larnaca,1,1,1,0.2958257713,True,utc_time_competition_score_high_confidence_name,OK,True,True,True,ACCEPTED
202526-0839,LIVE_REFRESH_VERIFIED,False,False,False,OK,2,4948065,4528,7730,Hamrun Spartans,Lausanne,1,0.6956521739,0.847826087,0.2877984085,True,separated_utc_time_competition_score_alias,OK,True,True,True,ACCEPTED
202526-0840,LIVE_REFRESH_VERIFIED,False,False,False,OK,1,4948017,545012,2182,Lincoln Red Imps FC,Lech Poznan,1,1,1,0,True,utc_time_competition_score_high_confidence_name,OK,True,True,True,ACCEPTED
202526-0841,LIVE_REFRESH_VERIFIED,False,False,False,OK,1,4948042,9750,8688,Samsunspor,Dynamo Kyiv,1,1,1,0,True,utc_time_competition_score_high_confidence_name,OK,True,True,True,ACCEPTED
202526-0842,LIVE_REFRESH_VERIFIED,False,False,False,OK,1,4947973,4131,4622,Shamrock Rovers,NK Celje,1,1,1,0,True,utc_time_competition_score_high_confidence_name,OK,True,True,True,ACCEPTED
202526-0843,LIVE_REFRESH_VERIFIED,False,False,False,OK,4,4948041,6461,4024,Sigma Olomouc,Raków Częstochowa,1,1,1,0.3318077803,True,utc_time_competition_score_high_confidence_name,OK,True,True,True,ACCEPTED
202526-0844,LIVE_REFRESH_VERIFIED,False,False,False,OK,4,4948062,480286,866111,Universitatea Craiova,FC Noah,1,1,1,0.3205128205,True,utc_time_competition_score_high_confidence_name,OK,True,True,True,ACCEPTED
202526-0147,LIVE_REFRESH_VERIFIED,False,False,False,OK,2,4947176,7787,9825,Slavia Prague,Arsenal,0.8,1,0.9,0.2916666667,True,utc_time_competition_score_high_confidence_name,OK,True,True,True,ACCEPTED
202526-0148,LIVE_REFRESH_VERIFIED,False,False,False,OK,4,4947196,9875,9810,Napoli,Eintracht Frankfurt,1,1,1,0.3207070707,True,utc_time_competition_score_high_confidence_name,OK,True,True,True,ACCEPTED
202526-0149,LIVE_REFRESH_VERIFIED,False,False,False,OK,2,4947206,9906,7978,Atletico Madrid,Union St.Gilloise,1,0.9189189189,0.9594594595,0.2601010101,True,utc_time_competition_score_high_confidence_name,OK,True,True,True,ACCEPTED
202526-0150,LIVE_REFRESH_VERIFIED,False,False,False,OK,4,4947223,8402,9829,Bodø/Glimt,Monaco,1,0.8,0.9,0.2676470588,True,utc_time_competition_score_high_confidence_name,OK,True,True,True,ACCEPTED
202526-0151,LIVE_REFRESH_VERIFIED,False,False,False,OK,4,4947200,9885,9768,Juventus,Sporting CP,1,0.7586206897,0.8793103448,0.265795207,True,utc_time_competition_score_high_confidence_name,OK,True,True,True,ACCEPTED
202526-0152,LIVE_REFRESH_VERIFIED,False,False,False,OK,5,4947117,8650,8633,Liverpool,Real Madrid,1,1,1,0.3333333333,True,utc_time_competition_score_high_confidence_name,OK,True,True,True,ACCEPTED
202526-0153,LIVE_REFRESH_VERIFIED,False,False,False,OK,4,4947228,8638,8640,Olympiacos,PSV Eindhoven,0.6428571429,1,0.8214285714,0.2403846154,True,separated_utc_time_competition_score_alias,OK,True,True,True,ACCEPTED
202526-0154,LIVE_REFRESH_VERIFIED,False,False,False,OK,5,4947102,9847,9823,Paris Saint-Germain,Bayern München,1,1,1,0.2967032967,True,utc_time_competition_score_high_confidence_name,OK,True,True,True,ACCEPTED
202526-0155,LIVE_REFRESH_VERIFIED,False,False,False,OK,2,4947220,8586,8391,Tottenham Hotspur,FC København,1,1,1,0.2433333333,True,utc_time_competition_score_high_confidence_name,OK,True,True,True,ACCEPTED
202526-0156,LIVE_REFRESH_VERIFIED,False,False,False,OK,4,4947211,2137,10205,Pafos FC,Villarreal,1,1,1,0.3333333333,True,utc_time_competition_score_high_confidence_name,OK,True,True,True,ACCEPTED
202526-0157,LIVE_REFRESH_VERIFIED,False,False,False,OK,3,4947115,7981,8455,Qarabag FK,Chelsea,1,1,1,0.3246753247,True,utc_time_competition_score_high_confidence_name,OK,True,True,True,ACCEPTED
202526-0158,LIVE_REFRESH_VERIFIED,False,False,False,OK,2,4947232,8593,8637,Ajax,Galatasaray,1,1,1,0.2287581699,True,utc_time_competition_score_high_confidence_name,OK,True,True,True,ACCEPTED
202526-0159,LIVE_REFRESH_VERIFIED,False,False,False,OK,1,4947147,8342,8634,Club Brugge,Barcelona,1,1,1,0,True,utc_time_competition_score_high_confidence_name,OK,True,True,True,ACCEPTED
202526-0160,LIVE_REFRESH_VERIFIED,False,False,False,OK,4,4947130,8636,8037,Inter,Kairat Almaty,0.5263157895,1,0.7631578947,0.2764705882,True,separated_utc_time_competition_score_alias,OK,True,True,True,ACCEPTED
202526-0161,LIVE_REFRESH_VERIFIED,False,False,False,OK,1,4947132,8456,9789,Manchester City,Borussia Dortmund,1,1,1,0,True,utc_time_competition_score_high_confidence_name,OK,True,True,True,ACCEPTED
202526-0162,LIVE_REFRESH_VERIFIED,False,False,False,OK,2,4947245,10261,8315,Newcastle United,Athletic Club,1,0.6956521739,0.847826087,0.3380952381,True,separated_utc_time_competition_score_alias,OK,True,True,True,ACCEPTED
202526-0163,LIVE_REFRESH_VERIFIED,False,False,False,OK,4,4947182,8592,8524,Marseille,Atalanta,0.6428571429,1,0.8214285714,0.2846003899,True,separated_utc_time_competition_score_alias,OK,True,True,True,ACCEPTED
202526-0164,LIVE_REFRESH_VERIFIED,False,False,False,OK,4,4947168,9772,8178,Benfica,Bayer Leverkusen,1,1,1,0.2814814815,True,utc_time_competition_score_high_confidence_name,OK,True,True,True,ACCEPTED
202526-0418,LIVE_REFRESH_VERIFIED,False,False,False,OK,4,4947803,10013,6433,Salzburg,Go Ahead Eagles,1,1,1,0.2261904762,True,utc_time_competition_score_high_confidence_name,OK,True,True,True,ACCEPTED
202526-0419,LIVE_REFRESH_VERIFIED,False,False,False,OK,3,4947850,9931,9723,Basel,FCSB,1,1,1,0.1704545455,True,utc_time_competition_score_high_confidence_name,OK,True,True,True,ACCEPTED
202526-0420,LIVE_REFRESH_VERIFIED,False,False,False,OK,3,4947853,8113,9925,FC Midtjylland,Celtic,1,1,1,0.1625,True,utc_time_competition_score_high_confidence_name,OK,True,True,True,ACCEPTED
202526-0421,LIVE_REFRESH_VERIFIED,False,False,False,OK,1,4947905,9908,9773,FC Utrecht,FC Porto,1,1,1,0,True,utc_time_competition_score_high_confidence_name,OK,True,True,True,ACCEPTED
202526-0422,LIVE_REFRESH_VERIFIED,False,False,False,OK,1,4947816,8687,8639,FK Crvena Zvezda,Lille,1,0.7142857143,0.8571428571,0,True,utc_time_competition_score_high_confidence_name,OK,True,True,True,ACCEPTED
202526-0423,LIVE_REFRESH_VERIFIED,False,False,False,OK,1,4947795,10156,9910,Dinamo Zagreb,Celta Vigo,1,0.8695652174,0.9347826087,0,True,utc_time_competition_score_high_confidence_name,OK,True,True,True,ACCEPTED
202526-0424,LIVE_REFRESH_VERIFIED,False,False,False,OK,1,4947900,10237,10200,Malmö FF,Panathinaikos,1,1,1,0,True,utc_time_competition_score_high_confidence_name,OK,True,True,True,ACCEPTED
202526-0425,LIVE_REFRESH_VERIFIED,False,False,False,OK,1,4947878,9831,8358,Nice,Freiburg,0.6666666667,1,0.8333333333,0,True,unique_utc_time_competition_score_alias,OK,True,True,True,ACCEPTED
202526-0426,LIVE_REFRESH_VERIFIED,False,False,False,OK,3,4947870,10014,10203,Sturm Graz,Nottingham Forest,1,1,1,0.2777777778,True,utc_time_competition_score_high_confidence_name,OK,True,True,True,ACCEPTED
202526-0845,LIVE_REFRESH_VERIFIED,False,False,False,OK,2,4947999,9905,8535,Mainz 05,Fiorentina,0.8,1,0.9,0.125,True,utc_time_competition_score_high_confidence_name,OK,True,True,True,ACCEPTED
202526-0846,LIVE_REFRESH_VERIFIED,False,False,False,OK,2,4947959,10247,4024,Sparta Prague,Raków Częstochowa,0.8,1,0.9,0.2539130435,True,utc_time_competition_score_high_confidence_name,OK,True,True,True,ACCEPTED
202526-0847,LIVE_REFRESH_VERIFIED,False,False,False,OK,4,4948023,8563,4131,AEK Athens,Shamrock Rovers,1,1,1,0.3106060606,True,utc_time_competition_score_high_confidence_name,OK,True,True,True,ACCEPTED
202526-0848,LIVE_REFRESH_VERIFIED,False,False,False,OK,2,4948049,7797,8485,AEK Larnaca,Aberdeen,1,1,1,0.2466666667,True,utc_time_competition_score_high_confidence_name,OK,True,True,True,ACCEPTED
202526-0849,LIVE_REFRESH_VERIFIED,False,False,False,OK,1,4947947,9728,8332,Shakhtar Donetsk,Breidablik,1,1,1,0,True,utc_time_competition_score_high_confidence_name,OK,True,True,True,ACCEPTED
202526-0850,LIVE_REFRESH_VERIFIED,False,False,False,OK,2,4948068,866111,6461,FC Noah,Sigma Olomouc,1,1,1,0.2739130435,True,utc_time_competition_score_high_confidence_name,OK,True,True,True,ACCEPTED
202526-0851,LIVE_REFRESH_VERIFIED,False,False,False,OK,2,4948020,1693,6019,KuPS,Slovan Bratislava,1,1,1,0.1666666667,True,utc_time_competition_score_high_confidence_name,OK,True,True,True,ACCEPTED
202526-0852,LIVE_REFRESH_VERIFIED,False,False,False,OK,2,4948008,4622,8673,NK Celje,Legia Warszawa,1,0.9230769231,0.9615384615,0.1363636364,True,utc_time_competition_score_high_confidence_name,OK,True,True,True,ACCEPTED
202526-0853,LIVE_REFRESH_VERIFIED,False,False,False,OK,1,4948044,9750,4528,Samsunspor,Hamrun Spartans,1,1,1,0,True,utc_time_competition_score_high_confidence_name,OK,True,True,True,ACCEPTED
202526-0427,LIVE_REFRESH_VERIFIED,False,False,False,OK,4,4947805,10252,7855,Aston Villa,Maccabi Tel Aviv,1,1,1,0.1697792869,True,utc_time_competition_score_high_confidence_name,OK,True,True,True,ACCEPTED
202526-0428,LIVE_REFRESH_VERIFIED,False,False,False,OK,3,4947884,9857,8468,Bologna,Brann,1,0.5882352941,0.7941176471,0.3246753247,True,separated_utc_time_competition_score_alias,OK,True,True,True,ACCEPTED
202526-0429,LIVE_REFRESH_VERIFIED,False,False,False,OK,3,4947829,6033,8695,Viktoria Plzen,Fenerbahçe,1,1,1,0.2407407407,True,utc_time_competition_score_high_confidence_name,OK,True,True,True,ACCEPTED
202526-0430,LIVE_REFRESH_VERIFIED,False,False,False,OK,3,4947834,8222,210173,Ferencvaros,Ludogorets Razgrad,1,1,1,0.1287878788,True,utc_time_competition_score_high_confidence_name,OK,True,True,True,ACCEPTED
202526-0431,LIVE_REFRESH_VERIFIED,False,False,False,OK,1,4947826,8619,10192,PAOK Thessaloniki,Young Boys,1,1,1,0,True,utc_time_competition_score_high_confidence_name,OK,True,True,True,ACCEPTED
202526-0432,LIVE_REFRESH_VERIFIED,False,False,False,OK,1,4947788,8548,8686,Rangers,Roma,0.6363636364,0.7272727273,0.6818181818,0,True,unique_utc_time_competition_score_alias,OK,True,True,True,ACCEPTED
202526-0433,LIVE_REFRESH_VERIFIED,False,False,False,OK,4,4947797,8603,9748,Real Betis,Lyon,1,0.4444444444,0.7222222222,0.2701149425,True,separated_utc_time_competition_score_alias,OK,True,True,True,ACCEPTED
202526-0434,LIVE_REFRESH_VERIFIED,False,False,False,OK,1,4947815,10264,9987,Braga,Genk,0.5263157895,1,0.7631578947,0,True,unique_utc_time_competition_score_alias,OK,True,True,True,ACCEPTED
202526-0435,LIVE_REFRESH_VERIFIED,False,False,False,OK,4,4947889,10269,10235,VfB Stuttgart,Feyenoord,1,1,1,0.2408026756,True,utc_time_competition_score_high_confidence_name,OK,True,True,True,ACCEPTED
202526-0854,LIVE_REFRESH_VERIFIED,False,False,False,OK,2,4948055,8428,9848,Häcken,Strasbourg,0.8,0.8695652174,0.8347826087,0.1923076923,True,utc_time_competition_score_high_confidence_name,OK,True,True,True,ACCEPTED
202526-0855,LIVE_REFRESH_VERIFIED,False,False,False,OK,2,4947963,9826,10229,Crystal Palace,AZ Alkmaar,1,1,1,0.2777777778,True,utc_time_competition_score_high_confidence_name,OK,True,True,True,ACCEPTED
202526-0856,LIVE_REFRESH_VERIFIED,False,False,False,OK,4,4948058,7730,8044,Lausanne,Omonia Nicosia,0.6956521739,1,0.847826087,0.2740740741,True,separated_utc_time_competition_score_alias,OK,True,True,True,ACCEPTED
202526-0857,LIVE_REFRESH_VERIFIED,False,False,False,OK,1,4947961,8688,10107,Dynamo Kyiv,Zrinjski Mostar,1,1,1,0,True,utc_time_competition_score_high_confidence_name,OK,True,True,True,ACCEPTED
202526-0858,LIVE_REFRESH_VERIFIED,False,False,False,OK,4,4948052,2234,1957,KF Shkendija,Jagiellonia Bialystok,0.8571428571,1,0.9285714286,0.3176470588,True,utc_time_competition_score_high_confidence_name,OK,True,True,True,ACCEPTED
202526-0859,LIVE_REFRESH_VERIFIED,False,False,False,OK,4,4948018,545012,10162,Lincoln Red Imps FC,Rijeka,1,1,1,0.2666666667,True,utc_time_competition_score_high_confidence_name,OK,True,True,True,ACCEPTED
202526-0860,LIVE_REFRESH_VERIFIED,False,False,False,OK,1,4947969,8370,2182,Rayo Vallecano,Lech Poznan,1,1,1,0,True,utc_time_competition_score_high_confidence_name,OK,True,True,True,ACCEPTED
202526-0861,LIVE_REFRESH_VERIFIED,False,False,False,OK,2,4948070,5751,784771,Shelbourne,Drita,1,1,1,0.2538461538,True,utc_time_competition_score_high_confidence_name,OK,True,True,True,ACCEPTED
202526-0862,LIVE_REFRESH_VERIFIED,False,False,False,OK,2,4947953,10015,480286,Rapid Wien,Universitatea Craiova,1,1,1,0.2538461538,True,utc_time_competition_score_high_confidence_name,OK,True,True,True,ACCEPTED
202526-0165,LIVE_REFRESH_VERIFIED,False,False,False,OK,3,4947187,8593,9772,Ajax,Benfica,1,1,1,0.2111111111,True,utc_time_competition_score_high_confidence_name,OK,True,True,True,ACCEPTED
202526-0166,LIVE_REFRESH_VERIFIED,False,False,False,OK,3,4947249,8637,7978,Galatasaray,Union St.Gilloise,1,0.9189189189,0.9594594595,0.25,True,utc_time_competition_score_high_confidence_name,OK,True,True,True,ACCEPTED
202526-0167,LIVE_REFRESH_VERIFIED,False,False,False,OK,2,4947133,9789,10205,Borussia Dortmund,Villarreal,1,1,1,0.1852631579,True,utc_time_competition_score_high_confidence_name,OK,True,True,True,ACCEPTED
202526-0168,LIVE_REFRESH_VERIFIED,False,False,False,OK,2,4947109,8455,8634,Chelsea,Barcelona,1,1,1,0.2555555556,True,utc_time_competition_score_high_confidence_name,OK,True,True,True,ACCEPTED
202526-0169,LIVE_REFRESH_VERIFIED,False,False,False,OK,1,4947201,8402,9885,Bodø/Glimt,Juventus,1,1,1,0,True,utc_time_competition_score_high_confidence_name,OK,True,True,True,ACCEPTED
202526-0170,LIVE_REFRESH_VERIFIED,False,False,False,OK,3,4947160,8456,8178,Manchester City,Bayer Leverkusen,1,1,1,0.2401433692,True,utc_time_competition_score_high_confidence_name,OK,True,True,True,ACCEPTED
202526-0171,LIVE_REFRESH_VERIFIED,False,False,False,OK,4,4947216,8592,10261,Marseille,Newcastle United,0.6428571429,1,0.8214285714,0.3193277311,True,separated_utc_time_competition_score_alias,OK,True,True,True,ACCEPTED
202526-0172,LIVE_REFRESH_VERIFIED,False,False,False,OK,3,4947234,7787,8315,Slavia Prague,Athletic Club,0.8,0.6956521739,0.747826087,0.3254310345,True,separated_utc_time_competition_score_alias,OK,True,True,True,ACCEPTED
202526-0173,LIVE_REFRESH_VERIFIED,False,False,False,OK,4,4947239,9875,7981,Napoli,Qarabag FK,1,1,1,0.350678733,True,utc_time_competition_score_high_confidence_name,OK,True,True,True,ACCEPTED
202526-0174,LIVE_REFRESH_VERIFIED,False,False,False,OK,2,4947252,8391,8037,FC København,Kairat Almaty,1,1,1,0.113960114,True,utc_time_competition_score_high_confidence_name,OK,True,True,True,ACCEPTED
202526-0175,LIVE_REFRESH_VERIFIED,False,False,False,OK,1,4947248,2137,9829,Pafos FC,Monaco,1,0.8,0.9,0,True,utc_time_competition_score_high_confidence_name,OK,True,True,True,ACCEPTED
202526-0176,LIVE_REFRESH_VERIFIED,False,False,False,OK,2,4947104,9825,9823,Arsenal,Bayern München,1,1,1,0.2285714286,True,utc_time_competition_score_high_confidence_name,OK,True,True,True,ACCEPTED
202526-0177,LIVE_REFRESH_VERIFIED,False,False,False,OK,5,4947127,9906,8636,Atletico Madrid,Inter,1,0.5263157895,0.7631578947,0.2835249042,True,separated_utc_time_competition_score_alias,OK,True,True,True,ACCEPTED
202526-0178,LIVE_REFRESH_VERIFIED,False,False,False,OK,1,4947180,9810,8524,Eintracht Frankfurt,Atalanta,1,1,1,0,True,utc_time_competition_score_high_confidence_name,OK,True,True,True,ACCEPTED
202526-0179,LIVE_REFRESH_VERIFIED,False,False,False,OK,1,4947141,8650,8640,Liverpool,PSV Eindhoven,1,1,1,0,True,utc_time_competition_score_high_confidence_name,OK,True,True,True,ACCEPTED
202526-0180,LIVE_REFRESH_VERIFIED,False,False,False,OK,1,4947121,8638,8633,Olympiacos,Real Madrid,0.6428571429,1,0.8214285714,0,True,unique_utc_time_competition_score_alias,OK,True,True,True,ACCEPTED
202526-0181,LIVE_REFRESH_VERIFIED,False,False,False,OK,2,4947156,9847,8586,Paris Saint-Germain,Tottenham Hotspur,1,1,1,0.2240896359,True,utc_time_competition_score_high_confidence_name,OK,True,True,True,ACCEPTED
202526-0182,LIVE_REFRESH_VERIFIED,False,False,False,OK,2,4947191,9768,8342,Sporting CP,Club Brugge,0.7586206897,1,0.8793103448,0.24,True,utc_time_competition_score_high_confidence_name,OK,True,True,True,ACCEPTED
202526-0436,LIVE_REFRESH_VERIFIED,False,False,False,OK,5,4947774,8686,8113,Roma,FC Midtjylland,0.7272727273,1,0.8636363636,0.3174603175,True,utc_time_competition_score_high_confidence_name,OK,True,True,True,ACCEPTED
202526-0437,LIVE_REFRESH_VERIFIED,False,False,False,OK,5,4947806,10252,10192,Aston Villa,Young Boys,1,1,1,0.2,True,utc_time_competition_score_high_confidence_name,OK,True,True,True,ACCEPTED
202526-0438,LIVE_REFRESH_VERIFIED,False,False,False,OK,2,4947778,9773,9831,FC Porto,Nice,1,0.6666666667,0.8333333333,0.2613636364,True,separated_utc_time_competition_score_alias,OK,True,True,True,ACCEPTED
202526-0439,LIVE_REFRESH_VERIFIED,False,False,False,OK,1,4947830,6033,8358,Viktoria Plzen,Freiburg,1,1,1,0,True,utc_time_competition_score_high_confidence_name,OK,True,True,True,ACCEPTED
202526-0440,LIVE_REFRESH_VERIFIED,False,False,False,OK,3,4947809,8695,8222,Fenerbahçe,Ferencvaros,1,1,1,0.3014705882,True,utc_time_competition_score_high_confidence_name,OK,True,True,True,ACCEPTED
202526-0441,LIVE_REFRESH_VERIFIED,False,False,False,OK,1,4947781,10235,9925,Feyenoord,Celtic,1,1,1,0,True,utc_time_competition_score_high_confidence_name,OK,True,True,True,ACCEPTED
202526-0442,LIVE_REFRESH_VERIFIED,False,False,False,OK,1,4947784,8639,10156,Lille,Dinamo Zagreb,0.7142857143,1,0.8571428571,0,True,utc_time_competition_score_high_confidence_name,OK,True,True,True,ACCEPTED
202526-0443,LIVE_REFRESH_VERIFIED,False,False,False,OK,3,4947827,8619,8468,PAOK Thessaloniki,Brann,1,0.5882352941,0.7941176471,0.3602941176,True,separated_utc_time_competition_score_alias,OK,True,True,True,ACCEPTED
202526-0444,LIVE_REFRESH_VERIFIED,False,False,False,OK,1,4947863,210173,9910,Ludogorets Razgrad,Celta Vigo,1,0.8695652174,0.9347826087,0,True,utc_time_competition_score_high_confidence_name,OK,True,True,True,ACCEPTED
202526-0863,LIVE_REFRESH_VERIFIED,False,False,False,OK,3,4947944,10229,5751,AZ Alkmaar,Shelbourne,1,1,1,0.2142857143,True,utc_time_competition_score_high_confidence_name,OK,True,True,True,ACCEPTED
202526-0864,LIVE_REFRESH_VERIFIED,False,False,False,OK,1,4948064,4528,545012,Hamrun Spartans,Lincoln Red Imps FC,1,1,1,0,True,utc_time_competition_score_high_confidence_name,OK,True,True,True,ACCEPTED
202526-0865,LIVE_REFRESH_VERIFIED,False,False,False,OK,4,4948016,10107,8428,Zrinjski Mostar,Häcken,1,0.8,0.9,0.3339130435,True,utc_time_competition_score_high_confidence_name,OK,True,True,True,ACCEPTED
202526-0866,LIVE_REFRESH_VERIFIED,False,False,False,OK,3,4947968,2182,7730,Lech Poznan,Lausanne,1,0.6956521739,0.847826087,0.2552380952,True,separated_utc_time_competition_score_alias,OK,True,True,True,ACCEPTED
202526-0867,LIVE_REFRESH_VERIFIED,False,False,False,OK,3,4947996,8044,8688,Omonia Nicosia,Dynamo Kyiv,1,1,1,0.2126315789,True,utc_time_competition_score_high_confidence_name,OK,True,True,True,ACCEPTED
202526-0868,LIVE_REFRESH_VERIFIED,False,False,False,OK,1,4948045,4024,10015,Raków Częstochowa,Rapid Wien,1,1,1,0,True,utc_time_competition_score_high_confidence_name,OK,True,True,True,ACCEPTED
202526-0869,LIVE_REFRESH_VERIFIED,False,False,False,OK,4,4948040,6461,4622,Sigma Olomouc,NK Celje,1,1,1,0.3603896104,True,utc_time_competition_score_high_confidence_name,OK,True,True,True,ACCEPTED
202526-0870,LIVE_REFRESH_VERIFIED,False,False,False,OK,3,4948061,480286,9905,Universitatea Craiova,Mainz 05,1,0.8,0.9,0.2788461538,True,utc_time_competition_score_high_confidence_name,OK,True,True,True,ACCEPTED
202526-0871,LIVE_REFRESH_VERIFIED,False,False,False,OK,4,4947948,6019,8370,Slovan Bratislava,Rayo Vallecano,1,1,1,0.3624338624,True,utc_time_competition_score_high_confidence_name,OK,True,True,True,ACCEPTED
202526-0445,LIVE_REFRESH_VERIFIED,False,False,False,OK,1,4947880,9857,10013,Bologna,Salzburg,1,1,1,0,True,utc_time_competition_score_high_confidence_name,OK,True,True,True,ACCEPTED
202526-0446,LIVE_REFRESH_VERIFIED,False,False,False,OK,1,4947818,8687,9723,FK Crvena Zvezda,FCSB,1,1,1,0,True,utc_time_competition_score_high_confidence_name,OK,True,True,True,ACCEPTED
202526-0447,LIVE_REFRESH_VERIFIED,False,False,False,OK,1,4947904,6433,10269,Go Ahead Eagles,VfB Stuttgart,1,1,1,0,True,utc_time_competition_score_high_confidence_name,OK,True,True,True,ACCEPTED
202526-0448,LIVE_REFRESH_VERIFIED,False,False,False,OK,5,4947911,9987,9931,Genk,Basel,1,1,1,0.2,True,utc_time_competition_score_high_confidence_name,OK,True,True,True,ACCEPTED
202526-0449,LIVE_REFRESH_VERIFIED,False,False,False,OK,1,4947841,7855,9748,Maccabi Tel Aviv,Lyon,1,0.4444444444,0.7222222222,0,True,unique_utc_time_competition_score_alias,OK,True,True,True,ACCEPTED
202526-0450,LIVE_REFRESH_VERIFIED,False,False,False,OK,2,4947867,10203,10237,Nottingham Forest,Malmö FF,1,1,1,0.1363636364,True,utc_time_competition_score_high_confidence_name,OK,True,True,True,ACCEPTED
202526-0451,LIVE_REFRESH_VERIFIED,False,False,False,OK,5,4947895,10200,10014,Panathinaikos,Sturm Graz,1,1,1,0.2915601023,True,utc_time_competition_score_high_confidence_name,OK,True,True,True,ACCEPTED
202526-0452,LIVE_REFRESH_VERIFIED,False,False,False,OK,3,4947789,8548,10264,Rangers,Braga,0.6363636364,0.5263157895,0.5813397129,0.2516447368,True,separated_utc_time_competition_score_alias,OK,True,True,True,ACCEPTED
202526-0453,LIVE_REFRESH_VERIFIED,False,False,False,OK,5,4947799,8603,9908,Real Betis,FC Utrecht,1,1,1,0.2915601023,True,utc_time_competition_score_high_confidence_name,OK,True,True,True,ACCEPTED
202526-0872,LIVE_REFRESH_VERIFIED,False,False,False,OK,1,4948028,8485,866111,Aberdeen,FC Noah,1,1,1,0,True,utc_time_competition_score_high_confidence_name,OK,True,True,True,ACCEPTED
202526-0873,LIVE_REFRESH_VERIFIED,False,False,False,OK,2,4947940,8535,8563,Fiorentina,AEK Athens,1,1,1,0.2119565217,True,utc_time_competition_score_high_confidence_name,OK,True,True,True,ACCEPTED
202526-0874,LIVE_REFRESH_VERIFIED,False,False,False,OK,1,4948038,8332,9750,Breidablik,Samsunspor,1,1,1,0,True,utc_time_competition_score_high_confidence_name,OK,True,True,True,ACCEPTED
202526-0875,LIVE_REFRESH_VERIFIED,False,False,False,OK,3,4948031,784771,2234,Drita,KF Shkendija,1,0.8571428571,0.9285714286,0.2126696833,True,utc_time_competition_score_high_confidence_name,OK,True,True,True,ACCEPTED
202526-0876,LIVE_REFRESH_VERIFIED,False,False,False,OK,1,4948013,10162,7797,Rijeka,AEK Larnaca,1,1,1,0,True,utc_time_competition_score_high_confidence_name,OK,True,True,True,ACCEPTED
202526-0877,LIVE_REFRESH_VERIFIED,False,False,False,OK,3,4948006,1957,1693,Jagiellonia Bialystok,KuPS,1,1,1,0.1634615385,True,utc_time_competition_score_high_confidence_name,OK,True,True,True,ACCEPTED
202526-0878,LIVE_REFRESH_VERIFIED,False,False,False,OK,2,4947954,8673,10247,Legia Warszawa,Sparta Prague,0.9230769231,0.8,0.8615384615,0.1818181818,True,utc_time_competition_score_high_confidence_name,OK,True,True,True,ACCEPTED
202526-0879,LIVE_REFRESH_VERIFIED,False,False,False,OK,4,4948002,9848,9826,Strasbourg,Crystal Palace,0.8695652174,1,0.9347826087,0.3285714286,True,utc_time_competition_score_high_confidence_name,OK,True,True,True,ACCEPTED
202526-0880,LIVE_REFRESH_VERIFIED,False,False,False,OK,1,4947972,4131,9728,Shamrock Rovers,Shakhtar Donetsk,1,1,1,0,True,utc_time_competition_score_high_confidence_name,OK,True,True,True,ACCEPTED
202526-0183,LIVE_REFRESH_VERIFIED,False,False,False,OK,3,4947231,8037,8638,Kairat Almaty,Olympiacos,1,0.6428571429,0.8214285714,0.2095238095,True,separated_utc_time_competition_score_alias,OK,True,True,True,ACCEPTED
202526-0184,LIVE_REFRESH_VERIFIED,False,False,False,OK,2,4947105,9823,9768,Bayern München,Sporting CP,1,0.7586206897,0.8793103448,0.2582417582,True,utc_time_competition_score_high_confidence_name,OK,True,True,True,ACCEPTED
202526-0185,LIVE_REFRESH_VERIFIED,False,False,False,OK,3,4947247,9829,8637,Monaco,Galatasaray,0.8,1,0.9,0.253968254,True,utc_time_competition_score_high_confidence_name,OK,True,True,True,ACCEPTED
202526-0186,LIVE_REFRESH_VERIFIED,False,False,False,OK,2,4947111,8524,8455,Atalanta,Chelsea,1,1,1,0.2330316742,True,utc_time_competition_score_high_confidence_name,OK,True,True,True,ACCEPTED
202526-0187,LIVE_REFRESH_VERIFIED,False,False,False,OK,2,4947146,8634,9810,Barcelona,Eintracht Frankfurt,1,1,1,0.350678733,True,utc_time_competition_score_high_confidence_name,OK,True,True,True,ACCEPTED
202526-0188,LIVE_REFRESH_VERIFIED,False,False,False,OK,3,4947124,8636,8650,Inter,Liverpool,0.5263157895,1,0.7631578947,0.253411306,True,separated_utc_time_competition_score_alias,OK,True,True,True,ACCEPTED
202526-0189,LIVE_REFRESH_VERIFIED,False,False,False,OK,3,4947205,8640,9906,PSV Eindhoven,Atletico Madrid,1,1,1,0.225,True,utc_time_competition_score_high_confidence_name,OK,True,True,True,ACCEPTED
202526-0190,LIVE_REFRESH_VERIFIED,False,False,False,OK,3,4947217,7978,8592,Union St.Gilloise,Marseille,0.9189189189,0.6428571429,0.7808880309,0.3279857398,True,separated_utc_time_competition_score_alias,OK,True,True,True,ACCEPTED
202526-0191,LIVE_REFRESH_VERIFIED,False,False,False,OK,1,4947218,8586,7787,Tottenham Hotspur,Slavia Prague,1,0.8,0.9,0,True,utc_time_competition_score_high_confidence_name,OK,True,True,True,ACCEPTED
202526-0192,LIVE_REFRESH_VERIFIED,False,False,False,OK,1,4947233,7981,8593,Qarabag FK,Ajax,1,1,1,0,True,utc_time_competition_score_high_confidence_name,OK,True,True,True,ACCEPTED
202526-0193,LIVE_REFRESH_VERIFIED,False,False,False,OK,3,4947210,10205,8391,Villarreal,FC København,1,1,1,0.2137681159,True,utc_time_competition_score_high_confidence_name,OK,True,True,True,ACCEPTED
202526-0194,LIVE_REFRESH_VERIFIED,False,False,False,OK,2,4947159,8315,9847,Athletic Club,Paris Saint-Germain,0.6956521739,1,0.847826087,0.2159090909,True,separated_utc_time_competition_score_alias,OK,True,True,True,ACCEPTED
202526-0195,LIVE_REFRESH_VERIFIED,False,False,False,OK,4,4947171,8178,10261,Bayer Leverkusen,Newcastle United,1,1,1,0.2304347826,True,utc_time_competition_score_high_confidence_name,OK,True,True,True,ACCEPTED
202526-0196,LIVE_REFRESH_VERIFIED,False,False,False,OK,4,4947135,9789,8402,Borussia Dortmund,Bodø/Glimt,1,1,1,0.3205645161,True,utc_time_competition_score_high_confidence_name,OK,True,True,True,ACCEPTED
202526-0197,LIVE_REFRESH_VERIFIED,False,False,False,OK,1,4947174,8342,9825,Club Brugge,Arsenal,1,1,1,0,True,utc_time_competition_score_high_confidence_name,OK,True,True,True,ACCEPTED
202526-0198,LIVE_REFRESH_VERIFIED,False,False,False,OK,3,4947202,9885,2137,Juventus,Pafos FC,1,1,1,0.3151515152,True,utc_time_competition_score_high_confidence_name,OK,True,True,True,ACCEPTED
202526-0199,LIVE_REFRESH_VERIFIED,False,False,False,OK,2,4947116,8633,8456,Real Madrid,Manchester City,1,1,1,0.2916666667,True,utc_time_competition_score_high_confidence_name,OK,True,True,True,ACCEPTED
202526-0200,LIVE_REFRESH_VERIFIED,False,False,False,OK,3,4947186,9772,9875,Benfica,Napoli,1,1,1,0.3151515152,True,utc_time_competition_score_high_confidence_name,OK,True,True,True,ACCEPTED
202526-0454,LIVE_REFRESH_VERIFIED,False,False,False,OK,3,4947844,10192,8639,Young Boys,Lille,1,0.7142857143,0.8571428571,0.1721611722,True,utc_time_competition_score_high_confidence_name,OK,True,True,True,ACCEPTED
202526-0455,LIVE_REFRESH_VERIFIED,False,False,False,OK,3,4947855,8113,9987,FC Midtjylland,Genk,1,1,1,0.2063492063,True,utc_time_competition_score_high_confidence_name,OK,True,True,True,ACCEPTED
202526-0456,LIVE_REFRESH_VERIFIED,False,False,False,OK,3,4947907,9908,10203,FC Utrecht,Nottingham Forest,1,1,1,0.1904761905,True,utc_time_competition_score_high_confidence_name,OK,True,True,True,ACCEPTED
202526-0457,LIVE_REFRESH_VERIFIED,False,False,False,OK,3,4947832,8222,8548,Ferencvaros,Rangers,1,0.6363636364,0.8181818182,0.2554347826,True,separated_utc_time_competition_score_alias,OK,True,True,True,ACCEPTED
202526-0458,LIVE_REFRESH_VERIFIED,False,False,False,OK,1,4947792,10156,8603,Dinamo Zagreb,Real Betis,1,1,1,0,True,utc_time_competition_score_high_confidence_name,OK,True,True,True,ACCEPTED
202526-0459,LIVE_REFRESH_VERIFIED,False,False,False,OK,2,4947877,9831,10264,Nice,Braga,0.6666666667,0.5263157895,0.5964912281,0.2037037037,True,separated_utc_time_competition_score_alias,OK,True,True,True,ACCEPTED
202526-0460,LIVE_REFRESH_VERIFIED,False,False,False,OK,1,4947861,210173,8619,Ludogorets Razgrad,PAOK Thessaloniki,1,1,1,0,True,utc_time_competition_score_high_confidence_name,OK,True,True,True,ACCEPTED
202526-0461,LIVE_REFRESH_VERIFIED,False,False,False,OK,2,4947869,10014,8687,Sturm Graz,FK Crvena Zvezda,1,1,1,0.1666666667,True,utc_time_competition_score_high_confidence_name,OK,True,True,True,ACCEPTED
202526-0462,LIVE_REFRESH_VERIFIED,False,False,False,OK,1,4947890,10269,7855,VfB Stuttgart,Maccabi Tel Aviv,1,1,1,0,True,utc_time_competition_score_high_confidence_name,OK,True,True,True,ACCEPTED
202526-0881,LIVE_REFRESH_VERIFIED,False,False,False,OK,3,4947939,8535,8688,Fiorentina,Dynamo Kyiv,1,1,1,0.3173076923,True,utc_time_competition_score_high_confidence_name,OK,True,True,True,ACCEPTED
202526-0882,LIVE_REFRESH_VERIFIED,False,False,False,OK,2,4948056,8428,7797,Häcken,AEK Larnaca,0.8,1,0.9,0.2552631579,True,utc_time_competition_score_high_confidence_name,OK,True,True,True,ACCEPTED
202526-0883,LIVE_REFRESH_VERIFIED,False,False,False,OK,1,4948036,8332,4131,Breidablik,Shamrock Rovers,1,1,1,0,True,utc_time_competition_score_high_confidence_name,OK,True,True,True,ACCEPTED
202526-0884,LIVE_REFRESH_VERIFIED,False,False,False,OK,2,4948029,784771,10229,Drita,AZ Alkmaar,1,1,1,0.2333333333,True,utc_time_competition_score_high_confidence_name,OK,True,True,True,ACCEPTED
202526-0885,LIVE_REFRESH_VERIFIED,False,False,False,OK,3,4948066,866111,8673,FC Noah,Legia Warszawa,1,0.9230769231,0.9615384615,0.22,True,utc_time_competition_score_high_confidence_name,OK,True,True,True,ACCEPTED
202526-0886,LIVE_REFRESH_VERIFIED,False,False,False,OK,3,4948005,1957,8370,Jagiellonia Bialystok,Rayo Vallecano,1,1,1,0.2728494624,True,utc_time_competition_score_high_confidence_name,OK,True,True,True,ACCEPTED
202526-0887,LIVE_REFRESH_VERIFIED,False,False,False,OK,1,4948051,2234,6019,KF Shkendija,Slovan Bratislava,0.8571428571,1,0.9285714286,0,True,utc_time_competition_score_high_confidence_name,OK,True,True,True,ACCEPTED
202526-0888,LIVE_REFRESH_VERIFIED,False,False,False,OK,3,4948043,9750,8563,Samsunspor,AEK Athens,1,1,1,0.2311827957,True,utc_time_competition_score_high_confidence_name,OK,True,True,True,ACCEPTED
202526-0889,LIVE_REFRESH_VERIFIED,False,False,False,OK,3,4948060,480286,10247,Universitatea Craiova,Sparta Prague,1,0.8,0.9,0.2582417582,True,utc_time_competition_score_high_confidence_name,OK,True,True,True,ACCEPTED
202526-0463,LIVE_REFRESH_VERIFIED,False,False,False,OK,1,4947836,9925,8686,Celtic,Roma,1,0.7272727273,0.8636363636,0,True,utc_time_competition_score_high_confidence_name,OK,True,True,True,ACCEPTED
202526-0464,LIVE_REFRESH_VERIFIED,False,False,False,OK,3,4947779,9773,10237,FC Porto,Malmö FF,1,1,1,0.1980676329,True,utc_time_competition_score_high_confidence_name,OK,True,True,True,ACCEPTED
202526-0465,LIVE_REFRESH_VERIFIED,False,False,False,OK,3,4947848,9931,10252,Basel,Aston Villa,1,1,1,0.1904761905,True,utc_time_competition_score_high_confidence_name,OK,True,True,True,ACCEPTED
202526-0466,LIVE_REFRESH_VERIFIED,False,False,False,OK,1,4947872,9723,10235,FCSB,Feyenoord,1,1,1,0,True,utc_time_competition_score_high_confidence_name,OK,True,True,True,ACCEPTED
202526-0467,LIVE_REFRESH_VERIFIED,False,False,False,OK,3,4947823,9748,6433,Lyon,Go Ahead Eagles,0.4444444444,1,0.7222222222,0.1922196796,True,separated_utc_time_competition_score_alias,OK,True,True,True,ACCEPTED
202526-0468,LIVE_REFRESH_VERIFIED,False,False,False,OK,1,4947894,10200,6033,Panathinaikos,Viktoria Plzen,1,1,1,0,True,utc_time_competition_score_high_confidence_name,OK,True,True,True,ACCEPTED
202526-0469,LIVE_REFRESH_VERIFIED,False,False,False,OK,3,4947888,9910,9857,Celta Vigo,Bologna,0.8695652174,1,0.9347826087,0.2777777778,True,utc_time_competition_score_high_confidence_name,OK,True,True,True,ACCEPTED
202526-0470,LIVE_REFRESH_VERIFIED,False,False,False,OK,3,4947856,8358,10013,Freiburg,Salzburg,1,1,1,0.1359649123,True,utc_time_competition_score_high_confidence_name,OK,True,True,True,ACCEPTED
202526-0471,LIVE_REFRESH_VERIFIED,False,False,False,OK,1,4947914,8468,8695,Brann,Fenerbahçe,0.5882352941,1,0.7941176471,0,True,unique_utc_time_competition_score_alias,OK,True,True,True,ACCEPTED
202526-0890,LIVE_REFRESH_VERIFIED,False,False,False,OK,2,4948027,8485,9848,Aberdeen,Strasbourg,1,0.8695652174,0.9347826087,0.3333333333,True,utc_time_competition_score_high_confidence_name,OK,True,True,True,ACCEPTED
202526-0891,LIVE_REFRESH_VERIFIED,False,False,False,OK,1,4948063,4528,9728,Hamrun Spartans,Shakhtar Donetsk,1,1,1,0,True,utc_time_competition_score_high_confidence_name,OK,True,True,True,ACCEPTED
202526-0892,LIVE_REFRESH_VERIFIED,False,False,False,OK,1,4948012,10162,4622,Rijeka,NK Celje,1,1,1,0,True,utc_time_competition_score_high_confidence_name,OK,True,True,True,ACCEPTED
202526-0893,LIVE_REFRESH_VERIFIED,False,False,False,OK,2,4947967,2182,9905,Lech Poznan,Mainz 05,1,0.8,0.9,0.2480818414,True,utc_time_competition_score_high_confidence_name,OK,True,True,True,ACCEPTED
202526-0894,LIVE_REFRESH_VERIFIED,False,False,False,OK,1,4948022,1693,7730,KuPS,Lausanne,1,0.6956521739,0.847826087,0,True,unique_utc_time_competition_score_alias,OK,True,True,True,ACCEPTED
202526-0895,LIVE_REFRESH_VERIFIED,False,False,False,OK,3,4948019,545012,6461,Lincoln Red Imps FC,Sigma Olomouc,1,1,1,0.2111111111,True,utc_time_competition_score_high_confidence_name,OK,True,True,True,ACCEPTED
202526-0896,LIVE_REFRESH_VERIFIED,False,False,False,OK,1,4948046,4024,10107,Raków Częstochowa,Zrinjski Mostar,1,1,1,0,True,utc_time_competition_score_high_confidence_name,OK,True,True,True,ACCEPTED
202526-0897,LIVE_REFRESH_VERIFIED,False,False,False,OK,2,4948069,5751,9826,Shelbourne,Crystal Palace,1,1,1,0.2333333333,True,utc_time_competition_score_high_confidence_name,OK,True,True,True,ACCEPTED
202526-0898,LIVE_REFRESH_VERIFIED,False,False,False,OK,2,4947952,10015,8044,Rapid Wien,Omonia Nicosia,1,1,1,0.2638888889,True,utc_time_competition_score_high_confidence_name,OK,True,True,True,ACCEPTED
202526-0899,LIVE_REFRESH_VERIFIED,False,False,False,OK,2,4948001,9905,9750,Mainz 05,Samsunspor,0.8,1,0.9,0.1149068323,True,utc_time_competition_score_high_confidence_name,OK,True,True,True,ACCEPTED
202526-0900,LIVE_REFRESH_VERIFIED,False,False,False,OK,2,4947958,10247,8485,Sparta Prague,Aberdeen,0.8,1,0.9,0.1923076923,True,utc_time_competition_score_high_confidence_name,OK,True,True,True,ACCEPTED
202526-0901,LIVE_REFRESH_VERIFIED,False,False,False,OK,1,4948025,8563,480286,AEK Athens,Universitatea Craiova,1,1,1,0,True,utc_time_competition_score_high_confidence_name,OK,True,True,True,ACCEPTED
202526-0902,LIVE_REFRESH_VERIFIED,False,False,False,OK,3,4948050,7797,2234,AEK Larnaca,KF Shkendija,1,0.8571428571,0.9285714286,0.4452380952,True,utc_time_competition_score_high_confidence_name,OK,True,True,True,ACCEPTED
202526-0903,LIVE_REFRESH_VERIFIED,False,False,False,OK,3,4947943,10229,1957,AZ Alkmaar,Jagiellonia Bialystok,1,1,1,0.2279202279,True,utc_time_competition_score_high_confidence_name,OK,True,True,True,ACCEPTED
202526-0904,LIVE_REFRESH_VERIFIED,False,False,False,OK,1,4947964,9826,1693,Crystal Palace,KuPS,1,1,1,0,True,utc_time_competition_score_high_confidence_name,OK,True,True,True,ACCEPTED
202526-0905,LIVE_REFRESH_VERIFIED,False,False,False,OK,3,4947946,9728,10162,Shakhtar Donetsk,Rijeka,1,1,1,0.264957265,True,utc_time_competition_score_high_confidence_name,OK,True,True,True,ACCEPTED
202526-0906,LIVE_REFRESH_VERIFIED,False,False,False,OK,2,4947962,8688,866111,Dynamo Kyiv,FC Noah,1,1,1,0.2481203008,True,utc_time_competition_score_high_confidence_name,OK,True,True,True,ACCEPTED
202526-0907,LIVE_REFRESH_VERIFIED,False,False,False,OK,3,4948057,7730,8535,Lausanne,Fiorentina,0.6956521739,1,0.847826087,0.3426573427,True,separated_utc_time_competition_score_alias,OK,True,True,True,ACCEPTED
202526-0908,LIVE_REFRESH_VERIFIED,False,False,False,OK,1,4948014,10107,10015,Zrinjski Mostar,Rapid Wien,1,1,1,0,True,utc_time_competition_score_high_confidence_name,OK,True,True,True,ACCEPTED
202526-0909,LIVE_REFRESH_VERIFIED,False,False,False,OK,1,4947955,8673,545012,Legia Warszawa,Lincoln Red Imps FC,0.9230769231,1,0.9615384615,0,True,utc_time_competition_score_high_confidence_name,OK,True,True,True,ACCEPTED
202526-0910,LIVE_REFRESH_VERIFIED,False,False,False,OK,3,4948010,4622,5751,NK Celje,Shelbourne,1,1,1,0.1956989247,True,utc_time_competition_score_high_confidence_name,OK,True,True,True,ACCEPTED
202526-0911,LIVE_REFRESH_VERIFIED,False,False,False,OK,1,4947998,8044,4024,Omonia Nicosia,Raków Częstochowa,1,1,1,0,True,utc_time_competition_score_high_confidence_name,OK,True,True,True,ACCEPTED
202526-0912,LIVE_REFRESH_VERIFIED,False,False,False,OK,2,4948004,9848,8332,Strasbourg,Breidablik,0.8695652174,1,0.9347826087,0.2228571429,True,utc_time_competition_score_high_confidence_name,OK,True,True,True,ACCEPTED
202526-0913,LIVE_REFRESH_VERIFIED,False,False,False,OK,2,4947970,8370,784771,Rayo Vallecano,Drita,1,1,1,0.188034188,True,utc_time_competition_score_high_confidence_name,OK,True,True,True,ACCEPTED
202526-0914,LIVE_REFRESH_VERIFIED,False,False,False,OK,2,4947974,4131,4528,Shamrock Rovers,Hamrun Spartans,1,1,1,0.16,True,utc_time_competition_score_high_confidence_name,OK,True,True,True,ACCEPTED
202526-0915,LIVE_REFRESH_VERIFIED,False,False,False,OK,1,4948039,6461,2182,Sigma Olomouc,Lech Poznan,1,1,1,0,True,utc_time_competition_score_high_confidence_name,OK,True,True,True,ACCEPTED
202526-0916,LIVE_REFRESH_VERIFIED,False,False,False,OK,3,4947950,6019,8428,Slovan Bratislava,Häcken,1,0.8,0.9,0.4642857143,True,utc_time_competition_score_high_confidence_name,OK,True,True,True,ACCEPTED
202526-0201,LIVE_REFRESH_VERIFIED,False,False,False,OK,1,4947193,8037,8342,Kairat Almaty,Club Brugge,1,1,1,0,True,utc_time_competition_score_high_confidence_name,OK,True,True,True,ACCEPTED
202526-0202,LIVE_REFRESH_VERIFIED,False,False,False,OK,1,4947163,8402,8456,Bodø/Glimt,Manchester City,1,1,1,0,True,utc_time_competition_score_high_confidence_name,OK,True,True,True,ACCEPTED
202526-0203,LIVE_REFRESH_VERIFIED,False,False,False,OK,2,4947240,8391,9875,FC København,Napoli,1,1,1,0.1928571429,True,utc_time_competition_score_high_confidence_name,OK,True,True,True,ACCEPTED
202526-0204,LIVE_REFRESH_VERIFIED,False,False,False,OK,1,4947126,8636,9825,Inter,Arsenal,0.5263157895,1,0.7631578947,0,True,unique_utc_time_competition_score_alias,OK,True,True,True,ACCEPTED
202526-0205,LIVE_REFRESH_VERIFIED,False,False,False,OK,4,4947170,8638,8178,Olympiacos,Bayer Leverkusen,0.6428571429,1,0.8214285714,0.2658008658,True,separated_utc_time_competition_score_alias,OK,True,True,True,ACCEPTED
202526-0206,LIVE_REFRESH_VERIFIED,False,False,False,OK,1,4947122,8633,9829,Real Madrid,Monaco,1,0.8,0.9,0,True,utc_time_competition_score_high_confidence_name,OK,True,True,True,ACCEPTED
202526-0207,LIVE_REFRESH_VERIFIED,False,False,False,OK,1,4947157,9768,9847,Sporting CP,Paris Saint-Germain,0.7586206897,1,0.8793103448,0,True,utc_time_competition_score_high_confidence_name,OK,True,True,True,ACCEPTED
202526-0208,LIVE_REFRESH_VERIFIED,False,False,False,OK,4,4947136,8586,9789,Tottenham Hotspur,Borussia Dortmund,1,1,1,0.2996632997,True,utc_time_competition_score_high_confidence_name,OK,True,True,True,ACCEPTED
202526-0209,LIVE_REFRESH_VERIFIED,False,False,False,OK,1,4947208,10205,8593,Villarreal,Ajax,1,1,1,0,True,utc_time_competition_score_high_confidence_name,OK,True,True,True,ACCEPTED
202526-0210,LIVE_REFRESH_VERIFIED,False,False,False,OK,2,4947207,8637,9906,Galatasaray,Atletico Madrid,1,1,1,0.1928571429,True,utc_time_competition_score_high_confidence_name,OK,True,True,True,ACCEPTED
202526-0211,LIVE_REFRESH_VERIFIED,False,False,False,OK,1,4947198,7981,9810,Qarabag FK,Eintracht Frankfurt,1,1,1,0,True,utc_time_competition_score_high_confidence_name,OK,True,True,True,ACCEPTED
202526-0212,LIVE_REFRESH_VERIFIED,False,False,False,OK,1,4947183,8524,8315,Atalanta,Athletic Club,1,0.6956521739,0.847826087,0,True,unique_utc_time_competition_score_alias,OK,True,True,True,ACCEPTED
202526-0213,LIVE_REFRESH_VERIFIED,False,False,False,OK,1,4947114,8455,2137,Chelsea,Pafos FC,1,1,1,0,True,utc_time_competition_score_high_confidence_name,OK,True,True,True,ACCEPTED
202526-0214,LIVE_REFRESH_VERIFIED,False,False,False,OK,4,4947107,9823,7978,Bayern München,Union St.Gilloise,1,0.9189189189,0.9594594595,0.2474747475,True,utc_time_competition_score_high_confidence_name,OK,True,True,True,ACCEPTED
202526-0215,LIVE_REFRESH_VERIFIED,False,False,False,OK,4,4947185,9885,9772,Juventus,Benfica,1,1,1,0.2433333333,True,utc_time_competition_score_high_confidence_name,OK,True,True,True,ACCEPTED
202526-0216,LIVE_REFRESH_VERIFIED,False,False,False,OK,1,4947238,10261,8640,Newcastle United,PSV Eindhoven,1,1,1,0,True,utc_time_competition_score_high_confidence_name,OK,True,True,True,ACCEPTED
202526-0217,LIVE_REFRESH_VERIFIED,False,False,False,OK,1,4947142,8592,8650,Marseille,Liverpool,0.6428571429,1,0.8214285714,0,True,unique_utc_time_competition_score_alias,OK,True,True,True,ACCEPTED
202526-0218,LIVE_REFRESH_VERIFIED,False,False,False,OK,1,4947151,7787,8634,Slavia Prague,Barcelona,0.8,1,0.9,0,True,utc_time_competition_score_high_confidence_name,OK,True,True,True,ACCEPTED
202526-0472,LIVE_REFRESH_VERIFIED,False,False,False,OK,1,4947882,9857,9925,Bologna,Celtic,1,1,1,0,True,utc_time_competition_score_high_confidence_name,OK,True,True,True,ACCEPTED
202526-0473,LIVE_REFRESH_VERIFIED,False,False,False,OK,3,4947845,10192,9748,Young Boys,Lyon,1,0.4444444444,0.7222222222,0.1851851852,True,separated_utc_time_competition_score_alias,OK,True,True,True,ACCEPTED
202526-0474,LIVE_REFRESH_VERIFIED,False,False,False,OK,2,4947828,6033,9773,Viktoria Plzen,FC Porto,1,1,1,0.2311111111,True,utc_time_competition_score_high_confidence_name,OK,True,True,True,ACCEPTED
202526-0475,LIVE_REFRESH_VERIFIED,False,False,False,OK,3,4947808,8695,10252,Fenerbahçe,Aston Villa,1,1,1,0.2333333333,True,utc_time_competition_score_high_confidence_name,OK,True,True,True,ACCEPTED
202526-0476,LIVE_REFRESH_VERIFIED,False,False,False,OK,1,4947782,10235,10014,Feyenoord,Sturm Graz,1,1,1,0,True,utc_time_competition_score_high_confidence_name,OK,True,True,True,ACCEPTED
202526-0477,LIVE_REFRESH_VERIFIED,False,False,False,OK,3,4947898,10237,8687,Malmö FF,FK Crvena Zvezda,1,1,1,0.1699346405,True,utc_time_competition_score_high_confidence_name,OK,True,True,True,ACCEPTED
202526-0478,LIVE_REFRESH_VERIFIED,False,False,False,OK,2,4947824,8619,8603,PAOK Thessaloniki,Real Betis,1,1,1,0.1345755694,True,utc_time_competition_score_high_confidence_name,OK,True,True,True,ACCEPTED
202526-0479,LIVE_REFRESH_VERIFIED,False,False,False,OK,3,4947857,8358,7855,Freiburg,Maccabi Tel Aviv,1,1,1,0.2588235294,True,utc_time_competition_score_high_confidence_name,OK,True,True,True,ACCEPTED
202526-0480,LIVE_REFRESH_VERIFIED,False,False,False,OK,1,4947915,8468,8113,Brann,FC Midtjylland,0.5882352941,1,0.7941176471,0,True,unique_utc_time_competition_score_alias,OK,True,True,True,ACCEPTED
202526-0481,LIVE_REFRESH_VERIFIED,False,False,False,OK,2,4947775,8686,10269,Roma,VfB Stuttgart,0.7272727273,1,0.8636363636,0.2119565217,True,utc_time_competition_score_high_confidence_name,OK,True,True,True,ACCEPTED
202526-0482,LIVE_REFRESH_VERIFIED,False,False,False,OK,1,4947908,9908,9987,FC Utrecht,Genk,1,1,1,0,True,utc_time_competition_score_high_confidence_name,OK,True,True,True,ACCEPTED
202526-0483,LIVE_REFRESH_VERIFIED,False,False,False,OK,2,4947802,10013,9931,Salzburg,Basel,1,1,1,0.1,True,utc_time_competition_score_high_confidence_name,OK,True,True,True,ACCEPTED
202526-0484,LIVE_REFRESH_VERIFIED,False,False,False,OK,2,4947835,8222,10200,Ferencvaros,Panathinaikos,1,1,1,0.2866666667,True,utc_time_competition_score_high_confidence_name,OK,True,True,True,ACCEPTED
202526-0485,LIVE_REFRESH_VERIFIED,False,False,False,OK,1,4947794,10156,9723,Dinamo Zagreb,FCSB,1,1,1,0,True,utc_time_competition_score_high_confidence_name,OK,True,True,True,ACCEPTED
202526-0486,LIVE_REFRESH_VERIFIED,False,False,False,OK,2,4947879,9831,6433,Nice,Go Ahead Eagles,0.6666666667,1,0.8333333333,0.2125,True,separated_utc_time_competition_score_alias,OK,True,True,True,ACCEPTED
202526-0487,LIVE_REFRESH_VERIFIED,False,False,False,OK,3,4947790,8548,210173,Rangers,Ludogorets Razgrad,0.6363636364,1,0.8181818182,0.3214285714,True,separated_utc_time_competition_score_alias,OK,True,True,True,ACCEPTED
202526-0488,LIVE_REFRESH_VERIFIED,False,False,False,OK,1,4947885,9910,8639,Celta Vigo,Lille,0.8695652174,0.7142857143,0.7919254658,0,True,unique_utc_time_competition_score_alias,OK,True,True,True,ACCEPTED
202526-0489,LIVE_REFRESH_VERIFIED,False,False,False,OK,3,4947814,10264,10203,Braga,Nottingham Forest,0.5263157895,1,0.7631578947,0.3619047619,True,separated_utc_time_competition_score_alias,OK,True,True,True,ACCEPTED
202526-0219,LIVE_REFRESH_VERIFIED,False,False,False,OK,3,4947229,8593,8638,Ajax,Olympiacos,1,0.6428571429,0.8214285714,0.216374269,True,separated_utc_time_competition_score_alias,OK,True,True,True,ACCEPTED
202526-0220,LIVE_REFRESH_VERIFIED,False,False,False,OK,1,4947177,9825,8037,Arsenal,Kairat Almaty,1,1,1,0,True,utc_time_competition_score_high_confidence_name,OK,True,True,True,ACCEPTED
202526-0221,LIVE_REFRESH_VERIFIED,False,False,False,OK,1,4947203,9829,9885,Monaco,Juventus,0.8,1,0.9,0,True,utc_time_competition_score_high_confidence_name,OK,True,True,True,ACCEPTED
202526-0222,LIVE_REFRESH_VERIFIED,False,False,False,OK,2,4947227,8315,9768,Athletic Club,Sporting CP,0.6956521739,0.7586206897,0.7271364318,0.1828571429,True,separated_utc_time_competition_score_alias,OK,True,True,True,ACCEPTED
202526-0223,LIVE_REFRESH_VERIFIED,False,False,False,OK,3,4947204,9906,8402,Atletico Madrid,Bodø/Glimt,1,1,1,0.2631578947,True,utc_time_competition_score_high_confidence_name,OK,True,True,True,ACCEPTED
202526-0224,LIVE_REFRESH_VERIFIED,False,False,False,OK,2,4947167,8178,10205,Bayer Leverkusen,Villarreal,1,1,1,0.3014354067,True,utc_time_competition_score_high_confidence_name,OK,True,True,True,ACCEPTED
202526-0225,LIVE_REFRESH_VERIFIED,False,False,False,OK,2,4947125,9789,8636,Borussia Dortmund,Inter,1,0.5263157895,0.7631578947,0.2078853047,True,separated_utc_time_competition_score_alias,OK,True,True,True,ACCEPTED
202526-0226,LIVE_REFRESH_VERIFIED,False,False,False,OK,2,4947190,8342,8592,Club Brugge,Marseille,1,0.6428571429,0.8214285714,0.3197492163,True,separated_utc_time_competition_score_alias,OK,True,True,True,ACCEPTED
202526-0227,LIVE_REFRESH_VERIFIED,False,False,False,OK,2,4947195,9810,8586,Eintracht Frankfurt,Tottenham Hotspur,1,1,1,0.2752525253,True,utc_time_competition_score_high_confidence_name,OK,True,True,True,ACCEPTED
202526-0228,LIVE_REFRESH_VERIFIED,False,False,False,OK,2,4947152,8634,8391,Barcelona,FC København,1,1,1,0.2337662338,True,utc_time_competition_score_high_confidence_name,OK,True,True,True,ACCEPTED
202526-0229,LIVE_REFRESH_VERIFIED,False,False,False,OK,1,4947143,8650,7981,Liverpool,Qarabag FK,1,1,1,0,True,utc_time_competition_score_high_confidence_name,OK,True,True,True,ACCEPTED
202526-0230,LIVE_REFRESH_VERIFIED,False,False,False,OK,1,4947164,8456,8637,Manchester City,Galatasaray,1,1,1,0,True,utc_time_competition_score_high_confidence_name,OK,True,True,True,ACCEPTED
202526-0231,LIVE_REFRESH_VERIFIED,False,False,False,OK,2,4947235,2137,7787,Pafos FC,Slavia Prague,1,0.8,0.9,0.2380952381,True,utc_time_competition_score_high_confidence_name,OK,True,True,True,ACCEPTED
202526-0232,LIVE_REFRESH_VERIFIED,False,False,False,OK,1,4947158,9847,10261,Paris Saint-Germain,Newcastle United,1,1,1,0,True,utc_time_competition_score_high_confidence_name,OK,True,True,True,ACCEPTED
202526-0233,LIVE_REFRESH_VERIFIED,False,False,False,OK,3,4947106,8640,9823,PSV Eindhoven,Bayern München,1,1,1,0.2375776398,True,utc_time_competition_score_high_confidence_name,OK,True,True,True,ACCEPTED
202526-0234,LIVE_REFRESH_VERIFIED,False,False,False,OK,1,4947184,7978,8524,Union St.Gilloise,Atalanta,0.9189189189,1,0.9594594595,0,True,utc_time_competition_score_high_confidence_name,OK,True,True,True,ACCEPTED
202526-0235,LIVE_REFRESH_VERIFIED,False,False,False,OK,1,4947119,9772,8633,Benfica,Real Madrid,1,1,1,0,True,utc_time_competition_score_high_confidence_name,OK,True,True,True,ACCEPTED
202526-0236,LIVE_REFRESH_VERIFIED,False,False,False,OK,2,4947113,9875,8455,Napoli,Chelsea,1,1,1,0.2698412698,True,utc_time_competition_score_high_confidence_name,OK,True,True,True,ACCEPTED
202526-0490,LIVE_REFRESH_VERIFIED,False,False,False,OK,2,4947804,10252,10013,Aston Villa,Salzburg,1,1,1,0.1805555556,True,utc_time_competition_score_high_confidence_name,OK,True,True,True,ACCEPTED
202526-0491,LIVE_REFRESH_VERIFIED,False,False,False,OK,2,4947839,9925,9908,Celtic,FC Utrecht,1,1,1,0.1833333333,True,utc_time_competition_score_high_confidence_name,OK,True,True,True,ACCEPTED
202526-0492,LIVE_REFRESH_VERIFIED,False,False,False,OK,1,4947776,9773,8548,FC Porto,Rangers,1,0.6363636364,0.8181818182,0,True,unique_utc_time_competition_score_alias,OK,True,True,True,ACCEPTED
202526-0493,LIVE_REFRESH_VERIFIED,False,False,False,OK,1,4947849,9931,6033,Basel,Viktoria Plzen,1,1,1,0,True,utc_time_competition_score_high_confidence_name,OK,True,True,True,ACCEPTED
202526-0494,LIVE_REFRESH_VERIFIED,False,False,False,OK,1,4947852,8113,10156,FC Midtjylland,Dinamo Zagreb,1,1,1,0,True,utc_time_competition_score_high_confidence_name,OK,True,True,True,ACCEPTED
202526-0495,LIVE_REFRESH_VERIFIED,False,False,False,OK,3,4947819,8687,9910,FK Crvena Zvezda,Celta Vigo,1,0.8695652174,0.9347826087,0.1742081448,True,utc_time_competition_score_high_confidence_name,OK,True,True,True,ACCEPTED
202526-0496,LIVE_REFRESH_VERIFIED,False,False,False,OK,3,4947873,9723,8695,FCSB,Fenerbahçe,1,1,1,0.2016806723,True,utc_time_competition_score_high_confidence_name,OK,True,True,True,ACCEPTED
202526-0497,LIVE_REFRESH_VERIFIED,False,False,False,OK,1,4947902,6433,10264,Go Ahead Eagles,Braga,1,0.5263157895,0.7631578947,0,True,unique_utc_time_competition_score_alias,OK,True,True,True,ACCEPTED
202526-0498,LIVE_REFRESH_VERIFIED,False,False,False,OK,2,4947912,9987,10237,Genk,Malmö FF,1,1,1,0.1302521008,True,utc_time_competition_score_high_confidence_name,OK,True,True,True,ACCEPTED
202526-0499,LIVE_REFRESH_VERIFIED,False,False,False,OK,3,4947786,8639,8358,Lille,Freiburg,0.7142857143,1,0.8571428571,0.1944444444,True,utc_time_competition_score_high_confidence_name,OK,True,True,True,ACCEPTED
202526-0500,LIVE_REFRESH_VERIFIED,False,False,False,OK,1,4947843,7855,9857,Maccabi Tel Aviv,Bologna,1,1,1,0,True,utc_time_competition_score_high_confidence_name,OK,True,True,True,ACCEPTED
202526-0501,LIVE_REFRESH_VERIFIED,False,False,False,OK,1,4947865,10203,8222,Nottingham Forest,Ferencvaros,1,1,1,0,True,utc_time_competition_score_high_confidence_name,OK,True,True,True,ACCEPTED
202526-0502,LIVE_REFRESH_VERIFIED,False,False,False,OK,2,4947821,9748,8619,Lyon,PAOK Thessaloniki,0.4444444444,1,0.7222222222,0.1833333333,True,separated_utc_time_competition_score_alias,OK,True,True,True,ACCEPTED
202526-0503,LIVE_REFRESH_VERIFIED,False,False,False,OK,3,4947893,10200,8686,Panathinaikos,Roma,1,0.7272727273,0.8636363636,0.2918552036,True,utc_time_competition_score_high_confidence_name,OK,True,True,True,ACCEPTED
202526-0504,LIVE_REFRESH_VERIFIED,False,False,False,OK,3,4947862,210173,9831,Ludogorets Razgrad,Nice,1,0.6666666667,0.8333333333,0.2554945055,True,separated_utc_time_competition_score_alias,OK,True,True,True,ACCEPTED
202526-0505,LIVE_REFRESH_VERIFIED,False,False,False,OK,2,4947796,8603,10235,Real Betis,Feyenoord,1,1,1,0.1302521008,True,utc_time_competition_score_high_confidence_name,OK,True,True,True,ACCEPTED
202526-0506,LIVE_REFRESH_VERIFIED,False,False,False,OK,3,4947871,10014,8468,Sturm Graz,Brann,1,0.5882352941,0.7941176471,0.3035714286,True,separated_utc_time_competition_score_alias,OK,True,True,True,ACCEPTED
202526-0507,LIVE_REFRESH_VERIFIED,False,False,False,OK,2,4947891,10269,10192,VfB Stuttgart,Young Boys,1,1,1,0.2361111111,True,utc_time_competition_score_high_confidence_name,OK,True,True,True,ACCEPTED
202526-0239,LIVE_REFRESH_VERIFIED,False,False,False,OK,1,5161867,8637,9885,Galatasaray,Juventus,1,1,1,0,True,utc_time_competition_score_high_confidence_name,OK,True,True,True,ACCEPTED
202526-0237,LIVE_REFRESH_VERIFIED,False,False,False,OK,1,5161863,9829,9847,Monaco,Paris Saint-Germain,0.8,1,0.9,0,True,utc_time_competition_score_high_confidence_name,OK,True,True,True,ACCEPTED
202526-0241,LIVE_REFRESH_VERIFIED,False,False,False,OK,1,5161859,9772,8633,Benfica,Real Madrid,1,1,1,0,True,utc_time_competition_score_high_confidence_name,OK,True,True,True,ACCEPTED
202526-0243,LIVE_REFRESH_VERIFIED,False,False,False,OK,2,5161871,9789,8524,Borussia Dortmund,Atalanta,1,1,1,0.3830645161,True,utc_time_competition_score_high_confidence_name,OK,True,True,True,ACCEPTED
202526-0245,LIVE_REFRESH_VERIFIED,False,False,False,OK,1,5161865,7981,10261,Qarabag FK,Newcastle United,1,1,1,0,True,utc_time_competition_score_high_confidence_name,OK,True,True,True,ACCEPTED
202526-0247,LIVE_REFRESH_VERIFIED,False,False,False,OK,1,5161869,8342,9906,Club Brugge,Atletico Madrid,1,1,1,0,True,utc_time_competition_score_high_confidence_name,OK,True,True,True,ACCEPTED
202526-0249,LIVE_REFRESH_VERIFIED,False,False,False,OK,2,5161861,8402,8636,Bodø/Glimt,Inter,1,0.5263157895,0.7631578947,0.1488095238,True,separated_utc_time_competition_score_alias,OK,True,True,True,ACCEPTED
202526-0251,LIVE_REFRESH_VERIFIED,False,False,False,OK,2,5161873,8638,8178,Olympiacos,Bayer Leverkusen,0.6428571429,1,0.8214285714,0.2298136646,True,separated_utc_time_competition_score_alias,OK,True,True,True,ACCEPTED
202526-0512,LIVE_REFRESH_VERIFIED,False,False,False,OK,1,5161881,10156,9987,Dinamo Zagreb,Genk,1,1,1,0,True,utc_time_competition_score_high_confidence_name,OK,True,True,True,ACCEPTED
202526-0514,LIVE_REFRESH_VERIFIED,False,False,False,OK,1,5161885,8619,9910,PAOK Thessaloniki,Celta Vigo,1,0.8695652174,0.9347826087,0,True,utc_time_competition_score_high_confidence_name,OK,True,True,True,ACCEPTED
202526-0518,LIVE_REFRESH_VERIFIED,False,False,False,OK,1,5161886,8695,10203,Fenerbahçe,Nottingham Forest,1,1,1,0,True,utc_time_competition_score_high_confidence_name,OK,True,True,True,ACCEPTED
202526-0520,LIVE_REFRESH_VERIFIED,False,False,False,OK,2,5161883,8468,9857,Brann,Bologna,0.5882352941,1,0.7941176471,0.1588235294,True,separated_utc_time_competition_score_alias,OK,True,True,True,ACCEPTED
202526-0917,LIVE_REFRESH_VERIFIED,False,False,False,OK,1,5141718,1693,2182,KuPS,Lech Poznan,1,1,1,0,True,utc_time_competition_score_high_confidence_name,OK,True,True,True,ACCEPTED
202526-0919,LIVE_REFRESH_VERIFIED,False,False,False,OK,1,5141720,866111,10229,FC Noah,AZ Alkmaar,1,1,1,0,True,utc_time_competition_score_high_confidence_name,OK,True,True,True,ACCEPTED
202526-0921,LIVE_REFRESH_VERIFIED,False,False,False,OK,2,5141716,10107,9826,Zrinjski Mostar,Crystal Palace,1,1,1,0.2792207792,True,utc_time_competition_score_high_confidence_name,OK,True,True,True,ACCEPTED
202526-0929,LIVE_REFRESH_VERIFIED,False,False,False,OK,2,5141717,6461,7730,Sigma Olomouc,Lausanne,1,0.6956521739,0.847826087,0.2820197044,True,separated_utc_time_competition_score_alias,OK,True,True,True,ACCEPTED
202526-0508,LIVE_REFRESH_VERIFIED,False,False,False,OK,1,5161880,210173,8222,Ludogorets Razgrad,Ferencvaros,1,1,1,0,True,utc_time_competition_score_high_confidence_name,OK,True,True,True,ACCEPTED
202526-0510,LIVE_REFRESH_VERIFIED,False,False,False,OK,1,5161884,10200,6033,Panathinaikos,Viktoria Plzen,1,1,1,0,True,utc_time_competition_score_high_confidence_name,OK,True,True,True,ACCEPTED
202526-0516,LIVE_REFRESH_VERIFIED,False,False,False,OK,1,5161882,9925,10269,Celtic,VfB Stuttgart,1,1,1,0,True,utc_time_competition_score_high_confidence_name,OK,True,True,True,ACCEPTED
202526-0522,LIVE_REFRESH_VERIFIED,False,False,False,OK,2,5161887,8639,8687,Lille,FK Crvena Zvezda,0.7142857143,1,0.8571428571,0.1,True,utc_time_competition_score_high_confidence_name,OK,True,True,True,ACCEPTED
202526-0923,LIVE_REFRESH_VERIFIED,False,False,False,OK,1,5141722,1957,8535,Jagiellonia Bialystok,Fiorentina,1,1,1,0,True,utc_time_competition_score_high_confidence_name,OK,True,True,True,ACCEPTED
202526-0925,LIVE_REFRESH_VERIFIED,False,False,False,OK,2,5141719,2234,9750,KF Shkendija,Samsunspor,0.8571428571,1,0.9285714286,0.1929347826,True,utc_time_competition_score_high_confidence_name,OK,True,True,True,ACCEPTED
202526-0927,LIVE_REFRESH_VERIFIED,False,False,False,OK,1,5141721,784771,4622,Drita,NK Celje,1,1,1,0,True,utc_time_competition_score_high_confidence_name,OK,True,True,True,ACCEPTED
202526-0931,LIVE_REFRESH_VERIFIED,False,False,False,OK,2,5141723,8044,10162,Omonia Nicosia,Rijeka,1,1,1,0.1778846154,True,utc_time_competition_score_high_confidence_name,OK,True,True,True,ACCEPTED
202526-0248,LIVE_REFRESH_VERIFIED,False,False,False,OK,2,5161870,9906,8342,Atletico Madrid,Club Brugge,1,1,1,0.347826087,True,utc_time_competition_score_high_confidence_name,OK,True,True,True,ACCEPTED
202526-0246,LIVE_REFRESH_VERIFIED,False,False,False,OK,2,5161866,10261,7981,Newcastle United,Qarabag FK,1,1,1,0.25,True,utc_time_competition_score_high_confidence_name,OK,True,True,True,ACCEPTED
202526-0250,LIVE_REFRESH_VERIFIED,False,False,False,OK,1,5161862,8636,8402,Inter,Bodø/Glimt,0.5263157895,1,0.7631578947,0,True,unique_utc_time_competition_score_alias,OK,True,True,True,ACCEPTED
202526-0252,LIVE_REFRESH_VERIFIED,False,False,False,OK,1,5161874,8178,8638,Bayer Leverkusen,Olympiacos,1,0.6428571429,0.8214285714,0,True,unique_utc_time_competition_score_alias,OK,True,True,True,ACCEPTED
202526-0244,LIVE_REFRESH_VERIFIED,False,False,False,OK,2,5161872,8524,9789,Atalanta,Borussia Dortmund,1,1,1,0.2608695652,True,utc_time_competition_score_high_confidence_name,OK,True,True,True,ACCEPTED
202526-0238,LIVE_REFRESH_VERIFIED,False,False,False,OK,1,5161864,9847,9829,Paris Saint-Germain,Monaco,1,0.8,0.9,0,True,utc_time_competition_score_high_confidence_name,OK,True,True,True,ACCEPTED
202526-0240,LIVE_REFRESH_VERIFIED,False,False,False,OK,2,5161868,9885,8637,Juventus,Galatasaray,1,1,1,0.25,True,utc_time_competition_score_high_confidence_name,OK,True,True,True,ACCEPTED
202526-0242,LIVE_REFRESH_VERIFIED,False,False,False,OK,1,5161860,8633,9772,Real Madrid,Benfica,1,1,1,0,True,utc_time_competition_score_high_confidence_name,OK,True,True,True,ACCEPTED
202526-0509,LIVE_REFRESH_VERIFIED,False,False,False,OK,1,5161888,8222,210173,Ferencvaros,Ludogorets Razgrad,1,1,1,0,True,utc_time_competition_score_high_confidence_name,OK,True,True,True,ACCEPTED
202526-0511,LIVE_REFRESH_VERIFIED,False,False,False,OK,1,5161892,6033,10200,Viktoria Plzen,Panathinaikos,1,1,1,0,True,utc_time_competition_score_high_confidence_name,OK,True,True,True,ACCEPTED
202526-0517,LIVE_REFRESH_VERIFIED,False,False,False,OK,1,5161890,10269,9925,VfB Stuttgart,Celtic,1,1,1,0,True,utc_time_competition_score_high_confidence_name,OK,True,True,True,ACCEPTED
202526-0523,LIVE_REFRESH_VERIFIED,False,False,False,OK,1,5161895,8687,8639,FK Crvena Zvezda,Lille,1,0.7142857143,0.8571428571,0,True,utc_time_competition_score_high_confidence_name,OK,True,True,True,ACCEPTED
202526-0924,LIVE_REFRESH_VERIFIED,False,False,False,OK,1,5141730,8535,1957,Fiorentina,Jagiellonia Bialystok,1,1,1,0,True,utc_time_competition_score_high_confidence_name,OK,True,True,True,ACCEPTED
202526-0926,LIVE_REFRESH_VERIFIED,False,False,False,OK,2,5141727,9750,2234,Samsunspor,KF Shkendija,1,0.8571428571,0.9285714286,0.2269230769,True,utc_time_competition_score_high_confidence_name,OK,True,True,True,ACCEPTED
202526-0928,LIVE_REFRESH_VERIFIED,False,False,False,OK,1,5141729,4622,784771,NK Celje,Drita,1,1,1,0,True,utc_time_competition_score_high_confidence_name,OK,True,True,True,ACCEPTED
202526-0932,LIVE_REFRESH_VERIFIED,False,False,False,OK,1,5141731,10162,8044,Rijeka,Omonia Nicosia,1,1,1,0,True,utc_time_competition_score_high_confidence_name,OK,True,True,True,ACCEPTED
202526-0513,LIVE_REFRESH_VERIFIED,False,False,False,OK,1,5161889,9987,10156,Genk,Dinamo Zagreb,1,1,1,0,True,utc_time_competition_score_high_confidence_name,OK,True,True,True,ACCEPTED
202526-0515,LIVE_REFRESH_VERIFIED,False,False,False,OK,2,5161893,9910,8619,Celta Vigo,PAOK Thessaloniki,0.8695652174,1,0.9347826087,0.1909090909,True,utc_time_competition_score_high_confidence_name,OK,True,True,True,ACCEPTED
202526-0519,LIVE_REFRESH_VERIFIED,False,False,False,OK,1,5161894,10203,8695,Nottingham Forest,Fenerbahçe,1,1,1,0,True,utc_time_competition_score_high_confidence_name,OK,True,True,True,ACCEPTED
202526-0521,LIVE_REFRESH_VERIFIED,False,False,False,OK,2,5161891,9857,8468,Bologna,Brann,1,0.5882352941,0.7941176471,0.1277890467,True,separated_utc_time_competition_score_alias,OK,True,True,True,ACCEPTED
202526-0918,LIVE_REFRESH_VERIFIED,False,False,False,OK,1,5141726,2182,1693,Lech Poznan,KuPS,1,1,1,0,True,utc_time_competition_score_high_confidence_name,OK,True,True,True,ACCEPTED
202526-0920,LIVE_REFRESH_VERIFIED,False,False,False,OK,2,5141728,10229,866111,AZ Alkmaar,FC Noah,1,1,1,0.275,True,utc_time_competition_score_high_confidence_name,OK,True,True,True,ACCEPTED
202526-0922,LIVE_REFRESH_VERIFIED,False,False,False,OK,1,5141724,9826,10107,Crystal Palace,Zrinjski Mostar,1,1,1,0,True,utc_time_competition_score_high_confidence_name,OK,True,True,True,ACCEPTED
202526-0930,LIVE_REFRESH_VERIFIED,False,False,False,OK,1,5141725,7730,6461,Lausanne,Sigma Olomouc,0.6956521739,1,0.847826087,0,True,unique_utc_time_competition_score_alias,OK,True,True,True,ACCEPTED
202526-0255,LIVE_REFRESH_VERIFIED,False,False,False,OK,3,5205737,8637,8650,Galatasaray,Liverpool,1,1,1,0.2074074074,True,utc_time_competition_score_high_confidence_name,OK,True,True,True,ACCEPTED
202526-0259,LIVE_REFRESH_VERIFIED,False,False,False,OK,1,5205739,8524,9823,Atalanta,Bayern München,1,1,1,0,True,utc_time_competition_score_high_confidence_name,OK,True,True,True,ACCEPTED
202526-0261,LIVE_REFRESH_VERIFIED,False,False,False,OK,2,5205733,10261,8634,Newcastle United,Barcelona,1,1,1,0.46875,True,utc_time_competition_score_high_confidence_name,OK,True,True,True,ACCEPTED
202526-0263,LIVE_REFRESH_VERIFIED,False,False,False,OK,2,5205741,9906,8586,Atletico Madrid,Tottenham Hotspur,1,1,1,0.2598039216,True,utc_time_competition_score_high_confidence_name,OK,True,True,True,ACCEPTED
202526-0267,LIVE_REFRESH_VERIFIED,False,False,False,OK,2,5205743,8178,9825,Bayer Leverkusen,Arsenal,1,1,1,0.4375,True,utc_time_competition_score_high_confidence_name,OK,True,True,True,ACCEPTED
202526-0253,LIVE_REFRESH_VERIFIED,False,False,False,OK,2,5205729,9847,8455,Paris Saint-Germain,Chelsea,1,1,1,0.1715686275,True,utc_time_competition_score_high_confidence_name,OK,True,True,True,ACCEPTED
202526-0257,LIVE_REFRESH_VERIFIED,False,False,False,OK,2,5205731,8633,8456,Real Madrid,Manchester City,1,1,1,0.2153846154,True,utc_time_competition_score_high_confidence_name,OK,True,True,True,ACCEPTED
202526-0265,LIVE_REFRESH_VERIFIED,False,False,False,OK,2,5205735,8402,9768,Bodø/Glimt,Sporting CP,1,0.7586206897,0.8793103448,0.2515151515,True,utc_time_competition_score_high_confidence_name,OK,True,True,True,ACCEPTED
202526-0526,LIVE_REFRESH_VERIFIED,False,False,False,OK,2,5206094,10200,8603,Panathinaikos,Real Betis,1,1,1,0.2843137255,True,utc_time_competition_score_high_confidence_name,OK,True,True,True,ACCEPTED
202526-0532,LIVE_REFRESH_VERIFIED,False,False,False,OK,1,5206092,10269,9773,VfB Stuttgart,FC Porto,1,1,1,0,True,utc_time_competition_score_high_confidence_name,OK,True,True,True,ACCEPTED
202526-0536,LIVE_REFRESH_VERIFIED,False,False,False,OK,2,5206093,9857,8686,Bologna,Roma,1,0.7272727273,0.8636363636,0.1497326203,True,utc_time_competition_score_high_confidence_name,OK,True,True,True,ACCEPTED
202526-0538,LIVE_REFRESH_VERIFIED,False,False,False,OK,2,5206097,8639,10252,Lille,Aston Villa,0.7142857143,1,0.8571428571,0.2972027972,True,utc_time_competition_score_high_confidence_name,OK,True,True,True,ACCEPTED
202526-0933,LIVE_REFRESH_VERIFIED,False,False,False,OK,2,5206216,2182,9728,Lech Poznan,Shakhtar Donetsk,1,1,1,0.1952380952,True,utc_time_competition_score_high_confidence_name,OK,True,True,True,ACCEPTED
202526-0935,LIVE_REFRESH_VERIFIED,False,False,False,OK,2,5206220,10229,10247,AZ Alkmaar,Sparta Prague,1,0.8,0.9,0.1879310345,True,utc_time_competition_score_high_confidence_name,OK,True,True,True,ACCEPTED
202526-0941,LIVE_REFRESH_VERIFIED,False,False,False,OK,2,5206218,9750,8370,Samsunspor,Rayo Vallecano,1,1,1,0.1952380952,True,utc_time_competition_score_high_confidence_name,OK,True,True,True,ACCEPTED
202526-0947,LIVE_REFRESH_VERIFIED,False,False,False,OK,1,5206223,10162,9848,Rijeka,Strasbourg,1,0.8695652174,0.9347826087,0,True,utc_time_competition_score_high_confidence_name,OK,True,True,True,ACCEPTED
202526-0524,LIVE_REFRESH_VERIFIED,False,False,False,OK,1,5206090,8222,10264,Ferencvaros,Braga,1,0.5263157895,0.7631578947,0,True,unique_utc_time_competition_score_alias,OK,True,True,True,ACCEPTED
202526-0528,LIVE_REFRESH_VERIFIED,False,False,False,OK,2,5206091,9987,8358,Genk,Freiburg,1,1,1,0.2843137255,True,utc_time_competition_score_high_confidence_name,OK,True,True,True,ACCEPTED
202526-0530,LIVE_REFRESH_VERIFIED,False,False,False,OK,2,5206095,9910,9748,Celta Vigo,Lyon,0.8695652174,0.4444444444,0.6570048309,0.2111111111,True,separated_utc_time_competition_score_alias,OK,True,True,True,ACCEPTED
202526-0534,LIVE_REFRESH_VERIFIED,False,False,False,OK,2,5206096,10203,8113,Nottingham Forest,FC Midtjylland,1,1,1,0.2727272727,True,utc_time_competition_score_high_confidence_name,OK,True,True,True,ACCEPTED
202526-0937,LIVE_REFRESH_VERIFIED,False,False,False,OK,2,5206217,9826,7797,Crystal Palace,AEK Larnaca,1,1,1,0.1423001949,True,utc_time_competition_score_high_confidence_name,OK,True,True,True,ACCEPTED
202526-0939,LIVE_REFRESH_VERIFIED,False,False,False,OK,2,5206221,8535,4024,Fiorentina,Raków Częstochowa,1,1,1,0.15,True,utc_time_competition_score_high_confidence_name,OK,True,True,True,ACCEPTED
202526-0943,LIVE_REFRESH_VERIFIED,False,False,False,OK,1,5206222,4622,8563,NK Celje,AEK Athens,1,1,1,0,True,utc_time_competition_score_high_confidence_name,OK,True,True,True,ACCEPTED
202526-0945,LIVE_REFRESH_VERIFIED,False,False,False,OK,2,5206219,6461,9905,Sigma Olomouc,Mainz 05,1,0.8,0.9,0.3156199678,True,utc_time_competition_score_high_confidence_name,OK,True,True,True,ACCEPTED
202526-0266,LIVE_REFRESH_VERIFIED,False,False,False,OK,1,5205736,9768,8402,Sporting CP,Bodø/Glimt,0.7586206897,1,0.8793103448,0,True,utc_time_competition_score_high_confidence_name,OK,True,True,True,ACCEPTED
202526-0254,LIVE_REFRESH_VERIFIED,False,False,False,OK,1,5205730,8455,9847,Chelsea,Paris Saint-Germain,1,1,1,0,True,utc_time_competition_score_high_confidence_name,OK,True,True,True,ACCEPTED
202526-0258,LIVE_REFRESH_VERIFIED,False,False,False,OK,1,5205732,8456,8633,Manchester City,Real Madrid,1,1,1,0,True,utc_time_competition_score_high_confidence_name,OK,True,True,True,ACCEPTED
202526-0268,LIVE_REFRESH_VERIFIED,False,False,False,OK,1,5205744,9825,8178,Arsenal,Bayer Leverkusen,1,1,1,0,True,utc_time_competition_score_high_confidence_name,OK,True,True,True,ACCEPTED
202526-0525,LIVE_REFRESH_VERIFIED,False,False,False,OK,2,5206098,10264,8222,Braga,Ferencvaros,0.5263157895,1,0.7631578947,0.2916666667,True,separated_utc_time_competition_score_alias,OK,True,True,True,ACCEPTED
202526-0262,LIVE_REFRESH_VERIFIED,False,False,False,OK,1,5205734,8634,10261,Barcelona,Newcastle United,1,1,1,0,True,utc_time_competition_score_high_confidence_name,OK,True,True,True,ACCEPTED
202526-0256,LIVE_REFRESH_VERIFIED,False,False,False,OK,1,5205738,8650,8637,Liverpool,Galatasaray,1,1,1,0,True,utc_time_competition_score_high_confidence_name,OK,True,True,True,ACCEPTED
202526-0260,LIVE_REFRESH_VERIFIED,False,False,False,OK,1,5205740,9823,8524,Bayern München,Atalanta,1,1,1,0,True,utc_time_competition_score_high_confidence_name,OK,True,True,True,ACCEPTED
202526-0264,LIVE_REFRESH_VERIFIED,False,False,False,OK,1,5205742,8586,9906,Tottenham Hotspur,Atletico Madrid,1,1,1,0,True,utc_time_competition_score_high_confidence_name,OK,True,True,True,ACCEPTED
202526-0529,LIVE_REFRESH_VERIFIED,False,False,False,OK,1,5206099,8358,9987,Freiburg,Genk,1,1,1,0,True,utc_time_competition_score_high_confidence_name,OK,True,True,True,ACCEPTED
202526-0531,LIVE_REFRESH_VERIFIED,False,False,False,OK,1,5206103,9748,9910,Lyon,Celta Vigo,0.4444444444,0.8695652174,0.6570048309,0,True,unique_utc_time_competition_score_alias,OK,True,True,True,ACCEPTED
202526-0535,LIVE_REFRESH_VERIFIED,False,False,False,OK,1,5206104,8113,10203,FC Midtjylland,Nottingham Forest,1,1,1,0,True,utc_time_competition_score_high_confidence_name,OK,True,True,True,ACCEPTED
202526-0938,LIVE_REFRESH_VERIFIED,False,False,False,OK,3,5206225,7797,9826,AEK Larnaca,Crystal Palace,1,1,1,0.3451851852,True,utc_time_competition_score_high_confidence_name,OK,True,True,True,ACCEPTED
202526-0940,LIVE_REFRESH_VERIFIED,False,False,False,OK,3,5206229,4024,8535,Raków Częstochowa,Fiorentina,1,1,1,0.2943722944,True,utc_time_competition_score_high_confidence_name,OK,True,True,True,ACCEPTED
202526-0944,LIVE_REFRESH_VERIFIED,False,False,False,OK,1,5206230,8563,4622,AEK Athens,NK Celje,1,1,1,0,True,utc_time_competition_score_high_confidence_name,OK,True,True,True,ACCEPTED
202526-0946,LIVE_REFRESH_VERIFIED,False,False,False,OK,1,5206227,9905,6461,Mainz 05,Sigma Olomouc,0.8,1,0.9,0,True,utc_time_competition_score_high_confidence_name,OK,True,True,True,ACCEPTED
202526-0527,LIVE_REFRESH_VERIFIED,False,False,False,OK,2,5206102,8603,10200,Real Betis,Panathinaikos,1,1,1,0.2583333333,True,utc_time_competition_score_high_confidence_name,OK,True,True,True,ACCEPTED
202526-0533,LIVE_REFRESH_VERIFIED,False,False,False,OK,2,5206100,9773,10269,FC Porto,VfB Stuttgart,1,1,1,0.125,True,utc_time_competition_score_high_confidence_name,OK,True,True,True,ACCEPTED
202526-0537,LIVE_REFRESH_VERIFIED,False,False,False,OK,1,5206101,8686,9857,Roma,Bologna,0.7272727273,1,0.8636363636,0,True,utc_time_competition_score_high_confidence_name,OK,True,True,True,ACCEPTED
202526-0539,LIVE_REFRESH_VERIFIED,False,False,False,OK,2,5206105,10252,8639,Aston Villa,Lille,1,0.7142857143,0.8571428571,0.2159090909,True,utc_time_competition_score_high_confidence_name,OK,True,True,True,ACCEPTED
202526-0934,LIVE_REFRESH_VERIFIED,False,False,False,OK,3,5206224,9728,2182,Shakhtar Donetsk,Lech Poznan,1,1,1,0.3451851852,True,utc_time_competition_score_high_confidence_name,OK,True,True,True,ACCEPTED
202526-0936,LIVE_REFRESH_VERIFIED,False,False,False,OK,1,5206228,10247,10229,Sparta Prague,AZ Alkmaar,0.8,1,0.9,0,True,utc_time_competition_score_high_confidence_name,OK,True,True,True,ACCEPTED
202526-0942,LIVE_REFRESH_VERIFIED,False,False,False,OK,1,5206226,8370,9750,Rayo Vallecano,Samsunspor,1,1,1,0,True,utc_time_competition_score_high_confidence_name,OK,True,True,True,ACCEPTED
202526-0948,LIVE_REFRESH_VERIFIED,False,False,False,OK,1,5206231,9848,10162,Strasbourg,Rijeka,0.8695652174,1,0.9347826087,0,True,utc_time_competition_score_high_confidence_name,OK,True,True,True,ACCEPTED
202526-0271,LIVE_REFRESH_VERIFIED,False,False,False,OK,1,5205791,8633,9823,Real Madrid,Bayern München,1,1,1,0,True,utc_time_competition_score_high_confidence_name,OK,True,True,True,ACCEPTED
202526-0275,LIVE_REFRESH_VERIFIED,False,False,False,OK,2,5205795,9768,9825,Sporting CP,Arsenal,0.7586206897,1,0.8793103448,0.1297208539,True,utc_time_competition_score_high_confidence_name,OK,True,True,True,ACCEPTED
202526-0540,LIVE_REFRESH_VERIFIED,False,False,False,OK,2,5206165,10264,8603,Braga,Real Betis,0.5263157895,1,0.7631578947,0.3216374269,True,separated_utc_time_competition_score_alias,OK,True,True,True,ACCEPTED
202526-0269,LIVE_REFRESH_VERIFIED,False,False,False,OK,1,5205789,9847,8650,Paris Saint-Germain,Liverpool,1,1,1,0,True,utc_time_competition_score_high_confidence_name,OK,True,True,True,ACCEPTED
202526-0273,LIVE_REFRESH_VERIFIED,False,False,False,OK,1,5205793,8634,9906,Barcelona,Atletico Madrid,1,1,1,0,True,utc_time_competition_score_high_confidence_name,OK,True,True,True,ACCEPTED
202526-0953,LIVE_REFRESH_VERIFIED,False,False,False,OK,3,5206261,8370,8563,Rayo Vallecano,AEK Athens,1,1,1,0.3142857143,True,utc_time_competition_score_high_confidence_name,OK,True,True,True,ACCEPTED
202526-0542,LIVE_REFRESH_VERIFIED,False,False,False,OK,1,5206166,8358,9910,Freiburg,Celta Vigo,1,0.8695652174,0.9347826087,0,True,utc_time_competition_score_high_confidence_name,OK,True,True,True,ACCEPTED
202526-0544,LIVE_REFRESH_VERIFIED,False,False,False,OK,2,5206167,9773,10203,FC Porto,Nottingham Forest,1,1,1,0.2111111111,True,utc_time_competition_score_high_confidence_name,OK,True,True,True,ACCEPTED
202526-0546,LIVE_REFRESH_VERIFIED,False,False,False,OK,1,5206168,9857,10252,Bologna,Aston Villa,1,1,1,0,True,utc_time_competition_score_high_confidence_name,OK,True,True,True,ACCEPTED
202526-0949,LIVE_REFRESH_VERIFIED,False,False,False,OK,3,5206259,9728,10229,Shakhtar Donetsk,AZ Alkmaar,1,1,1,0.25,True,utc_time_competition_score_high_confidence_name,OK,True,True,True,ACCEPTED
202526-0951,LIVE_REFRESH_VERIFIED,False,False,False,OK,3,5206260,9826,8535,Crystal Palace,Fiorentina,1,1,1,0.2785714286,True,utc_time_competition_score_high_confidence_name,OK,True,True,True,ACCEPTED
202526-0955,LIVE_REFRESH_VERIFIED,False,False,False,OK,1,5206262,9905,9848,Mainz 05,Strasbourg,0.8,0.8695652174,0.8347826087,0,True,utc_time_competition_score_high_confidence_name,OK,True,True,True,ACCEPTED
202526-0270,LIVE_REFRESH_VERIFIED,False,False,False,OK,1,5205790,8650,9847,Liverpool,Paris Saint-Germain,1,1,1,0,True,utc_time_competition_score_high_confidence_name,OK,True,True,True,ACCEPTED
202526-0274,LIVE_REFRESH_VERIFIED,False,False,False,OK,1,5205794,9906,8634,Atletico Madrid,Barcelona,1,1,1,0,True,utc_time_competition_score_high_confidence_name,OK,True,True,True,ACCEPTED
202526-0272,LIVE_REFRESH_VERIFIED,False,False,False,OK,1,5205792,9823,8633,Bayern München,Real Madrid,1,1,1,0,True,utc_time_competition_score_high_confidence_name,OK,True,True,True,ACCEPTED
202526-0276,LIVE_REFRESH_VERIFIED,False,False,False,OK,1,5205796,9825,9768,Arsenal,Sporting CP,1,0.7586206897,0.8793103448,0,True,utc_time_competition_score_high_confidence_name,OK,True,True,True,ACCEPTED
202526-0543,LIVE_REFRESH_VERIFIED,False,False,False,OK,1,5206170,9910,8358,Celta Vigo,Freiburg,0.8695652174,1,0.9347826087,0,True,utc_time_competition_score_high_confidence_name,OK,True,True,True,ACCEPTED
202526-0950,LIVE_REFRESH_VERIFIED,False,False,False,OK,1,5206263,10229,9728,AZ Alkmaar,Shakhtar Donetsk,1,1,1,0,True,utc_time_competition_score_high_confidence_name,OK,True,True,True,ACCEPTED
202526-0541,LIVE_REFRESH_VERIFIED,False,False,False,OK,1,5206169,8603,10264,Real Betis,Braga,1,0.5263157895,0.7631578947,0,True,unique_utc_time_competition_score_alias,OK,True,True,True,ACCEPTED
202526-0545,LIVE_REFRESH_VERIFIED,False,False,False,OK,1,5206171,10203,9773,Nottingham Forest,FC Porto,1,1,1,0,True,utc_time_competition_score_high_confidence_name,OK,True,True,True,ACCEPTED
202526-0547,LIVE_REFRESH_VERIFIED,False,False,False,OK,1,5206172,10252,9857,Aston Villa,Bologna,1,1,1,0,True,utc_time_competition_score_high_confidence_name,OK,True,True,True,ACCEPTED
202526-0952,LIVE_REFRESH_VERIFIED,False,False,False,OK,1,5206264,8535,9826,Fiorentina,Crystal Palace,1,1,1,0,True,utc_time_competition_score_high_confidence_name,OK,True,True,True,ACCEPTED
202526-0954,LIVE_REFRESH_VERIFIED,False,False,False,OK,1,5206265,8563,8370,AEK Athens,Rayo Vallecano,1,1,1,0,True,utc_time_competition_score_high_confidence_name,OK,True,True,True,ACCEPTED
202526-0956,LIVE_REFRESH_VERIFIED,False,False,False,OK,1,5206266,9848,9905,Strasbourg,Mainz 05,0.8695652174,0.8,0.8347826087,0,True,utc_time_competition_score_high_confidence_name,OK,True,True,True,ACCEPTED
202526-0277,LIVE_REFRESH_VERIFIED,False,False,False,OK,1,5205811,9847,9823,Paris Saint-Germain,Bayern München,1,1,1,0,True,utc_time_competition_score_high_confidence_name,OK,True,True,True,ACCEPTED
202526-0279,LIVE_REFRESH_VERIFIED,False,False,False,OK,1,5205813,9906,9825,Atletico Madrid,Arsenal,1,1,1,0,True,utc_time_competition_score_high_confidence_name,OK,True,True,True,ACCEPTED
202526-0548,LIVE_REFRESH_VERIFIED,False,False,False,OK,1,5206173,10264,8358,Braga,Freiburg,0.5263157895,1,0.7631578947,0,True,unique_utc_time_competition_score_alias,OK,True,True,True,ACCEPTED
202526-0550,LIVE_REFRESH_VERIFIED,False,False,False,OK,1,5206174,10203,10252,Nottingham Forest,Aston Villa,1,1,1,0,True,utc_time_competition_score_high_confidence_name,OK,True,True,True,ACCEPTED
202526-0957,LIVE_REFRESH_VERIFIED,False,False,False,OK,1,5206267,9728,9826,Shakhtar Donetsk,Crystal Palace,1,1,1,0,True,utc_time_competition_score_high_confidence_name,OK,True,True,True,ACCEPTED
202526-0959,LIVE_REFRESH_VERIFIED,False,False,False,OK,1,5206268,8370,9848,Rayo Vallecano,Strasbourg,1,0.8695652174,0.9347826087,0,True,utc_time_competition_score_high_confidence_name,OK,True,True,True,ACCEPTED
202526-0280,LIVE_REFRESH_VERIFIED,False,False,False,OK,1,5205814,9825,9906,Arsenal,Atletico Madrid,1,1,1,0,True,utc_time_competition_score_high_confidence_name,OK,True,True,True,ACCEPTED
202526-0278,LIVE_REFRESH_VERIFIED,False,False,False,OK,1,5205812,9823,9847,Bayern München,Paris Saint-Germain,1,1,1,0,True,utc_time_competition_score_high_confidence_name,OK,True,True,True,ACCEPTED
202526-0549,LIVE_REFRESH_VERIFIED,False,False,False,OK,1,5206175,8358,10264,Freiburg,Braga,1,0.5263157895,0.7631578947,0,True,unique_utc_time_competition_score_alias,OK,True,True,True,ACCEPTED
202526-0551,LIVE_REFRESH_VERIFIED,False,False,False,OK,1,5206176,10252,10203,Aston Villa,Nottingham Forest,1,1,1,0,True,utc_time_competition_score_high_confidence_name,OK,True,True,True,ACCEPTED
202526-0958,LIVE_REFRESH_VERIFIED,False,False,False,OK,2,5206269,9826,9728,Crystal Palace,Shakhtar Donetsk,1,1,1,0.2985714286,True,utc_time_competition_score_high_confidence_name,OK,True,True,True,ACCEPTED
202526-0960,LIVE_REFRESH_VERIFIED,False,False,False,OK,1,5206270,9848,8370,Strasbourg,Rayo Vallecano,0.8695652174,1,0.9347826087,0,True,utc_time_competition_score_high_confidence_name,OK,True,True,True,ACCEPTED
202526-0552,LIVE_REFRESH_VERIFIED,False,False,False,OK,1,5206177,8358,10252,Freiburg,Aston Villa,1,1,1,0,True,utc_time_competition_score_high_confidence_name,OK,True,True,True,ACCEPTED
202526-0961,LIVE_REFRESH_VERIFIED,False,False,False,OK,1,5206271,9826,8370,Crystal Palace,Rayo Vallecano,1,1,1,0,True,utc_time_competition_score_high_confidence_name,OK,True,True,True,ACCEPTED
202526-0281,LIVE_REFRESH_VERIFIED,False,False,False,OK,1,5205834,9847,9825,Paris Saint-Germain,Arsenal,1,1,1,0,True,utc_time_competition_score_high_confidence_name,OK,True,True,True,ACCEPTED
